<?xml version="1.0"?>
<gpx version="1.1" creator="Generated by Swisstopo App. See https://www.swisstopo.ch/app for more information." xmlns="http://www.topografix.com/GPX/1/1" xmlns:xsi="http://www.w3.org/2001/XMLSchema-instance" xmlns:swisstopo="https://prod-static.swisstopo-app.ch/xmlschemas/SwisstopoExtensions" xsi:schemaLocation="http://www.topografix.com/GPX/1/1 http://www.topografix.com/GPX/1/1/gpx.xsd https://swisstopo-app.ch/xmlschemas/SwisstopoExtensions https://prod-static.swisstopo-app.ch/xmlschemas/SwisstopoExtensions.xsd">
	<metadata>
		<name>Niederschlag - Speer - Amden</name>
		<desc />
		<time>2026-05-30T07:28:55+02:00</time>
		<extensions>
			<swisstopo:tour_type>0</swisstopo:tour_type>
		</extensions>
	</metadata>
	<wpt lat="47.1617452685" lon="9.1463383696">
		<ele>1291.5</ele>
		<name>Startpunkt</name>
		<extensions>
			<swisstopo:waypoint_id>1</swisstopo:waypoint_id>
			<swisstopo:waypoint_routepoint_id>1462433704</swisstopo:waypoint_routepoint_id>
			<swisstopo:waypoint_meters_into_tour>0.000000</swisstopo:waypoint_meters_into_tour>
			<swisstopo:waypoint_is_controlpoint>1</swisstopo:waypoint_is_controlpoint>
		</extensions>
	</wpt>
	<wpt lat="47.1666949168" lon="9.1557581666">
		<ele>1338.0</ele>
		<name>Wegpunkt</name>
		<extensions>
			<swisstopo:waypoint_id>295969565</swisstopo:waypoint_id>
			<swisstopo:waypoint_routepoint_id>973049795</swisstopo:waypoint_routepoint_id>
			<swisstopo:waypoint_meters_into_tour>1007.869659</swisstopo:waypoint_meters_into_tour>
			<swisstopo:waypoint_is_controlpoint>1</swisstopo:waypoint_is_controlpoint>
		</extensions>
	</wpt>
	<wpt lat="47.1721799148" lon="9.1631700143">
		<ele>1415.1</ele>
		<name>Wegpunkt</name>
		<extensions>
			<swisstopo:waypoint_id>214309962</swisstopo:waypoint_id>
			<swisstopo:waypoint_routepoint_id>1372067569</swisstopo:waypoint_routepoint_id>
			<swisstopo:waypoint_meters_into_tour>2001.717199</swisstopo:waypoint_meters_into_tour>
			<swisstopo:waypoint_is_controlpoint>1</swisstopo:waypoint_is_controlpoint>
		</extensions>
	</wpt>
	<wpt lat="47.1759873123" lon="9.1527745718">
		<ele>1373.5</ele>
		<name>Wegpunkt</name>
		<extensions>
			<swisstopo:waypoint_id>314880353</swisstopo:waypoint_id>
			<swisstopo:waypoint_routepoint_id>1344953793</swisstopo:waypoint_routepoint_id>
			<swisstopo:waypoint_meters_into_tour>3178.688126</swisstopo:waypoint_meters_into_tour>
			<swisstopo:waypoint_is_controlpoint>1</swisstopo:waypoint_is_controlpoint>
		</extensions>
	</wpt>
	<wpt lat="47.1750385486" lon="9.1408027225">
		<ele>1439.0</ele>
		<name>Wegpunkt</name>
		<extensions>
			<swisstopo:waypoint_id>437974912</swisstopo:waypoint_id>
			<swisstopo:waypoint_routepoint_id>1559270786</swisstopo:waypoint_routepoint_id>
			<swisstopo:waypoint_meters_into_tour>4150.379233</swisstopo:waypoint_meters_into_tour>
			<swisstopo:waypoint_is_controlpoint>1</swisstopo:waypoint_is_controlpoint>
		</extensions>
	</wpt>
	<wpt lat="47.1779436728" lon="9.1291808722">
		<ele>1648.1</ele>
		<name>Wegpunkt</name>
		<extensions>
			<swisstopo:waypoint_id>1291107720</swisstopo:waypoint_id>
			<swisstopo:waypoint_routepoint_id>1357785306</swisstopo:waypoint_routepoint_id>
			<swisstopo:waypoint_meters_into_tour>5430.427619</swisstopo:waypoint_meters_into_tour>
			<swisstopo:waypoint_is_controlpoint>1</swisstopo:waypoint_is_controlpoint>
		</extensions>
	</wpt>
	<wpt lat="47.1835833409" lon="9.1237062960">
		<ele>1787.1</ele>
		<name>Wegpunkt</name>
		<extensions>
			<swisstopo:waypoint_id>1718515345</swisstopo:waypoint_id>
			<swisstopo:waypoint_routepoint_id>563650573</swisstopo:waypoint_routepoint_id>
			<swisstopo:waypoint_meters_into_tour>6413.349200</swisstopo:waypoint_meters_into_tour>
			<swisstopo:waypoint_is_controlpoint>1</swisstopo:waypoint_is_controlpoint>
		</extensions>
	</wpt>
	<wpt lat="47.1857604241" lon="9.1224999177">
		<ele>1935.0</ele>
		<name>Wegpunkt</name>
		<extensions>
			<swisstopo:waypoint_id>1603255760</swisstopo:waypoint_id>
			<swisstopo:waypoint_routepoint_id>1597558982</swisstopo:waypoint_routepoint_id>
			<swisstopo:waypoint_meters_into_tour>7138.896861</swisstopo:waypoint_meters_into_tour>
			<swisstopo:waypoint_is_controlpoint>1</swisstopo:waypoint_is_controlpoint>
		</extensions>
	</wpt>
	<wpt lat="47.1748335718" lon="9.1238581988">
		<ele>1523.4</ele>
		<name>Wegpunkt</name>
		<extensions>
			<swisstopo:waypoint_id>1839721643</swisstopo:waypoint_id>
			<swisstopo:waypoint_routepoint_id>1191583919</swisstopo:waypoint_routepoint_id>
			<swisstopo:waypoint_meters_into_tour>9281.170044</swisstopo:waypoint_meters_into_tour>
			<swisstopo:waypoint_is_controlpoint>1</swisstopo:waypoint_is_controlpoint>
		</extensions>
	</wpt>
	<wpt lat="47.1715955584" lon="9.1232181846">
		<ele>1455.7</ele>
		<name>Wegpunkt</name>
		<extensions>
			<swisstopo:waypoint_id>1710183392</swisstopo:waypoint_id>
			<swisstopo:waypoint_routepoint_id>302086365</swisstopo:waypoint_routepoint_id>
			<swisstopo:waypoint_meters_into_tour>9811.339702</swisstopo:waypoint_meters_into_tour>
			<swisstopo:waypoint_is_controlpoint>1</swisstopo:waypoint_is_controlpoint>
		</extensions>
	</wpt>
	<wpt lat="47.1686560093" lon="9.1206997078">
		<ele>1375.9</ele>
		<name>Wegpunkt</name>
		<extensions>
			<swisstopo:waypoint_id>1572930779</swisstopo:waypoint_id>
			<swisstopo:waypoint_routepoint_id>725357622</swisstopo:waypoint_routepoint_id>
			<swisstopo:waypoint_meters_into_tour>10550.655966</swisstopo:waypoint_meters_into_tour>
			<swisstopo:waypoint_is_controlpoint>1</swisstopo:waypoint_is_controlpoint>
		</extensions>
	</wpt>
	<wpt lat="47.1656861851" lon="9.1170899586">
		<ele>1273.1</ele>
		<name>Wegpunkt</name>
		<extensions>
			<swisstopo:waypoint_id>993086055</swisstopo:waypoint_id>
			<swisstopo:waypoint_routepoint_id>887133056</swisstopo:waypoint_routepoint_id>
			<swisstopo:waypoint_meters_into_tour>11269.129874</swisstopo:waypoint_meters_into_tour>
			<swisstopo:waypoint_is_controlpoint>1</swisstopo:waypoint_is_controlpoint>
		</extensions>
	</wpt>
	<wpt lat="47.1560151135" lon="9.1164121625">
		<ele>1213.1</ele>
		<name>Wegpunkt</name>
		<extensions>
			<swisstopo:waypoint_id>163580039</swisstopo:waypoint_id>
			<swisstopo:waypoint_routepoint_id>973247934</swisstopo:waypoint_routepoint_id>
			<swisstopo:waypoint_meters_into_tour>12507.541624</swisstopo:waypoint_meters_into_tour>
			<swisstopo:waypoint_is_controlpoint>1</swisstopo:waypoint_is_controlpoint>
		</extensions>
	</wpt>
	<wpt lat="47.1468004616" lon="9.1195696753">
		<ele>1131.2</ele>
		<name>Wegpunkt</name>
		<extensions>
			<swisstopo:waypoint_id>994043867</swisstopo:waypoint_id>
			<swisstopo:waypoint_routepoint_id>1178251041</swisstopo:waypoint_routepoint_id>
			<swisstopo:waypoint_meters_into_tour>13894.829969</swisstopo:waypoint_meters_into_tour>
			<swisstopo:waypoint_is_controlpoint>1</swisstopo:waypoint_is_controlpoint>
		</extensions>
	</wpt>
	<wpt lat="47.1522771696" lon="9.1378295682">
		<ele>946.9</ele>
		<name>Wegpunkt</name>
		<extensions>
			<swisstopo:waypoint_id>1997869033</swisstopo:waypoint_id>
			<swisstopo:waypoint_routepoint_id>768011449</swisstopo:waypoint_routepoint_id>
			<swisstopo:waypoint_meters_into_tour>15540.552893</swisstopo:waypoint_meters_into_tour>
			<swisstopo:waypoint_is_controlpoint>1</swisstopo:waypoint_is_controlpoint>
		</extensions>
	</wpt>
	<wpt lat="47.1492019368" lon="9.1419345819">
		<ele>910.7</ele>
		<name>Ziel</name>
		<extensions>
			<swisstopo:waypoint_id>569081731</swisstopo:waypoint_id>
			<swisstopo:waypoint_routepoint_id>1474473483</swisstopo:waypoint_routepoint_id>
			<swisstopo:waypoint_meters_into_tour>16078.859078</swisstopo:waypoint_meters_into_tour>
			<swisstopo:waypoint_is_controlpoint>1</swisstopo:waypoint_is_controlpoint>
			<swisstopo:waypoint_stage_before distance="16078.859078" duration="19081.175065" ascent="767.200000" descent="1148.000000" />
		</extensions>
	</wpt>
	<trk>
		<name>Swisstopo Route</name>
		<trkseg>
			<trkpt lat="47.1617452685" lon="9.1463383696">
				<ele>1291.5</ele>
				<extensions>
					<swisstopo:routepoint_id>1462433704</swisstopo:routepoint_id>
				</extensions>
			</trkpt>
			<trkpt lat="47.1617477034" lon="9.1463495264">
				<ele>1291.5</ele>
				<extensions>
					<swisstopo:routepoint_id>1343877429</swisstopo:routepoint_id>
				</extensions>
			</trkpt>
			<trkpt lat="47.1617661195" lon="9.1464187207">
				<ele>1291.7</ele>
				<extensions>
					<swisstopo:routepoint_id>520755622</swisstopo:routepoint_id>
				</extensions>
			</trkpt>
			<trkpt lat="47.1617862627" lon="9.1464679202">
				<ele>1292.0</ele>
				<extensions>
					<swisstopo:routepoint_id>1164300098</swisstopo:routepoint_id>
				</extensions>
			</trkpt>
			<trkpt lat="47.1618210696" lon="9.1464996475">
				<ele>1292.3</ele>
				<extensions>
					<swisstopo:routepoint_id>1928933030</swisstopo:routepoint_id>
				</extensions>
			</trkpt>
			<trkpt lat="47.1618730731" lon="9.1465371867">
				<ele>1292.6</ele>
				<extensions>
					<swisstopo:routepoint_id>33719113</swisstopo:routepoint_id>
				</extensions>
			</trkpt>
			<trkpt lat="47.1619393559" lon="9.1465825823">
				<ele>1292.9</ele>
				<extensions>
					<swisstopo:routepoint_id>1381741053</swisstopo:routepoint_id>
				</extensions>
			</trkpt>
			<trkpt lat="47.1619863296" lon="9.1466189193">
				<ele>1292.9</ele>
				<extensions>
					<swisstopo:routepoint_id>1465129365</swisstopo:routepoint_id>
				</extensions>
			</trkpt>
			<trkpt lat="47.1620318340" lon="9.1466573204">
				<ele>1292.6</ele>
				<extensions>
					<swisstopo:routepoint_id>549256253</swisstopo:routepoint_id>
				</extensions>
			</trkpt>
			<trkpt lat="47.1620643100" lon="9.1467005680">
				<ele>1292.4</ele>
				<extensions>
					<swisstopo:routepoint_id>1425725697</swisstopo:routepoint_id>
				</extensions>
			</trkpt>
			<trkpt lat="47.1620846190" lon="9.1467392212">
				<ele>1292.3</ele>
				<extensions>
					<swisstopo:routepoint_id>1976224657</swisstopo:routepoint_id>
				</extensions>
			</trkpt>
			<trkpt lat="47.1620947841" lon="9.1467817697">
				<ele>1292.3</ele>
				<extensions>
					<swisstopo:routepoint_id>1874677742</swisstopo:routepoint_id>
				</extensions>
			</trkpt>
			<trkpt lat="47.1621013362" lon="9.1468252590">
				<ele>1292.4</ele>
				<extensions>
					<swisstopo:routepoint_id>1305953326</swisstopo:routepoint_id>
				</extensions>
			</trkpt>
			<trkpt lat="47.1620954704" lon="9.1468810151">
				<ele>1292.6</ele>
				<extensions>
					<swisstopo:routepoint_id>1668284194</swisstopo:routepoint_id>
				</extensions>
			</trkpt>
			<trkpt lat="47.1620815342" lon="9.1469470669">
				<ele>1292.7</ele>
				<extensions>
					<swisstopo:routepoint_id>1442402790</swisstopo:routepoint_id>
				</extensions>
			</trkpt>
			<trkpt lat="47.1620576286" lon="9.1470398286">
				<ele>1293.0</ele>
				<extensions>
					<swisstopo:routepoint_id>1702663295</swisstopo:routepoint_id>
				</extensions>
			</trkpt>
			<trkpt lat="47.1620274027" lon="9.1471613711">
				<ele>1293.3</ele>
				<extensions>
					<swisstopo:routepoint_id>1934203762</swisstopo:routepoint_id>
				</extensions>
			</trkpt>
			<trkpt lat="47.1620001076" lon="9.1473412433">
				<ele>1293.5</ele>
				<extensions>
					<swisstopo:routepoint_id>962374817</swisstopo:routepoint_id>
				</extensions>
			</trkpt>
			<trkpt lat="47.1620070452" lon="9.1474375368">
				<ele>1293.5</ele>
				<extensions>
					<swisstopo:routepoint_id>80809903</swisstopo:routepoint_id>
				</extensions>
			</trkpt>
			<trkpt lat="47.1620307414" lon="9.1475249328">
				<ele>1293.3</ele>
				<extensions>
					<swisstopo:routepoint_id>1524210938</swisstopo:routepoint_id>
				</extensions>
			</trkpt>
			<trkpt lat="47.1621344217" lon="9.1477844154">
				<ele>1292.8</ele>
				<extensions>
					<swisstopo:routepoint_id>1681841136</swisstopo:routepoint_id>
				</extensions>
			</trkpt>
			<trkpt lat="47.1621990532" lon="9.1479942408">
				<ele>1293.2</ele>
				<extensions>
					<swisstopo:routepoint_id>920961295</swisstopo:routepoint_id>
				</extensions>
			</trkpt>
			<trkpt lat="47.1622515887" lon="9.1481843556">
				<ele>1293.7</ele>
				<extensions>
					<swisstopo:routepoint_id>64196927</swisstopo:routepoint_id>
				</extensions>
			</trkpt>
			<trkpt lat="47.1623277541" lon="9.1485564989">
				<ele>1295.4</ele>
				<extensions>
					<swisstopo:routepoint_id>1233781537</swisstopo:routepoint_id>
				</extensions>
			</trkpt>
			<trkpt lat="47.1623506707" lon="9.1486551107">
				<ele>1295.6</ele>
				<extensions>
					<swisstopo:routepoint_id>1513163273</swisstopo:routepoint_id>
				</extensions>
			</trkpt>
			<trkpt lat="47.1623906287" lon="9.1488402725">
				<ele>1295.8</ele>
				<extensions>
					<swisstopo:routepoint_id>1753265680</swisstopo:routepoint_id>
				</extensions>
			</trkpt>
			<trkpt lat="47.1624380428" lon="9.1490667396">
				<ele>1295.5</ele>
				<extensions>
					<swisstopo:routepoint_id>1916190756</swisstopo:routepoint_id>
				</extensions>
			</trkpt>
			<trkpt lat="47.1624682321" lon="9.1492166199">
				<ele>1295.2</ele>
				<extensions>
					<swisstopo:routepoint_id>1481643903</swisstopo:routepoint_id>
				</extensions>
			</trkpt>
			<trkpt lat="47.1624843811" lon="9.1492772085">
				<ele>1295.1</ele>
				<extensions>
					<swisstopo:routepoint_id>460965976</swisstopo:routepoint_id>
				</extensions>
			</trkpt>
			<trkpt lat="47.1625214502" lon="9.1494163350">
				<ele>1294.9</ele>
				<extensions>
					<swisstopo:routepoint_id>1457663736</swisstopo:routepoint_id>
				</extensions>
			</trkpt>
			<trkpt lat="47.1625692635" lon="9.1496158779">
				<ele>1295.0</ele>
				<extensions>
					<swisstopo:routepoint_id>725838328</swisstopo:routepoint_id>
				</extensions>
			</trkpt>
			<trkpt lat="47.1625982082" lon="9.1497768009">
				<ele>1295.4</ele>
				<extensions>
					<swisstopo:routepoint_id>1397370560</swisstopo:routepoint_id>
				</extensions>
			</trkpt>
			<trkpt lat="47.1626484808" lon="9.1500142030">
				<ele>1295.8</ele>
				<extensions>
					<swisstopo:routepoint_id>461855374</swisstopo:routepoint_id>
				</extensions>
			</trkpt>
			<trkpt lat="47.1627101363" lon="9.1503501000">
				<ele>1296.6</ele>
				<extensions>
					<swisstopo:routepoint_id>1452425089</swisstopo:routepoint_id>
				</extensions>
			</trkpt>
			<trkpt lat="47.1627785078" lon="9.1506245430">
				<ele>1297.6</ele>
				<extensions>
					<swisstopo:routepoint_id>1385147567</swisstopo:routepoint_id>
				</extensions>
			</trkpt>
			<trkpt lat="47.1628423059" lon="9.1508302190">
				<ele>1297.9</ele>
				<extensions>
					<swisstopo:routepoint_id>2018898481</swisstopo:routepoint_id>
				</extensions>
			</trkpt>
			<trkpt lat="47.1628819914" lon="9.1509675446">
				<ele>1298.5</ele>
				<extensions>
					<swisstopo:routepoint_id>1511932255</swisstopo:routepoint_id>
				</extensions>
			</trkpt>
			<trkpt lat="47.1629458407" lon="9.1511884460">
				<ele>1300.4</ele>
				<extensions>
					<swisstopo:routepoint_id>1449804331</swisstopo:routepoint_id>
				</extensions>
			</trkpt>
			<trkpt lat="47.1630139498" lon="9.1514011869">
				<ele>1301.8</ele>
				<extensions>
					<swisstopo:routepoint_id>2110515690</swisstopo:routepoint_id>
				</extensions>
			</trkpt>
			<trkpt lat="47.1632185499" lon="9.1518432514">
				<ele>1304.8</ele>
				<extensions>
					<swisstopo:routepoint_id>1914678734</swisstopo:routepoint_id>
				</extensions>
			</trkpt>
			<trkpt lat="47.1634170986" lon="9.1522740846">
				<ele>1307.5</ele>
				<extensions>
					<swisstopo:routepoint_id>503284660</swisstopo:routepoint_id>
				</extensions>
			</trkpt>
			<trkpt lat="47.1636119001" lon="9.1526416790">
				<ele>1310.5</ele>
				<extensions>
					<swisstopo:routepoint_id>2140741614</swisstopo:routepoint_id>
				</extensions>
			</trkpt>
			<trkpt lat="47.1636883347" lon="9.1527851454">
				<ele>1311.4</ele>
				<extensions>
					<swisstopo:routepoint_id>1622079976</swisstopo:routepoint_id>
				</extensions>
			</trkpt>
			<trkpt lat="47.1637920592" lon="9.1529798649">
				<ele>1311.9</ele>
				<extensions>
					<swisstopo:routepoint_id>339206502</swisstopo:routepoint_id>
				</extensions>
			</trkpt>
			<trkpt lat="47.1639307087" lon="9.1532531921">
				<ele>1312.3</ele>
				<extensions>
					<swisstopo:routepoint_id>341941182</swisstopo:routepoint_id>
				</extensions>
			</trkpt>
			<trkpt lat="47.1640283011" lon="9.1533696622">
				<ele>1312.2</ele>
				<extensions>
					<swisstopo:routepoint_id>1654427334</swisstopo:routepoint_id>
				</extensions>
			</trkpt>
			<trkpt lat="47.1640623991" lon="9.1536565788">
				<ele>1310.8</ele>
				<extensions>
					<swisstopo:routepoint_id>988423897</swisstopo:routepoint_id>
				</extensions>
			</trkpt>
			<trkpt lat="47.1641399842" lon="9.1536074331">
				<ele>1310.9</ele>
				<extensions>
					<swisstopo:routepoint_id>1721035620</swisstopo:routepoint_id>
				</extensions>
			</trkpt>
			<trkpt lat="47.1641821120" lon="9.1535915024">
				<ele>1311.0</ele>
				<extensions>
					<swisstopo:routepoint_id>1093585178</swisstopo:routepoint_id>
				</extensions>
			</trkpt>
			<trkpt lat="47.1642083948" lon="9.1535846799">
				<ele>1311.1</ele>
				<extensions>
					<swisstopo:routepoint_id>971396696</swisstopo:routepoint_id>
				</extensions>
			</trkpt>
			<trkpt lat="47.1642358486" lon="9.1535874729">
				<ele>1311.2</ele>
				<extensions>
					<swisstopo:routepoint_id>1922532894</swisstopo:routepoint_id>
				</extensions>
			</trkpt>
			<trkpt lat="47.1642709329" lon="9.1536058785">
				<ele>1311.4</ele>
				<extensions>
					<swisstopo:routepoint_id>1049004331</swisstopo:routepoint_id>
				</extensions>
			</trkpt>
			<trkpt lat="47.1643083675" lon="9.1536416273">
				<ele>1311.7</ele>
				<extensions>
					<swisstopo:routepoint_id>1588921768</swisstopo:routepoint_id>
				</extensions>
			</trkpt>
			<trkpt lat="47.1643533674" lon="9.1536968260">
				<ele>1311.9</ele>
				<extensions>
					<swisstopo:routepoint_id>270207018</swisstopo:routepoint_id>
				</extensions>
			</trkpt>
			<trkpt lat="47.1644367057" lon="9.1538146743">
				<ele>1312.5</ele>
				<extensions>
					<swisstopo:routepoint_id>397518405</swisstopo:routepoint_id>
				</extensions>
			</trkpt>
			<trkpt lat="47.1645482275" lon="9.1539756667">
				<ele>1313.8</ele>
				<extensions>
					<swisstopo:routepoint_id>1020036858</swisstopo:routepoint_id>
				</extensions>
			</trkpt>
			<trkpt lat="47.1646414325" lon="9.1541341465">
				<ele>1315.2</ele>
				<extensions>
					<swisstopo:routepoint_id>789698874</swisstopo:routepoint_id>
				</extensions>
			</trkpt>
			<trkpt lat="47.1647036350" lon="9.1542647610">
				<ele>1316.2</ele>
				<extensions>
					<swisstopo:routepoint_id>535927656</swisstopo:routepoint_id>
				</extensions>
			</trkpt>
			<trkpt lat="47.1647361765" lon="9.1543656139">
				<ele>1317.0</ele>
				<extensions>
					<swisstopo:routepoint_id>451965585</swisstopo:routepoint_id>
				</extensions>
			</trkpt>
			<trkpt lat="47.1647726955" lon="9.1544627820">
				<ele>1317.9</ele>
				<extensions>
					<swisstopo:routepoint_id>472148750</swisstopo:routepoint_id>
				</extensions>
			</trkpt>
			<trkpt lat="47.1648158281" lon="9.1545563100">
				<ele>1318.8</ele>
				<extensions>
					<swisstopo:routepoint_id>1476319284</swisstopo:routepoint_id>
				</extensions>
			</trkpt>
			<trkpt lat="47.1648621885" lon="9.1546077016">
				<ele>1319.5</ele>
				<extensions>
					<swisstopo:routepoint_id>1754157900</swisstopo:routepoint_id>
				</extensions>
			</trkpt>
			<trkpt lat="47.1649140974" lon="9.1546381643">
				<ele>1320.2</ele>
				<extensions>
					<swisstopo:routepoint_id>1530699159</swisstopo:routepoint_id>
				</extensions>
			</trkpt>
			<trkpt lat="47.1649951249" lon="9.1546484405">
				<ele>1321.2</ele>
				<extensions>
					<swisstopo:routepoint_id>189323138</swisstopo:routepoint_id>
				</extensions>
			</trkpt>
			<trkpt lat="47.1650673313" lon="9.1546354141">
				<ele>1322.0</ele>
				<extensions>
					<swisstopo:routepoint_id>1076372438</swisstopo:routepoint_id>
				</extensions>
			</trkpt>
			<trkpt lat="47.1651127017" lon="9.1546252862">
				<ele>1322.5</ele>
				<extensions>
					<swisstopo:routepoint_id>1298622757</swisstopo:routepoint_id>
				</extensions>
			</trkpt>
			<trkpt lat="47.1651500830" lon="9.1546169342">
				<ele>1322.8</ele>
				<extensions>
					<swisstopo:routepoint_id>1678250065</swisstopo:routepoint_id>
				</extensions>
			</trkpt>
			<trkpt lat="47.1652709166" lon="9.1545920247">
				<ele>1323.5</ele>
				<extensions>
					<swisstopo:routepoint_id>1999749945</swisstopo:routepoint_id>
				</extensions>
			</trkpt>
			<trkpt lat="47.1653405260" lon="9.1545769755">
				<ele>1324.3</ele>
				<extensions>
					<swisstopo:routepoint_id>545199321</swisstopo:routepoint_id>
				</extensions>
			</trkpt>
			<trkpt lat="47.1654621967" lon="9.1545828034">
				<ele>1325.5</ele>
				<extensions>
					<swisstopo:routepoint_id>2065869031</swisstopo:routepoint_id>
				</extensions>
			</trkpt>
			<trkpt lat="47.1656493650" lon="9.1545868798">
				<ele>1327.1</ele>
				<extensions>
					<swisstopo:routepoint_id>790527739</swisstopo:routepoint_id>
				</extensions>
			</trkpt>
			<trkpt lat="47.1658810779" lon="9.1545885588">
				<ele>1329.1</ele>
				<extensions>
					<swisstopo:routepoint_id>1769960969</swisstopo:routepoint_id>
				</extensions>
			</trkpt>
			<trkpt lat="47.1659477078" lon="9.1545983736">
				<ele>1329.7</ele>
				<extensions>
					<swisstopo:routepoint_id>548379978</swisstopo:routepoint_id>
				</extensions>
			</trkpt>
			<trkpt lat="47.1659983126" lon="9.1546287947">
				<ele>1330.1</ele>
				<extensions>
					<swisstopo:routepoint_id>1721903850</swisstopo:routepoint_id>
				</extensions>
			</trkpt>
			<trkpt lat="47.1660408666" lon="9.1546723877">
				<ele>1330.4</ele>
				<extensions>
					<swisstopo:routepoint_id>1864696303</swisstopo:routepoint_id>
				</extensions>
			</trkpt>
			<trkpt lat="47.1660689085" lon="9.1547232061">
				<ele>1330.8</ele>
				<extensions>
					<swisstopo:routepoint_id>1103687806</swisstopo:routepoint_id>
				</extensions>
			</trkpt>
			<trkpt lat="47.1661001454" lon="9.1548240331">
				<ele>1331.5</ele>
				<extensions>
					<swisstopo:routepoint_id>40697536</swisstopo:routepoint_id>
				</extensions>
			</trkpt>
			<trkpt lat="47.1661463313" lon="9.1549752457">
				<ele>1332.8</ele>
				<extensions>
					<swisstopo:routepoint_id>1492137486</swisstopo:routepoint_id>
				</extensions>
			</trkpt>
			<trkpt lat="47.1661816890" lon="9.1550627757">
				<ele>1333.5</ele>
				<extensions>
					<swisstopo:routepoint_id>110101479</swisstopo:routepoint_id>
				</extensions>
			</trkpt>
			<trkpt lat="47.1662263360" lon="9.1551409863">
				<ele>1334.3</ele>
				<extensions>
					<swisstopo:routepoint_id>1761359682</swisstopo:routepoint_id>
				</extensions>
			</trkpt>
			<trkpt lat="47.1662763577" lon="9.1552117053">
				<ele>1335.0</ele>
				<extensions>
					<swisstopo:routepoint_id>1592414028</swisstopo:routepoint_id>
				</extensions>
			</trkpt>
			<trkpt lat="47.1663471821" lon="9.1552907692">
				<ele>1335.8</ele>
				<extensions>
					<swisstopo:routepoint_id>2030154852</swisstopo:routepoint_id>
				</extensions>
			</trkpt>
			<trkpt lat="47.1664323182" lon="9.1553760447">
				<ele>1336.5</ele>
				<extensions>
					<swisstopo:routepoint_id>1281174582</swisstopo:routepoint_id>
				</extensions>
			</trkpt>
			<trkpt lat="47.1665174060" lon="9.1554651708">
				<ele>1337.1</ele>
				<extensions>
					<swisstopo:routepoint_id>279771695</swisstopo:routepoint_id>
				</extensions>
			</trkpt>
			<trkpt lat="47.1665790469" lon="9.1555458538">
				<ele>1337.4</ele>
				<extensions>
					<swisstopo:routepoint_id>1080466561</swisstopo:routepoint_id>
				</extensions>
			</trkpt>
			<trkpt lat="47.1666223981" lon="9.1556240508">
				<ele>1337.6</ele>
				<extensions>
					<swisstopo:routepoint_id>69956210</swisstopo:routepoint_id>
				</extensions>
			</trkpt>
			<trkpt lat="47.1666949168" lon="9.1557581666">
				<ele>1338.0</ele>
				<extensions>
					<swisstopo:routepoint_id>973049795</swisstopo:routepoint_id>
				</extensions>
			</trkpt>
			<trkpt lat="47.1667892959" lon="9.1559327118">
				<ele>1338.5</ele>
				<extensions>
					<swisstopo:routepoint_id>903797518</swisstopo:routepoint_id>
				</extensions>
			</trkpt>
			<trkpt lat="47.1669608427" lon="9.1562818659">
				<ele>1339.3</ele>
				<extensions>
					<swisstopo:routepoint_id>992723523</swisstopo:routepoint_id>
				</extensions>
			</trkpt>
			<trkpt lat="47.1670459451" lon="9.1564573791">
				<ele>1340.3</ele>
				<extensions>
					<swisstopo:routepoint_id>1259263644</swisstopo:routepoint_id>
				</extensions>
			</trkpt>
			<trkpt lat="47.1670748696" lon="9.1565370138">
				<ele>1340.9</ele>
				<extensions>
					<swisstopo:routepoint_id>599075540</swisstopo:routepoint_id>
				</extensions>
			</trkpt>
			<trkpt lat="47.1670932410" lon="9.1566220745">
				<ele>1341.5</ele>
				<extensions>
					<swisstopo:routepoint_id>817528378</swisstopo:routepoint_id>
				</extensions>
			</trkpt>
			<trkpt lat="47.1671035231" lon="9.1567222321">
				<ele>1342.2</ele>
				<extensions>
					<swisstopo:routepoint_id>351297083</swisstopo:routepoint_id>
				</extensions>
			</trkpt>
			<trkpt lat="47.1671017472" lon="9.1568412099">
				<ele>1343.2</ele>
				<extensions>
					<swisstopo:routepoint_id>596082734</swisstopo:routepoint_id>
				</extensions>
			</trkpt>
			<trkpt lat="47.1670924885" lon="9.1570232852">
				<ele>1344.7</ele>
				<extensions>
					<swisstopo:routepoint_id>2147263567</swisstopo:routepoint_id>
				</extensions>
			</trkpt>
			<trkpt lat="47.1670966622" lon="9.1570944598">
				<ele>1345.3</ele>
				<extensions>
					<swisstopo:routepoint_id>879207161</swisstopo:routepoint_id>
				</extensions>
			</trkpt>
			<trkpt lat="47.1671152051" lon="9.1571679833">
				<ele>1345.9</ele>
				<extensions>
					<swisstopo:routepoint_id>1338092935</swisstopo:routepoint_id>
				</extensions>
			</trkpt>
			<trkpt lat="47.1671518937" lon="9.1572536460">
				<ele>1346.6</ele>
				<extensions>
					<swisstopo:routepoint_id>1003993402</swisstopo:routepoint_id>
				</extensions>
			</trkpt>
			<trkpt lat="47.1672043124" lon="9.1573378881">
				<ele>1347.3</ele>
				<extensions>
					<swisstopo:routepoint_id>2109211433</swisstopo:routepoint_id>
				</extensions>
			</trkpt>
			<trkpt lat="47.1672516498" lon="9.1574123635">
				<ele>1348.1</ele>
				<extensions>
					<swisstopo:routepoint_id>1150339561</swisstopo:routepoint_id>
				</extensions>
			</trkpt>
			<trkpt lat="47.1672742278" lon="9.1574783520">
				<ele>1348.6</ele>
				<extensions>
					<swisstopo:routepoint_id>735275257</swisstopo:routepoint_id>
				</extensions>
			</trkpt>
			<trkpt lat="47.1672860515" lon="9.1575632029">
				<ele>1349.3</ele>
				<extensions>
					<swisstopo:routepoint_id>144555202</swisstopo:routepoint_id>
				</extensions>
			</trkpt>
			<trkpt lat="47.1672794709" lon="9.1576532282">
				<ele>1349.9</ele>
				<extensions>
					<swisstopo:routepoint_id>1763661649</swisstopo:routepoint_id>
				</extensions>
			</trkpt>
			<trkpt lat="47.1672611959" lon="9.1577370991">
				<ele>1350.6</ele>
				<extensions>
					<swisstopo:routepoint_id>1471285201</swisstopo:routepoint_id>
				</extensions>
			</trkpt>
			<trkpt lat="47.1672615342" lon="9.1578023863">
				<ele>1351.2</ele>
				<extensions>
					<swisstopo:routepoint_id>2074101615</swisstopo:routepoint_id>
				</extensions>
			</trkpt>
			<trkpt lat="47.1672776224" lon="9.1578643410">
				<ele>1351.7</ele>
				<extensions>
					<swisstopo:routepoint_id>1746271531</swisstopo:routepoint_id>
				</extensions>
			</trkpt>
			<trkpt lat="47.1673161774" lon="9.1579135743">
				<ele>1352.2</ele>
				<extensions>
					<swisstopo:routepoint_id>938725599</swisstopo:routepoint_id>
				</extensions>
			</trkpt>
			<trkpt lat="47.1673292708" lon="9.1579170024">
				<ele>1352.3</ele>
				<extensions>
					<swisstopo:routepoint_id>981226016</swisstopo:routepoint_id>
				</extensions>
			</trkpt>
			<trkpt lat="47.1673579045" lon="9.1579245057">
				<ele>1352.7</ele>
				<extensions>
					<swisstopo:routepoint_id>1891612372</swisstopo:routepoint_id>
				</extensions>
			</trkpt>
			<trkpt lat="47.1673974444" lon="9.1579065811">
				<ele>1353.1</ele>
				<extensions>
					<swisstopo:routepoint_id>344589012</swisstopo:routepoint_id>
				</extensions>
			</trkpt>
			<trkpt lat="47.1674309143" lon="9.1578577360">
				<ele>1353.6</ele>
				<extensions>
					<swisstopo:routepoint_id>316003549</swisstopo:routepoint_id>
				</extensions>
			</trkpt>
			<trkpt lat="47.1674513962" lon="9.1578008089">
				<ele>1354.1</ele>
				<extensions>
					<swisstopo:routepoint_id>1269956326</swisstopo:routepoint_id>
				</extensions>
			</trkpt>
			<trkpt lat="47.1674616202" lon="9.1577300956">
				<ele>1354.6</ele>
				<extensions>
					<swisstopo:routepoint_id>1387947720</swisstopo:routepoint_id>
				</extensions>
			</trkpt>
			<trkpt lat="47.1674684013" lon="9.1576266599">
				<ele>1355.3</ele>
				<extensions>
					<swisstopo:routepoint_id>316960040</swisstopo:routepoint_id>
				</extensions>
			</trkpt>
			<trkpt lat="47.1674797571" lon="9.1575675133">
				<ele>1355.9</ele>
				<extensions>
					<swisstopo:routepoint_id>206883619</swisstopo:routepoint_id>
				</extensions>
			</trkpt>
			<trkpt lat="47.1675013892" lon="9.1575221263">
				<ele>1356.4</ele>
				<extensions>
					<swisstopo:routepoint_id>1744371609</swisstopo:routepoint_id>
				</extensions>
			</trkpt>
			<trkpt lat="47.1675373807" lon="9.1574791272">
				<ele>1357.0</ele>
				<extensions>
					<swisstopo:routepoint_id>571505399</swisstopo:routepoint_id>
				</extensions>
			</trkpt>
			<trkpt lat="47.1675738478" lon="9.1574609191">
				<ele>1357.4</ele>
				<extensions>
					<swisstopo:routepoint_id>194632540</swisstopo:routepoint_id>
				</extensions>
			</trkpt>
			<trkpt lat="47.1676204767" lon="9.1574376278">
				<ele>1358.0</ele>
				<extensions>
					<swisstopo:routepoint_id>311650339</swisstopo:routepoint_id>
				</extensions>
			</trkpt>
			<trkpt lat="47.1676782380" lon="9.1574279800">
				<ele>1358.6</ele>
				<extensions>
					<swisstopo:routepoint_id>982977530</swisstopo:routepoint_id>
				</extensions>
			</trkpt>
			<trkpt lat="47.1677266551" lon="9.1574295355">
				<ele>1359.1</ele>
				<extensions>
					<swisstopo:routepoint_id>1087280379</swisstopo:routepoint_id>
				</extensions>
			</trkpt>
			<trkpt lat="47.1677669634" lon="9.1574481124">
				<ele>1359.6</ele>
				<extensions>
					<swisstopo:routepoint_id>845795296</swisstopo:routepoint_id>
				</extensions>
			</trkpt>
			<trkpt lat="47.1677976786" lon="9.1574951679">
				<ele>1360.2</ele>
				<extensions>
					<swisstopo:routepoint_id>545258435</swisstopo:routepoint_id>
				</extensions>
			</trkpt>
			<trkpt lat="47.1678085708" lon="9.1575550295">
				<ele>1360.8</ele>
				<extensions>
					<swisstopo:routepoint_id>492725781</swisstopo:routepoint_id>
				</extensions>
			</trkpt>
			<trkpt lat="47.1678063410" lon="9.1576163956">
				<ele>1361.4</ele>
				<extensions>
					<swisstopo:routepoint_id>1261789358</swisstopo:routepoint_id>
				</extensions>
			</trkpt>
			<trkpt lat="47.1677907489" lon="9.1576965277">
				<ele>1362.0</ele>
				<extensions>
					<swisstopo:routepoint_id>1147094811</swisstopo:routepoint_id>
				</extensions>
			</trkpt>
			<trkpt lat="47.1677252694" lon="9.1578729594">
				<ele>1363.5</ele>
				<extensions>
					<swisstopo:routepoint_id>1067740849</swisstopo:routepoint_id>
				</extensions>
			</trkpt>
			<trkpt lat="47.1677203062" lon="9.1578926155">
				<ele>1363.7</ele>
				<extensions>
					<swisstopo:routepoint_id>234399521</swisstopo:routepoint_id>
				</extensions>
			</trkpt>
			<trkpt lat="47.1676974290" lon="9.1579834103">
				<ele>1364.5</ele>
				<extensions>
					<swisstopo:routepoint_id>860566238</swisstopo:routepoint_id>
				</extensions>
			</trkpt>
			<trkpt lat="47.1676786468" lon="9.1581018300">
				<ele>1365.5</ele>
				<extensions>
					<swisstopo:routepoint_id>1807658221</swisstopo:routepoint_id>
				</extensions>
			</trkpt>
			<trkpt lat="47.1676715978" lon="9.1582225662">
				<ele>1366.7</ele>
				<extensions>
					<swisstopo:routepoint_id>1579000600</swisstopo:routepoint_id>
				</extensions>
			</trkpt>
			<trkpt lat="47.1676841609" lon="9.1583458193">
				<ele>1367.9</ele>
				<extensions>
					<swisstopo:routepoint_id>1531966469</swisstopo:routepoint_id>
				</extensions>
			</trkpt>
			<trkpt lat="47.1677214102" lon="9.1585697341">
				<ele>1369.8</ele>
				<extensions>
					<swisstopo:routepoint_id>1417990004</swisstopo:routepoint_id>
				</extensions>
			</trkpt>
			<trkpt lat="47.1677705879" lon="9.1588708002">
				<ele>1372.4</ele>
				<extensions>
					<swisstopo:routepoint_id>1859056201</swisstopo:routepoint_id>
				</extensions>
			</trkpt>
			<trkpt lat="47.1677974523" lon="9.1590002917">
				<ele>1373.6</ele>
				<extensions>
					<swisstopo:routepoint_id>1704604683</swisstopo:routepoint_id>
				</extensions>
			</trkpt>
			<trkpt lat="47.1678339966" lon="9.1590955301">
				<ele>1374.4</ele>
				<extensions>
					<swisstopo:routepoint_id>135413208</swisstopo:routepoint_id>
				</extensions>
			</trkpt>
			<trkpt lat="47.1678839404" lon="9.1591700910">
				<ele>1375.2</ele>
				<extensions>
					<swisstopo:routepoint_id>1071513850</swisstopo:routepoint_id>
				</extensions>
			</trkpt>
			<trkpt lat="47.1679353563" lon="9.1592112039">
				<ele>1375.9</ele>
				<extensions>
					<swisstopo:routepoint_id>1817381533</swisstopo:routepoint_id>
				</extensions>
			</trkpt>
			<trkpt lat="47.1679934742" lon="9.1592403020">
				<ele>1376.6</ele>
				<extensions>
					<swisstopo:routepoint_id>868326814</swisstopo:routepoint_id>
				</extensions>
			</trkpt>
			<trkpt lat="47.1680871058" lon="9.1592831019">
				<ele>1378.0</ele>
				<extensions>
					<swisstopo:routepoint_id>1545851460</swisstopo:routepoint_id>
				</extensions>
			</trkpt>
			<trkpt lat="47.1681394911" lon="9.1593141142">
				<ele>1378.8</ele>
				<extensions>
					<swisstopo:routepoint_id>1635205217</swisstopo:routepoint_id>
				</extensions>
			</trkpt>
			<trkpt lat="47.1681915861" lon="9.1593639563">
				<ele>1379.7</ele>
				<extensions>
					<swisstopo:routepoint_id>1319099714</swisstopo:routepoint_id>
				</extensions>
			</trkpt>
			<trkpt lat="47.1682389708" lon="9.1594429744">
				<ele>1380.7</ele>
				<extensions>
					<swisstopo:routepoint_id>227898045</swisstopo:routepoint_id>
				</extensions>
			</trkpt>
			<trkpt lat="47.1682911187" lon="9.1595849694">
				<ele>1382.2</ele>
				<extensions>
					<swisstopo:routepoint_id>932374372</swisstopo:routepoint_id>
				</extensions>
			</trkpt>
			<trkpt lat="47.1683715353" lon="9.1598430600">
				<ele>1384.7</ele>
				<extensions>
					<swisstopo:routepoint_id>1745181414</swisstopo:routepoint_id>
				</extensions>
			</trkpt>
			<trkpt lat="47.1684534349" lon="9.1600970169">
				<ele>1386.7</ele>
				<extensions>
					<swisstopo:routepoint_id>2142604330</swisstopo:routepoint_id>
				</extensions>
			</trkpt>
			<trkpt lat="47.1685175244" lon="9.1603001370">
				<ele>1388.4</ele>
				<extensions>
					<swisstopo:routepoint_id>790021212</swisstopo:routepoint_id>
				</extensions>
			</trkpt>
			<trkpt lat="47.1685687507" lon="9.1604086073">
				<ele>1389.7</ele>
				<extensions>
					<swisstopo:routepoint_id>62528085</swisstopo:routepoint_id>
				</extensions>
			</trkpt>
			<trkpt lat="47.1686398968" lon="9.1605218884">
				<ele>1391.1</ele>
				<extensions>
					<swisstopo:routepoint_id>1077259306</swisstopo:routepoint_id>
				</extensions>
			</trkpt>
			<trkpt lat="47.1687399074" lon="9.1606151748">
				<ele>1392.3</ele>
				<extensions>
					<swisstopo:routepoint_id>398460836</swisstopo:routepoint_id>
				</extensions>
			</trkpt>
			<trkpt lat="47.1688190132" lon="9.1606859147">
				<ele>1393.4</ele>
				<extensions>
					<swisstopo:routepoint_id>1375118550</swisstopo:routepoint_id>
				</extensions>
			</trkpt>
			<trkpt lat="47.1689290409" lon="9.1607789696">
				<ele>1394.8</ele>
				<extensions>
					<swisstopo:routepoint_id>932825950</swisstopo:routepoint_id>
				</extensions>
			</trkpt>
			<trkpt lat="47.1690050392" lon="9.1608415222">
				<ele>1395.7</ele>
				<extensions>
					<swisstopo:routepoint_id>1075138944</swisstopo:routepoint_id>
				</extensions>
			</trkpt>
			<trkpt lat="47.1690838885" lon="9.1609173605">
				<ele>1396.6</ele>
				<extensions>
					<swisstopo:routepoint_id>952868489</swisstopo:routepoint_id>
				</extensions>
			</trkpt>
			<trkpt lat="47.1691484036" lon="9.1609969330">
				<ele>1397.4</ele>
				<extensions>
					<swisstopo:routepoint_id>1136087938</swisstopo:routepoint_id>
				</extensions>
			</trkpt>
			<trkpt lat="47.1692053311" lon="9.1611055752">
				<ele>1398.3</ele>
				<extensions>
					<swisstopo:routepoint_id>1534112260</swisstopo:routepoint_id>
				</extensions>
			</trkpt>
			<trkpt lat="47.1692647825" lon="9.1612373349">
				<ele>1399.4</ele>
				<extensions>
					<swisstopo:routepoint_id>277103508</swisstopo:routepoint_id>
				</extensions>
			</trkpt>
			<trkpt lat="47.1693146724" lon="9.1613394717">
				<ele>1400.3</ele>
				<extensions>
					<swisstopo:routepoint_id>212503267</swisstopo:routepoint_id>
				</extensions>
			</trkpt>
			<trkpt lat="47.1693663590" lon="9.1614165335">
				<ele>1401.1</ele>
				<extensions>
					<swisstopo:routepoint_id>1978835708</swisstopo:routepoint_id>
				</extensions>
			</trkpt>
			<trkpt lat="47.1694311557" lon="9.1614772630">
				<ele>1401.9</ele>
				<extensions>
					<swisstopo:routepoint_id>1267116480</swisstopo:routepoint_id>
				</extensions>
			</trkpt>
			<trkpt lat="47.1695441416" lon="9.1615625928">
				<ele>1403.2</ele>
				<extensions>
					<swisstopo:routepoint_id>1396252807</swisstopo:routepoint_id>
				</extensions>
			</trkpt>
			<trkpt lat="47.1697167242" lon="9.1616749618">
				<ele>1405.4</ele>
				<extensions>
					<swisstopo:routepoint_id>770427510</swisstopo:routepoint_id>
				</extensions>
			</trkpt>
			<trkpt lat="47.1698256713" lon="9.1617433940">
				<ele>1406.8</ele>
				<extensions>
					<swisstopo:routepoint_id>2064476927</swisstopo:routepoint_id>
				</extensions>
			</trkpt>
			<trkpt lat="47.1699094363" lon="9.1617775042">
				<ele>1407.8</ele>
				<extensions>
					<swisstopo:routepoint_id>523098414</swisstopo:routepoint_id>
				</extensions>
			</trkpt>
			<trkpt lat="47.1699649537" lon="9.1617897678">
				<ele>1408.4</ele>
				<extensions>
					<swisstopo:routepoint_id>646818904</swisstopo:routepoint_id>
				</extensions>
			</trkpt>
			<trkpt lat="47.1700818869" lon="9.1618019116">
				<ele>1409.8</ele>
				<extensions>
					<swisstopo:routepoint_id>323304602</swisstopo:routepoint_id>
				</extensions>
			</trkpt>
			<trkpt lat="47.1702260139" lon="9.1618107488">
				<ele>1411.4</ele>
				<extensions>
					<swisstopo:routepoint_id>1779260611</swisstopo:routepoint_id>
				</extensions>
			</trkpt>
			<trkpt lat="47.1703157310" lon="9.1618282954">
				<ele>1412.5</ele>
				<extensions>
					<swisstopo:routepoint_id>2039110091</swisstopo:routepoint_id>
				</extensions>
			</trkpt>
			<trkpt lat="47.1703896841" lon="9.1618495308">
				<ele>1413.4</ele>
				<extensions>
					<swisstopo:routepoint_id>1908285827</swisstopo:routepoint_id>
				</extensions>
			</trkpt>
			<trkpt lat="47.1704534896" lon="9.1618809009">
				<ele>1414.3</ele>
				<extensions>
					<swisstopo:routepoint_id>690599745</swisstopo:routepoint_id>
				</extensions>
			</trkpt>
			<trkpt lat="47.1705650766" lon="9.1619640905">
				<ele>1415.7</ele>
				<extensions>
					<swisstopo:routepoint_id>821622565</swisstopo:routepoint_id>
				</extensions>
			</trkpt>
			<trkpt lat="47.1706618904" lon="9.1620436641">
				<ele>1417.0</ele>
				<extensions>
					<swisstopo:routepoint_id>1167129009</swisstopo:routepoint_id>
				</extensions>
			</trkpt>
			<trkpt lat="47.1707405677" lon="9.1621784089">
				<ele>1417.6</ele>
				<extensions>
					<swisstopo:routepoint_id>2135414639</swisstopo:routepoint_id>
				</extensions>
			</trkpt>
			<trkpt lat="47.1708373101" lon="9.1622988147">
				<ele>1417.8</ele>
				<extensions>
					<swisstopo:routepoint_id>2143010868</swisstopo:routepoint_id>
				</extensions>
			</trkpt>
			<trkpt lat="47.1709150398" lon="9.1624067604">
				<ele>1418.0</ele>
				<extensions>
					<swisstopo:routepoint_id>655092770</swisstopo:routepoint_id>
				</extensions>
			</trkpt>
			<trkpt lat="47.1709716322" lon="9.1624853567">
				<ele>1418.1</ele>
				<extensions>
					<swisstopo:routepoint_id>2093474574</swisstopo:routepoint_id>
				</extensions>
			</trkpt>
			<trkpt lat="47.1710559715" lon="9.1625760474">
				<ele>1418.1</ele>
				<extensions>
					<swisstopo:routepoint_id>1489065295</swisstopo:routepoint_id>
				</extensions>
			</trkpt>
			<trkpt lat="47.1711926329" lon="9.1627019236">
				<ele>1417.4</ele>
				<extensions>
					<swisstopo:routepoint_id>1607730607</swisstopo:routepoint_id>
				</extensions>
			</trkpt>
			<trkpt lat="47.1713028606" lon="9.1627808760">
				<ele>1417.1</ele>
				<extensions>
					<swisstopo:routepoint_id>2061715736</swisstopo:routepoint_id>
				</extensions>
			</trkpt>
			<trkpt lat="47.1713821479" lon="9.1628274181">
				<ele>1416.9</ele>
				<extensions>
					<swisstopo:routepoint_id>1403966475</swisstopo:routepoint_id>
				</extensions>
			</trkpt>
			<trkpt lat="47.1714545460" lon="9.1628569829">
				<ele>1416.8</ele>
				<extensions>
					<swisstopo:routepoint_id>23082705</swisstopo:routepoint_id>
				</extensions>
			</trkpt>
			<trkpt lat="47.1715525784" lon="9.1628827824">
				<ele>1416.6</ele>
				<extensions>
					<swisstopo:routepoint_id>1979079984</swisstopo:routepoint_id>
				</extensions>
			</trkpt>
			<trkpt lat="47.1715996539" lon="9.1628951707">
				<ele>1416.5</ele>
				<extensions>
					<swisstopo:routepoint_id>1449959899</swisstopo:routepoint_id>
				</extensions>
			</trkpt>
			<trkpt lat="47.1717821840" lon="9.1629620473">
				<ele>1416.2</ele>
				<extensions>
					<swisstopo:routepoint_id>1961148865</swisstopo:routepoint_id>
				</extensions>
			</trkpt>
			<trkpt lat="47.1719086468" lon="9.1630059287">
				<ele>1416.3</ele>
				<extensions>
					<swisstopo:routepoint_id>1936007966</swisstopo:routepoint_id>
				</extensions>
			</trkpt>
			<trkpt lat="47.1720135314" lon="9.1630595771">
				<ele>1416.0</ele>
				<extensions>
					<swisstopo:routepoint_id>868972738</swisstopo:routepoint_id>
				</extensions>
			</trkpt>
			<trkpt lat="47.1721281031" lon="9.1631344767">
				<ele>1415.4</ele>
				<extensions>
					<swisstopo:routepoint_id>738325072</swisstopo:routepoint_id>
				</extensions>
			</trkpt>
			<trkpt lat="47.1721799148" lon="9.1631700143">
				<ele>1415.1</ele>
				<extensions>
					<swisstopo:routepoint_id>1372067569</swisstopo:routepoint_id>
				</extensions>
			</trkpt>
			<trkpt lat="47.1722242391" lon="9.1632004162">
				<ele>1414.8</ele>
				<extensions>
					<swisstopo:routepoint_id>646997190</swisstopo:routepoint_id>
				</extensions>
			</trkpt>
			<trkpt lat="47.1723354492" lon="9.1633087200">
				<ele>1414.0</ele>
				<extensions>
					<swisstopo:routepoint_id>1601036300</swisstopo:routepoint_id>
				</extensions>
			</trkpt>
			<trkpt lat="47.1724789982" lon="9.1634515922">
				<ele>1413.5</ele>
				<extensions>
					<swisstopo:routepoint_id>302917670</swisstopo:routepoint_id>
				</extensions>
			</trkpt>
			<trkpt lat="47.1725426937" lon="9.1634572479">
				<ele>1413.0</ele>
				<extensions>
					<swisstopo:routepoint_id>2046560867</swisstopo:routepoint_id>
				</extensions>
			</trkpt>
			<trkpt lat="47.1726028678" lon="9.1634445292">
				<ele>1412.3</ele>
				<extensions>
					<swisstopo:routepoint_id>1406009944</swisstopo:routepoint_id>
				</extensions>
			</trkpt>
			<trkpt lat="47.1726648474" lon="9.1634067347">
				<ele>1411.4</ele>
				<extensions>
					<swisstopo:routepoint_id>726857440</swisstopo:routepoint_id>
				</extensions>
			</trkpt>
			<trkpt lat="47.1727501182" lon="9.1633403610">
				<ele>1410.1</ele>
				<extensions>
					<swisstopo:routepoint_id>566972797</swisstopo:routepoint_id>
				</extensions>
			</trkpt>
			<trkpt lat="47.1728515190" lon="9.1632451903">
				<ele>1408.6</ele>
				<extensions>
					<swisstopo:routepoint_id>812287768</swisstopo:routepoint_id>
				</extensions>
			</trkpt>
			<trkpt lat="47.1729091564" lon="9.1632114384">
				<ele>1408.2</ele>
				<extensions>
					<swisstopo:routepoint_id>1552109011</swisstopo:routepoint_id>
				</extensions>
			</trkpt>
			<trkpt lat="47.1729692142" lon="9.1632070938">
				<ele>1407.8</ele>
				<extensions>
					<swisstopo:routepoint_id>1553941854</swisstopo:routepoint_id>
				</extensions>
			</trkpt>
			<trkpt lat="47.1730105450" lon="9.1632126089">
				<ele>1407.6</ele>
				<extensions>
					<swisstopo:routepoint_id>1211637644</swisstopo:routepoint_id>
				</extensions>
			</trkpt>
			<trkpt lat="47.1730659458" lon="9.1632332483">
				<ele>1407.2</ele>
				<extensions>
					<swisstopo:routepoint_id>1484796312</swisstopo:routepoint_id>
				</extensions>
			</trkpt>
			<trkpt lat="47.1731691188" lon="9.1633056972">
				<ele>1406.5</ele>
				<extensions>
					<swisstopo:routepoint_id>1011796294</swisstopo:routepoint_id>
				</extensions>
			</trkpt>
			<trkpt lat="47.1732553573" lon="9.1633650268">
				<ele>1405.8</ele>
				<extensions>
					<swisstopo:routepoint_id>58452539</swisstopo:routepoint_id>
				</extensions>
			</trkpt>
			<trkpt lat="47.1733404486" lon="9.1634054781">
				<ele>1404.7</ele>
				<extensions>
					<swisstopo:routepoint_id>665701687</swisstopo:routepoint_id>
				</extensions>
			</trkpt>
			<trkpt lat="47.1734172612" lon="9.1634267960">
				<ele>1403.8</ele>
				<extensions>
					<swisstopo:routepoint_id>703047583</swisstopo:routepoint_id>
				</extensions>
			</trkpt>
			<trkpt lat="47.1734758485" lon="9.1634245022">
				<ele>1403.1</ele>
				<extensions>
					<swisstopo:routepoint_id>1522331363</swisstopo:routepoint_id>
				</extensions>
			</trkpt>
			<trkpt lat="47.1735363770" lon="9.1633887452">
				<ele>1402.3</ele>
				<extensions>
					<swisstopo:routepoint_id>181656250</swisstopo:routepoint_id>
				</extensions>
			</trkpt>
			<trkpt lat="47.1736275990" lon="9.1633058193">
				<ele>1401.4</ele>
				<extensions>
					<swisstopo:routepoint_id>367741988</swisstopo:routepoint_id>
				</extensions>
			</trkpt>
			<trkpt lat="47.1736800278" lon="9.1632383854">
				<ele>1400.8</ele>
				<extensions>
					<swisstopo:routepoint_id>1626318772</swisstopo:routepoint_id>
				</extensions>
			</trkpt>
			<trkpt lat="47.1737200129" lon="9.1631433174">
				<ele>1400.2</ele>
				<extensions>
					<swisstopo:routepoint_id>1795948651</swisstopo:routepoint_id>
				</extensions>
			</trkpt>
			<trkpt lat="47.1737548618" lon="9.1630103889">
				<ele>1399.3</ele>
				<extensions>
					<swisstopo:routepoint_id>1263016857</swisstopo:routepoint_id>
				</extensions>
			</trkpt>
			<trkpt lat="47.1737711085" lon="9.1628789588">
				<ele>1398.6</ele>
				<extensions>
					<swisstopo:routepoint_id>2079966789</swisstopo:routepoint_id>
				</extensions>
			</trkpt>
			<trkpt lat="47.1737625601" lon="9.1627823398">
				<ele>1397.9</ele>
				<extensions>
					<swisstopo:routepoint_id>823238509</swisstopo:routepoint_id>
				</extensions>
			</trkpt>
			<trkpt lat="47.1737302418" lon="9.1626514288">
				<ele>1397.1</ele>
				<extensions>
					<swisstopo:routepoint_id>2021164965</swisstopo:routepoint_id>
				</extensions>
			</trkpt>
			<trkpt lat="47.1736922755" lon="9.1625161530">
				<ele>1396.6</ele>
				<extensions>
					<swisstopo:routepoint_id>1109958001</swisstopo:routepoint_id>
				</extensions>
			</trkpt>
			<trkpt lat="47.1736468240" lon="9.1624036736">
				<ele>1395.9</ele>
				<extensions>
					<swisstopo:routepoint_id>282955837</swisstopo:routepoint_id>
				</extensions>
			</trkpt>
			<trkpt lat="47.1735929681" lon="9.1622804609">
				<ele>1394.8</ele>
				<extensions>
					<swisstopo:routepoint_id>1638196632</swisstopo:routepoint_id>
				</extensions>
			</trkpt>
			<trkpt lat="47.1735822369" lon="9.1622340288">
				<ele>1394.6</ele>
				<extensions>
					<swisstopo:routepoint_id>415743589</swisstopo:routepoint_id>
				</extensions>
			</trkpt>
			<trkpt lat="47.1735842307" lon="9.1621963976">
				<ele>1394.4</ele>
				<extensions>
					<swisstopo:routepoint_id>123198071</swisstopo:routepoint_id>
				</extensions>
			</trkpt>
			<trkpt lat="47.1736019885" lon="9.1621550779">
				<ele>1394.5</ele>
				<extensions>
					<swisstopo:routepoint_id>1798286907</swisstopo:routepoint_id>
				</extensions>
			</trkpt>
			<trkpt lat="47.1736452822" lon="9.1621250578">
				<ele>1394.5</ele>
				<extensions>
					<swisstopo:routepoint_id>2139029841</swisstopo:routepoint_id>
				</extensions>
			</trkpt>
			<trkpt lat="47.1738189640" lon="9.1620678094">
				<ele>1393.4</ele>
				<extensions>
					<swisstopo:routepoint_id>821580972</swisstopo:routepoint_id>
				</extensions>
			</trkpt>
			<trkpt lat="47.1741160818" lon="9.1619705606">
				<ele>1391.7</ele>
				<extensions>
					<swisstopo:routepoint_id>651819817</swisstopo:routepoint_id>
				</extensions>
			</trkpt>
			<trkpt lat="47.1743172619" lon="9.1618890623">
				<ele>1390.6</ele>
				<extensions>
					<swisstopo:routepoint_id>94207608</swisstopo:routepoint_id>
				</extensions>
			</trkpt>
			<trkpt lat="47.1743620882" lon="9.1618528103">
				<ele>1391.0</ele>
				<extensions>
					<swisstopo:routepoint_id>1083394303</swisstopo:routepoint_id>
				</extensions>
			</trkpt>
			<trkpt lat="47.1743999849" lon="9.1618016629">
				<ele>1390.9</ele>
				<extensions>
					<swisstopo:routepoint_id>1968921218</swisstopo:routepoint_id>
				</extensions>
			</trkpt>
			<trkpt lat="47.1744530076" lon="9.1616944521">
				<ele>1390.4</ele>
				<extensions>
					<swisstopo:routepoint_id>1312475365</swisstopo:routepoint_id>
				</extensions>
			</trkpt>
			<trkpt lat="47.1744986397" lon="9.1616037592">
				<ele>1389.9</ele>
				<extensions>
					<swisstopo:routepoint_id>1726549147</swisstopo:routepoint_id>
				</extensions>
			</trkpt>
			<trkpt lat="47.1745839086" lon="9.1615373811">
				<ele>1389.4</ele>
				<extensions>
					<swisstopo:routepoint_id>494584891</swisstopo:routepoint_id>
				</extensions>
			</trkpt>
			<trkpt lat="47.1747612240" lon="9.1614278914">
				<ele>1388.2</ele>
				<extensions>
					<swisstopo:routepoint_id>997810102</swisstopo:routepoint_id>
				</extensions>
			</trkpt>
			<trkpt lat="47.1749210006" lon="9.1613450696">
				<ele>1387.5</ele>
				<extensions>
					<swisstopo:routepoint_id>1291335012</swisstopo:routepoint_id>
				</extensions>
			</trkpt>
			<trkpt lat="47.1750849105" lon="9.1612728434">
				<ele>1386.2</ele>
				<extensions>
					<swisstopo:routepoint_id>2034608999</swisstopo:routepoint_id>
				</extensions>
			</trkpt>
			<trkpt lat="47.1751810585" lon="9.1612424257">
				<ele>1385.3</ele>
				<extensions>
					<swisstopo:routepoint_id>5998623</swisstopo:routepoint_id>
				</extensions>
			</trkpt>
			<trkpt lat="47.1752786988" lon="9.1612078594">
				<ele>1384.3</ele>
				<extensions>
					<swisstopo:routepoint_id>1032918653</swisstopo:routepoint_id>
				</extensions>
			</trkpt>
			<trkpt lat="47.1753710678" lon="9.1611438062">
				<ele>1383.3</ele>
				<extensions>
					<swisstopo:routepoint_id>1727554699</swisstopo:routepoint_id>
				</extensions>
			</trkpt>
			<trkpt lat="47.1754493434" lon="9.1610667366">
				<ele>1382.0</ele>
				<extensions>
					<swisstopo:routepoint_id>546205311</swisstopo:routepoint_id>
				</extensions>
			</trkpt>
			<trkpt lat="47.1755105915" lon="9.1609828258">
				<ele>1380.6</ele>
				<extensions>
					<swisstopo:routepoint_id>204725115</swisstopo:routepoint_id>
				</extensions>
			</trkpt>
			<trkpt lat="47.1757091291" lon="9.1606959677">
				<ele>1376.5</ele>
				<extensions>
					<swisstopo:routepoint_id>2068787556</swisstopo:routepoint_id>
				</extensions>
			</trkpt>
			<trkpt lat="47.1757533932" lon="9.1606010457">
				<ele>1375.6</ele>
				<extensions>
					<swisstopo:routepoint_id>1079295274</swisstopo:routepoint_id>
				</extensions>
			</trkpt>
			<trkpt lat="47.1757975827" lon="9.1604160422">
				<ele>1373.9</ele>
				<extensions>
					<swisstopo:routepoint_id>1294150870</swisstopo:routepoint_id>
				</extensions>
			</trkpt>
			<trkpt lat="47.1758274182" lon="9.1603311191">
				<ele>1373.2</ele>
				<extensions>
					<swisstopo:routepoint_id>1703293340</swisstopo:routepoint_id>
				</extensions>
			</trkpt>
			<trkpt lat="47.1758584957" lon="9.1602588095">
				<ele>1372.7</ele>
				<extensions>
					<swisstopo:routepoint_id>1780875997</swisstopo:routepoint_id>
				</extensions>
			</trkpt>
			<trkpt lat="47.1759639438" lon="9.1600841544">
				<ele>1371.6</ele>
				<extensions>
					<swisstopo:routepoint_id>1240911202</swisstopo:routepoint_id>
				</extensions>
			</trkpt>
			<trkpt lat="47.1760300980" lon="9.1599585066">
				<ele>1371.1</ele>
				<extensions>
					<swisstopo:routepoint_id>2127113773</swisstopo:routepoint_id>
				</extensions>
			</trkpt>
			<trkpt lat="47.1761068683" lon="9.1597913193">
				<ele>1370.6</ele>
				<extensions>
					<swisstopo:routepoint_id>1406909149</swisstopo:routepoint_id>
				</extensions>
			</trkpt>
			<trkpt lat="47.1762293625" lon="9.1595271441">
				<ele>1369.8</ele>
				<extensions>
					<swisstopo:routepoint_id>1785074877</swisstopo:routepoint_id>
				</extensions>
			</trkpt>
			<trkpt lat="47.1762472763" lon="9.1594753506">
				<ele>1369.6</ele>
				<extensions>
					<swisstopo:routepoint_id>624661459</swisstopo:routepoint_id>
				</extensions>
			</trkpt>
			<trkpt lat="47.1762660972" lon="9.1593628377">
				<ele>1369.3</ele>
				<extensions>
					<swisstopo:routepoint_id>1700953589</swisstopo:routepoint_id>
				</extensions>
			</trkpt>
			<trkpt lat="47.1762987165" lon="9.1590915883">
				<ele>1367.7</ele>
				<extensions>
					<swisstopo:routepoint_id>961722073</swisstopo:routepoint_id>
				</extensions>
			</trkpt>
			<trkpt lat="47.1763151650" lon="9.1588512341">
				<ele>1366.4</ele>
				<extensions>
					<swisstopo:routepoint_id>1930582028</swisstopo:routepoint_id>
				</extensions>
			</trkpt>
			<trkpt lat="47.1763524930" lon="9.1586471511">
				<ele>1365.8</ele>
				<extensions>
					<swisstopo:routepoint_id>715133520</swisstopo:routepoint_id>
				</extensions>
			</trkpt>
			<trkpt lat="47.1763767514" lon="9.1584573203">
				<ele>1365.7</ele>
				<extensions>
					<swisstopo:routepoint_id>1464706383</swisstopo:routepoint_id>
				</extensions>
			</trkpt>
			<trkpt lat="47.1763924563" lon="9.1581708526">
				<ele>1366.0</ele>
				<extensions>
					<swisstopo:routepoint_id>569827708</swisstopo:routepoint_id>
				</extensions>
			</trkpt>
			<trkpt lat="47.1763925672" lon="9.1579718537">
				<ele>1366.3</ele>
				<extensions>
					<swisstopo:routepoint_id>1056973556</swisstopo:routepoint_id>
				</extensions>
			</trkpt>
			<trkpt lat="47.1763753534" lon="9.1575942611">
				<ele>1366.6</ele>
				<extensions>
					<swisstopo:routepoint_id>387087817</swisstopo:routepoint_id>
				</extensions>
			</trkpt>
			<trkpt lat="47.1763540917" lon="9.1573924906">
				<ele>1366.3</ele>
				<extensions>
					<swisstopo:routepoint_id>1941280784</swisstopo:routepoint_id>
				</extensions>
			</trkpt>
			<trkpt lat="47.1763304531" lon="9.1572534766">
				<ele>1366.0</ele>
				<extensions>
					<swisstopo:routepoint_id>454221346</swisstopo:routepoint_id>
				</extensions>
			</trkpt>
			<trkpt lat="47.1762905051" lon="9.1570594850">
				<ele>1365.6</ele>
				<extensions>
					<swisstopo:routepoint_id>212258259</swisstopo:routepoint_id>
				</extensions>
			</trkpt>
			<trkpt lat="47.1762038568" lon="9.1567404120">
				<ele>1365.3</ele>
				<extensions>
					<swisstopo:routepoint_id>21095202</swisstopo:routepoint_id>
				</extensions>
			</trkpt>
			<trkpt lat="47.1760937487" lon="9.1563661194">
				<ele>1364.7</ele>
				<extensions>
					<swisstopo:routepoint_id>741213407</swisstopo:routepoint_id>
				</extensions>
			</trkpt>
			<trkpt lat="47.1760231056" lon="9.1561229700">
				<ele>1365.1</ele>
				<extensions>
					<swisstopo:routepoint_id>978019935</swisstopo:routepoint_id>
				</extensions>
			</trkpt>
			<trkpt lat="47.1759936929" lon="9.1559879683">
				<ele>1365.7</ele>
				<extensions>
					<swisstopo:routepoint_id>1270506808</swisstopo:routepoint_id>
				</extensions>
			</trkpt>
			<trkpt lat="47.1759690069" lon="9.1558237870">
				<ele>1365.8</ele>
				<extensions>
					<swisstopo:routepoint_id>2091594593</swisstopo:routepoint_id>
				</extensions>
			</trkpt>
			<trkpt lat="47.1759193304" lon="9.1557069905">
				<ele>1365.5</ele>
				<extensions>
					<swisstopo:routepoint_id>1850152158</swisstopo:routepoint_id>
				</extensions>
			</trkpt>
			<trkpt lat="47.1758898641" lon="9.1555761835">
				<ele>1365.2</ele>
				<extensions>
					<swisstopo:routepoint_id>1105475765</swisstopo:routepoint_id>
				</extensions>
			</trkpt>
			<trkpt lat="47.1758787743" lon="9.1552658207">
				<ele>1364.6</ele>
				<extensions>
					<swisstopo:routepoint_id>787787360</swisstopo:routepoint_id>
				</extensions>
			</trkpt>
			<trkpt lat="47.1758590381" lon="9.1549614612">
				<ele>1364.4</ele>
				<extensions>
					<swisstopo:routepoint_id>1105157009</swisstopo:routepoint_id>
				</extensions>
			</trkpt>
			<trkpt lat="47.1758268415" lon="9.1547258286">
				<ele>1365.0</ele>
				<extensions>
					<swisstopo:routepoint_id>1268597775</swisstopo:routepoint_id>
				</extensions>
			</trkpt>
			<trkpt lat="47.1757780746" lon="9.1544519551">
				<ele>1365.7</ele>
				<extensions>
					<swisstopo:routepoint_id>1151567277</swisstopo:routepoint_id>
				</extensions>
			</trkpt>
			<trkpt lat="47.1757653321" lon="9.1543489193">
				<ele>1365.9</ele>
				<extensions>
					<swisstopo:routepoint_id>43894714</swisstopo:routepoint_id>
				</extensions>
			</trkpt>
			<trkpt lat="47.1757880907" lon="9.1541632231">
				<ele>1366.7</ele>
				<extensions>
					<swisstopo:routepoint_id>131992295</swisstopo:routepoint_id>
				</extensions>
			</trkpt>
			<trkpt lat="47.1758255974" lon="9.1539465834">
				<ele>1368.3</ele>
				<extensions>
					<swisstopo:routepoint_id>1474765767</swisstopo:routepoint_id>
				</extensions>
			</trkpt>
			<trkpt lat="47.1758808896" lon="9.1536865231">
				<ele>1370.1</ele>
				<extensions>
					<swisstopo:routepoint_id>773882057</swisstopo:routepoint_id>
				</extensions>
			</trkpt>
			<trkpt lat="47.1759761905" lon="9.1533292993">
				<ele>1372.2</ele>
				<extensions>
					<swisstopo:routepoint_id>1897477601</swisstopo:routepoint_id>
				</extensions>
			</trkpt>
			<trkpt lat="47.1759900697" lon="9.1532606177">
				<ele>1372.4</ele>
				<extensions>
					<swisstopo:routepoint_id>1681863345</swisstopo:routepoint_id>
				</extensions>
			</trkpt>
			<trkpt lat="47.1760017447" lon="9.1531478878">
				<ele>1372.6</ele>
				<extensions>
					<swisstopo:routepoint_id>952521269</swisstopo:routepoint_id>
				</extensions>
			</trkpt>
			<trkpt lat="47.1759974819" lon="9.1529550437">
				<ele>1372.8</ele>
				<extensions>
					<swisstopo:routepoint_id>1248656079</swisstopo:routepoint_id>
				</extensions>
			</trkpt>
			<trkpt lat="47.1759873123" lon="9.1527745718">
				<ele>1373.5</ele>
				<extensions>
					<swisstopo:routepoint_id>1344953793</swisstopo:routepoint_id>
				</extensions>
			</trkpt>
			<trkpt lat="47.1759873123" lon="9.1527745718">
				<ele>1373.5</ele>
				<extensions>
					<swisstopo:routepoint_id>1247657243</swisstopo:routepoint_id>
				</extensions>
			</trkpt>
			<trkpt lat="47.1759633071" lon="9.1525643385">
				<ele>1374.6</ele>
				<extensions>
					<swisstopo:routepoint_id>1034909128</swisstopo:routepoint_id>
				</extensions>
			</trkpt>
			<trkpt lat="47.1759354130" lon="9.1524231072">
				<ele>1376.0</ele>
				<extensions>
					<swisstopo:routepoint_id>1135837273</swisstopo:routepoint_id>
				</extensions>
			</trkpt>
			<trkpt lat="47.1758928119" lon="9.1523107235">
				<ele>1377.2</ele>
				<extensions>
					<swisstopo:routepoint_id>1364429477</swisstopo:routepoint_id>
				</extensions>
			</trkpt>
			<trkpt lat="47.1758413904" lon="9.1522148274">
				<ele>1378.4</ele>
				<extensions>
					<swisstopo:routepoint_id>1651421615</swisstopo:routepoint_id>
				</extensions>
			</trkpt>
			<trkpt lat="47.1757283077" lon="9.1520394388">
				<ele>1380.7</ele>
				<extensions>
					<swisstopo:routepoint_id>1286646294</swisstopo:routepoint_id>
				</extensions>
			</trkpt>
			<trkpt lat="47.1757005348" lon="9.1519861802">
				<ele>1381.3</ele>
				<extensions>
					<swisstopo:routepoint_id>193780678</swisstopo:routepoint_id>
				</extensions>
			</trkpt>
			<trkpt lat="47.1756883382" lon="9.1519418123">
				<ele>1381.8</ele>
				<extensions>
					<swisstopo:routepoint_id>45626551</swisstopo:routepoint_id>
				</extensions>
			</trkpt>
			<trkpt lat="47.1756927588" lon="9.1517408692">
				<ele>1383.8</ele>
				<extensions>
					<swisstopo:routepoint_id>858893955</swisstopo:routepoint_id>
				</extensions>
			</trkpt>
			<trkpt lat="47.1757105034" lon="9.1513162172">
				<ele>1387.5</ele>
				<extensions>
					<swisstopo:routepoint_id>410202975</swisstopo:routepoint_id>
				</extensions>
			</trkpt>
			<trkpt lat="47.1757076553" lon="9.1512197797">
				<ele>1388.4</ele>
				<extensions>
					<swisstopo:routepoint_id>1694935490</swisstopo:routepoint_id>
				</extensions>
			</trkpt>
			<trkpt lat="47.1757021033" lon="9.1511127789">
				<ele>1389.5</ele>
				<extensions>
					<swisstopo:routepoint_id>935272669</swisstopo:routepoint_id>
				</extensions>
			</trkpt>
			<trkpt lat="47.1757028223" lon="9.1509682691">
				<ele>1390.8</ele>
				<extensions>
					<swisstopo:routepoint_id>1029268522</swisstopo:routepoint_id>
				</extensions>
			</trkpt>
			<trkpt lat="47.1756913820" lon="9.1508736413">
				<ele>1391.6</ele>
				<extensions>
					<swisstopo:routepoint_id>937149660</swisstopo:routepoint_id>
				</extensions>
			</trkpt>
			<trkpt lat="47.1756568443" lon="9.1506986849">
				<ele>1393.2</ele>
				<extensions>
					<swisstopo:routepoint_id>781899779</swisstopo:routepoint_id>
				</extensions>
			</trkpt>
			<trkpt lat="47.1756458614" lon="9.1505726557">
				<ele>1394.4</ele>
				<extensions>
					<swisstopo:routepoint_id>301974520</swisstopo:routepoint_id>
				</extensions>
			</trkpt>
			<trkpt lat="47.1756380210" lon="9.1504278738">
				<ele>1395.8</ele>
				<extensions>
					<swisstopo:routepoint_id>1036513912</swisstopo:routepoint_id>
				</extensions>
			</trkpt>
			<trkpt lat="47.1756325313" lon="9.1503166786">
				<ele>1397.0</ele>
				<extensions>
					<swisstopo:routepoint_id>1157431034</swisstopo:routepoint_id>
				</extensions>
			</trkpt>
			<trkpt lat="47.1756098232" lon="9.1501148680">
				<ele>1399.0</ele>
				<extensions>
					<swisstopo:routepoint_id>1602344402</swisstopo:routepoint_id>
				</extensions>
			</trkpt>
			<trkpt lat="47.1756072580" lon="9.1499995854">
				<ele>1400.2</ele>
				<extensions>
					<swisstopo:routepoint_id>1926531403</swisstopo:routepoint_id>
				</extensions>
			</trkpt>
			<trkpt lat="47.1756263527" lon="9.1497718629">
				<ele>1402.5</ele>
				<extensions>
					<swisstopo:routepoint_id>1876719156</swisstopo:routepoint_id>
				</extensions>
			</trkpt>
			<trkpt lat="47.1756619176" lon="9.1494923271">
				<ele>1405.2</ele>
				<extensions>
					<swisstopo:routepoint_id>1893965570</swisstopo:routepoint_id>
				</extensions>
			</trkpt>
			<trkpt lat="47.1756725737" lon="9.1494486777">
				<ele>1405.5</ele>
				<extensions>
					<swisstopo:routepoint_id>128013631</swisstopo:routepoint_id>
				</extensions>
			</trkpt>
			<trkpt lat="47.1757021196" lon="9.1493825932">
				<ele>1406.2</ele>
				<extensions>
					<swisstopo:routepoint_id>1529835766</swisstopo:routepoint_id>
				</extensions>
			</trkpt>
			<trkpt lat="47.1757731653" lon="9.1492151981">
				<ele>1407.6</ele>
				<extensions>
					<swisstopo:routepoint_id>828700023</swisstopo:routepoint_id>
				</extensions>
			</trkpt>
			<trkpt lat="47.1757883693" lon="9.1491528523">
				<ele>1408.1</ele>
				<extensions>
					<swisstopo:routepoint_id>225824496</swisstopo:routepoint_id>
				</extensions>
			</trkpt>
			<trkpt lat="47.1758399328" lon="9.1488549563">
				<ele>1410.4</ele>
				<extensions>
					<swisstopo:routepoint_id>1386991183</swisstopo:routepoint_id>
				</extensions>
			</trkpt>
			<trkpt lat="47.1758464807" lon="9.1487986152">
				<ele>1410.8</ele>
				<extensions>
					<swisstopo:routepoint_id>1051400157</swisstopo:routepoint_id>
				</extensions>
			</trkpt>
			<trkpt lat="47.1758403673" lon="9.1487292933">
				<ele>1411.3</ele>
				<extensions>
					<swisstopo:routepoint_id>691954266</swisstopo:routepoint_id>
				</extensions>
			</trkpt>
			<trkpt lat="47.1758106420" lon="9.1486152391">
				<ele>1412.2</ele>
				<extensions>
					<swisstopo:routepoint_id>1771488382</swisstopo:routepoint_id>
				</extensions>
			</trkpt>
			<trkpt lat="47.1757711406" lon="9.1484861996">
				<ele>1413.3</ele>
				<extensions>
					<swisstopo:routepoint_id>1120931638</swisstopo:routepoint_id>
				</extensions>
			</trkpt>
			<trkpt lat="47.1757363822" lon="9.1483258975">
				<ele>1414.9</ele>
				<extensions>
					<swisstopo:routepoint_id>1490029615</swisstopo:routepoint_id>
				</extensions>
			</trkpt>
			<trkpt lat="47.1756975021" lon="9.1481549882">
				<ele>1416.2</ele>
				<extensions>
					<swisstopo:routepoint_id>361814496</swisstopo:routepoint_id>
				</extensions>
			</trkpt>
			<trkpt lat="47.1756582797" lon="9.1480071169">
				<ele>1416.8</ele>
				<extensions>
					<swisstopo:routepoint_id>1493562097</swisstopo:routepoint_id>
				</extensions>
			</trkpt>
			<trkpt lat="47.1756441006" lon="9.1479040230">
				<ele>1417.0</ele>
				<extensions>
					<swisstopo:routepoint_id>1152219528</swisstopo:routepoint_id>
				</extensions>
			</trkpt>
			<trkpt lat="47.1756254477" lon="9.1477170033">
				<ele>1416.5</ele>
				<extensions>
					<swisstopo:routepoint_id>2141546864</swisstopo:routepoint_id>
				</extensions>
			</trkpt>
			<trkpt lat="47.1756229094" lon="9.1475032752">
				<ele>1415.7</ele>
				<extensions>
					<swisstopo:routepoint_id>1463130202</swisstopo:routepoint_id>
				</extensions>
			</trkpt>
			<trkpt lat="47.1756168328" lon="9.1473355115">
				<ele>1414.8</ele>
				<extensions>
					<swisstopo:routepoint_id>1162567344</swisstopo:routepoint_id>
				</extensions>
			</trkpt>
			<trkpt lat="47.1756015947" lon="9.1472072517">
				<ele>1414.4</ele>
				<extensions>
					<swisstopo:routepoint_id>999894217</swisstopo:routepoint_id>
				</extensions>
			</trkpt>
			<trkpt lat="47.1755844277" lon="9.1471124414">
				<ele>1414.0</ele>
				<extensions>
					<swisstopo:routepoint_id>880161079</swisstopo:routepoint_id>
				</extensions>
			</trkpt>
			<trkpt lat="47.1755824833" lon="9.1470516448">
				<ele>1413.6</ele>
				<extensions>
					<swisstopo:routepoint_id>1127011717</swisstopo:routepoint_id>
				</extensions>
			</trkpt>
			<trkpt lat="47.1755876922" lon="9.1469889667">
				<ele>1413.5</ele>
				<extensions>
					<swisstopo:routepoint_id>1371328703</swisstopo:routepoint_id>
				</extensions>
			</trkpt>
			<trkpt lat="47.1756086120" lon="9.1469267996">
				<ele>1413.2</ele>
				<extensions>
					<swisstopo:routepoint_id>285015759</swisstopo:routepoint_id>
				</extensions>
			</trkpt>
			<trkpt lat="47.1756469761" lon="9.1468442417">
				<ele>1412.7</ele>
				<extensions>
					<swisstopo:routepoint_id>93035825</swisstopo:routepoint_id>
				</extensions>
			</trkpt>
			<trkpt lat="47.1757071546" lon="9.1467351436">
				<ele>1411.8</ele>
				<extensions>
					<swisstopo:routepoint_id>2031982238</swisstopo:routepoint_id>
				</extensions>
			</trkpt>
			<trkpt lat="47.1757503458" lon="9.1466150274">
				<ele>1411.2</ele>
				<extensions>
					<swisstopo:routepoint_id>794486691</swisstopo:routepoint_id>
				</extensions>
			</trkpt>
			<trkpt lat="47.1757921540" lon="9.1464927826">
				<ele>1411.1</ele>
				<extensions>
					<swisstopo:routepoint_id>1222069857</swisstopo:routepoint_id>
				</extensions>
			</trkpt>
			<trkpt lat="47.1758118683" lon="9.1464159069">
				<ele>1411.4</ele>
				<extensions>
					<swisstopo:routepoint_id>968593331</swisstopo:routepoint_id>
				</extensions>
			</trkpt>
			<trkpt lat="47.1758137669" lon="9.1463708304">
				<ele>1411.6</ele>
				<extensions>
					<swisstopo:routepoint_id>471540623</swisstopo:routepoint_id>
				</extensions>
			</trkpt>
			<trkpt lat="47.1758113787" lon="9.1463393365">
				<ele>1412.1</ele>
				<extensions>
					<swisstopo:routepoint_id>49092953</swisstopo:routepoint_id>
				</extensions>
			</trkpt>
			<trkpt lat="47.1758169813" lon="9.1462986658">
				<ele>1413.0</ele>
				<extensions>
					<swisstopo:routepoint_id>607308792</swisstopo:routepoint_id>
				</extensions>
			</trkpt>
			<trkpt lat="47.1758224751" lon="9.1462653265">
				<ele>1413.5</ele>
				<extensions>
					<swisstopo:routepoint_id>1503670784</swisstopo:routepoint_id>
				</extensions>
			</trkpt>
			<trkpt lat="47.1758130089" lon="9.1462294256">
				<ele>1414.9</ele>
				<extensions>
					<swisstopo:routepoint_id>1678901131</swisstopo:routepoint_id>
				</extensions>
			</trkpt>
			<trkpt lat="47.1758013536" lon="9.1461965826">
				<ele>1415.4</ele>
				<extensions>
					<swisstopo:routepoint_id>299983520</swisstopo:routepoint_id>
				</extensions>
			</trkpt>
			<trkpt lat="47.1757947505" lon="9.1461607602">
				<ele>1416.3</ele>
				<extensions>
					<swisstopo:routepoint_id>1332180906</swisstopo:routepoint_id>
				</extensions>
			</trkpt>
			<trkpt lat="47.1757895702" lon="9.1461249830">
				<ele>1417.0</ele>
				<extensions>
					<swisstopo:routepoint_id>886441735</swisstopo:routepoint_id>
				</extensions>
			</trkpt>
			<trkpt lat="47.1757902221" lon="9.1460810265">
				<ele>1417.6</ele>
				<extensions>
					<swisstopo:routepoint_id>1782999539</swisstopo:routepoint_id>
				</extensions>
			</trkpt>
			<trkpt lat="47.1757936576" lon="9.1460413270">
				<ele>1418.0</ele>
				<extensions>
					<swisstopo:routepoint_id>1743443201</swisstopo:routepoint_id>
				</extensions>
			</trkpt>
			<trkpt lat="47.1757862099" lon="9.1460138692">
				<ele>1418.5</ele>
				<extensions>
					<swisstopo:routepoint_id>401311483</swisstopo:routepoint_id>
				</extensions>
			</trkpt>
			<trkpt lat="47.1757767061" lon="9.1459810949">
				<ele>1419.1</ele>
				<extensions>
					<swisstopo:routepoint_id>1501869703</swisstopo:routepoint_id>
				</extensions>
			</trkpt>
			<trkpt lat="47.1757744488" lon="9.1459401702">
				<ele>1419.6</ele>
				<extensions>
					<swisstopo:routepoint_id>2048548801</swisstopo:routepoint_id>
				</extensions>
			</trkpt>
			<trkpt lat="47.1757736470" lon="9.1458982544">
				<ele>1420.1</ele>
				<extensions>
					<swisstopo:routepoint_id>1614791420</swisstopo:routepoint_id>
				</extensions>
			</trkpt>
			<trkpt lat="47.1757786622" lon="9.1458491993">
				<ele>1420.9</ele>
				<extensions>
					<swisstopo:routepoint_id>1530818640</swisstopo:routepoint_id>
				</extensions>
			</trkpt>
			<trkpt lat="47.1757763424" lon="9.1458124698">
				<ele>1421.6</ele>
				<extensions>
					<swisstopo:routepoint_id>2073210745</swisstopo:routepoint_id>
				</extensions>
			</trkpt>
			<trkpt lat="47.1757648046" lon="9.1457722926">
				<ele>1422.8</ele>
				<extensions>
					<swisstopo:routepoint_id>1972685533</swisstopo:routepoint_id>
				</extensions>
			</trkpt>
			<trkpt lat="47.1757566058" lon="9.1457468949">
				<ele>1423.2</ele>
				<extensions>
					<swisstopo:routepoint_id>1437437748</swisstopo:routepoint_id>
				</extensions>
			</trkpt>
			<trkpt lat="47.1757527547" lon="9.1457174549">
				<ele>1423.7</ele>
				<extensions>
					<swisstopo:routepoint_id>782951731</swisstopo:routepoint_id>
				</extensions>
			</trkpt>
			<trkpt lat="47.1757581485" lon="9.1456914507">
				<ele>1423.7</ele>
				<extensions>
					<swisstopo:routepoint_id>851271435</swisstopo:routepoint_id>
				</extensions>
			</trkpt>
			<trkpt lat="47.1757628290" lon="9.1456643637">
				<ele>1423.6</ele>
				<extensions>
					<swisstopo:routepoint_id>247802824</swisstopo:routepoint_id>
				</extensions>
			</trkpt>
			<trkpt lat="47.1757618322" lon="9.1456350018">
				<ele>1423.7</ele>
				<extensions>
					<swisstopo:routepoint_id>1478094760</swisstopo:routepoint_id>
				</extensions>
			</trkpt>
			<trkpt lat="47.1757614311" lon="9.1456140503">
				<ele>1424.1</ele>
				<extensions>
					<swisstopo:routepoint_id>1180456478</swisstopo:routepoint_id>
				</extensions>
			</trkpt>
			<trkpt lat="47.1757668405" lon="9.1455869868">
				<ele>1424.0</ele>
				<extensions>
					<swisstopo:routepoint_id>92450237</swisstopo:routepoint_id>
				</extensions>
			</trkpt>
			<trkpt lat="47.1757680019" lon="9.1455566531">
				<ele>1424.2</ele>
				<extensions>
					<swisstopo:routepoint_id>1313258129</swisstopo:routepoint_id>
				</extensions>
			</trkpt>
			<trkpt lat="47.1757640266" lon="9.1455355845">
				<ele>1424.4</ele>
				<extensions>
					<swisstopo:routepoint_id>304050506</swisstopo:routepoint_id>
				</extensions>
			</trkpt>
			<trkpt lat="47.1757566721" lon="9.1455018354">
				<ele>1425.1</ele>
				<extensions>
					<swisstopo:routepoint_id>1559361842</swisstopo:routepoint_id>
				</extensions>
			</trkpt>
			<trkpt lat="47.1757599144" lon="9.1454757494">
				<ele>1425.4</ele>
				<extensions>
					<swisstopo:routepoint_id>873550162</swisstopo:routepoint_id>
				</extensions>
			</trkpt>
			<trkpt lat="47.1757697091" lon="9.1454415037">
				<ele>1425.3</ele>
				<extensions>
					<swisstopo:routepoint_id>1949614984</swisstopo:routepoint_id>
				</extensions>
			</trkpt>
			<trkpt lat="47.1757765634" lon="9.1454123922">
				<ele>1425.2</ele>
				<extensions>
					<swisstopo:routepoint_id>30270468</swisstopo:routepoint_id>
				</extensions>
			</trkpt>
			<trkpt lat="47.1757777801" lon="9.1453789165">
				<ele>1425.5</ele>
				<extensions>
					<swisstopo:routepoint_id>1044164136</swisstopo:routepoint_id>
				</extensions>
			</trkpt>
			<trkpt lat="47.1757744230" lon="9.1453641492">
				<ele>1425.6</ele>
				<extensions>
					<swisstopo:routepoint_id>1300409665</swisstopo:routepoint_id>
				</extensions>
			</trkpt>
			<trkpt lat="47.1757632547" lon="9.1453470387">
				<ele>1426.0</ele>
				<extensions>
					<swisstopo:routepoint_id>425562025</swisstopo:routepoint_id>
				</extensions>
			</trkpt>
			<trkpt lat="47.1757527580" lon="9.1453320436">
				<ele>1426.3</ele>
				<extensions>
					<swisstopo:routepoint_id>1231630894</swisstopo:routepoint_id>
				</extensions>
			</trkpt>
			<trkpt lat="47.1757473910" lon="9.1453088335">
				<ele>1426.7</ele>
				<extensions>
					<swisstopo:routepoint_id>1603243229</swisstopo:routepoint_id>
				</extensions>
			</trkpt>
			<trkpt lat="47.1757457447" lon="9.1452752665">
				<ele>1426.8</ele>
				<extensions>
					<swisstopo:routepoint_id>1311303649</swisstopo:routepoint_id>
				</extensions>
			</trkpt>
			<trkpt lat="47.1757454525" lon="9.1452469707">
				<ele>1426.8</ele>
				<extensions>
					<swisstopo:routepoint_id>352731967</swisstopo:routepoint_id>
				</extensions>
			</trkpt>
			<trkpt lat="47.1757445331" lon="9.1452123832">
				<ele>1426.9</ele>
				<extensions>
					<swisstopo:routepoint_id>1549142885</swisstopo:routepoint_id>
				</extensions>
			</trkpt>
			<trkpt lat="47.1757344021" lon="9.1451733075">
				<ele>1427.3</ele>
				<extensions>
					<swisstopo:routepoint_id>217051013</swisstopo:routepoint_id>
				</extensions>
			</trkpt>
			<trkpt lat="47.1757227773" lon="9.1451383817">
				<ele>1427.8</ele>
				<extensions>
					<swisstopo:routepoint_id>1151504711</swisstopo:routepoint_id>
				</extensions>
			</trkpt>
			<trkpt lat="47.1757105033" lon="9.1450992378">
				<ele>1428.1</ele>
				<extensions>
					<swisstopo:routepoint_id>2071527125</swisstopo:routepoint_id>
				</extensions>
			</trkpt>
			<trkpt lat="47.1757029469" lon="9.1450790987">
				<ele>1428.4</ele>
				<extensions>
					<swisstopo:routepoint_id>1839545791</swisstopo:routepoint_id>
				</extensions>
			</trkpt>
			<trkpt lat="47.1757040928" lon="9.1450498051">
				<ele>1428.3</ele>
				<extensions>
					<swisstopo:routepoint_id>1479594972</swisstopo:routepoint_id>
				</extensions>
			</trkpt>
			<trkpt lat="47.1757052318" lon="9.1450215649">
				<ele>1428.1</ele>
				<extensions>
					<swisstopo:routepoint_id>1164357148</swisstopo:routepoint_id>
				</extensions>
			</trkpt>
			<trkpt lat="47.1756951384" lon="9.1449793496">
				<ele>1428.2</ele>
				<extensions>
					<swisstopo:routepoint_id>455836171</swisstopo:routepoint_id>
				</extensions>
			</trkpt>
			<trkpt lat="47.1756870260" lon="9.1449487172">
				<ele>1428.1</ele>
				<extensions>
					<swisstopo:routepoint_id>2128728113</swisstopo:routepoint_id>
				</extensions>
			</trkpt>
			<trkpt lat="47.1756762142" lon="9.1449075357">
				<ele>1428.1</ele>
				<extensions>
					<swisstopo:routepoint_id>1352350102</swisstopo:routepoint_id>
				</extensions>
			</trkpt>
			<trkpt lat="47.1756711887" lon="9.1448612882">
				<ele>1428.1</ele>
				<extensions>
					<swisstopo:routepoint_id>410871201</swisstopo:routepoint_id>
				</extensions>
			</trkpt>
			<trkpt lat="47.1756598964" lon="9.1448033341">
				<ele>1427.8</ele>
				<extensions>
					<swisstopo:routepoint_id>836427609</swisstopo:routepoint_id>
				</extensions>
			</trkpt>
			<trkpt lat="47.1756498826" lon="9.1447569244">
				<ele>1427.7</ele>
				<extensions>
					<swisstopo:routepoint_id>33654110</swisstopo:routepoint_id>
				</extensions>
			</trkpt>
			<trkpt lat="47.1756413912" lon="9.1447032442">
				<ele>1427.4</ele>
				<extensions>
					<swisstopo:routepoint_id>284425076</swisstopo:routepoint_id>
				</extensions>
			</trkpt>
			<trkpt lat="47.1756307348" lon="9.1446515759">
				<ele>1427.0</ele>
				<extensions>
					<swisstopo:routepoint_id>2002861343</swisstopo:routepoint_id>
				</extensions>
			</trkpt>
			<trkpt lat="47.1756235196" lon="9.1446084123">
				<ele>1426.7</ele>
				<extensions>
					<swisstopo:routepoint_id>1657464940</swisstopo:routepoint_id>
				</extensions>
			</trkpt>
			<trkpt lat="47.1756092577" lon="9.1445587294">
				<ele>1426.6</ele>
				<extensions>
					<swisstopo:routepoint_id>583510906</swisstopo:routepoint_id>
				</extensions>
			</trkpt>
			<trkpt lat="47.1755935490" lon="9.1445100540">
				<ele>1426.7</ele>
				<extensions>
					<swisstopo:routepoint_id>308734694</swisstopo:routepoint_id>
				</extensions>
			</trkpt>
			<trkpt lat="47.1755769426" lon="9.1444739130">
				<ele>1427.2</ele>
				<extensions>
					<swisstopo:routepoint_id>354844459</swisstopo:routepoint_id>
				</extensions>
			</trkpt>
			<trkpt lat="47.1755546744" lon="9.1444344634">
				<ele>1427.7</ele>
				<extensions>
					<swisstopo:routepoint_id>1444880105</swisstopo:routepoint_id>
				</extensions>
			</trkpt>
			<trkpt lat="47.1755366143" lon="9.1444003732">
				<ele>1427.9</ele>
				<extensions>
					<swisstopo:routepoint_id>1010260641</swisstopo:routepoint_id>
				</extensions>
			</trkpt>
			<trkpt lat="47.1755233719" lon="9.1443779559">
				<ele>1428.1</ele>
				<extensions>
					<swisstopo:routepoint_id>934081973</swisstopo:routepoint_id>
				</extensions>
			</trkpt>
			<trkpt lat="47.1755033241" lon="9.1443333267">
				<ele>1428.3</ele>
				<extensions>
					<swisstopo:routepoint_id>937527316</swisstopo:routepoint_id>
				</extensions>
			</trkpt>
			<trkpt lat="47.1754830369" lon="9.1443054468">
				<ele>1428.8</ele>
				<extensions>
					<swisstopo:routepoint_id>280262341</swisstopo:routepoint_id>
				</extensions>
			</trkpt>
			<trkpt lat="47.1754635297" lon="9.1442723671">
				<ele>1428.9</ele>
				<extensions>
					<swisstopo:routepoint_id>626744068</swisstopo:routepoint_id>
				</extensions>
			</trkpt>
			<trkpt lat="47.1754447187" lon="9.1442403373">
				<ele>1429.3</ele>
				<extensions>
					<swisstopo:routepoint_id>894577245</swisstopo:routepoint_id>
				</extensions>
			</trkpt>
			<trkpt lat="47.1754231151" lon="9.1442040500">
				<ele>1429.6</ele>
				<extensions>
					<swisstopo:routepoint_id>433587588</swisstopo:routepoint_id>
				</extensions>
			</trkpt>
			<trkpt lat="47.1754034617" lon="9.1441814285">
				<ele>1429.9</ele>
				<extensions>
					<swisstopo:routepoint_id>1313022880</swisstopo:routepoint_id>
				</extensions>
			</trkpt>
			<trkpt lat="47.1753745945" lon="9.1441532754">
				<ele>1430.4</ele>
				<extensions>
					<swisstopo:routepoint_id>560746788</swisstopo:routepoint_id>
				</extensions>
			</trkpt>
			<trkpt lat="47.1753577090" lon="9.1441359799">
				<ele>1430.8</ele>
				<extensions>
					<swisstopo:routepoint_id>469599759</swisstopo:routepoint_id>
				</extensions>
			</trkpt>
			<trkpt lat="47.1753453659" lon="9.1441020720">
				<ele>1431.0</ele>
				<extensions>
					<swisstopo:routepoint_id>736256939</swisstopo:routepoint_id>
				</extensions>
			</trkpt>
			<trkpt lat="47.1753328347" lon="9.1440796776">
				<ele>1431.2</ele>
				<extensions>
					<swisstopo:routepoint_id>622810231</swisstopo:routepoint_id>
				</extensions>
			</trkpt>
			<trkpt lat="47.1753083085" lon="9.1440485222">
				<ele>1432.2</ele>
				<extensions>
					<swisstopo:routepoint_id>1227042796</swisstopo:routepoint_id>
				</extensions>
			</trkpt>
			<trkpt lat="47.1752892644" lon="9.1440322146">
				<ele>1432.8</ele>
				<extensions>
					<swisstopo:routepoint_id>790733376</swisstopo:routepoint_id>
				</extensions>
			</trkpt>
			<trkpt lat="47.1752617976" lon="9.1440062033">
				<ele>1434.0</ele>
				<extensions>
					<swisstopo:routepoint_id>39528957</swisstopo:routepoint_id>
				</extensions>
			</trkpt>
			<trkpt lat="47.1752408832" lon="9.1439720224">
				<ele>1434.7</ele>
				<extensions>
					<swisstopo:routepoint_id>774691074</swisstopo:routepoint_id>
				</extensions>
			</trkpt>
			<trkpt lat="47.1752242768" lon="9.1439358818">
				<ele>1435.1</ele>
				<extensions>
					<swisstopo:routepoint_id>173178737</swisstopo:routepoint_id>
				</extensions>
			</trkpt>
			<trkpt lat="47.1752169683" lon="9.1438989970">
				<ele>1435.0</ele>
				<extensions>
					<swisstopo:routepoint_id>1286558340</swisstopo:routepoint_id>
				</extensions>
			</trkpt>
			<trkpt lat="47.1752076633" lon="9.1438515699">
				<ele>1434.8</ele>
				<extensions>
					<swisstopo:routepoint_id>393106816</swisstopo:routepoint_id>
				</extensions>
			</trkpt>
			<trkpt lat="47.1752026064" lon="9.1438074188">
				<ele>1434.4</ele>
				<extensions>
					<swisstopo:routepoint_id>1861678458</swisstopo:routepoint_id>
				</extensions>
			</trkpt>
			<trkpt lat="47.1752025151" lon="9.1437655232">
				<ele>1434.3</ele>
				<extensions>
					<swisstopo:routepoint_id>110634559</swisstopo:routepoint_id>
				</extensions>
			</trkpt>
			<trkpt lat="47.1751994148" lon="9.1437340071">
				<ele>1434.4</ele>
				<extensions>
					<swisstopo:routepoint_id>268330237</swisstopo:routepoint_id>
				</extensions>
			</trkpt>
			<trkpt lat="47.1751958425" lon="9.1436857079">
				<ele>1434.2</ele>
				<extensions>
					<swisstopo:routepoint_id>2051797509</swisstopo:routepoint_id>
				</extensions>
			</trkpt>
			<trkpt lat="47.1751970653" lon="9.1436511904">
				<ele>1434.0</ele>
				<extensions>
					<swisstopo:routepoint_id>147827863</swisstopo:routepoint_id>
				</extensions>
			</trkpt>
			<trkpt lat="47.1752010736" lon="9.1436220014">
				<ele>1433.8</ele>
				<extensions>
					<swisstopo:routepoint_id>743137545</swisstopo:routepoint_id>
				</extensions>
			</trkpt>
			<trkpt lat="47.1752009980" lon="9.1435790511">
				<ele>1433.6</ele>
				<extensions>
					<swisstopo:routepoint_id>496059657</swisstopo:routepoint_id>
				</extensions>
			</trkpt>
			<trkpt lat="47.1751909506" lon="9.1435336989">
				<ele>1433.7</ele>
				<extensions>
					<swisstopo:routepoint_id>1260000732</swisstopo:routepoint_id>
				</extensions>
			</trkpt>
			<trkpt lat="47.1751816009" lon="9.1434904662">
				<ele>1434.0</ele>
				<extensions>
					<swisstopo:routepoint_id>2077283373</swisstopo:routepoint_id>
				</extensions>
			</trkpt>
			<trkpt lat="47.1751778269" lon="9.1434557769">
				<ele>1434.3</ele>
				<extensions>
					<swisstopo:routepoint_id>771490216</swisstopo:routepoint_id>
				</extensions>
			</trkpt>
			<trkpt lat="47.1751740992" lon="9.1434179609">
				<ele>1434.6</ele>
				<extensions>
					<swisstopo:routepoint_id>1012520492</swisstopo:routepoint_id>
				</extensions>
			</trkpt>
			<trkpt lat="47.1751624741" lon="9.1433830214">
				<ele>1434.9</ele>
				<extensions>
					<swisstopo:routepoint_id>669463875</swisstopo:routepoint_id>
				</extensions>
			</trkpt>
			<trkpt lat="47.1751494416" lon="9.1433470076">
				<ele>1435.1</ele>
				<extensions>
					<swisstopo:routepoint_id>291234884</swisstopo:routepoint_id>
				</extensions>
			</trkpt>
			<trkpt lat="47.1751421950" lon="9.1433059278">
				<ele>1435.3</ele>
				<extensions>
					<swisstopo:routepoint_id>1580954745</swisstopo:routepoint_id>
				</extensions>
			</trkpt>
			<trkpt lat="47.1751313209" lon="9.1432689265">
				<ele>1436.0</ele>
				<extensions>
					<swisstopo:routepoint_id>210408701</swisstopo:routepoint_id>
				</extensions>
			</trkpt>
			<trkpt lat="47.1751260999" lon="9.1432352474">
				<ele>1436.3</ele>
				<extensions>
					<swisstopo:routepoint_id>1020664591</swisstopo:routepoint_id>
				</extensions>
			</trkpt>
			<trkpt lat="47.1751209650" lon="9.1431963319">
				<ele>1436.8</ele>
				<extensions>
					<swisstopo:routepoint_id>1672355961</swisstopo:routepoint_id>
				</extensions>
			</trkpt>
			<trkpt lat="47.1751137649" lon="9.1431521127">
				<ele>1437.3</ele>
				<extensions>
					<swisstopo:routepoint_id>1559571028</swisstopo:routepoint_id>
				</extensions>
			</trkpt>
			<trkpt lat="47.1751050489" lon="9.1431141381">
				<ele>1437.8</ele>
				<extensions>
					<swisstopo:routepoint_id>2089311875</swisstopo:routepoint_id>
				</extensions>
			</trkpt>
			<trkpt lat="47.1750948308" lon="9.1430802983">
				<ele>1438.2</ele>
				<extensions>
					<swisstopo:routepoint_id>1397196139</swisstopo:routepoint_id>
				</extensions>
			</trkpt>
			<trkpt lat="47.1750881405" lon="9.1430497118">
				<ele>1438.7</ele>
				<extensions>
					<swisstopo:routepoint_id>279650825</swisstopo:routepoint_id>
				</extensions>
			</trkpt>
			<trkpt lat="47.1750829438" lon="9.1430149772">
				<ele>1439.0</ele>
				<extensions>
					<swisstopo:routepoint_id>290828371</swisstopo:routepoint_id>
				</extensions>
			</trkpt>
			<trkpt lat="47.1750828831" lon="9.1429709983">
				<ele>1439.0</ele>
				<extensions>
					<swisstopo:routepoint_id>400586188</swisstopo:routepoint_id>
				</extensions>
			</trkpt>
			<trkpt lat="47.1750857302" lon="9.1429229035">
				<ele>1438.8</ele>
				<extensions>
					<swisstopo:routepoint_id>709931560</swisstopo:routepoint_id>
				</extensions>
			</trkpt>
			<trkpt lat="47.1750792876" lon="9.1428755824">
				<ele>1438.9</ele>
				<extensions>
					<swisstopo:routepoint_id>735887919</swisstopo:routepoint_id>
				</extensions>
			</trkpt>
			<trkpt lat="47.1750713847" lon="9.1428313409">
				<ele>1439.1</ele>
				<extensions>
					<swisstopo:routepoint_id>918094002</swisstopo:routepoint_id>
				</extensions>
			</trkpt>
			<trkpt lat="47.1750632940" lon="9.1427986112">
				<ele>1439.3</ele>
				<extensions>
					<swisstopo:routepoint_id>1087659838</swisstopo:routepoint_id>
				</extensions>
			</trkpt>
			<trkpt lat="47.1750574477" lon="9.1427596729">
				<ele>1439.7</ele>
				<extensions>
					<swisstopo:routepoint_id>60118104</swisstopo:routepoint_id>
				</extensions>
			</trkpt>
			<trkpt lat="47.1750594281" lon="9.1427220408">
				<ele>1439.3</ele>
				<extensions>
					<swisstopo:routepoint_id>659568674</swisstopo:routepoint_id>
				</extensions>
			</trkpt>
			<trkpt lat="47.1750628865" lon="9.1426813003">
				<ele>1439.3</ele>
				<extensions>
					<swisstopo:routepoint_id>235014101</swisstopo:routepoint_id>
				</extensions>
			</trkpt>
			<trkpt lat="47.1750729594" lon="9.1426282108">
				<ele>1439.3</ele>
				<extensions>
					<swisstopo:routepoint_id>24163112</swisstopo:routepoint_id>
				</extensions>
			</trkpt>
			<trkpt lat="47.1750844084" lon="9.1425783042">
				<ele>1438.9</ele>
				<extensions>
					<swisstopo:routepoint_id>964944408</swisstopo:routepoint_id>
				</extensions>
			</trkpt>
			<trkpt lat="47.1750928792" lon="9.1425366830">
				<ele>1438.6</ele>
				<extensions>
					<swisstopo:routepoint_id>1495386807</swisstopo:routepoint_id>
				</extensions>
			</trkpt>
			<trkpt lat="47.1751005613" lon="9.1425002727">
				<ele>1438.6</ele>
				<extensions>
					<swisstopo:routepoint_id>408196475</swisstopo:routepoint_id>
				</extensions>
			</trkpt>
			<trkpt lat="47.1751049324" lon="9.1424459466">
				<ele>1438.8</ele>
				<extensions>
					<swisstopo:routepoint_id>1430956004</swisstopo:routepoint_id>
				</extensions>
			</trkpt>
			<trkpt lat="47.1751121817" lon="9.1423906813">
				<ele>1438.9</ele>
				<extensions>
					<swisstopo:routepoint_id>1583833567</swisstopo:routepoint_id>
				</extensions>
			</trkpt>
			<trkpt lat="47.1751184943" lon="9.1423500334">
				<ele>1438.9</ele>
				<extensions>
					<swisstopo:routepoint_id>1908642058</swisstopo:routepoint_id>
				</extensions>
			</trkpt>
			<trkpt lat="47.1751126544" lon="9.1423100533">
				<ele>1439.1</ele>
				<extensions>
					<swisstopo:routepoint_id>2117059422</swisstopo:routepoint_id>
				</extensions>
			</trkpt>
			<trkpt lat="47.1751082086" lon="9.1422732569">
				<ele>1439.4</ele>
				<extensions>
					<swisstopo:routepoint_id>1492644347</swisstopo:routepoint_id>
				</extensions>
			</trkpt>
			<trkpt lat="47.1750949279" lon="9.1422539799">
				<ele>1439.8</ele>
				<extensions>
					<swisstopo:routepoint_id>1682733670</swisstopo:routepoint_id>
				</extensions>
			</trkpt>
			<trkpt lat="47.1750904025" lon="9.1422213653">
				<ele>1439.8</ele>
				<extensions>
					<swisstopo:routepoint_id>164416416</swisstopo:routepoint_id>
				</extensions>
			</trkpt>
			<trkpt lat="47.1751000878" lon="9.1421944395">
				<ele>1439.2</ele>
				<extensions>
					<swisstopo:routepoint_id>403900769</swisstopo:routepoint_id>
				</extensions>
			</trkpt>
			<trkpt lat="47.1751127270" lon="9.1421602856">
				<ele>1438.7</ele>
				<extensions>
					<swisstopo:routepoint_id>953595190</swisstopo:routepoint_id>
				</extensions>
			</trkpt>
			<trkpt lat="47.1751254610" lon="9.1421208971">
				<ele>1438.2</ele>
				<extensions>
					<swisstopo:routepoint_id>1141965547</swisstopo:routepoint_id>
				</extensions>
			</trkpt>
			<trkpt lat="47.1751332426" lon="9.1420771552">
				<ele>1437.9</ele>
				<extensions>
					<swisstopo:routepoint_id>935367541</swisstopo:routepoint_id>
				</extensions>
			</trkpt>
			<trkpt lat="47.1751303121" lon="9.1420341270">
				<ele>1437.8</ele>
				<extensions>
					<swisstopo:routepoint_id>301089239</swisstopo:routepoint_id>
				</extensions>
			</trkpt>
			<trkpt lat="47.1751229323" lon="9.1420014216">
				<ele>1437.6</ele>
				<extensions>
					<swisstopo:routepoint_id>389598306</swisstopo:routepoint_id>
				</extensions>
			</trkpt>
			<trkpt lat="47.1751141784" lon="9.1419665867">
				<ele>1437.5</ele>
				<extensions>
					<swisstopo:routepoint_id>346288468</swisstopo:routepoint_id>
				</extensions>
			</trkpt>
			<trkpt lat="47.1751181842" lon="9.1419363408">
				<ele>1437.0</ele>
				<extensions>
					<swisstopo:routepoint_id>1541859431</swisstopo:routepoint_id>
				</extensions>
			</trkpt>
			<trkpt lat="47.1751244502" lon="9.1418988303">
				<ele>1436.7</ele>
				<extensions>
					<swisstopo:routepoint_id>43917936</swisstopo:routepoint_id>
				</extensions>
			</trkpt>
			<trkpt lat="47.1751214820" lon="9.1418589419">
				<ele>1436.5</ele>
				<extensions>
					<swisstopo:routepoint_id>211211661</swisstopo:routepoint_id>
				</extensions>
			</trkpt>
			<trkpt lat="47.1751233692" lon="9.1418275864">
				<ele>1436.2</ele>
				<extensions>
					<swisstopo:routepoint_id>654338964</swisstopo:routepoint_id>
				</extensions>
			</trkpt>
			<trkpt lat="47.1751294337" lon="9.1418036876">
				<ele>1435.8</ele>
				<extensions>
					<swisstopo:routepoint_id>1344468214</swisstopo:routepoint_id>
				</extensions>
			</trkpt>
			<trkpt lat="47.1751288937" lon="9.1417439785">
				<ele>1435.2</ele>
				<extensions>
					<swisstopo:routepoint_id>460063402</swisstopo:routepoint_id>
				</extensions>
			</trkpt>
			<trkpt lat="47.1751273151" lon="9.1417051764">
				<ele>1434.8</ele>
				<extensions>
					<swisstopo:routepoint_id>1727009522</swisstopo:routepoint_id>
				</extensions>
			</trkpt>
			<trkpt lat="47.1751193411" lon="9.1416651284">
				<ele>1434.5</ele>
				<extensions>
					<swisstopo:routepoint_id>768402819</swisstopo:routepoint_id>
				</extensions>
			</trkpt>
			<trkpt lat="47.1751170755" lon="9.1416252495">
				<ele>1434.1</ele>
				<extensions>
					<swisstopo:routepoint_id>1343197269</swisstopo:routepoint_id>
				</extensions>
			</trkpt>
			<trkpt lat="47.1751099830" lon="9.1415737104">
				<ele>1433.8</ele>
				<extensions>
					<swisstopo:routepoint_id>1926515984</swisstopo:routepoint_id>
				</extensions>
			</trkpt>
			<trkpt lat="47.1751012888" lon="9.1415336397">
				<ele>1433.9</ele>
				<extensions>
					<swisstopo:routepoint_id>1522276385</swisstopo:routepoint_id>
				</extensions>
			</trkpt>
			<trkpt lat="47.1750941500" lon="9.1414852270">
				<ele>1433.5</ele>
				<extensions>
					<swisstopo:routepoint_id>2078704483</swisstopo:routepoint_id>
				</extensions>
			</trkpt>
			<trkpt lat="47.1750853319" lon="9.1414535309">
				<ele>1433.3</ele>
				<extensions>
					<swisstopo:routepoint_id>2011401130</swisstopo:routepoint_id>
				</extensions>
			</trkpt>
			<trkpt lat="47.1750735599" lon="9.1414290756">
				<ele>1433.2</ele>
				<extensions>
					<swisstopo:routepoint_id>2133676048</swisstopo:routepoint_id>
				</extensions>
			</trkpt>
			<trkpt lat="47.1750616025" lon="9.1414171629">
				<ele>1433.1</ele>
				<extensions>
					<swisstopo:routepoint_id>875756477</swisstopo:routepoint_id>
				</extensions>
			</trkpt>
			<trkpt lat="47.1750534181" lon="9.1413907246">
				<ele>1432.9</ele>
				<extensions>
					<swisstopo:routepoint_id>1932749057</swisstopo:routepoint_id>
				</extensions>
			</trkpt>
			<trkpt lat="47.1750467429" lon="9.1413590967">
				<ele>1432.8</ele>
				<extensions>
					<swisstopo:routepoint_id>698523137</swisstopo:routepoint_id>
				</extensions>
			</trkpt>
			<trkpt lat="47.1750501545" lon="9.1413214970">
				<ele>1432.9</ele>
				<extensions>
					<swisstopo:routepoint_id>558538082</swisstopo:routepoint_id>
				</extensions>
			</trkpt>
			<trkpt lat="47.1750604425" lon="9.1413019267">
				<ele>1433.0</ele>
				<extensions>
					<swisstopo:routepoint_id>1985117182</swisstopo:routepoint_id>
				</extensions>
			</trkpt>
			<trkpt lat="47.1750715281" lon="9.1412771439">
				<ele>1433.3</ele>
				<extensions>
					<swisstopo:routepoint_id>204171863</swisstopo:routepoint_id>
				</extensions>
			</trkpt>
			<trkpt lat="47.1750711641" lon="9.1412530404">
				<ele>1433.5</ele>
				<extensions>
					<swisstopo:routepoint_id>1930153635</swisstopo:routepoint_id>
				</extensions>
			</trkpt>
			<trkpt lat="47.1750624012" lon="9.1412182054">
				<ele>1433.8</ele>
				<extensions>
					<swisstopo:routepoint_id>919953884</swisstopo:routepoint_id>
				</extensions>
			</trkpt>
			<trkpt lat="47.1750571418" lon="9.1411876646">
				<ele>1433.9</ele>
				<extensions>
					<swisstopo:routepoint_id>923599200</swisstopo:routepoint_id>
				</extensions>
			</trkpt>
			<trkpt lat="47.1750610544" lon="9.1411637085">
				<ele>1434.3</ele>
				<extensions>
					<swisstopo:routepoint_id>1207639171</swisstopo:routepoint_id>
				</extensions>
			</trkpt>
			<trkpt lat="47.1750594691" lon="9.1411259499">
				<ele>1434.9</ele>
				<extensions>
					<swisstopo:routepoint_id>1941329606</swisstopo:routepoint_id>
				</extensions>
			</trkpt>
			<trkpt lat="47.1750549608" lon="9.1410933344">
				<ele>1435.4</ele>
				<extensions>
					<swisstopo:routepoint_id>141560405</swisstopo:routepoint_id>
				</extensions>
			</trkpt>
			<trkpt lat="47.1750473882" lon="9.1410742522">
				<ele>1435.5</ele>
				<extensions>
					<swisstopo:routepoint_id>727165526</swisstopo:routepoint_id>
				</extensions>
			</trkpt>
			<trkpt lat="47.1750370391" lon="9.1410498294">
				<ele>1435.5</ele>
				<extensions>
					<swisstopo:routepoint_id>1820683147</swisstopo:routepoint_id>
				</extensions>
			</trkpt>
			<trkpt lat="47.1750252117" lon="9.1410285149">
				<ele>1435.7</ele>
				<extensions>
					<swisstopo:routepoint_id>1375330944</swisstopo:routepoint_id>
				</extensions>
			</trkpt>
			<trkpt lat="47.1750177390" lon="9.1410020864">
				<ele>1436.0</ele>
				<extensions>
					<swisstopo:routepoint_id>1818294022</swisstopo:routepoint_id>
				</extensions>
			</trkpt>
			<trkpt lat="47.1750202311" lon="9.1409791273">
				<ele>1436.2</ele>
				<extensions>
					<swisstopo:routepoint_id>1220214175</swisstopo:routepoint_id>
				</extensions>
			</trkpt>
			<trkpt lat="47.1750286085" lon="9.1409437826">
				<ele>1436.8</ele>
				<extensions>
					<swisstopo:routepoint_id>1353573778</swisstopo:routepoint_id>
				</extensions>
			</trkpt>
			<trkpt lat="47.1750390823" lon="9.1409116585">
				<ele>1437.2</ele>
				<extensions>
					<swisstopo:routepoint_id>1388591561</swisstopo:routepoint_id>
				</extensions>
			</trkpt>
			<trkpt lat="47.1750514889" lon="9.1408931974">
				<ele>1438.0</ele>
				<extensions>
					<swisstopo:routepoint_id>780904454</swisstopo:routepoint_id>
				</extensions>
			</trkpt>
			<trkpt lat="47.1750603233" lon="9.1408756666">
				<ele>1438.2</ele>
				<extensions>
					<swisstopo:routepoint_id>1980147259</swisstopo:routepoint_id>
				</extensions>
			</trkpt>
			<trkpt lat="47.1750513501" lon="9.1408544428">
				<ele>1438.9</ele>
				<extensions>
					<swisstopo:routepoint_id>360693699</swisstopo:routepoint_id>
				</extensions>
			</trkpt>
			<trkpt lat="47.1750446439" lon="9.1408248982">
				<ele>1439.0</ele>
				<extensions>
					<swisstopo:routepoint_id>1063221998</swisstopo:routepoint_id>
				</extensions>
			</trkpt>
			<trkpt lat="47.1750385486" lon="9.1408027225">
				<ele>1439.0</ele>
				<extensions>
					<swisstopo:routepoint_id>1559270786</swisstopo:routepoint_id>
				</extensions>
			</trkpt>
			<trkpt lat="47.1750385491" lon="9.1408027222">
				<ele>1439.0</ele>
				<extensions>
					<swisstopo:routepoint_id>293076651</swisstopo:routepoint_id>
				</extensions>
			</trkpt>
			<trkpt lat="47.1750252839" lon="9.1407823895">
				<ele>1438.7</ele>
				<extensions>
					<swisstopo:routepoint_id>568863585</swisstopo:routepoint_id>
				</extensions>
			</trkpt>
			<trkpt lat="47.1750076776" lon="9.1407650723">
				<ele>1438.9</ele>
				<extensions>
					<swisstopo:routepoint_id>442384557</swisstopo:routepoint_id>
				</extensions>
			</trkpt>
			<trkpt lat="47.1749950550" lon="9.1407500124">
				<ele>1438.9</ele>
				<extensions>
					<swisstopo:routepoint_id>1739785787</swisstopo:routepoint_id>
				</extensions>
			</trkpt>
			<trkpt lat="47.1749896871" lon="9.1407268047">
				<ele>1438.5</ele>
				<extensions>
					<swisstopo:routepoint_id>1733729869</swisstopo:routepoint_id>
				</extensions>
			</trkpt>
			<trkpt lat="47.1749950931" lon="9.1406987004">
				<ele>1438.1</ele>
				<extensions>
					<swisstopo:routepoint_id>890426595</swisstopo:routepoint_id>
				</extensions>
			</trkpt>
			<trkpt lat="47.1750092098" lon="9.1406614414">
				<ele>1437.7</ele>
				<extensions>
					<swisstopo:routepoint_id>616047426</swisstopo:routepoint_id>
				</extensions>
			</trkpt>
			<trkpt lat="47.1750225067" lon="9.1406314910">
				<ele>1437.7</ele>
				<extensions>
					<swisstopo:routepoint_id>572332677</swisstopo:routepoint_id>
				</extensions>
			</trkpt>
			<trkpt lat="47.1750379773" lon="9.1405995242">
				<ele>1438.0</ele>
				<extensions>
					<swisstopo:routepoint_id>828259733</swisstopo:routepoint_id>
				</extensions>
			</trkpt>
			<trkpt lat="47.1750455968" lon="9.1405672961">
				<ele>1438.4</ele>
				<extensions>
					<swisstopo:routepoint_id>1522338813</swisstopo:routepoint_id>
				</extensions>
			</trkpt>
			<trkpt lat="47.1750560550" lon="9.1405362133">
				<ele>1438.8</ele>
				<extensions>
					<swisstopo:routepoint_id>1212657949</swisstopo:routepoint_id>
				</extensions>
			</trkpt>
			<trkpt lat="47.1750601245" lon="9.1405028287">
				<ele>1439.3</ele>
				<extensions>
					<swisstopo:routepoint_id>680847595</swisstopo:routepoint_id>
				</extensions>
			</trkpt>
			<trkpt lat="47.1750584150" lon="9.1404734430">
				<ele>1439.8</ele>
				<extensions>
					<swisstopo:routepoint_id>826349592</swisstopo:routepoint_id>
				</extensions>
			</trkpt>
			<trkpt lat="47.1750566125" lon="9.1404503487">
				<ele>1440.4</ele>
				<extensions>
					<swisstopo:routepoint_id>2096806866</swisstopo:routepoint_id>
				</extensions>
			</trkpt>
			<trkpt lat="47.1750620275" lon="9.1404222448">
				<ele>1440.9</ele>
				<extensions>
					<swisstopo:routepoint_id>814934255</swisstopo:routepoint_id>
				</extensions>
			</trkpt>
			<trkpt lat="47.1750596066" lon="9.1403928380">
				<ele>1441.3</ele>
				<extensions>
					<swisstopo:routepoint_id>1636567233</swisstopo:routepoint_id>
				</extensions>
			</trkpt>
			<trkpt lat="47.1750507726" lon="9.1403621965">
				<ele>1441.4</ele>
				<extensions>
					<swisstopo:routepoint_id>73439173</swisstopo:routepoint_id>
				</extensions>
			</trkpt>
			<trkpt lat="47.1750428203" lon="9.1403200511">
				<ele>1441.7</ele>
				<extensions>
					<swisstopo:routepoint_id>325187084</swisstopo:routepoint_id>
				</extensions>
			</trkpt>
			<trkpt lat="47.1750469516" lon="9.1402824742">
				<ele>1441.9</ele>
				<extensions>
					<swisstopo:routepoint_id>145169668</swisstopo:routepoint_id>
				</extensions>
			</trkpt>
			<trkpt lat="47.1750539836" lon="9.1402418473">
				<ele>1441.6</ele>
				<extensions>
					<swisstopo:routepoint_id>1513354048</swisstopo:routepoint_id>
				</extensions>
			</trkpt>
			<trkpt lat="47.1750502859" lon="9.1402019358">
				<ele>1441.7</ele>
				<extensions>
					<swisstopo:routepoint_id>2060432389</swisstopo:routepoint_id>
				</extensions>
			</trkpt>
			<trkpt lat="47.1750360065" lon="9.1401533091">
				<ele>1441.7</ele>
				<extensions>
					<swisstopo:routepoint_id>1754831520</swisstopo:routepoint_id>
				</extensions>
			</trkpt>
			<trkpt lat="47.1750273670" lon="9.1401100997">
				<ele>1441.5</ele>
				<extensions>
					<swisstopo:routepoint_id>179753486</swisstopo:routepoint_id>
				</extensions>
			</trkpt>
			<trkpt lat="47.1750273122" lon="9.1400650533">
				<ele>1441.1</ele>
				<extensions>
					<swisstopo:routepoint_id>144522149</swisstopo:routepoint_id>
				</extensions>
			</trkpt>
			<trkpt lat="47.1750285119" lon="9.1400326324">
				<ele>1441.1</ele>
				<extensions>
					<swisstopo:routepoint_id>1196476551</swisstopo:routepoint_id>
				</extensions>
			</trkpt>
			<trkpt lat="47.1750375849" lon="9.1399983518">
				<ele>1441.5</ele>
				<extensions>
					<swisstopo:routepoint_id>1838471541</swisstopo:routepoint_id>
				</extensions>
			</trkpt>
			<trkpt lat="47.1750509281" lon="9.1399652638">
				<ele>1441.9</ele>
				<extensions>
					<swisstopo:routepoint_id>169536609</swisstopo:routepoint_id>
				</extensions>
			</trkpt>
			<trkpt lat="47.1750628242" lon="9.1399331829">
				<ele>1442.2</ele>
				<extensions>
					<swisstopo:routepoint_id>435972139</swisstopo:routepoint_id>
				</extensions>
			</trkpt>
			<trkpt lat="47.1750717269" lon="9.1399104292">
				<ele>1442.0</ele>
				<extensions>
					<swisstopo:routepoint_id>909515355</swisstopo:routepoint_id>
				</extensions>
			</trkpt>
			<trkpt lat="47.1750729113" lon="9.1398790384">
				<ele>1442.0</ele>
				<extensions>
					<swisstopo:routepoint_id>1134168761</swisstopo:routepoint_id>
				</extensions>
			</trkpt>
			<trkpt lat="47.1750831992" lon="9.1398594678">
				<ele>1442.0</ele>
				<extensions>
					<swisstopo:routepoint_id>1884849494</swisstopo:routepoint_id>
				</extensions>
			</trkpt>
			<trkpt lat="47.1751020648" lon="9.1398391294">
				<ele>1442.0</ele>
				<extensions>
					<swisstopo:routepoint_id>8672949</swisstopo:routepoint_id>
				</extensions>
			</trkpt>
			<trkpt lat="47.1751075103" lon="9.1398089292">
				<ele>1442.3</ele>
				<extensions>
					<swisstopo:routepoint_id>8305772</swisstopo:routepoint_id>
				</extensions>
			</trkpt>
			<trkpt lat="47.1751077889" lon="9.1397900822">
				<ele>1442.5</ele>
				<extensions>
					<swisstopo:routepoint_id>492054967</swisstopo:routepoint_id>
				</extensions>
			</trkpt>
			<trkpt lat="47.1751089730" lon="9.1397587045">
				<ele>1442.9</ele>
				<extensions>
					<swisstopo:routepoint_id>1184486551</swisstopo:routepoint_id>
				</extensions>
			</trkpt>
			<trkpt lat="47.1751229193" lon="9.1397329573">
				<ele>1443.3</ele>
				<extensions>
					<swisstopo:routepoint_id>1400336632</swisstopo:routepoint_id>
				</extensions>
			</trkpt>
			<trkpt lat="47.1751360612" lon="9.1397134774">
				<ele>1443.1</ele>
				<extensions>
					<swisstopo:routepoint_id>946115860</swisstopo:routepoint_id>
				</extensions>
			</trkpt>
			<trkpt lat="47.1751387299" lon="9.1396779511">
				<ele>1442.9</ele>
				<extensions>
					<swisstopo:routepoint_id>1286604329</swisstopo:routepoint_id>
				</extensions>
			</trkpt>
			<trkpt lat="47.1751418846" lon="9.1396571131">
				<ele>1442.9</ele>
				<extensions>
					<swisstopo:routepoint_id>8637354</swisstopo:routepoint_id>
				</extensions>
			</trkpt>
			<trkpt lat="47.1751584306" lon="9.1396492607">
				<ele>1442.6</ele>
				<extensions>
					<swisstopo:routepoint_id>981426223</swisstopo:routepoint_id>
				</extensions>
			</trkpt>
			<trkpt lat="47.1751733752" lon="9.1396528750">
				<ele>1442.4</ele>
				<extensions>
					<swisstopo:routepoint_id>1516853680</swisstopo:routepoint_id>
				</extensions>
			</trkpt>
			<trkpt lat="47.1751867799" lon="9.1396637784">
				<ele>1442.1</ele>
				<extensions>
					<swisstopo:routepoint_id>279274625</swisstopo:routepoint_id>
				</extensions>
			</trkpt>
			<trkpt lat="47.1752124452" lon="9.1396666913">
				<ele>1442.1</ele>
				<extensions>
					<swisstopo:routepoint_id>1670778571</swisstopo:routepoint_id>
				</extensions>
			</trkpt>
			<trkpt lat="47.1752302836" lon="9.1396683007">
				<ele>1442.4</ele>
				<extensions>
					<swisstopo:routepoint_id>1077866088</swisstopo:routepoint_id>
				</extensions>
			</trkpt>
			<trkpt lat="47.1752529402" lon="9.1396815824">
				<ele>1442.4</ele>
				<extensions>
					<swisstopo:routepoint_id>433215174</swisstopo:routepoint_id>
				</extensions>
			</trkpt>
			<trkpt lat="47.1752768866" lon="9.1397032967">
				<ele>1442.6</ele>
				<extensions>
					<swisstopo:routepoint_id>2103683226</swisstopo:routepoint_id>
				</extensions>
			</trkpt>
			<trkpt lat="47.1753007889" lon="9.1397291923">
				<ele>1443.1</ele>
				<extensions>
					<swisstopo:routepoint_id>138631282</swisstopo:routepoint_id>
				</extensions>
			</trkpt>
			<trkpt lat="47.1753290919" lon="9.1397468494">
				<ele>1443.9</ele>
				<extensions>
					<swisstopo:routepoint_id>446447700</swisstopo:routepoint_id>
				</extensions>
			</trkpt>
			<trkpt lat="47.1753518564" lon="9.1397528111">
				<ele>1444.4</ele>
				<extensions>
					<swisstopo:routepoint_id>1775562516</swisstopo:routepoint_id>
				</extensions>
			</trkpt>
			<trkpt lat="47.1753712413" lon="9.1397460909">
				<ele>1444.9</ele>
				<extensions>
					<swisstopo:routepoint_id>314938732</swisstopo:routepoint_id>
				</extensions>
			</trkpt>
			<trkpt lat="47.1753878649" lon="9.1397330031">
				<ele>1445.0</ele>
				<extensions>
					<swisstopo:routepoint_id>685649562</swisstopo:routepoint_id>
				</extensions>
			</trkpt>
			<trkpt lat="47.1754072872" lon="9.1397231578">
				<ele>1444.7</ele>
				<extensions>
					<swisstopo:routepoint_id>83732221</swisstopo:routepoint_id>
				</extensions>
			</trkpt>
			<trkpt lat="47.1754316845" lon="9.1397155551">
				<ele>1444.7</ele>
				<extensions>
					<swisstopo:routepoint_id>340009384</swisstopo:routepoint_id>
				</extensions>
			</trkpt>
			<trkpt lat="47.1754509368" lon="9.1397172094">
				<ele>1445.1</ele>
				<extensions>
					<swisstopo:routepoint_id>1845959199</swisstopo:routepoint_id>
				</extensions>
			</trkpt>
			<trkpt lat="47.1754700431" lon="9.1397293363">
				<ele>1445.5</ele>
				<extensions>
					<swisstopo:routepoint_id>45724854</swisstopo:routepoint_id>
				</extensions>
			</trkpt>
			<trkpt lat="47.1754862711" lon="9.1397424266">
				<ele>1445.8</ele>
				<extensions>
					<swisstopo:routepoint_id>179779569</swisstopo:routepoint_id>
				</extensions>
			</trkpt>
			<trkpt lat="47.1755032193" lon="9.1397555253">
				<ele>1446.3</ele>
				<extensions>
					<swisstopo:routepoint_id>1055800390</swisstopo:routepoint_id>
				</extensions>
			</trkpt>
			<trkpt lat="47.1755160432" lon="9.1397569766">
				<ele>1446.6</ele>
				<extensions>
					<swisstopo:routepoint_id>138568934</swisstopo:routepoint_id>
				</extensions>
			</trkpt>
			<trkpt lat="47.1755340517" lon="9.1397470849">
				<ele>1447.1</ele>
				<extensions>
					<swisstopo:routepoint_id>110020943</swisstopo:routepoint_id>
				</extensions>
			</trkpt>
			<trkpt lat="47.1755557252" lon="9.1397299618">
				<ele>1447.8</ele>
				<extensions>
					<swisstopo:routepoint_id>895696459</swisstopo:routepoint_id>
				</extensions>
			</trkpt>
			<trkpt lat="47.1755787064" lon="9.1397212719">
				<ele>1448.3</ele>
				<extensions>
					<swisstopo:routepoint_id>1599262273</swisstopo:routepoint_id>
				</extensions>
			</trkpt>
			<trkpt lat="47.1756038769" lon="9.1397094980">
				<ele>1448.5</ele>
				<extensions>
					<swisstopo:routepoint_id>491127442</swisstopo:routepoint_id>
				</extensions>
			</trkpt>
			<trkpt lat="47.1756238803" lon="9.1397090918">
				<ele>1448.4</ele>
				<extensions>
					<swisstopo:routepoint_id>600052022</swisstopo:routepoint_id>
				</extensions>
			</trkpt>
			<trkpt lat="47.1756426155" lon="9.1396981682">
				<ele>1448.0</ele>
				<extensions>
					<swisstopo:routepoint_id>2147136030</swisstopo:routepoint_id>
				</extensions>
			</trkpt>
			<trkpt lat="47.1756604982" lon="9.1396955977">
				<ele>1448.1</ele>
				<extensions>
					<swisstopo:routepoint_id>1758031008</swisstopo:routepoint_id>
				</extensions>
			</trkpt>
			<trkpt lat="47.1756875796" lon="9.1396995978">
				<ele>1448.4</ele>
				<extensions>
					<swisstopo:routepoint_id>1410720384</swisstopo:routepoint_id>
				</extensions>
			</trkpt>
			<trkpt lat="47.1757183964" lon="9.1396921991">
				<ele>1448.4</ele>
				<extensions>
					<swisstopo:routepoint_id>2107830128</swisstopo:routepoint_id>
				</extensions>
			</trkpt>
			<trkpt lat="47.1757436045" lon="9.1396772870">
				<ele>1448.6</ele>
				<extensions>
					<swisstopo:routepoint_id>350096123</swisstopo:routepoint_id>
				</extensions>
			</trkpt>
			<trkpt lat="47.1757632918" lon="9.1396506929">
				<ele>1448.9</ele>
				<extensions>
					<swisstopo:routepoint_id>377590544</swisstopo:routepoint_id>
				</extensions>
			</trkpt>
			<trkpt lat="47.1757871702" lon="9.1396175543">
				<ele>1449.0</ele>
				<extensions>
					<swisstopo:routepoint_id>2048865227</swisstopo:routepoint_id>
				</extensions>
			</trkpt>
			<trkpt lat="47.1758091388" lon="9.1396167482">
				<ele>1448.9</ele>
				<extensions>
					<swisstopo:routepoint_id>454099974</swisstopo:routepoint_id>
				</extensions>
			</trkpt>
			<trkpt lat="47.1758322805" lon="9.1396055169">
				<ele>1448.8</ele>
				<extensions>
					<swisstopo:routepoint_id>1438369579</swisstopo:routepoint_id>
				</extensions>
			</trkpt>
			<trkpt lat="47.1758540647" lon="9.1395814971">
				<ele>1448.7</ele>
				<extensions>
					<swisstopo:routepoint_id>478212779</swisstopo:routepoint_id>
				</extensions>
			</trkpt>
			<trkpt lat="47.1758786763" lon="9.1395403606">
				<ele>1448.5</ele>
				<extensions>
					<swisstopo:routepoint_id>1817218459</swisstopo:routepoint_id>
				</extensions>
			</trkpt>
			<trkpt lat="47.1759160762" lon="9.1394614452">
				<ele>1447.7</ele>
				<extensions>
					<swisstopo:routepoint_id>613674879</swisstopo:routepoint_id>
				</extensions>
			</trkpt>
			<trkpt lat="47.1759347223" lon="9.1394440677">
				<ele>1447.4</ele>
				<extensions>
					<swisstopo:routepoint_id>181729959</swisstopo:routepoint_id>
				</extensions>
			</trkpt>
			<trkpt lat="47.1759604685" lon="9.1394284189">
				<ele>1447.2</ele>
				<extensions>
					<swisstopo:routepoint_id>1011846536</swisstopo:routepoint_id>
				</extensions>
			</trkpt>
			<trkpt lat="47.1759920881" lon="9.1394309155">
				<ele>1447.0</ele>
				<extensions>
					<swisstopo:routepoint_id>1487339888</swisstopo:routepoint_id>
				</extensions>
			</trkpt>
			<trkpt lat="47.1760033426" lon="9.1394119164">
				<ele>1447.2</ele>
				<extensions>
					<swisstopo:routepoint_id>600366842</swisstopo:routepoint_id>
				</extensions>
			</trkpt>
			<trkpt lat="47.1760213800" lon="9.1393988733">
				<ele>1447.4</ele>
				<extensions>
					<swisstopo:routepoint_id>1557462875</swisstopo:routepoint_id>
				</extensions>
			</trkpt>
			<trkpt lat="47.1760370823" lon="9.1393993724">
				<ele>1447.7</ele>
				<extensions>
					<swisstopo:routepoint_id>513101940</swisstopo:routepoint_id>
				</extensions>
			</trkpt>
			<trkpt lat="47.1760482292" lon="9.1394185812">
				<ele>1448.3</ele>
				<extensions>
					<swisstopo:routepoint_id>1619683216</swisstopo:routepoint_id>
				</extensions>
			</trkpt>
			<trkpt lat="47.1760578743" lon="9.1394419253">
				<ele>1448.4</ele>
				<extensions>
					<swisstopo:routepoint_id>725847968</swisstopo:routepoint_id>
				</extensions>
			</trkpt>
			<trkpt lat="47.1760676296" lon="9.1394589928">
				<ele>1448.7</ele>
				<extensions>
					<swisstopo:routepoint_id>1454485167</swisstopo:routepoint_id>
				</extensions>
			</trkpt>
			<trkpt lat="47.1760811424" lon="9.1394625761">
				<ele>1449.2</ele>
				<extensions>
					<swisstopo:routepoint_id>394266766</swisstopo:routepoint_id>
				</extensions>
			</trkpt>
			<trkpt lat="47.1760821631" lon="9.1394416552">
				<ele>1449.7</ele>
				<extensions>
					<swisstopo:routepoint_id>1901799302</swisstopo:routepoint_id>
				</extensions>
			</trkpt>
			<trkpt lat="47.1760797043" lon="9.1394153990">
				<ele>1450.3</ele>
				<extensions>
					<swisstopo:routepoint_id>1601494279</swisstopo:routepoint_id>
				</extensions>
			</trkpt>
			<trkpt lat="47.1760888458" lon="9.1393758819">
				<ele>1451.5</ele>
				<extensions>
					<swisstopo:routepoint_id>1479453035</swisstopo:routepoint_id>
				</extensions>
			</trkpt>
			<trkpt lat="47.1760969598" lon="9.1393583405">
				<ele>1452.3</ele>
				<extensions>
					<swisstopo:routepoint_id>1592525028</swisstopo:routepoint_id>
				</extensions>
			</trkpt>
			<trkpt lat="47.1761107996" lon="9.1393409808">
				<ele>1453.1</ele>
				<extensions>
					<swisstopo:routepoint_id>1119515485</swisstopo:routepoint_id>
				</extensions>
			</trkpt>
			<trkpt lat="47.1761221855" lon="9.1393434270">
				<ele>1454.2</ele>
				<extensions>
					<swisstopo:routepoint_id>930638598</swisstopo:routepoint_id>
				</extensions>
			</trkpt>
			<trkpt lat="47.1761413448" lon="9.1393513727">
				<ele>1455.5</ele>
				<extensions>
					<swisstopo:routepoint_id>1649223661</swisstopo:routepoint_id>
				</extensions>
			</trkpt>
			<trkpt lat="47.1761640478" lon="9.1393615153">
				<ele>1455.7</ele>
				<extensions>
					<swisstopo:routepoint_id>533040014</swisstopo:routepoint_id>
				</extensions>
			</trkpt>
			<trkpt lat="47.1761904484" lon="9.1393634112">
				<ele>1456.3</ele>
				<extensions>
					<swisstopo:routepoint_id>1940522829</swisstopo:routepoint_id>
				</extensions>
			</trkpt>
			<trkpt lat="47.1761992430" lon="9.1393479754">
				<ele>1457.0</ele>
				<extensions>
					<swisstopo:routepoint_id>408861826</swisstopo:routepoint_id>
				</extensions>
			</trkpt>
			<trkpt lat="47.1762102730" lon="9.1393263308">
				<ele>1457.7</ele>
				<extensions>
					<swisstopo:routepoint_id>1507747718</swisstopo:routepoint_id>
				</extensions>
			</trkpt>
			<trkpt lat="47.1762263154" lon="9.1393038033">
				<ele>1458.5</ele>
				<extensions>
					<swisstopo:routepoint_id>1736015980</swisstopo:routepoint_id>
				</extensions>
			</trkpt>
			<trkpt lat="47.1762287522" lon="9.1392839826">
				<ele>1458.8</ele>
				<extensions>
					<swisstopo:routepoint_id>1587812686</swisstopo:routepoint_id>
				</extensions>
			</trkpt>
			<trkpt lat="47.1762332146" lon="9.1392715500">
				<ele>1459.2</ele>
				<extensions>
					<swisstopo:routepoint_id>248996606</swisstopo:routepoint_id>
				</extensions>
			</trkpt>
			<trkpt lat="47.1762487710" lon="9.1392825219">
				<ele>1459.6</ele>
				<extensions>
					<swisstopo:routepoint_id>1301640085</swisstopo:routepoint_id>
				</extensions>
			</trkpt>
			<trkpt lat="47.1762594916" lon="9.1392818190">
				<ele>1460.0</ele>
				<extensions>
					<swisstopo:routepoint_id>751766998</swisstopo:routepoint_id>
				</extensions>
			</trkpt>
			<trkpt lat="47.1762690526" lon="9.1392632683">
				<ele>1460.8</ele>
				<extensions>
					<swisstopo:routepoint_id>1239316693</swisstopo:routepoint_id>
				</extensions>
			</trkpt>
			<trkpt lat="47.1762811496" lon="9.1392657516">
				<ele>1461.3</ele>
				<extensions>
					<swisstopo:routepoint_id>536848820</swisstopo:routepoint_id>
				</extensions>
			</trkpt>
			<trkpt lat="47.1762996838" lon="9.1392684379">
				<ele>1462.0</ele>
				<extensions>
					<swisstopo:routepoint_id>1809811104</swisstopo:routepoint_id>
				</extensions>
			</trkpt>
			<trkpt lat="47.1763123618" lon="9.1392803604">
				<ele>1462.7</ele>
				<extensions>
					<swisstopo:routepoint_id>31923201</swisstopo:routepoint_id>
				</extensions>
			</trkpt>
			<trkpt lat="47.1763285524" lon="9.1392965759">
				<ele>1463.5</ele>
				<extensions>
					<swisstopo:routepoint_id>211722040</swisstopo:routepoint_id>
				</extensions>
			</trkpt>
			<trkpt lat="47.1763476191" lon="9.1393107987">
				<ele>1464.6</ele>
				<extensions>
					<swisstopo:routepoint_id>189883526</swisstopo:routepoint_id>
				</extensions>
			</trkpt>
			<trkpt lat="47.1763666636" lon="9.1393271195">
				<ele>1465.2</ele>
				<extensions>
					<swisstopo:routepoint_id>469577693</swisstopo:routepoint_id>
				</extensions>
			</trkpt>
			<trkpt lat="47.1763843299" lon="9.1393392006">
				<ele>1466.1</ele>
				<extensions>
					<swisstopo:routepoint_id>139045147</swisstopo:routepoint_id>
				</extensions>
			</trkpt>
			<trkpt lat="47.1763975800" lon="9.1393605606">
				<ele>1467.0</ele>
				<extensions>
					<swisstopo:routepoint_id>2144425364</swisstopo:routepoint_id>
				</extensions>
			</trkpt>
			<trkpt lat="47.1764118440" lon="9.1393620707">
				<ele>1467.7</ele>
				<extensions>
					<swisstopo:routepoint_id>860935429</swisstopo:routepoint_id>
				</extensions>
			</trkpt>
			<trkpt lat="47.1764248093" lon="9.1393551461">
				<ele>1468.6</ele>
				<extensions>
					<swisstopo:routepoint_id>1706972986</swisstopo:routepoint_id>
				</extensions>
			</trkpt>
			<trkpt lat="47.1764322030" lon="9.1393375816">
				<ele>1469.3</ele>
				<extensions>
					<swisstopo:routepoint_id>644333880</swisstopo:routepoint_id>
				</extensions>
			</trkpt>
			<trkpt lat="47.1764318629" lon="9.1393124346">
				<ele>1469.9</ele>
				<extensions>
					<swisstopo:routepoint_id>468582547</swisstopo:routepoint_id>
				</extensions>
			</trkpt>
			<trkpt lat="47.1764300448" lon="9.1392903813">
				<ele>1470.3</ele>
				<extensions>
					<swisstopo:routepoint_id>388330540</swisstopo:routepoint_id>
				</extensions>
			</trkpt>
			<trkpt lat="47.1764325124" lon="9.1392684644">
				<ele>1471.0</ele>
				<extensions>
					<swisstopo:routepoint_id>1462003702</swisstopo:routepoint_id>
				</extensions>
			</trkpt>
			<trkpt lat="47.1764393805" lon="9.1392383085">
				<ele>1472.1</ele>
				<extensions>
					<swisstopo:routepoint_id>44168731</swisstopo:routepoint_id>
				</extensions>
			</trkpt>
			<trkpt lat="47.1764433568" lon="9.1392112017">
				<ele>1473.0</ele>
				<extensions>
					<swisstopo:routepoint_id>842794449</swisstopo:routepoint_id>
				</extensions>
			</trkpt>
			<trkpt lat="47.1764536048" lon="9.1391937279">
				<ele>1474.1</ele>
				<extensions>
					<swisstopo:routepoint_id>2130539961</swisstopo:routepoint_id>
				</extensions>
			</trkpt>
			<trkpt lat="47.1764649992" lon="9.1391961872">
				<ele>1474.7</ele>
				<extensions>
					<swisstopo:routepoint_id>501380906</swisstopo:routepoint_id>
				</extensions>
			</trkpt>
			<trkpt lat="47.1764733387" lon="9.1392121548">
				<ele>1474.9</ele>
				<extensions>
					<swisstopo:routepoint_id>2034178678</swisstopo:routepoint_id>
				</extensions>
			</trkpt>
			<trkpt lat="47.1764859857" lon="9.1392261735">
				<ele>1475.3</ele>
				<extensions>
					<swisstopo:routepoint_id>628892795</swisstopo:routepoint_id>
				</extensions>
			</trkpt>
			<trkpt lat="47.1765000401" lon="9.1392412790">
				<ele>1475.6</ele>
				<extensions>
					<swisstopo:routepoint_id>934825921</swisstopo:routepoint_id>
				</extensions>
			</trkpt>
			<trkpt lat="47.1765170345" lon="9.1392512530">
				<ele>1475.5</ele>
				<extensions>
					<swisstopo:routepoint_id>1845994590</swisstopo:routepoint_id>
				</extensions>
			</trkpt>
			<trkpt lat="47.1765459803" lon="9.1392741700">
				<ele>1475.6</ele>
				<extensions>
					<swisstopo:routepoint_id>1816788748</swisstopo:routepoint_id>
				</extensions>
			</trkpt>
			<trkpt lat="47.1765645279" lon="9.1392747596">
				<ele>1475.9</ele>
				<extensions>
					<swisstopo:routepoint_id>926080251</swisstopo:routepoint_id>
				</extensions>
			</trkpt>
			<trkpt lat="47.1765774774" lon="9.1392688897">
				<ele>1476.2</ele>
				<extensions>
					<swisstopo:routepoint_id>409057014</swisstopo:routepoint_id>
				</extensions>
			</trkpt>
			<trkpt lat="47.1765848803" lon="9.1392513126">
				<ele>1476.0</ele>
				<extensions>
					<swisstopo:routepoint_id>1223324656</swisstopo:routepoint_id>
				</extensions>
			</trkpt>
			<trkpt lat="47.1765959943" lon="9.1392233903">
				<ele>1475.9</ele>
				<extensions>
					<swisstopo:routepoint_id>116218597</swisstopo:routepoint_id>
				</extensions>
			</trkpt>
			<trkpt lat="47.1766014021" lon="9.1391963272">
				<ele>1475.8</ele>
				<extensions>
					<swisstopo:routepoint_id>1835596257</swisstopo:routepoint_id>
				</extensions>
			</trkpt>
			<trkpt lat="47.1766069093" lon="9.1391619450">
				<ele>1475.8</ele>
				<extensions>
					<swisstopo:routepoint_id>965435506</swisstopo:routepoint_id>
				</extensions>
			</trkpt>
			<trkpt lat="47.1766158428" lon="9.1391370944">
				<ele>1474.7</ele>
				<extensions>
					<swisstopo:routepoint_id>1656508802</swisstopo:routepoint_id>
				</extensions>
			</trkpt>
			<trkpt lat="47.1766227351" lon="9.1391058954">
				<ele>1474.7</ele>
				<extensions>
					<swisstopo:routepoint_id>340358509</swisstopo:routepoint_id>
				</extensions>
			</trkpt>
			<trkpt lat="47.1766261769" lon="9.1390661968">
				<ele>1475.1</ele>
				<extensions>
					<swisstopo:routepoint_id>1151000955</swisstopo:routepoint_id>
				</extensions>
			</trkpt>
			<trkpt lat="47.1766266716" lon="9.1390326991">
				<ele>1475.5</ele>
				<extensions>
					<swisstopo:routepoint_id>1206758289</swisstopo:routepoint_id>
				</extensions>
			</trkpt>
			<trkpt lat="47.1766227107" lon="9.1390105762">
				<ele>1476.0</ele>
				<extensions>
					<swisstopo:routepoint_id>322699052</swisstopo:routepoint_id>
				</extensions>
			</trkpt>
			<trkpt lat="47.1766173425" lon="9.1389873680">
				<ele>1476.6</ele>
				<extensions>
					<swisstopo:routepoint_id>835783497</swisstopo:routepoint_id>
				</extensions>
			</trkpt>
			<trkpt lat="47.1766185023" lon="9.1389570305">
				<ele>1477.4</ele>
				<extensions>
					<swisstopo:routepoint_id>341331862</swisstopo:routepoint_id>
				</extensions>
			</trkpt>
			<trkpt lat="47.1766188733" lon="9.1389319061">
				<ele>1477.6</ele>
				<extensions>
					<swisstopo:routepoint_id>200751957</swisstopo:routepoint_id>
				</extensions>
			</trkpt>
			<trkpt lat="47.1766141701" lon="9.1389118599">
				<ele>1478.4</ele>
				<extensions>
					<swisstopo:routepoint_id>377453885</swisstopo:routepoint_id>
				</extensions>
			</trkpt>
			<trkpt lat="47.1766073704" lon="9.1388886061">
				<ele>1479.0</ele>
				<extensions>
					<swisstopo:routepoint_id>1902820487</swisstopo:routepoint_id>
				</extensions>
			</trkpt>
			<trkpt lat="47.1765998285" lon="9.1388674131">
				<ele>1480.8</ele>
				<extensions>
					<swisstopo:routepoint_id>455241243</swisstopo:routepoint_id>
				</extensions>
			</trkpt>
			<trkpt lat="47.1765987769" lon="9.1388422434">
				<ele>1480.8</ele>
				<extensions>
					<swisstopo:routepoint_id>601710938</swisstopo:routepoint_id>
				</extensions>
			</trkpt>
			<trkpt lat="47.1765970514" lon="9.1388139130">
				<ele>1481.2</ele>
				<extensions>
					<swisstopo:routepoint_id>1230363643</swisstopo:routepoint_id>
				</extensions>
			</trkpt>
			<trkpt lat="47.1765953260" lon="9.1387855811">
				<ele>1481.7</ele>
				<extensions>
					<swisstopo:routepoint_id>1823140777</swisstopo:routepoint_id>
				</extensions>
			</trkpt>
			<trkpt lat="47.1765898494" lon="9.1387697061">
				<ele>1482.1</ele>
				<extensions>
					<swisstopo:routepoint_id>1690164178</swisstopo:routepoint_id>
				</extensions>
			</trkpt>
			<trkpt lat="47.1765796456" lon="9.1387348119">
				<ele>1483.2</ele>
				<extensions>
					<swisstopo:routepoint_id>332438575</swisstopo:routepoint_id>
				</extensions>
			</trkpt>
			<trkpt lat="47.1765721191" lon="9.1387125771">
				<ele>1484.0</ele>
				<extensions>
					<swisstopo:routepoint_id>815723689</swisstopo:routepoint_id>
				</extensions>
			</trkpt>
			<trkpt lat="47.1765627059" lon="9.1386735251">
				<ele>1485.2</ele>
				<extensions>
					<swisstopo:routepoint_id>621153908</swisstopo:routepoint_id>
				</extensions>
			</trkpt>
			<trkpt lat="47.1765595798" lon="9.1386430645">
				<ele>1485.9</ele>
				<extensions>
					<swisstopo:routepoint_id>1528076283</swisstopo:routepoint_id>
				</extensions>
			</trkpt>
			<trkpt lat="47.1765550930" lon="9.1386083518">
				<ele>1487.0</ele>
				<extensions>
					<swisstopo:routepoint_id>162107297</swisstopo:routepoint_id>
				</extensions>
			</trkpt>
			<trkpt lat="47.1765396382" lon="9.1385911032">
				<ele>1488.2</ele>
				<extensions>
					<swisstopo:routepoint_id>222462732</swisstopo:routepoint_id>
				</extensions>
			</trkpt>
			<trkpt lat="47.1765272691" lon="9.1385582519">
				<ele>1489.4</ele>
				<extensions>
					<swisstopo:routepoint_id>93670969</swisstopo:routepoint_id>
				</extensions>
			</trkpt>
			<trkpt lat="47.1765135858" lon="9.1385180076">
				<ele>1490.6</ele>
				<extensions>
					<swisstopo:routepoint_id>585845552</swisstopo:routepoint_id>
				</extensions>
			</trkpt>
			<trkpt lat="47.1765118293" lon="9.1384917733">
				<ele>1491.8</ele>
				<extensions>
					<swisstopo:routepoint_id>417086480</swisstopo:routepoint_id>
				</extensions>
			</trkpt>
			<trkpt lat="47.1765139012" lon="9.1384478484">
				<ele>1492.3</ele>
				<extensions>
					<swisstopo:routepoint_id>57394969</swisstopo:routepoint_id>
				</extensions>
			</trkpt>
			<trkpt lat="47.1765178530" lon="9.1384217955">
				<ele>1492.8</ele>
				<extensions>
					<swisstopo:routepoint_id>969290673</swisstopo:routepoint_id>
				</extensions>
			</trkpt>
			<trkpt lat="47.1765217519" lon="9.1383999240">
				<ele>1493.2</ele>
				<extensions>
					<swisstopo:routepoint_id>811161747</swisstopo:routepoint_id>
				</extensions>
			</trkpt>
			<trkpt lat="47.1765142873" lon="9.1383734957">
				<ele>1493.8</ele>
				<extensions>
					<swisstopo:routepoint_id>401128240</swisstopo:routepoint_id>
				</extensions>
			</trkpt>
			<trkpt lat="47.1765016777" lon="9.1383563376">
				<ele>1494.5</ele>
				<extensions>
					<swisstopo:routepoint_id>1691101755</swisstopo:routepoint_id>
				</extensions>
			</trkpt>
			<trkpt lat="47.1764864788" lon="9.1383223412">
				<ele>1495.7</ele>
				<extensions>
					<swisstopo:routepoint_id>1116327021</swisstopo:routepoint_id>
				</extensions>
			</trkpt>
			<trkpt lat="47.1764895714" lon="9.1383056820">
				<ele>1496.4</ele>
				<extensions>
					<swisstopo:routepoint_id>214086478</swisstopo:routepoint_id>
				</extensions>
			</trkpt>
			<trkpt lat="47.1764964635" lon="9.1382744848">
				<ele>1497.5</ele>
				<extensions>
					<swisstopo:routepoint_id>1750760696</swisstopo:routepoint_id>
				</extensions>
			</trkpt>
			<trkpt lat="47.1764884178" lon="9.1382386170">
				<ele>1498.6</ele>
				<extensions>
					<swisstopo:routepoint_id>357102402</swisstopo:routepoint_id>
				</extensions>
			</trkpt>
			<trkpt lat="47.1764832656" lon="9.1382007555">
				<ele>1499.9</ele>
				<extensions>
					<swisstopo:routepoint_id>1834588404</swisstopo:routepoint_id>
				</extensions>
			</trkpt>
			<trkpt lat="47.1764729709" lon="9.1381731951">
				<ele>1500.6</ele>
				<extensions>
					<swisstopo:routepoint_id>254377762</swisstopo:routepoint_id>
				</extensions>
			</trkpt>
			<trkpt lat="47.1764631691" lon="9.1381592669">
				<ele>1501.3</ele>
				<extensions>
					<swisstopo:routepoint_id>99039341</swisstopo:routepoint_id>
				</extensions>
			</trkpt>
			<trkpt lat="47.1764496404" lon="9.1381567515">
				<ele>1502.0</ele>
				<extensions>
					<swisstopo:routepoint_id>1700922315</swisstopo:routepoint_id>
				</extensions>
			</trkpt>
			<trkpt lat="47.1764463290" lon="9.1381388337">
				<ele>1502.8</ele>
				<extensions>
					<swisstopo:routepoint_id>685987573</swisstopo:routepoint_id>
				</extensions>
			</trkpt>
			<trkpt lat="47.1764545908" lon="9.1381118629">
				<ele>1503.2</ele>
				<extensions>
					<swisstopo:routepoint_id>1032448019</swisstopo:routepoint_id>
				</extensions>
			</trkpt>
			<trkpt lat="47.1764535609" lon="9.1380846098">
				<ele>1503.7</ele>
				<extensions>
					<swisstopo:routepoint_id>1922919846</swisstopo:routepoint_id>
				</extensions>
			</trkpt>
			<trkpt lat="47.1764448589" lon="9.1380455804">
				<ele>1504.8</ele>
				<extensions>
					<swisstopo:routepoint_id>1694897722</swisstopo:routepoint_id>
				</extensions>
			</trkpt>
			<trkpt lat="47.1764345002" lon="9.1380211573">
				<ele>1505.5</ele>
				<extensions>
					<swisstopo:routepoint_id>1042985448</swisstopo:routepoint_id>
				</extensions>
			</trkpt>
			<trkpt lat="47.1764235781" lon="9.1379872955">
				<ele>1506.5</ele>
				<extensions>
					<swisstopo:routepoint_id>1750298922</swisstopo:routepoint_id>
				</extensions>
			</trkpt>
			<trkpt lat="47.1764203127" lon="9.1379662529">
				<ele>1507.2</ele>
				<extensions>
					<swisstopo:routepoint_id>2133149420</swisstopo:routepoint_id>
				</extensions>
			</trkpt>
			<trkpt lat="47.1764243661" lon="9.1379339089">
				<ele>1508.0</ele>
				<extensions>
					<swisstopo:routepoint_id>844963112</swisstopo:routepoint_id>
				</extensions>
			</trkpt>
			<trkpt lat="47.1764298112" lon="9.1379037076">
				<ele>1508.6</ele>
				<extensions>
					<swisstopo:routepoint_id>155677994</swisstopo:routepoint_id>
				</extensions>
			</trkpt>
			<trkpt lat="47.1764419700" lon="9.1379019968">
				<ele>1509.1</ele>
				<extensions>
					<swisstopo:routepoint_id>1262535943</swisstopo:routepoint_id>
				</extensions>
			</trkpt>
			<trkpt lat="47.1764520655" lon="9.1378960358">
				<ele>1509.5</ele>
				<extensions>
					<swisstopo:routepoint_id>1100585422</swisstopo:routepoint_id>
				</extensions>
			</trkpt>
			<trkpt lat="47.1764451574" lon="9.1378801155">
				<ele>1510.1</ele>
				<extensions>
					<swisstopo:routepoint_id>395523441</swisstopo:routepoint_id>
				</extensions>
			</trkpt>
			<trkpt lat="47.1764384039" lon="9.1378537099">
				<ele>1510.6</ele>
				<extensions>
					<swisstopo:routepoint_id>446590758</swisstopo:routepoint_id>
				</extensions>
			</trkpt>
			<trkpt lat="47.1764282769" lon="9.1378135932">
				<ele>1511.6</ele>
				<extensions>
					<swisstopo:routepoint_id>952831091</swisstopo:routepoint_id>
				</extensions>
			</trkpt>
			<trkpt lat="47.1764174473" lon="9.1377734543">
				<ele>1512.1</ele>
				<extensions>
					<swisstopo:routepoint_id>245764496</swisstopo:routepoint_id>
				</extensions>
			</trkpt>
			<trkpt lat="47.1764093175" lon="9.1377438642">
				<ele>1512.5</ele>
				<extensions>
					<swisstopo:routepoint_id>621886635</swisstopo:routepoint_id>
				</extensions>
			</trkpt>
			<trkpt lat="47.1763981547" lon="9.1377257099">
				<ele>1512.8</ele>
				<extensions>
					<swisstopo:routepoint_id>1635150242</swisstopo:routepoint_id>
				</extensions>
			</trkpt>
			<trkpt lat="47.1763934049" lon="9.1377088017">
				<ele>1513.1</ele>
				<extensions>
					<swisstopo:routepoint_id>996728006</swisstopo:routepoint_id>
				</extensions>
			</trkpt>
			<trkpt lat="47.1763951300" lon="9.1376889582">
				<ele>1513.6</ele>
				<extensions>
					<swisstopo:routepoint_id>2003414817</swisstopo:routepoint_id>
				</extensions>
			</trkpt>
			<trkpt lat="47.1763860482" lon="9.1376750532">
				<ele>1513.9</ele>
				<extensions>
					<swisstopo:routepoint_id>767780399</swisstopo:routepoint_id>
				</extensions>
			</trkpt>
			<trkpt lat="47.1763705931" lon="9.1376578049">
				<ele>1514.3</ele>
				<extensions>
					<swisstopo:routepoint_id>1910382328</swisstopo:routepoint_id>
				</extensions>
			</trkpt>
			<trkpt lat="47.1763609478" lon="9.1376344612">
				<ele>1514.8</ele>
				<extensions>
					<swisstopo:routepoint_id>347017819</swisstopo:routepoint_id>
				</extensions>
			</trkpt>
			<trkpt lat="47.1763507281" lon="9.1376006216">
				<ele>1515.5</ele>
				<extensions>
					<swisstopo:routepoint_id>1712692201</swisstopo:routepoint_id>
				</extensions>
			</trkpt>
			<trkpt lat="47.1763411667" lon="9.1375709876">
				<ele>1516.2</ele>
				<extensions>
					<swisstopo:routepoint_id>1386951877</swisstopo:routepoint_id>
				</extensions>
			</trkpt>
			<trkpt lat="47.1763400530" lon="9.1375499991">
				<ele>1516.7</ele>
				<extensions>
					<swisstopo:routepoint_id>815403112</swisstopo:routepoint_id>
				</extensions>
			</trkpt>
			<trkpt lat="47.1763446698" lon="9.1375271083">
				<ele>1517.7</ele>
				<extensions>
					<swisstopo:routepoint_id>1817621841</swisstopo:routepoint_id>
				</extensions>
			</trkpt>
			<trkpt lat="47.1763364007" lon="9.1375069473">
				<ele>1518.2</ele>
				<extensions>
					<swisstopo:routepoint_id>993800080</swisstopo:routepoint_id>
				</extensions>
			</trkpt>
			<trkpt lat="47.1763303740" lon="9.1374795228">
				<ele>1518.9</ele>
				<extensions>
					<swisstopo:routepoint_id>937403096</swisstopo:routepoint_id>
				</extensions>
			</trkpt>
			<trkpt lat="47.1763315421" lon="9.1374491859">
				<ele>1519.9</ele>
				<extensions>
					<swisstopo:routepoint_id>1794246610</swisstopo:routepoint_id>
				</extensions>
			</trkpt>
			<trkpt lat="47.1763299090" lon="9.1374145769">
				<ele>1520.8</ele>
				<extensions>
					<swisstopo:routepoint_id>1176897640</swisstopo:routepoint_id>
				</extensions>
			</trkpt>
			<trkpt lat="47.1763217393" lon="9.1373870843">
				<ele>1521.3</ele>
				<extensions>
					<swisstopo:routepoint_id>642002424</swisstopo:routepoint_id>
				</extensions>
			</trkpt>
			<trkpt lat="47.1763106935" lon="9.1373615975">
				<ele>1522.0</ele>
				<extensions>
					<swisstopo:routepoint_id>461554884</swisstopo:routepoint_id>
				</extensions>
			</trkpt>
			<trkpt lat="47.1763038625" lon="9.1373404403">
				<ele>1522.6</ele>
				<extensions>
					<swisstopo:routepoint_id>592128326</swisstopo:routepoint_id>
				</extensions>
			</trkpt>
			<trkpt lat="47.1763029340" lon="9.1373068958">
				<ele>1523.6</ele>
				<extensions>
					<swisstopo:routepoint_id>1825658266</swisstopo:routepoint_id>
				</extensions>
			</trkpt>
			<trkpt lat="47.1762948107" lon="9.1372762639">
				<ele>1524.0</ele>
				<extensions>
					<swisstopo:routepoint_id>1179199426</swisstopo:routepoint_id>
				</extensions>
			</trkpt>
			<trkpt lat="47.1762872376" lon="9.1372571690">
				<ele>1524.4</ele>
				<extensions>
					<swisstopo:routepoint_id>1281890590</swisstopo:routepoint_id>
				</extensions>
			</trkpt>
			<trkpt lat="47.1762937963" lon="9.1372479564">
				<ele>1524.8</ele>
				<extensions>
					<swisstopo:routepoint_id>1855853774</swisstopo:routepoint_id>
				</extensions>
			</trkpt>
			<trkpt lat="47.1763143807" lon="9.1372569886">
				<ele>1525.3</ele>
				<extensions>
					<swisstopo:routepoint_id>1511922554</swisstopo:routepoint_id>
				</extensions>
			</trkpt>
			<trkpt lat="47.1763364498" lon="9.1372618723">
				<ele>1525.8</ele>
				<extensions>
					<swisstopo:routepoint_id>1423738604</swisstopo:routepoint_id>
				</extensions>
			</trkpt>
			<trkpt lat="47.1763558254" lon="9.1372551638">
				<ele>1526.3</ele>
				<extensions>
					<swisstopo:routepoint_id>212827037</swisstopo:routepoint_id>
				</extensions>
			</trkpt>
			<trkpt lat="47.1763674980" lon="9.1372387768">
				<ele>1526.6</ele>
				<extensions>
					<swisstopo:routepoint_id>811755604</swisstopo:routepoint_id>
				</extensions>
			</trkpt>
			<trkpt lat="47.1763720993" lon="9.1372169276">
				<ele>1527.0</ele>
				<extensions>
					<swisstopo:routepoint_id>1839598609</swisstopo:routepoint_id>
				</extensions>
			</trkpt>
			<trkpt lat="47.1763652617" lon="9.1371968139">
				<ele>1527.3</ele>
				<extensions>
					<swisstopo:routepoint_id>1984554538</swisstopo:routepoint_id>
				</extensions>
			</trkpt>
			<trkpt lat="47.1763614307" lon="9.1371652615">
				<ele>1527.9</ele>
				<extensions>
					<swisstopo:routepoint_id>1219968521</swisstopo:routepoint_id>
				</extensions>
			</trkpt>
			<trkpt lat="47.1763674567" lon="9.1371445141">
				<ele>1528.6</ele>
				<extensions>
					<swisstopo:routepoint_id>569557600</swisstopo:routepoint_id>
				</extensions>
			</trkpt>
			<trkpt lat="47.1763692124" lon="9.1371225746">
				<ele>1529.1</ele>
				<extensions>
					<swisstopo:routepoint_id>1102460788</swisstopo:routepoint_id>
				</extensions>
			</trkpt>
			<trkpt lat="47.1763609280" lon="9.1371034555">
				<ele>1529.4</ele>
				<extensions>
					<swisstopo:routepoint_id>1890597400</swisstopo:routepoint_id>
				</extensions>
			</trkpt>
			<trkpt lat="47.1763549475" lon="9.1370728914">
				<ele>1529.9</ele>
				<extensions>
					<swisstopo:routepoint_id>687148817</swisstopo:routepoint_id>
				</extensions>
			</trkpt>
			<trkpt lat="47.1763460509" lon="9.1370464307">
				<ele>1530.2</ele>
				<extensions>
					<swisstopo:routepoint_id>1540474207</swisstopo:routepoint_id>
				</extensions>
			</trkpt>
			<trkpt lat="47.1763385551" lon="9.1370221004">
				<ele>1530.8</ele>
				<extensions>
					<swisstopo:routepoint_id>1590484288</swisstopo:routepoint_id>
				</extensions>
			</trkpt>
			<trkpt lat="47.1763373706" lon="9.1370053054">
				<ele>1531.1</ele>
				<extensions>
					<swisstopo:routepoint_id>118029267</swisstopo:routepoint_id>
				</extensions>
			</trkpt>
			<trkpt lat="47.1763464514" lon="9.1369710366">
				<ele>1531.8</ele>
				<extensions>
					<swisstopo:routepoint_id>598496545</swisstopo:routepoint_id>
				</extensions>
			</trkpt>
			<trkpt lat="47.1763477805" lon="9.1369291867">
				<ele>1532.7</ele>
				<extensions>
					<swisstopo:routepoint_id>1636426582</swisstopo:routepoint_id>
				</extensions>
			</trkpt>
			<trkpt lat="47.1763546721" lon="9.1368979878">
				<ele>1533.1</ele>
				<extensions>
					<swisstopo:routepoint_id>445514632</swisstopo:routepoint_id>
				</extensions>
			</trkpt>
			<trkpt lat="47.1763499685" lon="9.1368779419">
				<ele>1533.7</ele>
				<extensions>
					<swisstopo:routepoint_id>245606538</swisstopo:routepoint_id>
				</extensions>
			</trkpt>
			<trkpt lat="47.1763344670" lon="9.1368638332">
				<ele>1534.2</ele>
				<extensions>
					<swisstopo:routepoint_id>1530098309</swisstopo:routepoint_id>
				</extensions>
			</trkpt>
			<trkpt lat="47.1763196922" lon="9.1368487039">
				<ele>1535.1</ele>
				<extensions>
					<swisstopo:routepoint_id>1078113264</swisstopo:routepoint_id>
				</extensions>
			</trkpt>
			<trkpt lat="47.1763093025" lon="9.1368263788">
				<ele>1535.6</ele>
				<extensions>
					<swisstopo:routepoint_id>512945646</swisstopo:routepoint_id>
				</extensions>
			</trkpt>
			<trkpt lat="47.1763082659" lon="9.1368001546">
				<ele>1536.3</ele>
				<extensions>
					<swisstopo:routepoint_id>1997764013</swisstopo:routepoint_id>
				</extensions>
			</trkpt>
			<trkpt lat="47.1763000342" lon="9.1367768559">
				<ele>1537.1</ele>
				<extensions>
					<swisstopo:routepoint_id>1007226981</swisstopo:routepoint_id>
				</extensions>
			</trkpt>
			<trkpt lat="47.1762896996" lon="9.1367513918">
				<ele>1537.2</ele>
				<extensions>
					<swisstopo:routepoint_id>492242175</swisstopo:routepoint_id>
				</extensions>
			</trkpt>
			<trkpt lat="47.1762787373" lon="9.1367196278">
				<ele>1537.3</ele>
				<extensions>
					<swisstopo:routepoint_id>1124560946</swisstopo:routepoint_id>
				</extensions>
			</trkpt>
			<trkpt lat="47.1762694161" lon="9.1366742991">
				<ele>1537.7</ele>
				<extensions>
					<swisstopo:routepoint_id>1226561557</swisstopo:routepoint_id>
				</extensions>
			</trkpt>
			<trkpt lat="47.1762627550" lon="9.1366416150">
				<ele>1537.8</ele>
				<extensions>
					<swisstopo:routepoint_id>1877827467</swisstopo:routepoint_id>
				</extensions>
			</trkpt>
			<trkpt lat="47.1762532550" lon="9.1366078002">
				<ele>1538.0</ele>
				<extensions>
					<swisstopo:routepoint_id>1075450717</swisstopo:routepoint_id>
				</extensions>
			</trkpt>
			<trkpt lat="47.1762479792" lon="9.1365783009">
				<ele>1538.2</ele>
				<extensions>
					<swisstopo:routepoint_id>1843703040</swisstopo:routepoint_id>
				</extensions>
			</trkpt>
			<trkpt lat="47.1762464073" lon="9.1365395113">
				<ele>1538.6</ele>
				<extensions>
					<swisstopo:routepoint_id>543401212</swisstopo:routepoint_id>
				</extensions>
			</trkpt>
			<trkpt lat="47.1762416102" lon="9.1364775560">
				<ele>1539.1</ele>
				<extensions>
					<swisstopo:routepoint_id>605932698</swisstopo:routepoint_id>
				</extensions>
			</trkpt>
			<trkpt lat="47.1762356998" lon="9.1364428115">
				<ele>1539.5</ele>
				<extensions>
					<swisstopo:routepoint_id>304136194</swisstopo:routepoint_id>
				</extensions>
			</trkpt>
			<trkpt lat="47.1762247837" lon="9.1364079082">
				<ele>1539.9</ele>
				<extensions>
					<swisstopo:routepoint_id>577169499</swisstopo:routepoint_id>
				</extensions>
			</trkpt>
			<trkpt lat="47.1762159027" lon="9.1363803932">
				<ele>1540.3</ele>
				<extensions>
					<swisstopo:routepoint_id>1108594353</swisstopo:routepoint_id>
				</extensions>
			</trkpt>
			<trkpt lat="47.1762070611" lon="9.1363507808">
				<ele>1540.8</ele>
				<extensions>
					<swisstopo:routepoint_id>2007254668</swisstopo:routepoint_id>
				</extensions>
			</trkpt>
			<trkpt lat="47.1761937398" lon="9.1363336007">
				<ele>1541.3</ele>
				<extensions>
					<swisstopo:routepoint_id>677317224</swisstopo:routepoint_id>
				</extensions>
			</trkpt>
			<trkpt lat="47.1761805200" lon="9.1363101437">
				<ele>1541.9</ele>
				<extensions>
					<swisstopo:routepoint_id>1672207759</swisstopo:routepoint_id>
				</extensions>
			</trkpt>
			<trkpt lat="47.1761753056" lon="9.1362764635">
				<ele>1542.6</ele>
				<extensions>
					<swisstopo:routepoint_id>459188490</swisstopo:routepoint_id>
				</extensions>
			</trkpt>
			<trkpt lat="47.1761756605" lon="9.1362523953">
				<ele>1543.2</ele>
				<extensions>
					<swisstopo:routepoint_id>836558257</swisstopo:routepoint_id>
				</extensions>
			</trkpt>
			<trkpt lat="47.1761717146" lon="9.1362292183">
				<ele>1543.7</ele>
				<extensions>
					<swisstopo:routepoint_id>1866304677</swisstopo:routepoint_id>
				</extensions>
			</trkpt>
			<trkpt lat="47.1761627185" lon="9.1362100911">
				<ele>1544.2</ele>
				<extensions>
					<swisstopo:routepoint_id>1656690176</swisstopo:routepoint_id>
				</extensions>
			</trkpt>
			<trkpt lat="47.1761537294" lon="9.1361898948">
				<ele>1544.6</ele>
				<extensions>
					<swisstopo:routepoint_id>2017764679</swisstopo:routepoint_id>
				</extensions>
			</trkpt>
			<trkpt lat="47.1761418858" lon="9.1361696225">
				<ele>1545.3</ele>
				<extensions>
					<swisstopo:routepoint_id>1540297831</swisstopo:routepoint_id>
				</extensions>
			</trkpt>
			<trkpt lat="47.1761301503" lon="9.1361420299">
				<ele>1545.9</ele>
				<extensions>
					<swisstopo:routepoint_id>326296546</swisstopo:routepoint_id>
				</extensions>
			</trkpt>
			<trkpt lat="47.1761207518" lon="9.1361019242">
				<ele>1546.7</ele>
				<extensions>
					<swisstopo:routepoint_id>360211977</swisstopo:routepoint_id>
				</extensions>
			</trkpt>
			<trkpt lat="47.1761176405" lon="9.1360704077">
				<ele>1547.3</ele>
				<extensions>
					<swisstopo:routepoint_id>847157541</swisstopo:routepoint_id>
				</extensions>
			</trkpt>
			<trkpt lat="47.1761152867" lon="9.1360357779">
				<ele>1548.0</ele>
				<extensions>
					<swisstopo:routepoint_id>1682567491</swisstopo:routepoint_id>
				</extensions>
			</trkpt>
			<trkpt lat="47.1761123232" lon="9.1359948325">
				<ele>1548.9</ele>
				<extensions>
					<swisstopo:routepoint_id>1349384773</swisstopo:routepoint_id>
				</extensions>
			</trkpt>
			<trkpt lat="47.1761028540" lon="9.1359589204">
				<ele>1549.4</ele>
				<extensions>
					<swisstopo:routepoint_id>6085626</swisstopo:routepoint_id>
				</extensions>
			</trkpt>
			<trkpt lat="47.1760919622" lon="9.1359229631">
				<ele>1550.1</ele>
				<extensions>
					<swisstopo:routepoint_id>15077596</swisstopo:routepoint_id>
				</extensions>
			</trkpt>
			<trkpt lat="47.1760810614" lon="9.1358870182">
				<ele>1551.0</ele>
				<extensions>
					<swisstopo:routepoint_id>1062307022</swisstopo:routepoint_id>
				</extensions>
			</trkpt>
			<trkpt lat="47.1760765275" lon="9.1358554440">
				<ele>1551.7</ele>
				<extensions>
					<swisstopo:routepoint_id>1702129587</swisstopo:routepoint_id>
				</extensions>
			</trkpt>
			<trkpt lat="47.1760785762" lon="9.1358136171">
				<ele>1552.6</ele>
				<extensions>
					<swisstopo:routepoint_id>2021856124</swisstopo:routepoint_id>
				</extensions>
			</trkpt>
			<trkpt lat="47.1760783740" lon="9.1357790540">
				<ele>1553.4</ele>
				<extensions>
					<swisstopo:routepoint_id>1533909416</swisstopo:routepoint_id>
				</extensions>
			</trkpt>
			<trkpt lat="47.1760787597" lon="9.1357528881">
				<ele>1553.9</ele>
				<extensions>
					<swisstopo:routepoint_id>1606838863</swisstopo:routepoint_id>
				</extensions>
			</trkpt>
			<trkpt lat="47.1760854727" lon="9.1357332029">
				<ele>1554.3</ele>
				<extensions>
					<swisstopo:routepoint_id>339077822</swisstopo:routepoint_id>
				</extensions>
			</trkpt>
			<trkpt lat="47.1760763907" lon="9.1357192982">
				<ele>1554.6</ele>
				<extensions>
					<swisstopo:routepoint_id>711205632</swisstopo:routepoint_id>
				</extensions>
			</trkpt>
			<trkpt lat="47.1760673243" lon="9.1357043391">
				<ele>1555.0</ele>
				<extensions>
					<swisstopo:routepoint_id>881421634</swisstopo:routepoint_id>
				</extensions>
			</trkpt>
			<trkpt lat="47.1760584448" lon="9.1356778794">
				<ele>1555.5</ele>
				<extensions>
					<swisstopo:routepoint_id>407648852</swisstopo:routepoint_id>
				</extensions>
			</trkpt>
			<trkpt lat="47.1760451764" lon="9.1356565183">
				<ele>1556.1</ele>
				<extensions>
					<swisstopo:routepoint_id>891497653</swisstopo:routepoint_id>
				</extensions>
			</trkpt>
			<trkpt lat="47.1760218480" lon="9.1356411067">
				<ele>1556.5</ele>
				<extensions>
					<swisstopo:routepoint_id>1156911313</swisstopo:routepoint_id>
				</extensions>
			</trkpt>
			<trkpt lat="47.1760034677" lon="9.1356279622">
				<ele>1556.7</ele>
				<extensions>
					<swisstopo:routepoint_id>590636421</swisstopo:routepoint_id>
				</extensions>
			</trkpt>
			<trkpt lat="47.1759921901" lon="9.1356181708">
				<ele>1557.0</ele>
				<extensions>
					<swisstopo:routepoint_id>218655034</swisstopo:routepoint_id>
				</extensions>
			</trkpt>
			<trkpt lat="47.1759817162" lon="9.1356021362">
				<ele>1557.5</ele>
				<extensions>
					<swisstopo:routepoint_id>857370972</swisstopo:routepoint_id>
				</extensions>
			</trkpt>
			<trkpt lat="47.1759660977" lon="9.1355953608">
				<ele>1557.8</ele>
				<extensions>
					<swisstopo:routepoint_id>1701734074</swisstopo:routepoint_id>
				</extensions>
			</trkpt>
			<trkpt lat="47.1759527082" lon="9.1355834038">
				<ele>1558.1</ele>
				<extensions>
					<swisstopo:routepoint_id>1931392697</swisstopo:routepoint_id>
				</extensions>
			</trkpt>
			<trkpt lat="47.1759415602" lon="9.1355642087">
				<ele>1558.6</ele>
				<extensions>
					<swisstopo:routepoint_id>895932602</swisstopo:routepoint_id>
				</extensions>
			</trkpt>
			<trkpt lat="47.1759369424" lon="9.1355389264">
				<ele>1559.1</ele>
				<extensions>
					<swisstopo:routepoint_id>1380386849</swisstopo:routepoint_id>
				</extensions>
			</trkpt>
			<trkpt lat="47.1759331815" lon="9.1355031953">
				<ele>1560.2</ele>
				<extensions>
					<swisstopo:routepoint_id>72273972</swisstopo:routepoint_id>
				</extensions>
			</trkpt>
			<trkpt lat="47.1759293895" lon="9.1354695605">
				<ele>1561.1</ele>
				<extensions>
					<swisstopo:routepoint_id>211852214</swisstopo:routepoint_id>
				</extensions>
			</trkpt>
			<trkpt lat="47.1759247716" lon="9.1354442781">
				<ele>1561.9</ele>
				<extensions>
					<swisstopo:routepoint_id>503566663</swisstopo:routepoint_id>
				</extensions>
			</trkpt>
			<trkpt lat="47.1759180330" lon="9.1354168312">
				<ele>1562.6</ele>
				<extensions>
					<swisstopo:routepoint_id>335690076</swisstopo:routepoint_id>
				</extensions>
			</trkpt>
			<trkpt lat="47.1759176214" lon="9.1353958781">
				<ele>1563.1</ele>
				<extensions>
					<swisstopo:routepoint_id>1095547122</swisstopo:routepoint_id>
				</extensions>
			</trkpt>
			<trkpt lat="47.1759200660" lon="9.1353760592">
				<ele>1563.9</ele>
				<extensions>
					<swisstopo:routepoint_id>186358464</swisstopo:routepoint_id>
				</extensions>
			</trkpt>
			<trkpt lat="47.1759126229" lon="9.1353475334">
				<ele>1564.7</ele>
				<extensions>
					<swisstopo:routepoint_id>1429537300</swisstopo:routepoint_id>
				</extensions>
			</trkpt>
			<trkpt lat="47.1759101543" lon="9.1353212771">
				<ele>1565.2</ele>
				<extensions>
					<swisstopo:routepoint_id>633073334</swisstopo:routepoint_id>
				</extensions>
			</trkpt>
			<trkpt lat="47.1759119715" lon="9.1352951568">
				<ele>1565.9</ele>
				<extensions>
					<swisstopo:routepoint_id>1310607059</swisstopo:routepoint_id>
				</extensions>
			</trkpt>
			<trkpt lat="47.1759236968" lon="9.1352745755">
				<ele>1566.7</ele>
				<extensions>
					<swisstopo:routepoint_id>2024260519</swisstopo:routepoint_id>
				</extensions>
			</trkpt>
			<trkpt lat="47.1759353535" lon="9.1352592445">
				<ele>1567.2</ele>
				<extensions>
					<swisstopo:routepoint_id>605509715</swisstopo:routepoint_id>
				</extensions>
			</trkpt>
			<trkpt lat="47.1759456098" lon="9.1352417575">
				<ele>1567.5</ele>
				<extensions>
					<swisstopo:routepoint_id>1064514296</swisstopo:routepoint_id>
				</extensions>
			</trkpt>
			<trkpt lat="47.1759480522" lon="9.1352208947">
				<ele>1567.9</ele>
				<extensions>
					<swisstopo:routepoint_id>880292697</swisstopo:routepoint_id>
				</extensions>
			</trkpt>
			<trkpt lat="47.1759434102" lon="9.1351966537">
				<ele>1568.3</ele>
				<extensions>
					<swisstopo:routepoint_id>459269145</swisstopo:routepoint_id>
				</extensions>
			</trkpt>
			<trkpt lat="47.1759369115" lon="9.1351535139">
				<ele>1569.1</ele>
				<extensions>
					<swisstopo:routepoint_id>1712060014</swisstopo:routepoint_id>
				</extensions>
			</trkpt>
			<trkpt lat="47.1759345115" lon="9.1351220073">
				<ele>1569.5</ele>
				<extensions>
					<swisstopo:routepoint_id>1363186030</swisstopo:routepoint_id>
				</extensions>
			</trkpt>
			<trkpt lat="47.1759335580" lon="9.1350895192">
				<ele>1570.4</ele>
				<extensions>
					<swisstopo:routepoint_id>879799375</swisstopo:routepoint_id>
				</extensions>
			</trkpt>
			<trkpt lat="47.1759319795" lon="9.1350517586">
				<ele>1571.4</ele>
				<extensions>
					<swisstopo:routepoint_id>655656476</swisstopo:routepoint_id>
				</extensions>
			</trkpt>
			<trkpt lat="47.1759374854" lon="9.1350173766">
				<ele>1572.1</ele>
				<extensions>
					<swisstopo:routepoint_id>1382033604</swisstopo:routepoint_id>
				</extensions>
			</trkpt>
			<trkpt lat="47.1759477724" lon="9.1349978062">
				<ele>1572.5</ele>
				<extensions>
					<swisstopo:routepoint_id>135138469</swisstopo:routepoint_id>
				</extensions>
			</trkpt>
			<trkpt lat="47.1759552670" lon="9.1349739501">
				<ele>1573.1</ele>
				<extensions>
					<swisstopo:routepoint_id>1925166374</swisstopo:routepoint_id>
				</extensions>
			</trkpt>
			<trkpt lat="47.1759614071" lon="9.1349448274">
				<ele>1574.0</ele>
				<extensions>
					<swisstopo:routepoint_id>924297875</swisstopo:routepoint_id>
				</extensions>
			</trkpt>
			<trkpt lat="47.1759667743" lon="9.1349198617">
				<ele>1574.6</ele>
				<extensions>
					<swisstopo:routepoint_id>1079993817</swisstopo:routepoint_id>
				</extensions>
			</trkpt>
			<trkpt lat="47.1759715690" lon="9.1348854443">
				<ele>1575.3</ele>
				<extensions>
					<swisstopo:routepoint_id>36735158</swisstopo:routepoint_id>
				</extensions>
			</trkpt>
			<trkpt lat="47.1759796361" lon="9.1348710413">
				<ele>1575.8</ele>
				<extensions>
					<swisstopo:routepoint_id>439414113</swisstopo:routepoint_id>
				</extensions>
			</trkpt>
			<trkpt lat="47.1759904801" lon="9.1348619628">
				<ele>1576.0</ele>
				<extensions>
					<swisstopo:routepoint_id>1579813603</swisstopo:routepoint_id>
				</extensions>
			</trkpt>
			<trkpt lat="47.1759936274" lon="9.1348421533">
				<ele>1576.2</ele>
				<extensions>
					<swisstopo:routepoint_id>1580903641</swisstopo:routepoint_id>
				</extensions>
			</trkpt>
			<trkpt lat="47.1759902844" lon="9.1348263449">
				<ele>1576.7</ele>
				<extensions>
					<swisstopo:routepoint_id>839691554</swisstopo:routepoint_id>
				</extensions>
			</trkpt>
			<trkpt lat="47.1759827725" lon="9.1348030694">
				<ele>1577.4</ele>
				<extensions>
					<swisstopo:routepoint_id>421956964</swisstopo:routepoint_id>
				</extensions>
			</trkpt>
			<trkpt lat="47.1759845897" lon="9.1347769361">
				<ele>1577.9</ele>
				<extensions>
					<swisstopo:routepoint_id>1334232534</swisstopo:routepoint_id>
				</extensions>
			</trkpt>
			<trkpt lat="47.1759920996" lon="9.1347520382">
				<ele>1578.5</ele>
				<extensions>
					<swisstopo:routepoint_id>2084315314</swisstopo:routepoint_id>
				</extensions>
			</trkpt>
			<trkpt lat="47.1760042827" lon="9.1347492836">
				<ele>1578.7</ele>
				<extensions>
					<swisstopo:routepoint_id>1065752242</swisstopo:routepoint_id>
				</extensions>
			</trkpt>
			<trkpt lat="47.1760137107" lon="9.1347391068">
				<ele>1579.0</ele>
				<extensions>
					<swisstopo:routepoint_id>1846769019</swisstopo:routepoint_id>
				</extensions>
			</trkpt>
			<trkpt lat="47.1760204784" lon="9.1347162842">
				<ele>1579.6</ele>
				<extensions>
					<swisstopo:routepoint_id>1257142315</swisstopo:routepoint_id>
				</extensions>
			</trkpt>
			<trkpt lat="47.1760284991" lon="9.1347050189">
				<ele>1580.2</ele>
				<extensions>
					<swisstopo:routepoint_id>1434456391</swisstopo:routepoint_id>
				</extensions>
			</trkpt>
			<trkpt lat="47.1760485795" lon="9.1346993756">
				<ele>1581.0</ele>
				<extensions>
					<swisstopo:routepoint_id>1741889185</swisstopo:routepoint_id>
				</extensions>
			</trkpt>
			<trkpt lat="47.1760695102" lon="9.1346843239">
				<ele>1581.9</ele>
				<extensions>
					<swisstopo:routepoint_id>1364848856</swisstopo:routepoint_id>
				</extensions>
			</trkpt>
			<trkpt lat="47.1760823804" lon="9.1346826347">
				<ele>1582.2</ele>
				<extensions>
					<swisstopo:routepoint_id>2126993374</swisstopo:routepoint_id>
				</extensions>
			</trkpt>
			<trkpt lat="47.1760908283" lon="9.1346912796">
				<ele>1582.6</ele>
				<extensions>
					<swisstopo:routepoint_id>60691036</swisstopo:routepoint_id>
				</extensions>
			</trkpt>
			<trkpt lat="47.1760992673" lon="9.1346999258">
				<ele>1582.9</ele>
				<extensions>
					<swisstopo:routepoint_id>1342516295</swisstopo:routepoint_id>
				</extensions>
			</trkpt>
			<trkpt lat="47.1761114436" lon="9.1346982277">
				<ele>1583.3</ele>
				<extensions>
					<swisstopo:routepoint_id>2091982197</swisstopo:routepoint_id>
				</extensions>
			</trkpt>
			<trkpt lat="47.1761269281" lon="9.1346652038">
				<ele>1584.6</ele>
				<extensions>
					<swisstopo:routepoint_id>1178448633</swisstopo:routepoint_id>
				</extensions>
			</trkpt>
			<trkpt lat="47.1761369597" lon="9.1346623682">
				<ele>1585.0</ele>
				<extensions>
					<swisstopo:routepoint_id>583482405</swisstopo:routepoint_id>
				</extensions>
			</trkpt>
			<trkpt lat="47.1761430997" lon="9.1346332456">
				<ele>1585.7</ele>
				<extensions>
					<swisstopo:routepoint_id>1543534595</swisstopo:routepoint_id>
				</extensions>
			</trkpt>
			<trkpt lat="47.1761518010" lon="9.1346241007">
				<ele>1586.0</ele>
				<extensions>
					<swisstopo:routepoint_id>362200999</swisstopo:routepoint_id>
				</extensions>
			</trkpt>
			<trkpt lat="47.1761683004" lon="9.1346193857">
				<ele>1586.3</ele>
				<extensions>
					<swisstopo:routepoint_id>1452674706</swisstopo:routepoint_id>
				</extensions>
			</trkpt>
			<trkpt lat="47.1761840954" lon="9.1346135920">
				<ele>1586.5</ele>
				<extensions>
					<swisstopo:routepoint_id>1630599839</swisstopo:routepoint_id>
				</extensions>
			</trkpt>
			<trkpt lat="47.1761958600" lon="9.1345909276">
				<ele>1586.6</ele>
				<extensions>
					<swisstopo:routepoint_id>395299430</swisstopo:routepoint_id>
				</extensions>
			</trkpt>
			<trkpt lat="47.1762126591" lon="9.1345652820">
				<ele>1586.5</ele>
				<extensions>
					<swisstopo:routepoint_id>1812869238</swisstopo:routepoint_id>
				</extensions>
			</trkpt>
			<trkpt lat="47.1762243159" lon="9.1345499363">
				<ele>1586.3</ele>
				<extensions>
					<swisstopo:routepoint_id>2027995825</swisstopo:routepoint_id>
				</extensions>
			</trkpt>
			<trkpt lat="47.1762318874" lon="9.1345208572">
				<ele>1586.4</ele>
				<extensions>
					<swisstopo:routepoint_id>1977410450</swisstopo:routepoint_id>
				</extensions>
			</trkpt>
			<trkpt lat="47.1762396132" lon="9.1344812944">
				<ele>1586.7</ele>
				<extensions>
					<swisstopo:routepoint_id>2138529406</swisstopo:routepoint_id>
				</extensions>
			</trkpt>
			<trkpt lat="47.1762422339" lon="9.1344489194">
				<ele>1586.8</ele>
				<extensions>
					<swisstopo:routepoint_id>1927713264</swisstopo:routepoint_id>
				</extensions>
			</trkpt>
			<trkpt lat="47.1762414656" lon="9.1344038623">
				<ele>1587.3</ele>
				<extensions>
					<swisstopo:routepoint_id>1219965139</swisstopo:routepoint_id>
				</extensions>
			</trkpt>
			<trkpt lat="47.1762451282" lon="9.1343484684">
				<ele>1588.0</ele>
				<extensions>
					<swisstopo:routepoint_id>777188999</swisstopo:routepoint_id>
				</extensions>
			</trkpt>
			<trkpt lat="47.1762414218" lon="9.1343095982">
				<ele>1588.7</ele>
				<extensions>
					<swisstopo:routepoint_id>1347158760</swisstopo:routepoint_id>
				</extensions>
			</trkpt>
			<trkpt lat="47.1762426044" lon="9.1342782197">
				<ele>1589.2</ele>
				<extensions>
					<swisstopo:routepoint_id>2057739264</swisstopo:routepoint_id>
				</extensions>
			</trkpt>
			<trkpt lat="47.1762486828" lon="9.1342532761">
				<ele>1589.6</ele>
				<extensions>
					<swisstopo:routepoint_id>1153019735</swisstopo:routepoint_id>
				</extensions>
			</trkpt>
			<trkpt lat="47.1762589542" lon="9.1342347473">
				<ele>1590.0</ele>
				<extensions>
					<swisstopo:routepoint_id>500939425</swisstopo:routepoint_id>
				</extensions>
			</trkpt>
			<trkpt lat="47.1762699592" lon="9.1342141430">
				<ele>1590.3</ele>
				<extensions>
					<swisstopo:routepoint_id>1824630655</swisstopo:routepoint_id>
				</extensions>
			</trkpt>
			<trkpt lat="47.1762738574" lon="9.1341922711">
				<ele>1591.0</ele>
				<extensions>
					<swisstopo:routepoint_id>1794171626</swisstopo:routepoint_id>
				</extensions>
			</trkpt>
			<trkpt lat="47.1762683802" lon="9.1341763951">
				<ele>1591.6</ele>
				<extensions>
					<swisstopo:routepoint_id>1040946984</swisstopo:routepoint_id>
				</extensions>
			</trkpt>
			<trkpt lat="47.1762650834" lon="9.1341574362">
				<ele>1592.1</ele>
				<extensions>
					<swisstopo:routepoint_id>576063380</swisstopo:routepoint_id>
				</extensions>
			</trkpt>
			<trkpt lat="47.1762661736" lon="9.1341323346">
				<ele>1592.5</ele>
				<extensions>
					<swisstopo:routepoint_id>1621092467</swisstopo:routepoint_id>
				</extensions>
			</trkpt>
			<trkpt lat="47.1762665282" lon="9.1341082534">
				<ele>1592.9</ele>
				<extensions>
					<swisstopo:routepoint_id>714604013</swisstopo:routepoint_id>
				</extensions>
			</trkpt>
			<trkpt lat="47.1762538959" lon="9.1340931928">
				<ele>1593.4</ele>
				<extensions>
					<swisstopo:routepoint_id>1033471907</swisstopo:routepoint_id>
				</extensions>
			</trkpt>
			<trkpt lat="47.1762433976" lon="9.1340782014">
				<ele>1594.0</ele>
				<extensions>
					<swisstopo:routepoint_id>386575326</swisstopo:routepoint_id>
				</extensions>
			</trkpt>
			<trkpt lat="47.1762387640" lon="9.1340539606">
				<ele>1594.6</ele>
				<extensions>
					<swisstopo:routepoint_id>1509279670</swisstopo:routepoint_id>
				</extensions>
			</trkpt>
			<trkpt lat="47.1762385987" lon="9.1340162592">
				<ele>1595.4</ele>
				<extensions>
					<swisstopo:routepoint_id>843137168</swisstopo:routepoint_id>
				</extensions>
			</trkpt>
			<trkpt lat="47.1762474322" lon="9.1339987268">
				<ele>1595.7</ele>
				<extensions>
					<swisstopo:routepoint_id>1140553470</swisstopo:routepoint_id>
				</extensions>
			</trkpt>
			<trkpt lat="47.1762606503" lon="9.1339740096">
				<ele>1596.3</ele>
				<extensions>
					<swisstopo:routepoint_id>2138607387</swisstopo:routepoint_id>
				</extensions>
			</trkpt>
			<trkpt lat="47.1762738288" lon="9.1339513898">
				<ele>1596.9</ele>
				<extensions>
					<swisstopo:routepoint_id>1066266565</swisstopo:routepoint_id>
				</extensions>
			</trkpt>
			<trkpt lat="47.1762755839" lon="9.1339294486">
				<ele>1597.4</ele>
				<extensions>
					<swisstopo:routepoint_id>2015174086</swisstopo:routepoint_id>
				</extensions>
			</trkpt>
			<trkpt lat="47.1762681028" lon="9.1339040770">
				<ele>1597.8</ele>
				<extensions>
					<swisstopo:routepoint_id>500735176</swisstopo:routepoint_id>
				</extensions>
			</trkpt>
			<trkpt lat="47.1762598639" lon="9.1338818206">
				<ele>1598.6</ele>
				<extensions>
					<swisstopo:routepoint_id>1053136250</swisstopo:routepoint_id>
				</extensions>
			</trkpt>
			<trkpt lat="47.1762530015" lon="9.1338627600">
				<ele>1599.0</ele>
				<extensions>
					<swisstopo:routepoint_id>1012792796</swisstopo:routepoint_id>
				</extensions>
			</trkpt>
			<trkpt lat="47.1762462317" lon="9.1338374110">
				<ele>1599.6</ele>
				<extensions>
					<swisstopo:routepoint_id>1653700610</swisstopo:routepoint_id>
				</extensions>
			</trkpt>
			<trkpt lat="47.1762267304" lon="9.1338043205">
				<ele>1601.0</ele>
				<extensions>
					<swisstopo:routepoint_id>818229993</swisstopo:routepoint_id>
				</extensions>
			</trkpt>
			<trkpt lat="47.1762191171" lon="9.1337873219">
				<ele>1601.5</ele>
				<extensions>
					<swisstopo:routepoint_id>593043960</swisstopo:routepoint_id>
				</extensions>
			</trkpt>
			<trkpt lat="47.1762265035" lon="9.1337708000">
				<ele>1601.8</ele>
				<extensions>
					<swisstopo:routepoint_id>1210430513</swisstopo:routepoint_id>
				</extensions>
			</trkpt>
			<trkpt lat="47.1762439301" lon="9.1337514541">
				<ele>1602.2</ele>
				<extensions>
					<swisstopo:routepoint_id>1062889237</swisstopo:routepoint_id>
				</extensions>
			</trkpt>
			<trkpt lat="47.1762492354" lon="9.1337306690">
				<ele>1602.8</ele>
				<extensions>
					<swisstopo:routepoint_id>265192566</swisstopo:routepoint_id>
				</extensions>
			</trkpt>
			<trkpt lat="47.1762444542" lon="9.1337158587">
				<ele>1603.2</ele>
				<extensions>
					<swisstopo:routepoint_id>1005079524</swisstopo:routepoint_id>
				</extensions>
			</trkpt>
			<trkpt lat="47.1762311876" lon="9.1336955402">
				<ele>1603.7</ele>
				<extensions>
					<swisstopo:routepoint_id>1495389195</swisstopo:routepoint_id>
				</extensions>
			</trkpt>
			<trkpt lat="47.1762162738" lon="9.1336898298">
				<ele>1604.3</ele>
				<extensions>
					<swisstopo:routepoint_id>1128964920</swisstopo:routepoint_id>
				</extensions>
			</trkpt>
			<trkpt lat="47.1762006948" lon="9.1336809577">
				<ele>1604.9</ele>
				<extensions>
					<swisstopo:routepoint_id>1162930781</swisstopo:routepoint_id>
				</extensions>
			</trkpt>
			<trkpt lat="47.1761951934" lon="9.1336661245">
				<ele>1605.3</ele>
				<extensions>
					<swisstopo:routepoint_id>1434067466</swisstopo:routepoint_id>
				</extensions>
			</trkpt>
			<trkpt lat="47.1762033835" lon="9.1336433467">
				<ele>1606.0</ele>
				<extensions>
					<swisstopo:routepoint_id>445630365</swisstopo:routepoint_id>
				</extensions>
			</trkpt>
			<trkpt lat="47.1762151173" lon="9.1336227654">
				<ele>1606.7</ele>
				<extensions>
					<swisstopo:routepoint_id>375935177</swisstopo:routepoint_id>
				</extensions>
			</trkpt>
			<trkpt lat="47.1762230578" lon="9.1335990421">
				<ele>1607.2</ele>
				<extensions>
					<swisstopo:routepoint_id>1616864045</swisstopo:routepoint_id>
				</extensions>
			</trkpt>
			<trkpt lat="47.1762276669" lon="9.1335772058">
				<ele>1607.8</ele>
				<extensions>
					<swisstopo:routepoint_id>1757743911</swisstopo:routepoint_id>
				</extensions>
			</trkpt>
			<trkpt lat="47.1762214300" lon="9.1335633916">
				<ele>1608.3</ele>
				<extensions>
					<swisstopo:routepoint_id>809547608</swisstopo:routepoint_id>
				</extensions>
			</trkpt>
			<trkpt lat="47.1762101213" lon="9.1335556968">
				<ele>1609.0</ele>
				<extensions>
					<swisstopo:routepoint_id>2078406530</swisstopo:routepoint_id>
				</extensions>
			</trkpt>
			<trkpt lat="47.1761988038" lon="9.1335480016">
				<ele>1609.8</ele>
				<extensions>
					<swisstopo:routepoint_id>1162348406</swisstopo:routepoint_id>
				</extensions>
			</trkpt>
			<trkpt lat="47.1761904503" lon="9.1335341333">
				<ele>1610.3</ele>
				<extensions>
					<swisstopo:routepoint_id>980983775</swisstopo:routepoint_id>
				</extensions>
			</trkpt>
			<trkpt lat="47.1761829537" lon="9.1335098035">
				<ele>1611.0</ele>
				<extensions>
					<swisstopo:routepoint_id>1588278855</swisstopo:routepoint_id>
				</extensions>
			</trkpt>
			<trkpt lat="47.1761826035" lon="9.1334846562">
				<ele>1611.7</ele>
				<extensions>
					<swisstopo:routepoint_id>460461228</swisstopo:routepoint_id>
				</extensions>
			</trkpt>
			<trkpt lat="47.1761970988" lon="9.1334704568">
				<ele>1612.2</ele>
				<extensions>
					<swisstopo:routepoint_id>41681450</swisstopo:routepoint_id>
				</extensions>
			</trkpt>
			<trkpt lat="47.1762038267" lon="9.1334497167">
				<ele>1612.7</ele>
				<extensions>
					<swisstopo:routepoint_id>2136880954</swisstopo:routepoint_id>
				</extensions>
			</trkpt>
			<trkpt lat="47.1761976845" lon="9.1334306661">
				<ele>1613.3</ele>
				<extensions>
					<swisstopo:routepoint_id>1038795231</swisstopo:routepoint_id>
				</extensions>
			</trkpt>
			<trkpt lat="47.1761886485" lon="9.1334136241">
				<ele>1613.8</ele>
				<extensions>
					<swisstopo:routepoint_id>1512768352</swisstopo:routepoint_id>
				</extensions>
			</trkpt>
			<trkpt lat="47.1761848030" lon="9.1333841834">
				<ele>1614.5</ele>
				<extensions>
					<swisstopo:routepoint_id>1783931217</swisstopo:routepoint_id>
				</extensions>
			</trkpt>
			<trkpt lat="47.1761816602" lon="9.1333547520">
				<ele>1615.3</ele>
				<extensions>
					<swisstopo:routepoint_id>812487949</swisstopo:routepoint_id>
				</extensions>
			</trkpt>
			<trkpt lat="47.1761800722" lon="9.1333170056">
				<ele>1616.4</ele>
				<extensions>
					<swisstopo:routepoint_id>1084970318</swisstopo:routepoint_id>
				</extensions>
			</trkpt>
			<trkpt lat="47.1761841087" lon="9.1332857159">
				<ele>1617.4</ele>
				<extensions>
					<swisstopo:routepoint_id>1777517105</swisstopo:routepoint_id>
				</extensions>
			</trkpt>
			<trkpt lat="47.1761965758" lon="9.1332630605">
				<ele>1618.4</ele>
				<extensions>
					<swisstopo:routepoint_id>1231711334</swisstopo:routepoint_id>
				</extensions>
			</trkpt>
			<trkpt lat="47.1762139405" lon="9.1332479098">
				<ele>1619.1</ele>
				<extensions>
					<swisstopo:routepoint_id>475900566</swisstopo:routepoint_id>
				</extensions>
			</trkpt>
			<trkpt lat="47.1762318936" lon="9.1332411418">
				<ele>1619.4</ele>
				<extensions>
					<swisstopo:routepoint_id>1379978538</swisstopo:routepoint_id>
				</extensions>
			</trkpt>
			<trkpt lat="47.1762393723" lon="9.1332183414">
				<ele>1619.7</ele>
				<extensions>
					<swisstopo:routepoint_id>1919362875</swisstopo:routepoint_id>
				</extensions>
			</trkpt>
			<trkpt lat="47.1762412197" lon="9.1331901231">
				<ele>1619.8</ele>
				<extensions>
					<swisstopo:routepoint_id>1857424981</swisstopo:routepoint_id>
				</extensions>
			</trkpt>
			<trkpt lat="47.1762471901" lon="9.1331724997">
				<ele>1619.7</ele>
				<extensions>
					<swisstopo:routepoint_id>2077957785</swisstopo:routepoint_id>
				</extensions>
			</trkpt>
			<trkpt lat="47.1762581726" lon="9.1331540060">
				<ele>1619.9</ele>
				<extensions>
					<swisstopo:routepoint_id>1904199397</swisstopo:routepoint_id>
				</extensions>
			</trkpt>
			<trkpt lat="47.1762728903" lon="9.1331240981">
				<ele>1620.0</ele>
				<extensions>
					<swisstopo:routepoint_id>1418395471</swisstopo:routepoint_id>
				</extensions>
			</trkpt>
			<trkpt lat="47.1762804922" lon="9.1330929229">
				<ele>1620.2</ele>
				<extensions>
					<swisstopo:routepoint_id>1635580953</swisstopo:routepoint_id>
				</extensions>
			</trkpt>
			<trkpt lat="47.1762908560" lon="9.1330681150">
				<ele>1620.4</ele>
				<extensions>
					<swisstopo:routepoint_id>1759533849</swisstopo:routepoint_id>
				</extensions>
			</trkpt>
			<trkpt lat="47.1763034330" lon="9.1330391815">
				<ele>1620.9</ele>
				<extensions>
					<swisstopo:routepoint_id>2063130273</swisstopo:routepoint_id>
				</extensions>
			</trkpt>
			<trkpt lat="47.1763044745" lon="9.1330161770">
				<ele>1621.4</ele>
				<extensions>
					<swisstopo:routepoint_id>1342507665</swisstopo:routepoint_id>
				</extensions>
			</trkpt>
			<trkpt lat="47.1763026179" lon="9.1329972621">
				<ele>1621.9</ele>
				<extensions>
					<swisstopo:routepoint_id>6979629</swisstopo:routepoint_id>
				</extensions>
			</trkpt>
			<trkpt lat="47.1763037143" lon="9.1329711187">
				<ele>1622.5</ele>
				<extensions>
					<swisstopo:routepoint_id>1256777303</swisstopo:routepoint_id>
				</extensions>
			</trkpt>
			<trkpt lat="47.1763090348" lon="9.1329492919">
				<ele>1622.9</ele>
				<extensions>
					<swisstopo:routepoint_id>112131846</swisstopo:routepoint_id>
				</extensions>
			</trkpt>
			<trkpt lat="47.1763035885" lon="9.1329313069">
				<ele>1623.4</ele>
				<extensions>
					<swisstopo:routepoint_id>1670640853</swisstopo:routepoint_id>
				</extensions>
			</trkpt>
			<trkpt lat="47.1762952637" lon="9.1329142859">
				<ele>1624.0</ele>
				<extensions>
					<swisstopo:routepoint_id>555529366</swisstopo:routepoint_id>
				</extensions>
			</trkpt>
			<trkpt lat="47.1762977608" lon="9.1328902856">
				<ele>1624.5</ele>
				<extensions>
					<swisstopo:routepoint_id>1133253287</swisstopo:routepoint_id>
				</extensions>
			</trkpt>
			<trkpt lat="47.1763046051" lon="9.1328622269">
				<ele>1625.5</ele>
				<extensions>
					<swisstopo:routepoint_id>95130665</swisstopo:routepoint_id>
				</extensions>
			</trkpt>
			<trkpt lat="47.1763099168" lon="9.1328403983">
				<ele>1626.1</ele>
				<extensions>
					<swisstopo:routepoint_id>2146594895</swisstopo:routepoint_id>
				</extensions>
			</trkpt>
			<trkpt lat="47.1763061022" lon="9.1328088486">
				<ele>1626.7</ele>
				<extensions>
					<swisstopo:routepoint_id>978997966</swisstopo:routepoint_id>
				</extensions>
			</trkpt>
			<trkpt lat="47.1763014595" lon="9.1327846219">
				<ele>1626.8</ele>
				<extensions>
					<swisstopo:routepoint_id>1248402108</swisstopo:routepoint_id>
				</extensions>
			</trkpt>
			<trkpt lat="47.1762998713" lon="9.1327468611">
				<ele>1627.4</ele>
				<extensions>
					<swisstopo:routepoint_id>2145513555</swisstopo:routepoint_id>
				</extensions>
			</trkpt>
			<trkpt lat="47.1762976178" lon="9.1327059528">
				<ele>1628.4</ele>
				<extensions>
					<swisstopo:routepoint_id>743000859</swisstopo:routepoint_id>
				</extensions>
			</trkpt>
			<trkpt lat="47.1762889976" lon="9.1326606456">
				<ele>1628.8</ele>
				<extensions>
					<swisstopo:routepoint_id>997441563</swisstopo:routepoint_id>
				</extensions>
			</trkpt>
			<trkpt lat="47.1762796902" lon="9.1326142633">
				<ele>1629.0</ele>
				<extensions>
					<swisstopo:routepoint_id>74423331</swisstopo:routepoint_id>
				</extensions>
			</trkpt>
			<trkpt lat="47.1762693611" lon="9.1325877579">
				<ele>1629.6</ele>
				<extensions>
					<swisstopo:routepoint_id>845735032</swisstopo:routepoint_id>
				</extensions>
			</trkpt>
			<trkpt lat="47.1762647799" lon="9.1325593360">
				<ele>1629.3</ele>
				<extensions>
					<swisstopo:routepoint_id>345037876</swisstopo:routepoint_id>
				</extensions>
			</trkpt>
			<trkpt lat="47.1762638810" lon="9.1325236958">
				<ele>1629.2</ele>
				<extensions>
					<swisstopo:routepoint_id>1731474739</swisstopo:routepoint_id>
				</extensions>
			</trkpt>
			<trkpt lat="47.1762651314" lon="9.1324870813">
				<ele>1629.2</ele>
				<extensions>
					<swisstopo:routepoint_id>336274228</swisstopo:routepoint_id>
				</extensions>
			</trkpt>
			<trkpt lat="47.1762733677" lon="9.1324611511">
				<ele>1629.4</ele>
				<extensions>
					<swisstopo:routepoint_id>1172211058</swisstopo:routepoint_id>
				</extensions>
			</trkpt>
			<trkpt lat="47.1762963483" lon="9.1324524578">
				<ele>1628.6</ele>
				<extensions>
					<swisstopo:routepoint_id>1269623950</swisstopo:routepoint_id>
				</extensions>
			</trkpt>
			<trkpt lat="47.1763164747" lon="9.1324436742">
				<ele>1628.8</ele>
				<extensions>
					<swisstopo:routepoint_id>2042018551</swisstopo:routepoint_id>
				</extensions>
			</trkpt>
			<trkpt lat="47.1763359428" lon="9.1324306723">
				<ele>1628.9</ele>
				<extensions>
					<swisstopo:routepoint_id>877667621</swisstopo:routepoint_id>
				</extensions>
			</trkpt>
			<trkpt lat="47.1763518608" lon="9.1324165047">
				<ele>1629.0</ele>
				<extensions>
					<swisstopo:routepoint_id>214072278</swisstopo:routepoint_id>
				</extensions>
			</trkpt>
			<trkpt lat="47.1763577626" lon="9.1324041300">
				<ele>1629.1</ele>
				<extensions>
					<swisstopo:routepoint_id>1515146972</swisstopo:routepoint_id>
				</extensions>
			</trkpt>
			<trkpt lat="47.1763594935" lon="9.1323832315">
				<ele>1629.3</ele>
				<extensions>
					<swisstopo:routepoint_id>1864556228</swisstopo:routepoint_id>
				</extensions>
			</trkpt>
			<trkpt lat="47.1763653952" lon="9.1323708567">
				<ele>1629.4</ele>
				<extensions>
					<swisstopo:routepoint_id>548896699</swisstopo:routepoint_id>
				</extensions>
			</trkpt>
			<trkpt lat="47.1763825972" lon="9.1323661635">
				<ele>1629.6</ele>
				<extensions>
					<swisstopo:routepoint_id>1655461833</swisstopo:routepoint_id>
				</extensions>
			</trkpt>
			<trkpt lat="47.1763997772" lon="9.1323635666">
				<ele>1629.8</ele>
				<extensions>
					<swisstopo:routepoint_id>563961492</swisstopo:routepoint_id>
				</extensions>
			</trkpt>
			<trkpt lat="47.1764120131" lon="9.1323566189">
				<ele>1630.0</ele>
				<extensions>
					<swisstopo:routepoint_id>1911903479</swisstopo:routepoint_id>
				</extensions>
			</trkpt>
			<trkpt lat="47.1764250239" lon="9.1323465663">
				<ele>1630.3</ele>
				<extensions>
					<swisstopo:routepoint_id>1466566414</swisstopo:routepoint_id>
				</extensions>
			</trkpt>
			<trkpt lat="47.1764337492" lon="9.1323363668">
				<ele>1630.5</ele>
				<extensions>
					<swisstopo:routepoint_id>1843726311</swisstopo:routepoint_id>
				</extensions>
			</trkpt>
			<trkpt lat="47.1764384726" lon="9.1323061421">
				<ele>1630.9</ele>
				<extensions>
					<swisstopo:routepoint_id>879316874</swisstopo:routepoint_id>
				</extensions>
			</trkpt>
			<trkpt lat="47.1764415886" lon="9.1322884413">
				<ele>1631.4</ele>
				<extensions>
					<swisstopo:routepoint_id>1223352636</swisstopo:routepoint_id>
				</extensions>
			</trkpt>
			<trkpt lat="47.1764538949" lon="9.1322772985">
				<ele>1631.8</ele>
				<extensions>
					<swisstopo:routepoint_id>2068592617</swisstopo:routepoint_id>
				</extensions>
			</trkpt>
			<trkpt lat="47.1764725282" lon="9.1322726632">
				<ele>1632.7</ele>
				<extensions>
					<swisstopo:routepoint_id>1835456875</swisstopo:routepoint_id>
				</extensions>
			</trkpt>
			<trkpt lat="47.1764840988" lon="9.1322625538">
				<ele>1633.4</ele>
				<extensions>
					<swisstopo:routepoint_id>973229661</swisstopo:routepoint_id>
				</extensions>
			</trkpt>
			<trkpt lat="47.1765029105" lon="9.1322463919">
				<ele>1634.5</ele>
				<extensions>
					<swisstopo:routepoint_id>1518130924</swisstopo:routepoint_id>
				</extensions>
			</trkpt>
			<trkpt lat="47.1765185887" lon="9.1322479302">
				<ele>1635.5</ele>
				<extensions>
					<swisstopo:routepoint_id>957750227</swisstopo:routepoint_id>
				</extensions>
			</trkpt>
			<trkpt lat="47.1765420276" lon="9.1322570510">
				<ele>1636.2</ele>
				<extensions>
					<swisstopo:routepoint_id>275535937</swisstopo:routepoint_id>
				</extensions>
			</trkpt>
			<trkpt lat="47.1765472555" lon="9.1322415157">
				<ele>1636.6</ele>
				<extensions>
					<swisstopo:routepoint_id>506509235</swisstopo:routepoint_id>
				</extensions>
			</trkpt>
			<trkpt lat="47.1765483607" lon="9.1322153579">
				<ele>1636.9</ele>
				<extensions>
					<swisstopo:routepoint_id>248548950</swisstopo:routepoint_id>
				</extensions>
			</trkpt>
			<trkpt lat="47.1765495099" lon="9.1321850200">
				<ele>1637.5</ele>
				<extensions>
					<swisstopo:routepoint_id>1700420118</swisstopo:routepoint_id>
				</extensions>
			</trkpt>
			<trkpt lat="47.1765421141" lon="9.1321544118">
				<ele>1637.9</ele>
				<extensions>
					<swisstopo:routepoint_id>1808858150</swisstopo:routepoint_id>
				</extensions>
			</trkpt>
			<trkpt lat="47.1765333243" lon="9.1321206203">
				<ele>1638.4</ele>
				<extensions>
					<swisstopo:routepoint_id>33967515</swisstopo:routepoint_id>
				</extensions>
			</trkpt>
			<trkpt lat="47.1765245959" lon="9.1320826460">
				<ele>1639.1</ele>
				<extensions>
					<swisstopo:routepoint_id>696621337</swisstopo:routepoint_id>
				</extensions>
			</trkpt>
			<trkpt lat="47.1765228227" lon="9.1320574538">
				<ele>1639.3</ele>
				<extensions>
					<swisstopo:routepoint_id>126281339</swisstopo:routepoint_id>
				</extensions>
			</trkpt>
			<trkpt lat="47.1765280440" lon="9.1320429603">
				<ele>1639.5</ele>
				<extensions>
					<swisstopo:routepoint_id>260025912</swisstopo:routepoint_id>
				</extensions>
			</trkpt>
			<trkpt lat="47.1765426537" lon="9.1320203723">
				<ele>1639.7</ele>
				<extensions>
					<swisstopo:routepoint_id>506380539</swisstopo:routepoint_id>
				</extensions>
			</trkpt>
			<trkpt lat="47.1765565671" lon="9.1319967316">
				<ele>1639.6</ele>
				<extensions>
					<swisstopo:routepoint_id>1717301517</swisstopo:routepoint_id>
				</extensions>
			</trkpt>
			<trkpt lat="47.1765683532" lon="9.1319719699">
				<ele>1639.6</ele>
				<extensions>
					<swisstopo:routepoint_id>940001607</swisstopo:routepoint_id>
				</extensions>
			</trkpt>
			<trkpt lat="47.1765811609" lon="9.1319273407">
				<ele>1639.8</ele>
				<extensions>
					<swisstopo:routepoint_id>1232683688</swisstopo:routepoint_id>
				</extensions>
			</trkpt>
			<trkpt lat="47.1765881657" lon="9.1318877547">
				<ele>1640.0</ele>
				<extensions>
					<swisstopo:routepoint_id>2005601000</swisstopo:routepoint_id>
				</extensions>
			</trkpt>
			<trkpt lat="47.1765992097" lon="9.1318650666">
				<ele>1640.4</ele>
				<extensions>
					<swisstopo:routepoint_id>1739239931</swisstopo:routepoint_id>
				</extensions>
			</trkpt>
			<trkpt lat="47.1766103155" lon="9.1318381832">
				<ele>1640.6</ele>
				<extensions>
					<swisstopo:routepoint_id>1773467292</swisstopo:routepoint_id>
				</extensions>
			</trkpt>
			<trkpt lat="47.1766260916" lon="9.1317852708">
				<ele>1640.6</ele>
				<extensions>
					<swisstopo:routepoint_id>818237119</swisstopo:routepoint_id>
				</extensions>
			</trkpt>
			<trkpt lat="47.1766302354" lon="9.1317466489">
				<ele>1640.8</ele>
				<extensions>
					<swisstopo:routepoint_id>803230823</swisstopo:routepoint_id>
				</extensions>
			</trkpt>
			<trkpt lat="47.1766343551" lon="9.1317090831">
				<ele>1641.0</ele>
				<extensions>
					<swisstopo:routepoint_id>167813962</swisstopo:routepoint_id>
				</extensions>
			</trkpt>
			<trkpt lat="47.1766383758" lon="9.1316788361">
				<ele>1640.9</ele>
				<extensions>
					<swisstopo:routepoint_id>1966694598</swisstopo:routepoint_id>
				</extensions>
			</trkpt>
			<trkpt lat="47.1766403373" lon="9.1316422424">
				<ele>1641.0</ele>
				<extensions>
					<swisstopo:routepoint_id>1455197862</swisstopo:routepoint_id>
				</extensions>
			</trkpt>
			<trkpt lat="47.1766379449" lon="9.1316107505">
				<ele>1641.0</ele>
				<extensions>
					<swisstopo:routepoint_id>523445482</swisstopo:routepoint_id>
				</extensions>
			</trkpt>
			<trkpt lat="47.1766435270" lon="9.1315711191">
				<ele>1641.1</ele>
				<extensions>
					<swisstopo:routepoint_id>1315711463</swisstopo:routepoint_id>
				</extensions>
			</trkpt>
			<trkpt lat="47.1766506086" lon="9.1315263102">
				<ele>1641.0</ele>
				<extensions>
					<swisstopo:routepoint_id>552441692</swisstopo:routepoint_id>
				</extensions>
			</trkpt>
			<trkpt lat="47.1766608302" lon="9.1314627444">
				<ele>1641.3</ele>
				<extensions>
					<swisstopo:routepoint_id>231941171</swisstopo:routepoint_id>
				</extensions>
			</trkpt>
			<trkpt lat="47.1766754670" lon="9.1313898975">
				<ele>1641.5</ele>
				<extensions>
					<swisstopo:routepoint_id>630574388</swisstopo:routepoint_id>
				</extensions>
			</trkpt>
			<trkpt lat="47.1766927514" lon="9.1313317947">
				<ele>1641.9</ele>
				<extensions>
					<swisstopo:routepoint_id>1712453526</swisstopo:routepoint_id>
				</extensions>
			</trkpt>
			<trkpt lat="47.1767141740" lon="9.1312832437">
				<ele>1642.2</ele>
				<extensions>
					<swisstopo:routepoint_id>43033674</swisstopo:routepoint_id>
				</extensions>
			</trkpt>
			<trkpt lat="47.1767353746" lon="9.1312503995">
				<ele>1642.6</ele>
				<extensions>
					<swisstopo:routepoint_id>1615566506</swisstopo:routepoint_id>
				</extensions>
			</trkpt>
			<trkpt lat="47.1767699872" lon="9.1312274132">
				<ele>1643.3</ele>
				<extensions>
					<swisstopo:routepoint_id>249509350</swisstopo:routepoint_id>
				</extensions>
			</trkpt>
			<trkpt lat="47.1768089934" lon="9.1311972180">
				<ele>1644.2</ele>
				<extensions>
					<swisstopo:routepoint_id>1393636797</swisstopo:routepoint_id>
				</extensions>
			</trkpt>
			<trkpt lat="47.1768384551" lon="9.1311845462">
				<ele>1644.9</ele>
				<extensions>
					<swisstopo:routepoint_id>29598522</swisstopo:routepoint_id>
				</extensions>
			</trkpt>
			<trkpt lat="47.1768644064" lon="9.1311686098">
				<ele>1645.5</ele>
				<extensions>
					<swisstopo:routepoint_id>909363403</swisstopo:routepoint_id>
				</extensions>
			</trkpt>
			<trkpt lat="47.1768897518" lon="9.1311442768">
				<ele>1646.2</ele>
				<extensions>
					<swisstopo:routepoint_id>1907324196</swisstopo:routepoint_id>
				</extensions>
			</trkpt>
			<trkpt lat="47.1769104940" lon="9.1310936052">
				<ele>1647.3</ele>
				<extensions>
					<swisstopo:routepoint_id>1166299195</swisstopo:routepoint_id>
				</extensions>
			</trkpt>
			<trkpt lat="47.1769230371" lon="9.1310645507">
				<ele>1648.0</ele>
				<extensions>
					<swisstopo:routepoint_id>750736760</swisstopo:routepoint_id>
				</extensions>
			</trkpt>
			<trkpt lat="47.1769466518" lon="9.1310467861">
				<ele>1648.4</ele>
				<extensions>
					<swisstopo:routepoint_id>1853650027</swisstopo:routepoint_id>
				</extensions>
			</trkpt>
			<trkpt lat="47.1769807410" lon="9.1310181634">
				<ele>1648.6</ele>
				<extensions>
					<swisstopo:routepoint_id>80862933</swisstopo:routepoint_id>
				</extensions>
			</trkpt>
			<trkpt lat="47.1770062466" lon="9.1309918945">
				<ele>1649.0</ele>
				<extensions>
					<swisstopo:routepoint_id>1956467571</swisstopo:routepoint_id>
				</extensions>
			</trkpt>
			<trkpt lat="47.1770301091" lon="9.1309763927">
				<ele>1649.3</ele>
				<extensions>
					<swisstopo:routepoint_id>1033801343</swisstopo:routepoint_id>
				</extensions>
			</trkpt>
			<trkpt lat="47.1770583587" lon="9.1309642896">
				<ele>1649.4</ele>
				<extensions>
					<swisstopo:routepoint_id>1510595911</swisstopo:routepoint_id>
				</extensions>
			</trkpt>
			<trkpt lat="47.1770791590" lon="9.1309562789">
				<ele>1649.3</ele>
				<extensions>
					<swisstopo:routepoint_id>577113509</swisstopo:routepoint_id>
				</extensions>
			</trkpt>
			<trkpt lat="47.1770890849" lon="9.1309349259">
				<ele>1648.6</ele>
				<extensions>
					<swisstopo:routepoint_id>70692900</swisstopo:routepoint_id>
				</extensions>
			</trkpt>
			<trkpt lat="47.1771050788" lon="9.1309018392">
				<ele>1647.9</ele>
				<extensions>
					<swisstopo:routepoint_id>688957132</swisstopo:routepoint_id>
				</extensions>
			</trkpt>
			<trkpt lat="47.1771218736" lon="9.1308644612">
				<ele>1647.1</ele>
				<extensions>
					<swisstopo:routepoint_id>938790463</swisstopo:routepoint_id>
				</extensions>
			</trkpt>
			<trkpt lat="47.1771314351" lon="9.1308170903">
				<ele>1645.8</ele>
				<extensions>
					<swisstopo:routepoint_id>1832450870</swisstopo:routepoint_id>
				</extensions>
			</trkpt>
			<trkpt lat="47.1771390062" lon="9.1307544966">
				<ele>1644.0</ele>
				<extensions>
					<swisstopo:routepoint_id>255272047</swisstopo:routepoint_id>
				</extensions>
			</trkpt>
			<trkpt lat="47.1771395475" lon="9.1307176740">
				<ele>1643.5</ele>
				<extensions>
					<swisstopo:routepoint_id>1021178353</swisstopo:routepoint_id>
				</extensions>
			</trkpt>
			<trkpt lat="47.1771481641" lon="9.1306843651">
				<ele>1643.4</ele>
				<extensions>
					<swisstopo:routepoint_id>260462477</swisstopo:routepoint_id>
				</extensions>
			</trkpt>
			<trkpt lat="47.1771626824" lon="9.1306512447">
				<ele>1643.4</ele>
				<extensions>
					<swisstopo:routepoint_id>1915590843</swisstopo:routepoint_id>
				</extensions>
			</trkpt>
			<trkpt lat="47.1771815879" lon="9.1306215067">
				<ele>1643.8</ele>
				<extensions>
					<swisstopo:routepoint_id>661340124</swisstopo:routepoint_id>
				</extensions>
			</trkpt>
			<trkpt lat="47.1772077199" lon="9.1306028326">
				<ele>1644.2</ele>
				<extensions>
					<swisstopo:routepoint_id>1710538759</swisstopo:routepoint_id>
				</extensions>
			</trkpt>
			<trkpt lat="47.1772413330" lon="9.1305779006">
				<ele>1644.7</ele>
				<extensions>
					<swisstopo:routepoint_id>2021601078</swisstopo:routepoint_id>
				</extensions>
			</trkpt>
			<trkpt lat="47.1772748100" lon="9.1305616217">
				<ele>1644.5</ele>
				<extensions>
					<swisstopo:routepoint_id>1904323817</swisstopo:routepoint_id>
				</extensions>
			</trkpt>
			<trkpt lat="47.1772985380" lon="9.1305558666">
				<ele>1644.3</ele>
				<extensions>
					<swisstopo:routepoint_id>119453445</swisstopo:routepoint_id>
				</extensions>
			</trkpt>
			<trkpt lat="47.1773206385" lon="9.1305598255">
				<ele>1644.1</ele>
				<extensions>
					<swisstopo:routepoint_id>2001829342</swisstopo:routepoint_id>
				</extensions>
			</trkpt>
			<trkpt lat="47.1773462137" lon="9.1305790414">
				<ele>1644.0</ele>
				<extensions>
					<swisstopo:routepoint_id>880859559</swisstopo:routepoint_id>
				</extensions>
			</trkpt>
			<trkpt lat="47.1773703204" lon="9.1305971414">
				<ele>1643.7</ele>
				<extensions>
					<swisstopo:routepoint_id>1380258179</swisstopo:routepoint_id>
				</extensions>
			</trkpt>
			<trkpt lat="47.1773951258" lon="9.1306185091">
				<ele>1643.2</ele>
				<extensions>
					<swisstopo:routepoint_id>1633406540</swisstopo:routepoint_id>
				</extensions>
			</trkpt>
			<trkpt lat="47.1774185427" lon="9.1306333289">
				<ele>1642.3</ele>
				<extensions>
					<swisstopo:routepoint_id>1310027712</swisstopo:routepoint_id>
				</extensions>
			</trkpt>
			<trkpt lat="47.1774411263" lon="9.1306546279">
				<ele>1641.9</ele>
				<extensions>
					<swisstopo:routepoint_id>1262093533</swisstopo:routepoint_id>
				</extensions>
			</trkpt>
			<trkpt lat="47.1774636461" lon="9.1306802642">
				<ele>1641.8</ele>
				<extensions>
					<swisstopo:routepoint_id>976645422</swisstopo:routepoint_id>
				</extensions>
			</trkpt>
			<trkpt lat="47.1774922445" lon="9.1306952479">
				<ele>1641.7</ele>
				<extensions>
					<swisstopo:routepoint_id>815250926</swisstopo:routepoint_id>
				</extensions>
			</trkpt>
			<trkpt lat="47.1775364933" lon="9.1306998945">
				<ele>1641.7</ele>
				<extensions>
					<swisstopo:routepoint_id>1759357267</swisstopo:routepoint_id>
				</extensions>
			</trkpt>
			<trkpt lat="47.1775711044" lon="9.1307074933">
				<ele>1642.3</ele>
				<extensions>
					<swisstopo:routepoint_id>727772876</swisstopo:routepoint_id>
				</extensions>
			</trkpt>
			<trkpt lat="47.1775886428" lon="9.1307199640">
				<ele>1642.9</ele>
				<extensions>
					<swisstopo:routepoint_id>404573154</swisstopo:routepoint_id>
				</extensions>
			</trkpt>
			<trkpt lat="47.1776076812" lon="9.1307313980">
				<ele>1643.3</ele>
				<extensions>
					<swisstopo:routepoint_id>583308587</swisstopo:routepoint_id>
				</extensions>
			</trkpt>
			<trkpt lat="47.1776201915" lon="9.1307350538">
				<ele>1643.5</ele>
				<extensions>
					<swisstopo:routepoint_id>1934520481</swisstopo:routepoint_id>
				</extensions>
			</trkpt>
			<trkpt lat="47.1776358511" lon="9.1307247156">
				<ele>1643.8</ele>
				<extensions>
					<swisstopo:routepoint_id>2081667794</swisstopo:routepoint_id>
				</extensions>
			</trkpt>
			<trkpt lat="47.1776509799" lon="9.1307002683">
				<ele>1644.1</ele>
				<extensions>
					<swisstopo:routepoint_id>697382039</swisstopo:routepoint_id>
				</extensions>
			</trkpt>
			<trkpt lat="47.1776655544" lon="9.1306639021">
				<ele>1644.5</ele>
				<extensions>
					<swisstopo:routepoint_id>1589795259</swisstopo:routepoint_id>
				</extensions>
			</trkpt>
			<trkpt lat="47.1776822947" lon="9.1306308386">
				<ele>1644.9</ele>
				<extensions>
					<swisstopo:routepoint_id>158916640</swisstopo:routepoint_id>
				</extensions>
			</trkpt>
			<trkpt lat="47.1777041509" lon="9.1306011936">
				<ele>1645.4</ele>
				<extensions>
					<swisstopo:routepoint_id>551733998</swisstopo:routepoint_id>
				</extensions>
			</trkpt>
			<trkpt lat="47.1777268172" lon="9.1305672482">
				<ele>1645.8</ele>
				<extensions>
					<swisstopo:routepoint_id>444044589</swisstopo:routepoint_id>
				</extensions>
			</trkpt>
			<trkpt lat="47.1777488007" lon="9.1305289384">
				<ele>1646.0</ele>
				<extensions>
					<swisstopo:routepoint_id>1979999443</swisstopo:routepoint_id>
				</extensions>
			</trkpt>
			<trkpt lat="47.1777672303" lon="9.1304807665">
				<ele>1645.6</ele>
				<extensions>
					<swisstopo:routepoint_id>1457754117</swisstopo:routepoint_id>
				</extensions>
			</trkpt>
			<trkpt lat="47.1777798217" lon="9.1304280805">
				<ele>1645.6</ele>
				<extensions>
					<swisstopo:routepoint_id>312108813</swisstopo:routepoint_id>
				</extensions>
			</trkpt>
			<trkpt lat="47.1777908034" lon="9.1303850963">
				<ele>1645.7</ele>
				<extensions>
					<swisstopo:routepoint_id>1027442620</swisstopo:routepoint_id>
				</extensions>
			</trkpt>
			<trkpt lat="47.1778054736" lon="9.1303422273">
				<ele>1646.0</ele>
				<extensions>
					<swisstopo:routepoint_id>914917020</swisstopo:routepoint_id>
				</extensions>
			</trkpt>
			<trkpt lat="47.1778253625" lon="9.1302951840">
				<ele>1646.0</ele>
				<extensions>
					<swisstopo:routepoint_id>1356494396</swisstopo:routepoint_id>
				</extensions>
			</trkpt>
			<trkpt lat="47.1778391905" lon="9.1302587938">
				<ele>1646.2</ele>
				<extensions>
					<swisstopo:routepoint_id>1597756412</swisstopo:routepoint_id>
				</extensions>
			</trkpt>
			<trkpt lat="47.1778594122" lon="9.1302399307">
				<ele>1646.3</ele>
				<extensions>
					<swisstopo:routepoint_id>671798613</swisstopo:routepoint_id>
				</extensions>
			</trkpt>
			<trkpt lat="47.1778819512" lon="9.1302146360">
				<ele>1646.3</ele>
				<extensions>
					<swisstopo:routepoint_id>1056851850</swisstopo:routepoint_id>
				</extensions>
			</trkpt>
			<trkpt lat="47.1779007611" lon="9.1301914009">
				<ele>1646.4</ele>
				<extensions>
					<swisstopo:routepoint_id>1747999830</swisstopo:routepoint_id>
				</extensions>
			</trkpt>
			<trkpt lat="47.1779168659" lon="9.1301507420">
				<ele>1646.5</ele>
				<extensions>
					<swisstopo:routepoint_id>1318978652</swisstopo:routepoint_id>
				</extensions>
			</trkpt>
			<trkpt lat="47.1779225158" lon="9.1301184211">
				<ele>1646.7</ele>
				<extensions>
					<swisstopo:routepoint_id>1894699024</swisstopo:routepoint_id>
				</extensions>
			</trkpt>
			<trkpt lat="47.1779210417" lon="9.1300674548">
				<ele>1646.9</ele>
				<extensions>
					<swisstopo:routepoint_id>1414050618</swisstopo:routepoint_id>
				</extensions>
			</trkpt>
			<trkpt lat="47.1779129760" lon="9.1300130348">
				<ele>1647.2</ele>
				<extensions>
					<swisstopo:routepoint_id>1389872891</swisstopo:routepoint_id>
				</extensions>
			</trkpt>
			<trkpt lat="47.1779078220" lon="9.1299619522">
				<ele>1647.1</ele>
				<extensions>
					<swisstopo:routepoint_id>118911743</swisstopo:routepoint_id>
				</extensions>
			</trkpt>
			<trkpt lat="47.1779055079" lon="9.1299185331">
				<ele>1647.0</ele>
				<extensions>
					<swisstopo:routepoint_id>1933853984</swisstopo:routepoint_id>
				</extensions>
			</trkpt>
			<trkpt lat="47.1779125534" lon="9.1298916796">
				<ele>1647.1</ele>
				<extensions>
					<swisstopo:routepoint_id>1567252977</swisstopo:routepoint_id>
				</extensions>
			</trkpt>
			<trkpt lat="47.1779107063" lon="9.1298666962">
				<ele>1647.1</ele>
				<extensions>
					<swisstopo:routepoint_id>1715192494</swisstopo:routepoint_id>
				</extensions>
			</trkpt>
			<trkpt lat="47.1779062175" lon="9.1298199765">
				<ele>1647.0</ele>
				<extensions>
					<swisstopo:routepoint_id>897964109</swisstopo:routepoint_id>
				</extensions>
			</trkpt>
			<trkpt lat="47.1779061638" lon="9.1297733832">
				<ele>1646.9</ele>
				<extensions>
					<swisstopo:routepoint_id>1871163711</swisstopo:routepoint_id>
				</extensions>
			</trkpt>
			<trkpt lat="47.1779047531" lon="9.1297180910">
				<ele>1646.9</ele>
				<extensions>
					<swisstopo:routepoint_id>1896648476</swisstopo:routepoint_id>
				</extensions>
			</trkpt>
			<trkpt lat="47.1779024864" lon="9.1296714279">
				<ele>1646.9</ele>
				<extensions>
					<swisstopo:routepoint_id>1671513669</swisstopo:routepoint_id>
				</extensions>
			</trkpt>
			<trkpt lat="47.1779045662" lon="9.1296303253">
				<ele>1647.1</ele>
				<extensions>
					<swisstopo:routepoint_id>1597519609</swisstopo:routepoint_id>
				</extensions>
			</trkpt>
			<trkpt lat="47.1779175001" lon="9.1295549024">
				<ele>1647.4</ele>
				<extensions>
					<swisstopo:routepoint_id>1684273188</swisstopo:routepoint_id>
				</extensions>
			</trkpt>
			<trkpt lat="47.1779220704" lon="9.1294943760">
				<ele>1647.7</ele>
				<extensions>
					<swisstopo:routepoint_id>384314131</swisstopo:routepoint_id>
				</extensions>
			</trkpt>
			<trkpt lat="47.1779282450" lon="9.1294263138">
				<ele>1648.0</ele>
				<extensions>
					<swisstopo:routepoint_id>1789102775</swisstopo:routepoint_id>
				</extensions>
			</trkpt>
			<trkpt lat="47.1779277554" lon="9.1293591355">
				<ele>1648.5</ele>
				<extensions>
					<swisstopo:routepoint_id>399269829</swisstopo:routepoint_id>
				</extensions>
			</trkpt>
			<trkpt lat="47.1779278447" lon="9.1293027964">
				<ele>1648.7</ele>
				<extensions>
					<swisstopo:routepoint_id>226310038</swisstopo:routepoint_id>
				</extensions>
			</trkpt>
			<trkpt lat="47.1779354308" lon="9.1292391196">
				<ele>1648.2</ele>
				<extensions>
					<swisstopo:routepoint_id>1630143552</swisstopo:routepoint_id>
				</extensions>
			</trkpt>
			<trkpt lat="47.1779436728" lon="9.1291808722">
				<ele>1648.1</ele>
				<extensions>
					<swisstopo:routepoint_id>1357785306</swisstopo:routepoint_id>
				</extensions>
			</trkpt>
			<trkpt lat="47.1779555991" lon="9.1291227569">
				<ele>1648.5</ele>
				<extensions>
					<swisstopo:routepoint_id>284120541</swisstopo:routepoint_id>
				</extensions>
			</trkpt>
			<trkpt lat="47.1779539585" lon="9.1290837007">
				<ele>1648.7</ele>
				<extensions>
					<swisstopo:routepoint_id>68247777</swisstopo:routepoint_id>
				</extensions>
			</trkpt>
			<trkpt lat="47.1779551572" lon="9.1290523207">
				<ele>1649.0</ele>
				<extensions>
					<swisstopo:routepoint_id>1119424792</swisstopo:routepoint_id>
				</extensions>
			</trkpt>
			<trkpt lat="47.1779661384" lon="9.1290093353">
				<ele>1649.4</ele>
				<extensions>
					<swisstopo:routepoint_id>235808101</swisstopo:routepoint_id>
				</extensions>
			</trkpt>
			<trkpt lat="47.1779849871" lon="9.1289828419">
				<ele>1649.6</ele>
				<extensions>
					<swisstopo:routepoint_id>1190859963</swisstopo:routepoint_id>
				</extensions>
			</trkpt>
			<trkpt lat="47.1779986645" lon="9.1289572794">
				<ele>1649.7</ele>
				<extensions>
					<swisstopo:routepoint_id>1243431560</swisstopo:routepoint_id>
				</extensions>
			</trkpt>
			<trkpt lat="47.1780124606" lon="9.1289230391">
				<ele>1649.9</ele>
				<extensions>
					<swisstopo:routepoint_id>824722014</swisstopo:routepoint_id>
				</extensions>
			</trkpt>
			<trkpt lat="47.1780312427" lon="9.1289019667">
				<ele>1650.0</ele>
				<extensions>
					<swisstopo:routepoint_id>1038844932</swisstopo:routepoint_id>
				</extensions>
			</trkpt>
			<trkpt lat="47.1780529396" lon="9.1288831497">
				<ele>1650.1</ele>
				<extensions>
					<swisstopo:routepoint_id>1597609739</swisstopo:routepoint_id>
				</extensions>
			</trkpt>
			<trkpt lat="47.1780901886" lon="9.1288615783">
				<ele>1650.0</ele>
				<extensions>
					<swisstopo:routepoint_id>130934781</swisstopo:routepoint_id>
				</extensions>
			</trkpt>
			<trkpt lat="47.1781154266" lon="9.1288657798">
				<ele>1649.8</ele>
				<extensions>
					<swisstopo:routepoint_id>1151371814</swisstopo:routepoint_id>
				</extensions>
			</trkpt>
			<trkpt lat="47.1781323635" lon="9.1288471160">
				<ele>1650.1</ele>
				<extensions>
					<swisstopo:routepoint_id>1911682883</swisstopo:routepoint_id>
				</extensions>
			</trkpt>
			<trkpt lat="47.1781467713" lon="9.1288388363">
				<ele>1649.9</ele>
				<extensions>
					<swisstopo:routepoint_id>1833914261</swisstopo:routepoint_id>
				</extensions>
			</trkpt>
			<trkpt lat="47.1781616476" lon="9.1288384356">
				<ele>1649.9</ele>
				<extensions>
					<swisstopo:routepoint_id>1977143356</swisstopo:routepoint_id>
				</extensions>
			</trkpt>
			<trkpt lat="47.1781817573" lon="9.1288469353">
				<ele>1650.2</ele>
				<extensions>
					<swisstopo:routepoint_id>1494808166</swisstopo:routepoint_id>
				</extensions>
			</trkpt>
			<trkpt lat="47.1782089089" lon="9.1288626239">
				<ele>1650.4</ele>
				<extensions>
					<swisstopo:routepoint_id>1328546575</swisstopo:routepoint_id>
				</extensions>
			</trkpt>
			<trkpt lat="47.1782377476" lon="9.1288783006">
				<ele>1650.6</ele>
				<extensions>
					<swisstopo:routepoint_id>2051988364</swisstopo:routepoint_id>
				</extensions>
			</trkpt>
			<trkpt lat="47.1782605001" lon="9.1288857226">
				<ele>1650.6</ele>
				<extensions>
					<swisstopo:routepoint_id>1400004928</swisstopo:routepoint_id>
				</extensions>
			</trkpt>
			<trkpt lat="47.1782773591" lon="9.1288795521">
				<ele>1650.3</ele>
				<extensions>
					<swisstopo:routepoint_id>518842364</swisstopo:routepoint_id>
				</extensions>
			</trkpt>
			<trkpt lat="47.1782965134" lon="9.1288723324">
				<ele>1649.5</ele>
				<extensions>
					<swisstopo:routepoint_id>1318649972</swisstopo:routepoint_id>
				</extensions>
			</trkpt>
			<trkpt lat="47.1783147767" lon="9.1288740313">
				<ele>1649.2</ele>
				<extensions>
					<swisstopo:routepoint_id>1970085174</swisstopo:routepoint_id>
				</extensions>
			</trkpt>
			<trkpt lat="47.1783381128" lon="9.1288937695">
				<ele>1648.8</ele>
				<extensions>
					<swisstopo:routepoint_id>1214601187</swisstopo:routepoint_id>
				</extensions>
			</trkpt>
			<trkpt lat="47.1783654199" lon="9.1289024572">
				<ele>1648.5</ele>
				<extensions>
					<swisstopo:routepoint_id>334326877</swisstopo:routepoint_id>
				</extensions>
			</trkpt>
			<trkpt lat="47.1783948748" lon="9.1289201451">
				<ele>1648.4</ele>
				<extensions>
					<swisstopo:routepoint_id>1359143088</swisstopo:routepoint_id>
				</extensions>
			</trkpt>
			<trkpt lat="47.1784349923" lon="9.1289392926">
				<ele>1648.2</ele>
				<extensions>
					<swisstopo:routepoint_id>348646072</swisstopo:routepoint_id>
				</extensions>
			</trkpt>
			<trkpt lat="47.1784659993" lon="9.1289547993">
				<ele>1648.1</ele>
				<extensions>
					<swisstopo:routepoint_id>1617373514</swisstopo:routepoint_id>
				</extensions>
			</trkpt>
			<trkpt lat="47.1784911137" lon="9.1289578367">
				<ele>1648.1</ele>
				<extensions>
					<swisstopo:routepoint_id>207472085</swisstopo:routepoint_id>
				</extensions>
			</trkpt>
			<trkpt lat="47.1785096636" lon="9.1289394219">
				<ele>1648.2</ele>
				<extensions>
					<swisstopo:routepoint_id>1455859829</swisstopo:routepoint_id>
				</extensions>
			</trkpt>
			<trkpt lat="47.1785342394" lon="9.1289267784">
				<ele>1648.3</ele>
				<extensions>
					<swisstopo:routepoint_id>139998242</swisstopo:routepoint_id>
				</extensions>
			</trkpt>
			<trkpt lat="47.1785625730" lon="9.1289176195">
				<ele>1648.2</ele>
				<extensions>
					<swisstopo:routepoint_id>908858879</swisstopo:routepoint_id>
				</extensions>
			</trkpt>
			<trkpt lat="47.1785915842" lon="9.1289140623">
				<ele>1647.8</ele>
				<extensions>
					<swisstopo:routepoint_id>130893801</swisstopo:routepoint_id>
				</extensions>
			</trkpt>
			<trkpt lat="47.1786153378" lon="9.1289047587">
				<ele>1647.4</ele>
				<extensions>
					<swisstopo:routepoint_id>253637528</swisstopo:routepoint_id>
				</extensions>
			</trkpt>
			<trkpt lat="47.1786442879" lon="9.1289056732">
				<ele>1647.3</ele>
				<extensions>
					<swisstopo:routepoint_id>327753269</swisstopo:routepoint_id>
				</extensions>
			</trkpt>
			<trkpt lat="47.1786657178" lon="9.1288996473">
				<ele>1647.3</ele>
				<extensions>
					<swisstopo:routepoint_id>195384676</swisstopo:routepoint_id>
				</extensions>
			</trkpt>
			<trkpt lat="47.1786729450" lon="9.1288741714">
				<ele>1647.6</ele>
				<extensions>
					<swisstopo:routepoint_id>1734660164</swisstopo:routepoint_id>
				</extensions>
			</trkpt>
			<trkpt lat="47.1786748415" lon="9.1288485272">
				<ele>1648.4</ele>
				<extensions>
					<swisstopo:routepoint_id>909848172</swisstopo:routepoint_id>
				</extensions>
			</trkpt>
			<trkpt lat="47.1786797987" lon="9.1288229660">
				<ele>1648.7</ele>
				<extensions>
					<swisstopo:routepoint_id>642880947</swisstopo:routepoint_id>
				</extensions>
			</trkpt>
			<trkpt lat="47.1786879046" lon="9.1287896937">
				<ele>1648.8</ele>
				<extensions>
					<swisstopo:routepoint_id>1379860700</swisstopo:routepoint_id>
				</extensions>
			</trkpt>
			<trkpt lat="47.1786952509" lon="9.1287563967">
				<ele>1649.0</ele>
				<extensions>
					<swisstopo:routepoint_id>8898449</swisstopo:routepoint_id>
				</extensions>
			</trkpt>
			<trkpt lat="47.1786933940" lon="9.1287272818">
				<ele>1649.3</ele>
				<extensions>
					<swisstopo:routepoint_id>876524467</swisstopo:routepoint_id>
				</extensions>
			</trkpt>
			<trkpt lat="47.1786899881" lon="9.1286992400">
				<ele>1649.5</ele>
				<extensions>
					<swisstopo:routepoint_id>1869373611</swisstopo:routepoint_id>
				</extensions>
			</trkpt>
			<trkpt lat="47.1786919306" lon="9.1286713543">
				<ele>1649.8</ele>
				<extensions>
					<swisstopo:routepoint_id>232658393</swisstopo:routepoint_id>
				</extensions>
			</trkpt>
			<trkpt lat="47.1786969727" lon="9.1286391063">
				<ele>1650.2</ele>
				<extensions>
					<swisstopo:routepoint_id>1729551455</swisstopo:routepoint_id>
				</extensions>
			</trkpt>
			<trkpt lat="47.1787012018" lon="9.1286101710">
				<ele>1650.6</ele>
				<extensions>
					<swisstopo:routepoint_id>383550186</swisstopo:routepoint_id>
				</extensions>
			</trkpt>
			<trkpt lat="47.1787016608" lon="9.1285788991">
				<ele>1650.9</ele>
				<extensions>
					<swisstopo:routepoint_id>779311377</swisstopo:routepoint_id>
				</extensions>
			</trkpt>
			<trkpt lat="47.1786938326" lon="9.1285417716">
				<ele>1651.3</ele>
				<extensions>
					<swisstopo:routepoint_id>1843685420</swisstopo:routepoint_id>
				</extensions>
			</trkpt>
			<trkpt lat="47.1786853914" lon="9.1284934348">
				<ele>1651.8</ele>
				<extensions>
					<swisstopo:routepoint_id>710784062</swisstopo:routepoint_id>
				</extensions>
			</trkpt>
			<trkpt lat="47.1786851935" lon="9.1284554402">
				<ele>1652.5</ele>
				<extensions>
					<swisstopo:routepoint_id>2119543614</swisstopo:routepoint_id>
				</extensions>
			</trkpt>
			<trkpt lat="47.1786849706" lon="9.1284185391">
				<ele>1652.9</ele>
				<extensions>
					<swisstopo:routepoint_id>538690017</swisstopo:routepoint_id>
				</extensions>
			</trkpt>
			<trkpt lat="47.1786890848" lon="9.1283974379">
				<ele>1653.6</ele>
				<extensions>
					<swisstopo:routepoint_id>1580713922</swisstopo:routepoint_id>
				</extensions>
			</trkpt>
			<trkpt lat="47.1787043663" lon="9.1283945695">
				<ele>1654.4</ele>
				<extensions>
					<swisstopo:routepoint_id>980753121</swisstopo:routepoint_id>
				</extensions>
			</trkpt>
			<trkpt lat="47.1787129619" lon="9.1283803130">
				<ele>1654.9</ele>
				<extensions>
					<swisstopo:routepoint_id>1900045373</swisstopo:routepoint_id>
				</extensions>
			</trkpt>
			<trkpt lat="47.1787119182" lon="9.1283478590">
				<ele>1655.8</ele>
				<extensions>
					<swisstopo:routepoint_id>185000826</swisstopo:routepoint_id>
				</extensions>
			</trkpt>
			<trkpt lat="47.1787093462" lon="9.1283153705">
				<ele>1656.4</ele>
				<extensions>
					<swisstopo:routepoint_id>59553304</swisstopo:routepoint_id>
				</extensions>
			</trkpt>
			<trkpt lat="47.1787068518" lon="9.1282772895">
				<ele>1657.7</ele>
				<extensions>
					<swisstopo:routepoint_id>1118146543</swisstopo:routepoint_id>
				</extensions>
			</trkpt>
			<trkpt lat="47.1787020295" lon="9.1282424870">
				<ele>1658.4</ele>
				<extensions>
					<swisstopo:routepoint_id>33670872</swisstopo:routepoint_id>
				</extensions>
			</trkpt>
			<trkpt lat="47.1787061194" lon="9.1282236280">
				<ele>1658.9</ele>
				<extensions>
					<swisstopo:routepoint_id>1363469487</swisstopo:routepoint_id>
				</extensions>
			</trkpt>
			<trkpt lat="47.1787086980" lon="9.1282035872">
				<ele>1659.4</ele>
				<extensions>
					<swisstopo:routepoint_id>1432673893</swisstopo:routepoint_id>
				</extensions>
			</trkpt>
			<trkpt lat="47.1787038262" lon="9.1281721343">
				<ele>1659.8</ele>
				<extensions>
					<swisstopo:routepoint_id>327440101</swisstopo:routepoint_id>
				</extensions>
			</trkpt>
			<trkpt lat="47.1787034719" lon="9.1281441889">
				<ele>1660.2</ele>
				<extensions>
					<swisstopo:routepoint_id>542672130</swisstopo:routepoint_id>
				</extensions>
			</trkpt>
			<trkpt lat="47.1787015985" lon="9.1281161825">
				<ele>1660.6</ele>
				<extensions>
					<swisstopo:routepoint_id>1143091056</swisstopo:routepoint_id>
				</extensions>
			</trkpt>
			<trkpt lat="47.1787005055" lon="9.1280870919">
				<ele>1661.2</ele>
				<extensions>
					<swisstopo:routepoint_id>762746057</swisstopo:routepoint_id>
				</extensions>
			</trkpt>
			<trkpt lat="47.1786971979" lon="9.1280523373">
				<ele>1662.1</ele>
				<extensions>
					<swisstopo:routepoint_id>566719386</swisstopo:routepoint_id>
				</extensions>
			</trkpt>
			<trkpt lat="47.1786949700" lon="9.1279963856">
				<ele>1663.3</ele>
				<extensions>
					<swisstopo:routepoint_id>632127585</swisstopo:routepoint_id>
				</extensions>
			</trkpt>
			<trkpt lat="47.1787007434" lon="9.1279663900">
				<ele>1664.2</ele>
				<extensions>
					<swisstopo:routepoint_id>1060171592</swisstopo:routepoint_id>
				</extensions>
			</trkpt>
			<trkpt lat="47.1787012515" lon="9.1279317557">
				<ele>1664.5</ele>
				<extensions>
					<swisstopo:routepoint_id>2075482659</swisstopo:routepoint_id>
				</extensions>
			</trkpt>
			<trkpt lat="47.1787002240" lon="9.1278981942">
				<ele>1664.8</ele>
				<extensions>
					<swisstopo:routepoint_id>215037959</swisstopo:routepoint_id>
				</extensions>
			</trkpt>
			<trkpt lat="47.1786969370" lon="9.1278623319">
				<ele>1665.1</ele>
				<extensions>
					<swisstopo:routepoint_id>562214737</swisstopo:routepoint_id>
				</extensions>
			</trkpt>
			<trkpt lat="47.1787040460" lon="9.1278457854">
				<ele>1665.6</ele>
				<extensions>
					<swisstopo:routepoint_id>1702099832</swisstopo:routepoint_id>
				</extensions>
			</trkpt>
			<trkpt lat="47.1787170115" lon="9.1278450858">
				<ele>1666.1</ele>
				<extensions>
					<swisstopo:routepoint_id>1113772212</swisstopo:routepoint_id>
				</extensions>
			</trkpt>
			<trkpt lat="47.1787267122" lon="9.1278587983">
				<ele>1666.6</ele>
				<extensions>
					<swisstopo:routepoint_id>111867791</swisstopo:routepoint_id>
				</extensions>
			</trkpt>
			<trkpt lat="47.1787340355" lon="9.1278791525">
				<ele>1666.9</ele>
				<extensions>
					<swisstopo:routepoint_id>1169897789</swisstopo:routepoint_id>
				</extensions>
			</trkpt>
			<trkpt lat="47.1787435112" lon="9.1279085078">
				<ele>1667.3</ele>
				<extensions>
					<swisstopo:routepoint_id>384155753</swisstopo:routepoint_id>
				</extensions>
			</trkpt>
			<trkpt lat="47.1787515823" lon="9.1279299930">
				<ele>1667.4</ele>
				<extensions>
					<swisstopo:routepoint_id>2030977374</swisstopo:routepoint_id>
				</extensions>
			</trkpt>
			<trkpt lat="47.1787635214" lon="9.1279471418">
				<ele>1667.7</ele>
				<extensions>
					<swisstopo:routepoint_id>709517474</swisstopo:routepoint_id>
				</extensions>
			</trkpt>
			<trkpt lat="47.1787817850" lon="9.1279488268">
				<ele>1668.3</ele>
				<extensions>
					<swisstopo:routepoint_id>1473905717</swisstopo:routepoint_id>
				</extensions>
			</trkpt>
			<trkpt lat="47.1787933700" lon="9.1279380166">
				<ele>1668.5</ele>
				<extensions>
					<swisstopo:routepoint_id>2140799365</swisstopo:routepoint_id>
				</extensions>
			</trkpt>
			<trkpt lat="47.1788067124" lon="9.1279116246">
				<ele>1668.4</ele>
				<extensions>
					<swisstopo:routepoint_id>1235566144</swisstopo:routepoint_id>
				</extensions>
			</trkpt>
			<trkpt lat="47.1788306714" lon="9.1278889071">
				<ele>1668.1</ele>
				<extensions>
					<swisstopo:routepoint_id>1748521556</swisstopo:routepoint_id>
				</extensions>
			</trkpt>
			<trkpt lat="47.1788599492" lon="9.1278674792">
				<ele>1668.1</ele>
				<extensions>
					<swisstopo:routepoint_id>782075828</swisstopo:routepoint_id>
				</extensions>
			</trkpt>
			<trkpt lat="47.1788883111" lon="9.1278560767">
				<ele>1668.2</ele>
				<extensions>
					<swisstopo:routepoint_id>817283720</swisstopo:routepoint_id>
				</extensions>
			</trkpt>
			<trkpt lat="47.1789210965" lon="9.1278548819">
				<ele>1668.2</ele>
				<extensions>
					<swisstopo:routepoint_id>1454235061</swisstopo:routepoint_id>
				</extensions>
			</trkpt>
			<trkpt lat="47.1789409329" lon="9.1278532654">
				<ele>1668.1</ele>
				<extensions>
					<swisstopo:routepoint_id>1137012181</swisstopo:routepoint_id>
				</extensions>
			</trkpt>
			<trkpt lat="47.1789610151" lon="9.1278348982">
				<ele>1668.0</ele>
				<extensions>
					<swisstopo:routepoint_id>1359957486</swisstopo:routepoint_id>
				</extensions>
			</trkpt>
			<trkpt lat="47.1789818568" lon="9.1278165551">
				<ele>1667.8</ele>
				<extensions>
					<swisstopo:routepoint_id>1306944886</swisstopo:routepoint_id>
				</extensions>
			</trkpt>
			<trkpt lat="47.1790149373" lon="9.1277952465">
				<ele>1667.6</ele>
				<extensions>
					<swisstopo:routepoint_id>75847251</swisstopo:routepoint_id>
				</extensions>
			</trkpt>
			<trkpt lat="47.1790450118" lon="9.1277716136">
				<ele>1667.7</ele>
				<extensions>
					<swisstopo:routepoint_id>1993138172</swisstopo:routepoint_id>
				</extensions>
			</trkpt>
			<trkpt lat="47.1790766745" lon="9.1277424359">
				<ele>1667.7</ele>
				<extensions>
					<swisstopo:routepoint_id>1134616555</swisstopo:routepoint_id>
				</extensions>
			</trkpt>
			<trkpt lat="47.1791092619" lon="9.1277032323">
				<ele>1667.8</ele>
				<extensions>
					<swisstopo:routepoint_id>324483584</swisstopo:routepoint_id>
				</extensions>
			</trkpt>
			<trkpt lat="47.1791372903" lon="9.1276627628">
				<ele>1667.9</ele>
				<extensions>
					<swisstopo:routepoint_id>722065483</swisstopo:routepoint_id>
				</extensions>
			</trkpt>
			<trkpt lat="47.1791531290" lon="9.1276219093">
				<ele>1668.0</ele>
				<extensions>
					<swisstopo:routepoint_id>368668554</swisstopo:routepoint_id>
				</extensions>
			</trkpt>
			<trkpt lat="47.1791698466" lon="9.1275732584">
				<ele>1668.4</ele>
				<extensions>
					<swisstopo:routepoint_id>868240617</swisstopo:routepoint_id>
				</extensions>
			</trkpt>
			<trkpt lat="47.1791834676" lon="9.1275278609">
				<ele>1668.9</ele>
				<extensions>
					<swisstopo:routepoint_id>1132505254</swisstopo:routepoint_id>
				</extensions>
			</trkpt>
			<trkpt lat="47.1791941231" lon="9.1274767884">
				<ele>1669.4</ele>
				<extensions>
					<swisstopo:routepoint_id>1934808704</swisstopo:routepoint_id>
				</extensions>
			</trkpt>
			<trkpt lat="47.1792025117" lon="9.1274245225">
				<ele>1669.9</ele>
				<extensions>
					<swisstopo:routepoint_id>736727437</swisstopo:routepoint_id>
				</extensions>
			</trkpt>
			<trkpt lat="47.1792133148" lon="9.1273633866">
				<ele>1670.5</ele>
				<extensions>
					<swisstopo:routepoint_id>109417667</swisstopo:routepoint_id>
				</extensions>
			</trkpt>
			<trkpt lat="47.1792177488" lon="9.1273210640">
				<ele>1670.9</ele>
				<extensions>
					<swisstopo:routepoint_id>1259083315</swisstopo:routepoint_id>
				</extensions>
			</trkpt>
			<trkpt lat="47.1792254223" lon="9.1272654243">
				<ele>1671.5</ele>
				<extensions>
					<swisstopo:routepoint_id>1065319822</swisstopo:routepoint_id>
				</extensions>
			</trkpt>
			<trkpt lat="47.1792297255" lon="9.1272320179">
				<ele>1671.8</ele>
				<extensions>
					<swisstopo:routepoint_id>545654816</swisstopo:routepoint_id>
				</extensions>
			</trkpt>
			<trkpt lat="47.1792356372" lon="9.1271919718">
				<ele>1671.7</ele>
				<extensions>
					<swisstopo:routepoint_id>528630065</swisstopo:routepoint_id>
				</extensions>
			</trkpt>
			<trkpt lat="47.1792483434" lon="9.1271577222">
				<ele>1672.5</ele>
				<extensions>
					<swisstopo:routepoint_id>680040257</swisstopo:routepoint_id>
				</extensions>
			</trkpt>
			<trkpt lat="47.1792571549" lon="9.1271278358">
				<ele>1673.1</ele>
				<extensions>
					<swisstopo:routepoint_id>1660836109</swisstopo:routepoint_id>
				</extensions>
			</trkpt>
			<trkpt lat="47.1792609766" lon="9.1270754256">
				<ele>1673.6</ele>
				<extensions>
					<swisstopo:routepoint_id>1842332365</swisstopo:routepoint_id>
				</extensions>
			</trkpt>
			<trkpt lat="47.1792711509" lon="9.1270053237">
				<ele>1674.8</ele>
				<extensions>
					<swisstopo:routepoint_id>1831099125</swisstopo:routepoint_id>
				</extensions>
			</trkpt>
			<trkpt lat="47.1792693503" lon="9.1269717374">
				<ele>1675.3</ele>
				<extensions>
					<swisstopo:routepoint_id>744004337</swisstopo:routepoint_id>
				</extensions>
			</trkpt>
			<trkpt lat="47.1792634340" lon="9.1269078437">
				<ele>1676.1</ele>
				<extensions>
					<swisstopo:routepoint_id>2104723903</swisstopo:routepoint_id>
				</extensions>
			</trkpt>
			<trkpt lat="47.1792585576" lon="9.1268764041">
				<ele>1676.2</ele>
				<extensions>
					<swisstopo:routepoint_id>1181388174</swisstopo:routepoint_id>
				</extensions>
			</trkpt>
			<trkpt lat="47.1792598949" lon="9.1268373218">
				<ele>1677.1</ele>
				<extensions>
					<swisstopo:routepoint_id>877360868</swisstopo:routepoint_id>
				</extensions>
			</trkpt>
			<trkpt lat="47.1792591290" lon="9.1267858889">
				<ele>1678.1</ele>
				<extensions>
					<swisstopo:routepoint_id>640579097</swisstopo:routepoint_id>
				</extensions>
			</trkpt>
			<trkpt lat="47.1792645147" lon="9.1267301769">
				<ele>1679.1</ele>
				<extensions>
					<swisstopo:routepoint_id>842957708</swisstopo:routepoint_id>
				</extensions>
			</trkpt>
			<trkpt lat="47.1792671629" lon="9.1267056642">
				<ele>1679.5</ele>
				<extensions>
					<swisstopo:routepoint_id>812431962</swisstopo:routepoint_id>
				</extensions>
			</trkpt>
			<trkpt lat="47.1792691736" lon="9.1266721981">
				<ele>1679.9</ele>
				<extensions>
					<swisstopo:routepoint_id>2122616218</swisstopo:routepoint_id>
				</extensions>
			</trkpt>
			<trkpt lat="47.1792703635" lon="9.1266431801">
				<ele>1680.2</ele>
				<extensions>
					<swisstopo:routepoint_id>591077199</swisstopo:routepoint_id>
				</extensions>
			</trkpt>
			<trkpt lat="47.1792789588" lon="9.1266289230">
				<ele>1680.6</ele>
				<extensions>
					<swisstopo:routepoint_id>821233324</swisstopo:routepoint_id>
				</extensions>
			</trkpt>
			<trkpt lat="47.1792871971" lon="9.1266381162">
				<ele>1680.9</ele>
				<extensions>
					<swisstopo:routepoint_id>1721536765</swisstopo:routepoint_id>
				</extensions>
			</trkpt>
			<trkpt lat="47.1792929688" lon="9.1266606517">
				<ele>1681.4</ele>
				<extensions>
					<swisstopo:routepoint_id>858227031</swisstopo:routepoint_id>
				</extensions>
			</trkpt>
			<trkpt lat="47.1792962558" lon="9.1266965278">
				<ele>1681.7</ele>
				<extensions>
					<swisstopo:routepoint_id>113130318</swisstopo:routepoint_id>
				</extensions>
			</trkpt>
			<trkpt lat="47.1793002985" lon="9.1267324141">
				<ele>1682.3</ele>
				<extensions>
					<swisstopo:routepoint_id>1840707000</swisstopo:routepoint_id>
				</extensions>
			</trkpt>
			<trkpt lat="47.1793067433" lon="9.1267605651">
				<ele>1682.6</ele>
				<extensions>
					<swisstopo:routepoint_id>2111050041</swisstopo:routepoint_id>
				</extensions>
			</trkpt>
			<trkpt lat="47.1793165795" lon="9.1267653493">
				<ele>1682.9</ele>
				<extensions>
					<swisstopo:routepoint_id>725238338</swisstopo:routepoint_id>
				</extensions>
			</trkpt>
			<trkpt lat="47.1793275238" lon="9.1267466933">
				<ele>1683.5</ele>
				<extensions>
					<swisstopo:routepoint_id>1707603778</swisstopo:routepoint_id>
				</extensions>
			</trkpt>
			<trkpt lat="47.1793363976" lon="9.1267134439">
				<ele>1684.2</ele>
				<extensions>
					<swisstopo:routepoint_id>1906221732</swisstopo:routepoint_id>
				</extensions>
			</trkpt>
			<trkpt lat="47.1793440830" lon="9.1266566824">
				<ele>1685.6</ele>
				<extensions>
					<swisstopo:routepoint_id>1367414097</swisstopo:routepoint_id>
				</extensions>
			</trkpt>
			<trkpt lat="47.1793493091" lon="9.1266121415">
				<ele>1686.5</ele>
				<extensions>
					<swisstopo:routepoint_id>475014228</swisstopo:routepoint_id>
				</extensions>
			</trkpt>
			<trkpt lat="47.1793516069" lon="9.1265596831">
				<ele>1687.4</ele>
				<extensions>
					<swisstopo:routepoint_id>1024641303</swisstopo:routepoint_id>
				</extensions>
			</trkpt>
			<trkpt lat="47.1793527717" lon="9.1265317725">
				<ele>1687.8</ele>
				<extensions>
					<swisstopo:routepoint_id>463366475</swisstopo:routepoint_id>
				</extensions>
			</trkpt>
			<trkpt lat="47.1793658027" lon="9.1265266024">
				<ele>1688.6</ele>
				<extensions>
					<swisstopo:routepoint_id>892906473</swisstopo:routepoint_id>
				</extensions>
			</trkpt>
			<trkpt lat="47.1793823994" lon="9.1265383023">
				<ele>1689.5</ele>
				<extensions>
					<swisstopo:routepoint_id>27268812</swisstopo:routepoint_id>
				</extensions>
			</trkpt>
			<trkpt lat="47.1794013346" lon="9.1265618990">
				<ele>1690.2</ele>
				<extensions>
					<swisstopo:routepoint_id>1985085572</swisstopo:routepoint_id>
				</extensions>
			</trkpt>
			<trkpt lat="47.1794070287" lon="9.1265393829">
				<ele>1690.4</ele>
				<extensions>
					<swisstopo:routepoint_id>1542851350</swisstopo:routepoint_id>
				</extensions>
			</trkpt>
			<trkpt lat="47.1794120909" lon="9.1265186012">
				<ele>1690.4</ele>
				<extensions>
					<swisstopo:routepoint_id>1296350595</swisstopo:routepoint_id>
				</extensions>
			</trkpt>
			<trkpt lat="47.1794224932" lon="9.1264988594">
				<ele>1690.2</ele>
				<extensions>
					<swisstopo:routepoint_id>76868806</swisstopo:routepoint_id>
				</extensions>
			</trkpt>
			<trkpt lat="47.1794340772" lon="9.1264800124">
				<ele>1689.7</ele>
				<extensions>
					<swisstopo:routepoint_id>1996332562</swisstopo:routepoint_id>
				</extensions>
			</trkpt>
			<trkpt lat="47.1794372972" lon="9.1264635410">
				<ele>1689.3</ele>
				<extensions>
					<swisstopo:routepoint_id>771102080</swisstopo:routepoint_id>
				</extensions>
			</trkpt>
			<trkpt lat="47.1794416946" lon="9.1264479636">
				<ele>1689.0</ele>
				<extensions>
					<swisstopo:routepoint_id>124369173</swisstopo:routepoint_id>
				</extensions>
			</trkpt>
			<trkpt lat="47.1794544130" lon="9.1264326493">
				<ele>1688.8</ele>
				<extensions>
					<swisstopo:routepoint_id>2146852181</swisstopo:routepoint_id>
				</extensions>
			</trkpt>
			<trkpt lat="47.1794741474" lon="9.1264262918">
				<ele>1688.7</ele>
				<extensions>
					<swisstopo:routepoint_id>1299069769</swisstopo:routepoint_id>
				</extensions>
			</trkpt>
			<trkpt lat="47.1795015290" lon="9.1264254136">
				<ele>1688.6</ele>
				<extensions>
					<swisstopo:routepoint_id>973581066</swisstopo:routepoint_id>
				</extensions>
			</trkpt>
			<trkpt lat="47.1795289067" lon="9.1264254067">
				<ele>1688.9</ele>
				<extensions>
					<swisstopo:routepoint_id>1986164062</swisstopo:routepoint_id>
				</extensions>
			</trkpt>
			<trkpt lat="47.1795479846" lon="9.1264233831">
				<ele>1689.2</ele>
				<extensions>
					<swisstopo:routepoint_id>1398851053</swisstopo:routepoint_id>
				</extensions>
			</trkpt>
			<trkpt lat="47.1795725514" lon="9.1264119388">
				<ele>1689.5</ele>
				<extensions>
					<swisstopo:routepoint_id>836614166</swisstopo:routepoint_id>
				</extensions>
			</trkpt>
			<trkpt lat="47.1796025859" lon="9.1263928164">
				<ele>1689.7</ele>
				<extensions>
					<swisstopo:routepoint_id>551518774</swisstopo:routepoint_id>
				</extensions>
			</trkpt>
			<trkpt lat="47.1796379263" lon="9.1263773444">
				<ele>1690.2</ele>
				<extensions>
					<swisstopo:routepoint_id>1562315349</swisstopo:routepoint_id>
				</extensions>
			</trkpt>
			<trkpt lat="47.1796708611" lon="9.1263635523">
				<ele>1691.1</ele>
				<extensions>
					<swisstopo:routepoint_id>571622340</swisstopo:routepoint_id>
				</extensions>
			</trkpt>
			<trkpt lat="47.1796930947" lon="9.1263485375">
				<ele>1692.0</ele>
				<extensions>
					<swisstopo:routepoint_id>2139212402</swisstopo:routepoint_id>
				</extensions>
			</trkpt>
			<trkpt lat="47.1797117845" lon="9.1263325410">
				<ele>1692.8</ele>
				<extensions>
					<swisstopo:routepoint_id>521825129</swisstopo:routepoint_id>
				</extensions>
			</trkpt>
			<trkpt lat="47.1797256288" lon="9.1263216291">
				<ele>1693.0</ele>
				<extensions>
					<swisstopo:routepoint_id>241522337</swisstopo:routepoint_id>
				</extensions>
			</trkpt>
			<trkpt lat="47.1797382447" lon="9.1263133057">
				<ele>1692.9</ele>
				<extensions>
					<swisstopo:routepoint_id>348835121</swisstopo:routepoint_id>
				</extensions>
			</trkpt>
			<trkpt lat="47.1797537270" lon="9.1263129225">
				<ele>1693.1</ele>
				<extensions>
					<swisstopo:routepoint_id>1078042980</swisstopo:routepoint_id>
				</extensions>
			</trkpt>
			<trkpt lat="47.1797625811" lon="9.1263175695">
				<ele>1693.2</ele>
				<extensions>
					<swisstopo:routepoint_id>61778583</swisstopo:routepoint_id>
				</extensions>
			</trkpt>
			<trkpt lat="47.1797743913" lon="9.1263240517">
				<ele>1693.7</ele>
				<extensions>
					<swisstopo:routepoint_id>918692759</swisstopo:routepoint_id>
				</extensions>
			</trkpt>
			<trkpt lat="47.1797887006" lon="9.1263218776">
				<ele>1694.2</ele>
				<extensions>
					<swisstopo:routepoint_id>278472396</swisstopo:routepoint_id>
				</extensions>
			</trkpt>
			<trkpt lat="47.1797994613" lon="9.1263187331">
				<ele>1694.4</ele>
				<extensions>
					<swisstopo:routepoint_id>256840638</swisstopo:routepoint_id>
				</extensions>
			</trkpt>
			<trkpt lat="47.1798151229" lon="9.1263061242">
				<ele>1694.4</ele>
				<extensions>
					<swisstopo:routepoint_id>2038636189</swisstopo:routepoint_id>
				</extensions>
			</trkpt>
			<trkpt lat="47.1798296110" lon="9.1262917494">
				<ele>1694.5</ele>
				<extensions>
					<swisstopo:routepoint_id>1725186848</swisstopo:routepoint_id>
				</extensions>
			</trkpt>
			<trkpt lat="47.1798421035" lon="9.1262921435">
				<ele>1694.8</ele>
				<extensions>
					<swisstopo:routepoint_id>652129127</swisstopo:routepoint_id>
				</extensions>
			</trkpt>
			<trkpt lat="47.1798526342" lon="9.1263046950">
				<ele>1695.1</ele>
				<extensions>
					<swisstopo:routepoint_id>2062681064</swisstopo:routepoint_id>
				</extensions>
			</trkpt>
			<trkpt lat="47.1798621112" lon="9.1263076067">
				<ele>1695.4</ele>
				<extensions>
					<swisstopo:routepoint_id>1757259344</swisstopo:routepoint_id>
				</extensions>
			</trkpt>
			<trkpt lat="47.1798789282" lon="9.1262967892">
				<ele>1695.6</ele>
				<extensions>
					<swisstopo:routepoint_id>809419806</swisstopo:routepoint_id>
				</extensions>
			</trkpt>
			<trkpt lat="47.1798993962" lon="9.1262808610">
				<ele>1695.6</ele>
				<extensions>
					<swisstopo:routepoint_id>1437496308</swisstopo:routepoint_id>
				</extensions>
			</trkpt>
			<trkpt lat="47.1799179580" lon="9.1262735826">
				<ele>1695.8</ele>
				<extensions>
					<swisstopo:routepoint_id>1040797989</swisstopo:routepoint_id>
				</extensions>
			</trkpt>
			<trkpt lat="47.1799358882" lon="9.1262680386">
				<ele>1695.9</ele>
				<extensions>
					<swisstopo:routepoint_id>2026799929</swisstopo:routepoint_id>
				</extensions>
			</trkpt>
			<trkpt lat="47.1799575505" lon="9.1262521479">
				<ele>1696.3</ele>
				<extensions>
					<swisstopo:routepoint_id>589538220</swisstopo:routepoint_id>
				</extensions>
			</trkpt>
			<trkpt lat="47.1799744104" lon="9.1262387063">
				<ele>1696.6</ele>
				<extensions>
					<swisstopo:routepoint_id>1277511218</swisstopo:routepoint_id>
				</extensions>
			</trkpt>
			<trkpt lat="47.1799948144" lon="9.1262271307">
				<ele>1697.0</ele>
				<extensions>
					<swisstopo:routepoint_id>1120263381</swisstopo:routepoint_id>
				</extensions>
			</trkpt>
			<trkpt lat="47.1800090852" lon="9.1262275807">
				<ele>1697.2</ele>
				<extensions>
					<swisstopo:routepoint_id>1660223436</swisstopo:routepoint_id>
				</extensions>
			</trkpt>
			<trkpt lat="47.1800253395" lon="9.1262150036">
				<ele>1697.6</ele>
				<extensions>
					<swisstopo:routepoint_id>616732094</swisstopo:routepoint_id>
				</extensions>
			</trkpt>
			<trkpt lat="47.1800453042" lon="9.1261929374">
				<ele>1697.9</ele>
				<extensions>
					<swisstopo:routepoint_id>1307795077</swisstopo:routepoint_id>
				</extensions>
			</trkpt>
			<trkpt lat="47.1800617373" lon="9.1261681466">
				<ele>1698.2</ele>
				<extensions>
					<swisstopo:routepoint_id>1755681151</swisstopo:routepoint_id>
				</extensions>
			</trkpt>
			<trkpt lat="47.1800721140" lon="9.1261501456">
				<ele>1698.4</ele>
				<extensions>
					<swisstopo:routepoint_id>1686965835</swisstopo:routepoint_id>
				</extensions>
			</trkpt>
			<trkpt lat="47.1800865725" lon="9.1261383823">
				<ele>1698.5</ele>
				<extensions>
					<swisstopo:routepoint_id>278901427</swisstopo:routepoint_id>
				</extensions>
			</trkpt>
			<trkpt lat="47.1801051851" lon="9.1261267509">
				<ele>1698.8</ele>
				<extensions>
					<swisstopo:routepoint_id>501781828</swisstopo:routepoint_id>
				</extensions>
			</trkpt>
			<trkpt lat="47.1801225826" lon="9.1261176929">
				<ele>1699.1</ele>
				<extensions>
					<swisstopo:routepoint_id>1272522843</swisstopo:routepoint_id>
				</extensions>
			</trkpt>
			<trkpt lat="47.1801406961" lon="9.1260999361">
				<ele>1699.4</ele>
				<extensions>
					<swisstopo:routepoint_id>635491682</swisstopo:routepoint_id>
				</extensions>
			</trkpt>
			<trkpt lat="47.1801599358" lon="9.1260865822">
				<ele>1699.8</ele>
				<extensions>
					<swisstopo:routepoint_id>813952896</swisstopo:routepoint_id>
				</extensions>
			</trkpt>
			<trkpt lat="47.1801786166" lon="9.1260705846">
				<ele>1700.1</ele>
				<extensions>
					<swisstopo:routepoint_id>571450040</swisstopo:routepoint_id>
				</extensions>
			</trkpt>
			<trkpt lat="47.1801978820" lon="9.1260554765">
				<ele>1700.6</ele>
				<extensions>
					<swisstopo:routepoint_id>490171876</swisstopo:routepoint_id>
				</extensions>
			</trkpt>
			<trkpt lat="47.1802121144" lon="9.1260585511">
				<ele>1701.0</ele>
				<extensions>
					<swisstopo:routepoint_id>241776000</swisstopo:routepoint_id>
				</extensions>
			</trkpt>
			<trkpt lat="47.1802256861" lon="9.1260668302">
				<ele>1701.6</ele>
				<extensions>
					<swisstopo:routepoint_id>928797549</swisstopo:routepoint_id>
				</extensions>
			</trkpt>
			<trkpt lat="47.1802548337" lon="9.1260677496">
				<ele>1702.3</ele>
				<extensions>
					<swisstopo:routepoint_id>1908603084</swisstopo:routepoint_id>
				</extensions>
			</trkpt>
			<trkpt lat="47.1802733822" lon="9.1260604836">
				<ele>1702.8</ele>
				<extensions>
					<swisstopo:routepoint_id>1078391331</swisstopo:routepoint_id>
				</extensions>
			</trkpt>
			<trkpt lat="47.1802878964" lon="9.1260452259">
				<ele>1703.1</ele>
				<extensions>
					<swisstopo:routepoint_id>746515015</swisstopo:routepoint_id>
				</extensions>
			</trkpt>
			<trkpt lat="47.1803042612" lon="9.1260248002">
				<ele>1703.4</ele>
				<extensions>
					<swisstopo:routepoint_id>272712359</swisstopo:routepoint_id>
				</extensions>
			</trkpt>
			<trkpt lat="47.1803246909" lon="9.1260114711">
				<ele>1703.7</ele>
				<extensions>
					<swisstopo:routepoint_id>1986122361</swisstopo:routepoint_id>
				</extensions>
			</trkpt>
			<trkpt lat="47.1803432183" lon="9.1260059458">
				<ele>1704.5</ele>
				<extensions>
					<swisstopo:routepoint_id>1325764798</swisstopo:routepoint_id>
				</extensions>
			</trkpt>
			<trkpt lat="47.1803586577" lon="9.1260081876">
				<ele>1705.3</ele>
				<extensions>
					<swisstopo:routepoint_id>490983396</swisstopo:routepoint_id>
				</extensions>
			</trkpt>
			<trkpt lat="47.1803753769" lon="9.1260043474">
				<ele>1705.9</ele>
				<extensions>
					<swisstopo:routepoint_id>59827056</swisstopo:routepoint_id>
				</extensions>
			</trkpt>
			<trkpt lat="47.1803940026" lon="9.1259927155">
				<ele>1706.1</ele>
				<extensions>
					<swisstopo:routepoint_id>309214628</swisstopo:routepoint_id>
				</extensions>
			</trkpt>
			<trkpt lat="47.1804124489" lon="9.1259924266">
				<ele>1706.4</ele>
				<extensions>
					<swisstopo:routepoint_id>495267200</swisstopo:routepoint_id>
				</extensions>
			</trkpt>
			<trkpt lat="47.1804272575" lon="9.1259972485">
				<ele>1706.9</ele>
				<extensions>
					<swisstopo:routepoint_id>1032947764</swisstopo:routepoint_id>
				</extensions>
			</trkpt>
			<trkpt lat="47.1804420448" lon="9.1260038238">
				<ele>1707.4</ele>
				<extensions>
					<swisstopo:routepoint_id>182265998</swisstopo:routepoint_id>
				</extensions>
			</trkpt>
			<trkpt lat="47.1804534279" lon="9.1259980740">
				<ele>1707.6</ele>
				<extensions>
					<swisstopo:routepoint_id>864268558</swisstopo:routepoint_id>
				</extensions>
			</trkpt>
			<trkpt lat="47.1804674855" lon="9.1259732077">
				<ele>1707.8</ele>
				<extensions>
					<swisstopo:routepoint_id>289968743</swisstopo:routepoint_id>
				</extensions>
			</trkpt>
			<trkpt lat="47.1804825835" lon="9.1259579812">
				<ele>1707.9</ele>
				<extensions>
					<swisstopo:routepoint_id>954227277</swisstopo:routepoint_id>
				</extensions>
			</trkpt>
			<trkpt lat="47.1805000960" lon="9.1259410757">
				<ele>1708.2</ele>
				<extensions>
					<swisstopo:routepoint_id>2131952096</swisstopo:routepoint_id>
				</extensions>
			</trkpt>
			<trkpt lat="47.1805163753" lon="9.1259258736">
				<ele>1708.4</ele>
				<extensions>
					<swisstopo:routepoint_id>1486512121</swisstopo:routepoint_id>
				</extensions>
			</trkpt>
			<trkpt lat="47.1805344978" lon="9.1259081159">
				<ele>1708.5</ele>
				<extensions>
					<swisstopo:routepoint_id>954937336</swisstopo:routepoint_id>
				</extensions>
			</trkpt>
			<trkpt lat="47.1805543685" lon="9.1258921564">
				<ele>1708.7</ele>
				<extensions>
					<swisstopo:routepoint_id>328817181</swisstopo:routepoint_id>
				</extensions>
			</trkpt>
			<trkpt lat="47.1805674665" lon="9.1258916981">
				<ele>1709.0</ele>
				<extensions>
					<swisstopo:routepoint_id>289809111</swisstopo:routepoint_id>
				</extensions>
			</trkpt>
			<trkpt lat="47.1805788247" lon="9.1258885593">
				<ele>1709.2</ele>
				<extensions>
					<swisstopo:routepoint_id>1200701710</swisstopo:routepoint_id>
				</extensions>
			</trkpt>
			<trkpt lat="47.1805940206" lon="9.1258663553">
				<ele>1709.5</ele>
				<extensions>
					<swisstopo:routepoint_id>1012801576</swisstopo:routepoint_id>
				</extensions>
			</trkpt>
			<trkpt lat="47.1806133284" lon="9.1258486358">
				<ele>1710.4</ele>
				<extensions>
					<swisstopo:routepoint_id>141888478</swisstopo:routepoint_id>
				</extensions>
			</trkpt>
			<trkpt lat="47.1806362914" lon="9.1258249219">
				<ele>1711.2</ele>
				<extensions>
					<swisstopo:routepoint_id>890331882</swisstopo:routepoint_id>
				</extensions>
			</trkpt>
			<trkpt lat="47.1806531895" lon="9.1258088675">
				<ele>1711.7</ele>
				<extensions>
					<swisstopo:routepoint_id>1826570421</swisstopo:routepoint_id>
				</extensions>
			</trkpt>
			<trkpt lat="47.1806712219" lon="9.1257963462">
				<ele>1712.3</ele>
				<extensions>
					<swisstopo:routepoint_id>1665887480</swisstopo:routepoint_id>
				</extensions>
			</trkpt>
			<trkpt lat="47.1806890161" lon="9.1258003916">
				<ele>1712.6</ele>
				<extensions>
					<swisstopo:routepoint_id>10193199</swisstopo:routepoint_id>
				</extensions>
			</trkpt>
			<trkpt lat="47.1807026134" lon="9.1258069294">
				<ele>1712.7</ele>
				<extensions>
					<swisstopo:routepoint_id>1973712744</swisstopo:routepoint_id>
				</extensions>
			</trkpt>
			<trkpt lat="47.1807293338" lon="9.1258103984">
				<ele>1712.6</ele>
				<extensions>
					<swisstopo:routepoint_id>392381062</swisstopo:routepoint_id>
				</extensions>
			</trkpt>
			<trkpt lat="47.1807579653" lon="9.1258060624">
				<ele>1712.7</ele>
				<extensions>
					<swisstopo:routepoint_id>1338575062</swisstopo:routepoint_id>
				</extensions>
			</trkpt>
			<trkpt lat="47.1807788471" lon="9.1258023531">
				<ele>1712.7</ele>
				<extensions>
					<swisstopo:routepoint_id>98592757</swisstopo:routepoint_id>
				</extensions>
			</trkpt>
			<trkpt lat="47.1807987096" lon="9.1257872639">
				<ele>1712.8</ele>
				<extensions>
					<swisstopo:routepoint_id>1448442507</swisstopo:routepoint_id>
				</extensions>
			</trkpt>
			<trkpt lat="47.1808257884" lon="9.1257671766">
				<ele>1713.0</ele>
				<extensions>
					<swisstopo:routepoint_id>899737062</swisstopo:routepoint_id>
				</extensions>
			</trkpt>
			<trkpt lat="47.1808503677" lon="9.1257548617">
				<ele>1713.1</ele>
				<extensions>
					<swisstopo:routepoint_id>1666343427</swisstopo:routepoint_id>
				</extensions>
			</trkpt>
			<trkpt lat="47.1808779285" lon="9.1257417563">
				<ele>1713.5</ele>
				<extensions>
					<swisstopo:routepoint_id>1235282368</swisstopo:routepoint_id>
				</extensions>
			</trkpt>
			<trkpt lat="47.1808996164" lon="9.1257241118">
				<ele>1713.5</ele>
				<extensions>
					<swisstopo:routepoint_id>970766261</swisstopo:routepoint_id>
				</extensions>
			</trkpt>
			<trkpt lat="47.1809218032" lon="9.1257125919">
				<ele>1713.7</ele>
				<extensions>
					<swisstopo:routepoint_id>690160644</swisstopo:routepoint_id>
				</extensions>
			</trkpt>
			<trkpt lat="47.1809535096" lon="9.1257013723">
				<ele>1713.9</ele>
				<extensions>
					<swisstopo:routepoint_id>808845222</swisstopo:routepoint_id>
				</extensions>
			</trkpt>
			<trkpt lat="47.1809870372" lon="9.1256875981">
				<ele>1714.2</ele>
				<extensions>
					<swisstopo:routepoint_id>996934388</swisstopo:routepoint_id>
				</extensions>
			</trkpt>
			<trkpt lat="47.1810109856" lon="9.1256778758">
				<ele>1714.2</ele>
				<extensions>
					<swisstopo:routepoint_id>1020328069</swisstopo:routepoint_id>
				</extensions>
			</trkpt>
			<trkpt lat="47.1810396639" lon="9.1256700449">
				<ele>1714.4</ele>
				<extensions>
					<swisstopo:routepoint_id>810653691</swisstopo:routepoint_id>
				</extensions>
			</trkpt>
			<trkpt lat="47.1810576452" lon="9.1256610178">
				<ele>1714.5</ele>
				<extensions>
					<swisstopo:routepoint_id>281660297</swisstopo:routepoint_id>
				</extensions>
			</trkpt>
			<trkpt lat="47.1810835386" lon="9.1256408803">
				<ele>1714.5</ele>
				<extensions>
					<swisstopo:routepoint_id>872707501</swisstopo:routepoint_id>
				</extensions>
			</trkpt>
			<trkpt lat="47.1811027820" lon="9.1256266547">
				<ele>1714.6</ele>
				<extensions>
					<swisstopo:routepoint_id>98309492</swisstopo:routepoint_id>
				</extensions>
			</trkpt>
			<trkpt lat="47.1811248880" lon="9.1256212421">
				<ele>1714.7</ele>
				<extensions>
					<swisstopo:routepoint_id>586612467</swisstopo:routepoint_id>
				</extensions>
			</trkpt>
			<trkpt lat="47.1811391974" lon="9.1256190678">
				<ele>1714.8</ele>
				<extensions>
					<swisstopo:routepoint_id>1076907169</swisstopo:routepoint_id>
				</extensions>
			</trkpt>
			<trkpt lat="47.1811542275" lon="9.1256090770">
				<ele>1715.0</ele>
				<extensions>
					<swisstopo:routepoint_id>303014258</swisstopo:routepoint_id>
				</extensions>
			</trkpt>
			<trkpt lat="47.1811651967" lon="9.1255910944">
				<ele>1715.3</ele>
				<extensions>
					<swisstopo:routepoint_id>973010709</swisstopo:routepoint_id>
				</extensions>
			</trkpt>
			<trkpt lat="47.1811840482" lon="9.1255637533">
				<ele>1716.1</ele>
				<extensions>
					<swisstopo:routepoint_id>1119095305</swisstopo:routepoint_id>
				</extensions>
			</trkpt>
			<trkpt lat="47.1812020550" lon="9.1255529730">
				<ele>1716.5</ele>
				<extensions>
					<swisstopo:routepoint_id>334704514</swisstopo:routepoint_id>
				</extensions>
			</trkpt>
			<trkpt lat="47.1812182069" lon="9.1255473725">
				<ele>1716.5</ele>
				<extensions>
					<swisstopo:routepoint_id>2028930061</swisstopo:routepoint_id>
				</extensions>
			</trkpt>
			<trkpt lat="47.1812401340" lon="9.1255541737">
				<ele>1716.7</ele>
				<extensions>
					<swisstopo:routepoint_id>554145179</swisstopo:routepoint_id>
				</extensions>
			</trkpt>
			<trkpt lat="47.1812590964" lon="9.1255591394">
				<ele>1716.7</ele>
				<extensions>
					<swisstopo:routepoint_id>4505032</swisstopo:routepoint_id>
				</extensions>
			</trkpt>
			<trkpt lat="47.1812817184" lon="9.1255589822">
				<ele>1716.4</ele>
				<extensions>
					<swisstopo:routepoint_id>1199407003</swisstopo:routepoint_id>
				</extensions>
			</trkpt>
			<trkpt lat="47.1813080296" lon="9.1255502049">
				<ele>1715.9</ele>
				<extensions>
					<swisstopo:routepoint_id>316182183</swisstopo:routepoint_id>
				</extensions>
			</trkpt>
			<trkpt lat="47.1813438733" lon="9.1255408576">
				<ele>1715.7</ele>
				<extensions>
					<swisstopo:routepoint_id>645528861</swisstopo:routepoint_id>
				</extensions>
			</trkpt>
			<trkpt lat="47.1813743342" lon="9.1255330957">
				<ele>1715.9</ele>
				<extensions>
					<swisstopo:routepoint_id>174704330</swisstopo:routepoint_id>
				</extensions>
			</trkpt>
			<trkpt lat="47.1813957792" lon="9.1255320307">
				<ele>1716.0</ele>
				<extensions>
					<swisstopo:routepoint_id>1834960871</swisstopo:routepoint_id>
				</extensions>
			</trkpt>
			<trkpt lat="47.1814254686" lon="9.1255364502">
				<ele>1715.9</ele>
				<extensions>
					<swisstopo:routepoint_id>1056154418</swisstopo:routepoint_id>
				</extensions>
			</trkpt>
			<trkpt lat="47.1814569321" lon="9.1255418102">
				<ele>1716.1</ele>
				<extensions>
					<swisstopo:routepoint_id>1418983879</swisstopo:routepoint_id>
				</extensions>
			</trkpt>
			<trkpt lat="47.1814925884" lon="9.1255455472">
				<ele>1716.1</ele>
				<extensions>
					<swisstopo:routepoint_id>1306181759</swisstopo:routepoint_id>
				</extensions>
			</trkpt>
			<trkpt lat="47.1815282059" lon="9.1255510382">
				<ele>1716.2</ele>
				<extensions>
					<swisstopo:routepoint_id>1642090708</swisstopo:routepoint_id>
				</extensions>
			</trkpt>
			<trkpt lat="47.1815556091" lon="9.1255492895">
				<ele>1716.3</ele>
				<extensions>
					<swisstopo:routepoint_id>1451856446</swisstopo:routepoint_id>
				</extensions>
			</trkpt>
			<trkpt lat="47.1815728186" lon="9.1255428517">
				<ele>1716.3</ele>
				<extensions>
					<swisstopo:routepoint_id>1652321229</swisstopo:routepoint_id>
				</extensions>
			</trkpt>
			<trkpt lat="47.1815917167" lon="9.1255270188">
				<ele>1716.4</ele>
				<extensions>
					<swisstopo:routepoint_id>411655688</swisstopo:routepoint_id>
				</extensions>
			</trkpt>
			<trkpt lat="47.1816129868" lon="9.1255024987">
				<ele>1716.5</ele>
				<extensions>
					<swisstopo:routepoint_id>332362505</swisstopo:routepoint_id>
				</extensions>
			</trkpt>
			<trkpt lat="47.1816359380" lon="9.1254648880">
				<ele>1716.5</ele>
				<extensions>
					<swisstopo:routepoint_id>950907697</swisstopo:routepoint_id>
				</extensions>
			</trkpt>
			<trkpt lat="47.1816484590" lon="9.1254258537">
				<ele>1716.7</ele>
				<extensions>
					<swisstopo:routepoint_id>67393038</swisstopo:routepoint_id>
				</extensions>
			</trkpt>
			<trkpt lat="47.1816607146" lon="9.1253539527">
				<ele>1717.2</ele>
				<extensions>
					<swisstopo:routepoint_id>1120830246</swisstopo:routepoint_id>
				</extensions>
			</trkpt>
			<trkpt lat="47.1816720793" lon="9.1252918818">
				<ele>1718.0</ele>
				<extensions>
					<swisstopo:routepoint_id>361792529</swisstopo:routepoint_id>
				</extensions>
			</trkpt>
			<trkpt lat="47.1816861047" lon="9.1252517998">
				<ele>1718.7</ele>
				<extensions>
					<swisstopo:routepoint_id>669936250</swisstopo:routepoint_id>
				</extensions>
			</trkpt>
			<trkpt lat="47.1817014349" lon="9.1252249142">
				<ele>1719.4</ele>
				<extensions>
					<swisstopo:routepoint_id>582685510</swisstopo:routepoint_id>
				</extensions>
			</trkpt>
			<trkpt lat="47.1817277495" lon="9.1252126011">
				<ele>1720.1</ele>
				<extensions>
					<swisstopo:routepoint_id>1075884750</swisstopo:routepoint_id>
				</extensions>
			</trkpt>
			<trkpt lat="47.1817458574" lon="9.1252000285">
				<ele>1720.3</ele>
				<extensions>
					<swisstopo:routepoint_id>1690119717</swisstopo:routepoint_id>
				</extensions>
			</trkpt>
			<trkpt lat="47.1817694631" lon="9.1251690103">
				<ele>1720.6</ele>
				<extensions>
					<swisstopo:routepoint_id>2016233390</swisstopo:routepoint_id>
				</extensions>
			</trkpt>
			<trkpt lat="47.1817951348" lon="9.1251490095">
				<ele>1720.8</ele>
				<extensions>
					<swisstopo:routepoint_id>1567641198</swisstopo:routepoint_id>
				</extensions>
			</trkpt>
			<trkpt lat="47.1818253582" lon="9.1251247713">
				<ele>1721.0</ele>
				<extensions>
					<swisstopo:routepoint_id>1996804581</swisstopo:routepoint_id>
				</extensions>
			</trkpt>
			<trkpt lat="47.1818473425" lon="9.1251024640">
				<ele>1721.5</ele>
				<extensions>
					<swisstopo:routepoint_id>293230457</swisstopo:routepoint_id>
				</extensions>
			</trkpt>
			<trkpt lat="47.1818708958" lon="9.1250747296">
				<ele>1722.1</ele>
				<extensions>
					<swisstopo:routepoint_id>436235045</swisstopo:routepoint_id>
				</extensions>
			</trkpt>
			<trkpt lat="47.1818884655" lon="9.1250479016">
				<ele>1722.5</ele>
				<extensions>
					<swisstopo:routepoint_id>1044571610</swisstopo:routepoint_id>
				</extensions>
			</trkpt>
			<trkpt lat="47.1819053529" lon="9.1250166715">
				<ele>1723.3</ele>
				<extensions>
					<swisstopo:routepoint_id>196193965</swisstopo:routepoint_id>
				</extensions>
			</trkpt>
			<trkpt lat="47.1819208713" lon="9.1249766363">
				<ele>1724.2</ele>
				<extensions>
					<swisstopo:routepoint_id>646416134</swisstopo:routepoint_id>
				</extensions>
			</trkpt>
			<trkpt lat="47.1819274203" lon="9.1249374135">
				<ele>1725.1</ele>
				<extensions>
					<swisstopo:routepoint_id>300560954</swisstopo:routepoint_id>
				</extensions>
			</trkpt>
			<trkpt lat="47.1819347799" lon="9.1248938347">
				<ele>1725.6</ele>
				<extensions>
					<swisstopo:routepoint_id>5256583</swisstopo:routepoint_id>
				</extensions>
			</trkpt>
			<trkpt lat="47.1819464098" lon="9.1248646289">
				<ele>1726.1</ele>
				<extensions>
					<swisstopo:routepoint_id>1617608629</swisstopo:routepoint_id>
				</extensions>
			</trkpt>
			<trkpt lat="47.1819557043" lon="9.1248419214">
				<ele>1726.7</ele>
				<extensions>
					<swisstopo:routepoint_id>300618739</swisstopo:routepoint_id>
				</extensions>
			</trkpt>
			<trkpt lat="47.1819563455" lon="9.1247981311">
				<ele>1727.9</ele>
				<extensions>
					<swisstopo:routepoint_id>235120517</swisstopo:routepoint_id>
				</extensions>
			</trkpt>
			<trkpt lat="47.1819502845" lon="9.1247530339">
				<ele>1728.7</ele>
				<extensions>
					<swisstopo:routepoint_id>1657998627</swisstopo:routepoint_id>
				</extensions>
			</trkpt>
			<trkpt lat="47.1819552924" lon="9.1247170479">
				<ele>1729.7</ele>
				<extensions>
					<swisstopo:routepoint_id>999412602</swisstopo:routepoint_id>
				</extensions>
			</trkpt>
			<trkpt lat="47.1819535340" lon="9.1246841346">
				<ele>1730.1</ele>
				<extensions>
					<swisstopo:routepoint_id>961680332</swisstopo:routepoint_id>
				</extensions>
			</trkpt>
			<trkpt lat="47.1819430261" lon="9.1246367074">
				<ele>1730.8</ele>
				<extensions>
					<swisstopo:routepoint_id>1384990595</swisstopo:routepoint_id>
				</extensions>
			</trkpt>
			<trkpt lat="47.1819360905" lon="9.1246003450">
				<ele>1731.5</ele>
				<extensions>
					<swisstopo:routepoint_id>1474712546</swisstopo:routepoint_id>
				</extensions>
			</trkpt>
			<trkpt lat="47.1819365393" lon="9.1245696919">
				<ele>1732.1</ele>
				<extensions>
					<swisstopo:routepoint_id>2058257946</swisstopo:routepoint_id>
				</extensions>
			</trkpt>
			<trkpt lat="47.1819437064" lon="9.1245392500">
				<ele>1732.8</ele>
				<extensions>
					<swisstopo:routepoint_id>2024688323</swisstopo:routepoint_id>
				</extensions>
			</trkpt>
			<trkpt lat="47.1819553202" lon="9.1245111388">
				<ele>1733.6</ele>
				<extensions>
					<swisstopo:routepoint_id>207624093</swisstopo:routepoint_id>
				</extensions>
			</trkpt>
			<trkpt lat="47.1819661990" lon="9.1244819229">
				<ele>1734.4</ele>
				<extensions>
					<swisstopo:routepoint_id>55721455</swisstopo:routepoint_id>
				</extensions>
			</trkpt>
			<trkpt lat="47.1819827818" lon="9.1244714933">
				<ele>1735.6</ele>
				<extensions>
					<swisstopo:routepoint_id>1888235203</swisstopo:routepoint_id>
				</extensions>
			</trkpt>
			<trkpt lat="47.1820020779" lon="9.1244797682">
				<ele>1736.7</ele>
				<extensions>
					<swisstopo:routepoint_id>1224434851</swisstopo:routepoint_id>
				</extensions>
			</trkpt>
			<trkpt lat="47.1820214017" lon="9.1244858533">
				<ele>1737.8</ele>
				<extensions>
					<swisstopo:routepoint_id>1366351346</swisstopo:routepoint_id>
				</extensions>
			</trkpt>
			<trkpt lat="47.1820379844" lon="9.1244754231">
				<ele>1738.8</ele>
				<extensions>
					<swisstopo:routepoint_id>458531426</swisstopo:routepoint_id>
				</extensions>
			</trkpt>
			<trkpt lat="47.1820587851" lon="9.1244826507">
				<ele>1740.0</ele>
				<extensions>
					<swisstopo:routepoint_id>1047895039</swisstopo:routepoint_id>
				</extensions>
			</trkpt>
			<trkpt lat="47.1820803527" lon="9.1244888064">
				<ele>1740.8</ele>
				<extensions>
					<swisstopo:routepoint_id>160800995</swisstopo:routepoint_id>
				</extensions>
			</trkpt>
			<trkpt lat="47.1821087624" lon="9.1244864157">
				<ele>1741.7</ele>
				<extensions>
					<swisstopo:routepoint_id>534229186</swisstopo:routepoint_id>
				</extensions>
			</trkpt>
			<trkpt lat="47.1821371764" lon="9.1244840258">
				<ele>1742.5</ele>
				<extensions>
					<swisstopo:routepoint_id>2068679388</swisstopo:routepoint_id>
				</extensions>
			</trkpt>
			<trkpt lat="47.1821566766" lon="9.1244780682">
				<ele>1742.5</ele>
				<extensions>
					<swisstopo:routepoint_id>654066162</swisstopo:routepoint_id>
				</extensions>
			</trkpt>
			<trkpt lat="47.1821703214" lon="9.1244642598">
				<ele>1742.2</ele>
				<extensions>
					<swisstopo:routepoint_id>1564238048</swisstopo:routepoint_id>
				</extensions>
			</trkpt>
			<trkpt lat="47.1821883009" lon="9.1244604458">
				<ele>1742.1</ele>
				<extensions>
					<swisstopo:routepoint_id>1667021830</swisstopo:routepoint_id>
				</extensions>
			</trkpt>
			<trkpt lat="47.1822055456" lon="9.1244555125">
				<ele>1742.0</ele>
				<extensions>
					<swisstopo:routepoint_id>442194350</swisstopo:routepoint_id>
				</extensions>
			</trkpt>
			<trkpt lat="47.1822191584" lon="9.1244438938">
				<ele>1742.1</ele>
				<extensions>
					<swisstopo:routepoint_id>2129238394</swisstopo:routepoint_id>
				</extensions>
			</trkpt>
			<trkpt lat="47.1822337261" lon="9.1244180665">
				<ele>1742.2</ele>
				<extensions>
					<swisstopo:routepoint_id>374502072</swisstopo:routepoint_id>
				</extensions>
			</trkpt>
			<trkpt lat="47.1822490679" lon="9.1243900725">
				<ele>1742.5</ele>
				<extensions>
					<swisstopo:routepoint_id>955254492</swisstopo:routepoint_id>
				</extensions>
			</trkpt>
			<trkpt lat="47.1822757075" lon="9.1243558632">
				<ele>1742.8</ele>
				<extensions>
					<swisstopo:routepoint_id>275152469</swisstopo:routepoint_id>
				</extensions>
			</trkpt>
			<trkpt lat="47.1823036110" lon="9.1243370275">
				<ele>1742.9</ele>
				<extensions>
					<swisstopo:routepoint_id>1502117743</swisstopo:routepoint_id>
				</extensions>
			</trkpt>
			<trkpt lat="47.1823314142" lon="9.1243247607">
				<ele>1743.0</ele>
				<extensions>
					<swisstopo:routepoint_id>737979424</swisstopo:routepoint_id>
				</extensions>
			</trkpt>
			<trkpt lat="47.1823553290" lon="9.1243233236">
				<ele>1743.1</ele>
				<extensions>
					<swisstopo:routepoint_id>829164001</swisstopo:routepoint_id>
				</extensions>
			</trkpt>
			<trkpt lat="47.1824008115" lon="9.1243280429">
				<ele>1743.8</ele>
				<extensions>
					<swisstopo:routepoint_id>3499210</swisstopo:routepoint_id>
				</extensions>
			</trkpt>
			<trkpt lat="47.1824372399" lon="9.1243390485">
				<ele>1744.3</ele>
				<extensions>
					<swisstopo:routepoint_id>1179602102</swisstopo:routepoint_id>
				</extensions>
			</trkpt>
			<trkpt lat="47.1824766749" lon="9.1243490533">
				<ele>1745.9</ele>
				<extensions>
					<swisstopo:routepoint_id>2126982352</swisstopo:routepoint_id>
				</extensions>
			</trkpt>
			<trkpt lat="47.1825063852" lon="9.1243598472">
				<ele>1747.2</ele>
				<extensions>
					<swisstopo:routepoint_id>214146611</swisstopo:routepoint_id>
				</extensions>
			</trkpt>
			<trkpt lat="47.1825226633" lon="9.1243702170">
				<ele>1748.0</ele>
				<extensions>
					<swisstopo:routepoint_id>81404250</swisstopo:routepoint_id>
				</extensions>
			</trkpt>
			<trkpt lat="47.1825410964" lon="9.1243861324">
				<ele>1748.5</ele>
				<extensions>
					<swisstopo:routepoint_id>1234676973</swisstopo:routepoint_id>
				</extensions>
			</trkpt>
			<trkpt lat="47.1825558656" lon="9.1243975499">
				<ele>1749.0</ele>
				<extensions>
					<swisstopo:routepoint_id>1321375800</swisstopo:routepoint_id>
				</extensions>
			</trkpt>
			<trkpt lat="47.1825818916" lon="9.1244049423">
				<ele>1750.0</ele>
				<extensions>
					<swisstopo:routepoint_id>78403573</swisstopo:routepoint_id>
				</extensions>
			</trkpt>
			<trkpt lat="47.1826077136" lon="9.1244265659">
				<ele>1751.1</ele>
				<extensions>
					<swisstopo:routepoint_id>1606880035</swisstopo:routepoint_id>
				</extensions>
			</trkpt>
			<trkpt lat="47.1826297828" lon="9.1244491674">
				<ele>1751.9</ele>
				<extensions>
					<swisstopo:routepoint_id>927856586</swisstopo:routepoint_id>
				</extensions>
			</trkpt>
			<trkpt lat="47.1826555569" lon="9.1244740757">
				<ele>1752.9</ele>
				<extensions>
					<swisstopo:routepoint_id>2144088978</swisstopo:routepoint_id>
				</extensions>
			</trkpt>
			<trkpt lat="47.1826791511" lon="9.1244945338">
				<ele>1753.8</ele>
				<extensions>
					<swisstopo:routepoint_id>317260576</swisstopo:routepoint_id>
				</extensions>
			</trkpt>
			<trkpt lat="47.1826997318" lon="9.1245170884">
				<ele>1754.4</ele>
				<extensions>
					<swisstopo:routepoint_id>1395812972</swisstopo:routepoint_id>
				</extensions>
			</trkpt>
			<trkpt lat="47.1827248191" lon="9.1245375806">
				<ele>1755.7</ele>
				<extensions>
					<swisstopo:routepoint_id>462366374</swisstopo:routepoint_id>
				</extensions>
			</trkpt>
			<trkpt lat="47.1827500710" lon="9.1245471387">
				<ele>1757.2</ele>
				<extensions>
					<swisstopo:routepoint_id>1129542322</swisstopo:routepoint_id>
				</extensions>
			</trkpt>
			<trkpt lat="47.1827692025" lon="9.1245663615">
				<ele>1758.0</ele>
				<extensions>
					<swisstopo:routepoint_id>2034982692</swisstopo:routepoint_id>
				</extensions>
			</trkpt>
			<trkpt lat="47.1827986767" lon="9.1245935773">
				<ele>1759.4</ele>
				<extensions>
					<swisstopo:routepoint_id>42925091</swisstopo:routepoint_id>
				</extensions>
			</trkpt>
			<trkpt lat="47.1828133044" lon="9.1246137537">
				<ele>1760.5</ele>
				<extensions>
					<swisstopo:routepoint_id>1119934378</swisstopo:routepoint_id>
				</extensions>
			</trkpt>
			<trkpt lat="47.1828317098" lon="9.1246318583">
				<ele>1761.0</ele>
				<extensions>
					<swisstopo:routepoint_id>174988103</swisstopo:routepoint_id>
				</extensions>
			</trkpt>
			<trkpt lat="47.1828507771" lon="9.1246554600">
				<ele>1762.0</ele>
				<extensions>
					<swisstopo:routepoint_id>537168813</swisstopo:routepoint_id>
				</extensions>
			</trkpt>
			<trkpt lat="47.1828690702" lon="9.1246812280">
				<ele>1762.8</ele>
				<extensions>
					<swisstopo:routepoint_id>1016211972</swisstopo:routepoint_id>
				</extensions>
			</trkpt>
			<trkpt lat="47.1828911234" lon="9.1247049238">
				<ele>1763.6</ele>
				<extensions>
					<swisstopo:routepoint_id>2099373626</swisstopo:routepoint_id>
				</extensions>
			</trkpt>
			<trkpt lat="47.1829161186" lon="9.1247319986">
				<ele>1764.6</ele>
				<extensions>
					<swisstopo:routepoint_id>678089344</swisstopo:routepoint_id>
				</extensions>
			</trkpt>
			<trkpt lat="47.1829427309" lon="9.1247503620">
				<ele>1765.6</ele>
				<extensions>
					<swisstopo:routepoint_id>2076609884</swisstopo:routepoint_id>
				</extensions>
			</trkpt>
			<trkpt lat="47.1829603576" lon="9.1247706330">
				<ele>1766.0</ele>
				<extensions>
					<swisstopo:routepoint_id>1844529247</swisstopo:routepoint_id>
				</extensions>
			</trkpt>
			<trkpt lat="47.1829764915" lon="9.1247908569">
				<ele>1766.3</ele>
				<extensions>
					<swisstopo:routepoint_id>1088481599</swisstopo:routepoint_id>
				</extensions>
			</trkpt>
			<trkpt lat="47.1829911440" lon="9.1248099380">
				<ele>1766.8</ele>
				<extensions>
					<swisstopo:routepoint_id>1988087496</swisstopo:routepoint_id>
				</extensions>
			</trkpt>
			<trkpt lat="47.1830125833" lon="9.1248248529">
				<ele>1767.5</ele>
				<extensions>
					<swisstopo:routepoint_id>2049727689</swisstopo:routepoint_id>
				</extensions>
			</trkpt>
			<trkpt lat="47.1830324932" lon="9.1248419097">
				<ele>1768.3</ele>
				<extensions>
					<swisstopo:routepoint_id>1379944406</swisstopo:routepoint_id>
				</extensions>
			</trkpt>
			<trkpt lat="47.1830524076" lon="9.1248589667">
				<ele>1768.8</ele>
				<extensions>
					<swisstopo:routepoint_id>739633206</swisstopo:routepoint_id>
				</extensions>
			</trkpt>
			<trkpt lat="47.1830648410" lon="9.1248768833">
				<ele>1769.1</ele>
				<extensions>
					<swisstopo:routepoint_id>1328629416</swisstopo:routepoint_id>
				</extensions>
			</trkpt>
			<trkpt lat="47.1830744928" lon="9.1248804729">
				<ele>1769.4</ele>
				<extensions>
					<swisstopo:routepoint_id>617862323</swisstopo:routepoint_id>
				</extensions>
			</trkpt>
			<trkpt lat="47.1830785298" lon="9.1248597902">
				<ele>1769.8</ele>
				<extensions>
					<swisstopo:routepoint_id>1056209775</swisstopo:routepoint_id>
				</extensions>
			</trkpt>
			<trkpt lat="47.1830828553" lon="9.1248194010">
				<ele>1770.6</ele>
				<extensions>
					<swisstopo:routepoint_id>455574190</swisstopo:routepoint_id>
				</extensions>
			</trkpt>
			<trkpt lat="47.1830780308" lon="9.1247918667">
				<ele>1770.9</ele>
				<extensions>
					<swisstopo:routepoint_id>572323129</swisstopo:routepoint_id>
				</extensions>
			</trkpt>
			<trkpt lat="47.1830783675" lon="9.1247688757">
				<ele>1771.2</ele>
				<extensions>
					<swisstopo:routepoint_id>1428410306</swisstopo:routepoint_id>
				</extensions>
			</trkpt>
			<trkpt lat="47.1830868352" lon="9.1247516187">
				<ele>1771.5</ele>
				<extensions>
					<swisstopo:routepoint_id>2054421996</swisstopo:routepoint_id>
				</extensions>
			</trkpt>
			<trkpt lat="47.1831094699" lon="9.1247359021">
				<ele>1771.9</ele>
				<extensions>
					<swisstopo:routepoint_id>199959472</swisstopo:routepoint_id>
				</extensions>
			</trkpt>
			<trkpt lat="47.1831305270" lon="9.1247256134">
				<ele>1772.0</ele>
				<extensions>
					<swisstopo:routepoint_id>1537634210</swisstopo:routepoint_id>
				</extensions>
			</trkpt>
			<trkpt lat="47.1831568781" lon="9.1247111102">
				<ele>1771.7</ele>
				<extensions>
					<swisstopo:routepoint_id>1640443428</swisstopo:routepoint_id>
				</extensions>
			</trkpt>
			<trkpt lat="47.1831727420" lon="9.1246984662">
				<ele>1771.3</ele>
				<extensions>
					<swisstopo:routepoint_id>1092941517</swisstopo:routepoint_id>
				</extensions>
			</trkpt>
			<trkpt lat="47.1832087080" lon="9.1246393589">
				<ele>1770.7</ele>
				<extensions>
					<swisstopo:routepoint_id>486241936</swisstopo:routepoint_id>
				</extensions>
			</trkpt>
			<trkpt lat="47.1832406966" lon="9.1245965554">
				<ele>1770.4</ele>
				<extensions>
					<swisstopo:routepoint_id>1618276113</swisstopo:routepoint_id>
				</extensions>
			</trkpt>
			<trkpt lat="47.1832703497" lon="9.1245602505">
				<ele>1770.3</ele>
				<extensions>
					<swisstopo:routepoint_id>770312947</swisstopo:routepoint_id>
				</extensions>
			</trkpt>
			<trkpt lat="47.1832910996" lon="9.1245319513">
				<ele>1770.4</ele>
				<extensions>
					<swisstopo:routepoint_id>1796281039</swisstopo:routepoint_id>
				</extensions>
			</trkpt>
			<trkpt lat="47.1833111583" lon="9.1245094378">
				<ele>1770.6</ele>
				<extensions>
					<swisstopo:routepoint_id>321200850</swisstopo:routepoint_id>
				</extensions>
			</trkpt>
			<trkpt lat="47.1833226184" lon="9.1245011283">
				<ele>1770.8</ele>
				<extensions>
					<swisstopo:routepoint_id>2046689728</swisstopo:routepoint_id>
				</extensions>
			</trkpt>
			<trkpt lat="47.1833450683" lon="9.1244830313">
				<ele>1771.2</ele>
				<extensions>
					<swisstopo:routepoint_id>275728501</swisstopo:routepoint_id>
				</extensions>
			</trkpt>
			<trkpt lat="47.1833674229" lon="9.1244714367">
				<ele>1771.6</ele>
				<extensions>
					<swisstopo:routepoint_id>149511013</swisstopo:routepoint_id>
				</extensions>
			</trkpt>
			<trkpt lat="47.1833892415" lon="9.1244634546">
				<ele>1772.1</ele>
				<extensions>
					<swisstopo:routepoint_id>693050563</swisstopo:routepoint_id>
				</extensions>
			</trkpt>
			<trkpt lat="47.1834055969" lon="9.1244574509">
				<ele>1772.3</ele>
				<extensions>
					<swisstopo:routepoint_id>555215654</swisstopo:routepoint_id>
				</extensions>
			</trkpt>
			<trkpt lat="47.1834176123" lon="9.1244448183">
				<ele>1773.0</ele>
				<extensions>
					<swisstopo:routepoint_id>208431073</swisstopo:routepoint_id>
				</extensions>
			</trkpt>
			<trkpt lat="47.1834261853" lon="9.1244320638">
				<ele>1773.6</ele>
				<extensions>
					<swisstopo:routepoint_id>2079009630</swisstopo:routepoint_id>
				</extensions>
			</trkpt>
			<trkpt lat="47.1834310391" lon="9.1244032903">
				<ele>1774.5</ele>
				<extensions>
					<swisstopo:routepoint_id>8428955</swisstopo:routepoint_id>
				</extensions>
			</trkpt>
			<trkpt lat="47.1834305785" lon="9.1243678435">
				<ele>1775.3</ele>
				<extensions>
					<swisstopo:routepoint_id>1653385305</swisstopo:routepoint_id>
				</extensions>
			</trkpt>
			<trkpt lat="47.1834336132" lon="9.1243288916">
				<ele>1776.6</ele>
				<extensions>
					<swisstopo:routepoint_id>1584357894</swisstopo:routepoint_id>
				</extensions>
			</trkpt>
			<trkpt lat="47.1834432556" lon="9.1242763964">
				<ele>1777.9</ele>
				<extensions>
					<swisstopo:routepoint_id>1279998099</swisstopo:routepoint_id>
				</extensions>
			</trkpt>
			<trkpt lat="47.1834497417" lon="9.1242375529">
				<ele>1779.1</ele>
				<extensions>
					<swisstopo:routepoint_id>1543576037</swisstopo:routepoint_id>
				</extensions>
			</trkpt>
			<trkpt lat="47.1834590561" lon="9.1242074685">
				<ele>1779.8</ele>
				<extensions>
					<swisstopo:routepoint_id>919164244</swisstopo:routepoint_id>
				</extensions>
			</trkpt>
			<trkpt lat="47.1834682054" lon="9.1241889521">
				<ele>1780.2</ele>
				<extensions>
					<swisstopo:routepoint_id>1867842870</swisstopo:routepoint_id>
				</extensions>
			</trkpt>
			<trkpt lat="47.1834730002" lon="9.1241645180">
				<ele>1780.4</ele>
				<extensions>
					<swisstopo:routepoint_id>720368487</swisstopo:routepoint_id>
				</extensions>
			</trkpt>
			<trkpt lat="47.1834754648" lon="9.1241306020">
				<ele>1781.0</ele>
				<extensions>
					<swisstopo:routepoint_id>284593708</swisstopo:routepoint_id>
				</extensions>
			</trkpt>
			<trkpt lat="47.1834788688" lon="9.1241003313">
				<ele>1781.6</ele>
				<extensions>
					<swisstopo:routepoint_id>695869610</swisstopo:routepoint_id>
				</extensions>
			</trkpt>
			<trkpt lat="47.1834817130" lon="9.1240743851">
				<ele>1782.1</ele>
				<extensions>
					<swisstopo:routepoint_id>1065030765</swisstopo:routepoint_id>
				</extensions>
			</trkpt>
			<trkpt lat="47.1834874533" lon="9.1240528705">
				<ele>1782.4</ele>
				<extensions>
					<swisstopo:routepoint_id>414048435</swisstopo:routepoint_id>
				</extensions>
			</trkpt>
			<trkpt lat="47.1834872640" lon="9.1240318957">
				<ele>1782.6</ele>
				<extensions>
					<swisstopo:routepoint_id>967395296</swisstopo:routepoint_id>
				</extensions>
			</trkpt>
			<trkpt lat="47.1834885843" lon="9.1240095171">
				<ele>1782.6</ele>
				<extensions>
					<swisstopo:routepoint_id>982122134</swisstopo:routepoint_id>
				</extensions>
			</trkpt>
			<trkpt lat="47.1834928510" lon="9.1239872305">
				<ele>1782.8</ele>
				<extensions>
					<swisstopo:routepoint_id>1810348690</swisstopo:routepoint_id>
				</extensions>
			</trkpt>
			<trkpt lat="47.1835026360" lon="9.1239586122">
				<ele>1783.0</ele>
				<extensions>
					<swisstopo:routepoint_id>12246165</swisstopo:routepoint_id>
				</extensions>
			</trkpt>
			<trkpt lat="47.1835151364" lon="9.1239134397">
				<ele>1783.4</ele>
				<extensions>
					<swisstopo:routepoint_id>1152770257</swisstopo:routepoint_id>
				</extensions>
			</trkpt>
			<trkpt lat="47.1835261120" lon="9.1238703957">
				<ele>1784.1</ele>
				<extensions>
					<swisstopo:routepoint_id>501578276</swisstopo:routepoint_id>
				</extensions>
			</trkpt>
			<trkpt lat="47.1835331683" lon="9.1238265023">
				<ele>1784.8</ele>
				<extensions>
					<swisstopo:routepoint_id>251870759</swisstopo:routepoint_id>
				</extensions>
			</trkpt>
			<trkpt lat="47.1835376254" lon="9.1237912105">
				<ele>1785.2</ele>
				<extensions>
					<swisstopo:routepoint_id>1855920262</swisstopo:routepoint_id>
				</extensions>
			</trkpt>
			<trkpt lat="47.1835444637" lon="9.1237624994">
				<ele>1785.7</ele>
				<extensions>
					<swisstopo:routepoint_id>1360511353</swisstopo:routepoint_id>
				</extensions>
			</trkpt>
			<trkpt lat="47.1835542338" lon="9.1237345932">
				<ele>1786.2</ele>
				<extensions>
					<swisstopo:routepoint_id>1731024066</swisstopo:routepoint_id>
				</extensions>
			</trkpt>
			<trkpt lat="47.1835638915" lon="9.1237146544">
				<ele>1786.7</ele>
				<extensions>
					<swisstopo:routepoint_id>1496199027</swisstopo:routepoint_id>
				</extensions>
			</trkpt>
			<trkpt lat="47.1835719302" lon="9.1237047865">
				<ele>1786.9</ele>
				<extensions>
					<swisstopo:routepoint_id>2052637205</swisstopo:routepoint_id>
				</extensions>
			</trkpt>
			<trkpt lat="47.1835833409" lon="9.1237062960">
				<ele>1787.1</ele>
				<extensions>
					<swisstopo:routepoint_id>563650573</swisstopo:routepoint_id>
				</extensions>
			</trkpt>
			<trkpt lat="47.1835754744" lon="9.1237045426">
				<ele>1786.9</ele>
				<extensions>
					<swisstopo:routepoint_id>586384608</swisstopo:routepoint_id>
				</extensions>
			</trkpt>
			<trkpt lat="47.1835674401" lon="9.1237144106">
				<ele>1786.7</ele>
				<extensions>
					<swisstopo:routepoint_id>1655847383</swisstopo:routepoint_id>
				</extensions>
			</trkpt>
			<trkpt lat="47.1835577823" lon="9.1237343495">
				<ele>1786.2</ele>
				<extensions>
					<swisstopo:routepoint_id>1184172476</swisstopo:routepoint_id>
				</extensions>
			</trkpt>
			<trkpt lat="47.1835480078" lon="9.1237622554">
				<ele>1785.7</ele>
				<extensions>
					<swisstopo:routepoint_id>589871404</swisstopo:routepoint_id>
				</extensions>
			</trkpt>
			<trkpt lat="47.1835411727" lon="9.1237909666">
				<ele>1785.2</ele>
				<extensions>
					<swisstopo:routepoint_id>2007607124</swisstopo:routepoint_id>
				</extensions>
			</trkpt>
			<trkpt lat="47.1835367155" lon="9.1238262584">
				<ele>1784.8</ele>
				<extensions>
					<swisstopo:routepoint_id>997644579</swisstopo:routepoint_id>
				</extensions>
			</trkpt>
			<trkpt lat="47.1835296580" lon="9.1238701516">
				<ele>1784.1</ele>
				<extensions>
					<swisstopo:routepoint_id>346963512</swisstopo:routepoint_id>
				</extensions>
			</trkpt>
			<trkpt lat="47.1835186812" lon="9.1239131956">
				<ele>1783.4</ele>
				<extensions>
					<swisstopo:routepoint_id>1120719107</swisstopo:routepoint_id>
				</extensions>
			</trkpt>
			<trkpt lat="47.1835061807" lon="9.1239583679">
				<ele>1783.0</ele>
				<extensions>
					<swisstopo:routepoint_id>1026340773</swisstopo:routepoint_id>
				</extensions>
			</trkpt>
			<trkpt lat="47.1834963957" lon="9.1239869861">
				<ele>1782.8</ele>
				<extensions>
					<swisstopo:routepoint_id>2069347534</swisstopo:routepoint_id>
				</extensions>
			</trkpt>
			<trkpt lat="47.1834921289" lon="9.1240092728">
				<ele>1782.6</ele>
				<extensions>
					<swisstopo:routepoint_id>998031572</swisstopo:routepoint_id>
				</extensions>
			</trkpt>
			<trkpt lat="47.1834908118" lon="9.1240316515">
				<ele>1782.6</ele>
				<extensions>
					<swisstopo:routepoint_id>725555434</swisstopo:routepoint_id>
				</extensions>
			</trkpt>
			<trkpt lat="47.1834909989" lon="9.1240526262">
				<ele>1782.4</ele>
				<extensions>
					<swisstopo:routepoint_id>945181299</swisstopo:routepoint_id>
				</extensions>
			</trkpt>
			<trkpt lat="47.1834852585" lon="9.1240741407">
				<ele>1782.1</ele>
				<extensions>
					<swisstopo:routepoint_id>481377764</swisstopo:routepoint_id>
				</extensions>
			</trkpt>
			<trkpt lat="47.1834824142" lon="9.1241000869">
				<ele>1781.6</ele>
				<extensions>
					<swisstopo:routepoint_id>1458814909</swisstopo:routepoint_id>
				</extensions>
			</trkpt>
			<trkpt lat="47.1834790112" lon="9.1241303576">
				<ele>1781.0</ele>
				<extensions>
					<swisstopo:routepoint_id>58351363</swisstopo:routepoint_id>
				</extensions>
			</trkpt>
			<trkpt lat="47.1834765443" lon="9.1241642735">
				<ele>1780.4</ele>
				<extensions>
					<swisstopo:routepoint_id>800502374</swisstopo:routepoint_id>
				</extensions>
			</trkpt>
			<trkpt lat="47.1834717506" lon="9.1241887076">
				<ele>1780.2</ele>
				<extensions>
					<swisstopo:routepoint_id>1914984109</swisstopo:routepoint_id>
				</extensions>
			</trkpt>
			<trkpt lat="47.1834625991" lon="9.1242072239">
				<ele>1779.8</ele>
				<extensions>
					<swisstopo:routepoint_id>1623088729</swisstopo:routepoint_id>
				</extensions>
			</trkpt>
			<trkpt lat="47.1834532879" lon="9.1242373084">
				<ele>1779.1</ele>
				<extensions>
					<swisstopo:routepoint_id>944212516</swisstopo:routepoint_id>
				</extensions>
			</trkpt>
			<trkpt lat="47.1834467995" lon="9.1242761516">
				<ele>1777.9</ele>
				<extensions>
					<swisstopo:routepoint_id>654510350</swisstopo:routepoint_id>
				</extensions>
			</trkpt>
			<trkpt lat="47.1834371592" lon="9.1243286468">
				<ele>1776.6</ele>
				<extensions>
					<swisstopo:routepoint_id>571951646</swisstopo:routepoint_id>
				</extensions>
			</trkpt>
			<trkpt lat="47.1834341243" lon="9.1243675988">
				<ele>1775.3</ele>
				<extensions>
					<swisstopo:routepoint_id>653849335</swisstopo:routepoint_id>
				</extensions>
			</trkpt>
			<trkpt lat="47.1834345859" lon="9.1244030455">
				<ele>1774.5</ele>
				<extensions>
					<swisstopo:routepoint_id>1034107158</swisstopo:routepoint_id>
				</extensions>
			</trkpt>
			<trkpt lat="47.1834297287" lon="9.1244318189">
				<ele>1773.6</ele>
				<extensions>
					<swisstopo:routepoint_id>1385505997</swisstopo:routepoint_id>
				</extensions>
			</trkpt>
			<trkpt lat="47.1834211568" lon="9.1244445734">
				<ele>1773.0</ele>
				<extensions>
					<swisstopo:routepoint_id>108178537</swisstopo:routepoint_id>
				</extensions>
			</trkpt>
			<trkpt lat="47.1834091414" lon="9.1244572059">
				<ele>1772.3</ele>
				<extensions>
					<swisstopo:routepoint_id>50349065</swisstopo:routepoint_id>
				</extensions>
			</trkpt>
			<trkpt lat="47.1833927872" lon="9.1244632096">
				<ele>1772.1</ele>
				<extensions>
					<swisstopo:routepoint_id>1198898638</swisstopo:routepoint_id>
				</extensions>
			</trkpt>
			<trkpt lat="47.1833709687" lon="9.1244711917">
				<ele>1771.6</ele>
				<extensions>
					<swisstopo:routepoint_id>1163701581</swisstopo:routepoint_id>
				</extensions>
			</trkpt>
			<trkpt lat="47.1833486131" lon="9.1244827862">
				<ele>1771.2</ele>
				<extensions>
					<swisstopo:routepoint_id>1278184246</swisstopo:routepoint_id>
				</extensions>
			</trkpt>
			<trkpt lat="47.1833261612" lon="9.1245008831">
				<ele>1770.8</ele>
				<extensions>
					<swisstopo:routepoint_id>1795672391</swisstopo:routepoint_id>
				</extensions>
			</trkpt>
			<trkpt lat="47.1833147043" lon="9.1245091926">
				<ele>1770.6</ele>
				<extensions>
					<swisstopo:routepoint_id>2081148440</swisstopo:routepoint_id>
				</extensions>
			</trkpt>
			<trkpt lat="47.1832946445" lon="9.1245317061">
				<ele>1770.4</ele>
				<extensions>
					<swisstopo:routepoint_id>907057778</swisstopo:routepoint_id>
				</extensions>
			</trkpt>
			<trkpt lat="47.1833147043" lon="9.1245091926">
				<ele>1770.6</ele>
				<extensions>
					<swisstopo:routepoint_id>264288882</swisstopo:routepoint_id>
				</extensions>
			</trkpt>
			<trkpt lat="47.1833261612" lon="9.1245008831">
				<ele>1770.8</ele>
				<extensions>
					<swisstopo:routepoint_id>2121050326</swisstopo:routepoint_id>
				</extensions>
			</trkpt>
			<trkpt lat="47.1833486131" lon="9.1244827862">
				<ele>1771.2</ele>
				<extensions>
					<swisstopo:routepoint_id>2142754467</swisstopo:routepoint_id>
				</extensions>
			</trkpt>
			<trkpt lat="47.1833709687" lon="9.1244711917">
				<ele>1771.6</ele>
				<extensions>
					<swisstopo:routepoint_id>588650707</swisstopo:routepoint_id>
				</extensions>
			</trkpt>
			<trkpt lat="47.1833927872" lon="9.1244632096">
				<ele>1772.1</ele>
				<extensions>
					<swisstopo:routepoint_id>464107173</swisstopo:routepoint_id>
				</extensions>
			</trkpt>
			<trkpt lat="47.1834091414" lon="9.1244572059">
				<ele>1772.3</ele>
				<extensions>
					<swisstopo:routepoint_id>991291857</swisstopo:routepoint_id>
				</extensions>
			</trkpt>
			<trkpt lat="47.1834211568" lon="9.1244445734">
				<ele>1773.0</ele>
				<extensions>
					<swisstopo:routepoint_id>1167777970</swisstopo:routepoint_id>
				</extensions>
			</trkpt>
			<trkpt lat="47.1834297287" lon="9.1244318189">
				<ele>1773.6</ele>
				<extensions>
					<swisstopo:routepoint_id>802996074</swisstopo:routepoint_id>
				</extensions>
			</trkpt>
			<trkpt lat="47.1834345859" lon="9.1244030455">
				<ele>1774.5</ele>
				<extensions>
					<swisstopo:routepoint_id>2035857675</swisstopo:routepoint_id>
				</extensions>
			</trkpt>
			<trkpt lat="47.1834341243" lon="9.1243675988">
				<ele>1775.3</ele>
				<extensions>
					<swisstopo:routepoint_id>2094195594</swisstopo:routepoint_id>
				</extensions>
			</trkpt>
			<trkpt lat="47.1834371592" lon="9.1243286468">
				<ele>1776.6</ele>
				<extensions>
					<swisstopo:routepoint_id>1711007332</swisstopo:routepoint_id>
				</extensions>
			</trkpt>
			<trkpt lat="47.1834467995" lon="9.1242761516">
				<ele>1777.9</ele>
				<extensions>
					<swisstopo:routepoint_id>1854346028</swisstopo:routepoint_id>
				</extensions>
			</trkpt>
			<trkpt lat="47.1834532879" lon="9.1242373084">
				<ele>1779.1</ele>
				<extensions>
					<swisstopo:routepoint_id>363752770</swisstopo:routepoint_id>
				</extensions>
			</trkpt>
			<trkpt lat="47.1834625991" lon="9.1242072239">
				<ele>1779.8</ele>
				<extensions>
					<swisstopo:routepoint_id>1350200717</swisstopo:routepoint_id>
				</extensions>
			</trkpt>
			<trkpt lat="47.1834717506" lon="9.1241887076">
				<ele>1780.2</ele>
				<extensions>
					<swisstopo:routepoint_id>1832092029</swisstopo:routepoint_id>
				</extensions>
			</trkpt>
			<trkpt lat="47.1834765443" lon="9.1241642735">
				<ele>1780.4</ele>
				<extensions>
					<swisstopo:routepoint_id>1283846034</swisstopo:routepoint_id>
				</extensions>
			</trkpt>
			<trkpt lat="47.1834790112" lon="9.1241303576">
				<ele>1781.0</ele>
				<extensions>
					<swisstopo:routepoint_id>1598135409</swisstopo:routepoint_id>
				</extensions>
			</trkpt>
			<trkpt lat="47.1834824142" lon="9.1241000869">
				<ele>1781.6</ele>
				<extensions>
					<swisstopo:routepoint_id>226892462</swisstopo:routepoint_id>
				</extensions>
			</trkpt>
			<trkpt lat="47.1834852585" lon="9.1240741407">
				<ele>1782.1</ele>
				<extensions>
					<swisstopo:routepoint_id>192439892</swisstopo:routepoint_id>
				</extensions>
			</trkpt>
			<trkpt lat="47.1834909989" lon="9.1240526262">
				<ele>1782.4</ele>
				<extensions>
					<swisstopo:routepoint_id>1891565440</swisstopo:routepoint_id>
				</extensions>
			</trkpt>
			<trkpt lat="47.1834908118" lon="9.1240316515">
				<ele>1782.6</ele>
				<extensions>
					<swisstopo:routepoint_id>434541320</swisstopo:routepoint_id>
				</extensions>
			</trkpt>
			<trkpt lat="47.1834921289" lon="9.1240092728">
				<ele>1782.6</ele>
				<extensions>
					<swisstopo:routepoint_id>1267024596</swisstopo:routepoint_id>
				</extensions>
			</trkpt>
			<trkpt lat="47.1834963957" lon="9.1239869861">
				<ele>1782.8</ele>
				<extensions>
					<swisstopo:routepoint_id>1342843617</swisstopo:routepoint_id>
				</extensions>
			</trkpt>
			<trkpt lat="47.1835061807" lon="9.1239583679">
				<ele>1783.0</ele>
				<extensions>
					<swisstopo:routepoint_id>1651675877</swisstopo:routepoint_id>
				</extensions>
			</trkpt>
			<trkpt lat="47.1835186812" lon="9.1239131956">
				<ele>1783.4</ele>
				<extensions>
					<swisstopo:routepoint_id>1104058451</swisstopo:routepoint_id>
				</extensions>
			</trkpt>
			<trkpt lat="47.1835296580" lon="9.1238701516">
				<ele>1784.1</ele>
				<extensions>
					<swisstopo:routepoint_id>150454710</swisstopo:routepoint_id>
				</extensions>
			</trkpt>
			<trkpt lat="47.1835367155" lon="9.1238262584">
				<ele>1784.8</ele>
				<extensions>
					<swisstopo:routepoint_id>755787245</swisstopo:routepoint_id>
				</extensions>
			</trkpt>
			<trkpt lat="47.1835411727" lon="9.1237909666">
				<ele>1785.2</ele>
				<extensions>
					<swisstopo:routepoint_id>507687768</swisstopo:routepoint_id>
				</extensions>
			</trkpt>
			<trkpt lat="47.1835480078" lon="9.1237622554">
				<ele>1785.7</ele>
				<extensions>
					<swisstopo:routepoint_id>652056687</swisstopo:routepoint_id>
				</extensions>
			</trkpt>
			<trkpt lat="47.1835577823" lon="9.1237343495">
				<ele>1786.2</ele>
				<extensions>
					<swisstopo:routepoint_id>1054295212</swisstopo:routepoint_id>
				</extensions>
			</trkpt>
			<trkpt lat="47.1835674401" lon="9.1237144106">
				<ele>1786.7</ele>
				<extensions>
					<swisstopo:routepoint_id>1837440896</swisstopo:routepoint_id>
				</extensions>
			</trkpt>
			<trkpt lat="47.1835754744" lon="9.1237045426">
				<ele>1786.9</ele>
				<extensions>
					<swisstopo:routepoint_id>1237464692</swisstopo:routepoint_id>
				</extensions>
			</trkpt>
			<trkpt lat="47.1835867824" lon="9.1237070630">
				<ele>1787.2</ele>
				<extensions>
					<swisstopo:routepoint_id>702826056</swisstopo:routepoint_id>
				</extensions>
			</trkpt>
			<trkpt lat="47.1835964063" lon="9.1237232809">
				<ele>1787.6</ele>
				<extensions>
					<swisstopo:routepoint_id>1307416880</swisstopo:routepoint_id>
				</extensions>
			</trkpt>
			<trkpt lat="47.1836137049" lon="9.1237541910">
				<ele>1788.5</ele>
				<extensions>
					<swisstopo:routepoint_id>913272627</swisstopo:routepoint_id>
				</extensions>
			</trkpt>
			<trkpt lat="47.1836272557" lon="9.1237712583">
				<ele>1789.3</ele>
				<extensions>
					<swisstopo:routepoint_id>1922018343</swisstopo:routepoint_id>
				</extensions>
			</trkpt>
			<trkpt lat="47.1836423014" lon="9.1237876471">
				<ele>1790.1</ele>
				<extensions>
					<swisstopo:routepoint_id>2052790314</swisstopo:routepoint_id>
				</extensions>
			</trkpt>
			<trkpt lat="47.1836626220" lon="9.1238143103">
				<ele>1790.8</ele>
				<extensions>
					<swisstopo:routepoint_id>914083615</swisstopo:routepoint_id>
				</extensions>
			</trkpt>
			<trkpt lat="47.1836732154" lon="9.1238312845">
				<ele>1791.2</ele>
				<extensions>
					<swisstopo:routepoint_id>180214555</swisstopo:routepoint_id>
				</extensions>
			</trkpt>
			<trkpt lat="47.1836854190" lon="9.1238396267">
				<ele>1791.6</ele>
				<extensions>
					<swisstopo:routepoint_id>241118692</swisstopo:routepoint_id>
				</extensions>
			</trkpt>
			<trkpt lat="47.1837034337" lon="9.1238553833">
				<ele>1792.2</ele>
				<extensions>
					<swisstopo:routepoint_id>1264329851</swisstopo:routepoint_id>
				</extensions>
			</trkpt>
			<trkpt lat="47.1837209120" lon="9.1238740129">
				<ele>1792.7</ele>
				<extensions>
					<swisstopo:routepoint_id>931924946</swisstopo:routepoint_id>
				</extensions>
			</trkpt>
			<trkpt lat="47.1837443602" lon="9.1238892150">
				<ele>1793.3</ele>
				<extensions>
					<swisstopo:routepoint_id>1636701967</swisstopo:routepoint_id>
				</extensions>
			</trkpt>
			<trkpt lat="47.1837594589" lon="9.1239019761">
				<ele>1793.6</ele>
				<extensions>
					<swisstopo:routepoint_id>565621427</swisstopo:routepoint_id>
				</extensions>
			</trkpt>
			<trkpt lat="47.1837720536" lon="9.1239168363">
				<ele>1793.8</ele>
				<extensions>
					<swisstopo:routepoint_id>898917896</swisstopo:routepoint_id>
				</extensions>
			</trkpt>
			<trkpt lat="47.1837860659" lon="9.1239368090">
				<ele>1794.1</ele>
				<extensions>
					<swisstopo:routepoint_id>1937989135</swisstopo:routepoint_id>
				</extensions>
			</trkpt>
			<trkpt lat="47.1837995216" lon="9.1239603790">
				<ele>1794.4</ele>
				<extensions>
					<swisstopo:routepoint_id>85340012</swisstopo:routepoint_id>
				</extensions>
			</trkpt>
			<trkpt lat="47.1838066386" lon="9.1239794079">
				<ele>1794.8</ele>
				<extensions>
					<swisstopo:routepoint_id>556073908</swisstopo:routepoint_id>
				</extensions>
			</trkpt>
			<trkpt lat="47.1838068375" lon="9.1239996575">
				<ele>1794.9</ele>
				<extensions>
					<swisstopo:routepoint_id>389357931</swisstopo:routepoint_id>
				</extensions>
			</trkpt>
			<trkpt lat="47.1838123521" lon="9.1240273194">
				<ele>1795.4</ele>
				<extensions>
					<swisstopo:routepoint_id>395736670</swisstopo:routepoint_id>
				</extensions>
			</trkpt>
			<trkpt lat="47.1838200067" lon="9.1240434625">
				<ele>1795.5</ele>
				<extensions>
					<swisstopo:routepoint_id>2068798921</swisstopo:routepoint_id>
				</extensions>
			</trkpt>
			<trkpt lat="47.1838301145" lon="9.1240596958">
				<ele>1795.9</ele>
				<extensions>
					<swisstopo:routepoint_id>575230124</swisstopo:routepoint_id>
				</extensions>
			</trkpt>
			<trkpt lat="47.1838407169" lon="9.1240766703">
				<ele>1796.4</ele>
				<extensions>
					<swisstopo:routepoint_id>1882771867</swisstopo:routepoint_id>
				</extensions>
			</trkpt>
			<trkpt lat="47.1838518239" lon="9.1240929222">
				<ele>1796.7</ele>
				<extensions>
					<swisstopo:routepoint_id>180272191</swisstopo:routepoint_id>
				</extensions>
			</trkpt>
			<trkpt lat="47.1838634371" lon="9.1241077515">
				<ele>1797.1</ele>
				<extensions>
					<swisstopo:routepoint_id>1180507032</swisstopo:routepoint_id>
				</extensions>
			</trkpt>
			<trkpt lat="47.1838779887" lon="9.1241241248">
				<ele>1797.6</ele>
				<extensions>
					<swisstopo:routepoint_id>482413951</swisstopo:routepoint_id>
				</extensions>
			</trkpt>
			<trkpt lat="47.1838910438" lon="9.1241418895">
				<ele>1798.0</ele>
				<extensions>
					<swisstopo:routepoint_id>2076214922</swisstopo:routepoint_id>
				</extensions>
			</trkpt>
			<trkpt lat="47.1839085010" lon="9.1241619701">
				<ele>1798.9</ele>
				<extensions>
					<swisstopo:routepoint_id>2142496253</swisstopo:routepoint_id>
				</extensions>
			</trkpt>
			<trkpt lat="47.1839253254" lon="9.1241914270">
				<ele>1799.6</ele>
				<extensions>
					<swisstopo:routepoint_id>1761863927</swisstopo:routepoint_id>
				</extensions>
			</trkpt>
			<trkpt lat="47.1839432371" lon="9.1242136862">
				<ele>1800.1</ele>
				<extensions>
					<swisstopo:routepoint_id>1468985177</swisstopo:routepoint_id>
				</extensions>
			</trkpt>
			<trkpt lat="47.1839602309" lon="9.1242315750">
				<ele>1800.4</ele>
				<extensions>
					<swisstopo:routepoint_id>1417475164</swisstopo:routepoint_id>
				</extensions>
			</trkpt>
			<trkpt lat="47.1839815191" lon="9.1242597342">
				<ele>1801.2</ele>
				<extensions>
					<swisstopo:routepoint_id>1918598467</swisstopo:routepoint_id>
				</extensions>
			</trkpt>
			<trkpt lat="47.1840023139" lon="9.1242871521">
				<ele>1801.9</ele>
				<extensions>
					<swisstopo:routepoint_id>1928211271</swisstopo:routepoint_id>
				</extensions>
			</trkpt>
			<trkpt lat="47.1840238033" lon="9.1243015670">
				<ele>1802.3</ele>
				<extensions>
					<swisstopo:routepoint_id>1068042871</swisstopo:routepoint_id>
				</extensions>
			</trkpt>
			<trkpt lat="47.1840404090" lon="9.1243122116">
				<ele>1802.8</ele>
				<extensions>
					<swisstopo:routepoint_id>1582278696</swisstopo:routepoint_id>
				</extensions>
			</trkpt>
			<trkpt lat="47.1840563377" lon="9.1243358606">
				<ele>1803.1</ele>
				<extensions>
					<swisstopo:routepoint_id>1899186751</swisstopo:routepoint_id>
				</extensions>
			</trkpt>
			<trkpt lat="47.1840723318" lon="9.1243544437">
				<ele>1803.5</ele>
				<extensions>
					<swisstopo:routepoint_id>1669980542</swisstopo:routepoint_id>
				</extensions>
			</trkpt>
			<trkpt lat="47.1840873680" lon="9.1243715453">
				<ele>1804.0</ele>
				<extensions>
					<swisstopo:routepoint_id>2032331611</swisstopo:routepoint_id>
				</extensions>
			</trkpt>
			<trkpt lat="47.1841032245" lon="9.1243995325">
				<ele>1804.3</ele>
				<extensions>
					<swisstopo:routepoint_id>1311073633</swisstopo:routepoint_id>
				</extensions>
			</trkpt>
			<trkpt lat="47.1841172580" lon="9.1244180539">
				<ele>1804.6</ele>
				<extensions>
					<swisstopo:routepoint_id>1114260039</swisstopo:routepoint_id>
				</extensions>
			</trkpt>
			<trkpt lat="47.1841302408" lon="9.1244401587">
				<ele>1805.1</ele>
				<extensions>
					<swisstopo:routepoint_id>2113945601</swisstopo:routepoint_id>
				</extensions>
			</trkpt>
			<trkpt lat="47.1841452652" lon="9.1244579856">
				<ele>1805.5</ele>
				<extensions>
					<swisstopo:routepoint_id>1930522811</swisstopo:routepoint_id>
				</extensions>
			</trkpt>
			<trkpt lat="47.1841628494" lon="9.1244693868">
				<ele>1806.0</ele>
				<extensions>
					<swisstopo:routepoint_id>1178950119</swisstopo:routepoint_id>
				</extensions>
			</trkpt>
			<trkpt lat="47.1841862868" lon="9.1244853146">
				<ele>1806.6</ele>
				<extensions>
					<swisstopo:routepoint_id>1477127977</swisstopo:routepoint_id>
				</extensions>
			</trkpt>
			<trkpt lat="47.1842097471" lon="9.1244990790">
				<ele>1807.0</ele>
				<extensions>
					<swisstopo:routepoint_id>1356527847</swisstopo:routepoint_id>
				</extensions>
			</trkpt>
			<trkpt lat="47.1842264462" lon="9.1245039475">
				<ele>1807.8</ele>
				<extensions>
					<swisstopo:routepoint_id>1927155643</swisstopo:routepoint_id>
				</extensions>
			</trkpt>
			<trkpt lat="47.1842405768" lon="9.1245152399">
				<ele>1808.2</ele>
				<extensions>
					<swisstopo:routepoint_id>1333683226</swisstopo:routepoint_id>
				</extensions>
			</trkpt>
			<trkpt lat="47.1842515902" lon="9.1245372826">
				<ele>1808.6</ele>
				<extensions>
					<swisstopo:routepoint_id>431058251</swisstopo:routepoint_id>
				</extensions>
			</trkpt>
			<trkpt lat="47.1842612141" lon="9.1245534872">
				<ele>1809.0</ele>
				<extensions>
					<swisstopo:routepoint_id>1024894234</swisstopo:routepoint_id>
				</extensions>
			</trkpt>
			<trkpt lat="47.1842702986" lon="9.1245733049">
				<ele>1809.4</ele>
				<extensions>
					<swisstopo:routepoint_id>1415915463</swisstopo:routepoint_id>
				</extensions>
			</trkpt>
			<trkpt lat="47.1842794897" lon="9.1245851673">
				<ele>1809.6</ele>
				<extensions>
					<swisstopo:routepoint_id>1762459562</swisstopo:routepoint_id>
				</extensions>
			</trkpt>
			<trkpt lat="47.1842936849" lon="9.1245921212">
				<ele>1810.1</ele>
				<extensions>
					<swisstopo:routepoint_id>1791229144</swisstopo:routepoint_id>
				</extensions>
			</trkpt>
			<trkpt lat="47.1843092456" lon="9.1246070752">
				<ele>1810.6</ele>
				<extensions>
					<swisstopo:routepoint_id>1117482937</swisstopo:routepoint_id>
				</extensions>
			</trkpt>
			<trkpt lat="47.1843259041" lon="9.1246141188">
				<ele>1811.0</ele>
				<extensions>
					<swisstopo:routepoint_id>1779435637</swisstopo:routepoint_id>
				</extensions>
			</trkpt>
			<trkpt lat="47.1843465314" lon="9.1246198231">
				<ele>1811.6</ele>
				<extensions>
					<swisstopo:routepoint_id>1314891781</swisstopo:routepoint_id>
				</extensions>
			</trkpt>
			<trkpt lat="47.1843672750" lon="9.1246175870">
				<ele>1812.2</ele>
				<extensions>
					<swisstopo:routepoint_id>312228086</swisstopo:routepoint_id>
				</extensions>
			</trkpt>
			<trkpt lat="47.1843890731" lon="9.1246103170">
				<ele>1812.8</ele>
				<extensions>
					<swisstopo:routepoint_id>24806572</swisstopo:routepoint_id>
				</extensions>
			</trkpt>
			<trkpt lat="47.1844064798" lon="9.1246000178">
				<ele>1813.4</ele>
				<extensions>
					<swisstopo:routepoint_id>1974863572</swisstopo:routepoint_id>
				</extensions>
			</trkpt>
			<trkpt lat="47.1844225496" lon="9.1245802809">
				<ele>1814.3</ele>
				<extensions>
					<swisstopo:routepoint_id>1555116966</swisstopo:routepoint_id>
				</extensions>
			</trkpt>
			<trkpt lat="47.1844336273" lon="9.1245647150">
				<ele>1814.8</ele>
				<extensions>
					<swisstopo:routepoint_id>610464955</swisstopo:routepoint_id>
				</extensions>
			</trkpt>
			<trkpt lat="47.1844325041" lon="9.1245400948">
				<ele>1815.4</ele>
				<extensions>
					<swisstopo:routepoint_id>1516703835</swisstopo:routepoint_id>
				</extensions>
			</trkpt>
			<trkpt lat="47.1844173130" lon="9.1244998282">
				<ele>1816.4</ele>
				<extensions>
					<swisstopo:routepoint_id>1352952553</swisstopo:routepoint_id>
				</extensions>
			</trkpt>
			<trkpt lat="47.1844016258" lon="9.1244602853">
				<ele>1817.0</ele>
				<extensions>
					<swisstopo:routepoint_id>502612372</swisstopo:routepoint_id>
				</extensions>
			</trkpt>
			<trkpt lat="47.1843925605" lon="9.1244397553">
				<ele>1817.2</ele>
				<extensions>
					<swisstopo:routepoint_id>1616743809</swisstopo:routepoint_id>
				</extensions>
			</trkpt>
			<trkpt lat="47.1843755668" lon="9.1244218534">
				<ele>1817.3</ele>
				<extensions>
					<swisstopo:routepoint_id>82126569</swisstopo:routepoint_id>
				</extensions>
			</trkpt>
			<trkpt lat="47.1843591325" lon="9.1243989148">
				<ele>1817.6</ele>
				<extensions>
					<swisstopo:routepoint_id>372974766</swisstopo:routepoint_id>
				</extensions>
			</trkpt>
			<trkpt lat="47.1843426643" lon="9.1243788781">
				<ele>1817.9</ele>
				<extensions>
					<swisstopo:routepoint_id>680286542</swisstopo:routepoint_id>
				</extensions>
			</trkpt>
			<trkpt lat="47.1843334721" lon="9.1243670148">
				<ele>1818.3</ele>
				<extensions>
					<swisstopo:routepoint_id>1630809429</swisstopo:routepoint_id>
				</extensions>
			</trkpt>
			<trkpt lat="47.1843327899" lon="9.1243460242">
				<ele>1818.5</ele>
				<extensions>
					<swisstopo:routepoint_id>1229402688</swisstopo:routepoint_id>
				</extensions>
			</trkpt>
			<trkpt lat="47.1843271272" lon="9.1243284794">
				<ele>1818.7</ele>
				<extensions>
					<swisstopo:routepoint_id>405752959</swisstopo:routepoint_id>
				</extensions>
			</trkpt>
			<trkpt lat="47.1843171875" lon="9.1243006906">
				<ele>1819.1</ele>
				<extensions>
					<swisstopo:routepoint_id>550598726</swisstopo:routepoint_id>
				</extensions>
			</trkpt>
			<trkpt lat="47.1843122622" lon="9.1242665413">
				<ele>1819.6</ele>
				<extensions>
					<swisstopo:routepoint_id>1361455873</swisstopo:routepoint_id>
				</extensions>
			</trkpt>
			<trkpt lat="47.1843049157" lon="9.1242294257">
				<ele>1820.1</ele>
				<extensions>
					<swisstopo:routepoint_id>670762368</swisstopo:routepoint_id>
				</extensions>
			</trkpt>
			<trkpt lat="47.1843023913" lon="9.1241996934">
				<ele>1820.5</ele>
				<extensions>
					<swisstopo:routepoint_id>398564423</swisstopo:routepoint_id>
				</extensions>
			</trkpt>
			<trkpt lat="47.1843037931" lon="9.1241715363">
				<ele>1820.9</ele>
				<extensions>
					<swisstopo:routepoint_id>2125402603</swisstopo:routepoint_id>
				</extensions>
			</trkpt>
			<trkpt lat="47.1843086715" lon="9.1241413116">
				<ele>1821.7</ele>
				<extensions>
					<swisstopo:routepoint_id>1179600580</swisstopo:routepoint_id>
				</extensions>
			</trkpt>
			<trkpt lat="47.1843218347" lon="9.1241178673">
				<ele>1822.6</ele>
				<extensions>
					<swisstopo:routepoint_id>683784411</swisstopo:routepoint_id>
				</extensions>
			</trkpt>
			<trkpt lat="47.1843309977" lon="9.1240978988">
				<ele>1823.3</ele>
				<extensions>
					<swisstopo:routepoint_id>606196597</swisstopo:routepoint_id>
				</extensions>
			</trkpt>
			<trkpt lat="47.1843332951" lon="9.1240755507">
				<ele>1823.8</ele>
				<extensions>
					<swisstopo:routepoint_id>250599252</swisstopo:routepoint_id>
				</extensions>
			</trkpt>
			<trkpt lat="47.1843312022" lon="9.1240501734">
				<ele>1824.2</ele>
				<extensions>
					<swisstopo:routepoint_id>334397293</swisstopo:routepoint_id>
				</extensions>
			</trkpt>
			<trkpt lat="47.1843295715" lon="9.1240269757">
				<ele>1824.7</ele>
				<extensions>
					<swisstopo:routepoint_id>792596862</swisstopo:routepoint_id>
				</extensions>
			</trkpt>
			<trkpt lat="47.1843323947" lon="9.1240024799">
				<ele>1825.0</ele>
				<extensions>
					<swisstopo:routepoint_id>787002105</swisstopo:routepoint_id>
				</extensions>
			</trkpt>
			<trkpt lat="47.1843328179" lon="9.1239735662">
				<ele>1825.4</ele>
				<extensions>
					<swisstopo:routepoint_id>697560554</swisstopo:routepoint_id>
				</extensions>
			</trkpt>
			<trkpt lat="47.1843307568" lon="9.1239460127">
				<ele>1825.7</ele>
				<extensions>
					<swisstopo:routepoint_id>955529260</swisstopo:routepoint_id>
				</extensions>
			</trkpt>
			<trkpt lat="47.1843335483" lon="9.1239236801">
				<ele>1825.9</ele>
				<extensions>
					<swisstopo:routepoint_id>1589427299</swisstopo:routepoint_id>
				</extensions>
			</trkpt>
			<trkpt lat="47.1843393520" lon="9.1238978389">
				<ele>1826.2</ele>
				<extensions>
					<swisstopo:routepoint_id>90685746</swisstopo:routepoint_id>
				</extensions>
			</trkpt>
			<trkpt lat="47.1843455981" lon="9.1238756150">
				<ele>1826.6</ele>
				<extensions>
					<swisstopo:routepoint_id>1189062504</swisstopo:routepoint_id>
				</extensions>
			</trkpt>
			<trkpt lat="47.1843522542" lon="9.1238584584">
				<ele>1826.9</ele>
				<extensions>
					<swisstopo:routepoint_id>2092995252</swisstopo:routepoint_id>
				</extensions>
			</trkpt>
			<trkpt lat="47.1843585742" lon="9.1238311819">
				<ele>1827.2</ele>
				<extensions>
					<swisstopo:routepoint_id>1706024107</swisstopo:routepoint_id>
				</extensions>
			</trkpt>
			<trkpt lat="47.1843598708" lon="9.1238095278">
				<ele>1827.6</ele>
				<extensions>
					<swisstopo:routepoint_id>1001332057</swisstopo:routepoint_id>
				</extensions>
			</trkpt>
			<trkpt lat="47.1843612526" lon="9.1237828086">
				<ele>1828.0</ele>
				<extensions>
					<swisstopo:routepoint_id>1103125344</swisstopo:routepoint_id>
				</extensions>
			</trkpt>
			<trkpt lat="47.1843660134" lon="9.1237605381">
				<ele>1828.2</ele>
				<extensions>
					<swisstopo:routepoint_id>1703154201</swisstopo:routepoint_id>
				</extensions>
			</trkpt>
			<trkpt lat="47.1843752707" lon="9.1237347926">
				<ele>1828.2</ele>
				<extensions>
					<swisstopo:routepoint_id>256797632</swisstopo:routepoint_id>
				</extensions>
			</trkpt>
			<trkpt lat="47.1843854860" lon="9.1237105292">
				<ele>1828.5</ele>
				<extensions>
					<swisstopo:routepoint_id>1045583119</swisstopo:routepoint_id>
				</extensions>
			</trkpt>
			<trkpt lat="47.1843962070" lon="9.1236855559">
				<ele>1828.8</ele>
				<extensions>
					<swisstopo:routepoint_id>2003545497</swisstopo:routepoint_id>
				</extensions>
			</trkpt>
			<trkpt lat="47.1844069069" lon="9.1236620206">
				<ele>1829.3</ele>
				<extensions>
					<swisstopo:routepoint_id>401454732</swisstopo:routepoint_id>
				</extensions>
			</trkpt>
			<trkpt lat="47.1844205669" lon="9.1236378656">
				<ele>1829.8</ele>
				<extensions>
					<swisstopo:routepoint_id>1109989403</swisstopo:routepoint_id>
				</extensions>
			</trkpt>
			<trkpt lat="47.1844348367" lon="9.1236064981">
				<ele>1830.9</ele>
				<extensions>
					<swisstopo:routepoint_id>352719989</swisstopo:routepoint_id>
				</extensions>
			</trkpt>
			<trkpt lat="47.1844431250" lon="9.1235792711">
				<ele>1831.9</ele>
				<extensions>
					<swisstopo:routepoint_id>288149482</swisstopo:routepoint_id>
				</extensions>
			</trkpt>
			<trkpt lat="47.1844415913" lon="9.1235488443">
				<ele>1832.8</ele>
				<extensions>
					<swisstopo:routepoint_id>1318636246</swisstopo:routepoint_id>
				</extensions>
			</trkpt>
			<trkpt lat="47.1844350222" lon="9.1235262163">
				<ele>1833.4</ele>
				<extensions>
					<swisstopo:routepoint_id>1105955233</swisstopo:routepoint_id>
				</extensions>
			</trkpt>
			<trkpt lat="47.1844278626" lon="9.1235100888">
				<ele>1833.9</ele>
				<extensions>
					<swisstopo:routepoint_id>2080724083</swisstopo:routepoint_id>
				</extensions>
			</trkpt>
			<trkpt lat="47.1844416267" lon="9.1234794181">
				<ele>1834.7</ele>
				<extensions>
					<swisstopo:routepoint_id>254520180</swisstopo:routepoint_id>
				</extensions>
			</trkpt>
			<trkpt lat="47.1844467448" lon="9.1234665676">
				<ele>1834.9</ele>
				<extensions>
					<swisstopo:routepoint_id>306159656</swisstopo:routepoint_id>
				</extensions>
			</trkpt>
			<trkpt lat="47.1844399854" lon="9.1234569454">
				<ele>1835.2</ele>
				<extensions>
					<swisstopo:routepoint_id>2135235639</swisstopo:routepoint_id>
				</extensions>
			</trkpt>
			<trkpt lat="47.1844294251" lon="9.1234370954">
				<ele>1835.4</ele>
				<extensions>
					<swisstopo:routepoint_id>806247966</swisstopo:routepoint_id>
				</extensions>
			</trkpt>
			<trkpt lat="47.1844184240" lon="9.1234136018">
				<ele>1835.8</ele>
				<extensions>
					<swisstopo:routepoint_id>814090829</swisstopo:routepoint_id>
				</extensions>
			</trkpt>
			<trkpt lat="47.1844118865" lon="9.1233888109">
				<ele>1836.3</ele>
				<extensions>
					<swisstopo:routepoint_id>949147535</swisstopo:routepoint_id>
				</extensions>
			</trkpt>
			<trkpt lat="47.1843995591" lon="9.1233551542">
				<ele>1837.1</ele>
				<extensions>
					<swisstopo:routepoint_id>1365823874</swisstopo:routepoint_id>
				</extensions>
			</trkpt>
			<trkpt lat="47.1843988222" lon="9.1233384900">
				<ele>1837.5</ele>
				<extensions>
					<swisstopo:routepoint_id>2054290499</swisstopo:routepoint_id>
				</extensions>
			</trkpt>
			<trkpt lat="47.1844025303" lon="9.1233205276">
				<ele>1837.9</ele>
				<extensions>
					<swisstopo:routepoint_id>1545410931</swisstopo:routepoint_id>
				</extensions>
			</trkpt>
			<trkpt lat="47.1843950989" lon="9.1232892026">
				<ele>1839.3</ele>
				<extensions>
					<swisstopo:routepoint_id>1504365466</swisstopo:routepoint_id>
				</extensions>
			</trkpt>
			<trkpt lat="47.1843849686" lon="9.1232744200">
				<ele>1839.8</ele>
				<extensions>
					<swisstopo:routepoint_id>661698976</swisstopo:routepoint_id>
				</extensions>
			</trkpt>
			<trkpt lat="47.1843781885" lon="9.1232655229">
				<ele>1840.1</ele>
				<extensions>
					<swisstopo:routepoint_id>1134026243</swisstopo:routepoint_id>
				</extensions>
			</trkpt>
			<trkpt lat="47.1843838652" lon="9.1232483486">
				<ele>1840.7</ele>
				<extensions>
					<swisstopo:routepoint_id>496466234</swisstopo:routepoint_id>
				</extensions>
			</trkpt>
			<trkpt lat="47.1843885106" lon="9.1232340314">
				<ele>1841.3</ele>
				<extensions>
					<swisstopo:routepoint_id>189900468</swisstopo:routepoint_id>
				</extensions>
			</trkpt>
			<trkpt lat="47.1843859313" lon="9.1232086259">
				<ele>1842.4</ele>
				<extensions>
					<swisstopo:routepoint_id>1527411758</swisstopo:routepoint_id>
				</extensions>
			</trkpt>
			<trkpt lat="47.1843881652" lon="9.1231906170">
				<ele>1843.2</ele>
				<extensions>
					<swisstopo:routepoint_id>1037864556</swisstopo:routepoint_id>
				</extensions>
			</trkpt>
			<trkpt lat="47.1843925163" lon="9.1231625532">
				<ele>1844.9</ele>
				<extensions>
					<swisstopo:routepoint_id>1299514878</swisstopo:routepoint_id>
				</extensions>
			</trkpt>
			<trkpt lat="47.1843867775" lon="9.1231507989">
				<ele>1845.3</ele>
				<extensions>
					<swisstopo:routepoint_id>1519172523</swisstopo:routepoint_id>
				</extensions>
			</trkpt>
			<trkpt lat="47.1843835462" lon="9.1231355079">
				<ele>1845.6</ele>
				<extensions>
					<swisstopo:routepoint_id>651094684</swisstopo:routepoint_id>
				</extensions>
			</trkpt>
			<trkpt lat="47.1843892545" lon="9.1231161699">
				<ele>1846.1</ele>
				<extensions>
					<swisstopo:routepoint_id>1860160530</swisstopo:routepoint_id>
				</extensions>
			</trkpt>
			<trkpt lat="47.1843986268" lon="9.1231157393">
				<ele>1846.8</ele>
				<extensions>
					<swisstopo:routepoint_id>448594500</swisstopo:routepoint_id>
				</extensions>
			</trkpt>
			<trkpt lat="47.1844074087" lon="9.1231217958">
				<ele>1847.6</ele>
				<extensions>
					<swisstopo:routepoint_id>1494078353</swisstopo:routepoint_id>
				</extensions>
			</trkpt>
			<trkpt lat="47.1844194657" lon="9.1231069863">
				<ele>1848.7</ele>
				<extensions>
					<swisstopo:routepoint_id>1498484846</swisstopo:routepoint_id>
				</extensions>
			</trkpt>
			<trkpt lat="47.1844178770" lon="9.1230809129">
				<ele>1849.5</ele>
				<extensions>
					<swisstopo:routepoint_id>1877715873</swisstopo:routepoint_id>
				</extensions>
			</trkpt>
			<trkpt lat="47.1844133512" lon="9.1230532818">
				<ele>1850.0</ele>
				<extensions>
					<swisstopo:routepoint_id>1197090767</swisstopo:routepoint_id>
				</extensions>
			</trkpt>
			<trkpt lat="47.1844034026" lon="9.1230254800">
				<ele>1850.5</ele>
				<extensions>
					<swisstopo:routepoint_id>1856232048</swisstopo:routepoint_id>
				</extensions>
			</trkpt>
			<trkpt lat="47.1843977807" lon="9.1230050595">
				<ele>1851.0</ele>
				<extensions>
					<swisstopo:routepoint_id>1223794081</swisstopo:routepoint_id>
				</extensions>
			</trkpt>
			<trkpt lat="47.1843843671" lon="9.1229786005">
				<ele>1851.6</ele>
				<extensions>
					<swisstopo:routepoint_id>993892521</swisstopo:routepoint_id>
				</extensions>
			</trkpt>
			<trkpt lat="47.1843713540" lon="9.1229579473">
				<ele>1852.2</ele>
				<extensions>
					<swisstopo:routepoint_id>1235370131</swisstopo:routepoint_id>
				</extensions>
			</trkpt>
			<trkpt lat="47.1843652277" lon="9.1229382234">
				<ele>1852.8</ele>
				<extensions>
					<swisstopo:routepoint_id>340588998</swisstopo:routepoint_id>
				</extensions>
			</trkpt>
			<trkpt lat="47.1843659333" lon="9.1229237825">
				<ele>1853.3</ele>
				<extensions>
					<swisstopo:routepoint_id>500763313</swisstopo:routepoint_id>
				</extensions>
			</trkpt>
			<trkpt lat="47.1843764638" lon="9.1229118148">
				<ele>1853.7</ele>
				<extensions>
					<swisstopo:routepoint_id>672499982</swisstopo:routepoint_id>
				</extensions>
			</trkpt>
			<trkpt lat="47.1843993248" lon="9.1228995230">
				<ele>1854.6</ele>
				<extensions>
					<swisstopo:routepoint_id>754923894</swisstopo:routepoint_id>
				</extensions>
			</trkpt>
			<trkpt lat="47.1844108039" lon="9.1228897493">
				<ele>1855.1</ele>
				<extensions>
					<swisstopo:routepoint_id>139956537</swisstopo:routepoint_id>
				</extensions>
			</trkpt>
			<trkpt lat="47.1844179964" lon="9.1228704581">
				<ele>1855.6</ele>
				<extensions>
					<swisstopo:routepoint_id>1647515565</swisstopo:routepoint_id>
				</extensions>
			</trkpt>
			<trkpt lat="47.1844339505" lon="9.1228579355">
				<ele>1856.0</ele>
				<extensions>
					<swisstopo:routepoint_id>325280740</swisstopo:routepoint_id>
				</extensions>
			</trkpt>
			<trkpt lat="47.1844591809" lon="9.1228522238">
				<ele>1857.0</ele>
				<extensions>
					<swisstopo:routepoint_id>1373708691</swisstopo:routepoint_id>
				</extensions>
			</trkpt>
			<trkpt lat="47.1844783963" lon="9.1228535546">
				<ele>1857.6</ele>
				<extensions>
					<swisstopo:routepoint_id>1922429058</swisstopo:routepoint_id>
				</extensions>
			</trkpt>
			<trkpt lat="47.1844991311" lon="9.1228513174">
				<ele>1858.3</ele>
				<extensions>
					<swisstopo:routepoint_id>1974465386</swisstopo:routepoint_id>
				</extensions>
			</trkpt>
			<trkpt lat="47.1845101250" lon="9.1228415286">
				<ele>1858.8</ele>
				<extensions>
					<swisstopo:routepoint_id>1135382083</swisstopo:routepoint_id>
				</extensions>
			</trkpt>
			<trkpt lat="47.1845182544" lon="9.1228251572">
				<ele>1859.4</ele>
				<extensions>
					<swisstopo:routepoint_id>598940396</swisstopo:routepoint_id>
				</extensions>
			</trkpt>
			<trkpt lat="47.1845250805" lon="9.1227964449">
				<ele>1859.9</ele>
				<extensions>
					<swisstopo:routepoint_id>850877167</swisstopo:routepoint_id>
				</extensions>
			</trkpt>
			<trkpt lat="47.1845283246" lon="9.1227770164">
				<ele>1860.2</ele>
				<extensions>
					<swisstopo:routepoint_id>368548445</swisstopo:routepoint_id>
				</extensions>
			</trkpt>
			<trkpt lat="47.1845315368" lon="9.1227597641">
				<ele>1860.5</ele>
				<extensions>
					<swisstopo:routepoint_id>1873943221</swisstopo:routepoint_id>
				</extensions>
			</trkpt>
			<trkpt lat="47.1845386667" lon="9.1227440736">
				<ele>1860.7</ele>
				<extensions>
					<swisstopo:routepoint_id>1267110239</swisstopo:routepoint_id>
				</extensions>
			</trkpt>
			<trkpt lat="47.1845534299" lon="9.1227459898">
				<ele>1861.2</ele>
				<extensions>
					<swisstopo:routepoint_id>1439695684</swisstopo:routepoint_id>
				</extensions>
			</trkpt>
			<trkpt lat="47.1845650426" lon="9.1227615447">
				<ele>1861.9</ele>
				<extensions>
					<swisstopo:routepoint_id>2056339265</swisstopo:routepoint_id>
				</extensions>
			</trkpt>
			<trkpt lat="47.1845728021" lon="9.1227704593">
				<ele>1862.4</ele>
				<extensions>
					<swisstopo:routepoint_id>503548635</swisstopo:routepoint_id>
				</extensions>
			</trkpt>
			<trkpt lat="47.1845793395" lon="9.1227952633">
				<ele>1863.2</ele>
				<extensions>
					<swisstopo:routepoint_id>1696474322</swisstopo:routepoint_id>
				</extensions>
			</trkpt>
			<trkpt lat="47.1845805505" lon="9.1228133808">
				<ele>1863.6</ele>
				<extensions>
					<swisstopo:routepoint_id>1856389534</swisstopo:routepoint_id>
				</extensions>
			</trkpt>
			<trkpt lat="47.1845837715" lon="9.1228293843">
				<ele>1863.9</ele>
				<extensions>
					<swisstopo:routepoint_id>1611968977</swisstopo:routepoint_id>
				</extensions>
			</trkpt>
			<trkpt lat="47.1845900150" lon="9.1228404284">
				<ele>1864.1</ele>
				<extensions>
					<swisstopo:routepoint_id>848509751</swisstopo:routepoint_id>
				</extensions>
			</trkpt>
			<trkpt lat="47.1846031474" lon="9.1228191465">
				<ele>1864.7</ele>
				<extensions>
					<swisstopo:routepoint_id>781127866</swisstopo:routepoint_id>
				</extensions>
			</trkpt>
			<trkpt lat="47.1846108462" lon="9.1227984197">
				<ele>1865.2</ele>
				<extensions>
					<swisstopo:routepoint_id>1376419050</swisstopo:routepoint_id>
				</extensions>
			</trkpt>
			<trkpt lat="47.1846239562" lon="9.1227785890">
				<ele>1865.8</ele>
				<extensions>
					<swisstopo:routepoint_id>159415037</swisstopo:routepoint_id>
				</extensions>
			</trkpt>
			<trkpt lat="47.1846353808" lon="9.1227731553">
				<ele>1866.1</ele>
				<extensions>
					<swisstopo:routepoint_id>1785511745</swisstopo:routepoint_id>
				</extensions>
			</trkpt>
			<trkpt lat="47.1846529244" lon="9.1227867328">
				<ele>1867.4</ele>
				<extensions>
					<swisstopo:routepoint_id>1210757010</swisstopo:routepoint_id>
				</extensions>
			</trkpt>
			<trkpt lat="47.1846596717" lon="9.1227977927">
				<ele>1867.9</ele>
				<extensions>
					<swisstopo:routepoint_id>1077710944</swisstopo:routepoint_id>
				</extensions>
			</trkpt>
			<trkpt lat="47.1846606712" lon="9.1228303671">
				<ele>1868.6</ele>
				<extensions>
					<swisstopo:routepoint_id>437176133</swisstopo:routepoint_id>
				</extensions>
			</trkpt>
			<trkpt lat="47.1846599011" lon="9.1228491478">
				<ele>1869.0</ele>
				<extensions>
					<swisstopo:routepoint_id>675051662</swisstopo:routepoint_id>
				</extensions>
			</trkpt>
			<trkpt lat="47.1846636701" lon="9.1228615526">
				<ele>1869.1</ele>
				<extensions>
					<swisstopo:routepoint_id>724769578</swisstopo:routepoint_id>
				</extensions>
			</trkpt>
			<trkpt lat="47.1846797806" lon="9.1228721949">
				<ele>1869.4</ele>
				<extensions>
					<swisstopo:routepoint_id>632264762</swisstopo:routepoint_id>
				</extensions>
			</trkpt>
			<trkpt lat="47.1846877938" lon="9.1228637640">
				<ele>1869.6</ele>
				<extensions>
					<swisstopo:routepoint_id>238462352</swisstopo:routepoint_id>
				</extensions>
			</trkpt>
			<trkpt lat="47.1846944279" lon="9.1228487835">
				<ele>1869.8</ele>
				<extensions>
					<swisstopo:routepoint_id>1935266602</swisstopo:routepoint_id>
				</extensions>
			</trkpt>
			<trkpt lat="47.1846987051" lon="9.1228257714">
				<ele>1870.5</ele>
				<extensions>
					<swisstopo:routepoint_id>1708059093</swisstopo:routepoint_id>
				</extensions>
			</trkpt>
			<trkpt lat="47.1847020654" lon="9.1227984019">
				<ele>1871.0</ele>
				<extensions>
					<swisstopo:routepoint_id>390193112</swisstopo:routepoint_id>
				</extensions>
			</trkpt>
			<trkpt lat="47.1847024249" lon="9.1227738277">
				<ele>1871.5</ele>
				<extensions>
					<swisstopo:routepoint_id>1935403403</swisstopo:routepoint_id>
				</extensions>
			</trkpt>
			<trkpt lat="47.1846997943" lon="9.1227513238">
				<ele>1872.1</ele>
				<extensions>
					<swisstopo:routepoint_id>2028258662</swisstopo:routepoint_id>
				</extensions>
			</trkpt>
			<trkpt lat="47.1847011324" lon="9.1227274934">
				<ele>1872.5</ele>
				<extensions>
					<swisstopo:routepoint_id>1619517820</swisstopo:routepoint_id>
				</extensions>
			</trkpt>
			<trkpt lat="47.1847068850" lon="9.1227045276">
				<ele>1872.8</ele>
				<extensions>
					<swisstopo:routepoint_id>315312767</swisstopo:routepoint_id>
				</extensions>
			</trkpt>
			<trkpt lat="47.1847154881" lon="9.1226896225">
				<ele>1873.0</ele>
				<extensions>
					<swisstopo:routepoint_id>1111773102</swisstopo:routepoint_id>
				</extensions>
			</trkpt>
			<trkpt lat="47.1847287869" lon="9.1226907536">
				<ele>1873.3</ele>
				<extensions>
					<swisstopo:routepoint_id>170132237</swisstopo:routepoint_id>
				</extensions>
			</trkpt>
			<trkpt lat="47.1847413164" lon="9.1227106792">
				<ele>1873.8</ele>
				<extensions>
					<swisstopo:routepoint_id>1641895341</swisstopo:routepoint_id>
				</extensions>
			</trkpt>
			<trkpt lat="47.1847469814" lon="9.1227274851">
				<ele>1874.0</ele>
				<extensions>
					<swisstopo:routepoint_id>1017683207</swisstopo:routepoint_id>
				</extensions>
			</trkpt>
			<trkpt lat="47.1847501693" lon="9.1227456780">
				<ele>1874.6</ele>
				<extensions>
					<swisstopo:routepoint_id>1131236414</swisstopo:routepoint_id>
				</extensions>
			</trkpt>
			<trkpt lat="47.1847567609" lon="9.1227668553">
				<ele>1875.2</ele>
				<extensions>
					<swisstopo:routepoint_id>886429779</swisstopo:routepoint_id>
				</extensions>
			</trkpt>
			<trkpt lat="47.1847707119" lon="9.1227571728">
				<ele>1875.9</ele>
				<extensions>
					<swisstopo:routepoint_id>1426129078</swisstopo:routepoint_id>
				</extensions>
			</trkpt>
			<trkpt lat="47.1847838355" lon="9.1227358905">
				<ele>1876.5</ele>
				<extensions>
					<swisstopo:routepoint_id>948672858</swisstopo:routepoint_id>
				</extensions>
			</trkpt>
			<trkpt lat="47.1847964393" lon="9.1227174823">
				<ele>1877.1</ele>
				<extensions>
					<swisstopo:routepoint_id>1154742571</swisstopo:routepoint_id>
				</extensions>
			</trkpt>
			<trkpt lat="47.1848084346" lon="9.1227062863">
				<ele>1877.6</ele>
				<extensions>
					<swisstopo:routepoint_id>880681385</swisstopo:routepoint_id>
				</extensions>
			</trkpt>
			<trkpt lat="47.1848192476" lon="9.1227087911">
				<ele>1878.0</ele>
				<extensions>
					<swisstopo:routepoint_id>996044250</swisstopo:routepoint_id>
				</extensions>
			</trkpt>
			<trkpt lat="47.1848308938" lon="9.1227214570">
				<ele>1878.5</ele>
				<extensions>
					<swisstopo:routepoint_id>874155511</swisstopo:routepoint_id>
				</extensions>
			</trkpt>
			<trkpt lat="47.1848351817" lon="9.1226977194">
				<ele>1879.0</ele>
				<extensions>
					<swisstopo:routepoint_id>1270372855</swisstopo:routepoint_id>
				</extensions>
			</trkpt>
			<trkpt lat="47.1848384889" lon="9.1226739639">
				<ele>1879.6</ele>
				<extensions>
					<swisstopo:routepoint_id>1483522075</swisstopo:routepoint_id>
				</extensions>
			</trkpt>
			<trkpt lat="47.1848441445" lon="9.1226582268">
				<ele>1880.0</ele>
				<extensions>
					<swisstopo:routepoint_id>527791455</swisstopo:routepoint_id>
				</extensions>
			</trkpt>
			<trkpt lat="47.1848548018" lon="9.1226375930">
				<ele>1880.9</ele>
				<extensions>
					<swisstopo:routepoint_id>1906662627</swisstopo:routepoint_id>
				</extensions>
			</trkpt>
			<trkpt lat="47.1848673123" lon="9.1226249614">
				<ele>1881.6</ele>
				<extensions>
					<swisstopo:routepoint_id>1311960568</swisstopo:routepoint_id>
				</extensions>
			</trkpt>
			<trkpt lat="47.1848783384" lon="9.1226122967">
				<ele>1882.1</ele>
				<extensions>
					<swisstopo:routepoint_id>39176650</swisstopo:routepoint_id>
				</extensions>
			</trkpt>
			<trkpt lat="47.1848905540" lon="9.1225866444">
				<ele>1883.3</ele>
				<extensions>
					<swisstopo:routepoint_id>1892322960</swisstopo:routepoint_id>
				</extensions>
			</trkpt>
			<trkpt lat="47.1848987468" lon="9.1225659329">
				<ele>1883.9</ele>
				<extensions>
					<swisstopo:routepoint_id>173245235</swisstopo:routepoint_id>
				</extensions>
			</trkpt>
			<trkpt lat="47.1849054461" lon="9.1225458869">
				<ele>1884.3</ele>
				<extensions>
					<swisstopo:routepoint_id>179531610</swisstopo:routepoint_id>
				</extensions>
			</trkpt>
			<trkpt lat="47.1849077643" lon="9.1225221001">
				<ele>1885.1</ele>
				<extensions>
					<swisstopo:routepoint_id>424089829</swisstopo:routepoint_id>
				</extensions>
			</trkpt>
			<trkpt lat="47.1849080499" lon="9.1225025783">
				<ele>1885.5</ele>
				<extensions>
					<swisstopo:routepoint_id>189385069</swisstopo:routepoint_id>
				</extensions>
			</trkpt>
			<trkpt lat="47.1849107775" lon="9.1224845844">
				<ele>1885.7</ele>
				<extensions>
					<swisstopo:routepoint_id>674525826</swisstopo:routepoint_id>
				</extensions>
			</trkpt>
			<trkpt lat="47.1849202019" lon="9.1224812653">
				<ele>1886.1</ele>
				<extensions>
					<swisstopo:routepoint_id>1030147420</swisstopo:routepoint_id>
				</extensions>
			</trkpt>
			<trkpt lat="47.1849324585" lon="9.1224859930">
				<ele>1886.9</ele>
				<extensions>
					<swisstopo:routepoint_id>1453353314</swisstopo:routepoint_id>
				</extensions>
			</trkpt>
			<trkpt lat="47.1849439768" lon="9.1225073250">
				<ele>1887.4</ele>
				<extensions>
					<swisstopo:routepoint_id>1648488123</swisstopo:routepoint_id>
				</extensions>
			</trkpt>
			<trkpt lat="47.1849540103" lon="9.1225293364">
				<ele>1888.9</ele>
				<extensions>
					<swisstopo:routepoint_id>1258280476</swisstopo:routepoint_id>
				</extensions>
			</trkpt>
			<trkpt lat="47.1849556731" lon="9.1225503581">
				<ele>1889.1</ele>
				<extensions>
					<swisstopo:routepoint_id>2109354336</swisstopo:routepoint_id>
				</extensions>
			</trkpt>
			<trkpt lat="47.1849608843" lon="9.1225649987">
				<ele>1889.1</ele>
				<extensions>
					<swisstopo:routepoint_id>1181005130</swisstopo:routepoint_id>
				</extensions>
			</trkpt>
			<trkpt lat="47.1849701402" lon="9.1225725219">
				<ele>1889.4</ele>
				<extensions>
					<swisstopo:routepoint_id>1727563510</swisstopo:routepoint_id>
				</extensions>
			</trkpt>
			<trkpt lat="47.1849830071" lon="9.1225693113">
				<ele>1890.3</ele>
				<extensions>
					<swisstopo:routepoint_id>1870190886</swisstopo:routepoint_id>
				</extensions>
			</trkpt>
			<trkpt lat="47.1849949813" lon="9.1225595532">
				<ele>1891.3</ele>
				<extensions>
					<swisstopo:routepoint_id>923527965</swisstopo:routepoint_id>
				</extensions>
			</trkpt>
			<trkpt lat="47.1850099026" lon="9.1225506267">
				<ele>1892.2</ele>
				<extensions>
					<swisstopo:routepoint_id>2085440836</swisstopo:routepoint_id>
				</extensions>
			</trkpt>
			<trkpt lat="47.1850222967" lon="9.1225459494">
				<ele>1892.7</ele>
				<extensions>
					<swisstopo:routepoint_id>2013062582</swisstopo:routepoint_id>
				</extensions>
			</trkpt>
			<trkpt lat="47.1850379856" lon="9.1225522366">
				<ele>1893.8</ele>
				<extensions>
					<swisstopo:routepoint_id>1967954347</swisstopo:routepoint_id>
				</extensions>
			</trkpt>
			<trkpt lat="47.1850457555" lon="9.1225604392">
				<ele>1894.4</ele>
				<extensions>
					<swisstopo:routepoint_id>19538613</swisstopo:routepoint_id>
				</extensions>
			</trkpt>
			<trkpt lat="47.1850563469" lon="9.1225781259">
				<ele>1895.1</ele>
				<extensions>
					<swisstopo:routepoint_id>409258622</swisstopo:routepoint_id>
				</extensions>
			</trkpt>
			<trkpt lat="47.1850664438" lon="9.1225957975">
				<ele>1895.5</ele>
				<extensions>
					<swisstopo:routepoint_id>1614055018</swisstopo:routepoint_id>
				</extensions>
			</trkpt>
			<trkpt lat="47.1850735717" lon="9.1226141017">
				<ele>1896.0</ele>
				<extensions>
					<swisstopo:routepoint_id>1498875304</swisstopo:routepoint_id>
				</extensions>
			</trkpt>
			<trkpt lat="47.1850840723" lon="9.1226035843">
				<ele>1896.4</ele>
				<extensions>
					<swisstopo:routepoint_id>774266811</swisstopo:routepoint_id>
				</extensions>
			</trkpt>
			<trkpt lat="47.1850853573" lon="9.1225833811">
				<ele>1896.9</ele>
				<extensions>
					<swisstopo:routepoint_id>845776672</swisstopo:routepoint_id>
				</extensions>
			</trkpt>
			<trkpt lat="47.1850866636" lon="9.1225617270">
				<ele>1897.3</ele>
				<extensions>
					<swisstopo:routepoint_id>449173011</swisstopo:routepoint_id>
				</extensions>
			</trkpt>
			<trkpt lat="47.1850889927" lon="9.1225372015">
				<ele>1898.1</ele>
				<extensions>
					<swisstopo:routepoint_id>111828248</swisstopo:routepoint_id>
				</extensions>
			</trkpt>
			<trkpt lat="47.1850897409" lon="9.1225198714">
				<ele>1898.1</ele>
				<extensions>
					<swisstopo:routepoint_id>174417029</swisstopo:routepoint_id>
				</extensions>
			</trkpt>
			<trkpt lat="47.1850974397" lon="9.1224991442">
				<ele>1898.6</ele>
				<extensions>
					<swisstopo:routepoint_id>1830488793</swisstopo:routepoint_id>
				</extensions>
			</trkpt>
			<trkpt lat="47.1851060338" lon="9.1224842254">
				<ele>1899.2</ele>
				<extensions>
					<swisstopo:routepoint_id>650346568</swisstopo:routepoint_id>
				</extensions>
			</trkpt>
			<trkpt lat="47.1851049397" lon="9.1224581540">
				<ele>1900.1</ele>
				<extensions>
					<swisstopo:routepoint_id>679280860</swisstopo:routepoint_id>
				</extensions>
			</trkpt>
			<trkpt lat="47.1851027929" lon="9.1224363908">
				<ele>1900.8</ele>
				<extensions>
					<swisstopo:routepoint_id>1117289004</swisstopo:routepoint_id>
				</extensions>
			</trkpt>
			<trkpt lat="47.1851011936" lon="9.1224110291">
				<ele>1901.5</ele>
				<extensions>
					<swisstopo:routepoint_id>1319452218</swisstopo:routepoint_id>
				</extensions>
			</trkpt>
			<trkpt lat="47.1851001013" lon="9.1223842316">
				<ele>1902.2</ele>
				<extensions>
					<swisstopo:routepoint_id>1544728343</swisstopo:routepoint_id>
				</extensions>
			</trkpt>
			<trkpt lat="47.1850963740" lon="9.1223696510">
				<ele>1902.4</ele>
				<extensions>
					<swisstopo:routepoint_id>1716852205</swisstopo:routepoint_id>
				</extensions>
			</trkpt>
			<trkpt lat="47.1850893201" lon="9.1223462820">
				<ele>1902.6</ele>
				<extensions>
					<swisstopo:routepoint_id>245426635</swisstopo:routepoint_id>
				</extensions>
			</trkpt>
			<trkpt lat="47.1850842989" lon="9.1223186483">
				<ele>1903.0</ele>
				<extensions>
					<swisstopo:routepoint_id>371323431</swisstopo:routepoint_id>
				</extensions>
			</trkpt>
			<trkpt lat="47.1850777085" lon="9.1222974577">
				<ele>1903.4</ele>
				<extensions>
					<swisstopo:routepoint_id>202670339</swisstopo:routepoint_id>
				</extensions>
			</trkpt>
			<trkpt lat="47.1850706228" lon="9.1222762653">
				<ele>1903.5</ele>
				<extensions>
					<swisstopo:routepoint_id>1909965385</swisstopo:routepoint_id>
				</extensions>
			</trkpt>
			<trkpt lat="47.1850620535" lon="9.1222550261">
				<ele>1903.7</ele>
				<extensions>
					<swisstopo:routepoint_id>1588717448</swisstopo:routepoint_id>
				</extensions>
			</trkpt>
			<trkpt lat="47.1850559998" lon="9.1222309625">
				<ele>1903.8</ele>
				<extensions>
					<swisstopo:routepoint_id>485377022</swisstopo:routepoint_id>
				</extensions>
			</trkpt>
			<trkpt lat="47.1850682376" lon="9.1222031464">
				<ele>1905.1</ele>
				<extensions>
					<swisstopo:routepoint_id>74648410</swisstopo:routepoint_id>
				</extensions>
			</trkpt>
			<trkpt lat="47.1850869167" lon="9.1222073504">
				<ele>1906.7</ele>
				<extensions>
					<swisstopo:routepoint_id>1787423299</swisstopo:routepoint_id>
				</extensions>
			</trkpt>
			<trkpt lat="47.1851098824" lon="9.1222210852">
				<ele>1907.9</ele>
				<extensions>
					<swisstopo:routepoint_id>1114032835</swisstopo:routepoint_id>
				</extensions>
			</trkpt>
			<trkpt lat="47.1851259919" lon="9.1222324398">
				<ele>1908.7</ele>
				<extensions>
					<swisstopo:routepoint_id>1303352605</swisstopo:routepoint_id>
				</extensions>
			</trkpt>
			<trkpt lat="47.1851464288" lon="9.1222511758">
				<ele>1910.1</ele>
				<extensions>
					<swisstopo:routepoint_id>819997972</swisstopo:routepoint_id>
				</extensions>
			</trkpt>
			<trkpt lat="47.1851624233" lon="9.1222697587">
				<ele>1910.8</ele>
				<extensions>
					<swisstopo:routepoint_id>1546998543</swisstopo:routepoint_id>
				</extensions>
			</trkpt>
			<trkpt lat="47.1851724780" lon="9.1222903190">
				<ele>1911.4</ele>
				<extensions>
					<swisstopo:routepoint_id>972445859</swisstopo:routepoint_id>
				</extensions>
			</trkpt>
			<trkpt lat="47.1851812604" lon="9.1222963891">
				<ele>1911.8</ele>
				<extensions>
					<swisstopo:routepoint_id>2060783525</swisstopo:routepoint_id>
				</extensions>
			</trkpt>
			<trkpt lat="47.1851908212" lon="9.1222836648">
				<ele>1912.3</ele>
				<extensions>
					<swisstopo:routepoint_id>1514873530</swisstopo:routepoint_id>
				</extensions>
			</trkpt>
			<trkpt lat="47.1851960032" lon="9.1222664742">
				<ele>1913.6</ele>
				<extensions>
					<swisstopo:routepoint_id>966694155</swisstopo:routepoint_id>
				</extensions>
			</trkpt>
			<trkpt lat="47.1851938771" lon="9.1222432603">
				<ele>1914.2</ele>
				<extensions>
					<swisstopo:routepoint_id>111859040</swisstopo:routepoint_id>
				</extensions>
			</trkpt>
			<trkpt lat="47.1851913310" lon="9.1222149783">
				<ele>1914.5</ele>
				<extensions>
					<swisstopo:routepoint_id>554669981</swisstopo:routepoint_id>
				</extensions>
			</trkpt>
			<trkpt lat="47.1851892160" lon="9.1221910390">
				<ele>1914.8</ele>
				<extensions>
					<swisstopo:routepoint_id>155021856</swisstopo:routepoint_id>
				</extensions>
			</trkpt>
			<trkpt lat="47.1851885441" lon="9.1221693223">
				<ele>1915.3</ele>
				<extensions>
					<swisstopo:routepoint_id>1460200996</swisstopo:routepoint_id>
				</extensions>
			</trkpt>
			<trkpt lat="47.1851946301" lon="9.1221579405">
				<ele>1915.9</ele>
				<extensions>
					<swisstopo:routepoint_id>8775456</swisstopo:routepoint_id>
				</extensions>
			</trkpt>
			<trkpt lat="47.1852083193" lon="9.1221656033">
				<ele>1916.4</ele>
				<extensions>
					<swisstopo:routepoint_id>885851901</swisstopo:routepoint_id>
				</extensions>
			</trkpt>
			<trkpt lat="47.1852257767" lon="9.1221856837">
				<ele>1917.8</ele>
				<extensions>
					<swisstopo:routepoint_id>514723031</swisstopo:routepoint_id>
				</extensions>
			</trkpt>
			<trkpt lat="47.1852450767" lon="9.1222144929">
				<ele>1918.6</ele>
				<extensions>
					<swisstopo:routepoint_id>29929547</swisstopo:routepoint_id>
				</extensions>
			</trkpt>
			<trkpt lat="47.1852639966" lon="9.1222360711">
				<ele>1919.9</ele>
				<extensions>
					<swisstopo:routepoint_id>1154176814</swisstopo:routepoint_id>
				</extensions>
			</trkpt>
			<trkpt lat="47.1852814007" lon="9.1222597527">
				<ele>1921.0</ele>
				<extensions>
					<swisstopo:routepoint_id>664616923</swisstopo:routepoint_id>
				</extensions>
			</trkpt>
			<trkpt lat="47.1853017550" lon="9.1222835405">
				<ele>1921.8</ele>
				<extensions>
					<swisstopo:routepoint_id>1681789991</swisstopo:routepoint_id>
				</extensions>
			</trkpt>
			<trkpt lat="47.1853245289" lon="9.1223110206">
				<ele>1923.3</ele>
				<extensions>
					<swisstopo:routepoint_id>1817545617</swisstopo:routepoint_id>
				</extensions>
			</trkpt>
			<trkpt lat="47.1853420393" lon="9.1223274737">
				<ele>1924.2</ele>
				<extensions>
					<swisstopo:routepoint_id>1242574435</swisstopo:routepoint_id>
				</extensions>
			</trkpt>
			<trkpt lat="47.1853570429" lon="9.1223467512">
				<ele>1925.0</ele>
				<extensions>
					<swisstopo:routepoint_id>773229376</swisstopo:routepoint_id>
				</extensions>
			</trkpt>
			<trkpt lat="47.1853705523" lon="9.1223667079">
				<ele>1925.6</ele>
				<extensions>
					<swisstopo:routepoint_id>89103905</swisstopo:routepoint_id>
				</extensions>
			</trkpt>
			<trkpt lat="47.1853830919" lon="9.1223859083">
				<ele>1926.1</ele>
				<extensions>
					<swisstopo:routepoint_id>1494312510</swisstopo:routepoint_id>
				</extensions>
			</trkpt>
			<trkpt lat="47.1853885807" lon="9.1223477440">
				<ele>1927.3</ele>
				<extensions>
					<swisstopo:routepoint_id>1656795816</swisstopo:routepoint_id>
				</extensions>
			</trkpt>
			<trkpt lat="47.1853866348" lon="9.1223122494">
				<ele>1928.2</ele>
				<extensions>
					<swisstopo:routepoint_id>68457223</swisstopo:routepoint_id>
				</extensions>
			</trkpt>
			<trkpt lat="47.1853908888" lon="9.1222914138">
				<ele>1928.6</ele>
				<extensions>
					<swisstopo:routepoint_id>1111502868</swisstopo:routepoint_id>
				</extensions>
			</trkpt>
			<trkpt lat="47.1854040412" lon="9.1223019497">
				<ele>1929.3</ele>
				<extensions>
					<swisstopo:routepoint_id>1089460170</swisstopo:routepoint_id>
				</extensions>
			</trkpt>
			<trkpt lat="47.1854141592" lon="9.1223181834">
				<ele>1929.8</ele>
				<extensions>
					<swisstopo:routepoint_id>1902351758</swisstopo:routepoint_id>
				</extensions>
			</trkpt>
			<trkpt lat="47.1854281937" lon="9.1223367047">
				<ele>1930.6</ele>
				<extensions>
					<swisstopo:routepoint_id>68216287</swisstopo:routepoint_id>
				</extensions>
			</trkpt>
			<trkpt lat="47.1854445500" lon="9.1223545340">
				<ele>1931.7</ele>
				<extensions>
					<swisstopo:routepoint_id>1728136166</swisstopo:routepoint_id>
				</extensions>
			</trkpt>
			<trkpt lat="47.1854947609" lon="9.1223945701">
				<ele>1934.4</ele>
				<extensions>
					<swisstopo:routepoint_id>581342967</swisstopo:routepoint_id>
				</extensions>
			</trkpt>
			<trkpt lat="47.1855417334" lon="9.1224321023">
				<ele>1936.3</ele>
				<extensions>
					<swisstopo:routepoint_id>1387012336</swisstopo:routepoint_id>
				</extensions>
			</trkpt>
			<trkpt lat="47.1855872805" lon="9.1224551659">
				<ele>1938.1</ele>
				<extensions>
					<swisstopo:routepoint_id>634731855</swisstopo:routepoint_id>
				</extensions>
			</trkpt>
			<trkpt lat="47.1856161963" lon="9.1224945318">
				<ele>1939.0</ele>
				<extensions>
					<swisstopo:routepoint_id>559684245</swisstopo:routepoint_id>
				</extensions>
			</trkpt>
			<trkpt lat="47.1856615232" lon="9.1225320124">
				<ele>1940.2</ele>
				<extensions>
					<swisstopo:routepoint_id>1192156965</swisstopo:routepoint_id>
				</extensions>
			</trkpt>
			<trkpt lat="47.1856957097" lon="9.1225475130">
				<ele>1941.8</ele>
				<extensions>
					<swisstopo:routepoint_id>595877218</swisstopo:routepoint_id>
				</extensions>
			</trkpt>
			<trkpt lat="47.1857264607" lon="9.1225746240">
				<ele>1942.8</ele>
				<extensions>
					<swisstopo:routepoint_id>260437172</swisstopo:routepoint_id>
				</extensions>
			</trkpt>
			<trkpt lat="47.1857479291" lon="9.1225904895">
				<ele>1943.0</ele>
				<extensions>
					<swisstopo:routepoint_id>960358632</swisstopo:routepoint_id>
				</extensions>
			</trkpt>
			<trkpt lat="47.1857662816" lon="9.1226163789">
				<ele>1943.4</ele>
				<extensions>
					<swisstopo:routepoint_id>838760220</swisstopo:routepoint_id>
				</extensions>
			</trkpt>
			<trkpt lat="47.1857806536" lon="9.1226450463">
				<ele>1943.8</ele>
				<extensions>
					<swisstopo:routepoint_id>262495994</swisstopo:routepoint_id>
				</extensions>
			</trkpt>
			<trkpt lat="47.1857866842" lon="9.1226712735">
				<ele>1944.3</ele>
				<extensions>
					<swisstopo:routepoint_id>1453690959</swisstopo:routepoint_id>
				</extensions>
			</trkpt>
			<trkpt lat="47.1857907902" lon="9.1226938243">
				<ele>1944.7</ele>
				<extensions>
					<swisstopo:routepoint_id>636013554</swisstopo:routepoint_id>
				</extensions>
			</trkpt>
			<trkpt lat="47.1858024995" lon="9.1227021374">
				<ele>1944.5</ele>
				<extensions>
					<swisstopo:routepoint_id>1786945607</swisstopo:routepoint_id>
				</extensions>
			</trkpt>
			<trkpt lat="47.1858148300" lon="9.1227018132">
				<ele>1942.7</ele>
				<extensions>
					<swisstopo:routepoint_id>184483004</swisstopo:routepoint_id>
				</extensions>
			</trkpt>
			<trkpt lat="47.1858244025" lon="9.1226876507">
				<ele>1941.4</ele>
				<extensions>
					<swisstopo:routepoint_id>756811455</swisstopo:routepoint_id>
				</extensions>
			</trkpt>
			<trkpt lat="47.1858355022" lon="9.1226706329">
				<ele>1940.0</ele>
				<extensions>
					<swisstopo:routepoint_id>1271771378</swisstopo:routepoint_id>
				</extensions>
			</trkpt>
			<trkpt lat="47.1858438430" lon="9.1226398038">
				<ele>1939.0</ele>
				<extensions>
					<swisstopo:routepoint_id>1018427824</swisstopo:routepoint_id>
				</extensions>
			</trkpt>
			<trkpt lat="47.1858432241" lon="9.1226144726">
				<ele>1938.3</ele>
				<extensions>
					<swisstopo:routepoint_id>1030295655</swisstopo:routepoint_id>
				</extensions>
			</trkpt>
			<trkpt lat="47.1858293399" lon="9.1225973944">
				<ele>1937.9</ele>
				<extensions>
					<swisstopo:routepoint_id>1762436618</swisstopo:routepoint_id>
				</extensions>
			</trkpt>
			<trkpt lat="47.1857922664" lon="9.1225553695">
				<ele>1936.4</ele>
				<extensions>
					<swisstopo:routepoint_id>56708377</swisstopo:routepoint_id>
				</extensions>
			</trkpt>
			<trkpt lat="47.1857604241" lon="9.1224999177">
				<ele>1935.0</ele>
				<extensions>
					<swisstopo:routepoint_id>1597558982</swisstopo:routepoint_id>
				</extensions>
			</trkpt>
			<trkpt lat="47.1857922664" lon="9.1225553695">
				<ele>1936.4</ele>
				<extensions>
					<swisstopo:routepoint_id>1745348765</swisstopo:routepoint_id>
				</extensions>
			</trkpt>
			<trkpt lat="47.1858293399" lon="9.1225973944">
				<ele>1937.9</ele>
				<extensions>
					<swisstopo:routepoint_id>1487639077</swisstopo:routepoint_id>
				</extensions>
			</trkpt>
			<trkpt lat="47.1858432241" lon="9.1226144726">
				<ele>1938.3</ele>
				<extensions>
					<swisstopo:routepoint_id>1876437496</swisstopo:routepoint_id>
				</extensions>
			</trkpt>
			<trkpt lat="47.1858438430" lon="9.1226398038">
				<ele>1939.0</ele>
				<extensions>
					<swisstopo:routepoint_id>1200923886</swisstopo:routepoint_id>
				</extensions>
			</trkpt>
			<trkpt lat="47.1858355022" lon="9.1226706329">
				<ele>1940.0</ele>
				<extensions>
					<swisstopo:routepoint_id>2129539084</swisstopo:routepoint_id>
				</extensions>
			</trkpt>
			<trkpt lat="47.1858244025" lon="9.1226876507">
				<ele>1941.4</ele>
				<extensions>
					<swisstopo:routepoint_id>1449841078</swisstopo:routepoint_id>
				</extensions>
			</trkpt>
			<trkpt lat="47.1858148300" lon="9.1227018132">
				<ele>1942.7</ele>
				<extensions>
					<swisstopo:routepoint_id>1431145754</swisstopo:routepoint_id>
				</extensions>
			</trkpt>
			<trkpt lat="47.1858024995" lon="9.1227021374">
				<ele>1944.5</ele>
				<extensions>
					<swisstopo:routepoint_id>2131086060</swisstopo:routepoint_id>
				</extensions>
			</trkpt>
			<trkpt lat="47.1857907902" lon="9.1226938243">
				<ele>1944.7</ele>
				<extensions>
					<swisstopo:routepoint_id>1077254610</swisstopo:routepoint_id>
				</extensions>
			</trkpt>
			<trkpt lat="47.1857866842" lon="9.1226712735">
				<ele>1944.3</ele>
				<extensions>
					<swisstopo:routepoint_id>2049417949</swisstopo:routepoint_id>
				</extensions>
			</trkpt>
			<trkpt lat="47.1857806536" lon="9.1226450463">
				<ele>1943.8</ele>
				<extensions>
					<swisstopo:routepoint_id>1848233051</swisstopo:routepoint_id>
				</extensions>
			</trkpt>
			<trkpt lat="47.1857662816" lon="9.1226163789">
				<ele>1943.4</ele>
				<extensions>
					<swisstopo:routepoint_id>1209355237</swisstopo:routepoint_id>
				</extensions>
			</trkpt>
			<trkpt lat="47.1857479291" lon="9.1225904895">
				<ele>1943.0</ele>
				<extensions>
					<swisstopo:routepoint_id>732723305</swisstopo:routepoint_id>
				</extensions>
			</trkpt>
			<trkpt lat="47.1857264607" lon="9.1225746240">
				<ele>1942.8</ele>
				<extensions>
					<swisstopo:routepoint_id>1686138331</swisstopo:routepoint_id>
				</extensions>
			</trkpt>
			<trkpt lat="47.1856957097" lon="9.1225475130">
				<ele>1941.8</ele>
				<extensions>
					<swisstopo:routepoint_id>1485335637</swisstopo:routepoint_id>
				</extensions>
			</trkpt>
			<trkpt lat="47.1856615232" lon="9.1225320124">
				<ele>1940.2</ele>
				<extensions>
					<swisstopo:routepoint_id>811064678</swisstopo:routepoint_id>
				</extensions>
			</trkpt>
			<trkpt lat="47.1856161963" lon="9.1224945318">
				<ele>1939.0</ele>
				<extensions>
					<swisstopo:routepoint_id>839390203</swisstopo:routepoint_id>
				</extensions>
			</trkpt>
			<trkpt lat="47.1855872805" lon="9.1224551659">
				<ele>1938.1</ele>
				<extensions>
					<swisstopo:routepoint_id>880023756</swisstopo:routepoint_id>
				</extensions>
			</trkpt>
			<trkpt lat="47.1855417334" lon="9.1224321023">
				<ele>1936.3</ele>
				<extensions>
					<swisstopo:routepoint_id>438825422</swisstopo:routepoint_id>
				</extensions>
			</trkpt>
			<trkpt lat="47.1854947609" lon="9.1223945701">
				<ele>1934.4</ele>
				<extensions>
					<swisstopo:routepoint_id>821096492</swisstopo:routepoint_id>
				</extensions>
			</trkpt>
			<trkpt lat="47.1854445500" lon="9.1223545340">
				<ele>1931.7</ele>
				<extensions>
					<swisstopo:routepoint_id>713023136</swisstopo:routepoint_id>
				</extensions>
			</trkpt>
			<trkpt lat="47.1854281937" lon="9.1223367047">
				<ele>1930.6</ele>
				<extensions>
					<swisstopo:routepoint_id>1129685009</swisstopo:routepoint_id>
				</extensions>
			</trkpt>
			<trkpt lat="47.1854141592" lon="9.1223181834">
				<ele>1929.8</ele>
				<extensions>
					<swisstopo:routepoint_id>802610488</swisstopo:routepoint_id>
				</extensions>
			</trkpt>
			<trkpt lat="47.1854040412" lon="9.1223019497">
				<ele>1929.3</ele>
				<extensions>
					<swisstopo:routepoint_id>131398572</swisstopo:routepoint_id>
				</extensions>
			</trkpt>
			<trkpt lat="47.1853908888" lon="9.1222914138">
				<ele>1928.6</ele>
				<extensions>
					<swisstopo:routepoint_id>1833936109</swisstopo:routepoint_id>
				</extensions>
			</trkpt>
			<trkpt lat="47.1853866348" lon="9.1223122494">
				<ele>1928.2</ele>
				<extensions>
					<swisstopo:routepoint_id>643447022</swisstopo:routepoint_id>
				</extensions>
			</trkpt>
			<trkpt lat="47.1853885807" lon="9.1223477440">
				<ele>1927.3</ele>
				<extensions>
					<swisstopo:routepoint_id>413128939</swisstopo:routepoint_id>
				</extensions>
			</trkpt>
			<trkpt lat="47.1853830919" lon="9.1223859083">
				<ele>1926.1</ele>
				<extensions>
					<swisstopo:routepoint_id>415159606</swisstopo:routepoint_id>
				</extensions>
			</trkpt>
			<trkpt lat="47.1853705523" lon="9.1223667079">
				<ele>1925.6</ele>
				<extensions>
					<swisstopo:routepoint_id>1720745965</swisstopo:routepoint_id>
				</extensions>
			</trkpt>
			<trkpt lat="47.1853570429" lon="9.1223467512">
				<ele>1925.0</ele>
				<extensions>
					<swisstopo:routepoint_id>984722421</swisstopo:routepoint_id>
				</extensions>
			</trkpt>
			<trkpt lat="47.1853420393" lon="9.1223274737">
				<ele>1924.2</ele>
				<extensions>
					<swisstopo:routepoint_id>1612172660</swisstopo:routepoint_id>
				</extensions>
			</trkpt>
			<trkpt lat="47.1853245289" lon="9.1223110206">
				<ele>1923.3</ele>
				<extensions>
					<swisstopo:routepoint_id>1591255193</swisstopo:routepoint_id>
				</extensions>
			</trkpt>
			<trkpt lat="47.1853017550" lon="9.1222835405">
				<ele>1921.8</ele>
				<extensions>
					<swisstopo:routepoint_id>1739343051</swisstopo:routepoint_id>
				</extensions>
			</trkpt>
			<trkpt lat="47.1852814007" lon="9.1222597527">
				<ele>1921.0</ele>
				<extensions>
					<swisstopo:routepoint_id>121104680</swisstopo:routepoint_id>
				</extensions>
			</trkpt>
			<trkpt lat="47.1852639966" lon="9.1222360711">
				<ele>1919.9</ele>
				<extensions>
					<swisstopo:routepoint_id>1298182600</swisstopo:routepoint_id>
				</extensions>
			</trkpt>
			<trkpt lat="47.1852450767" lon="9.1222144929">
				<ele>1918.6</ele>
				<extensions>
					<swisstopo:routepoint_id>1217244446</swisstopo:routepoint_id>
				</extensions>
			</trkpt>
			<trkpt lat="47.1852257767" lon="9.1221856837">
				<ele>1917.8</ele>
				<extensions>
					<swisstopo:routepoint_id>512826151</swisstopo:routepoint_id>
				</extensions>
			</trkpt>
			<trkpt lat="47.1852083193" lon="9.1221656033">
				<ele>1916.4</ele>
				<extensions>
					<swisstopo:routepoint_id>1881234876</swisstopo:routepoint_id>
				</extensions>
			</trkpt>
			<trkpt lat="47.1851946301" lon="9.1221579405">
				<ele>1915.9</ele>
				<extensions>
					<swisstopo:routepoint_id>927234044</swisstopo:routepoint_id>
				</extensions>
			</trkpt>
			<trkpt lat="47.1851885441" lon="9.1221693223">
				<ele>1915.3</ele>
				<extensions>
					<swisstopo:routepoint_id>625888150</swisstopo:routepoint_id>
				</extensions>
			</trkpt>
			<trkpt lat="47.1851892160" lon="9.1221910390">
				<ele>1914.8</ele>
				<extensions>
					<swisstopo:routepoint_id>1249658830</swisstopo:routepoint_id>
				</extensions>
			</trkpt>
			<trkpt lat="47.1851913310" lon="9.1222149783">
				<ele>1914.5</ele>
				<extensions>
					<swisstopo:routepoint_id>279130954</swisstopo:routepoint_id>
				</extensions>
			</trkpt>
			<trkpt lat="47.1851938771" lon="9.1222432603">
				<ele>1914.2</ele>
				<extensions>
					<swisstopo:routepoint_id>728451443</swisstopo:routepoint_id>
				</extensions>
			</trkpt>
			<trkpt lat="47.1851960032" lon="9.1222664742">
				<ele>1913.6</ele>
				<extensions>
					<swisstopo:routepoint_id>689762907</swisstopo:routepoint_id>
				</extensions>
			</trkpt>
			<trkpt lat="47.1851908212" lon="9.1222836648">
				<ele>1912.3</ele>
				<extensions>
					<swisstopo:routepoint_id>1075891121</swisstopo:routepoint_id>
				</extensions>
			</trkpt>
			<trkpt lat="47.1851812604" lon="9.1222963891">
				<ele>1911.8</ele>
				<extensions>
					<swisstopo:routepoint_id>2108576845</swisstopo:routepoint_id>
				</extensions>
			</trkpt>
			<trkpt lat="47.1851724780" lon="9.1222903190">
				<ele>1911.4</ele>
				<extensions>
					<swisstopo:routepoint_id>1433357092</swisstopo:routepoint_id>
				</extensions>
			</trkpt>
			<trkpt lat="47.1851624233" lon="9.1222697587">
				<ele>1910.8</ele>
				<extensions>
					<swisstopo:routepoint_id>1212141562</swisstopo:routepoint_id>
				</extensions>
			</trkpt>
			<trkpt lat="47.1851464288" lon="9.1222511758">
				<ele>1910.1</ele>
				<extensions>
					<swisstopo:routepoint_id>612488919</swisstopo:routepoint_id>
				</extensions>
			</trkpt>
			<trkpt lat="47.1851259919" lon="9.1222324398">
				<ele>1908.7</ele>
				<extensions>
					<swisstopo:routepoint_id>1059020465</swisstopo:routepoint_id>
				</extensions>
			</trkpt>
			<trkpt lat="47.1851098824" lon="9.1222210852">
				<ele>1907.9</ele>
				<extensions>
					<swisstopo:routepoint_id>924118567</swisstopo:routepoint_id>
				</extensions>
			</trkpt>
			<trkpt lat="47.1850869167" lon="9.1222073504">
				<ele>1906.7</ele>
				<extensions>
					<swisstopo:routepoint_id>2117895256</swisstopo:routepoint_id>
				</extensions>
			</trkpt>
			<trkpt lat="47.1850682376" lon="9.1222031464">
				<ele>1905.1</ele>
				<extensions>
					<swisstopo:routepoint_id>974907517</swisstopo:routepoint_id>
				</extensions>
			</trkpt>
			<trkpt lat="47.1850559998" lon="9.1222309625">
				<ele>1903.8</ele>
				<extensions>
					<swisstopo:routepoint_id>994261032</swisstopo:routepoint_id>
				</extensions>
			</trkpt>
			<trkpt lat="47.1850620535" lon="9.1222550261">
				<ele>1903.7</ele>
				<extensions>
					<swisstopo:routepoint_id>1692031458</swisstopo:routepoint_id>
				</extensions>
			</trkpt>
			<trkpt lat="47.1850706228" lon="9.1222762653">
				<ele>1903.5</ele>
				<extensions>
					<swisstopo:routepoint_id>1014619634</swisstopo:routepoint_id>
				</extensions>
			</trkpt>
			<trkpt lat="47.1850777085" lon="9.1222974577">
				<ele>1903.4</ele>
				<extensions>
					<swisstopo:routepoint_id>706645992</swisstopo:routepoint_id>
				</extensions>
			</trkpt>
			<trkpt lat="47.1850842989" lon="9.1223186483">
				<ele>1903.0</ele>
				<extensions>
					<swisstopo:routepoint_id>581026643</swisstopo:routepoint_id>
				</extensions>
			</trkpt>
			<trkpt lat="47.1850893201" lon="9.1223462820">
				<ele>1902.6</ele>
				<extensions>
					<swisstopo:routepoint_id>101869786</swisstopo:routepoint_id>
				</extensions>
			</trkpt>
			<trkpt lat="47.1850963740" lon="9.1223696510">
				<ele>1902.4</ele>
				<extensions>
					<swisstopo:routepoint_id>915373042</swisstopo:routepoint_id>
				</extensions>
			</trkpt>
			<trkpt lat="47.1851001013" lon="9.1223842316">
				<ele>1902.2</ele>
				<extensions>
					<swisstopo:routepoint_id>783176215</swisstopo:routepoint_id>
				</extensions>
			</trkpt>
			<trkpt lat="47.1851011936" lon="9.1224110291">
				<ele>1901.5</ele>
				<extensions>
					<swisstopo:routepoint_id>1743767032</swisstopo:routepoint_id>
				</extensions>
			</trkpt>
			<trkpt lat="47.1851027929" lon="9.1224363908">
				<ele>1900.8</ele>
				<extensions>
					<swisstopo:routepoint_id>1350666146</swisstopo:routepoint_id>
				</extensions>
			</trkpt>
			<trkpt lat="47.1851049397" lon="9.1224581540">
				<ele>1900.1</ele>
				<extensions>
					<swisstopo:routepoint_id>1892145446</swisstopo:routepoint_id>
				</extensions>
			</trkpt>
			<trkpt lat="47.1851060338" lon="9.1224842254">
				<ele>1899.2</ele>
				<extensions>
					<swisstopo:routepoint_id>1142915802</swisstopo:routepoint_id>
				</extensions>
			</trkpt>
			<trkpt lat="47.1850974397" lon="9.1224991442">
				<ele>1898.6</ele>
				<extensions>
					<swisstopo:routepoint_id>511671770</swisstopo:routepoint_id>
				</extensions>
			</trkpt>
			<trkpt lat="47.1850897409" lon="9.1225198714">
				<ele>1898.1</ele>
				<extensions>
					<swisstopo:routepoint_id>731531835</swisstopo:routepoint_id>
				</extensions>
			</trkpt>
			<trkpt lat="47.1850889927" lon="9.1225372015">
				<ele>1898.1</ele>
				<extensions>
					<swisstopo:routepoint_id>826608154</swisstopo:routepoint_id>
				</extensions>
			</trkpt>
			<trkpt lat="47.1850866636" lon="9.1225617270">
				<ele>1897.3</ele>
				<extensions>
					<swisstopo:routepoint_id>1168918130</swisstopo:routepoint_id>
				</extensions>
			</trkpt>
			<trkpt lat="47.1850853573" lon="9.1225833811">
				<ele>1896.9</ele>
				<extensions>
					<swisstopo:routepoint_id>73155802</swisstopo:routepoint_id>
				</extensions>
			</trkpt>
			<trkpt lat="47.1850840723" lon="9.1226035843">
				<ele>1896.4</ele>
				<extensions>
					<swisstopo:routepoint_id>573450334</swisstopo:routepoint_id>
				</extensions>
			</trkpt>
			<trkpt lat="47.1850735717" lon="9.1226141017">
				<ele>1896.0</ele>
				<extensions>
					<swisstopo:routepoint_id>674165358</swisstopo:routepoint_id>
				</extensions>
			</trkpt>
			<trkpt lat="47.1850664438" lon="9.1225957975">
				<ele>1895.5</ele>
				<extensions>
					<swisstopo:routepoint_id>985810109</swisstopo:routepoint_id>
				</extensions>
			</trkpt>
			<trkpt lat="47.1850563469" lon="9.1225781259">
				<ele>1895.1</ele>
				<extensions>
					<swisstopo:routepoint_id>2102310600</swisstopo:routepoint_id>
				</extensions>
			</trkpt>
			<trkpt lat="47.1850457555" lon="9.1225604392">
				<ele>1894.4</ele>
				<extensions>
					<swisstopo:routepoint_id>1680086708</swisstopo:routepoint_id>
				</extensions>
			</trkpt>
			<trkpt lat="47.1850379856" lon="9.1225522366">
				<ele>1893.8</ele>
				<extensions>
					<swisstopo:routepoint_id>1448281058</swisstopo:routepoint_id>
				</extensions>
			</trkpt>
			<trkpt lat="47.1850222967" lon="9.1225459494">
				<ele>1892.7</ele>
				<extensions>
					<swisstopo:routepoint_id>1050126072</swisstopo:routepoint_id>
				</extensions>
			</trkpt>
			<trkpt lat="47.1850099026" lon="9.1225506267">
				<ele>1892.2</ele>
				<extensions>
					<swisstopo:routepoint_id>1573972374</swisstopo:routepoint_id>
				</extensions>
			</trkpt>
			<trkpt lat="47.1849949813" lon="9.1225595532">
				<ele>1891.3</ele>
				<extensions>
					<swisstopo:routepoint_id>278894704</swisstopo:routepoint_id>
				</extensions>
			</trkpt>
			<trkpt lat="47.1849830071" lon="9.1225693113">
				<ele>1890.3</ele>
				<extensions>
					<swisstopo:routepoint_id>649743157</swisstopo:routepoint_id>
				</extensions>
			</trkpt>
			<trkpt lat="47.1849701402" lon="9.1225725219">
				<ele>1889.4</ele>
				<extensions>
					<swisstopo:routepoint_id>2132317299</swisstopo:routepoint_id>
				</extensions>
			</trkpt>
			<trkpt lat="47.1849608843" lon="9.1225649987">
				<ele>1889.1</ele>
				<extensions>
					<swisstopo:routepoint_id>1092204144</swisstopo:routepoint_id>
				</extensions>
			</trkpt>
			<trkpt lat="47.1849556731" lon="9.1225503581">
				<ele>1889.1</ele>
				<extensions>
					<swisstopo:routepoint_id>1547014739</swisstopo:routepoint_id>
				</extensions>
			</trkpt>
			<trkpt lat="47.1849540103" lon="9.1225293364">
				<ele>1888.9</ele>
				<extensions>
					<swisstopo:routepoint_id>2022741307</swisstopo:routepoint_id>
				</extensions>
			</trkpt>
			<trkpt lat="47.1849439768" lon="9.1225073250">
				<ele>1887.4</ele>
				<extensions>
					<swisstopo:routepoint_id>1667432430</swisstopo:routepoint_id>
				</extensions>
			</trkpt>
			<trkpt lat="47.1849324585" lon="9.1224859930">
				<ele>1886.9</ele>
				<extensions>
					<swisstopo:routepoint_id>1689771594</swisstopo:routepoint_id>
				</extensions>
			</trkpt>
			<trkpt lat="47.1849202019" lon="9.1224812653">
				<ele>1886.1</ele>
				<extensions>
					<swisstopo:routepoint_id>159305908</swisstopo:routepoint_id>
				</extensions>
			</trkpt>
			<trkpt lat="47.1849107775" lon="9.1224845844">
				<ele>1885.7</ele>
				<extensions>
					<swisstopo:routepoint_id>1497383243</swisstopo:routepoint_id>
				</extensions>
			</trkpt>
			<trkpt lat="47.1849080499" lon="9.1225025783">
				<ele>1885.5</ele>
				<extensions>
					<swisstopo:routepoint_id>760467220</swisstopo:routepoint_id>
				</extensions>
			</trkpt>
			<trkpt lat="47.1849077643" lon="9.1225221001">
				<ele>1885.1</ele>
				<extensions>
					<swisstopo:routepoint_id>109802399</swisstopo:routepoint_id>
				</extensions>
			</trkpt>
			<trkpt lat="47.1849054461" lon="9.1225458869">
				<ele>1884.3</ele>
				<extensions>
					<swisstopo:routepoint_id>1450743091</swisstopo:routepoint_id>
				</extensions>
			</trkpt>
			<trkpt lat="47.1848987468" lon="9.1225659329">
				<ele>1883.9</ele>
				<extensions>
					<swisstopo:routepoint_id>1728985064</swisstopo:routepoint_id>
				</extensions>
			</trkpt>
			<trkpt lat="47.1848905540" lon="9.1225866444">
				<ele>1883.3</ele>
				<extensions>
					<swisstopo:routepoint_id>1053464876</swisstopo:routepoint_id>
				</extensions>
			</trkpt>
			<trkpt lat="47.1848783384" lon="9.1226122967">
				<ele>1882.1</ele>
				<extensions>
					<swisstopo:routepoint_id>84776291</swisstopo:routepoint_id>
				</extensions>
			</trkpt>
			<trkpt lat="47.1848673123" lon="9.1226249614">
				<ele>1881.6</ele>
				<extensions>
					<swisstopo:routepoint_id>1627196348</swisstopo:routepoint_id>
				</extensions>
			</trkpt>
			<trkpt lat="47.1848548018" lon="9.1226375930">
				<ele>1880.9</ele>
				<extensions>
					<swisstopo:routepoint_id>1083996607</swisstopo:routepoint_id>
				</extensions>
			</trkpt>
			<trkpt lat="47.1848441445" lon="9.1226582268">
				<ele>1880.0</ele>
				<extensions>
					<swisstopo:routepoint_id>1290573501</swisstopo:routepoint_id>
				</extensions>
			</trkpt>
			<trkpt lat="47.1848384889" lon="9.1226739639">
				<ele>1879.6</ele>
				<extensions>
					<swisstopo:routepoint_id>2074218636</swisstopo:routepoint_id>
				</extensions>
			</trkpt>
			<trkpt lat="47.1848351817" lon="9.1226977194">
				<ele>1879.0</ele>
				<extensions>
					<swisstopo:routepoint_id>340894455</swisstopo:routepoint_id>
				</extensions>
			</trkpt>
			<trkpt lat="47.1848308938" lon="9.1227214570">
				<ele>1878.5</ele>
				<extensions>
					<swisstopo:routepoint_id>1085964444</swisstopo:routepoint_id>
				</extensions>
			</trkpt>
			<trkpt lat="47.1848192476" lon="9.1227087911">
				<ele>1878.0</ele>
				<extensions>
					<swisstopo:routepoint_id>216767908</swisstopo:routepoint_id>
				</extensions>
			</trkpt>
			<trkpt lat="47.1848084346" lon="9.1227062863">
				<ele>1877.6</ele>
				<extensions>
					<swisstopo:routepoint_id>32211736</swisstopo:routepoint_id>
				</extensions>
			</trkpt>
			<trkpt lat="47.1847964393" lon="9.1227174823">
				<ele>1877.1</ele>
				<extensions>
					<swisstopo:routepoint_id>2122825342</swisstopo:routepoint_id>
				</extensions>
			</trkpt>
			<trkpt lat="47.1847838355" lon="9.1227358905">
				<ele>1876.5</ele>
				<extensions>
					<swisstopo:routepoint_id>430210792</swisstopo:routepoint_id>
				</extensions>
			</trkpt>
			<trkpt lat="47.1847707119" lon="9.1227571728">
				<ele>1875.9</ele>
				<extensions>
					<swisstopo:routepoint_id>1122896204</swisstopo:routepoint_id>
				</extensions>
			</trkpt>
			<trkpt lat="47.1847567609" lon="9.1227668553">
				<ele>1875.2</ele>
				<extensions>
					<swisstopo:routepoint_id>109696190</swisstopo:routepoint_id>
				</extensions>
			</trkpt>
			<trkpt lat="47.1847501693" lon="9.1227456780">
				<ele>1874.6</ele>
				<extensions>
					<swisstopo:routepoint_id>1295754231</swisstopo:routepoint_id>
				</extensions>
			</trkpt>
			<trkpt lat="47.1847469814" lon="9.1227274851">
				<ele>1874.0</ele>
				<extensions>
					<swisstopo:routepoint_id>55275105</swisstopo:routepoint_id>
				</extensions>
			</trkpt>
			<trkpt lat="47.1847413164" lon="9.1227106792">
				<ele>1873.8</ele>
				<extensions>
					<swisstopo:routepoint_id>319691757</swisstopo:routepoint_id>
				</extensions>
			</trkpt>
			<trkpt lat="47.1847287869" lon="9.1226907536">
				<ele>1873.3</ele>
				<extensions>
					<swisstopo:routepoint_id>985661245</swisstopo:routepoint_id>
				</extensions>
			</trkpt>
			<trkpt lat="47.1847154881" lon="9.1226896225">
				<ele>1873.0</ele>
				<extensions>
					<swisstopo:routepoint_id>1127656860</swisstopo:routepoint_id>
				</extensions>
			</trkpt>
			<trkpt lat="47.1847068850" lon="9.1227045276">
				<ele>1872.8</ele>
				<extensions>
					<swisstopo:routepoint_id>679692579</swisstopo:routepoint_id>
				</extensions>
			</trkpt>
			<trkpt lat="47.1847011324" lon="9.1227274934">
				<ele>1872.5</ele>
				<extensions>
					<swisstopo:routepoint_id>1302432350</swisstopo:routepoint_id>
				</extensions>
			</trkpt>
			<trkpt lat="47.1846997943" lon="9.1227513238">
				<ele>1872.1</ele>
				<extensions>
					<swisstopo:routepoint_id>1287775488</swisstopo:routepoint_id>
				</extensions>
			</trkpt>
			<trkpt lat="47.1847024249" lon="9.1227738277">
				<ele>1871.5</ele>
				<extensions>
					<swisstopo:routepoint_id>1137896689</swisstopo:routepoint_id>
				</extensions>
			</trkpt>
			<trkpt lat="47.1847020654" lon="9.1227984019">
				<ele>1871.0</ele>
				<extensions>
					<swisstopo:routepoint_id>499277474</swisstopo:routepoint_id>
				</extensions>
			</trkpt>
			<trkpt lat="47.1846987051" lon="9.1228257714">
				<ele>1870.5</ele>
				<extensions>
					<swisstopo:routepoint_id>1786681925</swisstopo:routepoint_id>
				</extensions>
			</trkpt>
			<trkpt lat="47.1846944279" lon="9.1228487835">
				<ele>1869.8</ele>
				<extensions>
					<swisstopo:routepoint_id>761251072</swisstopo:routepoint_id>
				</extensions>
			</trkpt>
			<trkpt lat="47.1846877938" lon="9.1228637640">
				<ele>1869.6</ele>
				<extensions>
					<swisstopo:routepoint_id>1231523094</swisstopo:routepoint_id>
				</extensions>
			</trkpt>
			<trkpt lat="47.1846797806" lon="9.1228721949">
				<ele>1869.4</ele>
				<extensions>
					<swisstopo:routepoint_id>1659591190</swisstopo:routepoint_id>
				</extensions>
			</trkpt>
			<trkpt lat="47.1846636701" lon="9.1228615526">
				<ele>1869.1</ele>
				<extensions>
					<swisstopo:routepoint_id>1291885480</swisstopo:routepoint_id>
				</extensions>
			</trkpt>
			<trkpt lat="47.1846599011" lon="9.1228491478">
				<ele>1869.0</ele>
				<extensions>
					<swisstopo:routepoint_id>210647048</swisstopo:routepoint_id>
				</extensions>
			</trkpt>
			<trkpt lat="47.1846606712" lon="9.1228303671">
				<ele>1868.6</ele>
				<extensions>
					<swisstopo:routepoint_id>208027252</swisstopo:routepoint_id>
				</extensions>
			</trkpt>
			<trkpt lat="47.1846596717" lon="9.1227977927">
				<ele>1867.9</ele>
				<extensions>
					<swisstopo:routepoint_id>56488118</swisstopo:routepoint_id>
				</extensions>
			</trkpt>
			<trkpt lat="47.1846529244" lon="9.1227867328">
				<ele>1867.4</ele>
				<extensions>
					<swisstopo:routepoint_id>770000</swisstopo:routepoint_id>
				</extensions>
			</trkpt>
			<trkpt lat="47.1846353808" lon="9.1227731553">
				<ele>1866.1</ele>
				<extensions>
					<swisstopo:routepoint_id>1131431455</swisstopo:routepoint_id>
				</extensions>
			</trkpt>
			<trkpt lat="47.1846239562" lon="9.1227785890">
				<ele>1865.8</ele>
				<extensions>
					<swisstopo:routepoint_id>1979401476</swisstopo:routepoint_id>
				</extensions>
			</trkpt>
			<trkpt lat="47.1846108462" lon="9.1227984197">
				<ele>1865.2</ele>
				<extensions>
					<swisstopo:routepoint_id>1935242413</swisstopo:routepoint_id>
				</extensions>
			</trkpt>
			<trkpt lat="47.1846031474" lon="9.1228191465">
				<ele>1864.7</ele>
				<extensions>
					<swisstopo:routepoint_id>1909812925</swisstopo:routepoint_id>
				</extensions>
			</trkpt>
			<trkpt lat="47.1845900150" lon="9.1228404284">
				<ele>1864.1</ele>
				<extensions>
					<swisstopo:routepoint_id>226527687</swisstopo:routepoint_id>
				</extensions>
			</trkpt>
			<trkpt lat="47.1845837715" lon="9.1228293843">
				<ele>1863.9</ele>
				<extensions>
					<swisstopo:routepoint_id>1777082709</swisstopo:routepoint_id>
				</extensions>
			</trkpt>
			<trkpt lat="47.1845805505" lon="9.1228133808">
				<ele>1863.6</ele>
				<extensions>
					<swisstopo:routepoint_id>1499651643</swisstopo:routepoint_id>
				</extensions>
			</trkpt>
			<trkpt lat="47.1845793395" lon="9.1227952633">
				<ele>1863.2</ele>
				<extensions>
					<swisstopo:routepoint_id>228164334</swisstopo:routepoint_id>
				</extensions>
			</trkpt>
			<trkpt lat="47.1845728021" lon="9.1227704593">
				<ele>1862.4</ele>
				<extensions>
					<swisstopo:routepoint_id>119992581</swisstopo:routepoint_id>
				</extensions>
			</trkpt>
			<trkpt lat="47.1845650426" lon="9.1227615447">
				<ele>1861.9</ele>
				<extensions>
					<swisstopo:routepoint_id>2038116954</swisstopo:routepoint_id>
				</extensions>
			</trkpt>
			<trkpt lat="47.1845534299" lon="9.1227459898">
				<ele>1861.2</ele>
				<extensions>
					<swisstopo:routepoint_id>1944701121</swisstopo:routepoint_id>
				</extensions>
			</trkpt>
			<trkpt lat="47.1845386667" lon="9.1227440736">
				<ele>1860.7</ele>
				<extensions>
					<swisstopo:routepoint_id>977835995</swisstopo:routepoint_id>
				</extensions>
			</trkpt>
			<trkpt lat="47.1845315368" lon="9.1227597641">
				<ele>1860.5</ele>
				<extensions>
					<swisstopo:routepoint_id>1708896539</swisstopo:routepoint_id>
				</extensions>
			</trkpt>
			<trkpt lat="47.1845283246" lon="9.1227770164">
				<ele>1860.2</ele>
				<extensions>
					<swisstopo:routepoint_id>1305049050</swisstopo:routepoint_id>
				</extensions>
			</trkpt>
			<trkpt lat="47.1845250805" lon="9.1227964449">
				<ele>1859.9</ele>
				<extensions>
					<swisstopo:routepoint_id>515642385</swisstopo:routepoint_id>
				</extensions>
			</trkpt>
			<trkpt lat="47.1845182544" lon="9.1228251572">
				<ele>1859.4</ele>
				<extensions>
					<swisstopo:routepoint_id>408010408</swisstopo:routepoint_id>
				</extensions>
			</trkpt>
			<trkpt lat="47.1845101250" lon="9.1228415286">
				<ele>1858.8</ele>
				<extensions>
					<swisstopo:routepoint_id>1332570653</swisstopo:routepoint_id>
				</extensions>
			</trkpt>
			<trkpt lat="47.1844991311" lon="9.1228513174">
				<ele>1858.3</ele>
				<extensions>
					<swisstopo:routepoint_id>1799508822</swisstopo:routepoint_id>
				</extensions>
			</trkpt>
			<trkpt lat="47.1844783963" lon="9.1228535546">
				<ele>1857.6</ele>
				<extensions>
					<swisstopo:routepoint_id>246198192</swisstopo:routepoint_id>
				</extensions>
			</trkpt>
			<trkpt lat="47.1844591809" lon="9.1228522238">
				<ele>1857.0</ele>
				<extensions>
					<swisstopo:routepoint_id>675040299</swisstopo:routepoint_id>
				</extensions>
			</trkpt>
			<trkpt lat="47.1844339505" lon="9.1228579355">
				<ele>1856.0</ele>
				<extensions>
					<swisstopo:routepoint_id>1896705081</swisstopo:routepoint_id>
				</extensions>
			</trkpt>
			<trkpt lat="47.1844179964" lon="9.1228704581">
				<ele>1855.6</ele>
				<extensions>
					<swisstopo:routepoint_id>847376734</swisstopo:routepoint_id>
				</extensions>
			</trkpt>
			<trkpt lat="47.1844108039" lon="9.1228897493">
				<ele>1855.1</ele>
				<extensions>
					<swisstopo:routepoint_id>2029343884</swisstopo:routepoint_id>
				</extensions>
			</trkpt>
			<trkpt lat="47.1843993248" lon="9.1228995230">
				<ele>1854.6</ele>
				<extensions>
					<swisstopo:routepoint_id>1111747312</swisstopo:routepoint_id>
				</extensions>
			</trkpt>
			<trkpt lat="47.1843764638" lon="9.1229118148">
				<ele>1853.7</ele>
				<extensions>
					<swisstopo:routepoint_id>1538838419</swisstopo:routepoint_id>
				</extensions>
			</trkpt>
			<trkpt lat="47.1843659333" lon="9.1229237825">
				<ele>1853.3</ele>
				<extensions>
					<swisstopo:routepoint_id>1261340508</swisstopo:routepoint_id>
				</extensions>
			</trkpt>
			<trkpt lat="47.1843652277" lon="9.1229382234">
				<ele>1852.8</ele>
				<extensions>
					<swisstopo:routepoint_id>111748798</swisstopo:routepoint_id>
				</extensions>
			</trkpt>
			<trkpt lat="47.1843713540" lon="9.1229579473">
				<ele>1852.2</ele>
				<extensions>
					<swisstopo:routepoint_id>1185102789</swisstopo:routepoint_id>
				</extensions>
			</trkpt>
			<trkpt lat="47.1843843671" lon="9.1229786005">
				<ele>1851.6</ele>
				<extensions>
					<swisstopo:routepoint_id>177675217</swisstopo:routepoint_id>
				</extensions>
			</trkpt>
			<trkpt lat="47.1843977807" lon="9.1230050595">
				<ele>1851.0</ele>
				<extensions>
					<swisstopo:routepoint_id>678102778</swisstopo:routepoint_id>
				</extensions>
			</trkpt>
			<trkpt lat="47.1844034026" lon="9.1230254800">
				<ele>1850.5</ele>
				<extensions>
					<swisstopo:routepoint_id>2068432402</swisstopo:routepoint_id>
				</extensions>
			</trkpt>
			<trkpt lat="47.1844133512" lon="9.1230532818">
				<ele>1850.0</ele>
				<extensions>
					<swisstopo:routepoint_id>1744993462</swisstopo:routepoint_id>
				</extensions>
			</trkpt>
			<trkpt lat="47.1844178770" lon="9.1230809129">
				<ele>1849.5</ele>
				<extensions>
					<swisstopo:routepoint_id>715378024</swisstopo:routepoint_id>
				</extensions>
			</trkpt>
			<trkpt lat="47.1844194657" lon="9.1231069863">
				<ele>1848.7</ele>
				<extensions>
					<swisstopo:routepoint_id>475358752</swisstopo:routepoint_id>
				</extensions>
			</trkpt>
			<trkpt lat="47.1844074087" lon="9.1231217958">
				<ele>1847.6</ele>
				<extensions>
					<swisstopo:routepoint_id>418485411</swisstopo:routepoint_id>
				</extensions>
			</trkpt>
			<trkpt lat="47.1843986268" lon="9.1231157393">
				<ele>1846.8</ele>
				<extensions>
					<swisstopo:routepoint_id>546382969</swisstopo:routepoint_id>
				</extensions>
			</trkpt>
			<trkpt lat="47.1843892545" lon="9.1231161699">
				<ele>1846.1</ele>
				<extensions>
					<swisstopo:routepoint_id>77079730</swisstopo:routepoint_id>
				</extensions>
			</trkpt>
			<trkpt lat="47.1843835462" lon="9.1231355079">
				<ele>1845.6</ele>
				<extensions>
					<swisstopo:routepoint_id>1623362695</swisstopo:routepoint_id>
				</extensions>
			</trkpt>
			<trkpt lat="47.1843867775" lon="9.1231507989">
				<ele>1845.3</ele>
				<extensions>
					<swisstopo:routepoint_id>730448021</swisstopo:routepoint_id>
				</extensions>
			</trkpt>
			<trkpt lat="47.1843925163" lon="9.1231625532">
				<ele>1844.9</ele>
				<extensions>
					<swisstopo:routepoint_id>1216188481</swisstopo:routepoint_id>
				</extensions>
			</trkpt>
			<trkpt lat="47.1843881652" lon="9.1231906170">
				<ele>1843.2</ele>
				<extensions>
					<swisstopo:routepoint_id>985203493</swisstopo:routepoint_id>
				</extensions>
			</trkpt>
			<trkpt lat="47.1843859313" lon="9.1232086259">
				<ele>1842.4</ele>
				<extensions>
					<swisstopo:routepoint_id>1666220739</swisstopo:routepoint_id>
				</extensions>
			</trkpt>
			<trkpt lat="47.1843885106" lon="9.1232340314">
				<ele>1841.3</ele>
				<extensions>
					<swisstopo:routepoint_id>1089365402</swisstopo:routepoint_id>
				</extensions>
			</trkpt>
			<trkpt lat="47.1843838652" lon="9.1232483486">
				<ele>1840.7</ele>
				<extensions>
					<swisstopo:routepoint_id>852567398</swisstopo:routepoint_id>
				</extensions>
			</trkpt>
			<trkpt lat="47.1843781885" lon="9.1232655229">
				<ele>1840.1</ele>
				<extensions>
					<swisstopo:routepoint_id>1607692736</swisstopo:routepoint_id>
				</extensions>
			</trkpt>
			<trkpt lat="47.1843849686" lon="9.1232744200">
				<ele>1839.8</ele>
				<extensions>
					<swisstopo:routepoint_id>1060101864</swisstopo:routepoint_id>
				</extensions>
			</trkpt>
			<trkpt lat="47.1843950989" lon="9.1232892026">
				<ele>1839.3</ele>
				<extensions>
					<swisstopo:routepoint_id>461196441</swisstopo:routepoint_id>
				</extensions>
			</trkpt>
			<trkpt lat="47.1844025303" lon="9.1233205276">
				<ele>1837.9</ele>
				<extensions>
					<swisstopo:routepoint_id>1382916446</swisstopo:routepoint_id>
				</extensions>
			</trkpt>
			<trkpt lat="47.1843988222" lon="9.1233384900">
				<ele>1837.5</ele>
				<extensions>
					<swisstopo:routepoint_id>1284202628</swisstopo:routepoint_id>
				</extensions>
			</trkpt>
			<trkpt lat="47.1843995591" lon="9.1233551542">
				<ele>1837.1</ele>
				<extensions>
					<swisstopo:routepoint_id>762754453</swisstopo:routepoint_id>
				</extensions>
			</trkpt>
			<trkpt lat="47.1844118865" lon="9.1233888109">
				<ele>1836.3</ele>
				<extensions>
					<swisstopo:routepoint_id>1820301945</swisstopo:routepoint_id>
				</extensions>
			</trkpt>
			<trkpt lat="47.1844184240" lon="9.1234136018">
				<ele>1835.8</ele>
				<extensions>
					<swisstopo:routepoint_id>1006322010</swisstopo:routepoint_id>
				</extensions>
			</trkpt>
			<trkpt lat="47.1844294251" lon="9.1234370954">
				<ele>1835.4</ele>
				<extensions>
					<swisstopo:routepoint_id>256628398</swisstopo:routepoint_id>
				</extensions>
			</trkpt>
			<trkpt lat="47.1844399854" lon="9.1234569454">
				<ele>1835.2</ele>
				<extensions>
					<swisstopo:routepoint_id>1039577770</swisstopo:routepoint_id>
				</extensions>
			</trkpt>
			<trkpt lat="47.1844467448" lon="9.1234665676">
				<ele>1834.9</ele>
				<extensions>
					<swisstopo:routepoint_id>1190524467</swisstopo:routepoint_id>
				</extensions>
			</trkpt>
			<trkpt lat="47.1844416267" lon="9.1234794181">
				<ele>1834.7</ele>
				<extensions>
					<swisstopo:routepoint_id>1549320506</swisstopo:routepoint_id>
				</extensions>
			</trkpt>
			<trkpt lat="47.1844278626" lon="9.1235100888">
				<ele>1833.9</ele>
				<extensions>
					<swisstopo:routepoint_id>1692447803</swisstopo:routepoint_id>
				</extensions>
			</trkpt>
			<trkpt lat="47.1844350222" lon="9.1235262163">
				<ele>1833.4</ele>
				<extensions>
					<swisstopo:routepoint_id>1943147276</swisstopo:routepoint_id>
				</extensions>
			</trkpt>
			<trkpt lat="47.1844415913" lon="9.1235488443">
				<ele>1832.8</ele>
				<extensions>
					<swisstopo:routepoint_id>2135971904</swisstopo:routepoint_id>
				</extensions>
			</trkpt>
			<trkpt lat="47.1844431250" lon="9.1235792711">
				<ele>1831.9</ele>
				<extensions>
					<swisstopo:routepoint_id>1259970532</swisstopo:routepoint_id>
				</extensions>
			</trkpt>
			<trkpt lat="47.1844348367" lon="9.1236064981">
				<ele>1830.9</ele>
				<extensions>
					<swisstopo:routepoint_id>1818159385</swisstopo:routepoint_id>
				</extensions>
			</trkpt>
			<trkpt lat="47.1844205669" lon="9.1236378656">
				<ele>1829.8</ele>
				<extensions>
					<swisstopo:routepoint_id>1981231160</swisstopo:routepoint_id>
				</extensions>
			</trkpt>
			<trkpt lat="47.1844069069" lon="9.1236620206">
				<ele>1829.3</ele>
				<extensions>
					<swisstopo:routepoint_id>32444493</swisstopo:routepoint_id>
				</extensions>
			</trkpt>
			<trkpt lat="47.1843962070" lon="9.1236855559">
				<ele>1828.8</ele>
				<extensions>
					<swisstopo:routepoint_id>775840611</swisstopo:routepoint_id>
				</extensions>
			</trkpt>
			<trkpt lat="47.1843854860" lon="9.1237105292">
				<ele>1828.5</ele>
				<extensions>
					<swisstopo:routepoint_id>796073003</swisstopo:routepoint_id>
				</extensions>
			</trkpt>
			<trkpt lat="47.1843752707" lon="9.1237347926">
				<ele>1828.2</ele>
				<extensions>
					<swisstopo:routepoint_id>366117494</swisstopo:routepoint_id>
				</extensions>
			</trkpt>
			<trkpt lat="47.1843660134" lon="9.1237605381">
				<ele>1828.2</ele>
				<extensions>
					<swisstopo:routepoint_id>1779774251</swisstopo:routepoint_id>
				</extensions>
			</trkpt>
			<trkpt lat="47.1843612526" lon="9.1237828086">
				<ele>1828.0</ele>
				<extensions>
					<swisstopo:routepoint_id>689314367</swisstopo:routepoint_id>
				</extensions>
			</trkpt>
			<trkpt lat="47.1843598708" lon="9.1238095278">
				<ele>1827.6</ele>
				<extensions>
					<swisstopo:routepoint_id>481234767</swisstopo:routepoint_id>
				</extensions>
			</trkpt>
			<trkpt lat="47.1843585742" lon="9.1238311819">
				<ele>1827.2</ele>
				<extensions>
					<swisstopo:routepoint_id>103013807</swisstopo:routepoint_id>
				</extensions>
			</trkpt>
			<trkpt lat="47.1843522542" lon="9.1238584584">
				<ele>1826.9</ele>
				<extensions>
					<swisstopo:routepoint_id>2092802860</swisstopo:routepoint_id>
				</extensions>
			</trkpt>
			<trkpt lat="47.1843455981" lon="9.1238756150">
				<ele>1826.6</ele>
				<extensions>
					<swisstopo:routepoint_id>1517814218</swisstopo:routepoint_id>
				</extensions>
			</trkpt>
			<trkpt lat="47.1843393520" lon="9.1238978389">
				<ele>1826.2</ele>
				<extensions>
					<swisstopo:routepoint_id>958389074</swisstopo:routepoint_id>
				</extensions>
			</trkpt>
			<trkpt lat="47.1843335483" lon="9.1239236801">
				<ele>1825.9</ele>
				<extensions>
					<swisstopo:routepoint_id>1662002629</swisstopo:routepoint_id>
				</extensions>
			</trkpt>
			<trkpt lat="47.1843307568" lon="9.1239460127">
				<ele>1825.7</ele>
				<extensions>
					<swisstopo:routepoint_id>1108275580</swisstopo:routepoint_id>
				</extensions>
			</trkpt>
			<trkpt lat="47.1843328179" lon="9.1239735662">
				<ele>1825.4</ele>
				<extensions>
					<swisstopo:routepoint_id>32392553</swisstopo:routepoint_id>
				</extensions>
			</trkpt>
			<trkpt lat="47.1843323947" lon="9.1240024799">
				<ele>1825.0</ele>
				<extensions>
					<swisstopo:routepoint_id>1408190020</swisstopo:routepoint_id>
				</extensions>
			</trkpt>
			<trkpt lat="47.1843295715" lon="9.1240269757">
				<ele>1824.7</ele>
				<extensions>
					<swisstopo:routepoint_id>1391916913</swisstopo:routepoint_id>
				</extensions>
			</trkpt>
			<trkpt lat="47.1843312022" lon="9.1240501734">
				<ele>1824.2</ele>
				<extensions>
					<swisstopo:routepoint_id>1878987264</swisstopo:routepoint_id>
				</extensions>
			</trkpt>
			<trkpt lat="47.1843332951" lon="9.1240755507">
				<ele>1823.8</ele>
				<extensions>
					<swisstopo:routepoint_id>489355261</swisstopo:routepoint_id>
				</extensions>
			</trkpt>
			<trkpt lat="47.1843309977" lon="9.1240978988">
				<ele>1823.3</ele>
				<extensions>
					<swisstopo:routepoint_id>904790924</swisstopo:routepoint_id>
				</extensions>
			</trkpt>
			<trkpt lat="47.1843218347" lon="9.1241178673">
				<ele>1822.6</ele>
				<extensions>
					<swisstopo:routepoint_id>1664299357</swisstopo:routepoint_id>
				</extensions>
			</trkpt>
			<trkpt lat="47.1843086715" lon="9.1241413116">
				<ele>1821.7</ele>
				<extensions>
					<swisstopo:routepoint_id>626187551</swisstopo:routepoint_id>
				</extensions>
			</trkpt>
			<trkpt lat="47.1843037931" lon="9.1241715363">
				<ele>1820.9</ele>
				<extensions>
					<swisstopo:routepoint_id>305542904</swisstopo:routepoint_id>
				</extensions>
			</trkpt>
			<trkpt lat="47.1843023913" lon="9.1241996934">
				<ele>1820.5</ele>
				<extensions>
					<swisstopo:routepoint_id>1366424446</swisstopo:routepoint_id>
				</extensions>
			</trkpt>
			<trkpt lat="47.1843049157" lon="9.1242294257">
				<ele>1820.1</ele>
				<extensions>
					<swisstopo:routepoint_id>673318127</swisstopo:routepoint_id>
				</extensions>
			</trkpt>
			<trkpt lat="47.1843122622" lon="9.1242665413">
				<ele>1819.6</ele>
				<extensions>
					<swisstopo:routepoint_id>2059104676</swisstopo:routepoint_id>
				</extensions>
			</trkpt>
			<trkpt lat="47.1843171875" lon="9.1243006906">
				<ele>1819.1</ele>
				<extensions>
					<swisstopo:routepoint_id>79852972</swisstopo:routepoint_id>
				</extensions>
			</trkpt>
			<trkpt lat="47.1843271272" lon="9.1243284794">
				<ele>1818.7</ele>
				<extensions>
					<swisstopo:routepoint_id>1684693981</swisstopo:routepoint_id>
				</extensions>
			</trkpt>
			<trkpt lat="47.1843327899" lon="9.1243460242">
				<ele>1818.5</ele>
				<extensions>
					<swisstopo:routepoint_id>597823121</swisstopo:routepoint_id>
				</extensions>
			</trkpt>
			<trkpt lat="47.1843334721" lon="9.1243670148">
				<ele>1818.3</ele>
				<extensions>
					<swisstopo:routepoint_id>1866673792</swisstopo:routepoint_id>
				</extensions>
			</trkpt>
			<trkpt lat="47.1843426643" lon="9.1243788781">
				<ele>1817.9</ele>
				<extensions>
					<swisstopo:routepoint_id>1946735291</swisstopo:routepoint_id>
				</extensions>
			</trkpt>
			<trkpt lat="47.1843591325" lon="9.1243989148">
				<ele>1817.6</ele>
				<extensions>
					<swisstopo:routepoint_id>606016195</swisstopo:routepoint_id>
				</extensions>
			</trkpt>
			<trkpt lat="47.1843755668" lon="9.1244218534">
				<ele>1817.3</ele>
				<extensions>
					<swisstopo:routepoint_id>1035637590</swisstopo:routepoint_id>
				</extensions>
			</trkpt>
			<trkpt lat="47.1843925605" lon="9.1244397553">
				<ele>1817.2</ele>
				<extensions>
					<swisstopo:routepoint_id>1864783244</swisstopo:routepoint_id>
				</extensions>
			</trkpt>
			<trkpt lat="47.1844016258" lon="9.1244602853">
				<ele>1817.0</ele>
				<extensions>
					<swisstopo:routepoint_id>856702276</swisstopo:routepoint_id>
				</extensions>
			</trkpt>
			<trkpt lat="47.1844173130" lon="9.1244998282">
				<ele>1816.4</ele>
				<extensions>
					<swisstopo:routepoint_id>229531584</swisstopo:routepoint_id>
				</extensions>
			</trkpt>
			<trkpt lat="47.1844325041" lon="9.1245400948">
				<ele>1815.4</ele>
				<extensions>
					<swisstopo:routepoint_id>786840830</swisstopo:routepoint_id>
				</extensions>
			</trkpt>
			<trkpt lat="47.1844336273" lon="9.1245647150">
				<ele>1814.8</ele>
				<extensions>
					<swisstopo:routepoint_id>970611806</swisstopo:routepoint_id>
				</extensions>
			</trkpt>
			<trkpt lat="47.1844225496" lon="9.1245802809">
				<ele>1814.3</ele>
				<extensions>
					<swisstopo:routepoint_id>2068449806</swisstopo:routepoint_id>
				</extensions>
			</trkpt>
			<trkpt lat="47.1844064798" lon="9.1246000178">
				<ele>1813.4</ele>
				<extensions>
					<swisstopo:routepoint_id>314572839</swisstopo:routepoint_id>
				</extensions>
			</trkpt>
			<trkpt lat="47.1843890731" lon="9.1246103170">
				<ele>1812.8</ele>
				<extensions>
					<swisstopo:routepoint_id>445435983</swisstopo:routepoint_id>
				</extensions>
			</trkpt>
			<trkpt lat="47.1843672750" lon="9.1246175870">
				<ele>1812.2</ele>
				<extensions>
					<swisstopo:routepoint_id>1376654623</swisstopo:routepoint_id>
				</extensions>
			</trkpt>
			<trkpt lat="47.1843465314" lon="9.1246198231">
				<ele>1811.6</ele>
				<extensions>
					<swisstopo:routepoint_id>723533591</swisstopo:routepoint_id>
				</extensions>
			</trkpt>
			<trkpt lat="47.1843259041" lon="9.1246141188">
				<ele>1811.0</ele>
				<extensions>
					<swisstopo:routepoint_id>2083512339</swisstopo:routepoint_id>
				</extensions>
			</trkpt>
			<trkpt lat="47.1843092456" lon="9.1246070752">
				<ele>1810.6</ele>
				<extensions>
					<swisstopo:routepoint_id>1791759339</swisstopo:routepoint_id>
				</extensions>
			</trkpt>
			<trkpt lat="47.1842936849" lon="9.1245921212">
				<ele>1810.1</ele>
				<extensions>
					<swisstopo:routepoint_id>1515368616</swisstopo:routepoint_id>
				</extensions>
			</trkpt>
			<trkpt lat="47.1842794897" lon="9.1245851673">
				<ele>1809.6</ele>
				<extensions>
					<swisstopo:routepoint_id>1421438892</swisstopo:routepoint_id>
				</extensions>
			</trkpt>
			<trkpt lat="47.1842702986" lon="9.1245733049">
				<ele>1809.4</ele>
				<extensions>
					<swisstopo:routepoint_id>664760598</swisstopo:routepoint_id>
				</extensions>
			</trkpt>
			<trkpt lat="47.1842612141" lon="9.1245534872">
				<ele>1809.0</ele>
				<extensions>
					<swisstopo:routepoint_id>1812374178</swisstopo:routepoint_id>
				</extensions>
			</trkpt>
			<trkpt lat="47.1842515902" lon="9.1245372826">
				<ele>1808.6</ele>
				<extensions>
					<swisstopo:routepoint_id>1665631089</swisstopo:routepoint_id>
				</extensions>
			</trkpt>
			<trkpt lat="47.1842405768" lon="9.1245152399">
				<ele>1808.2</ele>
				<extensions>
					<swisstopo:routepoint_id>1135619254</swisstopo:routepoint_id>
				</extensions>
			</trkpt>
			<trkpt lat="47.1842264462" lon="9.1245039475">
				<ele>1807.8</ele>
				<extensions>
					<swisstopo:routepoint_id>68042894</swisstopo:routepoint_id>
				</extensions>
			</trkpt>
			<trkpt lat="47.1842097471" lon="9.1244990790">
				<ele>1807.0</ele>
				<extensions>
					<swisstopo:routepoint_id>1233909539</swisstopo:routepoint_id>
				</extensions>
			</trkpt>
			<trkpt lat="47.1841862868" lon="9.1244853146">
				<ele>1806.6</ele>
				<extensions>
					<swisstopo:routepoint_id>221632091</swisstopo:routepoint_id>
				</extensions>
			</trkpt>
			<trkpt lat="47.1841628494" lon="9.1244693868">
				<ele>1806.0</ele>
				<extensions>
					<swisstopo:routepoint_id>643734411</swisstopo:routepoint_id>
				</extensions>
			</trkpt>
			<trkpt lat="47.1841452652" lon="9.1244579856">
				<ele>1805.5</ele>
				<extensions>
					<swisstopo:routepoint_id>1886609138</swisstopo:routepoint_id>
				</extensions>
			</trkpt>
			<trkpt lat="47.1841302408" lon="9.1244401587">
				<ele>1805.1</ele>
				<extensions>
					<swisstopo:routepoint_id>1825479740</swisstopo:routepoint_id>
				</extensions>
			</trkpt>
			<trkpt lat="47.1841172580" lon="9.1244180539">
				<ele>1804.6</ele>
				<extensions>
					<swisstopo:routepoint_id>1361403954</swisstopo:routepoint_id>
				</extensions>
			</trkpt>
			<trkpt lat="47.1841032245" lon="9.1243995325">
				<ele>1804.3</ele>
				<extensions>
					<swisstopo:routepoint_id>799557719</swisstopo:routepoint_id>
				</extensions>
			</trkpt>
			<trkpt lat="47.1840873680" lon="9.1243715453">
				<ele>1804.0</ele>
				<extensions>
					<swisstopo:routepoint_id>1917411743</swisstopo:routepoint_id>
				</extensions>
			</trkpt>
			<trkpt lat="47.1840723318" lon="9.1243544437">
				<ele>1803.5</ele>
				<extensions>
					<swisstopo:routepoint_id>1082097277</swisstopo:routepoint_id>
				</extensions>
			</trkpt>
			<trkpt lat="47.1840563377" lon="9.1243358606">
				<ele>1803.1</ele>
				<extensions>
					<swisstopo:routepoint_id>1044482265</swisstopo:routepoint_id>
				</extensions>
			</trkpt>
			<trkpt lat="47.1840404090" lon="9.1243122116">
				<ele>1802.8</ele>
				<extensions>
					<swisstopo:routepoint_id>821899167</swisstopo:routepoint_id>
				</extensions>
			</trkpt>
			<trkpt lat="47.1840238033" lon="9.1243015670">
				<ele>1802.3</ele>
				<extensions>
					<swisstopo:routepoint_id>738194498</swisstopo:routepoint_id>
				</extensions>
			</trkpt>
			<trkpt lat="47.1840023139" lon="9.1242871521">
				<ele>1801.9</ele>
				<extensions>
					<swisstopo:routepoint_id>1160224294</swisstopo:routepoint_id>
				</extensions>
			</trkpt>
			<trkpt lat="47.1839815191" lon="9.1242597342">
				<ele>1801.2</ele>
				<extensions>
					<swisstopo:routepoint_id>1261445754</swisstopo:routepoint_id>
				</extensions>
			</trkpt>
			<trkpt lat="47.1839602309" lon="9.1242315750">
				<ele>1800.4</ele>
				<extensions>
					<swisstopo:routepoint_id>1883451562</swisstopo:routepoint_id>
				</extensions>
			</trkpt>
			<trkpt lat="47.1839432371" lon="9.1242136862">
				<ele>1800.1</ele>
				<extensions>
					<swisstopo:routepoint_id>1334702811</swisstopo:routepoint_id>
				</extensions>
			</trkpt>
			<trkpt lat="47.1839253254" lon="9.1241914270">
				<ele>1799.6</ele>
				<extensions>
					<swisstopo:routepoint_id>1859434565</swisstopo:routepoint_id>
				</extensions>
			</trkpt>
			<trkpt lat="47.1839085010" lon="9.1241619701">
				<ele>1798.9</ele>
				<extensions>
					<swisstopo:routepoint_id>1405871037</swisstopo:routepoint_id>
				</extensions>
			</trkpt>
			<trkpt lat="47.1838910438" lon="9.1241418895">
				<ele>1798.0</ele>
				<extensions>
					<swisstopo:routepoint_id>1513812378</swisstopo:routepoint_id>
				</extensions>
			</trkpt>
			<trkpt lat="47.1838779887" lon="9.1241241248">
				<ele>1797.6</ele>
				<extensions>
					<swisstopo:routepoint_id>1262872297</swisstopo:routepoint_id>
				</extensions>
			</trkpt>
			<trkpt lat="47.1838634371" lon="9.1241077515">
				<ele>1797.1</ele>
				<extensions>
					<swisstopo:routepoint_id>1695752862</swisstopo:routepoint_id>
				</extensions>
			</trkpt>
			<trkpt lat="47.1838518239" lon="9.1240929222">
				<ele>1796.7</ele>
				<extensions>
					<swisstopo:routepoint_id>731857833</swisstopo:routepoint_id>
				</extensions>
			</trkpt>
			<trkpt lat="47.1838407169" lon="9.1240766703">
				<ele>1796.4</ele>
				<extensions>
					<swisstopo:routepoint_id>637759430</swisstopo:routepoint_id>
				</extensions>
			</trkpt>
			<trkpt lat="47.1838301145" lon="9.1240596958">
				<ele>1795.9</ele>
				<extensions>
					<swisstopo:routepoint_id>1599246926</swisstopo:routepoint_id>
				</extensions>
			</trkpt>
			<trkpt lat="47.1838200067" lon="9.1240434625">
				<ele>1795.5</ele>
				<extensions>
					<swisstopo:routepoint_id>557697262</swisstopo:routepoint_id>
				</extensions>
			</trkpt>
			<trkpt lat="47.1838123521" lon="9.1240273194">
				<ele>1795.4</ele>
				<extensions>
					<swisstopo:routepoint_id>1801890408</swisstopo:routepoint_id>
				</extensions>
			</trkpt>
			<trkpt lat="47.1838068375" lon="9.1239996575">
				<ele>1794.9</ele>
				<extensions>
					<swisstopo:routepoint_id>788595435</swisstopo:routepoint_id>
				</extensions>
			</trkpt>
			<trkpt lat="47.1838066386" lon="9.1239794079">
				<ele>1794.8</ele>
				<extensions>
					<swisstopo:routepoint_id>494017991</swisstopo:routepoint_id>
				</extensions>
			</trkpt>
			<trkpt lat="47.1837995216" lon="9.1239603790">
				<ele>1794.4</ele>
				<extensions>
					<swisstopo:routepoint_id>272186243</swisstopo:routepoint_id>
				</extensions>
			</trkpt>
			<trkpt lat="47.1837860659" lon="9.1239368090">
				<ele>1794.1</ele>
				<extensions>
					<swisstopo:routepoint_id>1131447604</swisstopo:routepoint_id>
				</extensions>
			</trkpt>
			<trkpt lat="47.1837720536" lon="9.1239168363">
				<ele>1793.8</ele>
				<extensions>
					<swisstopo:routepoint_id>1293387334</swisstopo:routepoint_id>
				</extensions>
			</trkpt>
			<trkpt lat="47.1837594589" lon="9.1239019761">
				<ele>1793.6</ele>
				<extensions>
					<swisstopo:routepoint_id>907777546</swisstopo:routepoint_id>
				</extensions>
			</trkpt>
			<trkpt lat="47.1837443602" lon="9.1238892150">
				<ele>1793.3</ele>
				<extensions>
					<swisstopo:routepoint_id>1158701106</swisstopo:routepoint_id>
				</extensions>
			</trkpt>
			<trkpt lat="47.1837209120" lon="9.1238740129">
				<ele>1792.7</ele>
				<extensions>
					<swisstopo:routepoint_id>1742000551</swisstopo:routepoint_id>
				</extensions>
			</trkpt>
			<trkpt lat="47.1837034337" lon="9.1238553833">
				<ele>1792.2</ele>
				<extensions>
					<swisstopo:routepoint_id>267916209</swisstopo:routepoint_id>
				</extensions>
			</trkpt>
			<trkpt lat="47.1836854190" lon="9.1238396267">
				<ele>1791.6</ele>
				<extensions>
					<swisstopo:routepoint_id>683219074</swisstopo:routepoint_id>
				</extensions>
			</trkpt>
			<trkpt lat="47.1836732154" lon="9.1238312845">
				<ele>1791.2</ele>
				<extensions>
					<swisstopo:routepoint_id>1056469210</swisstopo:routepoint_id>
				</extensions>
			</trkpt>
			<trkpt lat="47.1836626220" lon="9.1238143103">
				<ele>1790.8</ele>
				<extensions>
					<swisstopo:routepoint_id>69060370</swisstopo:routepoint_id>
				</extensions>
			</trkpt>
			<trkpt lat="47.1836423014" lon="9.1237876471">
				<ele>1790.1</ele>
				<extensions>
					<swisstopo:routepoint_id>1693893007</swisstopo:routepoint_id>
				</extensions>
			</trkpt>
			<trkpt lat="47.1836272557" lon="9.1237712583">
				<ele>1789.3</ele>
				<extensions>
					<swisstopo:routepoint_id>248491825</swisstopo:routepoint_id>
				</extensions>
			</trkpt>
			<trkpt lat="47.1836137049" lon="9.1237541910">
				<ele>1788.5</ele>
				<extensions>
					<swisstopo:routepoint_id>676957033</swisstopo:routepoint_id>
				</extensions>
			</trkpt>
			<trkpt lat="47.1835964063" lon="9.1237232809">
				<ele>1787.6</ele>
				<extensions>
					<swisstopo:routepoint_id>712375694</swisstopo:routepoint_id>
				</extensions>
			</trkpt>
			<trkpt lat="47.1835867824" lon="9.1237070630">
				<ele>1787.2</ele>
				<extensions>
					<swisstopo:routepoint_id>1829754162</swisstopo:routepoint_id>
				</extensions>
			</trkpt>
			<trkpt lat="47.1835754744" lon="9.1237045426">
				<ele>1786.9</ele>
				<extensions>
					<swisstopo:routepoint_id>385856065</swisstopo:routepoint_id>
				</extensions>
			</trkpt>
			<trkpt lat="47.1835674401" lon="9.1237144106">
				<ele>1786.7</ele>
				<extensions>
					<swisstopo:routepoint_id>1342535642</swisstopo:routepoint_id>
				</extensions>
			</trkpt>
			<trkpt lat="47.1835577823" lon="9.1237343495">
				<ele>1786.2</ele>
				<extensions>
					<swisstopo:routepoint_id>2031289943</swisstopo:routepoint_id>
				</extensions>
			</trkpt>
			<trkpt lat="47.1835480078" lon="9.1237622554">
				<ele>1785.7</ele>
				<extensions>
					<swisstopo:routepoint_id>1124780291</swisstopo:routepoint_id>
				</extensions>
			</trkpt>
			<trkpt lat="47.1835411727" lon="9.1237909666">
				<ele>1785.2</ele>
				<extensions>
					<swisstopo:routepoint_id>791877250</swisstopo:routepoint_id>
				</extensions>
			</trkpt>
			<trkpt lat="47.1835367155" lon="9.1238262584">
				<ele>1784.8</ele>
				<extensions>
					<swisstopo:routepoint_id>446869887</swisstopo:routepoint_id>
				</extensions>
			</trkpt>
			<trkpt lat="47.1835296580" lon="9.1238701516">
				<ele>1784.1</ele>
				<extensions>
					<swisstopo:routepoint_id>1490756148</swisstopo:routepoint_id>
				</extensions>
			</trkpt>
			<trkpt lat="47.1835186812" lon="9.1239131956">
				<ele>1783.4</ele>
				<extensions>
					<swisstopo:routepoint_id>101157275</swisstopo:routepoint_id>
				</extensions>
			</trkpt>
			<trkpt lat="47.1835061807" lon="9.1239583679">
				<ele>1783.0</ele>
				<extensions>
					<swisstopo:routepoint_id>2100724686</swisstopo:routepoint_id>
				</extensions>
			</trkpt>
			<trkpt lat="47.1834963957" lon="9.1239869861">
				<ele>1782.8</ele>
				<extensions>
					<swisstopo:routepoint_id>150769557</swisstopo:routepoint_id>
				</extensions>
			</trkpt>
			<trkpt lat="47.1834921289" lon="9.1240092728">
				<ele>1782.6</ele>
				<extensions>
					<swisstopo:routepoint_id>1666171091</swisstopo:routepoint_id>
				</extensions>
			</trkpt>
			<trkpt lat="47.1834908118" lon="9.1240316515">
				<ele>1782.6</ele>
				<extensions>
					<swisstopo:routepoint_id>449477370</swisstopo:routepoint_id>
				</extensions>
			</trkpt>
			<trkpt lat="47.1834909989" lon="9.1240526262">
				<ele>1782.4</ele>
				<extensions>
					<swisstopo:routepoint_id>1255909219</swisstopo:routepoint_id>
				</extensions>
			</trkpt>
			<trkpt lat="47.1834852585" lon="9.1240741407">
				<ele>1782.1</ele>
				<extensions>
					<swisstopo:routepoint_id>850916256</swisstopo:routepoint_id>
				</extensions>
			</trkpt>
			<trkpt lat="47.1834824142" lon="9.1241000869">
				<ele>1781.6</ele>
				<extensions>
					<swisstopo:routepoint_id>81314364</swisstopo:routepoint_id>
				</extensions>
			</trkpt>
			<trkpt lat="47.1834790112" lon="9.1241303576">
				<ele>1781.0</ele>
				<extensions>
					<swisstopo:routepoint_id>516336213</swisstopo:routepoint_id>
				</extensions>
			</trkpt>
			<trkpt lat="47.1834765443" lon="9.1241642735">
				<ele>1780.4</ele>
				<extensions>
					<swisstopo:routepoint_id>1972976220</swisstopo:routepoint_id>
				</extensions>
			</trkpt>
			<trkpt lat="47.1834717506" lon="9.1241887076">
				<ele>1780.2</ele>
				<extensions>
					<swisstopo:routepoint_id>422535486</swisstopo:routepoint_id>
				</extensions>
			</trkpt>
			<trkpt lat="47.1834625991" lon="9.1242072239">
				<ele>1779.8</ele>
				<extensions>
					<swisstopo:routepoint_id>404043900</swisstopo:routepoint_id>
				</extensions>
			</trkpt>
			<trkpt lat="47.1834532879" lon="9.1242373084">
				<ele>1779.1</ele>
				<extensions>
					<swisstopo:routepoint_id>1959553356</swisstopo:routepoint_id>
				</extensions>
			</trkpt>
			<trkpt lat="47.1834467995" lon="9.1242761516">
				<ele>1777.9</ele>
				<extensions>
					<swisstopo:routepoint_id>1418015445</swisstopo:routepoint_id>
				</extensions>
			</trkpt>
			<trkpt lat="47.1834371592" lon="9.1243286468">
				<ele>1776.6</ele>
				<extensions>
					<swisstopo:routepoint_id>984832182</swisstopo:routepoint_id>
				</extensions>
			</trkpt>
			<trkpt lat="47.1834341243" lon="9.1243675988">
				<ele>1775.3</ele>
				<extensions>
					<swisstopo:routepoint_id>346451657</swisstopo:routepoint_id>
				</extensions>
			</trkpt>
			<trkpt lat="47.1834345859" lon="9.1244030455">
				<ele>1774.5</ele>
				<extensions>
					<swisstopo:routepoint_id>470609194</swisstopo:routepoint_id>
				</extensions>
			</trkpt>
			<trkpt lat="47.1834297287" lon="9.1244318189">
				<ele>1773.6</ele>
				<extensions>
					<swisstopo:routepoint_id>1451786744</swisstopo:routepoint_id>
				</extensions>
			</trkpt>
			<trkpt lat="47.1834211568" lon="9.1244445734">
				<ele>1773.0</ele>
				<extensions>
					<swisstopo:routepoint_id>130415012</swisstopo:routepoint_id>
				</extensions>
			</trkpt>
			<trkpt lat="47.1834091414" lon="9.1244572059">
				<ele>1772.3</ele>
				<extensions>
					<swisstopo:routepoint_id>1290644537</swisstopo:routepoint_id>
				</extensions>
			</trkpt>
			<trkpt lat="47.1833927872" lon="9.1244632096">
				<ele>1772.1</ele>
				<extensions>
					<swisstopo:routepoint_id>241568081</swisstopo:routepoint_id>
				</extensions>
			</trkpt>
			<trkpt lat="47.1833709687" lon="9.1244711917">
				<ele>1771.6</ele>
				<extensions>
					<swisstopo:routepoint_id>828367826</swisstopo:routepoint_id>
				</extensions>
			</trkpt>
			<trkpt lat="47.1833486131" lon="9.1244827862">
				<ele>1771.2</ele>
				<extensions>
					<swisstopo:routepoint_id>1598491628</swisstopo:routepoint_id>
				</extensions>
			</trkpt>
			<trkpt lat="47.1833261612" lon="9.1245008831">
				<ele>1770.8</ele>
				<extensions>
					<swisstopo:routepoint_id>1941097315</swisstopo:routepoint_id>
				</extensions>
			</trkpt>
			<trkpt lat="47.1833147043" lon="9.1245091926">
				<ele>1770.6</ele>
				<extensions>
					<swisstopo:routepoint_id>336031154</swisstopo:routepoint_id>
				</extensions>
			</trkpt>
			<trkpt lat="47.1832946445" lon="9.1245317061">
				<ele>1770.4</ele>
				<extensions>
					<swisstopo:routepoint_id>800007803</swisstopo:routepoint_id>
				</extensions>
			</trkpt>
			<trkpt lat="47.1832738969" lon="9.1245600053">
				<ele>1770.3</ele>
				<extensions>
					<swisstopo:routepoint_id>564421686</swisstopo:routepoint_id>
				</extensions>
			</trkpt>
			<trkpt lat="47.1832442416" lon="9.1245963100">
				<ele>1770.4</ele>
				<extensions>
					<swisstopo:routepoint_id>799254753</swisstopo:routepoint_id>
				</extensions>
			</trkpt>
			<trkpt lat="47.1832122519" lon="9.1246391133">
				<ele>1770.7</ele>
				<extensions>
					<swisstopo:routepoint_id>1014822061</swisstopo:routepoint_id>
				</extensions>
			</trkpt>
			<trkpt lat="47.1831762892" lon="9.1246982207">
				<ele>1771.3</ele>
				<extensions>
					<swisstopo:routepoint_id>786120915</swisstopo:routepoint_id>
				</extensions>
			</trkpt>
			<trkpt lat="47.1831604221" lon="9.1247108645">
				<ele>1771.7</ele>
				<extensions>
					<swisstopo:routepoint_id>1453594341</swisstopo:routepoint_id>
				</extensions>
			</trkpt>
			<trkpt lat="47.1831340733" lon="9.1247253678">
				<ele>1772.0</ele>
				<extensions>
					<swisstopo:routepoint_id>281443005</swisstopo:routepoint_id>
				</extensions>
			</trkpt>
			<trkpt lat="47.1831130140" lon="9.1247356563">
				<ele>1771.9</ele>
				<extensions>
					<swisstopo:routepoint_id>755283946</swisstopo:routepoint_id>
				</extensions>
			</trkpt>
			<trkpt lat="47.1830903816" lon="9.1247513729">
				<ele>1771.5</ele>
				<extensions>
					<swisstopo:routepoint_id>853697479</swisstopo:routepoint_id>
				</extensions>
			</trkpt>
			<trkpt lat="47.1830819150" lon="9.1247686299">
				<ele>1771.2</ele>
				<extensions>
					<swisstopo:routepoint_id>1325825193</swisstopo:routepoint_id>
				</extensions>
			</trkpt>
			<trkpt lat="47.1830815782" lon="9.1247916208">
				<ele>1770.9</ele>
				<extensions>
					<swisstopo:routepoint_id>413297313</swisstopo:routepoint_id>
				</extensions>
			</trkpt>
			<trkpt lat="47.1830864015" lon="9.1248191552">
				<ele>1770.6</ele>
				<extensions>
					<swisstopo:routepoint_id>999721863</swisstopo:routepoint_id>
				</extensions>
			</trkpt>
			<trkpt lat="47.1830820770" lon="9.1248595443">
				<ele>1769.8</ele>
				<extensions>
					<swisstopo:routepoint_id>525973845</swisstopo:routepoint_id>
				</extensions>
			</trkpt>
			<trkpt lat="47.1830780399" lon="9.1248802270">
				<ele>1769.4</ele>
				<extensions>
					<swisstopo:routepoint_id>621008895</swisstopo:routepoint_id>
				</extensions>
			</trkpt>
			<trkpt lat="47.1830683849" lon="9.1248766373">
				<ele>1769.1</ele>
				<extensions>
					<swisstopo:routepoint_id>1268824515</swisstopo:routepoint_id>
				</extensions>
			</trkpt>
			<trkpt lat="47.1830559527" lon="9.1248587207">
				<ele>1768.8</ele>
				<extensions>
					<swisstopo:routepoint_id>1635060961</swisstopo:routepoint_id>
				</extensions>
			</trkpt>
			<trkpt lat="47.1830360407" lon="9.1248416638">
				<ele>1768.3</ele>
				<extensions>
					<swisstopo:routepoint_id>1519448034</swisstopo:routepoint_id>
				</extensions>
			</trkpt>
			<trkpt lat="47.1830161277" lon="9.1248246068">
				<ele>1767.5</ele>
				<extensions>
					<swisstopo:routepoint_id>2044844425</swisstopo:routepoint_id>
				</extensions>
			</trkpt>
			<trkpt lat="47.1829946908" lon="9.1248096919">
				<ele>1766.8</ele>
				<extensions>
					<swisstopo:routepoint_id>1609041407</swisstopo:routepoint_id>
				</extensions>
			</trkpt>
			<trkpt lat="47.1829800362" lon="9.1247906108">
				<ele>1766.3</ele>
				<extensions>
					<swisstopo:routepoint_id>551820279</swisstopo:routepoint_id>
				</extensions>
			</trkpt>
			<trkpt lat="47.1829639036" lon="9.1247703869">
				<ele>1766.0</ele>
				<extensions>
					<swisstopo:routepoint_id>990658210</swisstopo:routepoint_id>
				</extensions>
			</trkpt>
			<trkpt lat="47.1829462782" lon="9.1247501159">
				<ele>1765.6</ele>
				<extensions>
					<swisstopo:routepoint_id>1077442302</swisstopo:routepoint_id>
				</extensions>
			</trkpt>
			<trkpt lat="47.1829196650" lon="9.1247317525">
				<ele>1764.6</ele>
				<extensions>
					<swisstopo:routepoint_id>405360598</swisstopo:routepoint_id>
				</extensions>
			</trkpt>
			<trkpt lat="47.1828946722" lon="9.1247046778">
				<ele>1763.6</ele>
				<extensions>
					<swisstopo:routepoint_id>756824597</swisstopo:routepoint_id>
				</extensions>
			</trkpt>
			<trkpt lat="47.1828726170" lon="9.1246809819">
				<ele>1762.8</ele>
				<extensions>
					<swisstopo:routepoint_id>391286473</swisstopo:routepoint_id>
				</extensions>
			</trkpt>
			<trkpt lat="47.1828543252" lon="9.1246552139">
				<ele>1762.0</ele>
				<extensions>
					<swisstopo:routepoint_id>1685479150</swisstopo:routepoint_id>
				</extensions>
			</trkpt>
			<trkpt lat="47.1828352559" lon="9.1246316122">
				<ele>1761.0</ele>
				<extensions>
					<swisstopo:routepoint_id>204281808</swisstopo:routepoint_id>
				</extensions>
			</trkpt>
			<trkpt lat="47.1828168529" lon="9.1246135076">
				<ele>1760.5</ele>
				<extensions>
					<swisstopo:routepoint_id>1978962992</swisstopo:routepoint_id>
				</extensions>
			</trkpt>
			<trkpt lat="47.1828022221" lon="9.1245933311">
				<ele>1759.4</ele>
				<extensions>
					<swisstopo:routepoint_id>728297035</swisstopo:routepoint_id>
				</extensions>
			</trkpt>
			<trkpt lat="47.1827727514" lon="9.1245661155">
				<ele>1758.0</ele>
				<extensions>
					<swisstopo:routepoint_id>1656878012</swisstopo:routepoint_id>
				</extensions>
			</trkpt>
			<trkpt lat="47.1827536168" lon="9.1245468925">
				<ele>1757.2</ele>
				<extensions>
					<swisstopo:routepoint_id>1215732510</swisstopo:routepoint_id>
				</extensions>
			</trkpt>
			<trkpt lat="47.1827283684" lon="9.1245373344">
				<ele>1755.7</ele>
				<extensions>
					<swisstopo:routepoint_id>335604676</swisstopo:routepoint_id>
				</extensions>
			</trkpt>
			<trkpt lat="47.1827032791" lon="9.1245168422">
				<ele>1754.4</ele>
				<extensions>
					<swisstopo:routepoint_id>1614306182</swisstopo:routepoint_id>
				</extensions>
			</trkpt>
			<trkpt lat="47.1826827008" lon="9.1244942876">
				<ele>1753.8</ele>
				<extensions>
					<swisstopo:routepoint_id>1872228518</swisstopo:routepoint_id>
				</extensions>
			</trkpt>
			<trkpt lat="47.1826591042" lon="9.1244738294">
				<ele>1752.9</ele>
				<extensions>
					<swisstopo:routepoint_id>1289087122</swisstopo:routepoint_id>
				</extensions>
			</trkpt>
			<trkpt lat="47.1826333329" lon="9.1244489213">
				<ele>1751.9</ele>
				<extensions>
					<swisstopo:routepoint_id>1104547970</swisstopo:routepoint_id>
				</extensions>
			</trkpt>
			<trkpt lat="47.1826112616" lon="9.1244263197">
				<ele>1751.1</ele>
				<extensions>
					<swisstopo:routepoint_id>235168350</swisstopo:routepoint_id>
				</extensions>
			</trkpt>
			<trkpt lat="47.1825854422" lon="9.1244046962">
				<ele>1750.0</ele>
				<extensions>
					<swisstopo:routepoint_id>722187942</swisstopo:routepoint_id>
				</extensions>
			</trkpt>
			<trkpt lat="47.1825594144" lon="9.1243973036">
				<ele>1749.0</ele>
				<extensions>
					<swisstopo:routepoint_id>279099570</swisstopo:routepoint_id>
				</extensions>
			</trkpt>
			<trkpt lat="47.1825446468" lon="9.1243858861">
				<ele>1748.5</ele>
				<extensions>
					<swisstopo:routepoint_id>227069527</swisstopo:routepoint_id>
				</extensions>
			</trkpt>
			<trkpt lat="47.1825262112" lon="9.1243699706">
				<ele>1748.0</ele>
				<extensions>
					<swisstopo:routepoint_id>683472190</swisstopo:routepoint_id>
				</extensions>
			</trkpt>
			<trkpt lat="47.1825099348" lon="9.1243596009">
				<ele>1747.2</ele>
				<extensions>
					<swisstopo:routepoint_id>436258264</swisstopo:routepoint_id>
				</extensions>
			</trkpt>
			<trkpt lat="47.1824802231" lon="9.1243488069">
				<ele>1745.9</ele>
				<extensions>
					<swisstopo:routepoint_id>1195727270</swisstopo:routepoint_id>
				</extensions>
			</trkpt>
			<trkpt lat="47.1824407922" lon="9.1243388021">
				<ele>1744.3</ele>
				<extensions>
					<swisstopo:routepoint_id>1391393179</swisstopo:routepoint_id>
				</extensions>
			</trkpt>
			<trkpt lat="47.1824043630" lon="9.1243277965">
				<ele>1743.8</ele>
				<extensions>
					<swisstopo:routepoint_id>1888953540</swisstopo:routepoint_id>
				</extensions>
			</trkpt>
			<trkpt lat="47.1823588807" lon="9.1243230771">
				<ele>1743.1</ele>
				<extensions>
					<swisstopo:routepoint_id>2072720961</swisstopo:routepoint_id>
				</extensions>
			</trkpt>
			<trkpt lat="47.1823349639" lon="9.1243245141">
				<ele>1743.0</ele>
				<extensions>
					<swisstopo:routepoint_id>368237824</swisstopo:routepoint_id>
				</extensions>
			</trkpt>
			<trkpt lat="47.1823071637" lon="9.1243367810">
				<ele>1742.9</ele>
				<extensions>
					<swisstopo:routepoint_id>1276859185</swisstopo:routepoint_id>
				</extensions>
			</trkpt>
			<trkpt lat="47.1822792584" lon="9.1243556166">
				<ele>1742.8</ele>
				<extensions>
					<swisstopo:routepoint_id>953519357</swisstopo:routepoint_id>
				</extensions>
			</trkpt>
			<trkpt lat="47.1822526214" lon="9.1243898259">
				<ele>1742.5</ele>
				<extensions>
					<swisstopo:routepoint_id>2036633270</swisstopo:routepoint_id>
				</extensions>
			</trkpt>
			<trkpt lat="47.1822372765" lon="9.1244178196">
				<ele>1742.2</ele>
				<extensions>
					<swisstopo:routepoint_id>60941206</swisstopo:routepoint_id>
				</extensions>
			</trkpt>
			<trkpt lat="47.1822227101" lon="9.1244436470">
				<ele>1742.1</ele>
				<extensions>
					<swisstopo:routepoint_id>496785706</swisstopo:routepoint_id>
				</extensions>
			</trkpt>
			<trkpt lat="47.1822090987" lon="9.1244552656">
				<ele>1742.0</ele>
				<extensions>
					<swisstopo:routepoint_id>435991610</swisstopo:routepoint_id>
				</extensions>
			</trkpt>
			<trkpt lat="47.1821918513" lon="9.1244601989">
				<ele>1742.1</ele>
				<extensions>
					<swisstopo:routepoint_id>1454595694</swisstopo:routepoint_id>
				</extensions>
			</trkpt>
			<trkpt lat="47.1821738736" lon="9.1244640129">
				<ele>1742.2</ele>
				<extensions>
					<swisstopo:routepoint_id>1519820616</swisstopo:routepoint_id>
				</extensions>
			</trkpt>
			<trkpt lat="47.1821602300" lon="9.1244778212">
				<ele>1742.5</ele>
				<extensions>
					<swisstopo:routepoint_id>1520718909</swisstopo:routepoint_id>
				</extensions>
			</trkpt>
			<trkpt lat="47.1821407274" lon="9.1244837788">
				<ele>1742.5</ele>
				<extensions>
					<swisstopo:routepoint_id>825249605</swisstopo:routepoint_id>
				</extensions>
			</trkpt>
			<trkpt lat="47.1821123162" lon="9.1244861687">
				<ele>1741.7</ele>
				<extensions>
					<swisstopo:routepoint_id>1600408040</swisstopo:routepoint_id>
				</extensions>
			</trkpt>
			<trkpt lat="47.1820839048" lon="9.1244885593">
				<ele>1740.8</ele>
				<extensions>
					<swisstopo:routepoint_id>603823445</swisstopo:routepoint_id>
				</extensions>
			</trkpt>
			<trkpt lat="47.1820623395" lon="9.1244824036">
				<ele>1740.0</ele>
				<extensions>
					<swisstopo:routepoint_id>766419393</swisstopo:routepoint_id>
				</extensions>
			</trkpt>
			<trkpt lat="47.1820415365" lon="9.1244751759">
				<ele>1738.8</ele>
				<extensions>
					<swisstopo:routepoint_id>1128154908</swisstopo:routepoint_id>
				</extensions>
			</trkpt>
			<trkpt lat="47.1820249554" lon="9.1244856061">
				<ele>1737.8</ele>
				<extensions>
					<swisstopo:routepoint_id>260468842</swisstopo:routepoint_id>
				</extensions>
			</trkpt>
			<trkpt lat="47.1820056292" lon="9.1244795210">
				<ele>1736.7</ele>
				<extensions>
					<swisstopo:routepoint_id>330436912</swisstopo:routepoint_id>
				</extensions>
			</trkpt>
			<trkpt lat="47.1819863351" lon="9.1244712461">
				<ele>1735.6</ele>
				<extensions>
					<swisstopo:routepoint_id>1962232213</swisstopo:routepoint_id>
				</extensions>
			</trkpt>
			<trkpt lat="47.1819697539" lon="9.1244816757">
				<ele>1734.4</ele>
				<extensions>
					<swisstopo:routepoint_id>551457974</swisstopo:routepoint_id>
				</extensions>
			</trkpt>
			<trkpt lat="47.1819588717" lon="9.1245108914">
				<ele>1733.6</ele>
				<extensions>
					<swisstopo:routepoint_id>613982887</swisstopo:routepoint_id>
				</extensions>
			</trkpt>
			<trkpt lat="47.1819472588" lon="9.1245390026">
				<ele>1732.8</ele>
				<extensions>
					<swisstopo:routepoint_id>1158300306</swisstopo:routepoint_id>
				</extensions>
			</trkpt>
			<trkpt lat="47.1819400923" lon="9.1245694445">
				<ele>1732.1</ele>
				<extensions>
					<swisstopo:routepoint_id>294074979</swisstopo:routepoint_id>
				</extensions>
			</trkpt>
			<trkpt lat="47.1819396433" lon="9.1246000975">
				<ele>1731.5</ele>
				<extensions>
					<swisstopo:routepoint_id>2044388197</swisstopo:routepoint_id>
				</extensions>
			</trkpt>
			<trkpt lat="47.1819465782" lon="9.1246364599">
				<ele>1730.8</ele>
				<extensions>
					<swisstopo:routepoint_id>2111189933</swisstopo:routepoint_id>
				</extensions>
			</trkpt>
			<trkpt lat="47.1819570847" lon="9.1246838870">
				<ele>1730.1</ele>
				<extensions>
					<swisstopo:routepoint_id>1373176085</swisstopo:routepoint_id>
				</extensions>
			</trkpt>
			<trkpt lat="47.1819588428" lon="9.1247168002">
				<ele>1729.7</ele>
				<extensions>
					<swisstopo:routepoint_id>639458639</swisstopo:routepoint_id>
				</extensions>
			</trkpt>
			<trkpt lat="47.1819538352" lon="9.1247527862">
				<ele>1728.7</ele>
				<extensions>
					<swisstopo:routepoint_id>873750975</swisstopo:routepoint_id>
				</extensions>
			</trkpt>
			<trkpt lat="47.1819598953" lon="9.1247978833">
				<ele>1727.9</ele>
				<extensions>
					<swisstopo:routepoint_id>2076110433</swisstopo:routepoint_id>
				</extensions>
			</trkpt>
			<trkpt lat="47.1819592539" lon="9.1248416737">
				<ele>1726.7</ele>
				<extensions>
					<swisstopo:routepoint_id>830393577</swisstopo:routepoint_id>
				</extensions>
			</trkpt>
			<trkpt lat="47.1819499604" lon="9.1248643811">
				<ele>1726.1</ele>
				<extensions>
					<swisstopo:routepoint_id>1956256621</swisstopo:routepoint_id>
				</extensions>
			</trkpt>
			<trkpt lat="47.1819383314" lon="9.1248935869">
				<ele>1725.6</ele>
				<extensions>
					<swisstopo:routepoint_id>1314391209</swisstopo:routepoint_id>
				</extensions>
			</trkpt>
			<trkpt lat="47.1819309723" lon="9.1249371656">
				<ele>1725.1</ele>
				<extensions>
					<swisstopo:routepoint_id>1840139608</swisstopo:routepoint_id>
				</extensions>
			</trkpt>
			<trkpt lat="47.1819244238" lon="9.1249763883">
				<ele>1724.2</ele>
				<extensions>
					<swisstopo:routepoint_id>298076516</swisstopo:routepoint_id>
				</extensions>
			</trkpt>
			<trkpt lat="47.1819089024" lon="9.1250164235">
				<ele>1723.3</ele>
				<extensions>
					<swisstopo:routepoint_id>415536080</swisstopo:routepoint_id>
				</extensions>
			</trkpt>
			<trkpt lat="47.1818920165" lon="9.1250476535">
				<ele>1722.5</ele>
				<extensions>
					<swisstopo:routepoint_id>1644720952</swisstopo:routepoint_id>
				</extensions>
			</trkpt>
			<trkpt lat="47.1818744484" lon="9.1250744814">
				<ele>1722.1</ele>
				<extensions>
					<swisstopo:routepoint_id>897193277</swisstopo:routepoint_id>
				</extensions>
			</trkpt>
			<trkpt lat="47.1818508930" lon="9.1251022158">
				<ele>1721.5</ele>
				<extensions>
					<swisstopo:routepoint_id>2078539518</swisstopo:routepoint_id>
				</extensions>
			</trkpt>
			<trkpt lat="47.1818289106" lon="9.1251245230">
				<ele>1721.0</ele>
				<extensions>
					<swisstopo:routepoint_id>571780828</swisstopo:routepoint_id>
				</extensions>
			</trkpt>
			<trkpt lat="47.1817986857" lon="9.1251487611">
				<ele>1720.8</ele>
				<extensions>
					<swisstopo:routepoint_id>2122985219</swisstopo:routepoint_id>
				</extensions>
			</trkpt>
			<trkpt lat="47.1817730124" lon="9.1251687618">
				<ele>1720.6</ele>
				<extensions>
					<swisstopo:routepoint_id>1467217839</swisstopo:routepoint_id>
				</extensions>
			</trkpt>
			<trkpt lat="47.1817494089" lon="9.1251997800">
				<ele>1720.3</ele>
				<extensions>
					<swisstopo:routepoint_id>841345841</swisstopo:routepoint_id>
				</extensions>
			</trkpt>
			<trkpt lat="47.1817313028" lon="9.1252123526">
				<ele>1720.1</ele>
				<extensions>
					<swisstopo:routepoint_id>981220222</swisstopo:routepoint_id>
				</extensions>
			</trkpt>
			<trkpt lat="47.1817049864" lon="9.1252246656">
				<ele>1719.4</ele>
				<extensions>
					<swisstopo:routepoint_id>1953965678</swisstopo:routepoint_id>
				</extensions>
			</trkpt>
			<trkpt lat="47.1816896576" lon="9.1252515511">
				<ele>1718.7</ele>
				<extensions>
					<swisstopo:routepoint_id>1949934814</swisstopo:routepoint_id>
				</extensions>
			</trkpt>
			<trkpt lat="47.1816756289" lon="9.1252916330">
				<ele>1718.0</ele>
				<extensions>
					<swisstopo:routepoint_id>1713554212</swisstopo:routepoint_id>
				</extensions>
			</trkpt>
			<trkpt lat="47.1816642651" lon="9.1253537039">
				<ele>1717.2</ele>
				<extensions>
					<swisstopo:routepoint_id>958145174</swisstopo:routepoint_id>
				</extensions>
			</trkpt>
			<trkpt lat="47.1816520103" lon="9.1254256048">
				<ele>1716.7</ele>
				<extensions>
					<swisstopo:routepoint_id>337250401</swisstopo:routepoint_id>
				</extensions>
			</trkpt>
			<trkpt lat="47.1816394904" lon="9.1254646390">
				<ele>1716.5</ele>
				<extensions>
					<swisstopo:routepoint_id>1321322404</swisstopo:routepoint_id>
				</extensions>
			</trkpt>
			<trkpt lat="47.1816165369" lon="9.1255022496">
				<ele>1716.5</ele>
				<extensions>
					<swisstopo:routepoint_id>1979923867</swisstopo:routepoint_id>
				</extensions>
			</trkpt>
			<trkpt lat="47.1815952688" lon="9.1255267697">
				<ele>1716.4</ele>
				<extensions>
					<swisstopo:routepoint_id>1200674497</swisstopo:routepoint_id>
				</extensions>
			</trkpt>
			<trkpt lat="47.1815763681" lon="9.1255426025">
				<ele>1716.3</ele>
				<extensions>
					<swisstopo:routepoint_id>711895762</swisstopo:routepoint_id>
				</extensions>
			</trkpt>
			<trkpt lat="47.1815591617" lon="9.1255490403">
				<ele>1716.3</ele>
				<extensions>
					<swisstopo:routepoint_id>209718127</swisstopo:routepoint_id>
				</extensions>
			</trkpt>
			<trkpt lat="47.1815317584" lon="9.1255507889">
				<ele>1716.2</ele>
				<extensions>
					<swisstopo:routepoint_id>1601521375</swisstopo:routepoint_id>
				</extensions>
			</trkpt>
			<trkpt lat="47.1814961391" lon="9.1255452979">
				<ele>1716.1</ele>
				<extensions>
					<swisstopo:routepoint_id>290907021</swisstopo:routepoint_id>
				</extensions>
			</trkpt>
			<trkpt lat="47.1814604852" lon="9.1255415608">
				<ele>1716.1</ele>
				<extensions>
					<swisstopo:routepoint_id>677215103</swisstopo:routepoint_id>
				</extensions>
			</trkpt>
			<trkpt lat="47.1814290206" lon="9.1255362008">
				<ele>1715.9</ele>
				<extensions>
					<swisstopo:routepoint_id>844620939</swisstopo:routepoint_id>
				</extensions>
			</trkpt>
			<trkpt lat="47.1813993325" lon="9.1255317812">
				<ele>1716.0</ele>
				<extensions>
					<swisstopo:routepoint_id>938160859</swisstopo:routepoint_id>
				</extensions>
			</trkpt>
			<trkpt lat="47.1813778863" lon="9.1255328462">
				<ele>1715.9</ele>
				<extensions>
					<swisstopo:routepoint_id>1078005</swisstopo:routepoint_id>
				</extensions>
			</trkpt>
			<trkpt lat="47.1813474259" lon="9.1255406081">
				<ele>1715.7</ele>
				<extensions>
					<swisstopo:routepoint_id>32454449</swisstopo:routepoint_id>
				</extensions>
			</trkpt>
			<trkpt lat="47.1813115801" lon="9.1255499553">
				<ele>1715.9</ele>
				<extensions>
					<swisstopo:routepoint_id>1129772289</swisstopo:routepoint_id>
				</extensions>
			</trkpt>
			<trkpt lat="47.1812852705" lon="9.1255587325">
				<ele>1716.4</ele>
				<extensions>
					<swisstopo:routepoint_id>1016758324</swisstopo:routepoint_id>
				</extensions>
			</trkpt>
			<trkpt lat="47.1812626500" lon="9.1255588898">
				<ele>1716.7</ele>
				<extensions>
					<swisstopo:routepoint_id>187759281</swisstopo:routepoint_id>
				</extensions>
			</trkpt>
			<trkpt lat="47.1812436853" lon="9.1255539239">
				<ele>1716.7</ele>
				<extensions>
					<swisstopo:routepoint_id>360075961</swisstopo:routepoint_id>
				</extensions>
			</trkpt>
			<trkpt lat="47.1812217605" lon="9.1255471227">
				<ele>1716.5</ele>
				<extensions>
					<swisstopo:routepoint_id>1746808414</swisstopo:routepoint_id>
				</extensions>
			</trkpt>
			<trkpt lat="47.1812056098" lon="9.1255527233">
				<ele>1716.5</ele>
				<extensions>
					<swisstopo:routepoint_id>1312078830</swisstopo:routepoint_id>
				</extensions>
			</trkpt>
			<trkpt lat="47.1811876021" lon="9.1255635035">
				<ele>1716.1</ele>
				<extensions>
					<swisstopo:routepoint_id>1804235210</swisstopo:routepoint_id>
				</extensions>
			</trkpt>
			<trkpt lat="47.1811687488" lon="9.1255908444">
				<ele>1715.3</ele>
				<extensions>
					<swisstopo:routepoint_id>1465921142</swisstopo:routepoint_id>
				</extensions>
			</trkpt>
			<trkpt lat="47.1811577789" lon="9.1256088271">
				<ele>1715.0</ele>
				<extensions>
					<swisstopo:routepoint_id>1333655783</swisstopo:routepoint_id>
				</extensions>
			</trkpt>
			<trkpt lat="47.1811427514" lon="9.1256188178">
				<ele>1714.8</ele>
				<extensions>
					<swisstopo:routepoint_id>634473134</swisstopo:routepoint_id>
				</extensions>
			</trkpt>
			<trkpt lat="47.1811284415" lon="9.1256209921">
				<ele>1714.7</ele>
				<extensions>
					<swisstopo:routepoint_id>1005229269</swisstopo:routepoint_id>
				</extensions>
			</trkpt>
			<trkpt lat="47.1811063378" lon="9.1256264048">
				<ele>1714.6</ele>
				<extensions>
					<swisstopo:routepoint_id>1387931969</swisstopo:routepoint_id>
				</extensions>
			</trkpt>
			<trkpt lat="47.1810870918" lon="9.1256406302">
				<ele>1714.5</ele>
				<extensions>
					<swisstopo:routepoint_id>765188315</swisstopo:routepoint_id>
				</extensions>
			</trkpt>
			<trkpt lat="47.1810612004" lon="9.1256607678">
				<ele>1714.5</ele>
				<extensions>
					<swisstopo:routepoint_id>115935792</swisstopo:routepoint_id>
				</extensions>
			</trkpt>
			<trkpt lat="47.1810432182" lon="9.1256697947">
				<ele>1714.4</ele>
				<extensions>
					<swisstopo:routepoint_id>2112608470</swisstopo:routepoint_id>
				</extensions>
			</trkpt>
			<trkpt lat="47.1810145383" lon="9.1256776255">
				<ele>1714.2</ele>
				<extensions>
					<swisstopo:routepoint_id>1317594841</swisstopo:routepoint_id>
				</extensions>
			</trkpt>
			<trkpt lat="47.1809905900" lon="9.1256873478">
				<ele>1714.2</ele>
				<extensions>
					<swisstopo:routepoint_id>1771525607</swisstopo:routepoint_id>
				</extensions>
			</trkpt>
			<trkpt lat="47.1809570635" lon="9.1257011218">
				<ele>1713.9</ele>
				<extensions>
					<swisstopo:routepoint_id>1148786191</swisstopo:routepoint_id>
				</extensions>
			</trkpt>
			<trkpt lat="47.1809253558" lon="9.1257123414">
				<ele>1713.7</ele>
				<extensions>
					<swisstopo:routepoint_id>525088302</swisstopo:routepoint_id>
				</extensions>
			</trkpt>
			<trkpt lat="47.1809031716" lon="9.1257238614">
				<ele>1713.5</ele>
				<extensions>
					<swisstopo:routepoint_id>529906573</swisstopo:routepoint_id>
				</extensions>
			</trkpt>
			<trkpt lat="47.1808814824" lon="9.1257415058">
				<ele>1713.5</ele>
				<extensions>
					<swisstopo:routepoint_id>395361713</swisstopo:routepoint_id>
				</extensions>
			</trkpt>
			<trkpt lat="47.1808539216" lon="9.1257546111">
				<ele>1713.1</ele>
				<extensions>
					<swisstopo:routepoint_id>844604169</swisstopo:routepoint_id>
				</extensions>
			</trkpt>
			<trkpt lat="47.1808293416" lon="9.1257669260">
				<ele>1713.0</ele>
				<extensions>
					<swisstopo:routepoint_id>1482602330</swisstopo:routepoint_id>
				</extensions>
			</trkpt>
			<trkpt lat="47.1808022633" lon="9.1257870131">
				<ele>1712.8</ele>
				<extensions>
					<swisstopo:routepoint_id>1651300873</swisstopo:routepoint_id>
				</extensions>
			</trkpt>
			<trkpt lat="47.1807824018" lon="9.1258021024">
				<ele>1712.7</ele>
				<extensions>
					<swisstopo:routepoint_id>291037756</swisstopo:routepoint_id>
				</extensions>
			</trkpt>
			<trkpt lat="47.1807615196" lon="9.1258058115">
				<ele>1712.7</ele>
				<extensions>
					<swisstopo:routepoint_id>423713144</swisstopo:routepoint_id>
				</extensions>
			</trkpt>
			<trkpt lat="47.1807328909" lon="9.1258101477">
				<ele>1712.6</ele>
				<extensions>
					<swisstopo:routepoint_id>1745790015</swisstopo:routepoint_id>
				</extensions>
			</trkpt>
			<trkpt lat="47.1807061668" lon="9.1258066784">
				<ele>1712.7</ele>
				<extensions>
					<swisstopo:routepoint_id>793830797</swisstopo:routepoint_id>
				</extensions>
			</trkpt>
			<trkpt lat="47.1806925694" lon="9.1258001406">
				<ele>1712.6</ele>
				<extensions>
					<swisstopo:routepoint_id>1295539390</swisstopo:routepoint_id>
				</extensions>
			</trkpt>
			<trkpt lat="47.1806747788" lon="9.1257960953">
				<ele>1712.3</ele>
				<extensions>
					<swisstopo:routepoint_id>1295441468</swisstopo:routepoint_id>
				</extensions>
			</trkpt>
			<trkpt lat="47.1806567454" lon="9.1258086166">
				<ele>1711.7</ele>
				<extensions>
					<swisstopo:routepoint_id>1428581104</swisstopo:routepoint_id>
				</extensions>
			</trkpt>
			<trkpt lat="47.1806398478" lon="9.1258246709">
				<ele>1711.2</ele>
				<extensions>
					<swisstopo:routepoint_id>349033523</swisstopo:routepoint_id>
				</extensions>
			</trkpt>
			<trkpt lat="47.1806168820" lon="9.1258483846">
				<ele>1710.4</ele>
				<extensions>
					<swisstopo:routepoint_id>319453689</swisstopo:routepoint_id>
				</extensions>
			</trkpt>
			<trkpt lat="47.1805975758" lon="9.1258661042">
				<ele>1709.5</ele>
				<extensions>
					<swisstopo:routepoint_id>1550674183</swisstopo:routepoint_id>
				</extensions>
			</trkpt>
			<trkpt lat="47.1805823784" lon="9.1258883080">
				<ele>1709.2</ele>
				<extensions>
					<swisstopo:routepoint_id>2121382411</swisstopo:routepoint_id>
				</extensions>
			</trkpt>
			<trkpt lat="47.1805710232" lon="9.1258914469">
				<ele>1709.0</ele>
				<extensions>
					<swisstopo:routepoint_id>2024053213</swisstopo:routepoint_id>
				</extensions>
			</trkpt>
			<trkpt lat="47.1805579259" lon="9.1258919052">
				<ele>1708.7</ele>
				<extensions>
					<swisstopo:routepoint_id>122654898</swisstopo:routepoint_id>
				</extensions>
			</trkpt>
			<trkpt lat="47.1805380518" lon="9.1259078646">
				<ele>1708.5</ele>
				<extensions>
					<swisstopo:routepoint_id>1211680257</swisstopo:routepoint_id>
				</extensions>
			</trkpt>
			<trkpt lat="47.1805199326" lon="9.1259256223">
				<ele>1708.4</ele>
				<extensions>
					<swisstopo:routepoint_id>1164085661</swisstopo:routepoint_id>
				</extensions>
			</trkpt>
			<trkpt lat="47.1805036504" lon="9.1259408244">
				<ele>1708.2</ele>
				<extensions>
					<swisstopo:routepoint_id>639957291</swisstopo:routepoint_id>
				</extensions>
			</trkpt>
			<trkpt lat="47.1804861375" lon="9.1259577298">
				<ele>1707.9</ele>
				<extensions>
					<swisstopo:routepoint_id>287911026</swisstopo:routepoint_id>
				</extensions>
			</trkpt>
			<trkpt lat="47.1804710423" lon="9.1259729564">
				<ele>1707.8</ele>
				<extensions>
					<swisstopo:routepoint_id>1165819522</swisstopo:routepoint_id>
				</extensions>
			</trkpt>
			<trkpt lat="47.1804569844" lon="9.1259978225">
				<ele>1707.6</ele>
				<extensions>
					<swisstopo:routepoint_id>794307382</swisstopo:routepoint_id>
				</extensions>
			</trkpt>
			<trkpt lat="47.1804456001" lon="9.1260035723">
				<ele>1707.4</ele>
				<extensions>
					<swisstopo:routepoint_id>852294296</swisstopo:routepoint_id>
				</extensions>
			</trkpt>
			<trkpt lat="47.1804308155" lon="9.1259969970">
				<ele>1706.9</ele>
				<extensions>
					<swisstopo:routepoint_id>431157382</swisstopo:routepoint_id>
				</extensions>
			</trkpt>
			<trkpt lat="47.1804160054" lon="9.1259921751">
				<ele>1706.4</ele>
				<extensions>
					<swisstopo:routepoint_id>1966199174</swisstopo:routepoint_id>
				</extensions>
			</trkpt>
			<trkpt lat="47.1803975574" lon="9.1259924639">
				<ele>1706.1</ele>
				<extensions>
					<swisstopo:routepoint_id>1946996759</swisstopo:routepoint_id>
				</extensions>
			</trkpt>
			<trkpt lat="47.1803789343" lon="9.1260040958">
				<ele>1705.9</ele>
				<extensions>
					<swisstopo:routepoint_id>1578625571</swisstopo:routepoint_id>
				</extensions>
			</trkpt>
			<trkpt lat="47.1803622156" lon="9.1260079361">
				<ele>1705.3</ele>
				<extensions>
					<swisstopo:routepoint_id>2034242773</swisstopo:routepoint_id>
				</extensions>
			</trkpt>
			<trkpt lat="47.1803467738" lon="9.1260056941">
				<ele>1704.5</ele>
				<extensions>
					<swisstopo:routepoint_id>1308262737</swisstopo:routepoint_id>
				</extensions>
			</trkpt>
			<trkpt lat="47.1803282493" lon="9.1260112194">
				<ele>1703.7</ele>
				<extensions>
					<swisstopo:routepoint_id>574546007</swisstopo:routepoint_id>
				</extensions>
			</trkpt>
			<trkpt lat="47.1803078196" lon="9.1260245485">
				<ele>1703.4</ele>
				<extensions>
					<swisstopo:routepoint_id>1535739900</swisstopo:routepoint_id>
				</extensions>
			</trkpt>
			<trkpt lat="47.1802914519" lon="9.1260449741">
				<ele>1703.1</ele>
				<extensions>
					<swisstopo:routepoint_id>564209915</swisstopo:routepoint_id>
				</extensions>
			</trkpt>
			<trkpt lat="47.1802769409" lon="9.1260602319">
				<ele>1702.8</ele>
				<extensions>
					<swisstopo:routepoint_id>723229705</swisstopo:routepoint_id>
				</extensions>
			</trkpt>
			<trkpt lat="47.1802583909" lon="9.1260674978">
				<ele>1702.3</ele>
				<extensions>
					<swisstopo:routepoint_id>1050721798</swisstopo:routepoint_id>
				</extensions>
			</trkpt>
			<trkpt lat="47.1802292453" lon="9.1260665783">
				<ele>1701.6</ele>
				<extensions>
					<swisstopo:routepoint_id>1145804521</swisstopo:routepoint_id>
				</extensions>
			</trkpt>
			<trkpt lat="47.1802156734" lon="9.1260582992">
				<ele>1701.0</ele>
				<extensions>
					<swisstopo:routepoint_id>1115272391</swisstopo:routepoint_id>
				</extensions>
			</trkpt>
			<trkpt lat="47.1802014403" lon="9.1260552247">
				<ele>1700.6</ele>
				<extensions>
					<swisstopo:routepoint_id>887067695</swisstopo:routepoint_id>
				</extensions>
			</trkpt>
			<trkpt lat="47.1801821722" lon="9.1260703325">
				<ele>1700.1</ele>
				<extensions>
					<swisstopo:routepoint_id>82849793</swisstopo:routepoint_id>
				</extensions>
			</trkpt>
			<trkpt lat="47.1801634942" lon="9.1260863303">
				<ele>1699.8</ele>
				<extensions>
					<swisstopo:routepoint_id>1154888</swisstopo:routepoint_id>
				</extensions>
			</trkpt>
			<trkpt lat="47.1801442519" lon="9.1260996839">
				<ele>1699.4</ele>
				<extensions>
					<swisstopo:routepoint_id>1877371237</swisstopo:routepoint_id>
				</extensions>
			</trkpt>
			<trkpt lat="47.1801261416" lon="9.1261174409">
				<ele>1699.1</ele>
				<extensions>
					<swisstopo:routepoint_id>909728890</swisstopo:routepoint_id>
				</extensions>
			</trkpt>
			<trkpt lat="47.1801087437" lon="9.1261264988">
				<ele>1698.8</ele>
				<extensions>
					<swisstopo:routepoint_id>1861325877</swisstopo:routepoint_id>
				</extensions>
			</trkpt>
			<trkpt lat="47.1800901295" lon="9.1261381301">
				<ele>1698.5</ele>
				<extensions>
					<swisstopo:routepoint_id>2071824905</swisstopo:routepoint_id>
				</extensions>
			</trkpt>
			<trkpt lat="47.1800756699" lon="9.1261498933">
				<ele>1698.4</ele>
				<extensions>
					<swisstopo:routepoint_id>1826129626</swisstopo:routepoint_id>
				</extensions>
			</trkpt>
			<trkpt lat="47.1800652935" lon="9.1261678942">
				<ele>1698.2</ele>
				<extensions>
					<swisstopo:routepoint_id>755120307</swisstopo:routepoint_id>
				</extensions>
			</trkpt>
			<trkpt lat="47.1800488618" lon="9.1261926851">
				<ele>1697.9</ele>
				<extensions>
					<swisstopo:routepoint_id>1977973581</swisstopo:routepoint_id>
				</extensions>
			</trkpt>
			<trkpt lat="47.1800288979" lon="9.1262147512">
				<ele>1697.6</ele>
				<extensions>
					<swisstopo:routepoint_id>1614148355</swisstopo:routepoint_id>
				</extensions>
			</trkpt>
			<trkpt lat="47.1800126449" lon="9.1262273284">
				<ele>1697.2</ele>
				<extensions>
					<swisstopo:routepoint_id>355049903</swisstopo:routepoint_id>
				</extensions>
			</trkpt>
			<trkpt lat="47.1799983736" lon="9.1262268782">
				<ele>1697.0</ele>
				<extensions>
					<swisstopo:routepoint_id>763210262</swisstopo:routepoint_id>
				</extensions>
			</trkpt>
			<trkpt lat="47.1799779696" lon="9.1262384538">
				<ele>1696.6</ele>
				<extensions>
					<swisstopo:routepoint_id>2059493344</swisstopo:routepoint_id>
				</extensions>
			</trkpt>
			<trkpt lat="47.1799611103" lon="9.1262518954">
				<ele>1696.3</ele>
				<extensions>
					<swisstopo:routepoint_id>380375488</swisstopo:routepoint_id>
				</extensions>
			</trkpt>
			<trkpt lat="47.1799394467" lon="9.1262677861">
				<ele>1695.9</ele>
				<extensions>
					<swisstopo:routepoint_id>1399394376</swisstopo:routepoint_id>
				</extensions>
			</trkpt>
			<trkpt lat="47.1799215156" lon="9.1262733300">
				<ele>1695.8</ele>
				<extensions>
					<swisstopo:routepoint_id>2121373410</swisstopo:routepoint_id>
				</extensions>
			</trkpt>
			<trkpt lat="47.1799029562" lon="9.1262806083">
				<ele>1695.6</ele>
				<extensions>
					<swisstopo:routepoint_id>1676893513</swisstopo:routepoint_id>
				</extensions>
			</trkpt>
			<trkpt lat="47.1798824886" lon="9.1262965366">
				<ele>1695.6</ele>
				<extensions>
					<swisstopo:routepoint_id>358631285</swisstopo:routepoint_id>
				</extensions>
			</trkpt>
			<trkpt lat="47.1798656676" lon="9.1263073538">
				<ele>1695.4</ele>
				<extensions>
					<swisstopo:routepoint_id>1518094356</swisstopo:routepoint_id>
				</extensions>
			</trkpt>
			<trkpt lat="47.1798561917" lon="9.1263044422">
				<ele>1695.1</ele>
				<extensions>
					<swisstopo:routepoint_id>208232817</swisstopo:routepoint_id>
				</extensions>
			</trkpt>
			<trkpt lat="47.1798456603" lon="9.1262918906">
				<ele>1694.8</ele>
				<extensions>
					<swisstopo:routepoint_id>52527162</swisstopo:routepoint_id>
				</extensions>
			</trkpt>
			<trkpt lat="47.1798331692" lon="9.1262914965">
				<ele>1694.5</ele>
				<extensions>
					<swisstopo:routepoint_id>1357465270</swisstopo:routepoint_id>
				</extensions>
			</trkpt>
			<trkpt lat="47.1798186804" lon="9.1263058714">
				<ele>1694.4</ele>
				<extensions>
					<swisstopo:routepoint_id>677150789</swisstopo:routepoint_id>
				</extensions>
			</trkpt>
			<trkpt lat="47.1798030207" lon="9.1263184802">
				<ele>1694.4</ele>
				<extensions>
					<swisstopo:routepoint_id>1121633165</swisstopo:routepoint_id>
				</extensions>
			</trkpt>
			<trkpt lat="47.1797922595" lon="9.1263216248">
				<ele>1694.2</ele>
				<extensions>
					<swisstopo:routepoint_id>262768371</swisstopo:routepoint_id>
				</extensions>
			</trkpt>
			<trkpt lat="47.1797779495" lon="9.1263237988">
				<ele>1693.7</ele>
				<extensions>
					<swisstopo:routepoint_id>2119133638</swisstopo:routepoint_id>
				</extensions>
			</trkpt>
			<trkpt lat="47.1797661416" lon="9.1263173166">
				<ele>1693.2</ele>
				<extensions>
					<swisstopo:routepoint_id>1508232797</swisstopo:routepoint_id>
				</extensions>
			</trkpt>
			<trkpt lat="47.1797572848" lon="9.1263126696">
				<ele>1693.1</ele>
				<extensions>
					<swisstopo:routepoint_id>912262390</swisstopo:routepoint_id>
				</extensions>
			</trkpt>
			<trkpt lat="47.1797418044" lon="9.1263130527">
				<ele>1692.9</ele>
				<extensions>
					<swisstopo:routepoint_id>1825932860</swisstopo:routepoint_id>
				</extensions>
			</trkpt>
			<trkpt lat="47.1797291856" lon="9.1263213761">
				<ele>1693.0</ele>
				<extensions>
					<swisstopo:routepoint_id>223328367</swisstopo:routepoint_id>
				</extensions>
			</trkpt>
			<trkpt lat="47.1797153413" lon="9.1263322879">
				<ele>1692.8</ele>
				<extensions>
					<swisstopo:routepoint_id>812650641</swisstopo:routepoint_id>
				</extensions>
			</trkpt>
			<trkpt lat="47.1796966541" lon="9.1263482844">
				<ele>1692.0</ele>
				<extensions>
					<swisstopo:routepoint_id>477920003</swisstopo:routepoint_id>
				</extensions>
			</trkpt>
			<trkpt lat="47.1796744186" lon="9.1263632991">
				<ele>1691.1</ele>
				<extensions>
					<swisstopo:routepoint_id>2099980464</swisstopo:routepoint_id>
				</extensions>
			</trkpt>
			<trkpt lat="47.1796414856" lon="9.1263770912">
				<ele>1690.2</ele>
				<extensions>
					<swisstopo:routepoint_id>85860743</swisstopo:routepoint_id>
				</extensions>
			</trkpt>
			<trkpt lat="47.1796061436" lon="9.1263925630">
				<ele>1689.7</ele>
				<extensions>
					<swisstopo:routepoint_id>1687377575</swisstopo:routepoint_id>
				</extensions>
			</trkpt>
			<trkpt lat="47.1795761104" lon="9.1264116855">
				<ele>1689.5</ele>
				<extensions>
					<swisstopo:routepoint_id>2107974362</swisstopo:routepoint_id>
				</extensions>
			</trkpt>
			<trkpt lat="47.1795515431" lon="9.1264231297">
				<ele>1689.2</ele>
				<extensions>
					<swisstopo:routepoint_id>1393108508</swisstopo:routepoint_id>
				</extensions>
			</trkpt>
			<trkpt lat="47.1795324669" lon="9.1264251533">
				<ele>1688.9</ele>
				<extensions>
					<swisstopo:routepoint_id>456999740</swisstopo:routepoint_id>
				</extensions>
			</trkpt>
			<trkpt lat="47.1795050892" lon="9.1264251601">
				<ele>1688.6</ele>
				<extensions>
					<swisstopo:routepoint_id>573217626</swisstopo:routepoint_id>
				</extensions>
			</trkpt>
			<trkpt lat="47.1794777078" lon="9.1264260383">
				<ele>1688.7</ele>
				<extensions>
					<swisstopo:routepoint_id>130362738</swisstopo:routepoint_id>
				</extensions>
			</trkpt>
			<trkpt lat="47.1794579742" lon="9.1264323958">
				<ele>1688.8</ele>
				<extensions>
					<swisstopo:routepoint_id>2057794639</swisstopo:routepoint_id>
				</extensions>
			</trkpt>
			<trkpt lat="47.1794452528" lon="9.1264477099">
				<ele>1689.0</ele>
				<extensions>
					<swisstopo:routepoint_id>1905475929</swisstopo:routepoint_id>
				</extensions>
			</trkpt>
			<trkpt lat="47.1794408590" lon="9.1264632874">
				<ele>1689.3</ele>
				<extensions>
					<swisstopo:routepoint_id>558226575</swisstopo:routepoint_id>
				</extensions>
			</trkpt>
			<trkpt lat="47.1794376392" lon="9.1264797589">
				<ele>1689.7</ele>
				<extensions>
					<swisstopo:routepoint_id>1874210053</swisstopo:routepoint_id>
				</extensions>
			</trkpt>
			<trkpt lat="47.1794260538" lon="9.1264986057">
				<ele>1690.2</ele>
				<extensions>
					<swisstopo:routepoint_id>319161116</swisstopo:routepoint_id>
				</extensions>
			</trkpt>
			<trkpt lat="47.1794156518" lon="9.1265183475">
				<ele>1690.4</ele>
				<extensions>
					<swisstopo:routepoint_id>1976542137</swisstopo:routepoint_id>
				</extensions>
			</trkpt>
			<trkpt lat="47.1794105879" lon="9.1265391292">
				<ele>1690.4</ele>
				<extensions>
					<swisstopo:routepoint_id>494344219</swisstopo:routepoint_id>
				</extensions>
			</trkpt>
			<trkpt lat="47.1794048954" lon="9.1265616452">
				<ele>1690.2</ele>
				<extensions>
					<swisstopo:routepoint_id>1726500469</swisstopo:routepoint_id>
				</extensions>
			</trkpt>
			<trkpt lat="47.1793859610" lon="9.1265380486">
				<ele>1689.5</ele>
				<extensions>
					<swisstopo:routepoint_id>1649271014</swisstopo:routepoint_id>
				</extensions>
			</trkpt>
			<trkpt lat="47.1793693622" lon="9.1265263486">
				<ele>1688.6</ele>
				<extensions>
					<swisstopo:routepoint_id>369618134</swisstopo:routepoint_id>
				</extensions>
			</trkpt>
			<trkpt lat="47.1793563310" lon="9.1265315186">
				<ele>1687.8</ele>
				<extensions>
					<swisstopo:routepoint_id>1597825467</swisstopo:routepoint_id>
				</extensions>
			</trkpt>
			<trkpt lat="47.1793551659" lon="9.1265594293">
				<ele>1687.4</ele>
				<extensions>
					<swisstopo:routepoint_id>1959752158</swisstopo:routepoint_id>
				</extensions>
			</trkpt>
			<trkpt lat="47.1793528670" lon="9.1266118875">
				<ele>1686.5</ele>
				<extensions>
					<swisstopo:routepoint_id>1089510640</swisstopo:routepoint_id>
				</extensions>
			</trkpt>
			<trkpt lat="47.1793476435" lon="9.1266564285">
				<ele>1685.6</ele>
				<extensions>
					<swisstopo:routepoint_id>11564410</swisstopo:routepoint_id>
				</extensions>
			</trkpt>
			<trkpt lat="47.1793399555" lon="9.1267131897">
				<ele>1684.2</ele>
				<extensions>
					<swisstopo:routepoint_id>1434126734</swisstopo:routepoint_id>
				</extensions>
			</trkpt>
			<trkpt lat="47.1793310827" lon="9.1267464392">
				<ele>1683.5</ele>
				<extensions>
					<swisstopo:routepoint_id>906380415</swisstopo:routepoint_id>
				</extensions>
			</trkpt>
			<trkpt lat="47.1793201387" lon="9.1267650950">
				<ele>1682.9</ele>
				<extensions>
					<swisstopo:routepoint_id>457609646</swisstopo:routepoint_id>
				</extensions>
			</trkpt>
			<trkpt lat="47.1793103033" lon="9.1267603109">
				<ele>1682.6</ele>
				<extensions>
					<swisstopo:routepoint_id>144410908</swisstopo:routepoint_id>
				</extensions>
			</trkpt>
			<trkpt lat="47.1793038606" lon="9.1267321601">
				<ele>1682.3</ele>
				<extensions>
					<swisstopo:routepoint_id>11891497</swisstopo:routepoint_id>
				</extensions>
			</trkpt>
			<trkpt lat="47.1792998165" lon="9.1266962738">
				<ele>1681.7</ele>
				<extensions>
					<swisstopo:routepoint_id>902207052</swisstopo:routepoint_id>
				</extensions>
			</trkpt>
			<trkpt lat="47.1792965279" lon="9.1266603976">
				<ele>1681.4</ele>
				<extensions>
					<swisstopo:routepoint_id>1956388667</swisstopo:routepoint_id>
				</extensions>
			</trkpt>
			<trkpt lat="47.1792907584" lon="9.1266378622">
				<ele>1680.9</ele>
				<extensions>
					<swisstopo:routepoint_id>1836983477</swisstopo:routepoint_id>
				</extensions>
			</trkpt>
			<trkpt lat="47.1792825170" lon="9.1266286689">
				<ele>1680.6</ele>
				<extensions>
					<swisstopo:routepoint_id>233550878</swisstopo:routepoint_id>
				</extensions>
			</trkpt>
			<trkpt lat="47.1792739228" lon="9.1266429260">
				<ele>1680.2</ele>
				<extensions>
					<swisstopo:routepoint_id>716310280</swisstopo:routepoint_id>
				</extensions>
			</trkpt>
			<trkpt lat="47.1792727326" lon="9.1266719440">
				<ele>1679.9</ele>
				<extensions>
					<swisstopo:routepoint_id>1432890934</swisstopo:routepoint_id>
				</extensions>
			</trkpt>
			<trkpt lat="47.1792707212" lon="9.1267054099">
				<ele>1679.5</ele>
				<extensions>
					<swisstopo:routepoint_id>1452738411</swisstopo:routepoint_id>
				</extensions>
			</trkpt>
			<trkpt lat="47.1792680766" lon="9.1267299227">
				<ele>1679.1</ele>
				<extensions>
					<swisstopo:routepoint_id>924269766</swisstopo:routepoint_id>
				</extensions>
			</trkpt>
			<trkpt lat="47.1792626890" lon="9.1267856346">
				<ele>1678.1</ele>
				<extensions>
					<swisstopo:routepoint_id>73396792</swisstopo:routepoint_id>
				</extensions>
			</trkpt>
			<trkpt lat="47.1792634552" lon="9.1268370675">
				<ele>1677.1</ele>
				<extensions>
					<swisstopo:routepoint_id>809447391</swisstopo:routepoint_id>
				</extensions>
			</trkpt>
			<trkpt lat="47.1792621174" lon="9.1268761497">
				<ele>1676.2</ele>
				<extensions>
					<swisstopo:routepoint_id>1408236254</swisstopo:routepoint_id>
				</extensions>
			</trkpt>
			<trkpt lat="47.1792669913" lon="9.1269075892">
				<ele>1676.1</ele>
				<extensions>
					<swisstopo:routepoint_id>143445284</swisstopo:routepoint_id>
				</extensions>
			</trkpt>
			<trkpt lat="47.1792729098" lon="9.1269714829">
				<ele>1675.3</ele>
				<extensions>
					<swisstopo:routepoint_id>1745517793</swisstopo:routepoint_id>
				</extensions>
			</trkpt>
			<trkpt lat="47.1792747114" lon="9.1270050692">
				<ele>1674.8</ele>
				<extensions>
					<swisstopo:routepoint_id>1422474771</swisstopo:routepoint_id>
				</extensions>
			</trkpt>
			<trkpt lat="47.1792645333" lon="9.1270751709">
				<ele>1673.6</ele>
				<extensions>
					<swisstopo:routepoint_id>1509341305</swisstopo:routepoint_id>
				</extensions>
			</trkpt>
			<trkpt lat="47.1792607147" lon="9.1271275811">
				<ele>1673.1</ele>
				<extensions>
					<swisstopo:routepoint_id>380726074</swisstopo:routepoint_id>
				</extensions>
			</trkpt>
			<trkpt lat="47.1792519002" lon="9.1271574674">
				<ele>1672.5</ele>
				<extensions>
					<swisstopo:routepoint_id>31199306</swisstopo:routepoint_id>
				</extensions>
			</trkpt>
			<trkpt lat="47.1792391977" lon="9.1271917170">
				<ele>1671.7</ele>
				<extensions>
					<swisstopo:routepoint_id>925079598</swisstopo:routepoint_id>
				</extensions>
			</trkpt>
			<trkpt lat="47.1792332842" lon="9.1272317630">
				<ele>1671.8</ele>
				<extensions>
					<swisstopo:routepoint_id>997069077</swisstopo:routepoint_id>
				</extensions>
			</trkpt>
			<trkpt lat="47.1792289794" lon="9.1272651694">
				<ele>1671.5</ele>
				<extensions>
					<swisstopo:routepoint_id>444071086</swisstopo:routepoint_id>
				</extensions>
			</trkpt>
			<trkpt lat="47.1792213075" lon="9.1273208090">
				<ele>1670.9</ele>
				<extensions>
					<swisstopo:routepoint_id>1554003700</swisstopo:routepoint_id>
				</extensions>
			</trkpt>
			<trkpt lat="47.1792168718" lon="9.1273631316">
				<ele>1670.5</ele>
				<extensions>
					<swisstopo:routepoint_id>1416330264</swisstopo:routepoint_id>
				</extensions>
			</trkpt>
			<trkpt lat="47.1792060695" lon="9.1274242674">
				<ele>1669.9</ele>
				<extensions>
					<swisstopo:routepoint_id>343666321</swisstopo:routepoint_id>
				</extensions>
			</trkpt>
			<trkpt lat="47.1791976820" lon="9.1274765332">
				<ele>1669.4</ele>
				<extensions>
					<swisstopo:routepoint_id>1213993324</swisstopo:routepoint_id>
				</extensions>
			</trkpt>
			<trkpt lat="47.1791870272" lon="9.1275276056">
				<ele>1668.9</ele>
				<extensions>
					<swisstopo:routepoint_id>1166641262</swisstopo:routepoint_id>
				</extensions>
			</trkpt>
			<trkpt lat="47.1791734055" lon="9.1275730031">
				<ele>1668.4</ele>
				<extensions>
					<swisstopo:routepoint_id>1078347185</swisstopo:routepoint_id>
				</extensions>
			</trkpt>
			<trkpt lat="47.1791566860" lon="9.1276216538">
				<ele>1668.0</ele>
				<extensions>
					<swisstopo:routepoint_id>1319449901</swisstopo:routepoint_id>
				</extensions>
			</trkpt>
			<trkpt lat="47.1791408457" lon="9.1276625072">
				<ele>1667.9</ele>
				<extensions>
					<swisstopo:routepoint_id>1984779136</swisstopo:routepoint_id>
				</extensions>
			</trkpt>
			<trkpt lat="47.1791128205" lon="9.1277029767">
				<ele>1667.8</ele>
				<extensions>
					<swisstopo:routepoint_id>1526368593</swisstopo:routepoint_id>
				</extensions>
			</trkpt>
			<trkpt lat="47.1790802339" lon="9.1277421803">
				<ele>1667.7</ele>
				<extensions>
					<swisstopo:routepoint_id>240559921</swisstopo:routepoint_id>
				</extensions>
			</trkpt>
			<trkpt lat="47.1790485686" lon="9.1277713578">
				<ele>1667.7</ele>
				<extensions>
					<swisstopo:routepoint_id>1752167776</swisstopo:routepoint_id>
				</extensions>
			</trkpt>
			<trkpt lat="47.1790184959" lon="9.1277949907">
				<ele>1667.6</ele>
				<extensions>
					<swisstopo:routepoint_id>148321128</swisstopo:routepoint_id>
				</extensions>
			</trkpt>
			<trkpt lat="47.1789854163" lon="9.1278162992">
				<ele>1667.8</ele>
				<extensions>
					<swisstopo:routepoint_id>1913539800</swisstopo:routepoint_id>
				</extensions>
			</trkpt>
			<trkpt lat="47.1789645713" lon="9.1278346421">
				<ele>1668.0</ele>
				<extensions>
					<swisstopo:routepoint_id>468274744</swisstopo:routepoint_id>
				</extensions>
			</trkpt>
			<trkpt lat="47.1789444905" lon="9.1278530092">
				<ele>1668.1</ele>
				<extensions>
					<swisstopo:routepoint_id>222736495</swisstopo:routepoint_id>
				</extensions>
			</trkpt>
			<trkpt lat="47.1789246556" lon="9.1278546258">
				<ele>1668.2</ele>
				<extensions>
					<swisstopo:routepoint_id>1884284172</swisstopo:routepoint_id>
				</extensions>
			</trkpt>
			<trkpt lat="47.1788918710" lon="9.1278558206">
				<ele>1668.2</ele>
				<extensions>
					<swisstopo:routepoint_id>99264092</swisstopo:routepoint_id>
				</extensions>
			</trkpt>
			<trkpt lat="47.1788635075" lon="9.1278672230">
				<ele>1668.1</ele>
				<extensions>
					<swisstopo:routepoint_id>486055040</swisstopo:routepoint_id>
				</extensions>
			</trkpt>
			<trkpt lat="47.1788342317" lon="9.1278886508">
				<ele>1668.1</ele>
				<extensions>
					<swisstopo:routepoint_id>639278083</swisstopo:routepoint_id>
				</extensions>
			</trkpt>
			<trkpt lat="47.1788102727" lon="9.1279113683">
				<ele>1668.4</ele>
				<extensions>
					<swisstopo:routepoint_id>1772379660</swisstopo:routepoint_id>
				</extensions>
			</trkpt>
			<trkpt lat="47.1787969297" lon="9.1279377602">
				<ele>1668.5</ele>
				<extensions>
					<swisstopo:routepoint_id>1848599887</swisstopo:routepoint_id>
				</extensions>
			</trkpt>
			<trkpt lat="47.1787853448" lon="9.1279485704">
				<ele>1668.3</ele>
				<extensions>
					<swisstopo:routepoint_id>1744085970</swisstopo:routepoint_id>
				</extensions>
			</trkpt>
			<trkpt lat="47.1787670789" lon="9.1279468854">
				<ele>1667.7</ele>
				<extensions>
					<swisstopo:routepoint_id>1516515738</swisstopo:routepoint_id>
				</extensions>
			</trkpt>
			<trkpt lat="47.1787551396" lon="9.1279297366">
				<ele>1667.4</ele>
				<extensions>
					<swisstopo:routepoint_id>1970991359</swisstopo:routepoint_id>
				</extensions>
			</trkpt>
			<trkpt lat="47.1787470700" lon="9.1279082514">
				<ele>1667.3</ele>
				<extensions>
					<swisstopo:routepoint_id>973109952</swisstopo:routepoint_id>
				</extensions>
			</trkpt>
			<trkpt lat="47.1787375950" lon="9.1278788961">
				<ele>1666.9</ele>
				<extensions>
					<swisstopo:routepoint_id>806434367</swisstopo:routepoint_id>
				</extensions>
			</trkpt>
			<trkpt lat="47.1787302735" lon="9.1278585420">
				<ele>1666.6</ele>
				<extensions>
					<swisstopo:routepoint_id>777675487</swisstopo:routepoint_id>
				</extensions>
			</trkpt>
			<trkpt lat="47.1787205690" lon="9.1278448294">
				<ele>1666.1</ele>
				<extensions>
					<swisstopo:routepoint_id>1812891989</swisstopo:routepoint_id>
				</extensions>
			</trkpt>
			<trkpt lat="47.1787076031" lon="9.1278455289">
				<ele>1665.6</ele>
				<extensions>
					<swisstopo:routepoint_id>516311467</swisstopo:routepoint_id>
				</extensions>
			</trkpt>
			<trkpt lat="47.1787004957" lon="9.1278620755">
				<ele>1665.1</ele>
				<extensions>
					<swisstopo:routepoint_id>1930172207</swisstopo:routepoint_id>
				</extensions>
			</trkpt>
			<trkpt lat="47.1787037842" lon="9.1278979377">
				<ele>1664.8</ele>
				<extensions>
					<swisstopo:routepoint_id>831279306</swisstopo:routepoint_id>
				</extensions>
			</trkpt>
			<trkpt lat="47.1787048119" lon="9.1279314992">
				<ele>1664.5</ele>
				<extensions>
					<swisstopo:routepoint_id>1882276009</swisstopo:routepoint_id>
				</extensions>
			</trkpt>
			<trkpt lat="47.1787043036" lon="9.1279661334">
				<ele>1664.2</ele>
				<extensions>
					<swisstopo:routepoint_id>1773092483</swisstopo:routepoint_id>
				</extensions>
			</trkpt>
			<trkpt lat="47.1786985283" lon="9.1279961290">
				<ele>1663.3</ele>
				<extensions>
					<swisstopo:routepoint_id>1771808255</swisstopo:routepoint_id>
				</extensions>
			</trkpt>
			<trkpt lat="47.1787007570" lon="9.1280520807">
				<ele>1662.1</ele>
				<extensions>
					<swisstopo:routepoint_id>1057300619</swisstopo:routepoint_id>
				</extensions>
			</trkpt>
			<trkpt lat="47.1787040617" lon="9.1280868352">
				<ele>1661.2</ele>
				<extensions>
					<swisstopo:routepoint_id>430658487</swisstopo:routepoint_id>
				</extensions>
			</trkpt>
			<trkpt lat="47.1787051552" lon="9.1281159258">
				<ele>1660.6</ele>
				<extensions>
					<swisstopo:routepoint_id>1936427996</swisstopo:routepoint_id>
				</extensions>
			</trkpt>
			<trkpt lat="47.1787070293" lon="9.1281439321">
				<ele>1660.2</ele>
				<extensions>
					<swisstopo:routepoint_id>766754228</swisstopo:routepoint_id>
				</extensions>
			</trkpt>
			<trkpt lat="47.1787073838" lon="9.1281718775">
				<ele>1659.8</ele>
				<extensions>
					<swisstopo:routepoint_id>208188113</swisstopo:routepoint_id>
				</extensions>
			</trkpt>
			<trkpt lat="47.1787122575" lon="9.1282033304">
				<ele>1659.4</ele>
				<extensions>
					<swisstopo:routepoint_id>1120710850</swisstopo:routepoint_id>
				</extensions>
			</trkpt>
			<trkpt lat="47.1787096781" lon="9.1282233712">
				<ele>1658.9</ele>
				<extensions>
					<swisstopo:routepoint_id>18849337</swisstopo:routepoint_id>
				</extensions>
			</trkpt>
			<trkpt lat="47.1787055865" lon="9.1282422301">
				<ele>1658.4</ele>
				<extensions>
					<swisstopo:routepoint_id>646277809</swisstopo:routepoint_id>
				</extensions>
			</trkpt>
			<trkpt lat="47.1787104106" lon="9.1282770326">
				<ele>1657.7</ele>
				<extensions>
					<swisstopo:routepoint_id>16776738</swisstopo:routepoint_id>
				</extensions>
			</trkpt>
			<trkpt lat="47.1787129018" lon="9.1283151135">
				<ele>1656.4</ele>
				<extensions>
					<swisstopo:routepoint_id>511732539</swisstopo:routepoint_id>
				</extensions>
			</trkpt>
			<trkpt lat="47.1787154747" lon="9.1283476019">
				<ele>1655.8</ele>
				<extensions>
					<swisstopo:routepoint_id>991550237</swisstopo:routepoint_id>
				</extensions>
			</trkpt>
			<trkpt lat="47.1787165189" lon="9.1283800559">
				<ele>1654.9</ele>
				<extensions>
					<swisstopo:routepoint_id>1740712874</swisstopo:routepoint_id>
				</extensions>
			</trkpt>
			<trkpt lat="47.1787079244" lon="9.1283943124">
				<ele>1654.4</ele>
				<extensions>
					<swisstopo:routepoint_id>2083445087</swisstopo:routepoint_id>
				</extensions>
			</trkpt>
			<trkpt lat="47.1786926415" lon="9.1283971808">
				<ele>1653.6</ele>
				<extensions>
					<swisstopo:routepoint_id>219766040</swisstopo:routepoint_id>
				</extensions>
			</trkpt>
			<trkpt lat="47.1786885260" lon="9.1284182819">
				<ele>1652.9</ele>
				<extensions>
					<swisstopo:routepoint_id>1272250517</swisstopo:routepoint_id>
				</extensions>
			</trkpt>
			<trkpt lat="47.1786887490" lon="9.1284551829">
				<ele>1652.5</ele>
				<extensions>
					<swisstopo:routepoint_id>894615652</swisstopo:routepoint_id>
				</extensions>
			</trkpt>
			<trkpt lat="47.1786889470" lon="9.1284931776">
				<ele>1651.8</ele>
				<extensions>
					<swisstopo:routepoint_id>35829716</swisstopo:routepoint_id>
				</extensions>
			</trkpt>
			<trkpt lat="47.1786973872" lon="9.1285415143">
				<ele>1651.3</ele>
				<extensions>
					<swisstopo:routepoint_id>760380259</swisstopo:routepoint_id>
				</extensions>
			</trkpt>
			<trkpt lat="47.1787052183" lon="9.1285786419">
				<ele>1650.9</ele>
				<extensions>
					<swisstopo:routepoint_id>120535340</swisstopo:routepoint_id>
				</extensions>
			</trkpt>
			<trkpt lat="47.1787047591" lon="9.1286099136">
				<ele>1650.6</ele>
				<extensions>
					<swisstopo:routepoint_id>1814513941</swisstopo:routepoint_id>
				</extensions>
			</trkpt>
			<trkpt lat="47.1787005286" lon="9.1286388489">
				<ele>1650.2</ele>
				<extensions>
					<swisstopo:routepoint_id>1903161537</swisstopo:routepoint_id>
				</extensions>
			</trkpt>
			<trkpt lat="47.1786954847" lon="9.1286710967">
				<ele>1649.8</ele>
				<extensions>
					<swisstopo:routepoint_id>1546935217</swisstopo:routepoint_id>
				</extensions>
			</trkpt>
			<trkpt lat="47.1786935457" lon="9.1286989826">
				<ele>1649.5</ele>
				<extensions>
					<swisstopo:routepoint_id>464930829</swisstopo:routepoint_id>
				</extensions>
			</trkpt>
			<trkpt lat="47.1786969487" lon="9.1287270243">
				<ele>1649.3</ele>
				<extensions>
					<swisstopo:routepoint_id>1145003028</swisstopo:routepoint_id>
				</extensions>
			</trkpt>
			<trkpt lat="47.1786988064" lon="9.1287561390">
				<ele>1649.0</ele>
				<extensions>
					<swisstopo:routepoint_id>664488604</swisstopo:routepoint_id>
				</extensions>
			</trkpt>
			<trkpt lat="47.1786914619" lon="9.1287894361">
				<ele>1648.8</ele>
				<extensions>
					<swisstopo:routepoint_id>1268827102</swisstopo:routepoint_id>
				</extensions>
			</trkpt>
			<trkpt lat="47.1786833528" lon="9.1288227083">
				<ele>1648.7</ele>
				<extensions>
					<swisstopo:routepoint_id>1163194649</swisstopo:routepoint_id>
				</extensions>
			</trkpt>
			<trkpt lat="47.1786783983" lon="9.1288482695">
				<ele>1648.4</ele>
				<extensions>
					<swisstopo:routepoint_id>692216464</swisstopo:routepoint_id>
				</extensions>
			</trkpt>
			<trkpt lat="47.1786765012" lon="9.1288739137">
				<ele>1647.6</ele>
				<extensions>
					<swisstopo:routepoint_id>1703640845</swisstopo:routepoint_id>
				</extensions>
			</trkpt>
			<trkpt lat="47.1786692715" lon="9.1288993894">
				<ele>1647.3</ele>
				<extensions>
					<swisstopo:routepoint_id>1276810867</swisstopo:routepoint_id>
				</extensions>
			</trkpt>
			<trkpt lat="47.1786478422" lon="9.1289054154">
				<ele>1647.3</ele>
				<extensions>
					<swisstopo:routepoint_id>2065784788</swisstopo:routepoint_id>
				</extensions>
			</trkpt>
			<trkpt lat="47.1786188945" lon="9.1289045008">
				<ele>1647.4</ele>
				<extensions>
					<swisstopo:routepoint_id>51487726</swisstopo:routepoint_id>
				</extensions>
			</trkpt>
			<trkpt lat="47.1785951410" lon="9.1289138044">
				<ele>1647.8</ele>
				<extensions>
					<swisstopo:routepoint_id>1337660367</swisstopo:routepoint_id>
				</extensions>
			</trkpt>
			<trkpt lat="47.1785661275" lon="9.1289173614">
				<ele>1648.2</ele>
				<extensions>
					<swisstopo:routepoint_id>1820080605</swisstopo:routepoint_id>
				</extensions>
			</trkpt>
			<trkpt lat="47.1785377968" lon="9.1289265205">
				<ele>1648.3</ele>
				<extensions>
					<swisstopo:routepoint_id>2034001593</swisstopo:routepoint_id>
				</extensions>
			</trkpt>
			<trkpt lat="47.1785132205" lon="9.1289391638">
				<ele>1648.2</ele>
				<extensions>
					<swisstopo:routepoint_id>2049091555</swisstopo:routepoint_id>
				</extensions>
			</trkpt>
			<trkpt lat="47.1784946682" lon="9.1289575785">
				<ele>1648.1</ele>
				<extensions>
					<swisstopo:routepoint_id>795254348</swisstopo:routepoint_id>
				</extensions>
			</trkpt>
			<trkpt lat="47.1784695575" lon="9.1289545413">
				<ele>1648.1</ele>
				<extensions>
					<swisstopo:routepoint_id>553688457</swisstopo:routepoint_id>
				</extensions>
			</trkpt>
			<trkpt lat="47.1784385477" lon="9.1289390344">
				<ele>1648.2</ele>
				<extensions>
					<swisstopo:routepoint_id>898917186</swisstopo:routepoint_id>
				</extensions>
			</trkpt>
			<trkpt lat="47.1783984327" lon="9.1289198869">
				<ele>1648.4</ele>
				<extensions>
					<swisstopo:routepoint_id>1067214990</swisstopo:routepoint_id>
				</extensions>
			</trkpt>
			<trkpt lat="47.1783689756" lon="9.1289021989">
				<ele>1648.5</ele>
				<extensions>
					<swisstopo:routepoint_id>375461068</swisstopo:routepoint_id>
				</extensions>
			</trkpt>
			<trkpt lat="47.1783416714" lon="9.1288935113">
				<ele>1648.8</ele>
				<extensions>
					<swisstopo:routepoint_id>2102402058</swisstopo:routepoint_id>
				</extensions>
			</trkpt>
			<trkpt lat="47.1783183355" lon="9.1288737731">
				<ele>1649.2</ele>
				<extensions>
					<swisstopo:routepoint_id>1211031411</swisstopo:routepoint_id>
				</extensions>
			</trkpt>
			<trkpt lat="47.1783000695" lon="9.1288720740">
				<ele>1649.5</ele>
				<extensions>
					<swisstopo:routepoint_id>1170602054</swisstopo:routepoint_id>
				</extensions>
			</trkpt>
			<trkpt lat="47.1782809172" lon="9.1288792938">
				<ele>1650.3</ele>
				<extensions>
					<swisstopo:routepoint_id>790857791</swisstopo:routepoint_id>
				</extensions>
			</trkpt>
			<trkpt lat="47.1782640562" lon="9.1288854641">
				<ele>1650.6</ele>
				<extensions>
					<swisstopo:routepoint_id>292136519</swisstopo:routepoint_id>
				</extensions>
			</trkpt>
			<trkpt lat="47.1782413039" lon="9.1288780422">
				<ele>1650.6</ele>
				<extensions>
					<swisstopo:routepoint_id>205348864</swisstopo:routepoint_id>
				</extensions>
			</trkpt>
			<trkpt lat="47.1782384862" lon="9.1288499796">
				<ele>1650.6</ele>
				<extensions>
					<swisstopo:routepoint_id>1846078960</swisstopo:routepoint_id>
				</extensions>
			</trkpt>
			<trkpt lat="47.1782315178" lon="9.1288227364">
				<ele>1650.2</ele>
				<extensions>
					<swisstopo:routepoint_id>942181413</swisstopo:routepoint_id>
				</extensions>
			</trkpt>
			<trkpt lat="47.1782171911" lon="9.1287941783">
				<ele>1649.7</ele>
				<extensions>
					<swisstopo:routepoint_id>1929558680</swisstopo:routepoint_id>
				</extensions>
			</trkpt>
			<trkpt lat="47.1782048795" lon="9.1287797365">
				<ele>1649.3</ele>
				<extensions>
					<swisstopo:routepoint_id>40363355</swisstopo:routepoint_id>
				</extensions>
			</trkpt>
			<trkpt lat="47.1781895299" lon="9.1287705955">
				<ele>1648.8</ele>
				<extensions>
					<swisstopo:routepoint_id>1762377718</swisstopo:routepoint_id>
				</extensions>
			</trkpt>
			<trkpt lat="47.1781718658" lon="9.1287689687">
				<ele>1648.4</ele>
				<extensions>
					<swisstopo:routepoint_id>77535400</swisstopo:routepoint_id>
				</extensions>
			</trkpt>
			<trkpt lat="47.1781485250" lon="9.1287520146">
				<ele>1647.9</ele>
				<extensions>
					<swisstopo:routepoint_id>1616462971</swisstopo:routepoint_id>
				</extensions>
			</trkpt>
			<trkpt lat="47.1781287917" lon="9.1287405711">
				<ele>1647.6</ele>
				<extensions>
					<swisstopo:routepoint_id>1153376799</swisstopo:routepoint_id>
				</extensions>
			</trkpt>
			<trkpt lat="47.1780923063" lon="9.1287156410">
				<ele>1647.2</ele>
				<extensions>
					<swisstopo:routepoint_id>1996268840</swisstopo:routepoint_id>
				</extensions>
			</trkpt>
			<trkpt lat="47.1780660794" lon="9.1286942677">
				<ele>1647.1</ele>
				<extensions>
					<swisstopo:routepoint_id>1169243270</swisstopo:routepoint_id>
				</extensions>
			</trkpt>
			<trkpt lat="47.1780331382" lon="9.1286791742">
				<ele>1646.9</ele>
				<extensions>
					<swisstopo:routepoint_id>1130734339</swisstopo:routepoint_id>
				</extensions>
			</trkpt>
			<trkpt lat="47.1779958043" lon="9.1286617781">
				<ele>1646.9</ele>
				<extensions>
					<swisstopo:routepoint_id>1947202596</swisstopo:routepoint_id>
				</extensions>
			</trkpt>
			<trkpt lat="47.1779563287" lon="9.1286389176">
				<ele>1647.2</ele>
				<extensions>
					<swisstopo:routepoint_id>63235802</swisstopo:routepoint_id>
				</extensions>
			</trkpt>
			<trkpt lat="47.1779321798" lon="9.1286273484">
				<ele>1647.6</ele>
				<extensions>
					<swisstopo:routepoint_id>1029472183</swisstopo:routepoint_id>
				</extensions>
			</trkpt>
			<trkpt lat="47.1779029323" lon="9.1286112894">
				<ele>1647.8</ele>
				<extensions>
					<swisstopo:routepoint_id>775772160</swisstopo:routepoint_id>
				</extensions>
			</trkpt>
			<trkpt lat="47.1778811460" lon="9.1285889749">
				<ele>1647.5</ele>
				<extensions>
					<swisstopo:routepoint_id>1488986893</swisstopo:routepoint_id>
				</extensions>
			</trkpt>
			<trkpt lat="47.1778596445" lon="9.1285472193">
				<ele>1646.9</ele>
				<extensions>
					<swisstopo:routepoint_id>395163231</swisstopo:routepoint_id>
				</extensions>
			</trkpt>
			<trkpt lat="47.1778327681" lon="9.1285204289">
				<ele>1645.9</ele>
				<extensions>
					<swisstopo:routepoint_id>658183104</swisstopo:routepoint_id>
				</extensions>
			</trkpt>
			<trkpt lat="47.1778061297" lon="9.1284774303">
				<ele>1644.9</ele>
				<extensions>
					<swisstopo:routepoint_id>56642675</swisstopo:routepoint_id>
				</extensions>
			</trkpt>
			<trkpt lat="47.1777814724" lon="9.1284496149">
				<ele>1644.1</ele>
				<extensions>
					<swisstopo:routepoint_id>471614136</swisstopo:routepoint_id>
				</extensions>
			</trkpt>
			<trkpt lat="47.1777545007" lon="9.1284293136">
				<ele>1643.6</ele>
				<extensions>
					<swisstopo:routepoint_id>1813895964</swisstopo:routepoint_id>
				</extensions>
			</trkpt>
			<trkpt lat="47.1777281401" lon="9.1284176609">
				<ele>1643.4</ele>
				<extensions>
					<swisstopo:routepoint_id>1159393885</swisstopo:routepoint_id>
				</extensions>
			</trkpt>
			<trkpt lat="47.1777031336" lon="9.1284136384">
				<ele>1643.3</ele>
				<extensions>
					<swisstopo:routepoint_id>1975058852</swisstopo:routepoint_id>
				</extensions>
			</trkpt>
			<trkpt lat="47.1776765826" lon="9.1284149500">
				<ele>1643.2</ele>
				<extensions>
					<swisstopo:routepoint_id>1927959084</swisstopo:routepoint_id>
				</extensions>
			</trkpt>
			<trkpt lat="47.1776536772" lon="9.1284185545">
				<ele>1642.9</ele>
				<extensions>
					<swisstopo:routepoint_id>1602645794</swisstopo:routepoint_id>
				</extensions>
			</trkpt>
			<trkpt lat="47.1776361241" lon="9.1284093578">
				<ele>1642.6</ele>
				<extensions>
					<swisstopo:routepoint_id>1201163142</swisstopo:routepoint_id>
				</extensions>
			</trkpt>
			<trkpt lat="47.1776223127" lon="9.1283959505">
				<ele>1641.9</ele>
				<extensions>
					<swisstopo:routepoint_id>995041133</swisstopo:routepoint_id>
				</extensions>
			</trkpt>
			<trkpt lat="47.1776039434" lon="9.1283921247">
				<ele>1641.3</ele>
				<extensions>
					<swisstopo:routepoint_id>1132129479</swisstopo:routepoint_id>
				</extensions>
			</trkpt>
			<trkpt lat="47.1775864539" lon="9.1283786013">
				<ele>1640.7</ele>
				<extensions>
					<swisstopo:routepoint_id>282062744</swisstopo:routepoint_id>
				</extensions>
			</trkpt>
			<trkpt lat="47.1775778999" lon="9.1283588690">
				<ele>1640.6</ele>
				<extensions>
					<swisstopo:routepoint_id>1482313313</swisstopo:routepoint_id>
				</extensions>
			</trkpt>
			<trkpt lat="47.1775694316" lon="9.1283326603">
				<ele>1640.5</ele>
				<extensions>
					<swisstopo:routepoint_id>1992199670</swisstopo:routepoint_id>
				</extensions>
			</trkpt>
			<trkpt lat="47.1775527586" lon="9.1283137532">
				<ele>1640.3</ele>
				<extensions>
					<swisstopo:routepoint_id>1772076838</swisstopo:routepoint_id>
				</extensions>
			</trkpt>
			<trkpt lat="47.1775330730" lon="9.1282990788">
				<ele>1639.9</ele>
				<extensions>
					<swisstopo:routepoint_id>1788035387</swisstopo:routepoint_id>
				</extensions>
			</trkpt>
			<trkpt lat="47.1775111115" lon="9.1282886605">
				<ele>1639.6</ele>
				<extensions>
					<swisstopo:routepoint_id>1334824907</swisstopo:routepoint_id>
				</extensions>
			</trkpt>
			<trkpt lat="47.1774831013" lon="9.1282888582">
				<ele>1639.5</ele>
				<extensions>
					<swisstopo:routepoint_id>1884222567</swisstopo:routepoint_id>
				</extensions>
			</trkpt>
			<trkpt lat="47.1774527043" lon="9.1283008683">
				<ele>1638.4</ele>
				<extensions>
					<swisstopo:routepoint_id>1989795893</swisstopo:routepoint_id>
				</extensions>
			</trkpt>
			<trkpt lat="47.1774443797" lon="9.1283157403">
				<ele>1638.2</ele>
				<extensions>
					<swisstopo:routepoint_id>766501857</swisstopo:routepoint_id>
				</extensions>
			</trkpt>
			<trkpt lat="47.1774389003" lon="9.1283371804">
				<ele>1637.6</ele>
				<extensions>
					<swisstopo:routepoint_id>1575744323</swisstopo:routepoint_id>
				</extensions>
			</trkpt>
			<trkpt lat="47.1774237102" lon="9.1283680512">
				<ele>1636.5</ele>
				<extensions>
					<swisstopo:routepoint_id>1958089793</swisstopo:routepoint_id>
				</extensions>
			</trkpt>
			<trkpt lat="47.1774152586" lon="9.1283915743">
				<ele>1636.2</ele>
				<extensions>
					<swisstopo:routepoint_id>241352247</swisstopo:routepoint_id>
				</extensions>
			</trkpt>
			<trkpt lat="47.1774111753" lon="9.1284184688">
				<ele>1635.7</ele>
				<extensions>
					<swisstopo:routepoint_id>109643739</swisstopo:routepoint_id>
				</extensions>
			</trkpt>
			<trkpt lat="47.1774106996" lon="9.1284508732">
				<ele>1635.2</ele>
				<extensions>
					<swisstopo:routepoint_id>2012178385</swisstopo:routepoint_id>
				</extensions>
			</trkpt>
			<trkpt lat="47.1774086377" lon="9.1284908153">
				<ele>1634.7</ele>
				<extensions>
					<swisstopo:routepoint_id>382033724</swisstopo:routepoint_id>
				</extensions>
			</trkpt>
			<trkpt lat="47.1774052052" lon="9.1285242079">
				<ele>1634.0</ele>
				<extensions>
					<swisstopo:routepoint_id>1039968551</swisstopo:routepoint_id>
				</extensions>
			</trkpt>
			<trkpt lat="47.1773973392" lon="9.1285574747">
				<ele>1633.4</ele>
				<extensions>
					<swisstopo:routepoint_id>1647696888</swisstopo:routepoint_id>
				</extensions>
			</trkpt>
			<trkpt lat="47.1773960943" lon="9.1285920324">
				<ele>1632.7</ele>
				<extensions>
					<swisstopo:routepoint_id>1078120261</swisstopo:routepoint_id>
				</extensions>
			</trkpt>
			<trkpt lat="47.1773955709" lon="9.1286276815">
				<ele>1632.4</ele>
				<extensions>
					<swisstopo:routepoint_id>1668909504</swisstopo:routepoint_id>
				</extensions>
			</trkpt>
			<trkpt lat="47.1774002248" lon="9.1286624255">
				<ele>1632.2</ele>
				<extensions>
					<swisstopo:routepoint_id>1727720313</swisstopo:routepoint_id>
				</extensions>
			</trkpt>
			<trkpt lat="47.1774137895" lon="9.1286920407">
				<ele>1632.1</ele>
				<extensions>
					<swisstopo:routepoint_id>740164991</swisstopo:routepoint_id>
				</extensions>
			</trkpt>
			<trkpt lat="47.1774179442" lon="9.1287105525">
				<ele>1631.9</ele>
				<extensions>
					<swisstopo:routepoint_id>107501274</swisstopo:routepoint_id>
				</extensions>
			</trkpt>
			<trkpt lat="47.1774140506" lon="9.1287244820">
				<ele>1631.7</ele>
				<extensions>
					<swisstopo:routepoint_id>1424932774</swisstopo:routepoint_id>
				</extensions>
			</trkpt>
			<trkpt lat="47.1774044575" lon="9.1287252605">
				<ele>1631.4</ele>
				<extensions>
					<swisstopo:routepoint_id>754202024</swisstopo:routepoint_id>
				</extensions>
			</trkpt>
			<trkpt lat="47.1773950705" lon="9.1287119938">
				<ele>1631.2</ele>
				<extensions>
					<swisstopo:routepoint_id>1688439526</swisstopo:routepoint_id>
				</extensions>
			</trkpt>
			<trkpt lat="47.1773909886" lon="9.1286891565">
				<ele>1631.1</ele>
				<extensions>
					<swisstopo:routepoint_id>1264288192</swisstopo:routepoint_id>
				</extensions>
			</trkpt>
			<trkpt lat="47.1773801745" lon="9.1286725983">
				<ele>1630.7</ele>
				<extensions>
					<swisstopo:routepoint_id>1999214222</swisstopo:routepoint_id>
				</extensions>
			</trkpt>
			<trkpt lat="47.1773716197" lon="9.1286528789">
				<ele>1630.1</ele>
				<extensions>
					<swisstopo:routepoint_id>989594370</swisstopo:routepoint_id>
				</extensions>
			</trkpt>
			<trkpt lat="47.1773584668" lon="9.1286448899">
				<ele>1629.7</ele>
				<extensions>
					<swisstopo:routepoint_id>1404030458</swisstopo:routepoint_id>
				</extensions>
			</trkpt>
			<trkpt lat="47.1773386386" lon="9.1286399355">
				<ele>1629.1</ele>
				<extensions>
					<swisstopo:routepoint_id>1956418525</swisstopo:routepoint_id>
				</extensions>
			</trkpt>
			<trkpt lat="47.1773175092" lon="9.1286230644">
				<ele>1628.1</ele>
				<extensions>
					<swisstopo:routepoint_id>1706910393</swisstopo:routepoint_id>
				</extensions>
			</trkpt>
			<trkpt lat="47.1773126102" lon="9.1286056116">
				<ele>1627.9</ele>
				<extensions>
					<swisstopo:routepoint_id>1171909290</swisstopo:routepoint_id>
				</extensions>
			</trkpt>
			<trkpt lat="47.1773121905" lon="9.1285839715">
				<ele>1627.8</ele>
				<extensions>
					<swisstopo:routepoint_id>989417373</swisstopo:routepoint_id>
				</extensions>
			</trkpt>
			<trkpt lat="47.1773082261" lon="9.1285524957">
				<ele>1627.5</ele>
				<extensions>
					<swisstopo:routepoint_id>2145753692</swisstopo:routepoint_id>
				</extensions>
			</trkpt>
			<trkpt lat="47.1772963654" lon="9.1285067180">
				<ele>1626.5</ele>
				<extensions>
					<swisstopo:routepoint_id>673875589</swisstopo:routepoint_id>
				</extensions>
			</trkpt>
			<trkpt lat="47.1772860111" lon="9.1284588367">
				<ele>1625.8</ele>
				<extensions>
					<swisstopo:routepoint_id>1463042877</swisstopo:routepoint_id>
				</extensions>
			</trkpt>
			<trkpt lat="47.1772710356" lon="9.1284248483">
				<ele>1624.6</ele>
				<extensions>
					<swisstopo:routepoint_id>2027463918</swisstopo:routepoint_id>
				</extensions>
			</trkpt>
			<trkpt lat="47.1772559802" lon="9.1283962678">
				<ele>1623.7</ele>
				<extensions>
					<swisstopo:routepoint_id>1113152705</swisstopo:routepoint_id>
				</extensions>
			</trkpt>
			<trkpt lat="47.1772418440" lon="9.1283547462">
				<ele>1623.1</ele>
				<extensions>
					<swisstopo:routepoint_id>1695871727</swisstopo:routepoint_id>
				</extensions>
			</trkpt>
			<trkpt lat="47.1772253613" lon="9.1283228751">
				<ele>1622.3</ele>
				<extensions>
					<swisstopo:routepoint_id>922623181</swisstopo:routepoint_id>
				</extensions>
			</trkpt>
			<trkpt lat="47.1772075789" lon="9.1282790735">
				<ele>1621.5</ele>
				<extensions>
					<swisstopo:routepoint_id>944937478</swisstopo:routepoint_id>
				</extensions>
			</trkpt>
			<trkpt lat="47.1771890969" lon="9.1282320044">
				<ele>1620.3</ele>
				<extensions>
					<swisstopo:routepoint_id>841442539</swisstopo:routepoint_id>
				</extensions>
			</trkpt>
			<trkpt lat="47.1771763492" lon="9.1281970050">
				<ele>1619.9</ele>
				<extensions>
					<swisstopo:routepoint_id>133317480</swisstopo:routepoint_id>
				</extensions>
			</trkpt>
			<trkpt lat="47.1771635451" lon="9.1281652501">
				<ele>1619.2</ele>
				<extensions>
					<swisstopo:routepoint_id>775207747</swisstopo:routepoint_id>
				</extensions>
			</trkpt>
			<trkpt lat="47.1771464362" lon="9.1281257987">
				<ele>1618.4</ele>
				<extensions>
					<swisstopo:routepoint_id>1257717424</swisstopo:routepoint_id>
				</extensions>
			</trkpt>
			<trkpt lat="47.1771300808" lon="9.1280852887">
				<ele>1617.6</ele>
				<extensions>
					<swisstopo:routepoint_id>23585096</swisstopo:routepoint_id>
				</extensions>
			</trkpt>
			<trkpt lat="47.1771136528" lon="9.1280490908">
				<ele>1616.5</ele>
				<extensions>
					<swisstopo:routepoint_id>1215124238</swisstopo:routepoint_id>
				</extensions>
			</trkpt>
			<trkpt lat="47.1770900115" lon="9.1280029413">
				<ele>1615.1</ele>
				<extensions>
					<swisstopo:routepoint_id>953643457</swisstopo:routepoint_id>
				</extensions>
			</trkpt>
			<trkpt lat="47.1770713800" lon="9.1279666874">
				<ele>1614.9</ele>
				<extensions>
					<swisstopo:routepoint_id>1252617114</swisstopo:routepoint_id>
				</extensions>
			</trkpt>
			<trkpt lat="47.1770535248" lon="9.1279271989">
				<ele>1614.8</ele>
				<extensions>
					<swisstopo:routepoint_id>678933375</swisstopo:routepoint_id>
				</extensions>
			</trkpt>
			<trkpt lat="47.1770428625" lon="9.1279009213">
				<ele>1614.5</ele>
				<extensions>
					<swisstopo:routepoint_id>1857606723</swisstopo:routepoint_id>
				</extensions>
			</trkpt>
			<trkpt lat="47.1770255856" lon="9.1278722709">
				<ele>1614.1</ele>
				<extensions>
					<swisstopo:routepoint_id>2089457381</swisstopo:routepoint_id>
				</extensions>
			</trkpt>
			<trkpt lat="47.1770121166" lon="9.1278361673">
				<ele>1613.5</ele>
				<extensions>
					<swisstopo:routepoint_id>2003990926</swisstopo:routepoint_id>
				</extensions>
			</trkpt>
			<trkpt lat="47.1769956566" lon="9.1278021460">
				<ele>1612.8</ele>
				<extensions>
					<swisstopo:routepoint_id>432120319</swisstopo:routepoint_id>
				</extensions>
			</trkpt>
			<trkpt lat="47.1769805377" lon="9.1277778788">
				<ele>1612.4</ele>
				<extensions>
					<swisstopo:routepoint_id>1670659892</swisstopo:routepoint_id>
				</extensions>
			</trkpt>
			<trkpt lat="47.1769662110" lon="9.1277493216">
				<ele>1611.7</ele>
				<extensions>
					<swisstopo:routepoint_id>722017806</swisstopo:routepoint_id>
				</extensions>
			</trkpt>
			<trkpt lat="47.1769516076" lon="9.1277402176">
				<ele>1611.3</ele>
				<extensions>
					<swisstopo:routepoint_id>1858759245</swisstopo:routepoint_id>
				</extensions>
			</trkpt>
			<trkpt lat="47.1769370274" lon="9.1277289383">
				<ele>1610.8</ele>
				<extensions>
					<swisstopo:routepoint_id>2002699468</swisstopo:routepoint_id>
				</extensions>
			</trkpt>
			<trkpt lat="47.1769313904" lon="9.1277114744">
				<ele>1610.4</ele>
				<extensions>
					<swisstopo:routepoint_id>1285389463</swisstopo:routepoint_id>
				</extensions>
			</trkpt>
			<trkpt lat="47.1769259350" lon="9.1276810343">
				<ele>1609.7</ele>
				<extensions>
					<swisstopo:routepoint_id>1094709216</swisstopo:routepoint_id>
				</extensions>
			</trkpt>
			<trkpt lat="47.1769188240" lon="9.1276635110">
				<ele>1609.3</ele>
				<extensions>
					<swisstopo:routepoint_id>280143920</swisstopo:routepoint_id>
				</extensions>
			</trkpt>
			<trkpt lat="47.1769093578" lon="9.1276556387">
				<ele>1609.1</ele>
				<extensions>
					<swisstopo:routepoint_id>526825443</swisstopo:routepoint_id>
				</extensions>
			</trkpt>
			<trkpt lat="47.1769010492" lon="9.1276694288">
				<ele>1608.9</ele>
				<extensions>
					<swisstopo:routepoint_id>774975614</swisstopo:routepoint_id>
				</extensions>
			</trkpt>
			<trkpt lat="47.1768940884" lon="9.1276919173">
				<ele>1608.4</ele>
				<extensions>
					<swisstopo:routepoint_id>526854885</swisstopo:routepoint_id>
				</extensions>
			</trkpt>
			<trkpt lat="47.1768857546" lon="9.1277067881">
				<ele>1608.2</ele>
				<extensions>
					<swisstopo:routepoint_id>1314306161</swisstopo:routepoint_id>
				</extensions>
			</trkpt>
			<trkpt lat="47.1768723886" lon="9.1277084116">
				<ele>1608.1</ele>
				<extensions>
					<swisstopo:routepoint_id>1792480211</swisstopo:routepoint_id>
				</extensions>
			</trkpt>
			<trkpt lat="47.1768611283" lon="9.1276879338">
				<ele>1607.6</ele>
				<extensions>
					<swisstopo:routepoint_id>1707028412</swisstopo:routepoint_id>
				</extensions>
			</trkpt>
			<trkpt lat="47.1768521595" lon="9.1276590313">
				<ele>1607.0</ele>
				<extensions>
					<swisstopo:routepoint_id>173873076</swisstopo:routepoint_id>
				</extensions>
			</trkpt>
			<trkpt lat="47.1768468367" lon="9.1276281330">
				<ele>1606.5</ele>
				<extensions>
					<swisstopo:routepoint_id>619965760</swisstopo:routepoint_id>
				</extensions>
			</trkpt>
			<trkpt lat="47.1768472718" lon="9.1275984845">
				<ele>1605.8</ele>
				<extensions>
					<swisstopo:routepoint_id>1899640587</swisstopo:routepoint_id>
				</extensions>
			</trkpt>
			<trkpt lat="47.1768411590" lon="9.1275717966">
				<ele>1605.1</ele>
				<extensions>
					<swisstopo:routepoint_id>1258806512</swisstopo:routepoint_id>
				</extensions>
			</trkpt>
			<trkpt lat="47.1768297429" lon="9.1275618969">
				<ele>1604.6</ele>
				<extensions>
					<swisstopo:routepoint_id>2019018737</swisstopo:routepoint_id>
				</extensions>
			</trkpt>
			<trkpt lat="47.1768139616" lon="9.1275539831">
				<ele>1604.6</ele>
				<extensions>
					<swisstopo:routepoint_id>1276318539</swisstopo:routepoint_id>
				</extensions>
			</trkpt>
			<trkpt lat="47.1767966480" lon="9.1275523807">
				<ele>1604.3</ele>
				<extensions>
					<swisstopo:routepoint_id>1333772275</swisstopo:routepoint_id>
				</extensions>
			</trkpt>
			<trkpt lat="47.1767807109" lon="9.1275550578">
				<ele>1603.9</ele>
				<extensions>
					<swisstopo:routepoint_id>1892272214</swisstopo:routepoint_id>
				</extensions>
			</trkpt>
			<trkpt lat="47.1767675055" lon="9.1275684163">
				<ele>1603.6</ele>
				<extensions>
					<swisstopo:routepoint_id>92237043</swisstopo:routepoint_id>
				</extensions>
			</trkpt>
			<trkpt lat="47.1767629778" lon="9.1275820486">
				<ele>1603.5</ele>
				<extensions>
					<swisstopo:routepoint_id>1715104732</swisstopo:routepoint_id>
				</extensions>
			</trkpt>
			<trkpt lat="47.1767626048" lon="9.1276074630">
				<ele>1603.1</ele>
				<extensions>
					<swisstopo:routepoint_id>788334725</swisstopo:routepoint_id>
				</extensions>
			</trkpt>
			<trkpt lat="47.1767602047" lon="9.1276232863">
				<ele>1602.7</ele>
				<extensions>
					<swisstopo:routepoint_id>1388685703</swisstopo:routepoint_id>
				</extensions>
			</trkpt>
			<trkpt lat="47.1767418825" lon="9.1276407184">
				<ele>1602.2</ele>
				<extensions>
					<swisstopo:routepoint_id>1093182084</swisstopo:routepoint_id>
				</extensions>
			</trkpt>
			<trkpt lat="47.1767304515" lon="9.1276318740">
				<ele>1601.9</ele>
				<extensions>
					<swisstopo:routepoint_id>127838212</swisstopo:routepoint_id>
				</extensions>
			</trkpt>
			<trkpt lat="47.1767198948" lon="9.1276124744">
				<ele>1601.3</ele>
				<extensions>
					<swisstopo:routepoint_id>940290355</swisstopo:routepoint_id>
				</extensions>
			</trkpt>
			<trkpt lat="47.1767115305" lon="9.1275920752">
				<ele>1600.7</ele>
				<extensions>
					<swisstopo:routepoint_id>183793763</swisstopo:routepoint_id>
				</extensions>
			</trkpt>
			<trkpt lat="47.1766966549" lon="9.1275714705">
				<ele>1600.1</ele>
				<extensions>
					<swisstopo:routepoint_id>870401761</swisstopo:routepoint_id>
				</extensions>
			</trkpt>
			<trkpt lat="47.1766839090" lon="9.1275541125">
				<ele>1599.7</ele>
				<extensions>
					<swisstopo:routepoint_id>1928659997</swisstopo:routepoint_id>
				</extensions>
			</trkpt>
			<trkpt lat="47.1766725862" lon="9.1275378553">
				<ele>1599.3</ele>
				<extensions>
					<swisstopo:routepoint_id>1497616291</swisstopo:routepoint_id>
				</extensions>
			</trkpt>
			<trkpt lat="47.1766651496" lon="9.1275026551">
				<ele>1598.6</ele>
				<extensions>
					<swisstopo:routepoint_id>1025596559</swisstopo:routepoint_id>
				</extensions>
			</trkpt>
			<trkpt lat="47.1766612036" lon="9.1274760486">
				<ele>1598.1</ele>
				<extensions>
					<swisstopo:routepoint_id>380952838</swisstopo:routepoint_id>
				</extensions>
			</trkpt>
			<trkpt lat="47.1766567401" lon="9.1274356377">
				<ele>1597.7</ele>
				<extensions>
					<swisstopo:routepoint_id>2086686285</swisstopo:routepoint_id>
				</extensions>
			</trkpt>
			<trkpt lat="47.1766493123" lon="9.1274004378">
				<ele>1597.3</ele>
				<extensions>
					<swisstopo:routepoint_id>1308010311</swisstopo:routepoint_id>
				</extensions>
			</trkpt>
			<trkpt lat="47.1766412960" lon="9.1273556786">
				<ele>1596.8</ele>
				<extensions>
					<swisstopo:routepoint_id>1829278509</swisstopo:routepoint_id>
				</extensions>
			</trkpt>
			<trkpt lat="47.1766324514" lon="9.1273183096">
				<ele>1596.4</ele>
				<extensions>
					<swisstopo:routepoint_id>671556842</swisstopo:routepoint_id>
				</extensions>
			</trkpt>
			<trkpt lat="47.1766222056" lon="9.1272777161">
				<ele>1595.8</ele>
				<extensions>
					<swisstopo:routepoint_id>936745057</swisstopo:routepoint_id>
				</extensions>
			</trkpt>
			<trkpt lat="47.1766124953" lon="9.1272447790">
				<ele>1595.2</ele>
				<extensions>
					<swisstopo:routepoint_id>1762558825</swisstopo:routepoint_id>
				</extensions>
			</trkpt>
			<trkpt lat="47.1765957466" lon="9.1272102087">
				<ele>1594.8</ele>
				<extensions>
					<swisstopo:routepoint_id>1714820795</swisstopo:routepoint_id>
				</extensions>
			</trkpt>
			<trkpt lat="47.1765747736" lon="9.1271790011">
				<ele>1593.9</ele>
				<extensions>
					<swisstopo:routepoint_id>1007849012</swisstopo:routepoint_id>
				</extensions>
			</trkpt>
			<trkpt lat="47.1765479552" lon="9.1271414998">
				<ele>1592.8</ele>
				<extensions>
					<swisstopo:routepoint_id>2094517748</swisstopo:routepoint_id>
				</extensions>
			</trkpt>
			<trkpt lat="47.1765264783" lon="9.1271041671">
				<ele>1591.8</ele>
				<extensions>
					<swisstopo:routepoint_id>2070561048</swisstopo:routepoint_id>
				</extensions>
			</trkpt>
			<trkpt lat="47.1765038230" lon="9.1270667971">
				<ele>1590.8</ele>
				<extensions>
					<swisstopo:routepoint_id>1550650599</swisstopo:routepoint_id>
				</extensions>
			</trkpt>
			<trkpt lat="47.1764782726" lon="9.1270232275">
				<ele>1590.1</ele>
				<extensions>
					<swisstopo:routepoint_id>1416713384</swisstopo:routepoint_id>
				</extensions>
			</trkpt>
			<trkpt lat="47.1764538410" lon="9.1269849174">
				<ele>1589.3</ele>
				<extensions>
					<swisstopo:routepoint_id>1250216976</swisstopo:routepoint_id>
				</extensions>
			</trkpt>
			<trkpt lat="47.1764328899" lon="9.1269528401">
				<ele>1588.5</ele>
				<extensions>
					<swisstopo:routepoint_id>461463299</swisstopo:routepoint_id>
				</extensions>
			</trkpt>
			<trkpt lat="47.1764078514" lon="9.1269153951">
				<ele>1587.2</ele>
				<extensions>
					<swisstopo:routepoint_id>527347324</swisstopo:routepoint_id>
				</extensions>
			</trkpt>
			<trkpt lat="47.1763882668" lon="9.1268711425">
				<ele>1586.1</ele>
				<extensions>
					<swisstopo:routepoint_id>1532159443</swisstopo:routepoint_id>
				</extensions>
			</trkpt>
			<trkpt lat="47.1763774105" lon="9.1268402551">
				<ele>1585.8</ele>
				<extensions>
					<swisstopo:routepoint_id>535460739</swisstopo:routepoint_id>
				</extensions>
			</trkpt>
			<trkpt lat="47.1763672249" lon="9.1268041496">
				<ele>1585.5</ele>
				<extensions>
					<swisstopo:routepoint_id>1712575640</swisstopo:routepoint_id>
				</extensions>
			</trkpt>
			<trkpt lat="47.1763582481" lon="9.1267672116">
				<ele>1585.2</ele>
				<extensions>
					<swisstopo:routepoint_id>1783687559</swisstopo:routepoint_id>
				</extensions>
			</trkpt>
			<trkpt lat="47.1763514662" lon="9.1267425485">
				<ele>1584.9</ele>
				<extensions>
					<swisstopo:routepoint_id>843153495</swisstopo:routepoint_id>
				</extensions>
			</trkpt>
			<trkpt lat="47.1763399525" lon="9.1267160070">
				<ele>1584.2</ele>
				<extensions>
					<swisstopo:routepoint_id>1912942276</swisstopo:routepoint_id>
				</extensions>
			</trkpt>
			<trkpt lat="47.1763167205" lon="9.1266768781">
				<ele>1583.1</ele>
				<extensions>
					<swisstopo:routepoint_id>1776416410</swisstopo:routepoint_id>
				</extensions>
			</trkpt>
			<trkpt lat="47.1763002446" lon="9.1266641397">
				<ele>1582.7</ele>
				<extensions>
					<swisstopo:routepoint_id>532408716</swisstopo:routepoint_id>
				</extensions>
			</trkpt>
			<trkpt lat="47.1762809079" lon="9.1266434470">
				<ele>1582.0</ele>
				<extensions>
					<swisstopo:routepoint_id>1358643781</swisstopo:routepoint_id>
				</extensions>
			</trkpt>
			<trkpt lat="47.1762710300" lon="9.1266274346">
				<ele>1581.7</ele>
				<extensions>
					<swisstopo:routepoint_id>176535584</swisstopo:routepoint_id>
				</extensions>
			</trkpt>
			<trkpt lat="47.1762607805" lon="9.1265956815">
				<ele>1581.5</ele>
				<extensions>
					<swisstopo:routepoint_id>224380188</swisstopo:routepoint_id>
				</extensions>
			</trkpt>
			<trkpt lat="47.1762497927" lon="9.1265743946">
				<ele>1581.4</ele>
				<extensions>
					<swisstopo:routepoint_id>1639854198</swisstopo:routepoint_id>
				</extensions>
			</trkpt>
			<trkpt lat="47.1762329833" lon="9.1265433189">
				<ele>1581.1</ele>
				<extensions>
					<swisstopo:routepoint_id>1805532444</swisstopo:routepoint_id>
				</extensions>
			</trkpt>
			<trkpt lat="47.1762170196" lon="9.1264956847">
				<ele>1580.4</ele>
				<extensions>
					<swisstopo:routepoint_id>981916456</swisstopo:routepoint_id>
				</extensions>
			</trkpt>
			<trkpt lat="47.1762062232" lon="9.1264613020">
				<ele>1580.0</ele>
				<extensions>
					<swisstopo:routepoint_id>1660598524</swisstopo:routepoint_id>
				</extensions>
			</trkpt>
			<trkpt lat="47.1761906486" lon="9.1264276528">
				<ele>1579.6</ele>
				<extensions>
					<swisstopo:routepoint_id>1563020204</swisstopo:routepoint_id>
				</extensions>
			</trkpt>
			<trkpt lat="47.1761779263" lon="9.1264019310">
				<ele>1579.2</ele>
				<extensions>
					<swisstopo:routepoint_id>431582989</swisstopo:routepoint_id>
				</extensions>
			</trkpt>
			<trkpt lat="47.1761648746" lon="9.1263587563">
				<ele>1578.5</ele>
				<extensions>
					<swisstopo:routepoint_id>1278396232</swisstopo:routepoint_id>
				</extensions>
			</trkpt>
			<trkpt lat="47.1761557440" lon="9.1263322901">
				<ele>1578.0</ele>
				<extensions>
					<swisstopo:routepoint_id>1727058212</swisstopo:routepoint_id>
				</extensions>
			</trkpt>
			<trkpt lat="47.1761402968" lon="9.1262899104">
				<ele>1577.2</ele>
				<extensions>
					<swisstopo:routepoint_id>1473455167</swisstopo:routepoint_id>
				</extensions>
			</trkpt>
			<trkpt lat="47.1761299193" lon="9.1262668880">
				<ele>1576.6</ele>
				<extensions>
					<swisstopo:routepoint_id>351336110</swisstopo:routepoint_id>
				</extensions>
			</trkpt>
			<trkpt lat="47.1761149636" lon="9.1262315036">
				<ele>1575.7</ele>
				<extensions>
					<swisstopo:routepoint_id>1079704180</swisstopo:routepoint_id>
				</extensions>
			</trkpt>
			<trkpt lat="47.1760992221" lon="9.1262091963">
				<ele>1575.0</ele>
				<extensions>
					<swisstopo:routepoint_id>1643738284</swisstopo:routepoint_id>
				</extensions>
			</trkpt>
			<trkpt lat="47.1760817002" lon="9.1261868200">
				<ele>1574.2</ele>
				<extensions>
					<swisstopo:routepoint_id>1871335857</swisstopo:routepoint_id>
				</extensions>
			</trkpt>
			<trkpt lat="47.1760677265" lon="9.1261654262">
				<ele>1573.7</ele>
				<extensions>
					<swisstopo:routepoint_id>1511795702</swisstopo:routepoint_id>
				</extensions>
			</trkpt>
			<trkpt lat="47.1760526261" lon="9.1261405137">
				<ele>1572.9</ele>
				<extensions>
					<swisstopo:routepoint_id>193666301</swisstopo:routepoint_id>
				</extensions>
			</trkpt>
			<trkpt lat="47.1760435375" lon="9.1261105531">
				<ele>1572.5</ele>
				<extensions>
					<swisstopo:routepoint_id>1759831376</swisstopo:routepoint_id>
				</extensions>
			</trkpt>
			<trkpt lat="47.1760315711" lon="9.1260743917">
				<ele>1571.7</ele>
				<extensions>
					<swisstopo:routepoint_id>242234863</swisstopo:routepoint_id>
				</extensions>
			</trkpt>
			<trkpt lat="47.1760166532" lon="9.1260363962">
				<ele>1570.6</ele>
				<extensions>
					<swisstopo:routepoint_id>951285654</swisstopo:routepoint_id>
				</extensions>
			</trkpt>
			<trkpt lat="47.1760045717" lon="9.1260080823">
				<ele>1570.0</ele>
				<extensions>
					<swisstopo:routepoint_id>222254141</swisstopo:routepoint_id>
				</extensions>
			</trkpt>
			<trkpt lat="47.1759873308" lon="9.1259665304">
				<ele>1569.1</ele>
				<extensions>
					<swisstopo:routepoint_id>1074585573</swisstopo:routepoint_id>
				</extensions>
			</trkpt>
			<trkpt lat="47.1759704283" lon="9.1259424318">
				<ele>1568.5</ele>
				<extensions>
					<swisstopo:routepoint_id>804396034</swisstopo:routepoint_id>
				</extensions>
			</trkpt>
			<trkpt lat="47.1759542981" lon="9.1259061392">
				<ele>1568.0</ele>
				<extensions>
					<swisstopo:routepoint_id>1473016950</swisstopo:routepoint_id>
				</extensions>
			</trkpt>
			<trkpt lat="47.1759469988" lon="9.1258762351">
				<ele>1567.4</ele>
				<extensions>
					<swisstopo:routepoint_id>1331995154</swisstopo:routepoint_id>
				</extensions>
			</trkpt>
			<trkpt lat="47.1759360789" lon="9.1258496999">
				<ele>1566.9</ele>
				<extensions>
					<swisstopo:routepoint_id>1824680102</swisstopo:routepoint_id>
				</extensions>
			</trkpt>
			<trkpt lat="47.1759189533" lon="9.1258002869">
				<ele>1566.0</ele>
				<extensions>
					<swisstopo:routepoint_id>811340415</swisstopo:routepoint_id>
				</extensions>
			</trkpt>
			<trkpt lat="47.1759081350" lon="9.1257667881">
				<ele>1565.3</ele>
				<extensions>
					<swisstopo:routepoint_id>393078541</swisstopo:routepoint_id>
				</extensions>
			</trkpt>
			<trkpt lat="47.1758954341" lon="9.1257401968">
				<ele>1564.9</ele>
				<extensions>
					<swisstopo:routepoint_id>1256416956</swisstopo:routepoint_id>
				</extensions>
			</trkpt>
			<trkpt lat="47.1758815503" lon="9.1257127105">
				<ele>1564.7</ele>
				<extensions>
					<swisstopo:routepoint_id>745503422</swisstopo:routepoint_id>
				</extensions>
			</trkpt>
			<trkpt lat="47.1758693532" lon="9.1256922434">
				<ele>1564.4</ele>
				<extensions>
					<swisstopo:routepoint_id>479577059</swisstopo:routepoint_id>
				</extensions>
			</trkpt>
			<trkpt lat="47.1758565632" lon="9.1256717714">
				<ele>1564.2</ele>
				<extensions>
					<swisstopo:routepoint_id>686553770</swisstopo:routepoint_id>
				</extensions>
			</trkpt>
			<trkpt lat="47.1758414788" lon="9.1256451177">
				<ele>1563.3</ele>
				<extensions>
					<swisstopo:routepoint_id>3618498</swisstopo:routepoint_id>
				</extensions>
			</trkpt>
			<trkpt lat="47.1758293332" lon="9.1256211701">
				<ele>1562.6</ele>
				<extensions>
					<swisstopo:routepoint_id>1964768231</swisstopo:routepoint_id>
				</extensions>
			</trkpt>
			<trkpt lat="47.1758184512" lon="9.1255920230">
				<ele>1562.1</ele>
				<extensions>
					<swisstopo:routepoint_id>1698733407</swisstopo:routepoint_id>
				</extensions>
			</trkpt>
			<trkpt lat="47.1758064207" lon="9.1255602279">
				<ele>1561.5</ele>
				<extensions>
					<swisstopo:routepoint_id>1347980230</swisstopo:routepoint_id>
				</extensions>
			</trkpt>
			<trkpt lat="47.1757901875" lon="9.1255309128">
				<ele>1560.9</ele>
				<extensions>
					<swisstopo:routepoint_id>226110939</swisstopo:routepoint_id>
				</extensions>
			</trkpt>
			<trkpt lat="47.1757751039" lon="9.1255042465">
				<ele>1560.5</ele>
				<extensions>
					<swisstopo:routepoint_id>490406875</swisstopo:routepoint_id>
				</extensions>
			</trkpt>
			<trkpt lat="47.1757589096" lon="9.1254723194">
				<ele>1559.9</ele>
				<extensions>
					<swisstopo:routepoint_id>253147826</swisstopo:routepoint_id>
				</extensions>
			</trkpt>
			<trkpt lat="47.1757460680" lon="9.1254553296">
				<ele>1559.4</ele>
				<extensions>
					<swisstopo:routepoint_id>336186269</swisstopo:routepoint_id>
				</extensions>
			</trkpt>
			<trkpt lat="47.1757222294" lon="9.1254170523">
				<ele>1558.9</ele>
				<extensions>
					<swisstopo:routepoint_id>775603137</swisstopo:routepoint_id>
				</extensions>
			</trkpt>
			<trkpt lat="47.1757143238" lon="9.1253879998">
				<ele>1558.4</ele>
				<extensions>
					<swisstopo:routepoint_id>2601611</swisstopo:routepoint_id>
				</extensions>
			</trkpt>
			<trkpt lat="47.1757032754" lon="9.1253701953">
				<ele>1558.1</ele>
				<extensions>
					<swisstopo:routepoint_id>1697850021</swisstopo:routepoint_id>
				</extensions>
			</trkpt>
			<trkpt lat="47.1756798896" lon="9.1253415391">
				<ele>1557.6</ele>
				<extensions>
					<swisstopo:routepoint_id>1074290050</swisstopo:routepoint_id>
				</extensions>
			</trkpt>
			<trkpt lat="47.1756611936" lon="9.1253182548">
				<ele>1557.0</ele>
				<extensions>
					<swisstopo:routepoint_id>1816487286</swisstopo:routepoint_id>
				</extensions>
			</trkpt>
			<trkpt lat="47.1756456183" lon="9.1252845934">
				<ele>1556.4</ele>
				<extensions>
					<swisstopo:routepoint_id>1898306274</swisstopo:routepoint_id>
				</extensions>
			</trkpt>
			<trkpt lat="47.1756289067" lon="9.1252474123">
				<ele>1555.7</ele>
				<extensions>
					<swisstopo:routepoint_id>1077368533</swisstopo:routepoint_id>
				</extensions>
			</trkpt>
			<trkpt lat="47.1756092574" lon="9.1252075261">
				<ele>1555.0</ele>
				<extensions>
					<swisstopo:routepoint_id>1199981930</swisstopo:routepoint_id>
				</extensions>
			</trkpt>
			<trkpt lat="47.1755937715" lon="9.1251677584">
				<ele>1554.3</ele>
				<extensions>
					<swisstopo:routepoint_id>406134528</swisstopo:routepoint_id>
				</extensions>
			</trkpt>
			<trkpt lat="47.1755812917" lon="9.1251254730">
				<ele>1553.7</ele>
				<extensions>
					<swisstopo:routepoint_id>2140991380</swisstopo:routepoint_id>
				</extensions>
			</trkpt>
			<trkpt lat="47.1755623211" lon="9.1250803706">
				<ele>1552.7</ele>
				<extensions>
					<swisstopo:routepoint_id>1158007842</swisstopo:routepoint_id>
				</extensions>
			</trkpt>
			<trkpt lat="47.1755502268" lon="9.1250529272">
				<ele>1552.0</ele>
				<extensions>
					<swisstopo:routepoint_id>1685396996</swisstopo:routepoint_id>
				</extensions>
			</trkpt>
			<trkpt lat="47.1755357741" lon="9.1250236686">
				<ele>1551.3</ele>
				<extensions>
					<swisstopo:routepoint_id>197382052</swisstopo:routepoint_id>
				</extensions>
			</trkpt>
			<trkpt lat="47.1755230351" lon="9.1249997017">
				<ele>1550.8</ele>
				<extensions>
					<swisstopo:routepoint_id>305900710</swisstopo:routepoint_id>
				</extensions>
			</trkpt>
			<trkpt lat="47.1755056062" lon="9.1249703622">
				<ele>1549.9</ele>
				<extensions>
					<swisstopo:routepoint_id>1533551772</swisstopo:routepoint_id>
				</extensions>
			</trkpt>
			<trkpt lat="47.1754892707" lon="9.1249480239">
				<ele>1549.2</ele>
				<extensions>
					<swisstopo:routepoint_id>1850118955</swisstopo:routepoint_id>
				</extensions>
			</trkpt>
			<trkpt lat="47.1754694553" lon="9.1249194668">
				<ele>1548.5</ele>
				<extensions>
					<swisstopo:routepoint_id>1987621720</swisstopo:routepoint_id>
				</extensions>
			</trkpt>
			<trkpt lat="47.1754483755" lon="9.1248961085">
				<ele>1547.6</ele>
				<extensions>
					<swisstopo:routepoint_id>1004543141</swisstopo:routepoint_id>
				</extensions>
			</trkpt>
			<trkpt lat="47.1754272065" lon="9.1248788686">
				<ele>1546.8</ele>
				<extensions>
					<swisstopo:routepoint_id>585899748</swisstopo:routepoint_id>
				</extensions>
			</trkpt>
			<trkpt lat="47.1754084116" lon="9.1248616914">
				<ele>1546.1</ele>
				<extensions>
					<swisstopo:routepoint_id>1523218805</swisstopo:routepoint_id>
				</extensions>
			</trkpt>
			<trkpt lat="47.1753890235" lon="9.1248444948">
				<ele>1545.4</ele>
				<extensions>
					<swisstopo:routepoint_id>1981724704</swisstopo:routepoint_id>
				</extensions>
			</trkpt>
			<trkpt lat="47.1753691181" lon="9.1248220441">
				<ele>1544.8</ele>
				<extensions>
					<swisstopo:routepoint_id>955222347</swisstopo:routepoint_id>
				</extensions>
			</trkpt>
			<trkpt lat="47.1753420155" lon="9.1247627255">
				<ele>1543.8</ele>
				<extensions>
					<swisstopo:routepoint_id>125913406</swisstopo:routepoint_id>
				</extensions>
			</trkpt>
			<trkpt lat="47.1753072528" lon="9.1246987854">
				<ele>1542.7</ele>
				<extensions>
					<swisstopo:routepoint_id>1691852019</swisstopo:routepoint_id>
				</extensions>
			</trkpt>
			<trkpt lat="47.1752764138" lon="9.1246506838">
				<ele>1541.4</ele>
				<extensions>
					<swisstopo:routepoint_id>182944068</swisstopo:routepoint_id>
				</extensions>
			</trkpt>
			<trkpt lat="47.1752561454" lon="9.1246125198">
				<ele>1540.6</ele>
				<extensions>
					<swisstopo:routepoint_id>1613658233</swisstopo:routepoint_id>
				</extensions>
			</trkpt>
			<trkpt lat="47.1752300636" lon="9.1245645684">
				<ele>1539.3</ele>
				<extensions>
					<swisstopo:routepoint_id>1844629475</swisstopo:routepoint_id>
				</extensions>
			</trkpt>
			<trkpt lat="47.1752074207" lon="9.1245263304">
				<ele>1538.4</ele>
				<extensions>
					<swisstopo:routepoint_id>63229699</swisstopo:routepoint_id>
				</extensions>
			</trkpt>
			<trkpt lat="47.1751788795" lon="9.1244835393">
				<ele>1536.9</ele>
				<extensions>
					<swisstopo:routepoint_id>2058812830</swisstopo:routepoint_id>
				</extensions>
			</trkpt>
			<trkpt lat="47.1751544086" lon="9.1244478554">
				<ele>1536.1</ele>
				<extensions>
					<swisstopo:routepoint_id>1684683954</swisstopo:routepoint_id>
				</extensions>
			</trkpt>
			<trkpt lat="47.1751303908" lon="9.1244217923">
				<ele>1535.2</ele>
				<extensions>
					<swisstopo:routepoint_id>1230555852</swisstopo:routepoint_id>
				</extensions>
			</trkpt>
			<trkpt lat="47.1751057665" lon="9.1243965808">
				<ele>1534.6</ele>
				<extensions>
					<swisstopo:routepoint_id>2104497306</swisstopo:routepoint_id>
				</extensions>
			</trkpt>
			<trkpt lat="47.1750846871" lon="9.1243732220">
				<ele>1534.0</ele>
				<extensions>
					<swisstopo:routepoint_id>132242672</swisstopo:routepoint_id>
				</extensions>
			</trkpt>
			<trkpt lat="47.1750526231" lon="9.1243276948">
				<ele>1533.1</ele>
				<extensions>
					<swisstopo:routepoint_id>2107881833</swisstopo:routepoint_id>
				</extensions>
			</trkpt>
			<trkpt lat="47.1750324051" lon="9.1242860495">
				<ele>1532.3</ele>
				<extensions>
					<swisstopo:routepoint_id>1773616999</swisstopo:routepoint_id>
				</extensions>
			</trkpt>
			<trkpt lat="47.1750151423" lon="9.1242453560">
				<ele>1531.4</ele>
				<extensions>
					<swisstopo:routepoint_id>906145068</swisstopo:routepoint_id>
				</extensions>
			</trkpt>
			<trkpt lat="47.1749980287" lon="9.1241950743">
				<ele>1530.0</ele>
				<extensions>
					<swisstopo:routepoint_id>200913336</swisstopo:routepoint_id>
				</extensions>
			</trkpt>
			<trkpt lat="47.1749844467" lon="9.1241475163">
				<ele>1529.2</ele>
				<extensions>
					<swisstopo:routepoint_id>473922637</swisstopo:routepoint_id>
				</extensions>
			</trkpt>
			<trkpt lat="47.1749630968" lon="9.1241014555">
				<ele>1528.1</ele>
				<extensions>
					<swisstopo:routepoint_id>1781825036</swisstopo:routepoint_id>
				</extensions>
			</trkpt>
			<trkpt lat="47.1749438746" lon="9.1240729177">
				<ele>1527.6</ele>
				<extensions>
					<swisstopo:routepoint_id>626450090</swisstopo:routepoint_id>
				</extensions>
			</trkpt>
			<trkpt lat="47.1749263393" lon="9.1240514264">
				<ele>1527.1</ele>
				<extensions>
					<swisstopo:routepoint_id>1366699086</swisstopo:routepoint_id>
				</extensions>
			</trkpt>
			<trkpt lat="47.1749088936" lon="9.1240238151">
				<ele>1526.4</ele>
				<extensions>
					<swisstopo:routepoint_id>46079658</swisstopo:routepoint_id>
				</extensions>
			</trkpt>
			<trkpt lat="47.1748916050" lon="9.1239848757">
				<ele>1525.6</ele>
				<extensions>
					<swisstopo:routepoint_id>748370191</swisstopo:routepoint_id>
				</extensions>
			</trkpt>
			<trkpt lat="47.1748523691" lon="9.1239007274">
				<ele>1524.5</ele>
				<extensions>
					<swisstopo:routepoint_id>567740716</swisstopo:routepoint_id>
				</extensions>
			</trkpt>
			<trkpt lat="47.1748335718" lon="9.1238581988">
				<ele>1523.4</ele>
				<extensions>
					<swisstopo:routepoint_id>1191583919</swisstopo:routepoint_id>
				</extensions>
			</trkpt>
			<trkpt lat="47.1748316345" lon="9.1238538157">
				<ele>1523.2</ele>
				<extensions>
					<swisstopo:routepoint_id>499025122</swisstopo:routepoint_id>
				</extensions>
			</trkpt>
			<trkpt lat="47.1748088103" lon="9.1237867691">
				<ele>1521.8</ele>
				<extensions>
					<swisstopo:routepoint_id>1982813724</swisstopo:routepoint_id>
				</extensions>
			</trkpt>
			<trkpt lat="47.1747913262" lon="9.1237617829">
				<ele>1521.1</ele>
				<extensions>
					<swisstopo:routepoint_id>1717900456</swisstopo:routepoint_id>
				</extensions>
			</trkpt>
			<trkpt lat="47.1747701950" lon="9.1237419195">
				<ele>1520.7</ele>
				<extensions>
					<swisstopo:routepoint_id>777474172</swisstopo:routepoint_id>
				</extensions>
			</trkpt>
			<trkpt lat="47.1747513999" lon="9.1237247430">
				<ele>1520.2</ele>
				<extensions>
					<swisstopo:routepoint_id>1554662403</swisstopo:routepoint_id>
				</extensions>
			</trkpt>
			<trkpt lat="47.1747302437" lon="9.1237066208">
				<ele>1519.8</ele>
				<extensions>
					<swisstopo:routepoint_id>1990159604</swisstopo:routepoint_id>
				</extensions>
			</trkpt>
			<trkpt lat="47.1747121574" lon="9.1236816157">
				<ele>1518.9</ele>
				<extensions>
					<swisstopo:routepoint_id>357116646</swisstopo:routepoint_id>
				</extensions>
			</trkpt>
			<trkpt lat="47.1746923539" lon="9.1236521885">
				<ele>1518.1</ele>
				<extensions>
					<swisstopo:routepoint_id>1730964365</swisstopo:routepoint_id>
				</extensions>
			</trkpt>
			<trkpt lat="47.1746736993" lon="9.1236254236">
				<ele>1517.2</ele>
				<extensions>
					<swisstopo:routepoint_id>1396663725</swisstopo:routepoint_id>
				</extensions>
			</trkpt>
			<trkpt lat="47.1746545239" lon="9.1235942751">
				<ele>1516.4</ele>
				<extensions>
					<swisstopo:routepoint_id>835208531</swisstopo:routepoint_id>
				</extensions>
			</trkpt>
			<trkpt lat="47.1746370820" lon="9.1235657946">
				<ele>1515.8</ele>
				<extensions>
					<swisstopo:routepoint_id>1186551339</swisstopo:routepoint_id>
				</extensions>
			</trkpt>
			<trkpt lat="47.1746133323" lon="9.1235214135">
				<ele>1514.9</ele>
				<extensions>
					<swisstopo:routepoint_id>1286107542</swisstopo:routepoint_id>
				</extensions>
			</trkpt>
			<trkpt lat="47.1745808400" lon="9.1234645391">
				<ele>1513.4</ele>
				<extensions>
					<swisstopo:routepoint_id>1687065669</swisstopo:routepoint_id>
				</extensions>
			</trkpt>
			<trkpt lat="47.1745613178" lon="9.1234159241">
				<ele>1512.4</ele>
				<extensions>
					<swisstopo:routepoint_id>827176100</swisstopo:routepoint_id>
				</extensions>
			</trkpt>
			<trkpt lat="47.1745340487" lon="9.1233679360">
				<ele>1511.3</ele>
				<extensions>
					<swisstopo:routepoint_id>1150902147</swisstopo:routepoint_id>
				</extensions>
			</trkpt>
			<trkpt lat="47.1745142836" lon="9.1233358854">
				<ele>1510.6</ele>
				<extensions>
					<swisstopo:routepoint_id>1826074832</swisstopo:routepoint_id>
				</extensions>
			</trkpt>
			<trkpt lat="47.1744953547" lon="9.1232872892">
				<ele>1510.0</ele>
				<extensions>
					<swisstopo:routepoint_id>1819215253</swisstopo:routepoint_id>
				</extensions>
			</trkpt>
			<trkpt lat="47.1744737577" lon="9.1232586904">
				<ele>1509.1</ele>
				<extensions>
					<swisstopo:routepoint_id>255654579</swisstopo:routepoint_id>
				</extensions>
			</trkpt>
			<trkpt lat="47.1744605011" lon="9.1232294701">
				<ele>1508.6</ele>
				<extensions>
					<swisstopo:routepoint_id>994857103</swisstopo:routepoint_id>
				</extensions>
			</trkpt>
			<trkpt lat="47.1744449251" lon="9.1231958096">
				<ele>1508.0</ele>
				<extensions>
					<swisstopo:routepoint_id>1581124383</swisstopo:routepoint_id>
				</extensions>
			</trkpt>
			<trkpt lat="47.1744310025" lon="9.1231709359">
				<ele>1507.7</ele>
				<extensions>
					<swisstopo:routepoint_id>1982239242</swisstopo:routepoint_id>
				</extensions>
			</trkpt>
			<trkpt lat="47.1744148581" lon="9.1231355160">
				<ele>1507.5</ele>
				<extensions>
					<swisstopo:routepoint_id>978988187</swisstopo:routepoint_id>
				</extensions>
			</trkpt>
			<trkpt lat="47.1744013017" lon="9.1230862182">
				<ele>1506.6</ele>
				<extensions>
					<swisstopo:routepoint_id>945196378</swisstopo:routepoint_id>
				</extensions>
			</trkpt>
			<trkpt lat="47.1743805063" lon="9.1230428015">
				<ele>1505.6</ele>
				<extensions>
					<swisstopo:routepoint_id>1114493816</swisstopo:routepoint_id>
				</extensions>
			</trkpt>
			<trkpt lat="47.1743667330" lon="9.1230083274">
				<ele>1504.9</ele>
				<extensions>
					<swisstopo:routepoint_id>2078424674</swisstopo:routepoint_id>
				</extensions>
			</trkpt>
			<trkpt lat="47.1743452379" lon="9.1229727520">
				<ele>1504.2</ele>
				<extensions>
					<swisstopo:routepoint_id>2030822635</swisstopo:routepoint_id>
				</extensions>
			</trkpt>
			<trkpt lat="47.1743298917" lon="9.1229233851">
				<ele>1503.5</ele>
				<extensions>
					<swisstopo:routepoint_id>1739496978</swisstopo:routepoint_id>
				</extensions>
			</trkpt>
			<trkpt lat="47.1743174238" lon="9.1228802307">
				<ele>1502.8</ele>
				<extensions>
					<swisstopo:routepoint_id>666185027</swisstopo:routepoint_id>
				</extensions>
			</trkpt>
			<trkpt lat="47.1743054564" lon="9.1228440715">
				<ele>1502.4</ele>
				<extensions>
					<swisstopo:routepoint_id>60348573</swisstopo:routepoint_id>
				</extensions>
			</trkpt>
			<trkpt lat="47.1742858313" lon="9.1228024333">
				<ele>1501.6</ele>
				<extensions>
					<swisstopo:routepoint_id>1920562090</swisstopo:routepoint_id>
				</extensions>
			</trkpt>
			<trkpt lat="47.1742646050" lon="9.1227485271">
				<ele>1500.6</ele>
				<extensions>
					<swisstopo:routepoint_id>253360692</swisstopo:routepoint_id>
				</extensions>
			</trkpt>
			<trkpt lat="47.1742362376" lon="9.1226944094">
				<ele>1499.7</ele>
				<extensions>
					<swisstopo:routepoint_id>2072751418</swisstopo:routepoint_id>
				</extensions>
			</trkpt>
			<trkpt lat="47.1742117024" lon="9.1226630800">
				<ele>1499.3</ele>
				<extensions>
					<swisstopo:routepoint_id>1623098116</swisstopo:routepoint_id>
				</extensions>
			</trkpt>
			<trkpt lat="47.1741699649" lon="9.1226176584">
				<ele>1499.1</ele>
				<extensions>
					<swisstopo:routepoint_id>1341331525</swisstopo:routepoint_id>
				</extensions>
			</trkpt>
			<trkpt lat="47.1741211108" lon="9.1225506918">
				<ele>1499.2</ele>
				<extensions>
					<swisstopo:routepoint_id>920174396</swisstopo:routepoint_id>
				</extensions>
			</trkpt>
			<trkpt lat="47.1740910245" lon="9.1225095160">
				<ele>1499.2</ele>
				<extensions>
					<swisstopo:routepoint_id>422983938</swisstopo:routepoint_id>
				</extensions>
			</trkpt>
			<trkpt lat="47.1740631600" lon="9.1224837421">
				<ele>1499.4</ele>
				<extensions>
					<swisstopo:routepoint_id>1677175780</swisstopo:routepoint_id>
				</extensions>
			</trkpt>
			<trkpt lat="47.1740336846" lon="9.1224617301">
				<ele>1499.9</ele>
				<extensions>
					<swisstopo:routepoint_id>813120463</swisstopo:routepoint_id>
				</extensions>
			</trkpt>
			<trkpt lat="47.1740117234" lon="9.1224518561">
				<ele>1500.4</ele>
				<extensions>
					<swisstopo:routepoint_id>1857614707</swisstopo:routepoint_id>
				</extensions>
			</trkpt>
			<trkpt lat="47.1739931481" lon="9.1224577762">
				<ele>1501.1</ele>
				<extensions>
					<swisstopo:routepoint_id>1053216983</swisstopo:routepoint_id>
				</extensions>
			</trkpt>
			<trkpt lat="47.1739721857" lon="9.1224755614">
				<ele>1502.0</ele>
				<extensions>
					<swisstopo:routepoint_id>17950909</swisstopo:routepoint_id>
				</extensions>
			</trkpt>
			<trkpt lat="47.1739584892" lon="9.1225022309">
				<ele>1502.5</ele>
				<extensions>
					<swisstopo:routepoint_id>283913049</swisstopo:routepoint_id>
				</extensions>
			</trkpt>
			<trkpt lat="47.1739239805" lon="9.1225358449">
				<ele>1502.9</ele>
				<extensions>
					<swisstopo:routepoint_id>1897959541</swisstopo:routepoint_id>
				</extensions>
			</trkpt>
			<trkpt lat="47.1738904619" lon="9.1225521529">
				<ele>1502.1</ele>
				<extensions>
					<swisstopo:routepoint_id>1681352281</swisstopo:routepoint_id>
				</extensions>
			</trkpt>
			<trkpt lat="47.1738590069" lon="9.1225793581">
				<ele>1501.4</ele>
				<extensions>
					<swisstopo:routepoint_id>1378389210</swisstopo:routepoint_id>
				</extensions>
			</trkpt>
			<trkpt lat="47.1738275830" lon="9.1226043877">
				<ele>1500.3</ele>
				<extensions>
					<swisstopo:routepoint_id>649169710</swisstopo:routepoint_id>
				</extensions>
			</trkpt>
			<trkpt lat="47.1738089284" lon="9.1226157278">
				<ele>1500.0</ele>
				<extensions>
					<swisstopo:routepoint_id>197703717</swisstopo:routepoint_id>
				</extensions>
			</trkpt>
			<trkpt lat="47.1737808916" lon="9.1226115995">
				<ele>1499.5</ele>
				<extensions>
					<swisstopo:routepoint_id>1653652113</swisstopo:routepoint_id>
				</extensions>
			</trkpt>
			<trkpt lat="47.1737605480" lon="9.1225870915">
				<ele>1499.0</ele>
				<extensions>
					<swisstopo:routepoint_id>1211899123</swisstopo:routepoint_id>
				</extensions>
			</trkpt>
			<trkpt lat="47.1737446922" lon="9.1225583971">
				<ele>1498.7</ele>
				<extensions>
					<swisstopo:routepoint_id>761983512</swisstopo:routepoint_id>
				</extensions>
			</trkpt>
			<trkpt lat="47.1737325419" lon="9.1225298194">
				<ele>1498.4</ele>
				<extensions>
					<swisstopo:routepoint_id>1062223689</swisstopo:routepoint_id>
				</extensions>
			</trkpt>
			<trkpt lat="47.1737188121" lon="9.1225077096">
				<ele>1498.1</ele>
				<extensions>
					<swisstopo:routepoint_id>2048905962</swisstopo:routepoint_id>
				</extensions>
			</trkpt>
			<trkpt lat="47.1737065507" lon="9.1224867145">
				<ele>1497.9</ele>
				<extensions>
					<swisstopo:routepoint_id>68352780</swisstopo:routepoint_id>
				</extensions>
			</trkpt>
			<trkpt lat="47.1736768713" lon="9.1224933671">
				<ele>1497.9</ele>
				<extensions>
					<swisstopo:routepoint_id>128032782</swisstopo:routepoint_id>
				</extensions>
			</trkpt>
			<trkpt lat="47.1736450908" lon="9.1224923668">
				<ele>1497.7</ele>
				<extensions>
					<swisstopo:routepoint_id>442358328</swisstopo:routepoint_id>
				</extensions>
			</trkpt>
			<trkpt lat="47.1736159991" lon="9.1225098960">
				<ele>1497.2</ele>
				<extensions>
					<swisstopo:routepoint_id>1466095658</swisstopo:routepoint_id>
				</extensions>
			</trkpt>
			<trkpt lat="47.1735971860" lon="9.1225320766">
				<ele>1496.8</ele>
				<extensions>
					<swisstopo:routepoint_id>2101189218</swisstopo:routepoint_id>
				</extensions>
			</trkpt>
			<trkpt lat="47.1735870655" lon="9.1225664580">
				<ele>1496.4</ele>
				<extensions>
					<swisstopo:routepoint_id>244938410</swisstopo:routepoint_id>
				</extensions>
			</trkpt>
			<trkpt lat="47.1735864787" lon="9.1226065619">
				<ele>1496.2</ele>
				<extensions>
					<swisstopo:routepoint_id>754515135</swisstopo:routepoint_id>
				</extensions>
			</trkpt>
			<trkpt lat="47.1735919197" lon="9.1226392694">
				<ele>1495.8</ele>
				<extensions>
					<swisstopo:routepoint_id>560458011</swisstopo:routepoint_id>
				</extensions>
			</trkpt>
			<trkpt lat="47.1736031904" lon="9.1226775698">
				<ele>1495.6</ele>
				<extensions>
					<swisstopo:routepoint_id>1498045977</swisstopo:routepoint_id>
				</extensions>
			</trkpt>
			<trkpt lat="47.1736034997" lon="9.1227068699">
				<ele>1495.3</ele>
				<extensions>
					<swisstopo:routepoint_id>2028488186</swisstopo:routepoint_id>
				</extensions>
			</trkpt>
			<trkpt lat="47.1735854013" lon="9.1227312365">
				<ele>1494.6</ele>
				<extensions>
					<swisstopo:routepoint_id>1918123729</swisstopo:routepoint_id>
				</extensions>
			</trkpt>
			<trkpt lat="47.1735718695" lon="9.1227459966">
				<ele>1494.5</ele>
				<extensions>
					<swisstopo:routepoint_id>1748178848</swisstopo:routepoint_id>
				</extensions>
			</trkpt>
			<trkpt lat="47.1735575308" lon="9.1227661410">
				<ele>1494.0</ele>
				<extensions>
					<swisstopo:routepoint_id>76640143</swisstopo:routepoint_id>
				</extensions>
			</trkpt>
			<trkpt lat="47.1735483851" lon="9.1227842982">
				<ele>1493.6</ele>
				<extensions>
					<swisstopo:routepoint_id>379363098</swisstopo:routepoint_id>
				</extensions>
			</trkpt>
			<trkpt lat="47.1735335853" lon="9.1227849142">
				<ele>1493.4</ele>
				<extensions>
					<swisstopo:routepoint_id>674153810</swisstopo:routepoint_id>
				</extensions>
			</trkpt>
			<trkpt lat="47.1735146055" lon="9.1227680487">
				<ele>1492.9</ele>
				<extensions>
					<swisstopo:routepoint_id>1583021899</swisstopo:routepoint_id>
				</extensions>
			</trkpt>
			<trkpt lat="47.1734845948" lon="9.1227475770">
				<ele>1492.4</ele>
				<extensions>
					<swisstopo:routepoint_id>2060308761</swisstopo:routepoint_id>
				</extensions>
			</trkpt>
			<trkpt lat="47.1734751709" lon="9.1227342713">
				<ele>1492.2</ele>
				<extensions>
					<swisstopo:routepoint_id>1242461106</swisstopo:routepoint_id>
				</extensions>
			</trkpt>
			<trkpt lat="47.1734673275" lon="9.1227145106">
				<ele>1492.1</ele>
				<extensions>
					<swisstopo:routepoint_id>264181065</swisstopo:routepoint_id>
				</extensions>
			</trkpt>
			<trkpt lat="47.1734534870" lon="9.1226999707">
				<ele>1491.8</ele>
				<extensions>
					<swisstopo:routepoint_id>1869209404</swisstopo:routepoint_id>
				</extensions>
			</trkpt>
			<trkpt lat="47.1734367284" lon="9.1226831751">
				<ele>1491.9</ele>
				<extensions>
					<swisstopo:routepoint_id>660315179</swisstopo:routepoint_id>
				</extensions>
			</trkpt>
			<trkpt lat="47.1734236412" lon="9.1226675904">
				<ele>1492.1</ele>
				<extensions>
					<swisstopo:routepoint_id>1390978003</swisstopo:routepoint_id>
				</extensions>
			</trkpt>
			<trkpt lat="47.1734120848" lon="9.1226487815">
				<ele>1492.2</ele>
				<extensions>
					<swisstopo:routepoint_id>1562365296</swisstopo:routepoint_id>
				</extensions>
			</trkpt>
			<trkpt lat="47.1733930420" lon="9.1226362550">
				<ele>1492.3</ele>
				<extensions>
					<swisstopo:routepoint_id>1200138560</swisstopo:routepoint_id>
				</extensions>
			</trkpt>
			<trkpt lat="47.1733672899" lon="9.1226278582">
				<ele>1492.4</ele>
				<extensions>
					<swisstopo:routepoint_id>561123391</swisstopo:routepoint_id>
				</extensions>
			</trkpt>
			<trkpt lat="47.1733524737" lon="9.1226295552">
				<ele>1492.5</ele>
				<extensions>
					<swisstopo:routepoint_id>1595281398</swisstopo:routepoint_id>
				</extensions>
			</trkpt>
			<trkpt lat="47.1733344771" lon="9.1226463386">
				<ele>1492.9</ele>
				<extensions>
					<swisstopo:routepoint_id>2023638591</swisstopo:routepoint_id>
				</extensions>
			</trkpt>
			<trkpt lat="47.1733254043" lon="9.1226601573">
				<ele>1493.0</ele>
				<extensions>
					<swisstopo:routepoint_id>112560793</swisstopo:routepoint_id>
				</extensions>
			</trkpt>
			<trkpt lat="47.1733258247" lon="9.1226818613">
				<ele>1492.9</ele>
				<extensions>
					<swisstopo:routepoint_id>1782314628</swisstopo:routepoint_id>
				</extensions>
			</trkpt>
			<trkpt lat="47.1733188531" lon="9.1227033193">
				<ele>1492.9</ele>
				<extensions>
					<swisstopo:routepoint_id>392369674</swisstopo:routepoint_id>
				</extensions>
			</trkpt>
			<trkpt lat="47.1733031723" lon="9.1227136710">
				<ele>1493.3</ele>
				<extensions>
					<swisstopo:routepoint_id>1678323917</swisstopo:routepoint_id>
				</extensions>
			</trkpt>
			<trkpt lat="47.1732876035" lon="9.1227164398">
				<ele>1493.3</ele>
				<extensions>
					<swisstopo:routepoint_id>2078202675</swisstopo:routepoint_id>
				</extensions>
			</trkpt>
			<trkpt lat="47.1732743983" lon="9.1227095195">
				<ele>1492.6</ele>
				<extensions>
					<swisstopo:routepoint_id>964811075</swisstopo:routepoint_id>
				</extensions>
			</trkpt>
			<trkpt lat="47.1732631513" lon="9.1227200106">
				<ele>1492.5</ele>
				<extensions>
					<swisstopo:routepoint_id>1768693607</swisstopo:routepoint_id>
				</extensions>
			</trkpt>
			<trkpt lat="47.1732477412" lon="9.1227119260">
				<ele>1492.5</ele>
				<extensions>
					<swisstopo:routepoint_id>1282436757</swisstopo:routepoint_id>
				</extensions>
			</trkpt>
			<trkpt lat="47.1732243756" lon="9.1226916768">
				<ele>1492.2</ele>
				<extensions>
					<swisstopo:routepoint_id>1516999363</swisstopo:routepoint_id>
				</extensions>
			</trkpt>
			<trkpt lat="47.1731986782" lon="9.1226789410">
				<ele>1492.1</ele>
				<extensions>
					<swisstopo:routepoint_id>936795360</swisstopo:routepoint_id>
				</extensions>
			</trkpt>
			<trkpt lat="47.1731612341" lon="9.1226604124">
				<ele>1492.0</ele>
				<extensions>
					<swisstopo:routepoint_id>1012913647</swisstopo:routepoint_id>
				</extensions>
			</trkpt>
			<trkpt lat="47.1731201818" lon="9.1226363476">
				<ele>1491.7</ele>
				<extensions>
					<swisstopo:routepoint_id>1467279564</swisstopo:routepoint_id>
				</extensions>
			</trkpt>
			<trkpt lat="47.1730819379" lon="9.1226221216">
				<ele>1491.5</ele>
				<extensions>
					<swisstopo:routepoint_id>368329574</swisstopo:routepoint_id>
				</extensions>
			</trkpt>
			<trkpt lat="47.1730532648" lon="9.1226103873">
				<ele>1491.4</ele>
				<extensions>
					<swisstopo:routepoint_id>1680111311</swisstopo:routepoint_id>
				</extensions>
			</trkpt>
			<trkpt lat="47.1730268300" lon="9.1225976148">
				<ele>1491.1</ele>
				<extensions>
					<swisstopo:routepoint_id>2056736889</swisstopo:routepoint_id>
				</extensions>
			</trkpt>
			<trkpt lat="47.1730069544" lon="9.1225915665">
				<ele>1491.3</ele>
				<extensions>
					<swisstopo:routepoint_id>82791614</swisstopo:routepoint_id>
				</extensions>
			</trkpt>
			<trkpt lat="47.1729869041" lon="9.1225974534">
				<ele>1491.9</ele>
				<extensions>
					<swisstopo:routepoint_id>1344817527</swisstopo:routepoint_id>
				</extensions>
			</trkpt>
			<trkpt lat="47.1729609044" lon="9.1226053030">
				<ele>1493.0</ele>
				<extensions>
					<swisstopo:routepoint_id>267892577</swisstopo:routepoint_id>
				</extensions>
			</trkpt>
			<trkpt lat="47.1729430356" lon="9.1226134223">
				<ele>1493.1</ele>
				<extensions>
					<swisstopo:routepoint_id>1129530751</swisstopo:routepoint_id>
				</extensions>
			</trkpt>
			<trkpt lat="47.1729124375" lon="9.1226330542">
				<ele>1492.9</ele>
				<extensions>
					<swisstopo:routepoint_id>320394540</swisstopo:routepoint_id>
				</extensions>
			</trkpt>
			<trkpt lat="47.1728936238" lon="9.1226552345">
				<ele>1492.3</ele>
				<extensions>
					<swisstopo:routepoint_id>421670520</swisstopo:routepoint_id>
				</extensions>
			</trkpt>
			<trkpt lat="47.1728792439" lon="9.1226775544">
				<ele>1491.4</ele>
				<extensions>
					<swisstopo:routepoint_id>823139842</swisstopo:routepoint_id>
				</extensions>
			</trkpt>
			<trkpt lat="47.1728729552" lon="9.1227033875">
				<ele>1490.9</ele>
				<extensions>
					<swisstopo:routepoint_id>1406959337</swisstopo:routepoint_id>
				</extensions>
			</trkpt>
			<trkpt lat="47.1728637626" lon="9.1227247884">
				<ele>1490.5</ele>
				<extensions>
					<swisstopo:routepoint_id>213848224</swisstopo:routepoint_id>
				</extensions>
			</trkpt>
			<trkpt lat="47.1728437918" lon="9.1227252416">
				<ele>1489.0</ele>
				<extensions>
					<swisstopo:routepoint_id>333372921</swisstopo:routepoint_id>
				</extensions>
			</trkpt>
			<trkpt lat="47.1728245892" lon="9.1227235552">
				<ele>1487.3</ele>
				<extensions>
					<swisstopo:routepoint_id>1765589481</swisstopo:routepoint_id>
				</extensions>
			</trkpt>
			<trkpt lat="47.1728023978" lon="9.1227239385">
				<ele>1485.6</ele>
				<extensions>
					<swisstopo:routepoint_id>1890253536</swisstopo:routepoint_id>
				</extensions>
			</trkpt>
			<trkpt lat="47.1727814356" lon="9.1227417103">
				<ele>1483.9</ele>
				<extensions>
					<swisstopo:routepoint_id>499705558</swisstopo:routepoint_id>
				</extensions>
			</trkpt>
			<trkpt lat="47.1727663972" lon="9.1227585866">
				<ele>1482.8</ele>
				<extensions>
					<swisstopo:routepoint_id>401365255</swisstopo:routepoint_id>
				</extensions>
			</trkpt>
			<trkpt lat="47.1727689908" lon="9.1227836175">
				<ele>1482.1</ele>
				<extensions>
					<swisstopo:routepoint_id>605924247</swisstopo:routepoint_id>
				</extensions>
			</trkpt>
			<trkpt lat="47.1727724332" lon="9.1228010755">
				<ele>1481.9</ele>
				<extensions>
					<swisstopo:routepoint_id>1085213574</swisstopo:routepoint_id>
				</extensions>
			</trkpt>
			<trkpt lat="47.1727667710" lon="9.1228345148">
				<ele>1480.5</ele>
				<extensions>
					<swisstopo:routepoint_id>648896720</swisstopo:routepoint_id>
				</extensions>
			</trkpt>
			<trkpt lat="47.1727596248" lon="9.1228679074">
				<ele>1479.5</ele>
				<extensions>
					<swisstopo:routepoint_id>2062169779</swisstopo:routepoint_id>
				</extensions>
			</trkpt>
			<trkpt lat="47.1727531845" lon="9.1229034859">
				<ele>1478.8</ele>
				<extensions>
					<swisstopo:routepoint_id>324155453</swisstopo:routepoint_id>
				</extensions>
			</trkpt>
			<trkpt lat="47.1727526769" lon="9.1229381694">
				<ele>1478.3</ele>
				<extensions>
					<swisstopo:routepoint_id>518011713</swisstopo:routepoint_id>
				</extensions>
			</trkpt>
			<trkpt lat="47.1727595445" lon="9.1229741797">
				<ele>1477.8</ele>
				<extensions>
					<swisstopo:routepoint_id>676845296</swisstopo:routepoint_id>
				</extensions>
			</trkpt>
			<trkpt lat="47.1727576738" lon="9.1230012208">
				<ele>1476.8</ele>
				<extensions>
					<swisstopo:routepoint_id>1399667562</swisstopo:routepoint_id>
				</extensions>
			</trkpt>
			<trkpt lat="47.1727440316" lon="9.1230235634">
				<ele>1475.8</ele>
				<extensions>
					<swisstopo:routepoint_id>1283692532</swisstopo:routepoint_id>
				</extensions>
			</trkpt>
			<trkpt lat="47.1727254804" lon="9.1230284021">
				<ele>1475.2</ele>
				<extensions>
					<swisstopo:routepoint_id>167842549</swisstopo:routepoint_id>
				</extensions>
			</trkpt>
			<trkpt lat="47.1727090383" lon="9.1230398113">
				<ele>1473.2</ele>
				<extensions>
					<swisstopo:routepoint_id>1533032465</swisstopo:routepoint_id>
				</extensions>
			</trkpt>
			<trkpt lat="47.1726902502" lon="9.1230609104">
				<ele>1471.0</ele>
				<extensions>
					<swisstopo:routepoint_id>1648620637</swisstopo:routepoint_id>
				</extensions>
			</trkpt>
			<trkpt lat="47.1726764809" lon="9.1230919305">
				<ele>1469.3</ele>
				<extensions>
					<swisstopo:routepoint_id>1296229115</swisstopo:routepoint_id>
				</extensions>
			</trkpt>
			<trkpt lat="47.1726649008" lon="9.1231251834">
				<ele>1468.0</ele>
				<extensions>
					<swisstopo:routepoint_id>1745203063</swisstopo:routepoint_id>
				</extensions>
			</trkpt>
			<trkpt lat="47.1726649880" lon="9.1231696488">
				<ele>1466.5</ele>
				<extensions>
					<swisstopo:routepoint_id>2001542753</swisstopo:routepoint_id>
				</extensions>
			</trkpt>
			<trkpt lat="47.1726649244" lon="9.1232249414">
				<ele>1465.1</ele>
				<extensions>
					<swisstopo:routepoint_id>267548332</swisstopo:routepoint_id>
				</extensions>
			</trkpt>
			<trkpt lat="47.1726662806" lon="9.1232835507">
				<ele>1464.3</ele>
				<extensions>
					<swisstopo:routepoint_id>1488062242</swisstopo:routepoint_id>
				</extensions>
			</trkpt>
			<trkpt lat="47.1726670974" lon="9.1233291208">
				<ele>1464.0</ele>
				<extensions>
					<swisstopo:routepoint_id>1762719401</swisstopo:routepoint_id>
				</extensions>
			</trkpt>
			<trkpt lat="47.1726613470" lon="9.1233679795">
				<ele>1463.5</ele>
				<extensions>
					<swisstopo:routepoint_id>1023056869</swisstopo:routepoint_id>
				</extensions>
			</trkpt>
			<trkpt lat="47.1726558741" lon="9.1233884029">
				<ele>1463.3</ele>
				<extensions>
					<swisstopo:routepoint_id>1384355381</swisstopo:routepoint_id>
				</extensions>
			</trkpt>
			<trkpt lat="47.1726461182" lon="9.1233978589">
				<ele>1463.5</ele>
				<extensions>
					<swisstopo:routepoint_id>1020223347</swisstopo:routepoint_id>
				</extensions>
			</trkpt>
			<trkpt lat="47.1726321277" lon="9.1233941723">
				<ele>1463.8</ele>
				<extensions>
					<swisstopo:routepoint_id>74808006</swisstopo:routepoint_id>
				</extensions>
			</trkpt>
			<trkpt lat="47.1726193477" lon="9.1233834132">
				<ele>1464.1</ele>
				<extensions>
					<swisstopo:routepoint_id>256700747</swisstopo:routepoint_id>
				</extensions>
			</trkpt>
			<trkpt lat="47.1726015891" lon="9.1233765736">
				<ele>1464.6</ele>
				<extensions>
					<swisstopo:routepoint_id>650891795</swisstopo:routepoint_id>
				</extensions>
			</trkpt>
			<trkpt lat="47.1725830370" lon="9.1233759894">
				<ele>1464.7</ele>
				<extensions>
					<swisstopo:routepoint_id>2121456648</swisstopo:routepoint_id>
				</extensions>
			</trkpt>
			<trkpt lat="47.1725685571" lon="9.1233891489">
				<ele>1464.4</ele>
				<extensions>
					<swisstopo:routepoint_id>744788252</swisstopo:routepoint_id>
				</extensions>
			</trkpt>
			<trkpt lat="47.1725519225" lon="9.1234032836">
				<ele>1463.8</ele>
				<extensions>
					<swisstopo:routepoint_id>1715782424</swisstopo:routepoint_id>
				</extensions>
			</trkpt>
			<trkpt lat="47.1725344844" lon="9.1234236860">
				<ele>1463.0</ele>
				<extensions>
					<swisstopo:routepoint_id>2011762856</swisstopo:routepoint_id>
				</extensions>
			</trkpt>
			<trkpt lat="47.1725108250" lon="9.1234302634">
				<ele>1462.8</ele>
				<extensions>
					<swisstopo:routepoint_id>1361670584</swisstopo:routepoint_id>
				</extensions>
			</trkpt>
			<trkpt lat="47.1724907812" lon="9.1234338276">
				<ele>1462.8</ele>
				<extensions>
					<swisstopo:routepoint_id>1116179647</swisstopo:routepoint_id>
				</extensions>
			</trkpt>
			<trkpt lat="47.1724816081" lon="9.1234262027">
				<ele>1462.9</ele>
				<extensions>
					<swisstopo:routepoint_id>734123266</swisstopo:routepoint_id>
				</extensions>
			</trkpt>
			<trkpt lat="47.1724689264" lon="9.1234142855">
				<ele>1463.1</ele>
				<extensions>
					<swisstopo:routepoint_id>383490959</swisstopo:routepoint_id>
				</extensions>
			</trkpt>
			<trkpt lat="47.1724447471" lon="9.1234072437">
				<ele>1463.7</ele>
				<extensions>
					<swisstopo:routepoint_id>51259858</swisstopo:routepoint_id>
				</extensions>
			</trkpt>
			<trkpt lat="47.1724263384" lon="9.1233961890">
				<ele>1463.9</ele>
				<extensions>
					<swisstopo:routepoint_id>2132409463</swisstopo:routepoint_id>
				</extensions>
			</trkpt>
			<trkpt lat="47.1724029405" lon="9.1233849765">
				<ele>1463.8</ele>
				<extensions>
					<swisstopo:routepoint_id>158182286</swisstopo:routepoint_id>
				</extensions>
			</trkpt>
			<trkpt lat="47.1723758632" lon="9.1233809832">
				<ele>1464.1</ele>
				<extensions>
					<swisstopo:routepoint_id>1519232388</swisstopo:routepoint_id>
				</extensions>
			</trkpt>
			<trkpt lat="47.1723502545" lon="9.1233738965">
				<ele>1464.3</ele>
				<extensions>
					<swisstopo:routepoint_id>1828907757</swisstopo:routepoint_id>
				</extensions>
			</trkpt>
			<trkpt lat="47.1723326426" lon="9.1233576286">
				<ele>1463.8</ele>
				<extensions>
					<swisstopo:routepoint_id>264215958</swisstopo:routepoint_id>
				</extensions>
			</trkpt>
			<trkpt lat="47.1723201591" lon="9.1233321018">
				<ele>1463.2</ele>
				<extensions>
					<swisstopo:routepoint_id>549312573</swisstopo:routepoint_id>
				</extensions>
			</trkpt>
			<trkpt lat="47.1722954839" lon="9.1233103865">
				<ele>1462.4</ele>
				<extensions>
					<swisstopo:routepoint_id>993085751</swisstopo:routepoint_id>
				</extensions>
			</trkpt>
			<trkpt lat="47.1722637446" lon="9.1232831981">
				<ele>1461.8</ele>
				<extensions>
					<swisstopo:routepoint_id>618992317</swisstopo:routepoint_id>
				</extensions>
			</trkpt>
			<trkpt lat="47.1722475541" lon="9.1232669879">
				<ele>1461.7</ele>
				<extensions>
					<swisstopo:routepoint_id>713011111</swisstopo:routepoint_id>
				</extensions>
			</trkpt>
			<trkpt lat="47.1722280316" lon="9.1232349463">
				<ele>1460.7</ele>
				<extensions>
					<swisstopo:routepoint_id>279865663</swisstopo:routepoint_id>
				</extensions>
			</trkpt>
			<trkpt lat="47.1722134695" lon="9.1232051716">
				<ele>1460.2</ele>
				<extensions>
					<swisstopo:routepoint_id>1270081949</swisstopo:routepoint_id>
				</extensions>
			</trkpt>
			<trkpt lat="47.1721959802" lon="9.1231805297">
				<ele>1459.8</ele>
				<extensions>
					<swisstopo:routepoint_id>1307322858</swisstopo:routepoint_id>
				</extensions>
			</trkpt>
			<trkpt lat="47.1721740792" lon="9.1231641398">
				<ele>1459.7</ele>
				<extensions>
					<swisstopo:routepoint_id>2018510531</swisstopo:routepoint_id>
				</extensions>
			</trkpt>
			<trkpt lat="47.1721522080" lon="9.1231456398">
				<ele>1459.6</ele>
				<extensions>
					<swisstopo:routepoint_id>458698002</swisstopo:routepoint_id>
				</extensions>
			</trkpt>
			<trkpt lat="47.1721388609" lon="9.1231305616">
				<ele>1459.5</ele>
				<extensions>
					<swisstopo:routepoint_id>364947462</swisstopo:routepoint_id>
				</extensions>
			</trkpt>
			<trkpt lat="47.1721214491" lon="9.1231006972">
				<ele>1459.7</ele>
				<extensions>
					<swisstopo:routepoint_id>112078783</swisstopo:routepoint_id>
				</extensions>
			</trkpt>
			<trkpt lat="47.1721075668" lon="9.1230730288">
				<ele>1459.4</ele>
				<extensions>
					<swisstopo:routepoint_id>2029683454</swisstopo:routepoint_id>
				</extensions>
			</trkpt>
			<trkpt lat="47.1720965593" lon="9.1230444085">
				<ele>1459.0</ele>
				<extensions>
					<swisstopo:routepoint_id>1900618876</swisstopo:routepoint_id>
				</extensions>
			</trkpt>
			<trkpt lat="47.1720747439" lon="9.1230227706">
				<ele>1459.0</ele>
				<extensions>
					<swisstopo:routepoint_id>1492631469</swisstopo:routepoint_id>
				</extensions>
			</trkpt>
			<trkpt lat="47.1720436995" lon="9.1229966597">
				<ele>1458.8</ele>
				<extensions>
					<swisstopo:routepoint_id>527791997</swisstopo:routepoint_id>
				</extensions>
			</trkpt>
			<trkpt lat="47.1720090632" lon="9.1229725333">
				<ele>1459.1</ele>
				<extensions>
					<swisstopo:routepoint_id>363418295</swisstopo:routepoint_id>
				</extensions>
			</trkpt>
			<trkpt lat="47.1719708877" lon="9.1229461979">
				<ele>1459.9</ele>
				<extensions>
					<swisstopo:routepoint_id>80263173</swisstopo:routepoint_id>
				</extensions>
			</trkpt>
			<trkpt lat="47.1719525872" lon="9.1229278238">
				<ele>1460.2</ele>
				<extensions>
					<swisstopo:routepoint_id>1762380092</swisstopo:routepoint_id>
				</extensions>
			</trkpt>
			<trkpt lat="47.1719357621" lon="9.1229063427">
				<ele>1460.2</ele>
				<extensions>
					<swisstopo:routepoint_id>418178668</swisstopo:routepoint_id>
				</extensions>
			</trkpt>
			<trkpt lat="47.1719161233" lon="9.1228816333">
				<ele>1459.1</ele>
				<extensions>
					<swisstopo:routepoint_id>17274259</swisstopo:routepoint_id>
				</extensions>
			</trkpt>
			<trkpt lat="47.1718998805" lon="9.1228696039">
				<ele>1458.7</ele>
				<extensions>
					<swisstopo:routepoint_id>1276071664</swisstopo:routepoint_id>
				</extensions>
			</trkpt>
			<trkpt lat="47.1718790870" lon="9.1228752429">
				<ele>1458.6</ele>
				<extensions>
					<swisstopo:routepoint_id>1910540344</swisstopo:routepoint_id>
				</extensions>
			</trkpt>
			<trkpt lat="47.1718637746" lon="9.1228967409">
				<ele>1458.9</ele>
				<extensions>
					<swisstopo:routepoint_id>1627177206</swisstopo:routepoint_id>
				</extensions>
			</trkpt>
			<trkpt lat="47.1718539273" lon="9.1229351803">
				<ele>1459.5</ele>
				<extensions>
					<swisstopo:routepoint_id>1955665163</swisstopo:routepoint_id>
				</extensions>
			</trkpt>
			<trkpt lat="47.1718283165" lon="9.1229773186">
				<ele>1459.4</ele>
				<extensions>
					<swisstopo:routepoint_id>1048750756</swisstopo:routepoint_id>
				</extensions>
			</trkpt>
			<trkpt lat="47.1718193020" lon="9.1230074062">
				<ele>1459.7</ele>
				<extensions>
					<swisstopo:routepoint_id>330483814</swisstopo:routepoint_id>
				</extensions>
			</trkpt>
			<trkpt lat="47.1718059399" lon="9.1230425813">
				<ele>1459.6</ele>
				<extensions>
					<swisstopo:routepoint_id>444159198</swisstopo:routepoint_id>
				</extensions>
			</trkpt>
			<trkpt lat="47.1717969866" lon="9.1230684883">
				<ele>1459.4</ele>
				<extensions>
					<swisstopo:routepoint_id>429344274</swisstopo:routepoint_id>
				</extensions>
			</trkpt>
			<trkpt lat="47.1717980340" lon="9.1230946971">
				<ele>1459.5</ele>
				<extensions>
					<swisstopo:routepoint_id>818157145</swisstopo:routepoint_id>
				</extensions>
			</trkpt>
			<trkpt lat="47.1718077335" lon="9.1231148982">
				<ele>1459.5</ele>
				<extensions>
					<swisstopo:routepoint_id>778059504</swisstopo:routepoint_id>
				</extensions>
			</trkpt>
			<trkpt lat="47.1718151404" lon="9.1231455027">
				<ele>1459.1</ele>
				<extensions>
					<swisstopo:routepoint_id>537843561</swisstopo:routepoint_id>
				</extensions>
			</trkpt>
			<trkpt lat="47.1718119526" lon="9.1231684381">
				<ele>1458.8</ele>
				<extensions>
					<swisstopo:routepoint_id>534507166</swisstopo:routepoint_id>
				</extensions>
			</trkpt>
			<trkpt lat="47.1717924045" lon="9.1231866758">
				<ele>1458.2</ele>
				<extensions>
					<swisstopo:routepoint_id>93433989</swisstopo:routepoint_id>
				</extensions>
			</trkpt>
			<trkpt lat="47.1717779565" lon="9.1231977390">
				<ele>1457.8</ele>
				<extensions>
					<swisstopo:routepoint_id>1547594179</swisstopo:routepoint_id>
				</extensions>
			</trkpt>
			<trkpt lat="47.1717655954" lon="9.1232130629">
				<ele>1457.5</ele>
				<extensions>
					<swisstopo:routepoint_id>554883179</swisstopo:routepoint_id>
				</extensions>
			</trkpt>
			<trkpt lat="47.1717491434" lon="9.1232146430">
				<ele>1457.1</ele>
				<extensions>
					<swisstopo:routepoint_id>1088915959</swisstopo:routepoint_id>
				</extensions>
			</trkpt>
			<trkpt lat="47.1717378604" lon="9.1232048540">
				<ele>1456.7</ele>
				<extensions>
					<swisstopo:routepoint_id>435899068</swisstopo:routepoint_id>
				</extensions>
			</trkpt>
			<trkpt lat="47.1717228235" lon="9.1232075208">
				<ele>1456.4</ele>
				<extensions>
					<swisstopo:routepoint_id>715172361</swisstopo:routepoint_id>
				</extensions>
			</trkpt>
			<trkpt lat="47.1716961970" lon="9.1232213534">
				<ele>1456.1</ele>
				<extensions>
					<swisstopo:routepoint_id>2113410763</swisstopo:routepoint_id>
				</extensions>
			</trkpt>
			<trkpt lat="47.1716638700" lon="9.1232349933">
				<ele>1456.0</ele>
				<extensions>
					<swisstopo:routepoint_id>481063953</swisstopo:routepoint_id>
				</extensions>
			</trkpt>
			<trkpt lat="47.1716324578" lon="9.1232340042">
				<ele>1455.9</ele>
				<extensions>
					<swisstopo:routepoint_id>760406750</swisstopo:routepoint_id>
				</extensions>
			</trkpt>
			<trkpt lat="47.1716097383" lon="9.1232249113">
				<ele>1456.0</ele>
				<extensions>
					<swisstopo:routepoint_id>1985895832</swisstopo:routepoint_id>
				</extensions>
			</trkpt>
			<trkpt lat="47.1715955584" lon="9.1232181846">
				<ele>1455.7</ele>
				<extensions>
					<swisstopo:routepoint_id>302086365</swisstopo:routepoint_id>
				</extensions>
			</trkpt>
			<trkpt lat="47.1715825243" lon="9.1232303343">
				<ele>1455.6</ele>
				<extensions>
					<swisstopo:routepoint_id>2054482754</swisstopo:routepoint_id>
				</extensions>
			</trkpt>
			<trkpt lat="47.1715634580" lon="9.1232642876">
				<ele>1454.8</ele>
				<extensions>
					<swisstopo:routepoint_id>7916403</swisstopo:routepoint_id>
				</extensions>
			</trkpt>
			<trkpt lat="47.1715479153" lon="9.1233015049">
				<ele>1454.5</ele>
				<extensions>
					<swisstopo:routepoint_id>1252433071</swisstopo:routepoint_id>
				</extensions>
			</trkpt>
			<trkpt lat="47.1715416993" lon="9.1233358628">
				<ele>1454.3</ele>
				<extensions>
					<swisstopo:routepoint_id>7996455</swisstopo:routepoint_id>
				</extensions>
			</trkpt>
			<trkpt lat="47.1715403455" lon="9.1233798067">
				<ele>1454.0</ele>
				<extensions>
					<swisstopo:routepoint_id>1554744393</swisstopo:routepoint_id>
				</extensions>
			</trkpt>
			<trkpt lat="47.1715412384" lon="9.1234164862">
				<ele>1453.8</ele>
				<extensions>
					<swisstopo:routepoint_id>918781589</swisstopo:routepoint_id>
				</extensions>
			</trkpt>
			<trkpt lat="47.1715399065" lon="9.1234583331">
				<ele>1453.2</ele>
				<extensions>
					<swisstopo:routepoint_id>548584880</swisstopo:routepoint_id>
				</extensions>
			</trkpt>
			<trkpt lat="47.1715365960" lon="9.1234896420">
				<ele>1452.9</ele>
				<extensions>
					<swisstopo:routepoint_id>435994692</swisstopo:routepoint_id>
				</extensions>
			</trkpt>
			<trkpt lat="47.1715235924" lon="9.1234997082">
				<ele>1452.9</ele>
				<extensions>
					<swisstopo:routepoint_id>1998142754</swisstopo:routepoint_id>
				</extensions>
			</trkpt>
			<trkpt lat="47.1715106951" lon="9.1235024417">
				<ele>1452.8</ele>
				<extensions>
					<swisstopo:routepoint_id>974261526</swisstopo:routepoint_id>
				</extensions>
			</trkpt>
			<trkpt lat="47.1714973490" lon="9.1234873641">
				<ele>1452.7</ele>
				<extensions>
					<swisstopo:routepoint_id>1976708888</swisstopo:routepoint_id>
				</extensions>
			</trkpt>
			<trkpt lat="47.1714762132" lon="9.1234678449">
				<ele>1452.4</ele>
				<extensions>
					<swisstopo:routepoint_id>1341735884</swisstopo:routepoint_id>
				</extensions>
			</trkpt>
			<trkpt lat="47.1714522932" lon="9.1234430136">
				<ele>1452.2</ele>
				<extensions>
					<swisstopo:routepoint_id>63710870</swisstopo:routepoint_id>
				</extensions>
			</trkpt>
			<trkpt lat="47.1714233381" lon="9.1234211506">
				<ele>1452.5</ele>
				<extensions>
					<swisstopo:routepoint_id>1886446854</swisstopo:routepoint_id>
				</extensions>
			</trkpt>
			<trkpt lat="47.1714021463" lon="9.1234047832">
				<ele>1452.7</ele>
				<extensions>
					<swisstopo:routepoint_id>1239128659</swisstopo:routepoint_id>
				</extensions>
			</trkpt>
			<trkpt lat="47.1713800857" lon="9.1233998931">
				<ele>1453.2</ele>
				<extensions>
					<swisstopo:routepoint_id>1791709099</swisstopo:routepoint_id>
				</extensions>
			</trkpt>
			<trkpt lat="47.1713522282" lon="9.1234000587">
				<ele>1454.0</ele>
				<extensions>
					<swisstopo:routepoint_id>754351620</swisstopo:routepoint_id>
				</extensions>
			</trkpt>
			<trkpt lat="47.1713323233" lon="9.1233942074">
				<ele>1454.6</ele>
				<extensions>
					<swisstopo:routepoint_id>143023059</swisstopo:routepoint_id>
				</extensions>
			</trkpt>
			<trkpt lat="47.1713111635" lon="9.1233757296">
				<ele>1454.4</ele>
				<extensions>
					<swisstopo:routepoint_id>78205689</swisstopo:routepoint_id>
				</extensions>
			</trkpt>
			<trkpt lat="47.1712723227" lon="9.1233462332">
				<ele>1453.6</ele>
				<extensions>
					<swisstopo:routepoint_id>1397715346</swisstopo:routepoint_id>
				</extensions>
			</trkpt>
			<trkpt lat="47.1712454522" lon="9.1233275893">
				<ele>1453.4</ele>
				<extensions>
					<swisstopo:routepoint_id>1447369845</swisstopo:routepoint_id>
				</extensions>
			</trkpt>
			<trkpt lat="47.1712220684" lon="9.1233153354">
				<ele>1453.3</ele>
				<extensions>
					<swisstopo:routepoint_id>1597761819</swisstopo:routepoint_id>
				</extensions>
			</trkpt>
			<trkpt lat="47.1712008100" lon="9.1233041904">
				<ele>1453.3</ele>
				<extensions>
					<swisstopo:routepoint_id>1299292645</swisstopo:routepoint_id>
				</extensions>
			</trkpt>
			<trkpt lat="47.1711839543" lon="9.1232848066">
				<ele>1453.1</ele>
				<extensions>
					<swisstopo:routepoint_id>1769224601</swisstopo:routepoint_id>
				</extensions>
			</trkpt>
			<trkpt lat="47.1711699614" lon="9.1232644706">
				<ele>1453.0</ele>
				<extensions>
					<swisstopo:routepoint_id>1132814408</swisstopo:routepoint_id>
				</extensions>
			</trkpt>
			<trkpt lat="47.1711544825" lon="9.1232493252">
				<ele>1452.8</ele>
				<extensions>
					<swisstopo:routepoint_id>1201518507</swisstopo:routepoint_id>
				</extensions>
			</trkpt>
			<trkpt lat="47.1711305001" lon="9.1232286747">
				<ele>1452.5</ele>
				<extensions>
					<swisstopo:routepoint_id>996446659</swisstopo:routepoint_id>
				</extensions>
			</trkpt>
			<trkpt lat="47.1711192893" lon="9.1232136508">
				<ele>1452.4</ele>
				<extensions>
					<swisstopo:routepoint_id>1679126498</swisstopo:routepoint_id>
				</extensions>
			</trkpt>
			<trkpt lat="47.1711038781" lon="9.1231932702">
				<ele>1452.1</ele>
				<extensions>
					<swisstopo:routepoint_id>778238504</swisstopo:routepoint_id>
				</extensions>
			</trkpt>
			<trkpt lat="47.1710741415" lon="9.1231755787">
				<ele>1451.9</ele>
				<extensions>
					<swisstopo:routepoint_id>1874606463</swisstopo:routepoint_id>
				</extensions>
			</trkpt>
			<trkpt lat="47.1710457902" lon="9.1231610704">
				<ele>1451.8</ele>
				<extensions>
					<swisstopo:routepoint_id>375509107</swisstopo:routepoint_id>
				</extensions>
			</trkpt>
			<trkpt lat="47.1710110040" lon="9.1231474152">
				<ele>1451.6</ele>
				<extensions>
					<swisstopo:routepoint_id>1237761028</swisstopo:routepoint_id>
				</extensions>
			</trkpt>
			<trkpt lat="47.1709829517" lon="9.1231401068">
				<ele>1451.2</ele>
				<extensions>
					<swisstopo:routepoint_id>1670835600</swisstopo:routepoint_id>
				</extensions>
			</trkpt>
			<trkpt lat="47.1709625669" lon="9.1231167726">
				<ele>1451.4</ele>
				<extensions>
					<swisstopo:routepoint_id>108323287</swisstopo:routepoint_id>
				</extensions>
			</trkpt>
			<trkpt lat="47.1709468005" lon="9.1230966446">
				<ele>1451.3</ele>
				<extensions>
					<swisstopo:routepoint_id>1605220764</swisstopo:routepoint_id>
				</extensions>
			</trkpt>
			<trkpt lat="47.1709266216" lon="9.1230724465">
				<ele>1451.2</ele>
				<extensions>
					<swisstopo:routepoint_id>335500077</swisstopo:routepoint_id>
				</extensions>
			</trkpt>
			<trkpt lat="47.1709099341" lon="9.1230540309">
				<ele>1451.1</ele>
				<extensions>
					<swisstopo:routepoint_id>76556090</swisstopo:routepoint_id>
				</extensions>
			</trkpt>
			<trkpt lat="47.1708908769" lon="9.1230342349">
				<ele>1450.9</ele>
				<extensions>
					<swisstopo:routepoint_id>810980857</swisstopo:routepoint_id>
				</extensions>
			</trkpt>
			<trkpt lat="47.1708809196" lon="9.1230230107">
				<ele>1450.7</ele>
				<extensions>
					<swisstopo:routepoint_id>1434557618</swisstopo:routepoint_id>
				</extensions>
			</trkpt>
			<trkpt lat="47.1708641173" lon="9.1230124415">
				<ele>1450.1</ele>
				<extensions>
					<swisstopo:routepoint_id>384171500</swisstopo:routepoint_id>
				</extensions>
			</trkpt>
			<trkpt lat="47.1708417467" lon="9.1229885042">
				<ele>1448.9</ele>
				<extensions>
					<swisstopo:routepoint_id>247008393</swisstopo:routepoint_id>
				</extensions>
			</trkpt>
			<trkpt lat="47.1708170854" lon="9.1229572117">
				<ele>1448.1</ele>
				<extensions>
					<swisstopo:routepoint_id>1340483010</swisstopo:routepoint_id>
				</extensions>
			</trkpt>
			<trkpt lat="47.1707982004" lon="9.1229340569">
				<ele>1447.6</ele>
				<extensions>
					<swisstopo:routepoint_id>569948090</swisstopo:routepoint_id>
				</extensions>
			</trkpt>
			<trkpt lat="47.1707781457" lon="9.1229331881">
				<ele>1447.4</ele>
				<extensions>
					<swisstopo:routepoint_id>2095002786</swisstopo:routepoint_id>
				</extensions>
			</trkpt>
			<trkpt lat="47.1707627082" lon="9.1229446157">
				<ele>1447.0</ele>
				<extensions>
					<swisstopo:routepoint_id>1514108927</swisstopo:routepoint_id>
				</extensions>
			</trkpt>
			<trkpt lat="47.1707562867" lon="9.1229583455">
				<ele>1446.6</ele>
				<extensions>
					<swisstopo:routepoint_id>1418372261</swisstopo:routepoint_id>
				</extensions>
			</trkpt>
			<trkpt lat="47.1707646664" lon="9.1229825151">
				<ele>1446.2</ele>
				<extensions>
					<swisstopo:routepoint_id>1268616411</swisstopo:routepoint_id>
				</extensions>
			</trkpt>
			<trkpt lat="47.1707699853" lon="9.1229985012">
				<ele>1445.5</ele>
				<extensions>
					<swisstopo:routepoint_id>959907525</swisstopo:routepoint_id>
				</extensions>
			</trkpt>
			<trkpt lat="47.1707573883" lon="9.1230193588">
				<ele>1445.1</ele>
				<extensions>
					<swisstopo:routepoint_id>952222767</swisstopo:routepoint_id>
				</extensions>
			</trkpt>
			<trkpt lat="47.1707391581" lon="9.1230469129">
				<ele>1444.3</ele>
				<extensions>
					<swisstopo:routepoint_id>679043275</swisstopo:routepoint_id>
				</extensions>
			</trkpt>
			<trkpt lat="47.1707344594" lon="9.1230870041">
				<ele>1443.9</ele>
				<extensions>
					<swisstopo:routepoint_id>837976843</swisstopo:routepoint_id>
				</extensions>
			</trkpt>
			<trkpt lat="47.1707289577" lon="9.1231213312">
				<ele>1443.2</ele>
				<extensions>
					<swisstopo:routepoint_id>2067419729</swisstopo:routepoint_id>
				</extensions>
			</trkpt>
			<trkpt lat="47.1707242007" lon="9.1231540058">
				<ele>1442.6</ele>
				<extensions>
					<swisstopo:routepoint_id>2079120238</swisstopo:routepoint_id>
				</extensions>
			</trkpt>
			<trkpt lat="47.1707137278" lon="9.1231678061">
				<ele>1442.2</ele>
				<extensions>
					<swisstopo:routepoint_id>1339186514</swisstopo:routepoint_id>
				</extensions>
			</trkpt>
			<trkpt lat="47.1706901976" lon="9.1231558775">
				<ele>1441.8</ele>
				<extensions>
					<swisstopo:routepoint_id>537493628</swisstopo:routepoint_id>
				</extensions>
			</trkpt>
			<trkpt lat="47.1706670218" lon="9.1231575487">
				<ele>1441.3</ele>
				<extensions>
					<swisstopo:routepoint_id>1992782320</swisstopo:routepoint_id>
				</extensions>
			</trkpt>
			<trkpt lat="47.1706259690" lon="9.1231224290">
				<ele>1440.7</ele>
				<extensions>
					<swisstopo:routepoint_id>641795422</swisstopo:routepoint_id>
				</extensions>
			</trkpt>
			<trkpt lat="47.1706035740" lon="9.1230935697">
				<ele>1440.1</ele>
				<extensions>
					<swisstopo:routepoint_id>563262314</swisstopo:routepoint_id>
				</extensions>
			</trkpt>
			<trkpt lat="47.1705967562" lon="9.1230695416">
				<ele>1440.4</ele>
				<extensions>
					<swisstopo:routepoint_id>500137696</swisstopo:routepoint_id>
				</extensions>
			</trkpt>
			<trkpt lat="47.1705946125" lon="9.1230533256">
				<ele>1440.0</ele>
				<extensions>
					<swisstopo:routepoint_id>2022040153</swisstopo:routepoint_id>
				</extensions>
			</trkpt>
			<trkpt lat="47.1705885345" lon="9.1230417884">
				<ele>1439.8</ele>
				<extensions>
					<swisstopo:routepoint_id>1824721159</swisstopo:routepoint_id>
				</extensions>
			</trkpt>
			<trkpt lat="47.1705789892" lon="9.1230432292">
				<ele>1439.5</ele>
				<extensions>
					<swisstopo:routepoint_id>578537704</swisstopo:routepoint_id>
				</extensions>
			</trkpt>
			<trkpt lat="47.1705658018" lon="9.1230498064">
				<ele>1439.3</ele>
				<extensions>
					<swisstopo:routepoint_id>1782214580</swisstopo:routepoint_id>
				</extensions>
			</trkpt>
			<trkpt lat="47.1705494369" lon="9.1230501621">
				<ele>1438.7</ele>
				<extensions>
					<swisstopo:routepoint_id>1396411228</swisstopo:routepoint_id>
				</extensions>
			</trkpt>
			<trkpt lat="47.1705354983" lon="9.1230462268">
				<ele>1438.4</ele>
				<extensions>
					<swisstopo:routepoint_id>929121795</swisstopo:routepoint_id>
				</extensions>
			</trkpt>
			<trkpt lat="47.1705216282" lon="9.1230388111">
				<ele>1437.8</ele>
				<extensions>
					<swisstopo:routepoint_id>780877116</swisstopo:routepoint_id>
				</extensions>
			</trkpt>
			<trkpt lat="47.1705137802" lon="9.1230263473">
				<ele>1437.5</ele>
				<extensions>
					<swisstopo:routepoint_id>1813275499</swisstopo:routepoint_id>
				</extensions>
			</trkpt>
			<trkpt lat="47.1705010094" lon="9.1230014457">
				<ele>1436.5</ele>
				<extensions>
					<swisstopo:routepoint_id>661078490</swisstopo:routepoint_id>
				</extensions>
			</trkpt>
			<trkpt lat="47.1704790461" lon="9.1229701063">
				<ele>1436.1</ele>
				<extensions>
					<swisstopo:routepoint_id>1139264906</swisstopo:routepoint_id>
				</extensions>
			</trkpt>
			<trkpt lat="47.1704518338" lon="9.1229528242">
				<ele>1435.3</ele>
				<extensions>
					<swisstopo:routepoint_id>885152525</swisstopo:routepoint_id>
				</extensions>
			</trkpt>
			<trkpt lat="47.1704187983" lon="9.1229161893">
				<ele>1434.3</ele>
				<extensions>
					<swisstopo:routepoint_id>1703269005</swisstopo:routepoint_id>
				</extensions>
			</trkpt>
			<trkpt lat="47.1703798556" lon="9.1228929706">
				<ele>1434.0</ele>
				<extensions>
					<swisstopo:routepoint_id>472734294</swisstopo:routepoint_id>
				</extensions>
			</trkpt>
			<trkpt lat="47.1703430339" lon="9.1228719163">
				<ele>1433.8</ele>
				<extensions>
					<swisstopo:routepoint_id>386797509</swisstopo:routepoint_id>
				</extensions>
			</trkpt>
			<trkpt lat="47.1703020030" lon="9.1228454920">
				<ele>1433.5</ele>
				<extensions>
					<swisstopo:routepoint_id>1742337943</swisstopo:routepoint_id>
				</extensions>
			</trkpt>
			<trkpt lat="47.1702560977" lon="9.1228105364">
				<ele>1433.1</ele>
				<extensions>
					<swisstopo:routepoint_id>1742929689</swisstopo:routepoint_id>
				</extensions>
			</trkpt>
			<trkpt lat="47.1702153032" lon="9.1227673645">
				<ele>1432.7</ele>
				<extensions>
					<swisstopo:routepoint_id>1545136859</swisstopo:routepoint_id>
				</extensions>
			</trkpt>
			<trkpt lat="47.1701772886" lon="9.1227305599">
				<ele>1432.5</ele>
				<extensions>
					<swisstopo:routepoint_id>680739604</swisstopo:routepoint_id>
				</extensions>
			</trkpt>
			<trkpt lat="47.1701364940" lon="9.1226873877">
				<ele>1432.4</ele>
				<extensions>
					<swisstopo:routepoint_id>451846428</swisstopo:routepoint_id>
				</extensions>
			</trkpt>
			<trkpt lat="47.1700949357" lon="9.1226483743">
				<ele>1432.3</ele>
				<extensions>
					<swisstopo:routepoint_id>1556559626</swisstopo:routepoint_id>
				</extensions>
			</trkpt>
			<trkpt lat="47.1700668819" lon="9.1226129386">
				<ele>1432.1</ele>
				<extensions>
					<swisstopo:routepoint_id>1935728347</swisstopo:routepoint_id>
				</extensions>
			</trkpt>
			<trkpt lat="47.1700375127" lon="9.1225701266">
				<ele>1431.7</ele>
				<extensions>
					<swisstopo:routepoint_id>2059052015</swisstopo:routepoint_id>
				</extensions>
			</trkpt>
			<trkpt lat="47.1700181309" lon="9.1225286710">
				<ele>1431.5</ele>
				<extensions>
					<swisstopo:routepoint_id>1536850412</swisstopo:routepoint_id>
				</extensions>
			</trkpt>
			<trkpt lat="47.1700072655" lon="9.1224906367">
				<ele>1431.2</ele>
				<extensions>
					<swisstopo:routepoint_id>1371353088</swisstopo:routepoint_id>
				</extensions>
			</trkpt>
			<trkpt lat="47.1699928261" lon="9.1224524767">
				<ele>1430.6</ele>
				<extensions>
					<swisstopo:routepoint_id>1110047111</swisstopo:routepoint_id>
				</extensions>
			</trkpt>
			<trkpt lat="47.1699805359" lon="9.1224133420">
				<ele>1430.1</ele>
				<extensions>
					<swisstopo:routepoint_id>1713120920</swisstopo:routepoint_id>
				</extensions>
			</trkpt>
			<trkpt lat="47.1699658358" lon="9.1223929844">
				<ele>1429.9</ele>
				<extensions>
					<swisstopo:routepoint_id>523333055</swisstopo:routepoint_id>
				</extensions>
			</trkpt>
			<trkpt lat="47.1699425580" lon="9.1223734122">
				<ele>1429.3</ele>
				<extensions>
					<swisstopo:routepoint_id>1368481775</swisstopo:routepoint_id>
				</extensions>
			</trkpt>
			<trkpt lat="47.1699085444" lon="9.1223555868">
				<ele>1428.5</ele>
				<extensions>
					<swisstopo:routepoint_id>1891379867</swisstopo:routepoint_id>
				</extensions>
			</trkpt>
			<trkpt lat="47.1698743471" lon="9.1223503153">
				<ele>1428.1</ele>
				<extensions>
					<swisstopo:routepoint_id>2091375988</swisstopo:routepoint_id>
				</extensions>
			</trkpt>
			<trkpt lat="47.1698330314" lon="9.1223553608">
				<ele>1427.6</ele>
				<extensions>
					<swisstopo:routepoint_id>288764023</swisstopo:routepoint_id>
				</extensions>
			</trkpt>
			<trkpt lat="47.1698237459" lon="9.1224627625">
				<ele>1426.7</ele>
				<extensions>
					<swisstopo:routepoint_id>1417404942</swisstopo:routepoint_id>
				</extensions>
			</trkpt>
			<trkpt lat="47.1698268134" lon="9.1225251298">
				<ele>1426.1</ele>
				<extensions>
					<swisstopo:routepoint_id>696575877</swisstopo:routepoint_id>
				</extensions>
			</trkpt>
			<trkpt lat="47.1698510597" lon="9.1227439196">
				<ele>1424.2</ele>
				<extensions>
					<swisstopo:routepoint_id>2142541939</swisstopo:routepoint_id>
				</extensions>
			</trkpt>
			<trkpt lat="47.1698652312" lon="9.1229846887">
				<ele>1422.9</ele>
				<extensions>
					<swisstopo:routepoint_id>53025571</swisstopo:routepoint_id>
				</extensions>
			</trkpt>
			<trkpt lat="47.1698644874" lon="9.1231333630">
				<ele>1422.1</ele>
				<extensions>
					<swisstopo:routepoint_id>156014194</swisstopo:routepoint_id>
				</extensions>
			</trkpt>
			<trkpt lat="47.1698522040" lon="9.1231916190">
				<ele>1421.7</ele>
				<extensions>
					<swisstopo:routepoint_id>1971293730</swisstopo:routepoint_id>
				</extensions>
			</trkpt>
			<trkpt lat="47.1698286570" lon="9.1232390584">
				<ele>1421.6</ele>
				<extensions>
					<swisstopo:routepoint_id>1826506964</swisstopo:routepoint_id>
				</extensions>
			</trkpt>
			<trkpt lat="47.1697738678" lon="9.1232750254">
				<ele>1421.7</ele>
				<extensions>
					<swisstopo:routepoint_id>1436279092</swisstopo:routepoint_id>
				</extensions>
			</trkpt>
			<trkpt lat="47.1697349777" lon="9.1232968354">
				<ele>1421.6</ele>
				<extensions>
					<swisstopo:routepoint_id>1210736231</swisstopo:routepoint_id>
				</extensions>
			</trkpt>
			<trkpt lat="47.1697044530" lon="9.1233335800">
				<ele>1421.4</ele>
				<extensions>
					<swisstopo:routepoint_id>1832083731</swisstopo:routepoint_id>
				</extensions>
			</trkpt>
			<trkpt lat="47.1696865838" lon="9.1233832824">
				<ele>1421.4</ele>
				<extensions>
					<swisstopo:routepoint_id>543656067</swisstopo:routepoint_id>
				</extensions>
			</trkpt>
			<trkpt lat="47.1696723872" lon="9.1234749876">
				<ele>1421.3</ele>
				<extensions>
					<swisstopo:routepoint_id>1952150819</swisstopo:routepoint_id>
				</extensions>
			</trkpt>
			<trkpt lat="47.1696609835" lon="9.1235709631">
				<ele>1421.1</ele>
				<extensions>
					<swisstopo:routepoint_id>1270692541</swisstopo:routepoint_id>
				</extensions>
			</trkpt>
			<trkpt lat="47.1696389205" lon="9.1236142532">
				<ele>1420.9</ele>
				<extensions>
					<swisstopo:routepoint_id>177296990</swisstopo:routepoint_id>
				</extensions>
			</trkpt>
			<trkpt lat="47.1696069642" lon="9.1236509526">
				<ele>1420.7</ele>
				<extensions>
					<swisstopo:routepoint_id>555057194</swisstopo:routepoint_id>
				</extensions>
			</trkpt>
			<trkpt lat="47.1695581808" lon="9.1236661714">
				<ele>1420.6</ele>
				<extensions>
					<swisstopo:routepoint_id>984908610</swisstopo:routepoint_id>
				</extensions>
			</trkpt>
			<trkpt lat="47.1695240666" lon="9.1236546218">
				<ele>1420.7</ele>
				<extensions>
					<swisstopo:routepoint_id>1648460251</swisstopo:routepoint_id>
				</extensions>
			</trkpt>
			<trkpt lat="47.1694804270" lon="9.1236113602">
				<ele>1420.7</ele>
				<extensions>
					<swisstopo:routepoint_id>1011167166</swisstopo:routepoint_id>
				</extensions>
			</trkpt>
			<trkpt lat="47.1694290436" lon="9.1235113094">
				<ele>1419.9</ele>
				<extensions>
					<swisstopo:routepoint_id>413917457</swisstopo:routepoint_id>
				</extensions>
			</trkpt>
			<trkpt lat="47.1693786626" lon="9.1234406061">
				<ele>1418.8</ele>
				<extensions>
					<swisstopo:routepoint_id>605286128</swisstopo:routepoint_id>
				</extensions>
			</trkpt>
			<trkpt lat="47.1693336529" lon="9.1233931057">
				<ele>1417.8</ele>
				<extensions>
					<swisstopo:routepoint_id>137903263</swisstopo:routepoint_id>
				</extensions>
			</trkpt>
			<trkpt lat="47.1692840597" lon="9.1233664122">
				<ele>1416.8</ele>
				<extensions>
					<swisstopo:routepoint_id>548155099</swisstopo:routepoint_id>
				</extensions>
			</trkpt>
			<trkpt lat="47.1691984304" lon="9.1233616312">
				<ele>1415.3</ele>
				<extensions>
					<swisstopo:routepoint_id>995257826</swisstopo:routepoint_id>
				</extensions>
			</trkpt>
			<trkpt lat="47.1691413296" lon="9.1233598331">
				<ele>1414.1</ele>
				<extensions>
					<swisstopo:routepoint_id>2012103305</swisstopo:routepoint_id>
				</extensions>
			</trkpt>
			<trkpt lat="47.1690641491" lon="9.1233636828">
				<ele>1412.6</ele>
				<extensions>
					<swisstopo:routepoint_id>400560829</swisstopo:routepoint_id>
				</extensions>
			</trkpt>
			<trkpt lat="47.1690157247" lon="9.1233537805">
				<ele>1411.5</ele>
				<extensions>
					<swisstopo:routepoint_id>1049552641</swisstopo:routepoint_id>
				</extensions>
			</trkpt>
			<trkpt lat="47.1689704390" lon="9.1233251252">
				<ele>1410.5</ele>
				<extensions>
					<swisstopo:routepoint_id>687354322</swisstopo:routepoint_id>
				</extensions>
			</trkpt>
			<trkpt lat="47.1688816055" lon="9.1232469313">
				<ele>1408.4</ele>
				<extensions>
					<swisstopo:routepoint_id>827755484</swisstopo:routepoint_id>
				</extensions>
			</trkpt>
			<trkpt lat="47.1688180086" lon="9.1232009447">
				<ele>1407.0</ele>
				<extensions>
					<swisstopo:routepoint_id>310026958</swisstopo:routepoint_id>
				</extensions>
			</trkpt>
			<trkpt lat="47.1687726923" lon="9.1231743855">
				<ele>1406.0</ele>
				<extensions>
					<swisstopo:routepoint_id>217871699</swisstopo:routepoint_id>
				</extensions>
			</trkpt>
			<trkpt lat="47.1687503709" lon="9.1231380889">
				<ele>1405.4</ele>
				<extensions>
					<swisstopo:routepoint_id>1655186591</swisstopo:routepoint_id>
				</extensions>
			</trkpt>
			<trkpt lat="47.1687480202" lon="9.1231024081">
				<ele>1405.1</ele>
				<extensions>
					<swisstopo:routepoint_id>2025686526</swisstopo:routepoint_id>
				</extensions>
			</trkpt>
			<trkpt lat="47.1687628382" lon="9.1230672676">
				<ele>1404.7</ele>
				<extensions>
					<swisstopo:routepoint_id>1817182759</swisstopo:routepoint_id>
				</extensions>
			</trkpt>
			<trkpt lat="47.1687875932" lon="9.1230345373">
				<ele>1404.2</ele>
				<extensions>
					<swisstopo:routepoint_id>1957081973</swisstopo:routepoint_id>
				</extensions>
			</trkpt>
			<trkpt lat="47.1688233840" lon="9.1230293841">
				<ele>1403.6</ele>
				<extensions>
					<swisstopo:routepoint_id>886478916</swisstopo:routepoint_id>
				</extensions>
			</trkpt>
			<trkpt lat="47.1688776217" lon="9.1230310917">
				<ele>1402.7</ele>
				<extensions>
					<swisstopo:routepoint_id>2608208</swisstopo:routepoint_id>
				</extensions>
			</trkpt>
			<trkpt lat="47.1689107029" lon="9.1230153785">
				<ele>1402.1</ele>
				<extensions>
					<swisstopo:routepoint_id>276245746</swisstopo:routepoint_id>
				</extensions>
			</trkpt>
			<trkpt lat="47.1689443444" lon="9.1229619781">
				<ele>1401.2</ele>
				<extensions>
					<swisstopo:routepoint_id>1118926075</swisstopo:routepoint_id>
				</extensions>
			</trkpt>
			<trkpt lat="47.1689870514" lon="9.1228732687">
				<ele>1400.0</ele>
				<extensions>
					<swisstopo:routepoint_id>1664439871</swisstopo:routepoint_id>
				</extensions>
			</trkpt>
			<trkpt lat="47.1690240895" lon="9.1227822835">
				<ele>1399.1</ele>
				<extensions>
					<swisstopo:routepoint_id>675891322</swisstopo:routepoint_id>
				</extensions>
			</trkpt>
			<trkpt lat="47.1690510198" lon="9.1226993571">
				<ele>1398.2</ele>
				<extensions>
					<swisstopo:routepoint_id>90248072</swisstopo:routepoint_id>
				</extensions>
			</trkpt>
			<trkpt lat="47.1690618408" lon="9.1226431534">
				<ele>1397.6</ele>
				<extensions>
					<swisstopo:routepoint_id>2034154216</swisstopo:routepoint_id>
				</extensions>
			</trkpt>
			<trkpt lat="47.1690568282" lon="9.1225948292">
				<ele>1397.2</ele>
				<extensions>
					<swisstopo:routepoint_id>934398440</swisstopo:routepoint_id>
				</extensions>
			</trkpt>
			<trkpt lat="47.1690417999" lon="9.1225482738">
				<ele>1396.7</ele>
				<extensions>
					<swisstopo:routepoint_id>1657018048</swisstopo:routepoint_id>
				</extensions>
			</trkpt>
			<trkpt lat="47.1689664266" lon="9.1224286180">
				<ele>1395.3</ele>
				<extensions>
					<swisstopo:routepoint_id>558211792</swisstopo:routepoint_id>
				</extensions>
			</trkpt>
			<trkpt lat="47.1688505033" lon="9.1222490452">
				<ele>1392.8</ele>
				<extensions>
					<swisstopo:routepoint_id>1301658483</swisstopo:routepoint_id>
				</extensions>
			</trkpt>
			<trkpt lat="47.1687377401" lon="9.1220486358">
				<ele>1390.5</ele>
				<extensions>
					<swisstopo:routepoint_id>540430178</swisstopo:routepoint_id>
				</extensions>
			</trkpt>
			<trkpt lat="47.1687043606" lon="9.1219868466">
				<ele>1390.0</ele>
				<extensions>
					<swisstopo:routepoint_id>992701903</swisstopo:routepoint_id>
				</extensions>
			</trkpt>
			<trkpt lat="47.1686978332" lon="9.1219447546">
				<ele>1389.7</ele>
				<extensions>
					<swisstopo:routepoint_id>1420768928</swisstopo:routepoint_id>
				</extensions>
			</trkpt>
			<trkpt lat="47.1687085009" lon="9.1218990081">
				<ele>1389.4</ele>
				<extensions>
					<swisstopo:routepoint_id>964516412</swisstopo:routepoint_id>
				</extensions>
			</trkpt>
			<trkpt lat="47.1687304713" lon="9.1218620079">
				<ele>1389.1</ele>
				<extensions>
					<swisstopo:routepoint_id>54744304</swisstopo:routepoint_id>
				</extensions>
			</trkpt>
			<trkpt lat="47.1687780549" lon="9.1218320929">
				<ele>1388.3</ele>
				<extensions>
					<swisstopo:routepoint_id>1568035584</swisstopo:routepoint_id>
				</extensions>
			</trkpt>
			<trkpt lat="47.1688568112" lon="9.1218178160">
				<ele>1387.2</ele>
				<extensions>
					<swisstopo:routepoint_id>478220494</swisstopo:routepoint_id>
				</extensions>
			</trkpt>
			<trkpt lat="47.1689242516" lon="9.1217968898">
				<ele>1386.2</ele>
				<extensions>
					<swisstopo:routepoint_id>72986933</swisstopo:routepoint_id>
				</extensions>
			</trkpt>
			<trkpt lat="47.1689762868" lon="9.1217545557">
				<ele>1385.1</ele>
				<extensions>
					<swisstopo:routepoint_id>1120958352</swisstopo:routepoint_id>
				</extensions>
			</trkpt>
			<trkpt lat="47.1689996494" lon="9.1217196833">
				<ele>1384.5</ele>
				<extensions>
					<swisstopo:routepoint_id>1587264998</swisstopo:routepoint_id>
				</extensions>
			</trkpt>
			<trkpt lat="47.1690058782" lon="9.1216842721">
				<ele>1384.1</ele>
				<extensions>
					<swisstopo:routepoint_id>552330076</swisstopo:routepoint_id>
				</extensions>
			</trkpt>
			<trkpt lat="47.1690063986" lon="9.1216486811">
				<ele>1383.7</ele>
				<extensions>
					<swisstopo:routepoint_id>1596941926</swisstopo:routepoint_id>
				</extensions>
			</trkpt>
			<trkpt lat="47.1689822491" lon="9.1214447796">
				<ele>1381.4</ele>
				<extensions>
					<swisstopo:routepoint_id>391975325</swisstopo:routepoint_id>
				</extensions>
			</trkpt>
			<trkpt lat="47.1689608151" lon="9.1213477593">
				<ele>1380.2</ele>
				<extensions>
					<swisstopo:routepoint_id>1593865829</swisstopo:routepoint_id>
				</extensions>
			</trkpt>
			<trkpt lat="47.1689346362" lon="9.1212820143">
				<ele>1379.5</ele>
				<extensions>
					<swisstopo:routepoint_id>1061378773</swisstopo:routepoint_id>
				</extensions>
			</trkpt>
			<trkpt lat="47.1689009590" lon="9.1212411661">
				<ele>1378.8</ele>
				<extensions>
					<swisstopo:routepoint_id>2014279383</swisstopo:routepoint_id>
				</extensions>
			</trkpt>
			<trkpt lat="47.1688586407" lon="9.1212042281">
				<ele>1378.1</ele>
				<extensions>
					<swisstopo:routepoint_id>1727613089</swisstopo:routepoint_id>
				</extensions>
			</trkpt>
			<trkpt lat="47.1688106009" lon="9.1211692078">
				<ele>1377.3</ele>
				<extensions>
					<swisstopo:routepoint_id>2017130033</swisstopo:routepoint_id>
				</extensions>
			</trkpt>
			<trkpt lat="47.1687699194" lon="9.1211176644">
				<ele>1376.7</ele>
				<extensions>
					<swisstopo:routepoint_id>1782427948</swisstopo:routepoint_id>
				</extensions>
			</trkpt>
			<trkpt lat="47.1687324680" lon="9.1210410907">
				<ele>1376.2</ele>
				<extensions>
					<swisstopo:routepoint_id>1117226867</swisstopo:routepoint_id>
				</extensions>
			</trkpt>
			<trkpt lat="47.1686934346" lon="9.1208785962">
				<ele>1376.0</ele>
				<extensions>
					<swisstopo:routepoint_id>1650129175</swisstopo:routepoint_id>
				</extensions>
			</trkpt>
			<trkpt lat="47.1686653498" lon="9.1207478714">
				<ele>1376.1</ele>
				<extensions>
					<swisstopo:routepoint_id>633086459</swisstopo:routepoint_id>
				</extensions>
			</trkpt>
			<trkpt lat="47.1686560093" lon="9.1206997078">
				<ele>1375.9</ele>
				<extensions>
					<swisstopo:routepoint_id>725357622</swisstopo:routepoint_id>
				</extensions>
			</trkpt>
			<trkpt lat="47.1686387883" lon="9.1206109014">
				<ele>1375.6</ele>
				<extensions>
					<swisstopo:routepoint_id>1157029201</swisstopo:routepoint_id>
				</extensions>
			</trkpt>
			<trkpt lat="47.1686099078" lon="9.1205345972">
				<ele>1375.0</ele>
				<extensions>
					<swisstopo:routepoint_id>2017990496</swisstopo:routepoint_id>
				</extensions>
			</trkpt>
			<trkpt lat="47.1685892927" lon="9.1204794901">
				<ele>1374.4</ele>
				<extensions>
					<swisstopo:routepoint_id>1965526950</swisstopo:routepoint_id>
				</extensions>
			</trkpt>
			<trkpt lat="47.1685762979" lon="9.1203911265">
				<ele>1373.5</ele>
				<extensions>
					<swisstopo:routepoint_id>1320013780</swisstopo:routepoint_id>
				</extensions>
			</trkpt>
			<trkpt lat="47.1685766190" lon="9.1202717564">
				<ele>1372.5</ele>
				<extensions>
					<swisstopo:routepoint_id>2135807055</swisstopo:routepoint_id>
				</extensions>
			</trkpt>
			<trkpt lat="47.1685817523" lon="9.1202132767">
				<ele>1372.0</ele>
				<extensions>
					<swisstopo:routepoint_id>2049608705</swisstopo:routepoint_id>
				</extensions>
			</trkpt>
			<trkpt lat="47.1685997731" lon="9.1201531042">
				<ele>1371.4</ele>
				<extensions>
					<swisstopo:routepoint_id>1179340524</swisstopo:routepoint_id>
				</extensions>
			</trkpt>
			<trkpt lat="47.1686246888" lon="9.1201099160">
				<ele>1370.8</ele>
				<extensions>
					<swisstopo:routepoint_id>928725560</swisstopo:routepoint_id>
				</extensions>
			</trkpt>
			<trkpt lat="47.1686608292" lon="9.1200796271">
				<ele>1370.2</ele>
				<extensions>
					<swisstopo:routepoint_id>107384720</swisstopo:routepoint_id>
				</extensions>
			</trkpt>
			<trkpt lat="47.1687095508" lon="9.1200685985">
				<ele>1369.2</ele>
				<extensions>
					<swisstopo:routepoint_id>937989221</swisstopo:routepoint_id>
				</extensions>
			</trkpt>
			<trkpt lat="47.1687683059" lon="9.1200557880">
				<ele>1368.1</ele>
				<extensions>
					<swisstopo:routepoint_id>373792328</swisstopo:routepoint_id>
				</extensions>
			</trkpt>
			<trkpt lat="47.1688001694" lon="9.1200253645">
				<ele>1367.4</ele>
				<extensions>
					<swisstopo:routepoint_id>1647529478</swisstopo:routepoint_id>
				</extensions>
			</trkpt>
			<trkpt lat="47.1688120841" lon="9.1199922294">
				<ele>1367.0</ele>
				<extensions>
					<swisstopo:routepoint_id>284521100</swisstopo:routepoint_id>
				</extensions>
			</trkpt>
			<trkpt lat="47.1688041637" lon="9.1199480092">
				<ele>1366.5</ele>
				<extensions>
					<swisstopo:routepoint_id>1568432575</swisstopo:routepoint_id>
				</extensions>
			</trkpt>
			<trkpt lat="47.1687804320" lon="9.1199095587">
				<ele>1366.0</ele>
				<extensions>
					<swisstopo:routepoint_id>203635978</swisstopo:routepoint_id>
				</extensions>
			</trkpt>
			<trkpt lat="47.1687433104" lon="9.1199083922">
				<ele>1365.2</ele>
				<extensions>
					<swisstopo:routepoint_id>1964141266</swisstopo:routepoint_id>
				</extensions>
			</trkpt>
			<trkpt lat="47.1686917649" lon="9.1199172476">
				<ele>1364.0</ele>
				<extensions>
					<swisstopo:routepoint_id>1727737879</swisstopo:routepoint_id>
				</extensions>
			</trkpt>
			<trkpt lat="47.1686090596" lon="9.1199083692">
				<ele>1362.4</ele>
				<extensions>
					<swisstopo:routepoint_id>1867635433</swisstopo:routepoint_id>
				</extensions>
			</trkpt>
			<trkpt lat="47.1684995020" lon="9.1198797947">
				<ele>1360.1</ele>
				<extensions>
					<swisstopo:routepoint_id>515420312</swisstopo:routepoint_id>
				</extensions>
			</trkpt>
			<trkpt lat="47.1684452249" lon="9.1198801735">
				<ele>1359.2</ele>
				<extensions>
					<swisstopo:routepoint_id>400599551</swisstopo:routepoint_id>
				</extensions>
			</trkpt>
			<trkpt lat="47.1683980174" lon="9.1198849829">
				<ele>1358.4</ele>
				<extensions>
					<swisstopo:routepoint_id>1688418487</swisstopo:routepoint_id>
				</extensions>
			</trkpt>
			<trkpt lat="47.1683447348" lon="9.1199147202">
				<ele>1357.6</ele>
				<extensions>
					<swisstopo:routepoint_id>1094860969</swisstopo:routepoint_id>
				</extensions>
			</trkpt>
			<trkpt lat="47.1682522656" lon="9.1199872098">
				<ele>1356.0</ele>
				<extensions>
					<swisstopo:routepoint_id>699623242</swisstopo:routepoint_id>
				</extensions>
			</trkpt>
			<trkpt lat="47.1682044554" lon="9.1200338735">
				<ele>1355.2</ele>
				<extensions>
					<swisstopo:routepoint_id>1804582089</swisstopo:routepoint_id>
				</extensions>
			</trkpt>
			<trkpt lat="47.1681356478" lon="9.1201489924">
				<ele>1353.5</ele>
				<extensions>
					<swisstopo:routepoint_id>224349282</swisstopo:routepoint_id>
				</extensions>
			</trkpt>
			<trkpt lat="47.1680713617" lon="9.1202474993">
				<ele>1351.8</ele>
				<extensions>
					<swisstopo:routepoint_id>1845696771</swisstopo:routepoint_id>
				</extensions>
			</trkpt>
			<trkpt lat="47.1680378222" lon="9.1202946110">
				<ele>1351.0</ele>
				<extensions>
					<swisstopo:routepoint_id>617893088</swisstopo:routepoint_id>
				</extensions>
			</trkpt>
			<trkpt lat="47.1680061117" lon="9.1203145637">
				<ele>1350.5</ele>
				<extensions>
					<swisstopo:routepoint_id>2083889373</swisstopo:routepoint_id>
				</extensions>
			</trkpt>
			<trkpt lat="47.1679790757" lon="9.1203074345">
				<ele>1350.1</ele>
				<extensions>
					<swisstopo:routepoint_id>1888355877</swisstopo:routepoint_id>
				</extensions>
			</trkpt>
			<trkpt lat="47.1679552305" lon="9.1202773579">
				<ele>1349.7</ele>
				<extensions>
					<swisstopo:routepoint_id>987287857</swisstopo:routepoint_id>
				</extensions>
			</trkpt>
			<trkpt lat="47.1679514431" lon="9.1202437303">
				<ele>1349.4</ele>
				<extensions>
					<swisstopo:routepoint_id>1726785345</swisstopo:routepoint_id>
				</extensions>
			</trkpt>
			<trkpt lat="47.1679562093" lon="9.1202103712">
				<ele>1349.1</ele>
				<extensions>
					<swisstopo:routepoint_id>388533175</swisstopo:routepoint_id>
				</extensions>
			</trkpt>
			<trkpt lat="47.1679710700" lon="9.1201710498">
				<ele>1348.6</ele>
				<extensions>
					<swisstopo:routepoint_id>133034986</swisstopo:routepoint_id>
				</extensions>
			</trkpt>
			<trkpt lat="47.1679974392" lon="9.1201257970">
				<ele>1348.0</ele>
				<extensions>
					<swisstopo:routepoint_id>753102972</swisstopo:routepoint_id>
				</extensions>
			</trkpt>
			<trkpt lat="47.1680153375" lon="9.1200740118">
				<ele>1347.4</ele>
				<extensions>
					<swisstopo:routepoint_id>962560089</swisstopo:routepoint_id>
				</extensions>
			</trkpt>
			<trkpt lat="47.1680251017" lon="9.1199926306">
				<ele>1346.7</ele>
				<extensions>
					<swisstopo:routepoint_id>2062443988</swisstopo:routepoint_id>
				</extensions>
			</trkpt>
			<trkpt lat="47.1680248630" lon="9.1199109482">
				<ele>1345.8</ele>
				<extensions>
					<swisstopo:routepoint_id>726002085</swisstopo:routepoint_id>
				</extensions>
			</trkpt>
			<trkpt lat="47.1680172178" lon="9.1198478855">
				<ele>1345.1</ele>
				<extensions>
					<swisstopo:routepoint_id>1022739639</swisstopo:routepoint_id>
				</extensions>
			</trkpt>
			<trkpt lat="47.1680011240" lon="9.1197761668">
				<ele>1344.3</ele>
				<extensions>
					<swisstopo:routepoint_id>349137149</swisstopo:routepoint_id>
				</extensions>
			</trkpt>
			<trkpt lat="47.1679403329" lon="9.1196360391">
				<ele>1342.6</ele>
				<extensions>
					<swisstopo:routepoint_id>134565920</swisstopo:routepoint_id>
				</extensions>
			</trkpt>
			<trkpt lat="47.1678383847" lon="9.1193794226">
				<ele>1339.9</ele>
				<extensions>
					<swisstopo:routepoint_id>1364114356</swisstopo:routepoint_id>
				</extensions>
			</trkpt>
			<trkpt lat="47.1677999070" lon="9.1192755900">
				<ele>1339.0</ele>
				<extensions>
					<swisstopo:routepoint_id>1584596229</swisstopo:routepoint_id>
				</extensions>
			</trkpt>
			<trkpt lat="47.1677498290" lon="9.1191839656">
				<ele>1338.0</ele>
				<extensions>
					<swisstopo:routepoint_id>755105936</swisstopo:routepoint_id>
				</extensions>
			</trkpt>
			<trkpt lat="47.1677175433" lon="9.1191452476">
				<ele>1337.4</ele>
				<extensions>
					<swisstopo:routepoint_id>1547761321</swisstopo:routepoint_id>
				</extensions>
			</trkpt>
			<trkpt lat="47.1676819753" lon="9.1191357533">
				<ele>1336.8</ele>
				<extensions>
					<swisstopo:routepoint_id>2048168212</swisstopo:routepoint_id>
				</extensions>
			</trkpt>
			<trkpt lat="47.1676545812" lon="9.1191537448">
				<ele>1336.4</ele>
				<extensions>
					<swisstopo:routepoint_id>863357392</swisstopo:routepoint_id>
				</extensions>
			</trkpt>
			<trkpt lat="47.1676253190" lon="9.1192009911">
				<ele>1335.5</ele>
				<extensions>
					<swisstopo:routepoint_id>426430433</swisstopo:routepoint_id>
				</extensions>
			</trkpt>
			<trkpt lat="47.1675809605" lon="9.1193043190">
				<ele>1333.9</ele>
				<extensions>
					<swisstopo:routepoint_id>1313661320</swisstopo:routepoint_id>
				</extensions>
			</trkpt>
			<trkpt lat="47.1675339311" lon="9.1193949903">
				<ele>1332.4</ele>
				<extensions>
					<swisstopo:routepoint_id>253324582</swisstopo:routepoint_id>
				</extensions>
			</trkpt>
			<trkpt lat="47.1674916853" lon="9.1194523034">
				<ele>1331.3</ele>
				<extensions>
					<swisstopo:routepoint_id>1794205908</swisstopo:routepoint_id>
				</extensions>
			</trkpt>
			<trkpt lat="47.1674424351" lon="9.1194989215">
				<ele>1330.2</ele>
				<extensions>
					<swisstopo:routepoint_id>771345600</swisstopo:routepoint_id>
				</extensions>
			</trkpt>
			<trkpt lat="47.1674064696" lon="9.1195166434">
				<ele>1329.6</ele>
				<extensions>
					<swisstopo:routepoint_id>1255289504</swisstopo:routepoint_id>
				</extensions>
			</trkpt>
			<trkpt lat="47.1673751874" lon="9.1195072837">
				<ele>1329.2</ele>
				<extensions>
					<swisstopo:routepoint_id>1695880184</swisstopo:routepoint_id>
				</extensions>
			</trkpt>
			<trkpt lat="47.1673584205" lon="9.1194816254">
				<ele>1328.8</ele>
				<extensions>
					<swisstopo:routepoint_id>2145156860</swisstopo:routepoint_id>
				</extensions>
			</trkpt>
			<trkpt lat="47.1673532627" lon="9.1194437598">
				<ele>1328.3</ele>
				<extensions>
					<swisstopo:routepoint_id>1136925517</swisstopo:routepoint_id>
				</extensions>
			</trkpt>
			<trkpt lat="47.1673530846" lon="9.1193578984">
				<ele>1327.0</ele>
				<extensions>
					<swisstopo:routepoint_id>691448262</swisstopo:routepoint_id>
				</extensions>
			</trkpt>
			<trkpt lat="47.1673577260" lon="9.1191381416">
				<ele>1324.3</ele>
				<extensions>
					<swisstopo:routepoint_id>1839719224</swisstopo:routepoint_id>
				</extensions>
			</trkpt>
			<trkpt lat="47.1673498412" lon="9.1189933851">
				<ele>1322.6</ele>
				<extensions>
					<swisstopo:routepoint_id>298843130</swisstopo:routepoint_id>
				</extensions>
			</trkpt>
			<trkpt lat="47.1673422874" lon="9.1189240334">
				<ele>1321.8</ele>
				<extensions>
					<swisstopo:routepoint_id>418858228</swisstopo:routepoint_id>
				</extensions>
			</trkpt>
			<trkpt lat="47.1673232776" lon="9.1188564194">
				<ele>1320.8</ele>
				<extensions>
					<swisstopo:routepoint_id>113870815</swisstopo:routepoint_id>
				</extensions>
			</trkpt>
			<trkpt lat="47.1672954300" lon="9.1188073798">
				<ele>1319.9</ele>
				<extensions>
					<swisstopo:routepoint_id>316373141</swisstopo:routepoint_id>
				</extensions>
			</trkpt>
			<trkpt lat="47.1672643835" lon="9.1187812735">
				<ele>1319.2</ele>
				<extensions>
					<swisstopo:routepoint_id>859548930</swisstopo:routepoint_id>
				</extensions>
			</trkpt>
			<trkpt lat="47.1672343403" lon="9.1187845253">
				<ele>1318.8</ele>
				<extensions>
					<swisstopo:routepoint_id>1614209583</swisstopo:routepoint_id>
				</extensions>
			</trkpt>
			<trkpt lat="47.1671953988" lon="9.1188105183">
				<ele>1317.9</ele>
				<extensions>
					<swisstopo:routepoint_id>346233558</swisstopo:routepoint_id>
				</extensions>
			</trkpt>
			<trkpt lat="47.1671255582" lon="9.1188983887">
				<ele>1315.8</ele>
				<extensions>
					<swisstopo:routepoint_id>376695902</swisstopo:routepoint_id>
				</extensions>
			</trkpt>
			<trkpt lat="47.1670908717" lon="9.1189266126">
				<ele>1315.1</ele>
				<extensions>
					<swisstopo:routepoint_id>1097210613</swisstopo:routepoint_id>
				</extensions>
			</trkpt>
			<trkpt lat="47.1670538199" lon="9.1189212671">
				<ele>1314.4</ele>
				<extensions>
					<swisstopo:routepoint_id>1235887371</swisstopo:routepoint_id>
				</extensions>
			</trkpt>
			<trkpt lat="47.1670240824" lon="9.1189035790">
				<ele>1314.0</ele>
				<extensions>
					<swisstopo:routepoint_id>714070001</swisstopo:routepoint_id>
				</extensions>
			</trkpt>
			<trkpt lat="47.1669978805" lon="9.1188399216">
				<ele>1313.1</ele>
				<extensions>
					<swisstopo:routepoint_id>536562022</swisstopo:routepoint_id>
				</extensions>
			</trkpt>
			<trkpt lat="47.1669741315" lon="9.1187051427">
				<ele>1311.6</ele>
				<extensions>
					<swisstopo:routepoint_id>1197266516</swisstopo:routepoint_id>
				</extensions>
			</trkpt>
			<trkpt lat="47.1669309581" lon="9.1184336105">
				<ele>1309.0</ele>
				<extensions>
					<swisstopo:routepoint_id>975236060</swisstopo:routepoint_id>
				</extensions>
			</trkpt>
			<trkpt lat="47.1669103769" lon="9.1182779957">
				<ele>1307.2</ele>
				<extensions>
					<swisstopo:routepoint_id>1340654112</swisstopo:routepoint_id>
				</extensions>
			</trkpt>
			<trkpt lat="47.1669022554" lon="9.1181499872">
				<ele>1305.6</ele>
				<extensions>
					<swisstopo:routepoint_id>1596605511</swisstopo:routepoint_id>
				</extensions>
			</trkpt>
			<trkpt lat="47.1668882333" lon="9.1180343660">
				<ele>1304.3</ele>
				<extensions>
					<swisstopo:routepoint_id>1975340412</swisstopo:routepoint_id>
				</extensions>
			</trkpt>
			<trkpt lat="47.1668515871" lon="9.1178049381">
				<ele>1301.7</ele>
				<extensions>
					<swisstopo:routepoint_id>1439737823</swisstopo:routepoint_id>
				</extensions>
			</trkpt>
			<trkpt lat="47.1668369844" lon="9.1177290864">
				<ele>1300.9</ele>
				<extensions>
					<swisstopo:routepoint_id>216661184</swisstopo:routepoint_id>
				</extensions>
			</trkpt>
			<trkpt lat="47.1668149059" lon="9.1176760339">
				<ele>1300.5</ele>
				<extensions>
					<swisstopo:routepoint_id>773040562</swisstopo:routepoint_id>
				</extensions>
			</trkpt>
			<trkpt lat="47.1667826107" lon="9.1176373303">
				<ele>1300.1</ele>
				<extensions>
					<swisstopo:routepoint_id>720047801</swisstopo:routepoint_id>
				</extensions>
			</trkpt>
			<trkpt lat="47.1667443807" lon="9.1176151815">
				<ele>1299.5</ele>
				<extensions>
					<swisstopo:routepoint_id>515607578</swisstopo:routepoint_id>
				</extensions>
			</trkpt>
			<trkpt lat="47.1667170696" lon="9.1176268967">
				<ele>1299.0</ele>
				<extensions>
					<swisstopo:routepoint_id>381561360</swisstopo:routepoint_id>
				</extensions>
			</trkpt>
			<trkpt lat="47.1666791233" lon="9.1176822475">
				<ele>1298.1</ele>
				<extensions>
					<swisstopo:routepoint_id>1200579396</swisstopo:routepoint_id>
				</extensions>
			</trkpt>
			<trkpt lat="47.1666493206" lon="9.1177671799">
				<ele>1296.9</ele>
				<extensions>
					<swisstopo:routepoint_id>1204589095</swisstopo:routepoint_id>
				</extensions>
			</trkpt>
			<trkpt lat="47.1666214382" lon="9.1178186513">
				<ele>1295.9</ele>
				<extensions>
					<swisstopo:routepoint_id>2145383175</swisstopo:routepoint_id>
				</extensions>
			</trkpt>
			<trkpt lat="47.1665224108" lon="9.1178511490">
				<ele>1294.0</ele>
				<extensions>
					<swisstopo:routepoint_id>358148067</swisstopo:routepoint_id>
				</extensions>
			</trkpt>
			<trkpt lat="47.1664654539" lon="9.1178388870">
				<ele>1292.9</ele>
				<extensions>
					<swisstopo:routepoint_id>2098695606</swisstopo:routepoint_id>
				</extensions>
			</trkpt>
			<trkpt lat="47.1664315617" lon="9.1178126924">
				<ele>1292.2</ele>
				<extensions>
					<swisstopo:routepoint_id>1593072965</swisstopo:routepoint_id>
				</extensions>
			</trkpt>
			<trkpt lat="47.1663941779" lon="9.1177319446">
				<ele>1291.3</ele>
				<extensions>
					<swisstopo:routepoint_id>1287920554</swisstopo:routepoint_id>
				</extensions>
			</trkpt>
			<trkpt lat="47.1663773230" lon="9.1176141382">
				<ele>1289.6</ele>
				<extensions>
					<swisstopo:routepoint_id>842101812</swisstopo:routepoint_id>
				</extensions>
			</trkpt>
			<trkpt lat="47.1663763406" lon="9.1174863552">
				<ele>1287.6</ele>
				<extensions>
					<swisstopo:routepoint_id>2071636489</swisstopo:routepoint_id>
				</extensions>
			</trkpt>
			<trkpt lat="47.1663933292" lon="9.1173004974">
				<ele>1286.0</ele>
				<extensions>
					<swisstopo:routepoint_id>71804008</swisstopo:routepoint_id>
				</extensions>
			</trkpt>
			<trkpt lat="47.1664014155" lon="9.1172358329">
				<ele>1285.1</ele>
				<extensions>
					<swisstopo:routepoint_id>805486328</swisstopo:routepoint_id>
				</extensions>
			</trkpt>
			<trkpt lat="47.1663962873" lon="9.1171958847">
				<ele>1284.6</ele>
				<extensions>
					<swisstopo:routepoint_id>319864167</swisstopo:routepoint_id>
				</extensions>
			</trkpt>
			<trkpt lat="47.1663668245" lon="9.1171593550">
				<ele>1284.0</ele>
				<extensions>
					<swisstopo:routepoint_id>712865540</swisstopo:routepoint_id>
				</extensions>
			</trkpt>
			<trkpt lat="47.1663382741" lon="9.1171584594">
				<ele>1283.7</ele>
				<extensions>
					<swisstopo:routepoint_id>515862697</swisstopo:routepoint_id>
				</extensions>
			</trkpt>
			<trkpt lat="47.1663048883" lon="9.1171951149">
				<ele>1283.0</ele>
				<extensions>
					<swisstopo:routepoint_id>1839836550</swisstopo:routepoint_id>
				</extensions>
			</trkpt>
			<trkpt lat="47.1661968063" lon="9.1173592630">
				<ele>1280.6</ele>
				<extensions>
					<swisstopo:routepoint_id>885705301</swisstopo:routepoint_id>
				</extensions>
			</trkpt>
			<trkpt lat="47.1661489578" lon="9.1174080234">
				<ele>1279.9</ele>
				<extensions>
					<swisstopo:routepoint_id>1802548790</swisstopo:routepoint_id>
				</extensions>
			</trkpt>
			<trkpt lat="47.1661088992" lon="9.1174130460">
				<ele>1279.2</ele>
				<extensions>
					<swisstopo:routepoint_id>469673645</swisstopo:routepoint_id>
				</extensions>
			</trkpt>
			<trkpt lat="47.1660420487" lon="9.1173941947">
				<ele>1278.1</ele>
				<extensions>
					<swisstopo:routepoint_id>1431087435</swisstopo:routepoint_id>
				</extensions>
			</trkpt>
			<trkpt lat="47.1659767954" lon="9.1173628217">
				<ele>1276.8</ele>
				<extensions>
					<swisstopo:routepoint_id>1820980576</swisstopo:routepoint_id>
				</extensions>
			</trkpt>
			<trkpt lat="47.1659303208" lon="9.1173173948">
				<ele>1275.8</ele>
				<extensions>
					<swisstopo:routepoint_id>1188526589</swisstopo:routepoint_id>
				</extensions>
			</trkpt>
			<trkpt lat="47.1658894568" lon="9.1172649939">
				<ele>1275.1</ele>
				<extensions>
					<swisstopo:routepoint_id>698862176</swisstopo:routepoint_id>
				</extensions>
			</trkpt>
			<trkpt lat="47.1658403650" lon="9.1171773367">
				<ele>1274.2</ele>
				<extensions>
					<swisstopo:routepoint_id>1195231802</swisstopo:routepoint_id>
				</extensions>
			</trkpt>
			<trkpt lat="47.1657772492" lon="9.1170590436">
				<ele>1273.4</ele>
				<extensions>
					<swisstopo:routepoint_id>74946192</swisstopo:routepoint_id>
				</extensions>
			</trkpt>
			<trkpt lat="47.1657221146" lon="9.1170826821">
				<ele>1273.2</ele>
				<extensions>
					<swisstopo:routepoint_id>294393840</swisstopo:routepoint_id>
				</extensions>
			</trkpt>
			<trkpt lat="47.1656861851" lon="9.1170899586">
				<ele>1273.1</ele>
				<extensions>
					<swisstopo:routepoint_id>887133056</swisstopo:routepoint_id>
				</extensions>
			</trkpt>
			<trkpt lat="47.1656504811" lon="9.1170971888">
				<ele>1273.0</ele>
				<extensions>
					<swisstopo:routepoint_id>469874725</swisstopo:routepoint_id>
				</extensions>
			</trkpt>
			<trkpt lat="47.1656201938" lon="9.1171171874">
				<ele>1272.9</ele>
				<extensions>
					<swisstopo:routepoint_id>1597703659</swisstopo:routepoint_id>
				</extensions>
			</trkpt>
			<trkpt lat="47.1655720880" lon="9.1171847905">
				<ele>1272.7</ele>
				<extensions>
					<swisstopo:routepoint_id>1471530873</swisstopo:routepoint_id>
				</extensions>
			</trkpt>
			<trkpt lat="47.1655051444" lon="9.1172891751">
				<ele>1272.1</ele>
				<extensions>
					<swisstopo:routepoint_id>279016382</swisstopo:routepoint_id>
				</extensions>
			</trkpt>
			<trkpt lat="47.1654579346" lon="9.1173435351">
				<ele>1271.8</ele>
				<extensions>
					<swisstopo:routepoint_id>676064437</swisstopo:routepoint_id>
				</extensions>
			</trkpt>
			<trkpt lat="47.1654302390" lon="9.1173653562">
				<ele>1271.7</ele>
				<extensions>
					<swisstopo:routepoint_id>92292453</swisstopo:routepoint_id>
				</extensions>
			</trkpt>
			<trkpt lat="47.1653994192" lon="9.1173574108">
				<ele>1271.5</ele>
				<extensions>
					<swisstopo:routepoint_id>196648398</swisstopo:routepoint_id>
				</extensions>
			</trkpt>
			<trkpt lat="47.1653629671" lon="9.1173265987">
				<ele>1271.3</ele>
				<extensions>
					<swisstopo:routepoint_id>952305127</swisstopo:routepoint_id>
				</extensions>
			</trkpt>
			<trkpt lat="47.1653243731" lon="9.1172800081">
				<ele>1271.2</ele>
				<extensions>
					<swisstopo:routepoint_id>757112686</swisstopo:routepoint_id>
				</extensions>
			</trkpt>
			<trkpt lat="47.1652693395" lon="9.1172172035">
				<ele>1271.1</ele>
				<extensions>
					<swisstopo:routepoint_id>1543672699</swisstopo:routepoint_id>
				</extensions>
			</trkpt>
			<trkpt lat="47.1652096568" lon="9.1171472616">
				<ele>1270.8</ele>
				<extensions>
					<swisstopo:routepoint_id>934497030</swisstopo:routepoint_id>
				</extensions>
			</trkpt>
			<trkpt lat="47.1651497624" lon="9.1170930378">
				<ele>1270.0</ele>
				<extensions>
					<swisstopo:routepoint_id>1254277026</swisstopo:routepoint_id>
				</extensions>
			</trkpt>
			<trkpt lat="47.1650861236" lon="9.1170491578">
				<ele>1269.3</ele>
				<extensions>
					<swisstopo:routepoint_id>1649115144</swisstopo:routepoint_id>
				</extensions>
			</trkpt>
			<trkpt lat="47.1650355788" lon="9.1170056885">
				<ele>1268.8</ele>
				<extensions>
					<swisstopo:routepoint_id>602293065</swisstopo:routepoint_id>
				</extensions>
			</trkpt>
			<trkpt lat="47.1649958412" lon="9.1169555667">
				<ele>1268.4</ele>
				<extensions>
					<swisstopo:routepoint_id>471902148</swisstopo:routepoint_id>
				</extensions>
			</trkpt>
			<trkpt lat="47.1649635230" lon="9.1168864969">
				<ele>1268.0</ele>
				<extensions>
					<swisstopo:routepoint_id>1949335540</swisstopo:routepoint_id>
				</extensions>
			</trkpt>
			<trkpt lat="47.1649336356" lon="9.1168140077">
				<ele>1267.6</ele>
				<extensions>
					<swisstopo:routepoint_id>603205340</swisstopo:routepoint_id>
				</extensions>
			</trkpt>
			<trkpt lat="47.1649118955" lon="9.1167539894">
				<ele>1267.3</ele>
				<extensions>
					<swisstopo:routepoint_id>228622089</swisstopo:routepoint_id>
				</extensions>
			</trkpt>
			<trkpt lat="47.1648853447" lon="9.1166973163">
				<ele>1267.0</ele>
				<extensions>
					<swisstopo:routepoint_id>1656976055</swisstopo:routepoint_id>
				</extensions>
			</trkpt>
			<trkpt lat="47.1648549230" lon="9.1166614570">
				<ele>1266.6</ele>
				<extensions>
					<swisstopo:routepoint_id>1760301761</swisstopo:routepoint_id>
				</extensions>
			</trkpt>
			<trkpt lat="47.1647665368" lon="9.1166010903">
				<ele>1265.5</ele>
				<extensions>
					<swisstopo:routepoint_id>1722614824</swisstopo:routepoint_id>
				</extensions>
			</trkpt>
			<trkpt lat="47.1646850869" lon="9.1165549113">
				<ele>1264.6</ele>
				<extensions>
					<swisstopo:routepoint_id>1743311835</swisstopo:routepoint_id>
				</extensions>
			</trkpt>
			<trkpt lat="47.1646270626" lon="9.1165338979">
				<ele>1263.8</ele>
				<extensions>
					<swisstopo:routepoint_id>1468856300</swisstopo:routepoint_id>
				</extensions>
			</trkpt>
			<trkpt lat="47.1645523710" lon="9.1165141033">
				<ele>1262.8</ele>
				<extensions>
					<swisstopo:routepoint_id>1499761077</swisstopo:routepoint_id>
				</extensions>
			</trkpt>
			<trkpt lat="47.1644644669" lon="9.1165026272">
				<ele>1261.8</ele>
				<extensions>
					<swisstopo:routepoint_id>361048436</swisstopo:routepoint_id>
				</extensions>
			</trkpt>
			<trkpt lat="47.1643743268" lon="9.1164805937">
				<ele>1261.1</ele>
				<extensions>
					<swisstopo:routepoint_id>1806734088</swisstopo:routepoint_id>
				</extensions>
			</trkpt>
			<trkpt lat="47.1642782498" lon="9.1164583873">
				<ele>1260.6</ele>
				<extensions>
					<swisstopo:routepoint_id>1978802790</swisstopo:routepoint_id>
				</extensions>
			</trkpt>
			<trkpt lat="47.1642048876" lon="9.1164281605">
				<ele>1260.5</ele>
				<extensions>
					<swisstopo:routepoint_id>1757765446</swisstopo:routepoint_id>
				</extensions>
			</trkpt>
			<trkpt lat="47.1641246647" lon="9.1163833926">
				<ele>1260.2</ele>
				<extensions>
					<swisstopo:routepoint_id>1254581556</swisstopo:routepoint_id>
				</extensions>
			</trkpt>
			<trkpt lat="47.1640688038" lon="9.1163544007">
				<ele>1260.1</ele>
				<extensions>
					<swisstopo:routepoint_id>840311004</swisstopo:routepoint_id>
				</extensions>
			</trkpt>
			<trkpt lat="47.1638819794" lon="9.1162375494">
				<ele>1259.3</ele>
				<extensions>
					<swisstopo:routepoint_id>204742614</swisstopo:routepoint_id>
				</extensions>
			</trkpt>
			<trkpt lat="47.1638210827" lon="9.1162021350">
				<ele>1258.5</ele>
				<extensions>
					<swisstopo:routepoint_id>1223695819</swisstopo:routepoint_id>
				</extensions>
			</trkpt>
			<trkpt lat="47.1637393753" lon="9.1161241833">
				<ele>1257.5</ele>
				<extensions>
					<swisstopo:routepoint_id>1405705438</swisstopo:routepoint_id>
				</extensions>
			</trkpt>
			<trkpt lat="47.1636406676" lon="9.1160373237">
				<ele>1256.2</ele>
				<extensions>
					<swisstopo:routepoint_id>960171228</swisstopo:routepoint_id>
				</extensions>
			</trkpt>
			<trkpt lat="47.1635444751" lon="9.1159735751">
				<ele>1255.0</ele>
				<extensions>
					<swisstopo:routepoint_id>2019384288</swisstopo:routepoint_id>
				</extensions>
			</trkpt>
			<trkpt lat="47.1634535959" lon="9.1159372215">
				<ele>1254.1</ele>
				<extensions>
					<swisstopo:routepoint_id>1127335046</swisstopo:routepoint_id>
				</extensions>
			</trkpt>
			<trkpt lat="47.1633667539" lon="9.1159177461">
				<ele>1253.4</ele>
				<extensions>
					<swisstopo:routepoint_id>41465582</swisstopo:routepoint_id>
				</extensions>
			</trkpt>
			<trkpt lat="47.1632952158" lon="9.1159259769">
				<ele>1252.9</ele>
				<extensions>
					<swisstopo:routepoint_id>801779101</swisstopo:routepoint_id>
				</extensions>
			</trkpt>
			<trkpt lat="47.1632137270" lon="9.1159317991">
				<ele>1252.3</ele>
				<extensions>
					<swisstopo:routepoint_id>673923397</swisstopo:routepoint_id>
				</extensions>
			</trkpt>
			<trkpt lat="47.1631311040" lon="9.1159166507">
				<ele>1251.3</ele>
				<extensions>
					<swisstopo:routepoint_id>1842529191</swisstopo:routepoint_id>
				</extensions>
			</trkpt>
			<trkpt lat="47.1630277101" lon="9.1158568592">
				<ele>1249.6</ele>
				<extensions>
					<swisstopo:routepoint_id>924165185</swisstopo:routepoint_id>
				</extensions>
			</trkpt>
			<trkpt lat="47.1628913763" lon="9.1157904301">
				<ele>1248.1</ele>
				<extensions>
					<swisstopo:routepoint_id>251512583</swisstopo:routepoint_id>
				</extensions>
			</trkpt>
			<trkpt lat="47.1628487658" lon="9.1157744380">
				<ele>1248.0</ele>
				<extensions>
					<swisstopo:routepoint_id>539345510</swisstopo:routepoint_id>
				</extensions>
			</trkpt>
			<trkpt lat="47.1627757071" lon="9.1157889012">
				<ele>1247.6</ele>
				<extensions>
					<swisstopo:routepoint_id>1816966550</swisstopo:routepoint_id>
				</extensions>
			</trkpt>
			<trkpt lat="47.1627053643" lon="9.1158139096">
				<ele>1247.3</ele>
				<extensions>
					<swisstopo:routepoint_id>1640460048</swisstopo:routepoint_id>
				</extensions>
			</trkpt>
			<trkpt lat="47.1625967285" lon="9.1158328902">
				<ele>1246.9</ele>
				<extensions>
					<swisstopo:routepoint_id>1997831099</swisstopo:routepoint_id>
				</extensions>
			</trkpt>
			<trkpt lat="47.1624962270" lon="9.1158555282">
				<ele>1246.6</ele>
				<extensions>
					<swisstopo:routepoint_id>833072156</swisstopo:routepoint_id>
				</extensions>
			</trkpt>
			<trkpt lat="47.1624218691" lon="9.1158615740">
				<ele>1246.5</ele>
				<extensions>
					<swisstopo:routepoint_id>597516904</swisstopo:routepoint_id>
				</extensions>
			</trkpt>
			<trkpt lat="47.1623357547" lon="9.1158902825">
				<ele>1246.3</ele>
				<extensions>
					<swisstopo:routepoint_id>893808867</swisstopo:routepoint_id>
				</extensions>
			</trkpt>
			<trkpt lat="47.1621609195" lon="9.1159308663">
				<ele>1245.7</ele>
				<extensions>
					<swisstopo:routepoint_id>1926617019</swisstopo:routepoint_id>
				</extensions>
			</trkpt>
			<trkpt lat="47.1620509302" lon="9.1159316134">
				<ele>1245.0</ele>
				<extensions>
					<swisstopo:routepoint_id>473514222</swisstopo:routepoint_id>
				</extensions>
			</trkpt>
			<trkpt lat="47.1619605813" lon="9.1159700031">
				<ele>1244.6</ele>
				<extensions>
					<swisstopo:routepoint_id>1111910288</swisstopo:routepoint_id>
				</extensions>
			</trkpt>
			<trkpt lat="47.1618504663" lon="9.1160775393">
				<ele>1244.2</ele>
				<extensions>
					<swisstopo:routepoint_id>1280097762</swisstopo:routepoint_id>
				</extensions>
			</trkpt>
			<trkpt lat="47.1617191214" lon="9.1161718403">
				<ele>1243.7</ele>
				<extensions>
					<swisstopo:routepoint_id>1897252174</swisstopo:routepoint_id>
				</extensions>
			</trkpt>
			<trkpt lat="47.1616820887" lon="9.1161928922">
				<ele>1244.2</ele>
				<extensions>
					<swisstopo:routepoint_id>494850594</swisstopo:routepoint_id>
				</extensions>
			</trkpt>
			<trkpt lat="47.1616039059" lon="9.1162373356">
				<ele>1243.9</ele>
				<extensions>
					<swisstopo:routepoint_id>2067910406</swisstopo:routepoint_id>
				</extensions>
			</trkpt>
			<trkpt lat="47.1615220084" lon="9.1162703567">
				<ele>1244.0</ele>
				<extensions>
					<swisstopo:routepoint_id>166228158</swisstopo:routepoint_id>
				</extensions>
			</trkpt>
			<trkpt lat="47.1614749624" lon="9.1162647002">
				<ele>1243.8</ele>
				<extensions>
					<swisstopo:routepoint_id>663024863</swisstopo:routepoint_id>
				</extensions>
			</trkpt>
			<trkpt lat="47.1614153082" lon="9.1162418828">
				<ele>1243.7</ele>
				<extensions>
					<swisstopo:routepoint_id>781244603</swisstopo:routepoint_id>
				</extensions>
			</trkpt>
			<trkpt lat="47.1613631860" lon="9.1161920890">
				<ele>1243.6</ele>
				<extensions>
					<swisstopo:routepoint_id>1770215963</swisstopo:routepoint_id>
				</extensions>
			</trkpt>
			<trkpt lat="47.1612845123" lon="9.1161016796">
				<ele>1243.7</ele>
				<extensions>
					<swisstopo:routepoint_id>2140689222</swisstopo:routepoint_id>
				</extensions>
			</trkpt>
			<trkpt lat="47.1611978877" lon="9.1159691268">
				<ele>1243.6</ele>
				<extensions>
					<swisstopo:routepoint_id>1639584897</swisstopo:routepoint_id>
				</extensions>
			</trkpt>
			<trkpt lat="47.1611420344" lon="9.1158815169">
				<ele>1243.5</ele>
				<extensions>
					<swisstopo:routepoint_id>1827509413</swisstopo:routepoint_id>
				</extensions>
			</trkpt>
			<trkpt lat="47.1610813822" lon="9.1158293599">
				<ele>1243.5</ele>
				<extensions>
					<swisstopo:routepoint_id>1447906510</swisstopo:routepoint_id>
				</extensions>
			</trkpt>
			<trkpt lat="47.1609836364" lon="9.1157739551">
				<ele>1243.4</ele>
				<extensions>
					<swisstopo:routepoint_id>40206924</swisstopo:routepoint_id>
				</extensions>
			</trkpt>
			<trkpt lat="47.1608375411" lon="9.1157044517">
				<ele>1243.4</ele>
				<extensions>
					<swisstopo:routepoint_id>414754098</swisstopo:routepoint_id>
				</extensions>
			</trkpt>
			<trkpt lat="47.1606626181" lon="9.1156529085">
				<ele>1243.3</ele>
				<extensions>
					<swisstopo:routepoint_id>64039035</swisstopo:routepoint_id>
				</extensions>
			</trkpt>
			<trkpt lat="47.1605008419" lon="9.1155808292">
				<ele>1243.1</ele>
				<extensions>
					<swisstopo:routepoint_id>559394743</swisstopo:routepoint_id>
				</extensions>
			</trkpt>
			<trkpt lat="47.1603122787" lon="9.1154848822">
				<ele>1242.7</ele>
				<extensions>
					<swisstopo:routepoint_id>1709510508</swisstopo:routepoint_id>
				</extensions>
			</trkpt>
			<trkpt lat="47.1602302146" lon="9.1154320539">
				<ele>1243.0</ele>
				<extensions>
					<swisstopo:routepoint_id>1518941371</swisstopo:routepoint_id>
				</extensions>
			</trkpt>
			<trkpt lat="47.1601486592" lon="9.1153436407">
				<ele>1243.1</ele>
				<extensions>
					<swisstopo:routepoint_id>19384124</swisstopo:routepoint_id>
				</extensions>
			</trkpt>
			<trkpt lat="47.1600770117" lon="9.1152618180">
				<ele>1243.1</ele>
				<extensions>
					<swisstopo:routepoint_id>1171170018</swisstopo:routepoint_id>
				</extensions>
			</trkpt>
			<trkpt lat="47.1599977055" lon="9.1152153692">
				<ele>1243.1</ele>
				<extensions>
					<swisstopo:routepoint_id>341224044</swisstopo:routepoint_id>
				</extensions>
			</trkpt>
			<trkpt lat="47.1598737203" lon="9.1151473534">
				<ele>1242.9</ele>
				<extensions>
					<swisstopo:routepoint_id>688717682</swisstopo:routepoint_id>
				</extensions>
			</trkpt>
			<trkpt lat="47.1597993345" lon="9.1151065466">
				<ele>1242.1</ele>
				<extensions>
					<swisstopo:routepoint_id>1714373583</swisstopo:routepoint_id>
				</extensions>
			</trkpt>
			<trkpt lat="47.1595927376" lon="9.1149744353">
				<ele>1240.5</ele>
				<extensions>
					<swisstopo:routepoint_id>1497475768</swisstopo:routepoint_id>
				</extensions>
			</trkpt>
			<trkpt lat="47.1594855198" lon="9.1148831221">
				<ele>1240.1</ele>
				<extensions>
					<swisstopo:routepoint_id>1191701670</swisstopo:routepoint_id>
				</extensions>
			</trkpt>
			<trkpt lat="47.1593557039" lon="9.1147743656">
				<ele>1237.9</ele>
				<extensions>
					<swisstopo:routepoint_id>200674780</swisstopo:routepoint_id>
				</extensions>
			</trkpt>
			<trkpt lat="47.1592681632" lon="9.1147046158">
				<ele>1237.1</ele>
				<extensions>
					<swisstopo:routepoint_id>1287326615</swisstopo:routepoint_id>
				</extensions>
			</trkpt>
			<trkpt lat="47.1591966680" lon="9.1146123405">
				<ele>1237.0</ele>
				<extensions>
					<swisstopo:routepoint_id>2085718028</swisstopo:routepoint_id>
				</extensions>
			</trkpt>
			<trkpt lat="47.1591461887" lon="9.1145479334">
				<ele>1237.1</ele>
				<extensions>
					<swisstopo:routepoint_id>1037386682</swisstopo:routepoint_id>
				</extensions>
			</trkpt>
			<trkpt lat="47.1591317065" lon="9.1144637220">
				<ele>1236.5</ele>
				<extensions>
					<swisstopo:routepoint_id>1870788687</swisstopo:routepoint_id>
				</extensions>
			</trkpt>
			<trkpt lat="47.1591044042" lon="9.1143770111">
				<ele>1235.8</ele>
				<extensions>
					<swisstopo:routepoint_id>847375192</swisstopo:routepoint_id>
				</extensions>
			</trkpt>
			<trkpt lat="47.1590607511" lon="9.1143337660">
				<ele>1235.1</ele>
				<extensions>
					<swisstopo:routepoint_id>349893354</swisstopo:routepoint_id>
				</extensions>
			</trkpt>
			<trkpt lat="47.1590318279" lon="9.1143348649">
				<ele>1234.7</ele>
				<extensions>
					<swisstopo:routepoint_id>2056402196</swisstopo:routepoint_id>
				</extensions>
			</trkpt>
			<trkpt lat="47.1590088073" lon="9.1143464246">
				<ele>1234.4</ele>
				<extensions>
					<swisstopo:routepoint_id>1176913238</swisstopo:routepoint_id>
				</extensions>
			</trkpt>
			<trkpt lat="47.1589532320" lon="9.1143971667">
				<ele>1233.8</ele>
				<extensions>
					<swisstopo:routepoint_id>1715041496</swisstopo:routepoint_id>
				</extensions>
			</trkpt>
			<trkpt lat="47.1588721244" lon="9.1144750223">
				<ele>1233.3</ele>
				<extensions>
					<swisstopo:routepoint_id>270214522</swisstopo:routepoint_id>
				</extensions>
			</trkpt>
			<trkpt lat="47.1587848056" lon="9.1145605037">
				<ele>1232.9</ele>
				<extensions>
					<swisstopo:routepoint_id>133666812</swisstopo:routepoint_id>
				</extensions>
			</trkpt>
			<trkpt lat="47.1587067625" lon="9.1146373455">
				<ele>1232.4</ele>
				<extensions>
					<swisstopo:routepoint_id>1559096158</swisstopo:routepoint_id>
				</extensions>
			</trkpt>
			<trkpt lat="47.1586124702" lon="9.1147315377">
				<ele>1231.6</ele>
				<extensions>
					<swisstopo:routepoint_id>779509094</swisstopo:routepoint_id>
				</extensions>
			</trkpt>
			<trkpt lat="47.1585537485" lon="9.1147888833">
				<ele>1231.2</ele>
				<extensions>
					<swisstopo:routepoint_id>1046508632</swisstopo:routepoint_id>
				</extensions>
			</trkpt>
			<trkpt lat="47.1584726893" lon="9.1148633870">
				<ele>1230.8</ele>
				<extensions>
					<swisstopo:routepoint_id>725302772</swisstopo:routepoint_id>
				</extensions>
			</trkpt>
			<trkpt lat="47.1583730801" lon="9.1149563041">
				<ele>1230.3</ele>
				<extensions>
					<swisstopo:routepoint_id>700623439</swisstopo:routepoint_id>
				</extensions>
			</trkpt>
			<trkpt lat="47.1582911842" lon="9.1150363618">
				<ele>1229.8</ele>
				<extensions>
					<swisstopo:routepoint_id>1413468479</swisstopo:routepoint_id>
				</extensions>
			</trkpt>
			<trkpt lat="47.1582341123" lon="9.1150848272">
				<ele>1229.7</ele>
				<extensions>
					<swisstopo:routepoint_id>288595915</swisstopo:routepoint_id>
				</extensions>
			</trkpt>
			<trkpt lat="47.1581960783" lon="9.1151338761">
				<ele>1229.6</ele>
				<extensions>
					<swisstopo:routepoint_id>1612770107</swisstopo:routepoint_id>
				</extensions>
			</trkpt>
			<trkpt lat="47.1581685705" lon="9.1151921988">
				<ele>1229.2</ele>
				<extensions>
					<swisstopo:routepoint_id>1413650524</swisstopo:routepoint_id>
				</extensions>
			</trkpt>
			<trkpt lat="47.1581395571" lon="9.1152593895">
				<ele>1228.7</ele>
				<extensions>
					<swisstopo:routepoint_id>1624464405</swisstopo:routepoint_id>
				</extensions>
			</trkpt>
			<trkpt lat="47.1581005224" lon="9.1153443767">
				<ele>1228.1</ele>
				<extensions>
					<swisstopo:routepoint_id>2145280384</swisstopo:routepoint_id>
				</extensions>
			</trkpt>
			<trkpt lat="47.1580258559" lon="9.1154697703">
				<ele>1226.7</ele>
				<extensions>
					<swisstopo:routepoint_id>1279775927</swisstopo:routepoint_id>
				</extensions>
			</trkpt>
			<trkpt lat="47.1579680498" lon="9.1155161156">
				<ele>1225.9</ele>
				<extensions>
					<swisstopo:routepoint_id>1762579235</swisstopo:routepoint_id>
				</extensions>
			</trkpt>
			<trkpt lat="47.1579284454" lon="9.1155698227">
				<ele>1225.5</ele>
				<extensions>
					<swisstopo:routepoint_id>1218677582</swisstopo:routepoint_id>
				</extensions>
			</trkpt>
			<trkpt lat="47.1578941521" lon="9.1156257828">
				<ele>1225.0</ele>
				<extensions>
					<swisstopo:routepoint_id>1862749764</swisstopo:routepoint_id>
				</extensions>
			</trkpt>
			<trkpt lat="47.1578537758" lon="9.1156781211">
				<ele>1224.8</ele>
				<extensions>
					<swisstopo:routepoint_id>1863043632</swisstopo:routepoint_id>
				</extensions>
			</trkpt>
			<trkpt lat="47.1578226753" lon="9.1157218075">
				<ele>1224.4</ele>
				<extensions>
					<swisstopo:routepoint_id>1165274375</swisstopo:routepoint_id>
				</extensions>
			</trkpt>
			<trkpt lat="47.1577915749" lon="9.1157654938">
				<ele>1224.2</ele>
				<extensions>
					<swisstopo:routepoint_id>297141950</swisstopo:routepoint_id>
				</extensions>
			</trkpt>
			<trkpt lat="47.1577514840" lon="9.1157988610">
				<ele>1224.1</ele>
				<extensions>
					<swisstopo:routepoint_id>1161859103</swisstopo:routepoint_id>
				</extensions>
			</trkpt>
			<trkpt lat="47.1577030933" lon="9.1158263760">
				<ele>1224.0</ele>
				<extensions>
					<swisstopo:routepoint_id>11824261</swisstopo:routepoint_id>
				</extensions>
			</trkpt>
			<trkpt lat="47.1576654006" lon="9.1158519964">
				<ele>1223.4</ele>
				<extensions>
					<swisstopo:routepoint_id>378209283</swisstopo:routepoint_id>
				</extensions>
			</trkpt>
			<trkpt lat="47.1576244966" lon="9.1158886741">
				<ele>1223.0</ele>
				<extensions>
					<swisstopo:routepoint_id>1700683379</swisstopo:routepoint_id>
				</extensions>
			</trkpt>
			<trkpt lat="47.1575865272" lon="9.1159332671">
				<ele>1222.9</ele>
				<extensions>
					<swisstopo:routepoint_id>1305559654</swisstopo:routepoint_id>
				</extensions>
			</trkpt>
			<trkpt lat="47.1575539233" lon="9.1159757853">
				<ele>1222.8</ele>
				<extensions>
					<swisstopo:routepoint_id>1098415838</swisstopo:routepoint_id>
				</extensions>
			</trkpt>
			<trkpt lat="47.1575234803" lon="9.1160262044">
				<ele>1223.1</ele>
				<extensions>
					<swisstopo:routepoint_id>832507549</swisstopo:routepoint_id>
				</extensions>
			</trkpt>
			<trkpt lat="47.1574981103" lon="9.1160421606">
				<ele>1223.1</ele>
				<extensions>
					<swisstopo:routepoint_id>7332604</swisstopo:routepoint_id>
				</extensions>
			</trkpt>
			<trkpt lat="47.1574470379" lon="9.1160450180">
				<ele>1222.7</ele>
				<extensions>
					<swisstopo:routepoint_id>2017027678</swisstopo:routepoint_id>
				</extensions>
			</trkpt>
			<trkpt lat="47.1573915272" lon="9.1160388198">
				<ele>1222.3</ele>
				<extensions>
					<swisstopo:routepoint_id>123421119</swisstopo:routepoint_id>
				</extensions>
			</trkpt>
			<trkpt lat="47.1573360168" lon="9.1160326086">
				<ele>1221.6</ele>
				<extensions>
					<swisstopo:routepoint_id>2048722331</swisstopo:routepoint_id>
				</extensions>
			</trkpt>
			<trkpt lat="47.1572460082" lon="9.1160420674">
				<ele>1220.6</ele>
				<extensions>
					<swisstopo:routepoint_id>1687238817</swisstopo:routepoint_id>
				</extensions>
			</trkpt>
			<trkpt lat="47.1571385794" lon="9.1160442790">
				<ele>1220.5</ele>
				<extensions>
					<swisstopo:routepoint_id>37921247</swisstopo:routepoint_id>
				</extensions>
			</trkpt>
			<trkpt lat="47.1570661939" lon="9.1160464813">
				<ele>1219.8</ele>
				<extensions>
					<swisstopo:routepoint_id>763830259</swisstopo:routepoint_id>
				</extensions>
			</trkpt>
			<trkpt lat="47.1570159909" lon="9.1160415587">
				<ele>1219.4</ele>
				<extensions>
					<swisstopo:routepoint_id>894968721</swisstopo:routepoint_id>
				</extensions>
			</trkpt>
			<trkpt lat="47.1569682436" lon="9.1160255522">
				<ele>1219.1</ele>
				<extensions>
					<swisstopo:routepoint_id>2121215624</swisstopo:routepoint_id>
				</extensions>
			</trkpt>
			<trkpt lat="47.1569160581" lon="9.1160004657">
				<ele>1218.9</ele>
				<extensions>
					<swisstopo:routepoint_id>2039897076</swisstopo:routepoint_id>
				</extensions>
			</trkpt>
			<trkpt lat="47.1568624742" lon="9.1159664059">
				<ele>1218.5</ele>
				<extensions>
					<swisstopo:routepoint_id>203152937</swisstopo:routepoint_id>
				</extensions>
			</trkpt>
			<trkpt lat="47.1568170924" lon="9.1159448818">
				<ele>1218.3</ele>
				<extensions>
					<swisstopo:routepoint_id>447984817</swisstopo:routepoint_id>
				</extensions>
			</trkpt>
			<trkpt lat="47.1567663128" lon="9.1159276596">
				<ele>1217.8</ele>
				<extensions>
					<swisstopo:routepoint_id>154759962</swisstopo:routepoint_id>
				</extensions>
			</trkpt>
			<trkpt lat="47.1566843190" lon="9.1159094608">
				<ele>1217.5</ele>
				<extensions>
					<swisstopo:routepoint_id>2112610780</swisstopo:routepoint_id>
				</extensions>
			</trkpt>
			<trkpt lat="47.1566113969" lon="9.1158960031">
				<ele>1217.4</ele>
				<extensions>
					<swisstopo:routepoint_id>1761223283</swisstopo:routepoint_id>
				</extensions>
			</trkpt>
			<trkpt lat="47.1565453021" lon="9.1158838815">
				<ele>1217.1</ele>
				<extensions>
					<swisstopo:routepoint_id>222685651</swisstopo:routepoint_id>
				</extensions>
			</trkpt>
			<trkpt lat="47.1564852648" lon="9.1158752989">
				<ele>1216.9</ele>
				<extensions>
					<swisstopo:routepoint_id>1289883388</swisstopo:routepoint_id>
				</extensions>
			</trkpt>
			<trkpt lat="47.1564433526" lon="9.1158762152">
				<ele>1216.8</ele>
				<extensions>
					<swisstopo:routepoint_id>906627379</swisstopo:routepoint_id>
				</extensions>
			</trkpt>
			<trkpt lat="47.1564005964" lon="9.1158838174">
				<ele>1216.7</ele>
				<extensions>
					<swisstopo:routepoint_id>610043051</swisstopo:routepoint_id>
				</extensions>
			</trkpt>
			<trkpt lat="47.1563653091" lon="9.1159005702">
				<ele>1216.9</ele>
				<extensions>
					<swisstopo:routepoint_id>742142861</swisstopo:routepoint_id>
				</extensions>
			</trkpt>
			<trkpt lat="47.1563381751" lon="9.1159332219">
				<ele>1216.7</ele>
				<extensions>
					<swisstopo:routepoint_id>404574009</swisstopo:routepoint_id>
				</extensions>
			</trkpt>
			<trkpt lat="47.1563185119" lon="9.1159761447">
				<ele>1216.1</ele>
				<extensions>
					<swisstopo:routepoint_id>1556301267</swisstopo:routepoint_id>
				</extensions>
			</trkpt>
			<trkpt lat="47.1562995223" lon="9.1160246804">
				<ele>1215.6</ele>
				<extensions>
					<swisstopo:routepoint_id>859239385</swisstopo:routepoint_id>
				</extensions>
			</trkpt>
			<trkpt lat="47.1562837442" lon="9.1160621590">
				<ele>1215.4</ele>
				<extensions>
					<swisstopo:routepoint_id>1701606412</swisstopo:routepoint_id>
				</extensions>
			</trkpt>
			<trkpt lat="47.1562644625" lon="9.1161307727">
				<ele>1215.2</ele>
				<extensions>
					<swisstopo:routepoint_id>796766951</swisstopo:routepoint_id>
				</extensions>
			</trkpt>
			<trkpt lat="47.1562443252" lon="9.1162060739">
				<ele>1215.0</ele>
				<extensions>
					<swisstopo:routepoint_id>1201115193</swisstopo:routepoint_id>
				</extensions>
			</trkpt>
			<trkpt lat="47.1562305103" lon="9.1162659435">
				<ele>1214.7</ele>
				<extensions>
					<swisstopo:routepoint_id>1849076990</swisstopo:routepoint_id>
				</extensions>
			</trkpt>
			<trkpt lat="47.1562115026" lon="9.1163155867">
				<ele>1214.3</ele>
				<extensions>
					<swisstopo:routepoint_id>333086896</swisstopo:routepoint_id>
				</extensions>
			</trkpt>
			<trkpt lat="47.1561867993" lon="9.1163382633">
				<ele>1214.0</ele>
				<extensions>
					<swisstopo:routepoint_id>513156864</swisstopo:routepoint_id>
				</extensions>
			</trkpt>
			<trkpt lat="47.1561368241" lon="9.1163701980">
				<ele>1213.8</ele>
				<extensions>
					<swisstopo:routepoint_id>1017488275</swisstopo:routepoint_id>
				</extensions>
			</trkpt>
			<trkpt lat="47.1560717348" lon="9.1163938375">
				<ele>1213.4</ele>
				<extensions>
					<swisstopo:routepoint_id>1003718780</swisstopo:routepoint_id>
				</extensions>
			</trkpt>
			<trkpt lat="47.1560151135" lon="9.1164121625">
				<ele>1213.1</ele>
				<extensions>
					<swisstopo:routepoint_id>973247934</swisstopo:routepoint_id>
				</extensions>
			</trkpt>
			<trkpt lat="47.1560151136" lon="9.1164121632">
				<ele>1213.1</ele>
				<extensions>
					<swisstopo:routepoint_id>1440828158</swisstopo:routepoint_id>
				</extensions>
			</trkpt>
			<trkpt lat="47.1559699494" lon="9.1164274847">
				<ele>1212.9</ele>
				<extensions>
					<swisstopo:routepoint_id>943690579</swisstopo:routepoint_id>
				</extensions>
			</trkpt>
			<trkpt lat="47.1559253861" lon="9.1164540098">
				<ele>1212.9</ele>
				<extensions>
					<swisstopo:routepoint_id>524309460</swisstopo:routepoint_id>
				</extensions>
			</trkpt>
			<trkpt lat="47.1558968860" lon="9.1164846128">
				<ele>1212.9</ele>
				<extensions>
					<swisstopo:routepoint_id>1681142777</swisstopo:routepoint_id>
				</extensions>
			</trkpt>
			<trkpt lat="47.1558666765" lon="9.1165330074">
				<ele>1212.8</ele>
				<extensions>
					<swisstopo:routepoint_id>1345423720</swisstopo:routepoint_id>
				</extensions>
			</trkpt>
			<trkpt lat="47.1558531275" lon="9.1166186175">
				<ele>1212.4</ele>
				<extensions>
					<swisstopo:routepoint_id>109581657</swisstopo:routepoint_id>
				</extensions>
			</trkpt>
			<trkpt lat="47.1558123924" lon="9.1168579689">
				<ele>1211.1</ele>
				<extensions>
					<swisstopo:routepoint_id>308195403</swisstopo:routepoint_id>
				</extensions>
			</trkpt>
			<trkpt lat="47.1557760372" lon="9.1170542091">
				<ele>1210.2</ele>
				<extensions>
					<swisstopo:routepoint_id>1171953841</swisstopo:routepoint_id>
				</extensions>
			</trkpt>
			<trkpt lat="47.1557446705" lon="9.1172047985">
				<ele>1209.0</ele>
				<extensions>
					<swisstopo:routepoint_id>1442501032</swisstopo:routepoint_id>
				</extensions>
			</trkpt>
			<trkpt lat="47.1557121952" lon="9.1173404226">
				<ele>1208.1</ele>
				<extensions>
					<swisstopo:routepoint_id>1054597789</swisstopo:routepoint_id>
				</extensions>
			</trkpt>
			<trkpt lat="47.1557073411" lon="9.1174009285">
				<ele>1208.0</ele>
				<extensions>
					<swisstopo:routepoint_id>614523916</swisstopo:routepoint_id>
				</extensions>
			</trkpt>
			<trkpt lat="47.1557066717" lon="9.1174829326">
				<ele>1207.6</ele>
				<extensions>
					<swisstopo:routepoint_id>899942991</swisstopo:routepoint_id>
				</extensions>
			</trkpt>
			<trkpt lat="47.1557195356" lon="9.1175430712">
				<ele>1207.2</ele>
				<extensions>
					<swisstopo:routepoint_id>808218838</swisstopo:routepoint_id>
				</extensions>
			</trkpt>
			<trkpt lat="47.1557370947" lon="9.1176138163">
				<ele>1207.0</ele>
				<extensions>
					<swisstopo:routepoint_id>695006353</swisstopo:routepoint_id>
				</extensions>
			</trkpt>
			<trkpt lat="47.1557462592" lon="9.1176643424">
				<ele>1207.0</ele>
				<extensions>
					<swisstopo:routepoint_id>2022435067</swisstopo:routepoint_id>
				</extensions>
			</trkpt>
			<trkpt lat="47.1557613304" lon="9.1177273465">
				<ele>1206.5</ele>
				<extensions>
					<swisstopo:routepoint_id>530251210</swisstopo:routepoint_id>
				</extensions>
			</trkpt>
			<trkpt lat="47.1557754597" lon="9.1178037215">
				<ele>1205.6</ele>
				<extensions>
					<swisstopo:routepoint_id>2090400590</swisstopo:routepoint_id>
				</extensions>
			</trkpt>
			<trkpt lat="47.1557863774" lon="9.1178900331">
				<ele>1204.6</ele>
				<extensions>
					<swisstopo:routepoint_id>167635001</swisstopo:routepoint_id>
				</extensions>
			</trkpt>
			<trkpt lat="47.1557952411" lon="9.1179617717">
				<ele>1204.0</ele>
				<extensions>
					<swisstopo:routepoint_id>1842243521</swisstopo:routepoint_id>
				</extensions>
			</trkpt>
			<trkpt lat="47.1557933605" lon="9.1180376445">
				<ele>1203.1</ele>
				<extensions>
					<swisstopo:routepoint_id>1180861464</swisstopo:routepoint_id>
				</extensions>
			</trkpt>
			<trkpt lat="47.1557842254" lon="9.1180898386">
				<ele>1202.3</ele>
				<extensions>
					<swisstopo:routepoint_id>1381170441</swisstopo:routepoint_id>
				</extensions>
			</trkpt>
			<trkpt lat="47.1557706215" lon="9.1181351924">
				<ele>1201.7</ele>
				<extensions>
					<swisstopo:routepoint_id>270194657</swisstopo:routepoint_id>
				</extensions>
			</trkpt>
			<trkpt lat="47.1557446325" lon="9.1181935578">
				<ele>1201.1</ele>
				<extensions>
					<swisstopo:routepoint_id>1162113046</swisstopo:routepoint_id>
				</extensions>
			</trkpt>
			<trkpt lat="47.1557104448" lon="9.1182393732">
				<ele>1200.3</ele>
				<extensions>
					<swisstopo:routepoint_id>1751839288</swisstopo:routepoint_id>
				</extensions>
			</trkpt>
			<trkpt lat="47.1556712446" lon="9.1182638229">
				<ele>1199.6</ele>
				<extensions>
					<swisstopo:routepoint_id>2062235403</swisstopo:routepoint_id>
				</extensions>
			</trkpt>
			<trkpt lat="47.1556244464" lon="9.1182869259">
				<ele>1198.7</ele>
				<extensions>
					<swisstopo:routepoint_id>1563044101</swisstopo:routepoint_id>
				</extensions>
			</trkpt>
			<trkpt lat="47.1555844333" lon="9.1183146999">
				<ele>1197.9</ele>
				<extensions>
					<swisstopo:routepoint_id>1505005381</swisstopo:routepoint_id>
				</extensions>
			</trkpt>
			<trkpt lat="47.1555473534" lon="9.1183503874">
				<ele>1197.1</ele>
				<extensions>
					<swisstopo:routepoint_id>61165121</swisstopo:routepoint_id>
				</extensions>
			</trkpt>
			<trkpt lat="47.1555198452" lon="9.1184086916">
				<ele>1196.2</ele>
				<extensions>
					<swisstopo:routepoint_id>1432468634</swisstopo:routepoint_id>
				</extensions>
			</trkpt>
			<trkpt lat="47.1555075810" lon="9.1184663796">
				<ele>1195.2</ele>
				<extensions>
					<swisstopo:routepoint_id>1583833657</swisstopo:routepoint_id>
				</extensions>
			</trkpt>
			<trkpt lat="47.1555079760" lon="9.1185434312">
				<ele>1194.4</ele>
				<extensions>
					<swisstopo:routepoint_id>1898036885</swisstopo:routepoint_id>
				</extensions>
			</trkpt>
			<trkpt lat="47.1555033130" lon="9.1185992344">
				<ele>1193.8</ele>
				<extensions>
					<swisstopo:routepoint_id>1777821028</swisstopo:routepoint_id>
				</extensions>
			</trkpt>
			<trkpt lat="47.1554949760" lon="9.1186491055">
				<ele>1193.4</ele>
				<extensions>
					<swisstopo:routepoint_id>661459700</swisstopo:routepoint_id>
				</extensions>
			</trkpt>
			<trkpt lat="47.1554720650" lon="9.1187096641">
				<ele>1192.8</ele>
				<extensions>
					<swisstopo:routepoint_id>2032271605</swisstopo:routepoint_id>
				</extensions>
			</trkpt>
			<trkpt lat="47.1554462278" lon="9.1187612281">
				<ele>1192.2</ele>
				<extensions>
					<swisstopo:routepoint_id>1366782731</swisstopo:routepoint_id>
				</extensions>
			</trkpt>
			<trkpt lat="47.1554311720" lon="9.1188030932">
				<ele>1191.9</ele>
				<extensions>
					<swisstopo:routepoint_id>807863295</swisstopo:routepoint_id>
				</extensions>
			</trkpt>
			<trkpt lat="47.1554189524" lon="9.1188595294">
				<ele>1191.5</ele>
				<extensions>
					<swisstopo:routepoint_id>1382681526</swisstopo:routepoint_id>
				</extensions>
			</trkpt>
			<trkpt lat="47.1554074138" lon="9.1189204582">
				<ele>1191.3</ele>
				<extensions>
					<swisstopo:routepoint_id>810164158</swisstopo:routepoint_id>
				</extensions>
			</trkpt>
			<trkpt lat="47.1553921879" lon="9.1189745710">
				<ele>1191.4</ele>
				<extensions>
					<swisstopo:routepoint_id>1964305127</swisstopo:routepoint_id>
				</extensions>
			</trkpt>
			<trkpt lat="47.1553655792" lon="9.1190272183">
				<ele>1191.6</ele>
				<extensions>
					<swisstopo:routepoint_id>1722626962</swisstopo:routepoint_id>
				</extensions>
			</trkpt>
			<trkpt lat="47.1553348754" lon="9.1190474232">
				<ele>1191.7</ele>
				<extensions>
					<swisstopo:routepoint_id>599358656</swisstopo:routepoint_id>
				</extensions>
			</trkpt>
			<trkpt lat="47.1553082434" lon="9.1190499239">
				<ele>1191.5</ele>
				<extensions>
					<swisstopo:routepoint_id>241399177</swisstopo:routepoint_id>
				</extensions>
			</trkpt>
			<trkpt lat="47.1552817651" lon="9.1190412975">
				<ele>1191.1</ele>
				<extensions>
					<swisstopo:routepoint_id>1499304725</swisstopo:routepoint_id>
				</extensions>
			</trkpt>
			<trkpt lat="47.1552397529" lon="9.1190032065">
				<ele>1190.6</ele>
				<extensions>
					<swisstopo:routepoint_id>257424369</swisstopo:routepoint_id>
				</extensions>
			</trkpt>
			<trkpt lat="47.1551857575" lon="9.1189536075">
				<ele>1190.1</ele>
				<extensions>
					<swisstopo:routepoint_id>41286050</swisstopo:routepoint_id>
				</extensions>
			</trkpt>
			<trkpt lat="47.1551423485" lon="9.1189076779">
				<ele>1189.9</ele>
				<extensions>
					<swisstopo:routepoint_id>52645002</swisstopo:routepoint_id>
				</extensions>
			</trkpt>
			<trkpt lat="47.1551078025" lon="9.1188787374">
				<ele>1189.8</ele>
				<extensions>
					<swisstopo:routepoint_id>1788316402</swisstopo:routepoint_id>
				</extensions>
			</trkpt>
			<trkpt lat="47.1550775631" lon="9.1188677509">
				<ele>1189.6</ele>
				<extensions>
					<swisstopo:routepoint_id>314300625</swisstopo:routepoint_id>
				</extensions>
			</trkpt>
			<trkpt lat="47.1550425867" lon="9.1188688818">
				<ele>1189.2</ele>
				<extensions>
					<swisstopo:routepoint_id>1598077722</swisstopo:routepoint_id>
				</extensions>
			</trkpt>
			<trkpt lat="47.1550179317" lon="9.1188894216">
				<ele>1188.9</ele>
				<extensions>
					<swisstopo:routepoint_id>510421120</swisstopo:routepoint_id>
				</extensions>
			</trkpt>
			<trkpt lat="47.1549792857" lon="9.1189481008">
				<ele>1188.4</ele>
				<extensions>
					<swisstopo:routepoint_id>880259729</swisstopo:routepoint_id>
				</extensions>
			</trkpt>
			<trkpt lat="47.1549317424" lon="9.1189879299">
				<ele>1188.2</ele>
				<extensions>
					<swisstopo:routepoint_id>1433028462</swisstopo:routepoint_id>
				</extensions>
			</trkpt>
			<trkpt lat="47.1548791818" lon="9.1189862795">
				<ele>1187.7</ele>
				<extensions>
					<swisstopo:routepoint_id>804417361</swisstopo:routepoint_id>
				</extensions>
			</trkpt>
			<trkpt lat="47.1548405180" lon="9.1189661654">
				<ele>1187.4</ele>
				<extensions>
					<swisstopo:routepoint_id>1179010890</swisstopo:routepoint_id>
				</extensions>
			</trkpt>
			<trkpt lat="47.1547863026" lon="9.1189310284">
				<ele>1187.2</ele>
				<extensions>
					<swisstopo:routepoint_id>257533085</swisstopo:routepoint_id>
				</extensions>
			</trkpt>
			<trkpt lat="47.1547299189" lon="9.1188891497">
				<ele>1186.9</ele>
				<extensions>
					<swisstopo:routepoint_id>926881889</swisstopo:routepoint_id>
				</extensions>
			</trkpt>
			<trkpt lat="47.1546855256" lon="9.1188576714">
				<ele>1186.5</ele>
				<extensions>
					<swisstopo:routepoint_id>962059336</swisstopo:routepoint_id>
				</extensions>
			</trkpt>
			<trkpt lat="47.1546454636" lon="9.1188430531">
				<ele>1186.2</ele>
				<extensions>
					<swisstopo:routepoint_id>56405209</swisstopo:routepoint_id>
				</extensions>
			</trkpt>
			<trkpt lat="47.1546013791" lon="9.1188427769">
				<ele>1185.7</ele>
				<extensions>
					<swisstopo:routepoint_id>202140509</swisstopo:routepoint_id>
				</extensions>
			</trkpt>
			<trkpt lat="47.1545495116" lon="9.1188556301">
				<ele>1184.8</ele>
				<extensions>
					<swisstopo:routepoint_id>2065593073</swisstopo:routepoint_id>
				</extensions>
			</trkpt>
			<trkpt lat="47.1545013981" lon="9.1188725317">
				<ele>1184.1</ele>
				<extensions>
					<swisstopo:routepoint_id>1525351216</swisstopo:routepoint_id>
				</extensions>
			</trkpt>
			<trkpt lat="47.1544543690" lon="9.1188765549">
				<ele>1183.8</ele>
				<extensions>
					<swisstopo:routepoint_id>1701646045</swisstopo:routepoint_id>
				</extensions>
			</trkpt>
			<trkpt lat="47.1543570026" lon="9.1188439939">
				<ele>1182.9</ele>
				<extensions>
					<swisstopo:routepoint_id>1781642538</swisstopo:routepoint_id>
				</extensions>
			</trkpt>
			<trkpt lat="47.1542921441" lon="9.1188114775">
				<ele>1182.2</ele>
				<extensions>
					<swisstopo:routepoint_id>1563027406</swisstopo:routepoint_id>
				</extensions>
			</trkpt>
			<trkpt lat="47.1541474544" lon="9.1186857541">
				<ele>1180.7</ele>
				<extensions>
					<swisstopo:routepoint_id>251039502</swisstopo:routepoint_id>
				</extensions>
			</trkpt>
			<trkpt lat="47.1540087554" lon="9.1185354501">
				<ele>1179.6</ele>
				<extensions>
					<swisstopo:routepoint_id>712861445</swisstopo:routepoint_id>
				</extensions>
			</trkpt>
			<trkpt lat="47.1539368078" lon="9.1184450760">
				<ele>1179.1</ele>
				<extensions>
					<swisstopo:routepoint_id>2072139892</swisstopo:routepoint_id>
				</extensions>
			</trkpt>
			<trkpt lat="47.1539155591" lon="9.1184110408">
				<ele>1179.6</ele>
				<extensions>
					<swisstopo:routepoint_id>95314301</swisstopo:routepoint_id>
				</extensions>
			</trkpt>
			<trkpt lat="47.1538821622" lon="9.1183575531">
				<ele>1178.0</ele>
				<extensions>
					<swisstopo:routepoint_id>1123642917</swisstopo:routepoint_id>
				</extensions>
			</trkpt>
			<trkpt lat="47.1538578654" lon="9.1183186611">
				<ele>1177.5</ele>
				<extensions>
					<swisstopo:routepoint_id>2004700100</swisstopo:routepoint_id>
				</extensions>
			</trkpt>
			<trkpt lat="47.1537744668" lon="9.1182416975">
				<ele>1176.7</ele>
				<extensions>
					<swisstopo:routepoint_id>522839311</swisstopo:routepoint_id>
				</extensions>
			</trkpt>
			<trkpt lat="47.1536663955" lon="9.1181804723">
				<ele>1175.6</ele>
				<extensions>
					<swisstopo:routepoint_id>230661678</swisstopo:routepoint_id>
				</extensions>
			</trkpt>
			<trkpt lat="47.1535683759" lon="9.1181577447">
				<ele>1174.7</ele>
				<extensions>
					<swisstopo:routepoint_id>1624905111</swisstopo:routepoint_id>
				</extensions>
			</trkpt>
			<trkpt lat="47.1535222070" lon="9.1181654225">
				<ele>1174.5</ele>
				<extensions>
					<swisstopo:routepoint_id>179362436</swisstopo:routepoint_id>
				</extensions>
			</trkpt>
			<trkpt lat="47.1534678482" lon="9.1181864410">
				<ele>1174.0</ele>
				<extensions>
					<swisstopo:routepoint_id>1126842247</swisstopo:routepoint_id>
				</extensions>
			</trkpt>
			<trkpt lat="47.1534020048" lon="9.1182280034">
				<ele>1173.7</ele>
				<extensions>
					<swisstopo:routepoint_id>2013516639</swisstopo:routepoint_id>
				</extensions>
			</trkpt>
			<trkpt lat="47.1533551863" lon="9.1182488893">
				<ele>1173.5</ele>
				<extensions>
					<swisstopo:routepoint_id>1268268502</swisstopo:routepoint_id>
				</extensions>
			</trkpt>
			<trkpt lat="47.1533326450" lon="9.1182468234">
				<ele>1173.0</ele>
				<extensions>
					<swisstopo:routepoint_id>1845631110</swisstopo:routepoint_id>
				</extensions>
			</trkpt>
			<trkpt lat="47.1532950807" lon="9.1182338404">
				<ele>1172.2</ele>
				<extensions>
					<swisstopo:routepoint_id>982046615</swisstopo:routepoint_id>
				</extensions>
			</trkpt>
			<trkpt lat="47.1532193946" lon="9.1181834711">
				<ele>1170.4</ele>
				<extensions>
					<swisstopo:routepoint_id>186479484</swisstopo:routepoint_id>
				</extensions>
			</trkpt>
			<trkpt lat="47.1531882574" lon="9.1181713888">
				<ele>1169.8</ele>
				<extensions>
					<swisstopo:routepoint_id>769844437</swisstopo:routepoint_id>
				</extensions>
			</trkpt>
			<trkpt lat="47.1531689060" lon="9.1181728917">
				<ele>1169.4</ele>
				<extensions>
					<swisstopo:routepoint_id>452873915</swisstopo:routepoint_id>
				</extensions>
			</trkpt>
			<trkpt lat="47.1531229513" lon="9.1181966006">
				<ele>1168.6</ele>
				<extensions>
					<swisstopo:routepoint_id>335814833</swisstopo:routepoint_id>
				</extensions>
			</trkpt>
			<trkpt lat="47.1530764573" lon="9.1182265573">
				<ele>1167.8</ele>
				<extensions>
					<swisstopo:routepoint_id>1737351756</swisstopo:routepoint_id>
				</extensions>
			</trkpt>
			<trkpt lat="47.1530080798" lon="9.1182725767">
				<ele>1166.6</ele>
				<extensions>
					<swisstopo:routepoint_id>1763884192</swisstopo:routepoint_id>
				</extensions>
			</trkpt>
			<trkpt lat="47.1529686934" lon="9.1182881167">
				<ele>1166.6</ele>
				<extensions>
					<swisstopo:routepoint_id>1661922782</swisstopo:routepoint_id>
				</extensions>
			</trkpt>
			<trkpt lat="47.1529039850" lon="9.1183042864">
				<ele>1166.5</ele>
				<extensions>
					<swisstopo:routepoint_id>1616940560</swisstopo:routepoint_id>
				</extensions>
			</trkpt>
			<trkpt lat="47.1528297801" lon="9.1183083277">
				<ele>1166.3</ele>
				<extensions>
					<swisstopo:routepoint_id>973599979</swisstopo:routepoint_id>
				</extensions>
			</trkpt>
			<trkpt lat="47.1527238073" lon="9.1183127962">
				<ele>1166.4</ele>
				<extensions>
					<swisstopo:routepoint_id>879009556</swisstopo:routepoint_id>
				</extensions>
			</trkpt>
			<trkpt lat="47.1525500147" lon="9.1183256872">
				<ele>1166.1</ele>
				<extensions>
					<swisstopo:routepoint_id>881303845</swisstopo:routepoint_id>
				</extensions>
			</trkpt>
			<trkpt lat="47.1524353572" lon="9.1183250166">
				<ele>1166.0</ele>
				<extensions>
					<swisstopo:routepoint_id>901364369</swisstopo:routepoint_id>
				</extensions>
			</trkpt>
			<trkpt lat="47.1522539127" lon="9.1183258239">
				<ele>1165.9</ele>
				<extensions>
					<swisstopo:routepoint_id>1348443880</swisstopo:routepoint_id>
				</extensions>
			</trkpt>
			<trkpt lat="47.1522171193" lon="9.1183226249">
				<ele>1165.9</ele>
				<extensions>
					<swisstopo:routepoint_id>2142197405</swisstopo:routepoint_id>
				</extensions>
			</trkpt>
			<trkpt lat="47.1521672847" lon="9.1183105760">
				<ele>1166.1</ele>
				<extensions>
					<swisstopo:routepoint_id>1614796992</swisstopo:routepoint_id>
				</extensions>
			</trkpt>
			<trkpt lat="47.1521104466" lon="9.1182871630">
				<ele>1166.5</ele>
				<extensions>
					<swisstopo:routepoint_id>349300149</swisstopo:routepoint_id>
				</extensions>
			</trkpt>
			<trkpt lat="47.1519912978" lon="9.1182119815">
				<ele>1167.1</ele>
				<extensions>
					<swisstopo:routepoint_id>1447818558</swisstopo:routepoint_id>
				</extensions>
			</trkpt>
			<trkpt lat="47.1518301153" lon="9.1181200108">
				<ele>1167.6</ele>
				<extensions>
					<swisstopo:routepoint_id>907403415</swisstopo:routepoint_id>
				</extensions>
			</trkpt>
			<trkpt lat="47.1517154308" lon="9.1180868831">
				<ele>1167.8</ele>
				<extensions>
					<swisstopo:routepoint_id>887055327</swisstopo:routepoint_id>
				</extensions>
			</trkpt>
			<trkpt lat="47.1516335992" lon="9.1180801213">
				<ele>1168.1</ele>
				<extensions>
					<swisstopo:routepoint_id>1731123669</swisstopo:routepoint_id>
				</extensions>
			</trkpt>
			<trkpt lat="47.1515622779" lon="9.1180702076">
				<ele>1168.3</ele>
				<extensions>
					<swisstopo:routepoint_id>1141117397</swisstopo:routepoint_id>
				</extensions>
			</trkpt>
			<trkpt lat="47.1514584504" lon="9.1180342423">
				<ele>1168.5</ele>
				<extensions>
					<swisstopo:routepoint_id>1138654602</swisstopo:routepoint_id>
				</extensions>
			</trkpt>
			<trkpt lat="47.1514141218" lon="9.1180049446">
				<ele>1168.8</ele>
				<extensions>
					<swisstopo:routepoint_id>1551745110</swisstopo:routepoint_id>
				</extensions>
			</trkpt>
			<trkpt lat="47.1513617399" lon="9.1179404847">
				<ele>1169.0</ele>
				<extensions>
					<swisstopo:routepoint_id>792669293</swisstopo:routepoint_id>
				</extensions>
			</trkpt>
			<trkpt lat="47.1513080748" lon="9.1178983258">
				<ele>1168.9</ele>
				<extensions>
					<swisstopo:routepoint_id>2011196839</swisstopo:routepoint_id>
				</extensions>
			</trkpt>
			<trkpt lat="47.1512713079" lon="9.1178734464">
				<ele>1168.8</ele>
				<extensions>
					<swisstopo:routepoint_id>221806112</swisstopo:routepoint_id>
				</extensions>
			</trkpt>
			<trkpt lat="47.1512325947" lon="9.1178512887">
				<ele>1168.5</ele>
				<extensions>
					<swisstopo:routepoint_id>395854474</swisstopo:routepoint_id>
				</extensions>
			</trkpt>
			<trkpt lat="47.1511834859" lon="9.1178232261">
				<ele>1168.1</ele>
				<extensions>
					<swisstopo:routepoint_id>1215401934</swisstopo:routepoint_id>
				</extensions>
			</trkpt>
			<trkpt lat="47.1511278830" lon="9.1177838026">
				<ele>1167.7</ele>
				<extensions>
					<swisstopo:routepoint_id>777572047</swisstopo:routepoint_id>
				</extensions>
			</trkpt>
			<trkpt lat="47.1510856725" lon="9.1177406054">
				<ele>1167.1</ele>
				<extensions>
					<swisstopo:routepoint_id>1832696824</swisstopo:routepoint_id>
				</extensions>
			</trkpt>
			<trkpt lat="47.1510642587" lon="9.1177064352">
				<ele>1166.8</ele>
				<extensions>
					<swisstopo:routepoint_id>288109766</swisstopo:routepoint_id>
				</extensions>
			</trkpt>
			<trkpt lat="47.1510362056" lon="9.1176329273">
				<ele>1166.5</ele>
				<extensions>
					<swisstopo:routepoint_id>1608170244</swisstopo:routepoint_id>
				</extensions>
			</trkpt>
			<trkpt lat="47.1510003000" lon="9.1175682994">
				<ele>1166.5</ele>
				<extensions>
					<swisstopo:routepoint_id>675121335</swisstopo:routepoint_id>
				</extensions>
			</trkpt>
			<trkpt lat="47.1509591776" lon="9.1175167620">
				<ele>1166.1</ele>
				<extensions>
					<swisstopo:routepoint_id>78748441</swisstopo:routepoint_id>
				</extensions>
			</trkpt>
			<trkpt lat="47.1509130983" lon="9.1174882015">
				<ele>1165.5</ele>
				<extensions>
					<swisstopo:routepoint_id>2057791568</swisstopo:routepoint_id>
				</extensions>
			</trkpt>
			<trkpt lat="47.1508168464" lon="9.1174581200">
				<ele>1164.3</ele>
				<extensions>
					<swisstopo:routepoint_id>1813990340</swisstopo:routepoint_id>
				</extensions>
			</trkpt>
			<trkpt lat="47.1507291598" lon="9.1174401503">
				<ele>1164.2</ele>
				<extensions>
					<swisstopo:routepoint_id>155607877</swisstopo:routepoint_id>
				</extensions>
			</trkpt>
			<trkpt lat="47.1506073637" lon="9.1174168904">
				<ele>1163.1</ele>
				<extensions>
					<swisstopo:routepoint_id>1817710357</swisstopo:routepoint_id>
				</extensions>
			</trkpt>
			<trkpt lat="47.1505329562" lon="9.1174119452">
				<ele>1162.7</ele>
				<extensions>
					<swisstopo:routepoint_id>1634965846</swisstopo:routepoint_id>
				</extensions>
			</trkpt>
			<trkpt lat="47.1504567830" lon="9.1174141983">
				<ele>1162.3</ele>
				<extensions>
					<swisstopo:routepoint_id>1632016190</swisstopo:routepoint_id>
				</extensions>
			</trkpt>
			<trkpt lat="47.1504139355" lon="9.1174170480">
				<ele>1162.3</ele>
				<extensions>
					<swisstopo:routepoint_id>501862337</swisstopo:routepoint_id>
				</extensions>
			</trkpt>
			<trkpt lat="47.1503768120" lon="9.1174190092">
				<ele>1162.1</ele>
				<extensions>
					<swisstopo:routepoint_id>638129065</swisstopo:routepoint_id>
				</extensions>
			</trkpt>
			<trkpt lat="47.1503446090" lon="9.1174263735">
				<ele>1161.8</ele>
				<extensions>
					<swisstopo:routepoint_id>1589408414</swisstopo:routepoint_id>
				</extensions>
			</trkpt>
			<trkpt lat="47.1503087338" lon="9.1174409289">
				<ele>1161.6</ele>
				<extensions>
					<swisstopo:routepoint_id>1958090606</swisstopo:routepoint_id>
				</extensions>
			</trkpt>
			<trkpt lat="47.1502754448" lon="9.1174733429">
				<ele>1161.2</ele>
				<extensions>
					<swisstopo:routepoint_id>73969396</swisstopo:routepoint_id>
				</extensions>
			</trkpt>
			<trkpt lat="47.1502520797" lon="9.1175102620">
				<ele>1161.1</ele>
				<extensions>
					<swisstopo:routepoint_id>1483323117</swisstopo:routepoint_id>
				</extensions>
			</trkpt>
			<trkpt lat="47.1502005513" lon="9.1175703263">
				<ele>1160.5</ele>
				<extensions>
					<swisstopo:routepoint_id>302016254</swisstopo:routepoint_id>
				</extensions>
			</trkpt>
			<trkpt lat="47.1500958858" lon="9.1176610079">
				<ele>1159.3</ele>
				<extensions>
					<swisstopo:routepoint_id>318300933</swisstopo:routepoint_id>
				</extensions>
			</trkpt>
			<trkpt lat="47.1500330381" lon="9.1176977829">
				<ele>1158.6</ele>
				<extensions>
					<swisstopo:routepoint_id>806012087</swisstopo:routepoint_id>
				</extensions>
			</trkpt>
			<trkpt lat="47.1499628572" lon="9.1177204932">
				<ele>1157.9</ele>
				<extensions>
					<swisstopo:routepoint_id>1145023322</swisstopo:routepoint_id>
				</extensions>
			</trkpt>
			<trkpt lat="47.1499038641" lon="9.1177261334">
				<ele>1157.5</ele>
				<extensions>
					<swisstopo:routepoint_id>86570563</swisstopo:routepoint_id>
				</extensions>
			</trkpt>
			<trkpt lat="47.1498369471" lon="9.1177208556">
				<ele>1157.1</ele>
				<extensions>
					<swisstopo:routepoint_id>604372239</swisstopo:routepoint_id>
				</extensions>
			</trkpt>
			<trkpt lat="47.1496818481" lon="9.1176978433">
				<ele>1155.3</ele>
				<extensions>
					<swisstopo:routepoint_id>428203848</swisstopo:routepoint_id>
				</extensions>
			</trkpt>
			<trkpt lat="47.1495629969" lon="9.1176913452">
				<ele>1154.5</ele>
				<extensions>
					<swisstopo:routepoint_id>768069995</swisstopo:routepoint_id>
				</extensions>
			</trkpt>
			<trkpt lat="47.1495357650" lon="9.1176897920">
				<ele>1154.4</ele>
				<extensions>
					<swisstopo:routepoint_id>570680671</swisstopo:routepoint_id>
				</extensions>
			</trkpt>
			<trkpt lat="47.1494972873" lon="9.1176876222">
				<ele>1154.1</ele>
				<extensions>
					<swisstopo:routepoint_id>692181210</swisstopo:routepoint_id>
				</extensions>
			</trkpt>
			<trkpt lat="47.1494535687" lon="9.1176851430">
				<ele>1153.8</ele>
				<extensions>
					<swisstopo:routepoint_id>1658281368</swisstopo:routepoint_id>
				</extensions>
			</trkpt>
			<trkpt lat="47.1493783518" lon="9.1176634102">
				<ele>1153.5</ele>
				<extensions>
					<swisstopo:routepoint_id>825385563</swisstopo:routepoint_id>
				</extensions>
			</trkpt>
			<trkpt lat="47.1492652810" lon="9.1176328808">
				<ele>1152.8</ele>
				<extensions>
					<swisstopo:routepoint_id>659869753</swisstopo:routepoint_id>
				</extensions>
			</trkpt>
			<trkpt lat="47.1491695908" lon="9.1176070508">
				<ele>1151.6</ele>
				<extensions>
					<swisstopo:routepoint_id>1288376122</swisstopo:routepoint_id>
				</extensions>
			</trkpt>
			<trkpt lat="47.1491536842" lon="9.1176024900">
				<ele>1151.5</ele>
				<extensions>
					<swisstopo:routepoint_id>1133552437</swisstopo:routepoint_id>
				</extensions>
			</trkpt>
			<trkpt lat="47.1489195279" lon="9.1175355359">
				<ele>1150.1</ele>
				<extensions>
					<swisstopo:routepoint_id>158889494</swisstopo:routepoint_id>
				</extensions>
			</trkpt>
			<trkpt lat="47.1488067988" lon="9.1174960368">
				<ele>1149.4</ele>
				<extensions>
					<swisstopo:routepoint_id>75906716</swisstopo:routepoint_id>
				</extensions>
			</trkpt>
			<trkpt lat="47.1486674692" lon="9.1174695242">
				<ele>1148.2</ele>
				<extensions>
					<swisstopo:routepoint_id>593383112</swisstopo:routepoint_id>
				</extensions>
			</trkpt>
			<trkpt lat="47.1485534610" lon="9.1174550552">
				<ele>1147.7</ele>
				<extensions>
					<swisstopo:routepoint_id>2000835355</swisstopo:routepoint_id>
				</extensions>
			</trkpt>
			<trkpt lat="47.1484377548" lon="9.1174546041">
				<ele>1147.0</ele>
				<extensions>
					<swisstopo:routepoint_id>540216232</swisstopo:routepoint_id>
				</extensions>
			</trkpt>
			<trkpt lat="47.1483728924" lon="9.1174151035">
				<ele>1146.7</ele>
				<extensions>
					<swisstopo:routepoint_id>1530882477</swisstopo:routepoint_id>
				</extensions>
			</trkpt>
			<trkpt lat="47.1483086592" lon="9.1173758338">
				<ele>1146.8</ele>
				<extensions>
					<swisstopo:routepoint_id>349167383</swisstopo:routepoint_id>
				</extensions>
			</trkpt>
			<trkpt lat="47.1482552278" lon="9.1173417296">
				<ele>1146.8</ele>
				<extensions>
					<swisstopo:routepoint_id>1010067674</swisstopo:routepoint_id>
				</extensions>
			</trkpt>
			<trkpt lat="47.1482208090" lon="9.1173479956">
				<ele>1146.8</ele>
				<extensions>
					<swisstopo:routepoint_id>932932003</swisstopo:routepoint_id>
				</extensions>
			</trkpt>
			<trkpt lat="47.1481932369" lon="9.1173649472">
				<ele>1146.8</ele>
				<extensions>
					<swisstopo:routepoint_id>675847798</swisstopo:routepoint_id>
				</extensions>
			</trkpt>
			<trkpt lat="47.1481696183" lon="9.1173987711">
				<ele>1146.7</ele>
				<extensions>
					<swisstopo:routepoint_id>64948982</swisstopo:routepoint_id>
				</extensions>
			</trkpt>
			<trkpt lat="47.1481412737" lon="9.1174680531">
				<ele>1146.6</ele>
				<extensions>
					<swisstopo:routepoint_id>304104006</swisstopo:routepoint_id>
				</extensions>
			</trkpt>
			<trkpt lat="47.1481062675" lon="9.1176072840">
				<ele>1146.6</ele>
				<extensions>
					<swisstopo:routepoint_id>27361552</swisstopo:routepoint_id>
				</extensions>
			</trkpt>
			<trkpt lat="47.1480806698" lon="9.1176797775">
				<ele>1146.6</ele>
				<extensions>
					<swisstopo:routepoint_id>124197148</swisstopo:routepoint_id>
				</extensions>
			</trkpt>
			<trkpt lat="47.1480497067" lon="9.1177364227">
				<ele>1146.5</ele>
				<extensions>
					<swisstopo:routepoint_id>1061930195</swisstopo:routepoint_id>
				</extensions>
			</trkpt>
			<trkpt lat="47.1480127679" lon="9.1177708701">
				<ele>1146.6</ele>
				<extensions>
					<swisstopo:routepoint_id>936896057</swisstopo:routepoint_id>
				</extensions>
			</trkpt>
			<trkpt lat="47.1479254347" lon="9.1178027345">
				<ele>1146.6</ele>
				<extensions>
					<swisstopo:routepoint_id>910695118</swisstopo:routepoint_id>
				</extensions>
			</trkpt>
			<trkpt lat="47.1478228046" lon="9.1178267863">
				<ele>1146.6</ele>
				<extensions>
					<swisstopo:routepoint_id>2108567016</swisstopo:routepoint_id>
				</extensions>
			</trkpt>
			<trkpt lat="47.1477826389" lon="9.1178433425">
				<ele>1146.6</ele>
				<extensions>
					<swisstopo:routepoint_id>1613261713</swisstopo:routepoint_id>
				</extensions>
			</trkpt>
			<trkpt lat="47.1477520882" lon="9.1178717262">
				<ele>1146.2</ele>
				<extensions>
					<swisstopo:routepoint_id>1562634068</swisstopo:routepoint_id>
				</extensions>
			</trkpt>
			<trkpt lat="47.1476749810" lon="9.1179698615">
				<ele>1146.3</ele>
				<extensions>
					<swisstopo:routepoint_id>1693854100</swisstopo:routepoint_id>
				</extensions>
			</trkpt>
			<trkpt lat="47.1476104126" lon="9.1180715285">
				<ele>1146.3</ele>
				<extensions>
					<swisstopo:routepoint_id>1182385913</swisstopo:routepoint_id>
				</extensions>
			</trkpt>
			<trkpt lat="47.1475346709" lon="9.1181718029">
				<ele>1146.1</ele>
				<extensions>
					<swisstopo:routepoint_id>12336575</swisstopo:routepoint_id>
				</extensions>
			</trkpt>
			<trkpt lat="47.1475111591" lon="9.1181982971">
				<ele>1146.5</ele>
				<extensions>
					<swisstopo:routepoint_id>759484449</swisstopo:routepoint_id>
				</extensions>
			</trkpt>
			<trkpt lat="47.1474546030" lon="9.1182331965">
				<ele>1146.6</ele>
				<extensions>
					<swisstopo:routepoint_id>2122101975</swisstopo:routepoint_id>
				</extensions>
			</trkpt>
			<trkpt lat="47.1473387988" lon="9.1182484733">
				<ele>1146.8</ele>
				<extensions>
					<swisstopo:routepoint_id>1367682488</swisstopo:routepoint_id>
				</extensions>
			</trkpt>
			<trkpt lat="47.1472209874" lon="9.1182573966">
				<ele>1147.1</ele>
				<extensions>
					<swisstopo:routepoint_id>1514704518</swisstopo:routepoint_id>
				</extensions>
			</trkpt>
			<trkpt lat="47.1470618618" lon="9.1182484073">
				<ele>1146.7</ele>
				<extensions>
					<swisstopo:routepoint_id>2079853991</swisstopo:routepoint_id>
				</extensions>
			</trkpt>
			<trkpt lat="47.1469905845" lon="9.1182595426">
				<ele>1146.5</ele>
				<extensions>
					<swisstopo:routepoint_id>466368042</swisstopo:routepoint_id>
				</extensions>
			</trkpt>
			<trkpt lat="47.1469245356" lon="9.1182868776">
				<ele>1146.1</ele>
				<extensions>
					<swisstopo:routepoint_id>1370267210</swisstopo:routepoint_id>
				</extensions>
			</trkpt>
			<trkpt lat="47.1468762981" lon="9.1183441658">
				<ele>1145.4</ele>
				<extensions>
					<swisstopo:routepoint_id>1599673829</swisstopo:routepoint_id>
				</extensions>
			</trkpt>
			<trkpt lat="47.1468533988" lon="9.1184129441">
				<ele>1144.6</ele>
				<extensions>
					<swisstopo:routepoint_id>1005670017</swisstopo:routepoint_id>
				</extensions>
			</trkpt>
			<trkpt lat="47.1468388577" lon="9.1184743227">
				<ele>1143.9</ele>
				<extensions>
					<swisstopo:routepoint_id>562389552</swisstopo:routepoint_id>
				</extensions>
			</trkpt>
			<trkpt lat="47.1468194699" lon="9.1185396901">
				<ele>1143.0</ele>
				<extensions>
					<swisstopo:routepoint_id>310777808</swisstopo:routepoint_id>
				</extensions>
			</trkpt>
			<trkpt lat="47.1467904893" lon="9.1186007342">
				<ele>1141.7</ele>
				<extensions>
					<swisstopo:routepoint_id>1696973945</swisstopo:routepoint_id>
				</extensions>
			</trkpt>
			<trkpt lat="47.1467532067" lon="9.1186556889">
				<ele>1140.5</ele>
				<extensions>
					<swisstopo:routepoint_id>177833446</swisstopo:routepoint_id>
				</extensions>
			</trkpt>
			<trkpt lat="47.1467017449" lon="9.1186834811">
				<ele>1139.1</ele>
				<extensions>
					<swisstopo:routepoint_id>1145752585</swisstopo:routepoint_id>
				</extensions>
			</trkpt>
			<trkpt lat="47.1466593420" lon="9.1187142346">
				<ele>1137.8</ele>
				<extensions>
					<swisstopo:routepoint_id>935878859</swisstopo:routepoint_id>
				</extensions>
			</trkpt>
			<trkpt lat="47.1466080308" lon="9.1187551661">
				<ele>1136.2</ele>
				<extensions>
					<swisstopo:routepoint_id>942893896</swisstopo:routepoint_id>
				</extensions>
			</trkpt>
			<trkpt lat="47.1465758228" lon="9.1188085786">
				<ele>1134.9</ele>
				<extensions>
					<swisstopo:routepoint_id>2131440329</swisstopo:routepoint_id>
				</extensions>
			</trkpt>
			<trkpt lat="47.1465612406" lon="9.1188559112">
				<ele>1133.4</ele>
				<extensions>
					<swisstopo:routepoint_id>157926682</swisstopo:routepoint_id>
				</extensions>
			</trkpt>
			<trkpt lat="47.1465586320" lon="9.1189490892">
				<ele>1132.2</ele>
				<extensions>
					<swisstopo:routepoint_id>237411944</swisstopo:routepoint_id>
				</extensions>
			</trkpt>
			<trkpt lat="47.1465647410" lon="9.1190577719">
				<ele>1130.9</ele>
				<extensions>
					<swisstopo:routepoint_id>1585806923</swisstopo:routepoint_id>
				</extensions>
			</trkpt>
			<trkpt lat="47.1465754530" lon="9.1191599001">
				<ele>1128.7</ele>
				<extensions>
					<swisstopo:routepoint_id>208364619</swisstopo:routepoint_id>
				</extensions>
			</trkpt>
			<trkpt lat="47.1465803998" lon="9.1192380710">
				<ele>1127.1</ele>
				<extensions>
					<swisstopo:routepoint_id>699314950</swisstopo:routepoint_id>
				</extensions>
			</trkpt>
			<trkpt lat="47.1465813428" lon="9.1193106302">
				<ele>1126.1</ele>
				<extensions>
					<swisstopo:routepoint_id>479702084</swisstopo:routepoint_id>
				</extensions>
			</trkpt>
			<trkpt lat="47.1465801700" lon="9.1193349766">
				<ele>1126.0</ele>
				<extensions>
					<swisstopo:routepoint_id>628672532</swisstopo:routepoint_id>
				</extensions>
			</trkpt>
			<trkpt lat="47.1466390250" lon="9.1193995428">
				<ele>1126.5</ele>
				<extensions>
					<swisstopo:routepoint_id>1907179722</swisstopo:routepoint_id>
				</extensions>
			</trkpt>
			<trkpt lat="47.1467949793" lon="9.1195630299">
				<ele>1131.0</ele>
				<extensions>
					<swisstopo:routepoint_id>1583223036</swisstopo:routepoint_id>
				</extensions>
			</trkpt>
			<trkpt lat="47.1468004616" lon="9.1195696753">
				<ele>1131.2</ele>
				<extensions>
					<swisstopo:routepoint_id>1178251041</swisstopo:routepoint_id>
				</extensions>
			</trkpt>
			<trkpt lat="47.1467949793" lon="9.1195630299">
				<ele>1131.0</ele>
				<extensions>
					<swisstopo:routepoint_id>1246625139</swisstopo:routepoint_id>
				</extensions>
			</trkpt>
			<trkpt lat="47.1466390250" lon="9.1193995428">
				<ele>1126.5</ele>
				<extensions>
					<swisstopo:routepoint_id>1296460743</swisstopo:routepoint_id>
				</extensions>
			</trkpt>
			<trkpt lat="47.1465801700" lon="9.1193349766">
				<ele>1126.0</ele>
				<extensions>
					<swisstopo:routepoint_id>268784112</swisstopo:routepoint_id>
				</extensions>
			</trkpt>
			<trkpt lat="47.1465411145" lon="9.1194787826">
				<ele>1124.1</ele>
				<extensions>
					<swisstopo:routepoint_id>705451657</swisstopo:routepoint_id>
				</extensions>
			</trkpt>
			<trkpt lat="47.1465256345" lon="9.1195165925">
				<ele>1123.6</ele>
				<extensions>
					<swisstopo:routepoint_id>1848664179</swisstopo:routepoint_id>
				</extensions>
			</trkpt>
			<trkpt lat="47.1465099718" lon="9.1195548709">
				<ele>1123.1</ele>
				<extensions>
					<swisstopo:routepoint_id>562950802</swisstopo:routepoint_id>
				</extensions>
			</trkpt>
			<trkpt lat="47.1464934585" lon="9.1196561703">
				<ele>1121.5</ele>
				<extensions>
					<swisstopo:routepoint_id>1940780155</swisstopo:routepoint_id>
				</extensions>
			</trkpt>
			<trkpt lat="47.1464926507" lon="9.1197817925">
				<ele>1119.5</ele>
				<extensions>
					<swisstopo:routepoint_id>1201438807</swisstopo:routepoint_id>
				</extensions>
			</trkpt>
			<trkpt lat="47.1465403690" lon="9.1198863359">
				<ele>1118.1</ele>
				<extensions>
					<swisstopo:routepoint_id>127716880</swisstopo:routepoint_id>
				</extensions>
			</trkpt>
			<trkpt lat="47.1465880161" lon="9.1199951368">
				<ele>1116.3</ele>
				<extensions>
					<swisstopo:routepoint_id>491423206</swisstopo:routepoint_id>
				</extensions>
			</trkpt>
			<trkpt lat="47.1466695569" lon="9.1201714663">
				<ele>1113.1</ele>
				<extensions>
					<swisstopo:routepoint_id>1683185191</swisstopo:routepoint_id>
				</extensions>
			</trkpt>
			<trkpt lat="47.1467300330" lon="9.1203288438">
				<ele>1111.4</ele>
				<extensions>
					<swisstopo:routepoint_id>861163532</swisstopo:routepoint_id>
				</extensions>
			</trkpt>
			<trkpt lat="47.1468073289" lon="9.1205328659">
				<ele>1108.7</ele>
				<extensions>
					<swisstopo:routepoint_id>1003837252</swisstopo:routepoint_id>
				</extensions>
			</trkpt>
			<trkpt lat="47.1468944622" lon="9.1207364725">
				<ele>1106.0</ele>
				<extensions>
					<swisstopo:routepoint_id>1181833765</swisstopo:routepoint_id>
				</extensions>
			</trkpt>
			<trkpt lat="47.1469769083" lon="9.1208766602">
				<ele>1103.9</ele>
				<extensions>
					<swisstopo:routepoint_id>1318433873</swisstopo:routepoint_id>
				</extensions>
			</trkpt>
			<trkpt lat="47.1470297531" lon="9.1209856522">
				<ele>1102.4</ele>
				<extensions>
					<swisstopo:routepoint_id>1879110665</swisstopo:routepoint_id>
				</extensions>
			</trkpt>
			<trkpt lat="47.1470894314" lon="9.1211416353">
				<ele>1100.4</ele>
				<extensions>
					<swisstopo:routepoint_id>1434110078</swisstopo:routepoint_id>
				</extensions>
			</trkpt>
			<trkpt lat="47.1471904542" lon="9.1214227479">
				<ele>1096.8</ele>
				<extensions>
					<swisstopo:routepoint_id>864726361</swisstopo:routepoint_id>
				</extensions>
			</trkpt>
			<trkpt lat="47.1472726441" lon="9.1215665686">
				<ele>1094.7</ele>
				<extensions>
					<swisstopo:routepoint_id>675971513</swisstopo:routepoint_id>
				</extensions>
			</trkpt>
			<trkpt lat="47.1473267815" lon="9.1216874584">
				<ele>1092.9</ele>
				<extensions>
					<swisstopo:routepoint_id>638650517</swisstopo:routepoint_id>
				</extensions>
			</trkpt>
			<trkpt lat="47.1473774201" lon="9.1218156761">
				<ele>1091.2</ele>
				<extensions>
					<swisstopo:routepoint_id>1896064050</swisstopo:routepoint_id>
				</extensions>
			</trkpt>
			<trkpt lat="47.1474209152" lon="9.1219685277">
				<ele>1089.3</ele>
				<extensions>
					<swisstopo:routepoint_id>290924546</swisstopo:routepoint_id>
				</extensions>
			</trkpt>
			<trkpt lat="47.1474747618" lon="9.1221092567">
				<ele>1087.4</ele>
				<extensions>
					<swisstopo:routepoint_id>2071987014</swisstopo:routepoint_id>
				</extensions>
			</trkpt>
			<trkpt lat="47.1475474527" lon="9.1222357025">
				<ele>1085.7</ele>
				<extensions>
					<swisstopo:routepoint_id>882141465</swisstopo:routepoint_id>
				</extensions>
			</trkpt>
			<trkpt lat="47.1476067019" lon="9.1223542621">
				<ele>1084.1</ele>
				<extensions>
					<swisstopo:routepoint_id>1938882549</swisstopo:routepoint_id>
				</extensions>
			</trkpt>
			<trkpt lat="47.1476693042" lon="9.1225054479">
				<ele>1082.1</ele>
				<extensions>
					<swisstopo:routepoint_id>1133974461</swisstopo:routepoint_id>
				</extensions>
			</trkpt>
			<trkpt lat="47.1477185693" lon="9.1226608034">
				<ele>1080.0</ele>
				<extensions>
					<swisstopo:routepoint_id>203482355</swisstopo:routepoint_id>
				</extensions>
			</trkpt>
			<trkpt lat="47.1478019411" lon="9.1229128423">
				<ele>1077.1</ele>
				<extensions>
					<swisstopo:routepoint_id>2003623166</swisstopo:routepoint_id>
				</extensions>
			</trkpt>
			<trkpt lat="47.1478954202" lon="9.1231628128">
				<ele>1074.0</ele>
				<extensions>
					<swisstopo:routepoint_id>578931668</swisstopo:routepoint_id>
				</extensions>
			</trkpt>
			<trkpt lat="47.1479924558" lon="9.1233966757">
				<ele>1071.0</ele>
				<extensions>
					<swisstopo:routepoint_id>1076906712</swisstopo:routepoint_id>
				</extensions>
			</trkpt>
			<trkpt lat="47.1480668097" lon="9.1235948386">
				<ele>1068.6</ele>
				<extensions>
					<swisstopo:routepoint_id>1239719358</swisstopo:routepoint_id>
				</extensions>
			</trkpt>
			<trkpt lat="47.1481209998" lon="9.1237773725">
				<ele>1066.4</ele>
				<extensions>
					<swisstopo:routepoint_id>929879111</swisstopo:routepoint_id>
				</extensions>
			</trkpt>
			<trkpt lat="47.1481691562" lon="9.1239495235">
				<ele>1064.4</ele>
				<extensions>
					<swisstopo:routepoint_id>1116281729</swisstopo:routepoint_id>
				</extensions>
			</trkpt>
			<trkpt lat="47.1482064745" lon="9.1240937968">
				<ele>1062.6</ele>
				<extensions>
					<swisstopo:routepoint_id>349398261</swisstopo:routepoint_id>
				</extensions>
			</trkpt>
			<trkpt lat="47.1482447766" lon="9.1242986465">
				<ele>1060.2</ele>
				<extensions>
					<swisstopo:routepoint_id>337853047</swisstopo:routepoint_id>
				</extensions>
			</trkpt>
			<trkpt lat="47.1482955712" lon="9.1245479234">
				<ele>1057.2</ele>
				<extensions>
					<swisstopo:routepoint_id>1032171759</swisstopo:routepoint_id>
				</extensions>
			</trkpt>
			<trkpt lat="47.1483566966" lon="9.1248608140">
				<ele>1053.5</ele>
				<extensions>
					<swisstopo:routepoint_id>593567782</swisstopo:routepoint_id>
				</extensions>
			</trkpt>
			<trkpt lat="47.1484107157" lon="9.1251459711">
				<ele>1050.1</ele>
				<extensions>
					<swisstopo:routepoint_id>521988711</swisstopo:routepoint_id>
				</extensions>
			</trkpt>
			<trkpt lat="47.1484389673" lon="9.1252679378">
				<ele>1048.7</ele>
				<extensions>
					<swisstopo:routepoint_id>484035821</swisstopo:routepoint_id>
				</extensions>
			</trkpt>
			<trkpt lat="47.1484802445" lon="9.1253985703">
				<ele>1046.9</ele>
				<extensions>
					<swisstopo:routepoint_id>1850184283</swisstopo:routepoint_id>
				</extensions>
			</trkpt>
			<trkpt lat="47.1485505931" lon="9.1255934330">
				<ele>1044.5</ele>
				<extensions>
					<swisstopo:routepoint_id>1018462239</swisstopo:routepoint_id>
				</extensions>
			</trkpt>
			<trkpt lat="47.1485937001" lon="9.1257268798">
				<ele>1043.1</ele>
				<extensions>
					<swisstopo:routepoint_id>1150657982</swisstopo:routepoint_id>
				</extensions>
			</trkpt>
			<trkpt lat="47.1486205556" lon="9.1258157945">
				<ele>1042.1</ele>
				<extensions>
					<swisstopo:routepoint_id>1129072182</swisstopo:routepoint_id>
				</extensions>
			</trkpt>
			<trkpt lat="47.1486363452" lon="9.1258906052">
				<ele>1041.3</ele>
				<extensions>
					<swisstopo:routepoint_id>1838084211</swisstopo:routepoint_id>
				</extensions>
			</trkpt>
			<trkpt lat="47.1486534271" lon="9.1260067078">
				<ele>1039.9</ele>
				<extensions>
					<swisstopo:routepoint_id>2145165321</swisstopo:routepoint_id>
				</extensions>
			</trkpt>
			<trkpt lat="47.1486619017" lon="9.1261740900">
				<ele>1038.0</ele>
				<extensions>
					<swisstopo:routepoint_id>1547716255</swisstopo:routepoint_id>
				</extensions>
			</trkpt>
			<trkpt lat="47.1486524846" lon="9.1262368695">
				<ele>1037.5</ele>
				<extensions>
					<swisstopo:routepoint_id>343418592</swisstopo:routepoint_id>
				</extensions>
			</trkpt>
			<trkpt lat="47.1486513076" lon="9.1263171066">
				<ele>1036.8</ele>
				<extensions>
					<swisstopo:routepoint_id>77962066</swisstopo:routepoint_id>
				</extensions>
			</trkpt>
			<trkpt lat="47.1486727795" lon="9.1263980443">
				<ele>1036.1</ele>
				<extensions>
					<swisstopo:routepoint_id>1304952011</swisstopo:routepoint_id>
				</extensions>
			</trkpt>
			<trkpt lat="47.1487075003" lon="9.1264766300">
				<ele>1035.2</ele>
				<extensions>
					<swisstopo:routepoint_id>234541408</swisstopo:routepoint_id>
				</extensions>
			</trkpt>
			<trkpt lat="47.1487441410" lon="9.1265525076">
				<ele>1034.5</ele>
				<extensions>
					<swisstopo:routepoint_id>915508709</swisstopo:routepoint_id>
				</extensions>
			</trkpt>
			<trkpt lat="47.1488196930" lon="9.1266794353">
				<ele>1033.1</ele>
				<extensions>
					<swisstopo:routepoint_id>378007505</swisstopo:routepoint_id>
				</extensions>
			</trkpt>
			<trkpt lat="47.1490041249" lon="9.1269786289">
				<ele>1030.1</ele>
				<extensions>
					<swisstopo:routepoint_id>375547834</swisstopo:routepoint_id>
				</extensions>
			</trkpt>
			<trkpt lat="47.1491368339" lon="9.1271986876">
				<ele>1027.9</ele>
				<extensions>
					<swisstopo:routepoint_id>325077286</swisstopo:routepoint_id>
				</extensions>
			</trkpt>
			<trkpt lat="47.1492362233" lon="9.1273734106">
				<ele>1026.2</ele>
				<extensions>
					<swisstopo:routepoint_id>866449199</swisstopo:routepoint_id>
				</extensions>
			</trkpt>
			<trkpt lat="47.1493538438" lon="9.1275930079">
				<ele>1024.2</ele>
				<extensions>
					<swisstopo:routepoint_id>1723583826</swisstopo:routepoint_id>
				</extensions>
			</trkpt>
			<trkpt lat="47.1494659302" lon="9.1278041230">
				<ele>1022.2</ele>
				<extensions>
					<swisstopo:routepoint_id>613797081</swisstopo:routepoint_id>
				</extensions>
			</trkpt>
			<trkpt lat="47.1495615421" lon="9.1279787427">
				<ele>1020.6</ele>
				<extensions>
					<swisstopo:routepoint_id>1243908318</swisstopo:routepoint_id>
				</extensions>
			</trkpt>
			<trkpt lat="47.1496419446" lon="9.1281611778">
				<ele>1019.1</ele>
				<extensions>
					<swisstopo:routepoint_id>1243945809</swisstopo:routepoint_id>
				</extensions>
			</trkpt>
			<trkpt lat="47.1497200929" lon="9.1283684541">
				<ele>1017.4</ele>
				<extensions>
					<swisstopo:routepoint_id>2051727784</swisstopo:routepoint_id>
				</extensions>
			</trkpt>
			<trkpt lat="47.1498817187" lon="9.1288053206">
				<ele>1013.9</ele>
				<extensions>
					<swisstopo:routepoint_id>609088998</swisstopo:routepoint_id>
				</extensions>
			</trkpt>
			<trkpt lat="47.1499900363" lon="9.1291436132">
				<ele>1011.2</ele>
				<extensions>
					<swisstopo:routepoint_id>2042873662</swisstopo:routepoint_id>
				</extensions>
			</trkpt>
			<trkpt lat="47.1500548031" lon="9.1293615480">
				<ele>1009.5</ele>
				<extensions>
					<swisstopo:routepoint_id>546096299</swisstopo:routepoint_id>
				</extensions>
			</trkpt>
			<trkpt lat="47.1501074592" lon="9.1295043629">
				<ele>1008.4</ele>
				<extensions>
					<swisstopo:routepoint_id>1406048441</swisstopo:routepoint_id>
				</extensions>
			</trkpt>
			<trkpt lat="47.1501513020" lon="9.1296053850">
				<ele>1007.6</ele>
				<extensions>
					<swisstopo:routepoint_id>318494395</swisstopo:routepoint_id>
				</extensions>
			</trkpt>
			<trkpt lat="47.1502008320" lon="9.1297038292">
				<ele>1006.8</ele>
				<extensions>
					<swisstopo:routepoint_id>1822575429</swisstopo:routepoint_id>
				</extensions>
			</trkpt>
			<trkpt lat="47.1502742806" lon="9.1298445209">
				<ele>1005.6</ele>
				<extensions>
					<swisstopo:routepoint_id>1688375320</swisstopo:routepoint_id>
				</extensions>
			</trkpt>
			<trkpt lat="47.1503532887" lon="9.1299937085">
				<ele>1004.2</ele>
				<extensions>
					<swisstopo:routepoint_id>1099077481</swisstopo:routepoint_id>
				</extensions>
			</trkpt>
			<trkpt lat="47.1504528771" lon="9.1301546134">
				<ele>1002.8</ele>
				<extensions>
					<swisstopo:routepoint_id>1775729120</swisstopo:routepoint_id>
				</extensions>
			</trkpt>
			<trkpt lat="47.1504974310" lon="9.1302185866">
				<ele>1002.3</ele>
				<extensions>
					<swisstopo:routepoint_id>392241509</swisstopo:routepoint_id>
				</extensions>
			</trkpt>
			<trkpt lat="47.1505594065" lon="9.1303143136">
				<ele>1001.5</ele>
				<extensions>
					<swisstopo:routepoint_id>1151770681</swisstopo:routepoint_id>
				</extensions>
			</trkpt>
			<trkpt lat="47.1506058597" lon="9.1303931178">
				<ele>1000.9</ele>
				<extensions>
					<swisstopo:routepoint_id>1034264557</swisstopo:routepoint_id>
				</extensions>
			</trkpt>
			<trkpt lat="47.1506350778" lon="9.1304537717">
				<ele>1000.6</ele>
				<extensions>
					<swisstopo:routepoint_id>1712349772</swisstopo:routepoint_id>
				</extensions>
			</trkpt>
			<trkpt lat="47.1505957915" lon="9.1306200985">
				<ele>999.3</ele>
				<extensions>
					<swisstopo:routepoint_id>433891791</swisstopo:routepoint_id>
				</extensions>
			</trkpt>
			<trkpt lat="47.1505790893" lon="9.1307276088">
				<ele>998.6</ele>
				<extensions>
					<swisstopo:routepoint_id>1902823845</swisstopo:routepoint_id>
				</extensions>
			</trkpt>
			<trkpt lat="47.1505737245" lon="9.1308354902">
				<ele>997.7</ele>
				<extensions>
					<swisstopo:routepoint_id>823100196</swisstopo:routepoint_id>
				</extensions>
			</trkpt>
			<trkpt lat="47.1505717284" lon="9.1309711860">
				<ele>996.7</ele>
				<extensions>
					<swisstopo:routepoint_id>1449635573</swisstopo:routepoint_id>
				</extensions>
			</trkpt>
			<trkpt lat="47.1505629945" lon="9.1310512530">
				<ele>996.1</ele>
				<extensions>
					<swisstopo:routepoint_id>2143864477</swisstopo:routepoint_id>
				</extensions>
			</trkpt>
			<trkpt lat="47.1505445577" lon="9.1311476434">
				<ele>995.5</ele>
				<extensions>
					<swisstopo:routepoint_id>1264059743</swisstopo:routepoint_id>
				</extensions>
			</trkpt>
			<trkpt lat="47.1505166891" lon="9.1312437208">
				<ele>994.8</ele>
				<extensions>
					<swisstopo:routepoint_id>977412178</swisstopo:routepoint_id>
				</extensions>
			</trkpt>
			<trkpt lat="47.1505079548" lon="9.1313238006">
				<ele>994.2</ele>
				<extensions>
					<swisstopo:routepoint_id>992727903</swisstopo:routepoint_id>
				</extensions>
			</trkpt>
			<trkpt lat="47.1505065288" lon="9.1314207160">
				<ele>993.5</ele>
				<extensions>
					<swisstopo:routepoint_id>1458973107</swisstopo:routepoint_id>
				</extensions>
			</trkpt>
			<trkpt lat="47.1505087973" lon="9.1315232991">
				<ele>992.7</ele>
				<extensions>
					<swisstopo:routepoint_id>1985170757</swisstopo:routepoint_id>
				</extensions>
			</trkpt>
			<trkpt lat="47.1505181790" lon="9.1316565727">
				<ele>991.7</ele>
				<extensions>
					<swisstopo:routepoint_id>1168731517</swisstopo:routepoint_id>
				</extensions>
			</trkpt>
			<trkpt lat="47.1505421763" lon="9.1318235691">
				<ele>990.4</ele>
				<extensions>
					<swisstopo:routepoint_id>182274077</swisstopo:routepoint_id>
				</extensions>
			</trkpt>
			<trkpt lat="47.1506162639" lon="9.1321833012">
				<ele>988.0</ele>
				<extensions>
					<swisstopo:routepoint_id>413357046</swisstopo:routepoint_id>
				</extensions>
			</trkpt>
			<trkpt lat="47.1507875217" lon="9.1330032694">
				<ele>982.2</ele>
				<extensions>
					<swisstopo:routepoint_id>1047764578</swisstopo:routepoint_id>
				</extensions>
			</trkpt>
			<trkpt lat="47.1509173491" lon="9.1335559475">
				<ele>978.1</ele>
				<extensions>
					<swisstopo:routepoint_id>1718228141</swisstopo:routepoint_id>
				</extensions>
			</trkpt>
			<trkpt lat="47.1509907353" lon="9.1338353201">
				<ele>976.2</ele>
				<extensions>
					<swisstopo:routepoint_id>222810866</swisstopo:routepoint_id>
				</extensions>
			</trkpt>
			<trkpt lat="47.1510466326" lon="9.1340171764">
				<ele>974.8</ele>
				<extensions>
					<swisstopo:routepoint_id>255176275</swisstopo:routepoint_id>
				</extensions>
			</trkpt>
			<trkpt lat="47.1511006680" lon="9.1341989628">
				<ele>973.5</ele>
				<extensions>
					<swisstopo:routepoint_id>1855409366</swisstopo:routepoint_id>
				</extensions>
			</trkpt>
			<trkpt lat="47.1511343967" lon="9.1343468842">
				<ele>972.5</ele>
				<extensions>
					<swisstopo:routepoint_id>2052914124</swisstopo:routepoint_id>
				</extensions>
			</trkpt>
			<trkpt lat="47.1512072008" lon="9.1346650137">
				<ele>970.4</ele>
				<extensions>
					<swisstopo:routepoint_id>2073114036</swisstopo:routepoint_id>
				</extensions>
			</trkpt>
			<trkpt lat="47.1512463485" lon="9.1348297233">
				<ele>969.1</ele>
				<extensions>
					<swisstopo:routepoint_id>221043157</swisstopo:routepoint_id>
				</extensions>
			</trkpt>
			<trkpt lat="47.1512734630" lon="9.1349137106">
				<ele>968.5</ele>
				<extensions>
					<swisstopo:routepoint_id>1416889820</swisstopo:routepoint_id>
				</extensions>
			</trkpt>
			<trkpt lat="47.1513283458" lon="9.1350373368">
				<ele>967.4</ele>
				<extensions>
					<swisstopo:routepoint_id>1075678838</swisstopo:routepoint_id>
				</extensions>
			</trkpt>
			<trkpt lat="47.1513941894" lon="9.1351862773">
				<ele>966.2</ele>
				<extensions>
					<swisstopo:routepoint_id>708949542</swisstopo:routepoint_id>
				</extensions>
			</trkpt>
			<trkpt lat="47.1514357147" lon="9.1353178040">
				<ele>965.1</ele>
				<extensions>
					<swisstopo:routepoint_id>1872046877</swisstopo:routepoint_id>
				</extensions>
			</trkpt>
			<trkpt lat="47.1514788186" lon="9.1354715623">
				<ele>963.8</ele>
				<extensions>
					<swisstopo:routepoint_id>1719043824</swisstopo:routepoint_id>
				</extensions>
			</trkpt>
			<trkpt lat="47.1515308553" lon="9.1356588410">
				<ele>962.4</ele>
				<extensions>
					<swisstopo:routepoint_id>1864823906</swisstopo:routepoint_id>
				</extensions>
			</trkpt>
			<trkpt lat="47.1515375589" lon="9.1357172265">
				<ele>962.1</ele>
				<extensions>
					<swisstopo:routepoint_id>789749138</swisstopo:routepoint_id>
				</extensions>
			</trkpt>
			<trkpt lat="47.1515410581" lon="9.1358641786">
				<ele>961.0</ele>
				<extensions>
					<swisstopo:routepoint_id>721454300</swisstopo:routepoint_id>
				</extensions>
			</trkpt>
			<trkpt lat="47.1515379444" lon="9.1359471937">
				<ele>960.4</ele>
				<extensions>
					<swisstopo:routepoint_id>637758811</swisstopo:routepoint_id>
				</extensions>
			</trkpt>
			<trkpt lat="47.1515329830" lon="9.1360273940">
				<ele>959.9</ele>
				<extensions>
					<swisstopo:routepoint_id>2125544608</swisstopo:routepoint_id>
				</extensions>
			</trkpt>
			<trkpt lat="47.1515100303" lon="9.1361735070">
				<ele>958.8</ele>
				<extensions>
					<swisstopo:routepoint_id>1984188232</swisstopo:routepoint_id>
				</extensions>
			</trkpt>
			<trkpt lat="47.1514931276" lon="9.1362948581">
				<ele>958.0</ele>
				<extensions>
					<swisstopo:routepoint_id>1577222279</swisstopo:routepoint_id>
				</extensions>
			</trkpt>
			<trkpt lat="47.1514821250" lon="9.1363998059">
				<ele>957.2</ele>
				<extensions>
					<swisstopo:routepoint_id>174120899</swisstopo:routepoint_id>
				</extensions>
			</trkpt>
			<trkpt lat="47.1514901441" lon="9.1364970226">
				<ele>956.3</ele>
				<extensions>
					<swisstopo:routepoint_id>933648904</swisstopo:routepoint_id>
				</extensions>
			</trkpt>
			<trkpt lat="47.1515168810" lon="9.1366059240">
				<ele>955.5</ele>
				<extensions>
					<swisstopo:routepoint_id>882073735</swisstopo:routepoint_id>
				</extensions>
			</trkpt>
			<trkpt lat="47.1515472304" lon="9.1367260309">
				<ele>954.7</ele>
				<extensions>
					<swisstopo:routepoint_id>1807148408</swisstopo:routepoint_id>
				</extensions>
			</trkpt>
			<trkpt lat="47.1515543953" lon="9.1367644391">
				<ele>954.5</ele>
				<extensions>
					<swisstopo:routepoint_id>2072205001</swisstopo:routepoint_id>
				</extensions>
			</trkpt>
			<trkpt lat="47.1515612583" lon="9.1368012682">
				<ele>954.4</ele>
				<extensions>
					<swisstopo:routepoint_id>82536988</swisstopo:routepoint_id>
				</extensions>
			</trkpt>
			<trkpt lat="47.1515676255" lon="9.1368818151">
				<ele>953.8</ele>
				<extensions>
					<swisstopo:routepoint_id>234085356</swisstopo:routepoint_id>
				</extensions>
			</trkpt>
			<trkpt lat="47.1515606528" lon="9.1369702604">
				<ele>953.2</ele>
				<extensions>
					<swisstopo:routepoint_id>60706183</swisstopo:routepoint_id>
				</extensions>
			</trkpt>
			<trkpt lat="47.1515438309" lon="9.1370860741">
				<ele>952.5</ele>
				<extensions>
					<swisstopo:routepoint_id>1060904232</swisstopo:routepoint_id>
				</extensions>
			</trkpt>
			<trkpt lat="47.1515461350" lon="9.1371859062">
				<ele>951.8</ele>
				<extensions>
					<swisstopo:routepoint_id>2121225497</swisstopo:routepoint_id>
				</extensions>
			</trkpt>
			<trkpt lat="47.1515618606" lon="9.1372723012">
				<ele>951.3</ele>
				<extensions>
					<swisstopo:routepoint_id>1520754692</swisstopo:routepoint_id>
				</extensions>
			</trkpt>
			<trkpt lat="47.1515853931" lon="9.1373423005">
				<ele>950.9</ele>
				<extensions>
					<swisstopo:routepoint_id>354916573</swisstopo:routepoint_id>
				</extensions>
			</trkpt>
			<trkpt lat="47.1516276110" lon="9.1374267546">
				<ele>950.5</ele>
				<extensions>
					<swisstopo:routepoint_id>964580768</swisstopo:routepoint_id>
				</extensions>
			</trkpt>
			<trkpt lat="47.1516739995" lon="9.1374864163">
				<ele>950.2</ele>
				<extensions>
					<swisstopo:routepoint_id>918107609</swisstopo:routepoint_id>
				</extensions>
			</trkpt>
			<trkpt lat="47.1517376499" lon="9.1375272232">
				<ele>949.7</ele>
				<extensions>
					<swisstopo:routepoint_id>1941951245</swisstopo:routepoint_id>
				</extensions>
			</trkpt>
			<trkpt lat="47.1518802372" lon="9.1375982332">
				<ele>948.9</ele>
				<extensions>
					<swisstopo:routepoint_id>1837749257</swisstopo:routepoint_id>
				</extensions>
			</trkpt>
			<trkpt lat="47.1520568667" lon="9.1376921117">
				<ele>947.9</ele>
				<extensions>
					<swisstopo:routepoint_id>907809935</swisstopo:routepoint_id>
				</extensions>
			</trkpt>
			<trkpt lat="47.1522079601" lon="9.1377672035">
				<ele>947.2</ele>
				<extensions>
					<swisstopo:routepoint_id>1183744649</swisstopo:routepoint_id>
				</extensions>
			</trkpt>
			<trkpt lat="47.1522519617" lon="9.1377986839">
				<ele>947.0</ele>
				<extensions>
					<swisstopo:routepoint_id>823440731</swisstopo:routepoint_id>
				</extensions>
			</trkpt>
			<trkpt lat="47.1522771696" lon="9.1378295682">
				<ele>946.9</ele>
				<extensions>
					<swisstopo:routepoint_id>768011449</swisstopo:routepoint_id>
				</extensions>
			</trkpt>
			<trkpt lat="47.1522771699" lon="9.1378295677">
				<ele>946.9</ele>
				<extensions>
					<swisstopo:routepoint_id>692959590</swisstopo:routepoint_id>
				</extensions>
			</trkpt>
			<trkpt lat="47.1522935197" lon="9.1378802173">
				<ele>946.8</ele>
				<extensions>
					<swisstopo:routepoint_id>847816205</swisstopo:routepoint_id>
				</extensions>
			</trkpt>
			<trkpt lat="47.1523052685" lon="9.1380109606">
				<ele>946.4</ele>
				<extensions>
					<swisstopo:routepoint_id>1044085006</swisstopo:routepoint_id>
				</extensions>
			</trkpt>
			<trkpt lat="47.1522991402" lon="9.1380784643">
				<ele>946.2</ele>
				<extensions>
					<swisstopo:routepoint_id>1796169555</swisstopo:routepoint_id>
				</extensions>
			</trkpt>
			<trkpt lat="47.1522740703" lon="9.1381554012">
				<ele>945.8</ele>
				<extensions>
					<swisstopo:routepoint_id>668488316</swisstopo:routepoint_id>
				</extensions>
			</trkpt>
			<trkpt lat="47.1522373462" lon="9.1382093901">
				<ele>945.5</ele>
				<extensions>
					<swisstopo:routepoint_id>1167375444</swisstopo:routepoint_id>
				</extensions>
			</trkpt>
			<trkpt lat="47.1522078795" lon="9.1382360198">
				<ele>945.3</ele>
				<extensions>
					<swisstopo:routepoint_id>656056906</swisstopo:routepoint_id>
				</extensions>
			</trkpt>
			<trkpt lat="47.1520474088" lon="9.1383312085">
				<ele>943.8</ele>
				<extensions>
					<swisstopo:routepoint_id>1680511750</swisstopo:routepoint_id>
				</extensions>
			</trkpt>
			<trkpt lat="47.1518475927" lon="9.1384276679">
				<ele>942.2</ele>
				<extensions>
					<swisstopo:routepoint_id>2139406153</swisstopo:routepoint_id>
				</extensions>
			</trkpt>
			<trkpt lat="47.1518097572" lon="9.1384415015">
				<ele>942.0</ele>
				<extensions>
					<swisstopo:routepoint_id>335148541</swisstopo:routepoint_id>
				</extensions>
			</trkpt>
			<trkpt lat="47.1517328267" lon="9.1384390580">
				<ele>941.4</ele>
				<extensions>
					<swisstopo:routepoint_id>2033913241</swisstopo:routepoint_id>
				</extensions>
			</trkpt>
			<trkpt lat="47.1515638386" lon="9.1384161507">
				<ele>940.0</ele>
				<extensions>
					<swisstopo:routepoint_id>338719913</swisstopo:routepoint_id>
				</extensions>
			</trkpt>
			<trkpt lat="47.1514120739" lon="9.1384561041">
				<ele>938.6</ele>
				<extensions>
					<swisstopo:routepoint_id>1582235302</swisstopo:routepoint_id>
				</extensions>
			</trkpt>
			<trkpt lat="47.1513548219" lon="9.1384930735">
				<ele>938.0</ele>
				<extensions>
					<swisstopo:routepoint_id>188304019</swisstopo:routepoint_id>
				</extensions>
			</trkpt>
			<trkpt lat="47.1512611865" lon="9.1385621481">
				<ele>937.1</ele>
				<extensions>
					<swisstopo:routepoint_id>642965789</swisstopo:routepoint_id>
				</extensions>
			</trkpt>
			<trkpt lat="47.1511371601" lon="9.1386413091">
				<ele>936.0</ele>
				<extensions>
					<swisstopo:routepoint_id>1356350442</swisstopo:routepoint_id>
				</extensions>
			</trkpt>
			<trkpt lat="47.1510702304" lon="9.1386946011">
				<ele>935.4</ele>
				<extensions>
					<swisstopo:routepoint_id>1714796626</swisstopo:routepoint_id>
				</extensions>
			</trkpt>
			<trkpt lat="47.1509934745" lon="9.1387725053">
				<ele>934.6</ele>
				<extensions>
					<swisstopo:routepoint_id>1445855433</swisstopo:routepoint_id>
				</extensions>
			</trkpt>
			<trkpt lat="47.1509280150" lon="9.1388535389">
				<ele>933.8</ele>
				<extensions>
					<swisstopo:routepoint_id>1378247425</swisstopo:routepoint_id>
				</extensions>
			</trkpt>
			<trkpt lat="47.1508761000" lon="9.1389128341">
				<ele>933.2</ele>
				<extensions>
					<swisstopo:routepoint_id>295876890</swisstopo:routepoint_id>
				</extensions>
			</trkpt>
			<trkpt lat="47.1508301940" lon="9.1389501744">
				<ele>932.8</ele>
				<extensions>
					<swisstopo:routepoint_id>1815546559</swisstopo:routepoint_id>
				</extensions>
			</trkpt>
			<trkpt lat="47.1507845658" lon="9.1389681258">
				<ele>932.4</ele>
				<extensions>
					<swisstopo:routepoint_id>1485598883</swisstopo:routepoint_id>
				</extensions>
			</trkpt>
			<trkpt lat="47.1507202523" lon="9.1389716205">
				<ele>931.7</ele>
				<extensions>
					<swisstopo:routepoint_id>667447652</swisstopo:routepoint_id>
				</extensions>
			</trkpt>
			<trkpt lat="47.1506615798" lon="9.1389780652">
				<ele>931.1</ele>
				<extensions>
					<swisstopo:routepoint_id>1244550376</swisstopo:routepoint_id>
				</extensions>
			</trkpt>
			<trkpt lat="47.1505935543" lon="9.1389759040">
				<ele>930.3</ele>
				<extensions>
					<swisstopo:routepoint_id>80698919</swisstopo:routepoint_id>
				</extensions>
			</trkpt>
			<trkpt lat="47.1505518341" lon="9.1389856579">
				<ele>929.9</ele>
				<extensions>
					<swisstopo:routepoint_id>1335362188</swisstopo:routepoint_id>
				</extensions>
			</trkpt>
			<trkpt lat="47.1504680182" lon="9.1390495946">
				<ele>928.8</ele>
				<extensions>
					<swisstopo:routepoint_id>2019789931</swisstopo:routepoint_id>
				</extensions>
			</trkpt>
			<trkpt lat="47.1504152108" lon="9.1391056426">
				<ele>928.0</ele>
				<extensions>
					<swisstopo:routepoint_id>1694392393</swisstopo:routepoint_id>
				</extensions>
			</trkpt>
			<trkpt lat="47.1503471156" lon="9.1391985398">
				<ele>927.0</ele>
				<extensions>
					<swisstopo:routepoint_id>2105419316</swisstopo:routepoint_id>
				</extensions>
			</trkpt>
			<trkpt lat="47.1503076652" lon="9.1392710996">
				<ele>926.3</ele>
				<extensions>
					<swisstopo:routepoint_id>531406106</swisstopo:routepoint_id>
				</extensions>
			</trkpt>
			<trkpt lat="47.1502626966" lon="9.1393579392">
				<ele>925.5</ele>
				<extensions>
					<swisstopo:routepoint_id>196802298</swisstopo:routepoint_id>
				</extensions>
			</trkpt>
			<trkpt lat="47.1501943796" lon="9.1394652306">
				<ele>924.5</ele>
				<extensions>
					<swisstopo:routepoint_id>2144812120</swisstopo:routepoint_id>
				</extensions>
			</trkpt>
			<trkpt lat="47.1500497735" lon="9.1397008035">
				<ele>922.1</ele>
				<extensions>
					<swisstopo:routepoint_id>480043636</swisstopo:routepoint_id>
				</extensions>
			</trkpt>
			<trkpt lat="47.1499780061" lon="9.1398144337">
				<ele>921.0</ele>
				<extensions>
					<swisstopo:routepoint_id>1852100643</swisstopo:routepoint_id>
				</extensions>
			</trkpt>
			<trkpt lat="47.1499411087" lon="9.1398693892">
				<ele>920.4</ele>
				<extensions>
					<swisstopo:routepoint_id>1643912014</swisstopo:routepoint_id>
				</extensions>
			</trkpt>
			<trkpt lat="47.1499004547" lon="9.1399199269">
				<ele>919.9</ele>
				<extensions>
					<swisstopo:routepoint_id>11341850</swisstopo:routepoint_id>
				</extensions>
			</trkpt>
			<trkpt lat="47.1498261118" lon="9.1399849014">
				<ele>918.9</ele>
				<extensions>
					<swisstopo:routepoint_id>935300270</swisstopo:routepoint_id>
				</extensions>
			</trkpt>
			<trkpt lat="47.1497995437" lon="9.1400097729">
				<ele>918.6</ele>
				<extensions>
					<swisstopo:routepoint_id>2048003998</swisstopo:routepoint_id>
				</extensions>
			</trkpt>
			<trkpt lat="47.1497230360" lon="9.1400957678">
				<ele>917.5</ele>
				<extensions>
					<swisstopo:routepoint_id>27209766</swisstopo:routepoint_id>
				</extensions>
			</trkpt>
			<trkpt lat="47.1496806889" lon="9.1401455252">
				<ele>916.8</ele>
				<extensions>
					<swisstopo:routepoint_id>496017060</swisstopo:routepoint_id>
				</extensions>
			</trkpt>
			<trkpt lat="47.1496412511" lon="9.1402266837">
				<ele>916.1</ele>
				<extensions>
					<swisstopo:routepoint_id>481223266</swisstopo:routepoint_id>
				</extensions>
			</trkpt>
			<trkpt lat="47.1496141295" lon="9.1403115437">
				<ele>915.5</ele>
				<extensions>
					<swisstopo:routepoint_id>289051540</swisstopo:routepoint_id>
				</extensions>
			</trkpt>
			<trkpt lat="47.1495550816" lon="9.1405916245">
				<ele>914.7</ele>
				<extensions>
					<swisstopo:routepoint_id>537431146</swisstopo:routepoint_id>
				</extensions>
			</trkpt>
			<trkpt lat="47.1495429572" lon="9.1406402867">
				<ele>914.5</ele>
				<extensions>
					<swisstopo:routepoint_id>2006198499</swisstopo:routepoint_id>
				</extensions>
			</trkpt>
			<trkpt lat="47.1494748663" lon="9.1409038196">
				<ele>913.5</ele>
				<extensions>
					<swisstopo:routepoint_id>1746395264</swisstopo:routepoint_id>
				</extensions>
			</trkpt>
			<trkpt lat="47.1494649840" lon="9.1409339558">
				<ele>913.3</ele>
				<extensions>
					<swisstopo:routepoint_id>1080809370</swisstopo:routepoint_id>
				</extensions>
			</trkpt>
			<trkpt lat="47.1494498414" lon="9.1409698603">
				<ele>913.2</ele>
				<extensions>
					<swisstopo:routepoint_id>1216848193</swisstopo:routepoint_id>
				</extensions>
			</trkpt>
			<trkpt lat="47.1493857623" lon="9.1412513894">
				<ele>912.6</ele>
				<extensions>
					<swisstopo:routepoint_id>270951519</swisstopo:routepoint_id>
				</extensions>
			</trkpt>
			<trkpt lat="47.1493682530" lon="9.1413237091">
				<ele>912.3</ele>
				<extensions>
					<swisstopo:routepoint_id>214802818</swisstopo:routepoint_id>
				</extensions>
			</trkpt>
			<trkpt lat="47.1494012483" lon="9.1414244736">
				<ele>913.0</ele>
				<extensions>
					<swisstopo:routepoint_id>376688082</swisstopo:routepoint_id>
				</extensions>
			</trkpt>
			<trkpt lat="47.1494418277" lon="9.1417051127">
				<ele>913.8</ele>
				<extensions>
					<swisstopo:routepoint_id>1064245135</swisstopo:routepoint_id>
				</extensions>
			</trkpt>
			<trkpt lat="47.1494581056" lon="9.1418368249">
				<ele>913.6</ele>
				<extensions>
					<swisstopo:routepoint_id>408554142</swisstopo:routepoint_id>
				</extensions>
			</trkpt>
			<trkpt lat="47.1494625622" lon="9.1419326054">
				<ele>913.7</ele>
				<extensions>
					<swisstopo:routepoint_id>1351992207</swisstopo:routepoint_id>
				</extensions>
			</trkpt>
			<trkpt lat="47.1493653259" lon="9.1419336394">
				<ele>912.8</ele>
				<extensions>
					<swisstopo:routepoint_id>1662026048</swisstopo:routepoint_id>
				</extensions>
			</trkpt>
			<trkpt lat="47.1492019368" lon="9.1419345819">
				<ele>910.7</ele>
				<extensions>
					<swisstopo:routepoint_id>1474473483</swisstopo:routepoint_id>
				</extensions>
			</trkpt>
		</trkseg>
	</trk>
</gpx>
