<?xml version="1.0"?>
<gpx version="1.1" creator="Generated by Swisstopo App. See https://www.swisstopo.ch/app for more information." xmlns="http://www.topografix.com/GPX/1/1" xmlns:xsi="http://www.w3.org/2001/XMLSchema-instance" xmlns:swisstopo="https://prod-static.swisstopo-app.ch/xmlschemas/SwisstopoExtensions" xsi:schemaLocation="http://www.topografix.com/GPX/1/1 http://www.topografix.com/GPX/1/1/gpx.xsd https://swisstopo-app.ch/xmlschemas/SwisstopoExtensions https://prod-static.swisstopo-app.ch/xmlschemas/SwisstopoExtensions.xsd">
	<metadata>
		<name>Ibergeregg -Weglosen</name>
		<desc />
		<time>2026-05-30T07:29:48+02:00</time>
		<extensions>
			<swisstopo:tour_type>0</swisstopo:tour_type>
		</extensions>
	</metadata>
	<wpt lat="47.0172231972" lon="8.7334536138">
		<ele>1407.2</ele>
		<name>Startpunkt</name>
		<extensions>
			<swisstopo:waypoint_id>1</swisstopo:waypoint_id>
			<swisstopo:waypoint_routepoint_id>742763481</swisstopo:waypoint_routepoint_id>
			<swisstopo:waypoint_meters_into_tour>0.000000</swisstopo:waypoint_meters_into_tour>
			<swisstopo:waypoint_is_controlpoint>1</swisstopo:waypoint_is_controlpoint>
		</extensions>
	</wpt>
	<wpt lat="47.0163785251" lon="8.7337321983">
		<ele>1411.1</ele>
		<name>Wegpunkt</name>
		<extensions>
			<swisstopo:waypoint_id>1171574547</swisstopo:waypoint_id>
			<swisstopo:waypoint_routepoint_id>798111049</swisstopo:waypoint_routepoint_id>
			<swisstopo:waypoint_meters_into_tour>99.543889</swisstopo:waypoint_meters_into_tour>
			<swisstopo:waypoint_is_controlpoint>1</swisstopo:waypoint_is_controlpoint>
		</extensions>
	</wpt>
	<wpt lat="47.0086657523" lon="8.7417072792">
		<ele>1503.0</ele>
		<name>Wegpunkt</name>
		<extensions>
			<swisstopo:waypoint_id>303385156</swisstopo:waypoint_id>
			<swisstopo:waypoint_routepoint_id>2049499387</swisstopo:waypoint_routepoint_id>
			<swisstopo:waypoint_meters_into_tour>1350.915560</swisstopo:waypoint_meters_into_tour>
			<swisstopo:waypoint_is_controlpoint>1</swisstopo:waypoint_is_controlpoint>
		</extensions>
	</wpt>
	<wpt lat="46.9957945481" lon="8.7831930222">
		<ele>1765.6</ele>
		<name>Wegpunkt</name>
		<extensions>
			<swisstopo:waypoint_id>702358045</swisstopo:waypoint_id>
			<swisstopo:waypoint_routepoint_id>1311697435</swisstopo:waypoint_routepoint_id>
			<swisstopo:waypoint_meters_into_tour>5507.221179</swisstopo:waypoint_meters_into_tour>
			<swisstopo:waypoint_is_controlpoint>1</swisstopo:waypoint_is_controlpoint>
		</extensions>
	</wpt>
	<wpt lat="47.0008954558" lon="8.8240295882">
		<ele>2205.0</ele>
		<name>Wegpunkt</name>
		<extensions>
			<swisstopo:waypoint_id>368831388</swisstopo:waypoint_id>
			<swisstopo:waypoint_routepoint_id>113333431</swisstopo:waypoint_routepoint_id>
			<swisstopo:waypoint_meters_into_tour>9230.719633</swisstopo:waypoint_meters_into_tour>
			<swisstopo:waypoint_is_controlpoint>1</swisstopo:waypoint_is_controlpoint>
		</extensions>
	</wpt>
	<wpt lat="47.0022396547" lon="8.8284733084">
		<ele>2107.2</ele>
		<name>Wegpunkt</name>
		<extensions>
			<swisstopo:waypoint_id>900012246</swisstopo:waypoint_id>
			<swisstopo:waypoint_routepoint_id>1935868295</swisstopo:waypoint_routepoint_id>
			<swisstopo:waypoint_meters_into_tour>9758.740256</swisstopo:waypoint_meters_into_tour>
			<swisstopo:waypoint_is_controlpoint>1</swisstopo:waypoint_is_controlpoint>
		</extensions>
	</wpt>
	<wpt lat="47.0042332128" lon="8.8337031747">
		<ele>2281.8</ele>
		<name>Wegpunkt</name>
		<extensions>
			<swisstopo:waypoint_id>728923989</swisstopo:waypoint_id>
			<swisstopo:waypoint_routepoint_id>1889510084</swisstopo:waypoint_routepoint_id>
			<swisstopo:waypoint_meters_into_tour>10425.430442</swisstopo:waypoint_meters_into_tour>
			<swisstopo:waypoint_is_controlpoint>1</swisstopo:waypoint_is_controlpoint>
		</extensions>
	</wpt>
	<wpt lat="47.0025520489" lon="8.8286509797">
		<ele>2101.9</ele>
		<name>Wegpunkt</name>
		<extensions>
			<swisstopo:waypoint_id>1888179536</swisstopo:waypoint_id>
			<swisstopo:waypoint_routepoint_id>1054541068</swisstopo:waypoint_routepoint_id>
			<swisstopo:waypoint_meters_into_tour>11130.269114</swisstopo:waypoint_meters_into_tour>
			<swisstopo:waypoint_is_controlpoint>1</swisstopo:waypoint_is_controlpoint>
		</extensions>
	</wpt>
	<wpt lat="47.0029027965" lon="8.8274496370">
		<ele>2051.5</ele>
		<name>Wegpunkt</name>
		<extensions>
			<swisstopo:waypoint_id>2005459528</swisstopo:waypoint_id>
			<swisstopo:waypoint_routepoint_id>1380355385</swisstopo:waypoint_routepoint_id>
			<swisstopo:waypoint_meters_into_tour>11299.881198</swisstopo:waypoint_meters_into_tour>
			<swisstopo:waypoint_is_controlpoint>1</swisstopo:waypoint_is_controlpoint>
		</extensions>
	</wpt>
	<wpt lat="47.0067592139" lon="8.8271352873">
		<ele>1859.0</ele>
		<name>Wegpunkt</name>
		<extensions>
			<swisstopo:waypoint_id>1539487733</swisstopo:waypoint_id>
			<swisstopo:waypoint_routepoint_id>1707420086</swisstopo:waypoint_routepoint_id>
			<swisstopo:waypoint_meters_into_tour>12027.414900</swisstopo:waypoint_meters_into_tour>
			<swisstopo:waypoint_is_controlpoint>1</swisstopo:waypoint_is_controlpoint>
		</extensions>
	</wpt>
	<wpt lat="47.0149647559" lon="8.8281066019">
		<ele>1678.9</ele>
		<name>Wegpunkt</name>
		<extensions>
			<swisstopo:waypoint_id>40741568</swisstopo:waypoint_id>
			<swisstopo:waypoint_routepoint_id>1091818132</swisstopo:waypoint_routepoint_id>
			<swisstopo:waypoint_meters_into_tour>13059.472941</swisstopo:waypoint_meters_into_tour>
			<swisstopo:waypoint_is_controlpoint>1</swisstopo:waypoint_is_controlpoint>
		</extensions>
	</wpt>
	<wpt lat="47.0219621254" lon="8.8111590543">
		<ele>1029.0</ele>
		<name>Wegpunkt</name>
		<extensions>
			<swisstopo:waypoint_id>1639534845</swisstopo:waypoint_id>
			<swisstopo:waypoint_routepoint_id>439279478</swisstopo:waypoint_routepoint_id>
			<swisstopo:waypoint_meters_into_tour>15734.541420</swisstopo:waypoint_meters_into_tour>
			<swisstopo:waypoint_is_controlpoint>1</swisstopo:waypoint_is_controlpoint>
		</extensions>
	</wpt>
	<wpt lat="47.0205384520" lon="8.8094721067">
		<ele>1033.0</ele>
		<name>Ziel</name>
		<extensions>
			<swisstopo:waypoint_id>1304831146</swisstopo:waypoint_id>
			<swisstopo:waypoint_routepoint_id>1038189032</swisstopo:waypoint_routepoint_id>
			<swisstopo:waypoint_meters_into_tour>16029.985501</swisstopo:waypoint_meters_into_tour>
			<swisstopo:waypoint_is_controlpoint>1</swisstopo:waypoint_is_controlpoint>
			<swisstopo:waypoint_stage_before distance="16029.985501" duration="24149.039681" ascent="1185.300000" descent="1559.500000" />
		</extensions>
	</wpt>
	<trk>
		<name>Swisstopo Route</name>
		<trkseg>
			<trkpt lat="47.0172231972" lon="8.7334536138">
				<ele>1407.2</ele>
				<extensions>
					<swisstopo:routepoint_id>742763481</swisstopo:routepoint_id>
				</extensions>
			</trkpt>
			<trkpt lat="47.0171823498" lon="8.7334575796">
				<ele>1407.6</ele>
				<extensions>
					<swisstopo:routepoint_id>49492410</swisstopo:routepoint_id>
				</extensions>
			</trkpt>
			<trkpt lat="47.0171011472" lon="8.7334543567">
				<ele>1408.8</ele>
				<extensions>
					<swisstopo:routepoint_id>1330632724</swisstopo:routepoint_id>
				</extensions>
			</trkpt>
			<trkpt lat="47.0170682106" lon="8.7334424075">
				<ele>1409.3</ele>
				<extensions>
					<swisstopo:routepoint_id>112647333</swisstopo:routepoint_id>
				</extensions>
			</trkpt>
			<trkpt lat="47.0170296852" lon="8.7334578148">
				<ele>1409.4</ele>
				<extensions>
					<swisstopo:routepoint_id>1845051259</swisstopo:routepoint_id>
				</extensions>
			</trkpt>
			<trkpt lat="47.0169646344" lon="8.7334726734">
				<ele>1409.1</ele>
				<extensions>
					<swisstopo:routepoint_id>1567758786</swisstopo:routepoint_id>
				</extensions>
			</trkpt>
			<trkpt lat="47.0169228868" lon="8.7334794132">
				<ele>1409.2</ele>
				<extensions>
					<swisstopo:routepoint_id>2027853468</swisstopo:routepoint_id>
				</extensions>
			</trkpt>
			<trkpt lat="47.0168396499" lon="8.7334970690">
				<ele>1409.7</ele>
				<extensions>
					<swisstopo:routepoint_id>1739241255</swisstopo:routepoint_id>
				</extensions>
			</trkpt>
			<trkpt lat="47.0167799336" lon="8.7335382595">
				<ele>1409.2</ele>
				<extensions>
					<swisstopo:routepoint_id>1522009696</swisstopo:routepoint_id>
				</extensions>
			</trkpt>
			<trkpt lat="47.0167666460" lon="8.7335661404">
				<ele>1409.3</ele>
				<extensions>
					<swisstopo:routepoint_id>313518141</swisstopo:routepoint_id>
				</extensions>
			</trkpt>
			<trkpt lat="47.0167285007" lon="8.7335613785">
				<ele>1409.7</ele>
				<extensions>
					<swisstopo:routepoint_id>2033145315</swisstopo:routepoint_id>
				</extensions>
			</trkpt>
			<trkpt lat="47.0166586003" lon="8.7335547979">
				<ele>1410.2</ele>
				<extensions>
					<swisstopo:routepoint_id>299110185</swisstopo:routepoint_id>
				</extensions>
			</trkpt>
			<trkpt lat="47.0165934896" lon="8.7335654197">
				<ele>1410.5</ele>
				<extensions>
					<swisstopo:routepoint_id>1997751290</swisstopo:routepoint_id>
				</extensions>
			</trkpt>
			<trkpt lat="47.0165398609" lon="8.7335933527">
				<ele>1410.9</ele>
				<extensions>
					<swisstopo:routepoint_id>1146371961</swisstopo:routepoint_id>
				</extensions>
			</trkpt>
			<trkpt lat="47.0164674355" lon="8.7336622536">
				<ele>1411.0</ele>
				<extensions>
					<swisstopo:routepoint_id>1777265212</swisstopo:routepoint_id>
				</extensions>
			</trkpt>
			<trkpt lat="47.0163833721" lon="8.7337284530">
				<ele>1411.1</ele>
				<extensions>
					<swisstopo:routepoint_id>1159008386</swisstopo:routepoint_id>
				</extensions>
			</trkpt>
			<trkpt lat="47.0163785251" lon="8.7337321983">
				<ele>1411.1</ele>
				<extensions>
					<swisstopo:routepoint_id>798111049</swisstopo:routepoint_id>
				</extensions>
			</trkpt>
			<trkpt lat="47.0163833721" lon="8.7337284530">
				<ele>1411.1</ele>
				<extensions>
					<swisstopo:routepoint_id>1541886314</swisstopo:routepoint_id>
				</extensions>
			</trkpt>
			<trkpt lat="47.0164674355" lon="8.7336622536">
				<ele>1411.0</ele>
				<extensions>
					<swisstopo:routepoint_id>1815365149</swisstopo:routepoint_id>
				</extensions>
			</trkpt>
			<trkpt lat="47.0165398609" lon="8.7335933527">
				<ele>1410.9</ele>
				<extensions>
					<swisstopo:routepoint_id>671428241</swisstopo:routepoint_id>
				</extensions>
			</trkpt>
			<trkpt lat="47.0165934896" lon="8.7335654197">
				<ele>1410.5</ele>
				<extensions>
					<swisstopo:routepoint_id>843342863</swisstopo:routepoint_id>
				</extensions>
			</trkpt>
			<trkpt lat="47.0166586003" lon="8.7335547979">
				<ele>1410.2</ele>
				<extensions>
					<swisstopo:routepoint_id>1598492519</swisstopo:routepoint_id>
				</extensions>
			</trkpt>
			<trkpt lat="47.0167285007" lon="8.7335613785">
				<ele>1409.7</ele>
				<extensions>
					<swisstopo:routepoint_id>2050854467</swisstopo:routepoint_id>
				</extensions>
			</trkpt>
			<trkpt lat="47.0167666460" lon="8.7335661404">
				<ele>1409.3</ele>
				<extensions>
					<swisstopo:routepoint_id>843041618</swisstopo:routepoint_id>
				</extensions>
			</trkpt>
			<trkpt lat="47.0167285007" lon="8.7335613785">
				<ele>1409.7</ele>
				<extensions>
					<swisstopo:routepoint_id>946466021</swisstopo:routepoint_id>
				</extensions>
			</trkpt>
			<trkpt lat="47.0166586003" lon="8.7335547979">
				<ele>1410.2</ele>
				<extensions>
					<swisstopo:routepoint_id>803621772</swisstopo:routepoint_id>
				</extensions>
			</trkpt>
			<trkpt lat="47.0165934896" lon="8.7335654197">
				<ele>1410.5</ele>
				<extensions>
					<swisstopo:routepoint_id>891521213</swisstopo:routepoint_id>
				</extensions>
			</trkpt>
			<trkpt lat="47.0165398609" lon="8.7335933527">
				<ele>1410.9</ele>
				<extensions>
					<swisstopo:routepoint_id>289587045</swisstopo:routepoint_id>
				</extensions>
			</trkpt>
			<trkpt lat="47.0164674355" lon="8.7336622536">
				<ele>1411.0</ele>
				<extensions>
					<swisstopo:routepoint_id>309611618</swisstopo:routepoint_id>
				</extensions>
			</trkpt>
			<trkpt lat="47.0163833721" lon="8.7337284530">
				<ele>1411.1</ele>
				<extensions>
					<swisstopo:routepoint_id>960489331</swisstopo:routepoint_id>
				</extensions>
			</trkpt>
			<trkpt lat="47.0163161390" lon="8.7337804050">
				<ele>1411.4</ele>
				<extensions>
					<swisstopo:routepoint_id>1448493789</swisstopo:routepoint_id>
				</extensions>
			</trkpt>
			<trkpt lat="47.0162321029" lon="8.7338441711">
				<ele>1411.9</ele>
				<extensions>
					<swisstopo:routepoint_id>1728857157</swisstopo:routepoint_id>
				</extensions>
			</trkpt>
			<trkpt lat="47.0161667265" lon="8.7338791201">
				<ele>1412.1</ele>
				<extensions>
					<swisstopo:routepoint_id>782841297</swisstopo:routepoint_id>
				</extensions>
			</trkpt>
			<trkpt lat="47.0161279757" lon="8.7338993096">
				<ele>1412.2</ele>
				<extensions>
					<swisstopo:routepoint_id>1790659765</swisstopo:routepoint_id>
				</extensions>
			</trkpt>
			<trkpt lat="47.0160996864" lon="8.7339140554">
				<ele>1412.3</ele>
				<extensions>
					<swisstopo:routepoint_id>421502453</swisstopo:routepoint_id>
				</extensions>
			</trkpt>
			<trkpt lat="47.0160494865" lon="8.7339323242">
				<ele>1412.6</ele>
				<extensions>
					<swisstopo:routepoint_id>751203538</swisstopo:routepoint_id>
				</extensions>
			</trkpt>
			<trkpt lat="47.0159827763" lon="8.7339380263">
				<ele>1413.3</ele>
				<extensions>
					<swisstopo:routepoint_id>346948849</swisstopo:routepoint_id>
				</extensions>
			</trkpt>
			<trkpt lat="47.0159326312" lon="8.7339514423">
				<ele>1414.1</ele>
				<extensions>
					<swisstopo:routepoint_id>1965683071</swisstopo:routepoint_id>
				</extensions>
			</trkpt>
			<trkpt lat="47.0158838935" lon="8.7339892271">
				<ele>1414.7</ele>
				<extensions>
					<swisstopo:routepoint_id>79464094</swisstopo:routepoint_id>
				</extensions>
			</trkpt>
			<trkpt lat="47.0158334274" lon="8.7340318626">
				<ele>1415.7</ele>
				<extensions>
					<swisstopo:routepoint_id>2124744751</swisstopo:routepoint_id>
				</extensions>
			</trkpt>
			<trkpt lat="47.0157664887" lon="8.7340570397">
				<ele>1416.9</ele>
				<extensions>
					<swisstopo:routepoint_id>243023214</swisstopo:routepoint_id>
				</extensions>
			</trkpt>
			<trkpt lat="47.0157047506" lon="8.7340653088">
				<ele>1417.2</ele>
				<extensions>
					<swisstopo:routepoint_id>135070699</swisstopo:routepoint_id>
				</extensions>
			</trkpt>
			<trkpt lat="47.0156182939" lon="8.7340485941">
				<ele>1418.0</ele>
				<extensions>
					<swisstopo:routepoint_id>1320927055</swisstopo:routepoint_id>
				</extensions>
			</trkpt>
			<trkpt lat="47.0155584316" lon="8.7340374013">
				<ele>1419.1</ele>
				<extensions>
					<swisstopo:routepoint_id>820254564</swisstopo:routepoint_id>
				</extensions>
			</trkpt>
			<trkpt lat="47.0155081579" lon="8.7340629947">
				<ele>1419.8</ele>
				<extensions>
					<swisstopo:routepoint_id>2044291731</swisstopo:routepoint_id>
				</extensions>
			</trkpt>
			<trkpt lat="47.0154174937" lon="8.7341241395">
				<ele>1421.6</ele>
				<extensions>
					<swisstopo:routepoint_id>975158684</swisstopo:routepoint_id>
				</extensions>
			</trkpt>
			<trkpt lat="47.0153759530" lon="8.7341436035">
				<ele>1422.7</ele>
				<extensions>
					<swisstopo:routepoint_id>1295677952</swisstopo:routepoint_id>
				</extensions>
			</trkpt>
			<trkpt lat="47.0153136372" lon="8.7341727987">
				<ele>1423.6</ele>
				<extensions>
					<swisstopo:routepoint_id>191225752</swisstopo:routepoint_id>
				</extensions>
			</trkpt>
			<trkpt lat="47.0152201851" lon="8.7341851547">
				<ele>1425.5</ele>
				<extensions>
					<swisstopo:routepoint_id>601439683</swisstopo:routepoint_id>
				</extensions>
			</trkpt>
			<trkpt lat="47.0151504313" lon="8.7341935197">
				<ele>1424.8</ele>
				<extensions>
					<swisstopo:routepoint_id>1578034419</swisstopo:routepoint_id>
				</extensions>
			</trkpt>
			<trkpt lat="47.0150850367" lon="8.7342013711">
				<ele>1425.7</ele>
				<extensions>
					<swisstopo:routepoint_id>873551273</swisstopo:routepoint_id>
				</extensions>
			</trkpt>
			<trkpt lat="47.0149663522" lon="8.7342350579">
				<ele>1426.7</ele>
				<extensions>
					<swisstopo:routepoint_id>363183321</swisstopo:routepoint_id>
				</extensions>
			</trkpt>
			<trkpt lat="47.0148693257" lon="8.7342692420">
				<ele>1427.1</ele>
				<extensions>
					<swisstopo:routepoint_id>901077995</swisstopo:routepoint_id>
				</extensions>
			</trkpt>
			<trkpt lat="47.0147068494" lon="8.7343313215">
				<ele>1426.5</ele>
				<extensions>
					<swisstopo:routepoint_id>590493426</swisstopo:routepoint_id>
				</extensions>
			</trkpt>
			<trkpt lat="47.0146252975" lon="8.7343734149">
				<ele>1426.3</ele>
				<extensions>
					<swisstopo:routepoint_id>1678207932</swisstopo:routepoint_id>
				</extensions>
			</trkpt>
			<trkpt lat="47.0144962719" lon="8.7344776035">
				<ele>1426.1</ele>
				<extensions>
					<swisstopo:routepoint_id>1548071791</swisstopo:routepoint_id>
				</extensions>
			</trkpt>
			<trkpt lat="47.0143994159" lon="8.7345747812">
				<ele>1425.6</ele>
				<extensions>
					<swisstopo:routepoint_id>539422654</swisstopo:routepoint_id>
				</extensions>
			</trkpt>
			<trkpt lat="47.0143504549" lon="8.7346108087">
				<ele>1426.1</ele>
				<extensions>
					<swisstopo:routepoint_id>1698393054</swisstopo:routepoint_id>
				</extensions>
			</trkpt>
			<trkpt lat="47.0143029925" lon="8.7346320357">
				<ele>1427.1</ele>
				<extensions>
					<swisstopo:routepoint_id>7128577</swisstopo:routepoint_id>
				</extensions>
			</trkpt>
			<trkpt lat="47.0142664844" lon="8.7346695088">
				<ele>1427.9</ele>
				<extensions>
					<swisstopo:routepoint_id>217214811</swisstopo:routepoint_id>
				</extensions>
			</trkpt>
			<trkpt lat="47.0142254267" lon="8.7347569463">
				<ele>1428.7</ele>
				<extensions>
					<swisstopo:routepoint_id>509572321</swisstopo:routepoint_id>
				</extensions>
			</trkpt>
			<trkpt lat="47.0141846953" lon="8.7348146781">
				<ele>1429.2</ele>
				<extensions>
					<swisstopo:routepoint_id>181723765</swisstopo:routepoint_id>
				</extensions>
			</trkpt>
			<trkpt lat="47.0141555275" lon="8.7348338870">
				<ele>1429.2</ele>
				<extensions>
					<swisstopo:routepoint_id>644115356</swisstopo:routepoint_id>
				</extensions>
			</trkpt>
			<trkpt lat="47.0141143596" lon="8.7348498074">
				<ele>1429.9</ele>
				<extensions>
					<swisstopo:routepoint_id>1259881768</swisstopo:routepoint_id>
				</extensions>
			</trkpt>
			<trkpt lat="47.0140571269" lon="8.7348678519">
				<ele>1430.6</ele>
				<extensions>
					<swisstopo:routepoint_id>2112932080</swisstopo:routepoint_id>
				</extensions>
			</trkpt>
			<trkpt lat="47.0140023957" lon="8.7349017805">
				<ele>1431.8</ele>
				<extensions>
					<swisstopo:routepoint_id>407977672</swisstopo:routepoint_id>
				</extensions>
			</trkpt>
			<trkpt lat="47.0139024925" lon="8.7349923193">
				<ele>1432.3</ele>
				<extensions>
					<swisstopo:routepoint_id>322395979</swisstopo:routepoint_id>
				</extensions>
			</trkpt>
			<trkpt lat="47.0138318014" lon="8.7350549430">
				<ele>1432.8</ele>
				<extensions>
					<swisstopo:routepoint_id>1783093752</swisstopo:routepoint_id>
				</extensions>
			</trkpt>
			<trkpt lat="47.0137303798" lon="8.7351253606">
				<ele>1432.8</ele>
				<extensions>
					<swisstopo:routepoint_id>1069056422</swisstopo:routepoint_id>
				</extensions>
			</trkpt>
			<trkpt lat="47.0136810320" lon="8.7351558009">
				<ele>1433.3</ele>
				<extensions>
					<swisstopo:routepoint_id>237977248</swisstopo:routepoint_id>
				</extensions>
			</trkpt>
			<trkpt lat="47.0136311911" lon="8.7351908596">
				<ele>1433.7</ele>
				<extensions>
					<swisstopo:routepoint_id>1926833544</swisstopo:routepoint_id>
				</extensions>
			</trkpt>
			<trkpt lat="47.0135750765" lon="8.7352660152">
				<ele>1433.7</ele>
				<extensions>
					<swisstopo:routepoint_id>1086953218</swisstopo:routepoint_id>
				</extensions>
			</trkpt>
			<trkpt lat="47.0134991205" lon="8.7353518835">
				<ele>1433.2</ele>
				<extensions>
					<swisstopo:routepoint_id>288832034</swisstopo:routepoint_id>
				</extensions>
			</trkpt>
			<trkpt lat="47.0134181730" lon="8.7354376181">
				<ele>1433.9</ele>
				<extensions>
					<swisstopo:routepoint_id>1969385035</swisstopo:routepoint_id>
				</extensions>
			</trkpt>
			<trkpt lat="47.0133789503" lon="8.7355170484">
				<ele>1433.7</ele>
				<extensions>
					<swisstopo:routepoint_id>2087419661</swisstopo:routepoint_id>
				</extensions>
			</trkpt>
			<trkpt lat="47.0133497473" lon="8.7355943133">
				<ele>1432.9</ele>
				<extensions>
					<swisstopo:routepoint_id>169423648</swisstopo:routepoint_id>
				</extensions>
			</trkpt>
			<trkpt lat="47.0133202875" lon="8.7356959185">
				<ele>1433.2</ele>
				<extensions>
					<swisstopo:routepoint_id>408500901</swisstopo:routepoint_id>
				</extensions>
			</trkpt>
			<trkpt lat="47.0132860014" lon="8.7357803345">
				<ele>1434.3</ele>
				<extensions>
					<swisstopo:routepoint_id>252631860</swisstopo:routepoint_id>
				</extensions>
			</trkpt>
			<trkpt lat="47.0132369696" lon="8.7358424934">
				<ele>1435.9</ele>
				<extensions>
					<swisstopo:routepoint_id>194358021</swisstopo:routepoint_id>
				</extensions>
			</trkpt>
			<trkpt lat="47.0131910637" lon="8.7359241948">
				<ele>1438.3</ele>
				<extensions>
					<swisstopo:routepoint_id>1616597695</swisstopo:routepoint_id>
				</extensions>
			</trkpt>
			<trkpt lat="47.0131541105" lon="8.7360209228">
				<ele>1439.1</ele>
				<extensions>
					<swisstopo:routepoint_id>453690935</swisstopo:routepoint_id>
				</extensions>
			</trkpt>
			<trkpt lat="47.0130955888" lon="8.7361776723">
				<ele>1439.1</ele>
				<extensions>
					<swisstopo:routepoint_id>698818454</swisstopo:routepoint_id>
				</extensions>
			</trkpt>
			<trkpt lat="47.0130584394" lon="8.7362630700">
				<ele>1439.3</ele>
				<extensions>
					<swisstopo:routepoint_id>1622760822</swisstopo:routepoint_id>
				</extensions>
			</trkpt>
			<trkpt lat="47.0129792561" lon="8.7363613937">
				<ele>1441.0</ele>
				<extensions>
					<swisstopo:routepoint_id>379710637</swisstopo:routepoint_id>
				</extensions>
			</trkpt>
			<trkpt lat="47.0129002930" lon="8.7364402162">
				<ele>1444.2</ele>
				<extensions>
					<swisstopo:routepoint_id>786466446</swisstopo:routepoint_id>
				</extensions>
			</trkpt>
			<trkpt lat="47.0127750960" lon="8.7365652570">
				<ele>1449.5</ele>
				<extensions>
					<swisstopo:routepoint_id>1038970429</swisstopo:routepoint_id>
				</extensions>
			</trkpt>
			<trkpt lat="47.0127287769" lon="8.7366198122">
				<ele>1451.3</ele>
				<extensions>
					<swisstopo:routepoint_id>243341931</swisstopo:routepoint_id>
				</extensions>
			</trkpt>
			<trkpt lat="47.0126578406" lon="8.7366626449">
				<ele>1453.1</ele>
				<extensions>
					<swisstopo:routepoint_id>589432106</swisstopo:routepoint_id>
				</extensions>
			</trkpt>
			<trkpt lat="47.0126308045" lon="8.7366953988">
				<ele>1454.0</ele>
				<extensions>
					<swisstopo:routepoint_id>1707851244</swisstopo:routepoint_id>
				</extensions>
			</trkpt>
			<trkpt lat="47.0126059359" lon="8.7367059243">
				<ele>1454.4</ele>
				<extensions>
					<swisstopo:routepoint_id>42905627</swisstopo:routepoint_id>
				</extensions>
			</trkpt>
			<trkpt lat="47.0125661462" lon="8.7366882573">
				<ele>1455.6</ele>
				<extensions>
					<swisstopo:routepoint_id>1838658451</swisstopo:routepoint_id>
				</extensions>
			</trkpt>
			<trkpt lat="47.0125054404" lon="8.7366673096">
				<ele>1458.8</ele>
				<extensions>
					<swisstopo:routepoint_id>1528659816</swisstopo:routepoint_id>
				</extensions>
			</trkpt>
			<trkpt lat="47.0124616889" lon="8.7366634620">
				<ele>1461.0</ele>
				<extensions>
					<swisstopo:routepoint_id>765068915</swisstopo:routepoint_id>
				</extensions>
			</trkpt>
			<trkpt lat="47.0124153694" lon="8.7367180174">
				<ele>1462.2</ele>
				<extensions>
					<swisstopo:routepoint_id>584735541</swisstopo:routepoint_id>
				</extensions>
			</trkpt>
			<trkpt lat="47.0123542324" lon="8.7367360305">
				<ele>1463.5</ele>
				<extensions>
					<swisstopo:routepoint_id>481484091</swisstopo:routepoint_id>
				</extensions>
			</trkpt>
			<trkpt lat="47.0122637432" lon="8.7368229246">
				<ele>1465.8</ele>
				<extensions>
					<swisstopo:routepoint_id>215965303</swisstopo:routepoint_id>
				</extensions>
			</trkpt>
			<trkpt lat="47.0122252936" lon="8.7368554021">
				<ele>1466.6</ele>
				<extensions>
					<swisstopo:routepoint_id>1907666259</swisstopo:routepoint_id>
				</extensions>
			</trkpt>
			<trkpt lat="47.0121453361" lon="8.7368534669">
				<ele>1469.2</ele>
				<extensions>
					<swisstopo:routepoint_id>158168914</swisstopo:routepoint_id>
				</extensions>
			</trkpt>
			<trkpt lat="47.0120901845" lon="8.7368465690">
				<ele>1469.5</ele>
				<extensions>
					<swisstopo:routepoint_id>756554343</swisstopo:routepoint_id>
				</extensions>
			</trkpt>
			<trkpt lat="47.0120365706" lon="8.7368731153">
				<ele>1470.4</ele>
				<extensions>
					<swisstopo:routepoint_id>1074361817</swisstopo:routepoint_id>
				</extensions>
			</trkpt>
			<trkpt lat="47.0119960570" lon="8.7369194585">
				<ele>1471.3</ele>
				<extensions>
					<swisstopo:routepoint_id>351056818</swisstopo:routepoint_id>
				</extensions>
			</trkpt>
			<trkpt lat="47.0119684857" lon="8.7369995226">
				<ele>1471.2</ele>
				<extensions>
					<swisstopo:routepoint_id>871178352</swisstopo:routepoint_id>
				</extensions>
			</trkpt>
			<trkpt lat="47.0119273424" lon="8.7371015390">
				<ele>1471.8</ele>
				<extensions>
					<swisstopo:routepoint_id>1782359765</swisstopo:routepoint_id>
				</extensions>
			</trkpt>
			<trkpt lat="47.0118637946" lon="8.7371640280">
				<ele>1473.7</ele>
				<extensions>
					<swisstopo:routepoint_id>1110454885</swisstopo:routepoint_id>
				</extensions>
			</trkpt>
			<trkpt lat="47.0118170300" lon="8.7371966718">
				<ele>1475.1</ele>
				<extensions>
					<swisstopo:routepoint_id>2005210408</swisstopo:routepoint_id>
				</extensions>
			</trkpt>
			<trkpt lat="47.0117565400" lon="8.7372743999">
				<ele>1477.0</ele>
				<extensions>
					<swisstopo:routepoint_id>1045048282</swisstopo:routepoint_id>
				</extensions>
			</trkpt>
			<trkpt lat="47.0117405233" lon="8.7373470226">
				<ele>1477.4</ele>
				<extensions>
					<swisstopo:routepoint_id>1961763639</swisstopo:routepoint_id>
				</extensions>
			</trkpt>
			<trkpt lat="47.0117282218" lon="8.7374164860">
				<ele>1478.8</ele>
				<extensions>
					<swisstopo:routepoint_id>1458519671</swisstopo:routepoint_id>
				</extensions>
			</trkpt>
			<trkpt lat="47.0117172372" lon="8.7374426963">
				<ele>1479.3</ele>
				<extensions>
					<swisstopo:routepoint_id>678945626</swisstopo:routepoint_id>
				</extensions>
			</trkpt>
			<trkpt lat="47.0116931856" lon="8.7374589497">
				<ele>1479.6</ele>
				<extensions>
					<swisstopo:routepoint_id>867364666</swisstopo:routepoint_id>
				</extensions>
			</trkpt>
			<trkpt lat="47.0116466643" lon="8.7374987279">
				<ele>1480.3</ele>
				<extensions>
					<swisstopo:routepoint_id>102014596</swisstopo:routepoint_id>
				</extensions>
			</trkpt>
			<trkpt lat="47.0116150607" lon="8.7375280297">
				<ele>1480.9</ele>
				<extensions>
					<swisstopo:routepoint_id>1031518861</swisstopo:routepoint_id>
				</extensions>
			</trkpt>
			<trkpt lat="47.0115847219" lon="8.7375910457">
				<ele>1482.1</ele>
				<extensions>
					<swisstopo:routepoint_id>409446607</swisstopo:routepoint_id>
				</extensions>
			</trkpt>
			<trkpt lat="47.0115652405" lon="8.7376398962">
				<ele>1483.1</ele>
				<extensions>
					<swisstopo:routepoint_id>102498443</swisstopo:routepoint_id>
				</extensions>
			</trkpt>
			<trkpt lat="47.0115513834" lon="8.7377021279">
				<ele>1483.8</ele>
				<extensions>
					<swisstopo:routepoint_id>1116488047</swisstopo:routepoint_id>
				</extensions>
			</trkpt>
			<trkpt lat="47.0115302469" lon="8.7377509384">
				<ele>1485.0</ele>
				<extensions>
					<swisstopo:routepoint_id>1616780334</swisstopo:routepoint_id>
				</extensions>
			</trkpt>
			<trkpt lat="47.0115071678" lon="8.7377551799">
				<ele>1485.6</ele>
				<extensions>
					<swisstopo:routepoint_id>431075095</swisstopo:routepoint_id>
				</extensions>
			</trkpt>
			<trkpt lat="47.0114998493" lon="8.7378199510">
				<ele>1486.8</ele>
				<extensions>
					<swisstopo:routepoint_id>1569335707</swisstopo:routepoint_id>
				</extensions>
			</trkpt>
			<trkpt lat="47.0114985271" lon="8.7378644405">
				<ele>1487.3</ele>
				<extensions>
					<swisstopo:routepoint_id>1586525037</swisstopo:routepoint_id>
				</extensions>
			</trkpt>
			<trkpt lat="47.0114898303" lon="8.7379063175">
				<ele>1487.9</ele>
				<extensions>
					<swisstopo:routepoint_id>677292191</swisstopo:routepoint_id>
				</extensions>
			</trkpt>
			<trkpt lat="47.0114686801" lon="8.7379563381">
				<ele>1488.7</ele>
				<extensions>
					<swisstopo:routepoint_id>1353030382</swisstopo:routepoint_id>
				</extensions>
			</trkpt>
			<trkpt lat="47.0114495840" lon="8.7379727241">
				<ele>1489.4</ele>
				<extensions>
					<swisstopo:routepoint_id>422626373</swisstopo:routepoint_id>
				</extensions>
			</trkpt>
			<trkpt lat="47.0114080485" lon="8.7379344295">
				<ele>1490.6</ele>
				<extensions>
					<swisstopo:routepoint_id>1457789228</swisstopo:routepoint_id>
				</extensions>
			</trkpt>
			<trkpt lat="47.0113869738" lon="8.7379062460">
				<ele>1491.4</ele>
				<extensions>
					<swisstopo:routepoint_id>923120108</swisstopo:routepoint_id>
				</extensions>
			</trkpt>
			<trkpt lat="47.0113722240" lon="8.7379010754">
				<ele>1491.6</ele>
				<extensions>
					<swisstopo:routepoint_id>920277286</swisstopo:routepoint_id>
				</extensions>
			</trkpt>
			<trkpt lat="47.0113539781" lon="8.7379138646">
				<ele>1492.3</ele>
				<extensions>
					<swisstopo:routepoint_id>1422425670</swisstopo:routepoint_id>
				</extensions>
			</trkpt>
			<trkpt lat="47.0113411801" lon="8.7379532499">
				<ele>1493.2</ele>
				<extensions>
					<swisstopo:routepoint_id>2069626647</swisstopo:routepoint_id>
				</extensions>
			</trkpt>
			<trkpt lat="47.0113178166" lon="8.7380549440">
				<ele>1494.9</ele>
				<extensions>
					<swisstopo:routepoint_id>487961099</swisstopo:routepoint_id>
				</extensions>
			</trkpt>
			<trkpt lat="47.0113030549" lon="8.7381231378">
				<ele>1496.2</ele>
				<extensions>
					<swisstopo:routepoint_id>593535402</swisstopo:routepoint_id>
				</extensions>
			</trkpt>
			<trkpt lat="47.0112944988" lon="8.7381518014">
				<ele>1496.9</ele>
				<extensions>
					<swisstopo:routepoint_id>281136286</swisstopo:routepoint_id>
				</extensions>
			</trkpt>
			<trkpt lat="47.0112847274" lon="8.7381431469">
				<ele>1497.1</ele>
				<extensions>
					<swisstopo:routepoint_id>1798168531</swisstopo:routepoint_id>
				</extensions>
			</trkpt>
			<trkpt lat="47.0112744419" lon="8.7381068068">
				<ele>1497.8</ele>
				<extensions>
					<swisstopo:routepoint_id>960066806</swisstopo:routepoint_id>
				</extensions>
			</trkpt>
			<trkpt lat="47.0112643469" lon="8.7380536488">
				<ele>1498.7</ele>
				<extensions>
					<swisstopo:routepoint_id>532360144</swisstopo:routepoint_id>
				</extensions>
			</trkpt>
			<trkpt lat="47.0112457200" lon="8.7381001000">
				<ele>1499.5</ele>
				<extensions>
					<swisstopo:routepoint_id>1403236614</swisstopo:routepoint_id>
				</extensions>
			</trkpt>
			<trkpt lat="47.0112183155" lon="8.7380501143">
				<ele>1500.9</ele>
				<extensions>
					<swisstopo:routepoint_id>1344001680</swisstopo:routepoint_id>
				</extensions>
			</trkpt>
			<trkpt lat="47.0111017423" lon="8.7380990320">
				<ele>1507.7</ele>
				<extensions>
					<swisstopo:routepoint_id>1842569060</swisstopo:routepoint_id>
				</extensions>
			</trkpt>
			<trkpt lat="47.0110880308" lon="8.7381467999">
				<ele>1508.9</ele>
				<extensions>
					<swisstopo:routepoint_id>1260847487</swisstopo:routepoint_id>
				</extensions>
			</trkpt>
			<trkpt lat="47.0110804331" lon="8.7381646732">
				<ele>1509.2</ele>
				<extensions>
					<swisstopo:routepoint_id>964634670</swisstopo:routepoint_id>
				</extensions>
			</trkpt>
			<trkpt lat="47.0110222844" lon="8.7381404051">
				<ele>1510.9</ele>
				<extensions>
					<swisstopo:routepoint_id>484062158</swisstopo:routepoint_id>
				</extensions>
			</trkpt>
			<trkpt lat="47.0110168958" lon="8.7381077885">
				<ele>1511.3</ele>
				<extensions>
					<swisstopo:routepoint_id>1681651475</swisstopo:routepoint_id>
				</extensions>
			</trkpt>
			<trkpt lat="47.0110114528" lon="8.7380799836">
				<ele>1512.0</ele>
				<extensions>
					<swisstopo:routepoint_id>1102910276</swisstopo:routepoint_id>
				</extensions>
			</trkpt>
			<trkpt lat="47.0109876866" lon="8.7380709903">
				<ele>1513.1</ele>
				<extensions>
					<swisstopo:routepoint_id>1228221320</swisstopo:routepoint_id>
				</extensions>
			</trkpt>
			<trkpt lat="47.0109735919" lon="8.7380802770">
				<ele>1513.9</ele>
				<extensions>
					<swisstopo:routepoint_id>1410049995</swisstopo:routepoint_id>
				</extensions>
			</trkpt>
			<trkpt lat="47.0109643260" lon="8.7380992950">
				<ele>1514.4</ele>
				<extensions>
					<swisstopo:routepoint_id>1145314808</swisstopo:routepoint_id>
				</extensions>
			</trkpt>
			<trkpt lat="47.0109422149" lon="8.7380903416">
				<ele>1515.2</ele>
				<extensions>
					<swisstopo:routepoint_id>671643920</swisstopo:routepoint_id>
				</extensions>
			</trkpt>
			<trkpt lat="47.0109194922" lon="8.7380901202">
				<ele>1515.1</ele>
				<extensions>
					<swisstopo:routepoint_id>267980297</swisstopo:routepoint_id>
				</extensions>
			</trkpt>
			<trkpt lat="47.0108856279" lon="8.7381156707">
				<ele>1514.7</ele>
				<extensions>
					<swisstopo:routepoint_id>98784604</swisstopo:routepoint_id>
				</extensions>
			</trkpt>
			<trkpt lat="47.0108591490" lon="8.7381468572">
				<ele>1514.5</ele>
				<extensions>
					<swisstopo:routepoint_id>1104349375</swisstopo:routepoint_id>
				</extensions>
			</trkpt>
			<trkpt lat="47.0108275201" lon="8.7381942822">
				<ele>1513.9</ele>
				<extensions>
					<swisstopo:routepoint_id>2042519810</swisstopo:routepoint_id>
				</extensions>
			</trkpt>
			<trkpt lat="47.0107935759" lon="8.7382252878">
				<ele>1513.4</ele>
				<extensions>
					<swisstopo:routepoint_id>56213949</swisstopo:routepoint_id>
				</extensions>
			</trkpt>
			<trkpt lat="47.0107635176" lon="8.7382436444">
				<ele>1513.2</ele>
				<extensions>
					<swisstopo:routepoint_id>71428546</swisstopo:routepoint_id>
				</extensions>
			</trkpt>
			<trkpt lat="47.0107302429" lon="8.7382719449">
				<ele>1512.8</ele>
				<extensions>
					<swisstopo:routepoint_id>1668977380</swisstopo:routepoint_id>
				</extensions>
			</trkpt>
			<trkpt lat="47.0106805515" lon="8.7383207336">
				<ele>1511.9</ele>
				<extensions>
					<swisstopo:routepoint_id>1221866342</swisstopo:routepoint_id>
				</extensions>
			</trkpt>
			<trkpt lat="47.0106484678" lon="8.7383526929">
				<ele>1511.6</ele>
				<extensions>
					<swisstopo:routepoint_id>492382719</swisstopo:routepoint_id>
				</extensions>
			</trkpt>
			<trkpt lat="47.0106362276" lon="8.7383896828">
				<ele>1511.3</ele>
				<extensions>
					<swisstopo:routepoint_id>454901777</swisstopo:routepoint_id>
				</extensions>
			</trkpt>
			<trkpt lat="47.0106181859" lon="8.7384456169">
				<ele>1510.6</ele>
				<extensions>
					<swisstopo:routepoint_id>182359378</swisstopo:routepoint_id>
				</extensions>
			</trkpt>
			<trkpt lat="47.0106070619" lon="8.7384944456">
				<ele>1510.2</ele>
				<extensions>
					<swisstopo:routepoint_id>121012041</swisstopo:routepoint_id>
				</extensions>
			</trkpt>
			<trkpt lat="47.0105896409" lon="8.7385503946">
				<ele>1509.5</ele>
				<extensions>
					<swisstopo:routepoint_id>1453043675</swisstopo:routepoint_id>
				</extensions>
			</trkpt>
			<trkpt lat="47.0105748360" lon="8.7385945825">
				<ele>1509.0</ele>
				<extensions>
					<swisstopo:routepoint_id>410749419</swisstopo:routepoint_id>
				</extensions>
			</trkpt>
			<trkpt lat="47.0105725007" lon="8.7386363495">
				<ele>1508.7</ele>
				<extensions>
					<swisstopo:routepoint_id>440586325</swisstopo:routepoint_id>
				</extensions>
			</trkpt>
			<trkpt lat="47.0105671680" lon="8.7386671298">
				<ele>1508.4</ele>
				<extensions>
					<swisstopo:routepoint_id>1081753861</swisstopo:routepoint_id>
				</extensions>
			</trkpt>
			<trkpt lat="47.0105493527" lon="8.7387030629">
				<ele>1508.2</ele>
				<extensions>
					<swisstopo:routepoint_id>136142788</swisstopo:routepoint_id>
				</extensions>
			</trkpt>
			<trkpt lat="47.0105198456" lon="8.7387823682">
				<ele>1507.8</ele>
				<extensions>
					<swisstopo:routepoint_id>1477832570</swisstopo:routepoint_id>
				</extensions>
			</trkpt>
			<trkpt lat="47.0104927356" lon="8.7388144458">
				<ele>1507.7</ele>
				<extensions>
					<swisstopo:routepoint_id>1772301780</swisstopo:routepoint_id>
				</extensions>
			</trkpt>
			<trkpt lat="47.0104611375" lon="8.7388591352">
				<ele>1507.4</ele>
				<extensions>
					<swisstopo:routepoint_id>1004019237</swisstopo:routepoint_id>
				</extensions>
			</trkpt>
			<trkpt lat="47.0104287859" lon="8.7389147222">
				<ele>1506.7</ele>
				<extensions>
					<swisstopo:routepoint_id>1808944488</swisstopo:routepoint_id>
				</extensions>
			</trkpt>
			<trkpt lat="47.0103966391" lon="8.7389530451">
				<ele>1506.8</ele>
				<extensions>
					<swisstopo:routepoint_id>1361275197</swisstopo:routepoint_id>
				</extensions>
			</trkpt>
			<trkpt lat="47.0103612980" lon="8.7389985508">
				<ele>1507.3</ele>
				<extensions>
					<swisstopo:routepoint_id>151875519</swisstopo:routepoint_id>
				</extensions>
			</trkpt>
			<trkpt lat="47.0103313333" lon="8.7390078333">
				<ele>1507.3</ele>
				<extensions>
					<swisstopo:routepoint_id>1339199618</swisstopo:routepoint_id>
				</extensions>
			</trkpt>
			<trkpt lat="47.0102999202" lon="8.7390361507">
				<ele>1507.4</ele>
				<extensions>
					<swisstopo:routepoint_id>1999857545</swisstopo:routepoint_id>
				</extensions>
			</trkpt>
			<trkpt lat="47.0102788073" lon="8.7390320087">
				<ele>1506.7</ele>
				<extensions>
					<swisstopo:routepoint_id>273809117</swisstopo:routepoint_id>
				</extensions>
			</trkpt>
			<trkpt lat="47.0102570189" lon="8.7390351109">
				<ele>1506.2</ele>
				<extensions>
					<swisstopo:routepoint_id>1168885239</swisstopo:routepoint_id>
				</extensions>
			</trkpt>
			<trkpt lat="47.0102256685" lon="8.7390570912">
				<ele>1505.9</ele>
				<extensions>
					<swisstopo:routepoint_id>2063861769</swisstopo:routepoint_id>
				</extensions>
			</trkpt>
			<trkpt lat="47.0102093414" lon="8.7390712412">
				<ele>1505.8</ele>
				<extensions>
					<swisstopo:routepoint_id>1618497753</swisstopo:routepoint_id>
				</extensions>
			</trkpt>
			<trkpt lat="47.0101896465" lon="8.7391071300">
				<ele>1506.0</ele>
				<extensions>
					<swisstopo:routepoint_id>1138938552</swisstopo:routepoint_id>
				</extensions>
			</trkpt>
			<trkpt lat="47.0101849945" lon="8.7391333877">
				<ele>1506.3</ele>
				<extensions>
					<swisstopo:routepoint_id>304679000</swisstopo:routepoint_id>
				</extensions>
			</trkpt>
			<trkpt lat="47.0101745218" lon="8.7391794958">
				<ele>1506.7</ele>
				<extensions>
					<swisstopo:routepoint_id>2089876076</swisstopo:routepoint_id>
				</extensions>
			</trkpt>
			<trkpt lat="47.0101438438" lon="8.7392533133">
				<ele>1506.7</ele>
				<extensions>
					<swisstopo:routepoint_id>1701168541</swisstopo:routepoint_id>
				</extensions>
			</trkpt>
			<trkpt lat="47.0101384700" lon="8.7392877463">
				<ele>1506.8</ele>
				<extensions>
					<swisstopo:routepoint_id>1354880126</swisstopo:routepoint_id>
				</extensions>
			</trkpt>
			<trkpt lat="47.0101307252" lon="8.7393130087">
				<ele>1506.9</ele>
				<extensions>
					<swisstopo:routepoint_id>1405457697</swisstopo:routepoint_id>
				</extensions>
			</trkpt>
			<trkpt lat="47.0101111848" lon="8.7393352609">
				<ele>1506.6</ele>
				<extensions>
					<swisstopo:routepoint_id>111885146</swisstopo:routepoint_id>
				</extensions>
			</trkpt>
			<trkpt lat="47.0100833906" lon="8.7393736889">
				<ele>1506.3</ele>
				<extensions>
					<swisstopo:routepoint_id>1630264517</swisstopo:routepoint_id>
				</extensions>
			</trkpt>
			<trkpt lat="47.0100601249" lon="8.7393967593">
				<ele>1506.4</ele>
				<extensions>
					<swisstopo:routepoint_id>823850618</swisstopo:routepoint_id>
				</extensions>
			</trkpt>
			<trkpt lat="47.0100210937" lon="8.7394376379">
				<ele>1506.7</ele>
				<extensions>
					<swisstopo:routepoint_id>1738402979</swisstopo:routepoint_id>
				</extensions>
			</trkpt>
			<trkpt lat="47.0100099078" lon="8.7394919214">
				<ele>1507.0</ele>
				<extensions>
					<swisstopo:routepoint_id>466347726</swisstopo:routepoint_id>
				</extensions>
			</trkpt>
			<trkpt lat="47.0099882888" lon="8.7395332219">
				<ele>1507.2</ele>
				<extensions>
					<swisstopo:routepoint_id>1044062309</swisstopo:routepoint_id>
				</extensions>
			</trkpt>
			<trkpt lat="47.0099703805" lon="8.7395773337">
				<ele>1507.4</ele>
				<extensions>
					<swisstopo:routepoint_id>2013000621</swisstopo:routepoint_id>
				</extensions>
			</trkpt>
			<trkpt lat="47.0099462893" lon="8.7396176800">
				<ele>1508.0</ele>
				<extensions>
					<swisstopo:routepoint_id>941680252</swisstopo:routepoint_id>
				</extensions>
			</trkpt>
			<trkpt lat="47.0099281030" lon="8.7396863267">
				<ele>1509.1</ele>
				<extensions>
					<swisstopo:routepoint_id>1116921297</swisstopo:routepoint_id>
				</extensions>
			</trkpt>
			<trkpt lat="47.0099098225" lon="8.7397077037">
				<ele>1508.9</ele>
				<extensions>
					<swisstopo:routepoint_id>911216922</swisstopo:routepoint_id>
				</extensions>
			</trkpt>
			<trkpt lat="47.0098702207" lon="8.7397449361">
				<ele>1509.0</ele>
				<extensions>
					<swisstopo:routepoint_id>1848804195</swisstopo:routepoint_id>
				</extensions>
			</trkpt>
			<trkpt lat="47.0098436695" lon="8.7397824597">
				<ele>1508.7</ele>
				<extensions>
					<swisstopo:routepoint_id>1816661142</swisstopo:routepoint_id>
				</extensions>
			</trkpt>
			<trkpt lat="47.0098221008" lon="8.7398201312">
				<ele>1508.6</ele>
				<extensions>
					<swisstopo:routepoint_id>1311955213</swisstopo:routepoint_id>
				</extensions>
			</trkpt>
			<trkpt lat="47.0097862437" lon="8.7399111036">
				<ele>1509.8</ele>
				<extensions>
					<swisstopo:routepoint_id>1743926267</swisstopo:routepoint_id>
				</extensions>
			</trkpt>
			<trkpt lat="47.0097503778" lon="8.7400020612">
				<ele>1510.3</ele>
				<extensions>
					<swisstopo:routepoint_id>602170933</swisstopo:routepoint_id>
				</extensions>
			</trkpt>
			<trkpt lat="47.0097166394" lon="8.7400712517">
				<ele>1510.9</ele>
				<extensions>
					<swisstopo:routepoint_id>1310349674</swisstopo:routepoint_id>
				</extensions>
			</trkpt>
			<trkpt lat="47.0096825300" lon="8.7401167860">
				<ele>1511.5</ele>
				<extensions>
					<swisstopo:routepoint_id>1930602771</swisstopo:routepoint_id>
				</extensions>
			</trkpt>
			<trkpt lat="47.0096398250" lon="8.7401539315">
				<ele>1511.7</ele>
				<extensions>
					<swisstopo:routepoint_id>823996261</swisstopo:routepoint_id>
				</extensions>
			</trkpt>
			<trkpt lat="47.0095985480" lon="8.7401738416">
				<ele>1511.6</ele>
				<extensions>
					<swisstopo:routepoint_id>1923418536</swisstopo:routepoint_id>
				</extensions>
			</trkpt>
			<trkpt lat="47.0095587595" lon="8.7401719820">
				<ele>1511.4</ele>
				<extensions>
					<swisstopo:routepoint_id>913692598</swisstopo:routepoint_id>
				</extensions>
			</trkpt>
			<trkpt lat="47.0095131281" lon="8.7401926807">
				<ele>1510.9</ele>
				<extensions>
					<swisstopo:routepoint_id>371235419</swisstopo:routepoint_id>
				</extensions>
			</trkpt>
			<trkpt lat="47.0094852822" lon="8.7402356566">
				<ele>1510.9</ele>
				<extensions>
					<swisstopo:routepoint_id>361109063</swisstopo:routepoint_id>
				</extensions>
			</trkpt>
			<trkpt lat="47.0094592587" lon="8.7402813866">
				<ele>1511.1</ele>
				<extensions>
					<swisstopo:routepoint_id>1892597661</swisstopo:routepoint_id>
				</extensions>
			</trkpt>
			<trkpt lat="47.0094153260" lon="8.7403712551">
				<ele>1512.3</ele>
				<extensions>
					<swisstopo:routepoint_id>1662441533</swisstopo:routepoint_id>
				</extensions>
			</trkpt>
			<trkpt lat="47.0093878649" lon="8.7404342314">
				<ele>1512.2</ele>
				<extensions>
					<swisstopo:routepoint_id>834074386</swisstopo:routepoint_id>
				</extensions>
			</trkpt>
			<trkpt lat="47.0093296938" lon="8.7405182683">
				<ele>1511.0</ele>
				<extensions>
					<swisstopo:routepoint_id>1565526490</swisstopo:routepoint_id>
				</extensions>
			</trkpt>
			<trkpt lat="47.0092736513" lon="8.7405796438">
				<ele>1510.1</ele>
				<extensions>
					<swisstopo:routepoint_id>835090805</swisstopo:routepoint_id>
				</extensions>
			</trkpt>
			<trkpt lat="47.0092194081" lon="8.7406465216">
				<ele>1507.3</ele>
				<extensions>
					<swisstopo:routepoint_id>169604682</swisstopo:routepoint_id>
				</extensions>
			</trkpt>
			<trkpt lat="47.0091730735" lon="8.7406745011">
				<ele>1505.7</ele>
				<extensions>
					<swisstopo:routepoint_id>217096705</swisstopo:routepoint_id>
				</extensions>
			</trkpt>
			<trkpt lat="47.0091479264" lon="8.7406984336">
				<ele>1505.1</ele>
				<extensions>
					<swisstopo:routepoint_id>1446277414</swisstopo:routepoint_id>
				</extensions>
			</trkpt>
			<trkpt lat="47.0091024114" lon="8.7407627856">
				<ele>1504.8</ele>
				<extensions>
					<swisstopo:routepoint_id>1022271402</swisstopo:routepoint_id>
				</extensions>
			</trkpt>
			<trkpt lat="47.0090664098" lon="8.7408664711">
				<ele>1505.4</ele>
				<extensions>
					<swisstopo:routepoint_id>1049461859</swisstopo:routepoint_id>
				</extensions>
			</trkpt>
			<trkpt lat="47.0090115322" lon="8.7409956058">
				<ele>1503.7</ele>
				<extensions>
					<swisstopo:routepoint_id>1410805998</swisstopo:routepoint_id>
				</extensions>
			</trkpt>
			<trkpt lat="47.0089629009" lon="8.7410476128">
				<ele>1503.3</ele>
				<extensions>
					<swisstopo:routepoint_id>36754841</swisstopo:routepoint_id>
				</extensions>
			</trkpt>
			<trkpt lat="47.0089284635" lon="8.7410815494">
				<ele>1502.9</ele>
				<extensions>
					<swisstopo:routepoint_id>911791519</swisstopo:routepoint_id>
				</extensions>
			</trkpt>
			<trkpt lat="47.0089155086" lon="8.7411132870">
				<ele>1502.7</ele>
				<extensions>
					<swisstopo:routepoint_id>1261814292</swisstopo:routepoint_id>
				</extensions>
			</trkpt>
			<trkpt lat="47.0088947569" lon="8.7411748341">
				<ele>1502.5</ele>
				<extensions>
					<swisstopo:routepoint_id>1692686243</swisstopo:routepoint_id>
				</extensions>
			</trkpt>
			<trkpt lat="47.0088741581" lon="8.7412220757">
				<ele>1502.2</ele>
				<extensions>
					<swisstopo:routepoint_id>1047968470</swisstopo:routepoint_id>
				</extensions>
			</trkpt>
			<trkpt lat="47.0088475693" lon="8.7412637004">
				<ele>1502.0</ele>
				<extensions>
					<swisstopo:routepoint_id>312723297</swisstopo:routepoint_id>
				</extensions>
			</trkpt>
			<trkpt lat="47.0088355106" lon="8.7412988653">
				<ele>1502.0</ele>
				<extensions>
					<swisstopo:routepoint_id>345517255</swisstopo:routepoint_id>
				</extensions>
			</trkpt>
			<trkpt lat="47.0088092251" lon="8.7413541358">
				<ele>1502.4</ele>
				<extensions>
					<swisstopo:routepoint_id>147726341</swisstopo:routepoint_id>
				</extensions>
			</trkpt>
			<trkpt lat="47.0088046453" lon="8.7413874437">
				<ele>1503.0</ele>
				<extensions>
					<swisstopo:routepoint_id>1300484101</swisstopo:routepoint_id>
				</extensions>
			</trkpt>
			<trkpt lat="47.0087917370" lon="8.7414150782">
				<ele>1503.6</ele>
				<extensions>
					<swisstopo:routepoint_id>101145954</swisstopo:routepoint_id>
				</extensions>
			</trkpt>
			<trkpt lat="47.0087747575" lon="8.7414740074">
				<ele>1504.3</ele>
				<extensions>
					<swisstopo:routepoint_id>118068426</swisstopo:routepoint_id>
				</extensions>
			</trkpt>
			<trkpt lat="47.0087530377" lon="8.7415375694">
				<ele>1504.3</ele>
				<extensions>
					<swisstopo:routepoint_id>64404702</swisstopo:routepoint_id>
				</extensions>
			</trkpt>
			<trkpt lat="47.0087399974" lon="8.7415768137">
				<ele>1504.2</ele>
				<extensions>
					<swisstopo:routepoint_id>492186078</swisstopo:routepoint_id>
				</extensions>
			</trkpt>
			<trkpt lat="47.0087158918" lon="8.7416048600">
				<ele>1503.7</ele>
				<extensions>
					<swisstopo:routepoint_id>1936559430</swisstopo:routepoint_id>
				</extensions>
			</trkpt>
			<trkpt lat="47.0087039806" lon="8.7416270603">
				<ele>1503.5</ele>
				<extensions>
					<swisstopo:routepoint_id>931964943</swisstopo:routepoint_id>
				</extensions>
			</trkpt>
			<trkpt lat="47.0086920222" lon="8.7416533762">
				<ele>1503.1</ele>
				<extensions>
					<swisstopo:routepoint_id>1767413921</swisstopo:routepoint_id>
				</extensions>
			</trkpt>
			<trkpt lat="47.0086824082" lon="8.7416776843">
				<ele>1503.0</ele>
				<extensions>
					<swisstopo:routepoint_id>1178046002</swisstopo:routepoint_id>
				</extensions>
			</trkpt>
			<trkpt lat="47.0086657523" lon="8.7417072792">
				<ele>1503.0</ele>
				<extensions>
					<swisstopo:routepoint_id>2049499387</swisstopo:routepoint_id>
				</extensions>
			</trkpt>
			<trkpt lat="47.0086657523" lon="8.7417072792">
				<ele>1503.0</ele>
				<extensions>
					<swisstopo:routepoint_id>1128231250</swisstopo:routepoint_id>
				</extensions>
			</trkpt>
			<trkpt lat="47.0086417150" lon="8.7417285275">
				<ele>1502.6</ele>
				<extensions>
					<swisstopo:routepoint_id>761339668</swisstopo:routepoint_id>
				</extensions>
			</trkpt>
			<trkpt lat="47.0086241147" lon="8.7417256539">
				<ele>1502.2</ele>
				<extensions>
					<swisstopo:routepoint_id>670215569</swisstopo:routepoint_id>
				</extensions>
			</trkpt>
			<trkpt lat="47.0086131820" lon="8.7417836512">
				<ele>1503.1</ele>
				<extensions>
					<swisstopo:routepoint_id>143784692</swisstopo:routepoint_id>
				</extensions>
			</trkpt>
			<trkpt lat="47.0085949527" lon="8.7418607125">
				<ele>1504.5</ele>
				<extensions>
					<swisstopo:routepoint_id>2123981939</swisstopo:routepoint_id>
				</extensions>
			</trkpt>
			<trkpt lat="47.0085825477" lon="8.7419200681">
				<ele>1505.5</ele>
				<extensions>
					<swisstopo:routepoint_id>698406742</swisstopo:routepoint_id>
				</extensions>
			</trkpt>
			<trkpt lat="47.0085626255" lon="8.7419806220">
				<ele>1506.1</ele>
				<extensions>
					<swisstopo:routepoint_id>553938241</swisstopo:routepoint_id>
				</extensions>
			</trkpt>
			<trkpt lat="47.0085410644" lon="8.7420198827">
				<ele>1506.1</ele>
				<extensions>
					<swisstopo:routepoint_id>3227288</swisstopo:routepoint_id>
				</extensions>
			</trkpt>
			<trkpt lat="47.0084990761" lon="8.7420826360">
				<ele>1506.3</ele>
				<extensions>
					<swisstopo:routepoint_id>1057067617</swisstopo:routepoint_id>
				</extensions>
			</trkpt>
			<trkpt lat="47.0084700365" lon="8.7421189662">
				<ele>1506.3</ele>
				<extensions>
					<swisstopo:routepoint_id>494161738</swisstopo:routepoint_id>
				</extensions>
			</trkpt>
			<trkpt lat="47.0084316650" lon="8.7421523338">
				<ele>1506.6</ele>
				<extensions>
					<swisstopo:routepoint_id>823783021</swisstopo:routepoint_id>
				</extensions>
			</trkpt>
			<trkpt lat="47.0083904775" lon="8.7421849360">
				<ele>1507.2</ele>
				<extensions>
					<swisstopo:routepoint_id>1996632549</swisstopo:routepoint_id>
				</extensions>
			</trkpt>
			<trkpt lat="47.0083677095" lon="8.7422076878">
				<ele>1507.4</ele>
				<extensions>
					<swisstopo:routepoint_id>91987706</swisstopo:routepoint_id>
				</extensions>
			</trkpt>
			<trkpt lat="47.0083438873" lon="8.7422393441">
				<ele>1507.4</ele>
				<extensions>
					<swisstopo:routepoint_id>482221412</swisstopo:routepoint_id>
				</extensions>
			</trkpt>
			<trkpt lat="47.0083127823" lon="8.7422927607">
				<ele>1507.5</ele>
				<extensions>
					<swisstopo:routepoint_id>1117916145</swisstopo:routepoint_id>
				</extensions>
			</trkpt>
			<trkpt lat="47.0082793305" lon="8.7423468304">
				<ele>1507.3</ele>
				<extensions>
					<swisstopo:routepoint_id>2080980341</swisstopo:routepoint_id>
				</extensions>
			</trkpt>
			<trkpt lat="47.0082481735" lon="8.7424064137">
				<ele>1507.6</ele>
				<extensions>
					<swisstopo:routepoint_id>886614061</swisstopo:routepoint_id>
				</extensions>
			</trkpt>
			<trkpt lat="47.0082082729" lon="8.7424904705">
				<ele>1508.1</ele>
				<extensions>
					<swisstopo:routepoint_id>1376936419</swisstopo:routepoint_id>
				</extensions>
			</trkpt>
			<trkpt lat="47.0081794761" lon="8.7425473755">
				<ele>1508.7</ele>
				<extensions>
					<swisstopo:routepoint_id>1734602692</swisstopo:routepoint_id>
				</extensions>
			</trkpt>
			<trkpt lat="47.0081503607" lon="8.7425919494">
				<ele>1509.3</ele>
				<extensions>
					<swisstopo:routepoint_id>1048737603</swisstopo:routepoint_id>
				</extensions>
			</trkpt>
			<trkpt lat="47.0081081053" lon="8.7426361776">
				<ele>1510.2</ele>
				<extensions>
					<swisstopo:routepoint_id>758907248</swisstopo:routepoint_id>
				</extensions>
			</trkpt>
			<trkpt lat="47.0080577473" lon="8.7426911905">
				<ele>1511.7</ele>
				<extensions>
					<swisstopo:routepoint_id>725285660</swisstopo:routepoint_id>
				</extensions>
			</trkpt>
			<trkpt lat="47.0079971122" lon="8.7427425209">
				<ele>1513.2</ele>
				<extensions>
					<swisstopo:routepoint_id>855867838</swisstopo:routepoint_id>
				</extensions>
			</trkpt>
			<trkpt lat="47.0079497041" lon="8.7427873206">
				<ele>1514.1</ele>
				<extensions>
					<swisstopo:routepoint_id>916823409</swisstopo:routepoint_id>
				</extensions>
			</trkpt>
			<trkpt lat="47.0079103094" lon="8.7428268179">
				<ele>1514.5</ele>
				<extensions>
					<swisstopo:routepoint_id>1987693963</swisstopo:routepoint_id>
				</extensions>
			</trkpt>
			<trkpt lat="47.0078717810" lon="8.7428732010">
				<ele>1514.7</ele>
				<extensions>
					<swisstopo:routepoint_id>1725950456</swisstopo:routepoint_id>
				</extensions>
			</trkpt>
			<trkpt lat="47.0078369733" lon="8.7429231074">
				<ele>1514.7</ele>
				<extensions>
					<swisstopo:routepoint_id>1868657512</swisstopo:routepoint_id>
				</extensions>
			</trkpt>
			<trkpt lat="47.0077956307" lon="8.7429701191">
				<ele>1515.0</ele>
				<extensions>
					<swisstopo:routepoint_id>1554471781</swisstopo:routepoint_id>
				</extensions>
			</trkpt>
			<trkpt lat="47.0077627936" lon="8.7430104724">
				<ele>1515.5</ele>
				<extensions>
					<swisstopo:routepoint_id>161725548</swisstopo:routepoint_id>
				</extensions>
			</trkpt>
			<trkpt lat="47.0077413351" lon="8.7430414884">
				<ele>1515.8</ele>
				<extensions>
					<swisstopo:routepoint_id>800764071</swisstopo:routepoint_id>
				</extensions>
			</trkpt>
			<trkpt lat="47.0077197354" lon="8.7430841665">
				<ele>1515.9</ele>
				<extensions>
					<swisstopo:routepoint_id>975595788</swisstopo:routepoint_id>
				</extensions>
			</trkpt>
			<trkpt lat="47.0076869853" lon="8.7431587951">
				<ele>1516.2</ele>
				<extensions>
					<swisstopo:routepoint_id>1233580218</swisstopo:routepoint_id>
				</extensions>
			</trkpt>
			<trkpt lat="47.0076436316" lon="8.7432592456">
				<ele>1516.5</ele>
				<extensions>
					<swisstopo:routepoint_id>2066676628</swisstopo:routepoint_id>
				</extensions>
			</trkpt>
			<trkpt lat="47.0076181488" lon="8.7433134944">
				<ele>1517.0</ele>
				<extensions>
					<swisstopo:routepoint_id>1619647879</swisstopo:routepoint_id>
				</extensions>
			</trkpt>
			<trkpt lat="47.0075983258" lon="8.7433644354">
				<ele>1517.1</ele>
				<extensions>
					<swisstopo:routepoint_id>1954898076</swisstopo:routepoint_id>
				</extensions>
			</trkpt>
			<trkpt lat="47.0075789266" lon="8.7434208971">
				<ele>1517.0</ele>
				<extensions>
					<swisstopo:routepoint_id>934138178</swisstopo:routepoint_id>
				</extensions>
			</trkpt>
			<trkpt lat="47.0075492173" lon="8.7435168787">
				<ele>1516.7</ele>
				<extensions>
					<swisstopo:routepoint_id>1830789542</swisstopo:routepoint_id>
				</extensions>
			</trkpt>
			<trkpt lat="47.0075133010" lon="8.7436222966">
				<ele>1516.2</ele>
				<extensions>
					<swisstopo:routepoint_id>1026766341</swisstopo:routepoint_id>
				</extensions>
			</trkpt>
			<trkpt lat="47.0074779943" lon="8.7437160769">
				<ele>1515.6</ele>
				<extensions>
					<swisstopo:routepoint_id>169232767</swisstopo:routepoint_id>
				</extensions>
			</trkpt>
			<trkpt lat="47.0074326983" lon="8.7438219502">
				<ele>1515.5</ele>
				<extensions>
					<swisstopo:routepoint_id>1211427482</swisstopo:routepoint_id>
				</extensions>
			</trkpt>
			<trkpt lat="47.0074008820" lon="8.7438959301">
				<ele>1515.7</ele>
				<extensions>
					<swisstopo:routepoint_id>765816679</swisstopo:routepoint_id>
				</extensions>
			</trkpt>
			<trkpt lat="47.0073896613" lon="8.7439340597">
				<ele>1515.6</ele>
				<extensions>
					<swisstopo:routepoint_id>184550021</swisstopo:routepoint_id>
				</extensions>
			</trkpt>
			<trkpt lat="47.0073724445" lon="8.7440042780">
				<ele>1515.6</ele>
				<extensions>
					<swisstopo:routepoint_id>89707745</swisstopo:routepoint_id>
				</extensions>
			</trkpt>
			<trkpt lat="47.0073564361" lon="8.7440923724">
				<ele>1514.9</ele>
				<extensions>
					<swisstopo:routepoint_id>491804264</swisstopo:routepoint_id>
				</extensions>
			</trkpt>
			<trkpt lat="47.0073398804" lon="8.7441447731">
				<ele>1514.4</ele>
				<extensions>
					<swisstopo:routepoint_id>1210168943</swisstopo:routepoint_id>
				</extensions>
			</trkpt>
			<trkpt lat="47.0073190617" lon="8.7442025546">
				<ele>1514.1</ele>
				<extensions>
					<swisstopo:routepoint_id>388630210</swisstopo:routepoint_id>
				</extensions>
			</trkpt>
			<trkpt lat="47.0072848757" lon="8.7442791985">
				<ele>1513.7</ele>
				<extensions>
					<swisstopo:routepoint_id>1225878904</swisstopo:routepoint_id>
				</extensions>
			</trkpt>
			<trkpt lat="47.0072531864" lon="8.7443435803">
				<ele>1513.4</ele>
				<extensions>
					<swisstopo:routepoint_id>785622380</swisstopo:routepoint_id>
				</extensions>
			</trkpt>
			<trkpt lat="47.0072127695" lon="8.7444317640">
				<ele>1513.1</ele>
				<extensions>
					<swisstopo:routepoint_id>1381402471</swisstopo:routepoint_id>
				</extensions>
			</trkpt>
			<trkpt lat="47.0071647671" lon="8.7445279701">
				<ele>1512.4</ele>
				<extensions>
					<swisstopo:routepoint_id>2039214192</swisstopo:routepoint_id>
				</extensions>
			</trkpt>
			<trkpt lat="47.0071115225" lon="8.7446302291">
				<ele>1511.8</ele>
				<extensions>
					<swisstopo:routepoint_id>355075194</swisstopo:routepoint_id>
				</extensions>
			</trkpt>
			<trkpt lat="47.0070708182" lon="8.7447033076">
				<ele>1511.7</ele>
				<extensions>
					<swisstopo:routepoint_id>1338317296</swisstopo:routepoint_id>
				</extensions>
			</trkpt>
			<trkpt lat="47.0069963014" lon="8.7448612843">
				<ele>1510.5</ele>
				<extensions>
					<swisstopo:routepoint_id>550909759</swisstopo:routepoint_id>
				</extensions>
			</trkpt>
			<trkpt lat="47.0069528294" lon="8.7449720008">
				<ele>1509.1</ele>
				<extensions>
					<swisstopo:routepoint_id>2100879219</swisstopo:routepoint_id>
				</extensions>
			</trkpt>
			<trkpt lat="47.0069388234" lon="8.7450066428">
				<ele>1508.7</ele>
				<extensions>
					<swisstopo:routepoint_id>1197104045</swisstopo:routepoint_id>
				</extensions>
			</trkpt>
			<trkpt lat="47.0069147438" lon="8.7450616083">
				<ele>1508.0</ele>
				<extensions>
					<swisstopo:routepoint_id>1293774560</swisstopo:routepoint_id>
				</extensions>
			</trkpt>
			<trkpt lat="47.0068840287" lon="8.7451225670">
				<ele>1507.2</ele>
				<extensions>
					<swisstopo:routepoint_id>710112477</swisstopo:routepoint_id>
				</extensions>
			</trkpt>
			<trkpt lat="47.0067986028" lon="8.7452754241">
				<ele>1505.2</ele>
				<extensions>
					<swisstopo:routepoint_id>1202515542</swisstopo:routepoint_id>
				</extensions>
			</trkpt>
			<trkpt lat="47.0067313374" lon="8.7453685025">
				<ele>1504.1</ele>
				<extensions>
					<swisstopo:routepoint_id>1264259280</swisstopo:routepoint_id>
				</extensions>
			</trkpt>
			<trkpt lat="47.0066599637" lon="8.7454786958">
				<ele>1503.6</ele>
				<extensions>
					<swisstopo:routepoint_id>204384519</swisstopo:routepoint_id>
				</extensions>
			</trkpt>
			<trkpt lat="47.0065944184" lon="8.7455976847">
				<ele>1502.9</ele>
				<extensions>
					<swisstopo:routepoint_id>112324776</swisstopo:routepoint_id>
				</extensions>
			</trkpt>
			<trkpt lat="47.0065588124" lon="8.7456780535">
				<ele>1502.4</ele>
				<extensions>
					<swisstopo:routepoint_id>1127349351</swisstopo:routepoint_id>
				</extensions>
			</trkpt>
			<trkpt lat="47.0065283976" lon="8.7457647432">
				<ele>1501.5</ele>
				<extensions>
					<swisstopo:routepoint_id>2054276310</swisstopo:routepoint_id>
				</extensions>
			</trkpt>
			<trkpt lat="47.0064901214" lon="8.7459152884">
				<ele>1499.6</ele>
				<extensions>
					<swisstopo:routepoint_id>1761858678</swisstopo:routepoint_id>
				</extensions>
			</trkpt>
			<trkpt lat="47.0064519225" lon="8.7459918849">
				<ele>1498.2</ele>
				<extensions>
					<swisstopo:routepoint_id>2063641504</swisstopo:routepoint_id>
				</extensions>
			</trkpt>
			<trkpt lat="47.0064275244" lon="8.7460676339">
				<ele>1496.9</ele>
				<extensions>
					<swisstopo:routepoint_id>1922981201</swisstopo:routepoint_id>
				</extensions>
			</trkpt>
			<trkpt lat="47.0064250321" lon="8.7461205604">
				<ele>1496.1</ele>
				<extensions>
					<swisstopo:routepoint_id>72434029</swisstopo:routepoint_id>
				</extensions>
			</trkpt>
			<trkpt lat="47.0064397581" lon="8.7462257359">
				<ele>1494.6</ele>
				<extensions>
					<swisstopo:routepoint_id>1227648915</swisstopo:routepoint_id>
				</extensions>
			</trkpt>
			<trkpt lat="47.0064443237" lon="8.7462948786">
				<ele>1493.9</ele>
				<extensions>
					<swisstopo:routepoint_id>1691023159</swisstopo:routepoint_id>
				</extensions>
			</trkpt>
			<trkpt lat="47.0064324280" lon="8.7463685126">
				<ele>1493.4</ele>
				<extensions>
					<swisstopo:routepoint_id>1692328461</swisstopo:routepoint_id>
				</extensions>
			</trkpt>
			<trkpt lat="47.0064243466" lon="8.7465211213">
				<ele>1492.2</ele>
				<extensions>
					<swisstopo:routepoint_id>305350792</swisstopo:routepoint_id>
				</extensions>
			</trkpt>
			<trkpt lat="47.0064086171" lon="8.7466501082">
				<ele>1492.1</ele>
				<extensions>
					<swisstopo:routepoint_id>190783509</swisstopo:routepoint_id>
				</extensions>
			</trkpt>
			<trkpt lat="47.0063845031" lon="8.7467640684">
				<ele>1492.6</ele>
				<extensions>
					<swisstopo:routepoint_id>1483841160</swisstopo:routepoint_id>
				</extensions>
			</trkpt>
			<trkpt lat="47.0063590723" lon="8.7468767738">
				<ele>1493.2</ele>
				<extensions>
					<swisstopo:routepoint_id>1463729935</swisstopo:routepoint_id>
				</extensions>
			</trkpt>
			<trkpt lat="47.0063224975" lon="8.7469891545">
				<ele>1493.3</ele>
				<extensions>
					<swisstopo:routepoint_id>2004081469</swisstopo:routepoint_id>
				</extensions>
			</trkpt>
			<trkpt lat="47.0062922515" lon="8.7470585793">
				<ele>1493.4</ele>
				<extensions>
					<swisstopo:routepoint_id>428798222</swisstopo:routepoint_id>
				</extensions>
			</trkpt>
			<trkpt lat="47.0062328496" lon="8.7471530959">
				<ele>1493.1</ele>
				<extensions>
					<swisstopo:routepoint_id>1978593031</swisstopo:routepoint_id>
				</extensions>
			</trkpt>
			<trkpt lat="47.0061635941" lon="8.7472485554">
				<ele>1492.8</ele>
				<extensions>
					<swisstopo:routepoint_id>1396934005</swisstopo:routepoint_id>
				</extensions>
			</trkpt>
			<trkpt lat="47.0060776379" lon="8.7473719090">
				<ele>1492.3</ele>
				<extensions>
					<swisstopo:routepoint_id>244513188</swisstopo:routepoint_id>
				</extensions>
			</trkpt>
			<trkpt lat="47.0060243325" lon="8.7474493325">
				<ele>1492.3</ele>
				<extensions>
					<swisstopo:routepoint_id>84600386</swisstopo:routepoint_id>
				</extensions>
			</trkpt>
			<trkpt lat="47.0059538298" lon="8.7475373697">
				<ele>1493.0</ele>
				<extensions>
					<swisstopo:routepoint_id>1953912330</swisstopo:routepoint_id>
				</extensions>
			</trkpt>
			<trkpt lat="47.0058917963" lon="8.7476330311">
				<ele>1493.9</ele>
				<extensions>
					<swisstopo:routepoint_id>552990757</swisstopo:routepoint_id>
				</extensions>
			</trkpt>
			<trkpt lat="47.0058256590" lon="8.7477446100">
				<ele>1494.5</ele>
				<extensions>
					<swisstopo:routepoint_id>1269587107</swisstopo:routepoint_id>
				</extensions>
			</trkpt>
			<trkpt lat="47.0057419271" lon="8.7479087065">
				<ele>1495.2</ele>
				<extensions>
					<swisstopo:routepoint_id>728382601</swisstopo:routepoint_id>
				</extensions>
			</trkpt>
			<trkpt lat="47.0056744149" lon="8.7480264055">
				<ele>1496.0</ele>
				<extensions>
					<swisstopo:routepoint_id>736783429</swisstopo:routepoint_id>
				</extensions>
			</trkpt>
			<trkpt lat="47.0056182991" lon="8.7481222233">
				<ele>1496.3</ele>
				<extensions>
					<swisstopo:routepoint_id>1815189473</swisstopo:routepoint_id>
				</extensions>
			</trkpt>
			<trkpt lat="47.0055832535" lon="8.7482124663">
				<ele>1496.7</ele>
				<extensions>
					<swisstopo:routepoint_id>1233630173</swisstopo:routepoint_id>
				</extensions>
			</trkpt>
			<trkpt lat="47.0055572896" lon="8.7483031282">
				<ele>1497.1</ele>
				<extensions>
					<swisstopo:routepoint_id>1071706966</swisstopo:routepoint_id>
				</extensions>
			</trkpt>
			<trkpt lat="47.0055135918" lon="8.7483576906">
				<ele>1497.4</ele>
				<extensions>
					<swisstopo:routepoint_id>1109007097</swisstopo:routepoint_id>
				</extensions>
			</trkpt>
			<trkpt lat="47.0054969293" lon="8.7483868875">
				<ele>1497.6</ele>
				<extensions>
					<swisstopo:routepoint_id>1952312230</swisstopo:routepoint_id>
				</extensions>
			</trkpt>
			<trkpt lat="47.0054626237" lon="8.7484470050">
				<ele>1497.9</ele>
				<extensions>
					<swisstopo:routepoint_id>1315668706</swisstopo:routepoint_id>
				</extensions>
			</trkpt>
			<trkpt lat="47.0054008781" lon="8.7485701572">
				<ele>1498.5</ele>
				<extensions>
					<swisstopo:routepoint_id>31127161</swisstopo:routepoint_id>
				</extensions>
			</trkpt>
			<trkpt lat="47.0053555655" lon="8.7486613063">
				<ele>1499.0</ele>
				<extensions>
					<swisstopo:routepoint_id>717064875</swisstopo:routepoint_id>
				</extensions>
			</trkpt>
			<trkpt lat="47.0053266287" lon="8.7487262501">
				<ele>1499.2</ele>
				<extensions>
					<swisstopo:routepoint_id>442521148</swisstopo:routepoint_id>
				</extensions>
			</trkpt>
			<trkpt lat="47.0052859642" lon="8.7488358318">
				<ele>1499.6</ele>
				<extensions>
					<swisstopo:routepoint_id>653074995</swisstopo:routepoint_id>
				</extensions>
			</trkpt>
			<trkpt lat="47.0052587909" lon="8.7489000160">
				<ele>1499.8</ele>
				<extensions>
					<swisstopo:routepoint_id>175471418</swisstopo:routepoint_id>
				</extensions>
			</trkpt>
			<trkpt lat="47.0052290493" lon="8.7489574437">
				<ele>1500.0</ele>
				<extensions>
					<swisstopo:routepoint_id>1209766802</swisstopo:routepoint_id>
				</extensions>
			</trkpt>
			<trkpt lat="47.0051852156" lon="8.7490278236">
				<ele>1500.2</ele>
				<extensions>
					<swisstopo:routepoint_id>1031456998</swisstopo:routepoint_id>
				</extensions>
			</trkpt>
			<trkpt lat="47.0051510049" lon="8.7490968065">
				<ele>1500.5</ele>
				<extensions>
					<swisstopo:routepoint_id>2044048751</swisstopo:routepoint_id>
				</extensions>
			</trkpt>
			<trkpt lat="47.0051154570" lon="8.7492066443">
				<ele>1501.0</ele>
				<extensions>
					<swisstopo:routepoint_id>1928090962</swisstopo:routepoint_id>
				</extensions>
			</trkpt>
			<trkpt lat="47.0050871604" lon="8.7492910930">
				<ele>1501.5</ele>
				<extensions>
					<swisstopo:routepoint_id>1858703232</swisstopo:routepoint_id>
				</extensions>
			</trkpt>
			<trkpt lat="47.0050663572" lon="8.7493505007">
				<ele>1502.0</ele>
				<extensions>
					<swisstopo:routepoint_id>800481720</swisstopo:routepoint_id>
				</extensions>
			</trkpt>
			<trkpt lat="47.0050352278" lon="8.7494317239">
				<ele>1502.9</ele>
				<extensions>
					<swisstopo:routepoint_id>387839195</swisstopo:routepoint_id>
				</extensions>
			</trkpt>
			<trkpt lat="47.0050158301" lon="8.7494932574">
				<ele>1503.6</ele>
				<extensions>
					<swisstopo:routepoint_id>1497013521</swisstopo:routepoint_id>
				</extensions>
			</trkpt>
			<trkpt lat="47.0049936508" lon="8.7495463190">
				<ele>1504.5</ele>
				<extensions>
					<swisstopo:routepoint_id>708974611</swisstopo:routepoint_id>
				</extensions>
			</trkpt>
			<trkpt lat="47.0049730626" lon="8.7495868078">
				<ele>1505.4</ele>
				<extensions>
					<swisstopo:routepoint_id>1327988726</swisstopo:routepoint_id>
				</extensions>
			</trkpt>
			<trkpt lat="47.0049575659" lon="8.7496211079">
				<ele>1506.0</ele>
				<extensions>
					<swisstopo:routepoint_id>1190413854</swisstopo:routepoint_id>
				</extensions>
			</trkpt>
			<trkpt lat="47.0049455338" lon="8.7496670793">
				<ele>1506.7</ele>
				<extensions>
					<swisstopo:routepoint_id>1770112535</swisstopo:routepoint_id>
				</extensions>
			</trkpt>
			<trkpt lat="47.0049458941" lon="8.7496986116">
				<ele>1507.2</ele>
				<extensions>
					<swisstopo:routepoint_id>1872748881</swisstopo:routepoint_id>
				</extensions>
			</trkpt>
			<trkpt lat="47.0049475606" lon="8.7497417352">
				<ele>1507.7</ele>
				<extensions>
					<swisstopo:routepoint_id>1938813716</swisstopo:routepoint_id>
				</extensions>
			</trkpt>
			<trkpt lat="47.0049498182" lon="8.7497906065">
				<ele>1508.4</ele>
				<extensions>
					<swisstopo:routepoint_id>965186101</swisstopo:routepoint_id>
				</extensions>
			</trkpt>
			<trkpt lat="47.0049402713" lon="8.7498427277">
				<ele>1509.3</ele>
				<extensions>
					<swisstopo:routepoint_id>1338353597</swisstopo:routepoint_id>
				</extensions>
			</trkpt>
			<trkpt lat="47.0049216997" lon="8.7498996122">
				<ele>1510.3</ele>
				<extensions>
					<swisstopo:routepoint_id>1260306394</swisstopo:routepoint_id>
				</extensions>
			</trkpt>
			<trkpt lat="47.0049050483" lon="8.7499397233">
				<ele>1510.9</ele>
				<extensions>
					<swisstopo:routepoint_id>1325977159</swisstopo:routepoint_id>
				</extensions>
			</trkpt>
			<trkpt lat="47.0048681433" lon="8.7500145584">
				<ele>1511.9</ele>
				<extensions>
					<swisstopo:routepoint_id>20267055</swisstopo:routepoint_id>
				</extensions>
			</trkpt>
			<trkpt lat="47.0048327846" lon="8.7500651800">
				<ele>1512.5</ele>
				<extensions>
					<swisstopo:routepoint_id>901952004</swisstopo:routepoint_id>
				</extensions>
			</trkpt>
			<trkpt lat="47.0047918277" lon="8.7501065118">
				<ele>1512.8</ele>
				<extensions>
					<swisstopo:routepoint_id>1658932715</swisstopo:routepoint_id>
				</extensions>
			</trkpt>
			<trkpt lat="47.0047402975" lon="8.7501575271">
				<ele>1513.0</ele>
				<extensions>
					<swisstopo:routepoint_id>1693348737</swisstopo:routepoint_id>
				</extensions>
			</trkpt>
			<trkpt lat="47.0046948738" lon="8.7502087051">
				<ele>1513.0</ele>
				<extensions>
					<swisstopo:routepoint_id>1628442015</swisstopo:routepoint_id>
				</extensions>
			</trkpt>
			<trkpt lat="47.0046661396" lon="8.7502503620">
				<ele>1513.0</ele>
				<extensions>
					<swisstopo:routepoint_id>162368815</swisstopo:routepoint_id>
				</extensions>
			</trkpt>
			<trkpt lat="47.0046434238" lon="8.7503038312">
				<ele>1513.4</ele>
				<extensions>
					<swisstopo:routepoint_id>711961757</swisstopo:routepoint_id>
				</extensions>
			</trkpt>
			<trkpt lat="47.0046241389" lon="8.7504664447">
				<ele>1514.5</ele>
				<extensions>
					<swisstopo:routepoint_id>1858247554</swisstopo:routepoint_id>
				</extensions>
			</trkpt>
			<trkpt lat="47.0046179304" lon="8.7505295088">
				<ele>1515.3</ele>
				<extensions>
					<swisstopo:routepoint_id>283383679</swisstopo:routepoint_id>
				</extensions>
			</trkpt>
			<trkpt lat="47.0046007449" lon="8.7505998013">
				<ele>1516.4</ele>
				<extensions>
					<swisstopo:routepoint_id>1044945835</swisstopo:routepoint_id>
				</extensions>
			</trkpt>
			<trkpt lat="47.0045549700" lon="8.7506934083">
				<ele>1516.9</ele>
				<extensions>
					<swisstopo:routepoint_id>1792975277</swisstopo:routepoint_id>
				</extensions>
			</trkpt>
			<trkpt lat="47.0045091763" lon="8.7507903680">
				<ele>1517.4</ele>
				<extensions>
					<swisstopo:routepoint_id>1925520560</swisstopo:routepoint_id>
				</extensions>
			</trkpt>
			<trkpt lat="47.0044878226" lon="8.7508363870">
				<ele>1518.0</ele>
				<extensions>
					<swisstopo:routepoint_id>1279379532</swisstopo:routepoint_id>
				</extensions>
			</trkpt>
			<trkpt lat="47.0044515046" lon="8.7509134314">
				<ele>1518.6</ele>
				<extensions>
					<swisstopo:routepoint_id>1346549774</swisstopo:routepoint_id>
				</extensions>
			</trkpt>
			<trkpt lat="47.0044245460" lon="8.7509689128">
				<ele>1519.2</ele>
				<extensions>
					<swisstopo:routepoint_id>469263194</swisstopo:routepoint_id>
				</extensions>
			</trkpt>
			<trkpt lat="47.0044093090" lon="8.7510189997">
				<ele>1519.8</ele>
				<extensions>
					<swisstopo:routepoint_id>1621469432</swisstopo:routepoint_id>
				</extensions>
			</trkpt>
			<trkpt lat="47.0044028092" lon="8.7510579515">
				<ele>1520.4</ele>
				<extensions>
					<swisstopo:routepoint_id>318251666</swisstopo:routepoint_id>
				</extensions>
			</trkpt>
			<trkpt lat="47.0044011413" lon="8.7510913403">
				<ele>1520.8</ele>
				<extensions>
					<swisstopo:routepoint_id>1767632952</swisstopo:routepoint_id>
				</extensions>
			</trkpt>
			<trkpt lat="47.0044086645" lon="8.7511501776">
				<ele>1521.9</ele>
				<extensions>
					<swisstopo:routepoint_id>1114414977</swisstopo:routepoint_id>
				</extensions>
			</trkpt>
			<trkpt lat="47.0044125704" lon="8.7511862406">
				<ele>1522.6</ele>
				<extensions>
					<swisstopo:routepoint_id>2038814987</swisstopo:routepoint_id>
				</extensions>
			</trkpt>
			<trkpt lat="47.0044068862" lon="8.7512308807">
				<ele>1523.4</ele>
				<extensions>
					<swisstopo:routepoint_id>31553507</swisstopo:routepoint_id>
				</extensions>
			</trkpt>
			<trkpt lat="47.0044059844" lon="8.7512712322">
				<ele>1524.0</ele>
				<extensions>
					<swisstopo:routepoint_id>920479785</swisstopo:routepoint_id>
				</extensions>
			</trkpt>
			<trkpt lat="47.0044020616" lon="8.7513121403">
				<ele>1524.8</ele>
				<extensions>
					<swisstopo:routepoint_id>1922913184</swisstopo:routepoint_id>
				</extensions>
			</trkpt>
			<trkpt lat="47.0043944002" lon="8.7513409637">
				<ele>1525.4</ele>
				<extensions>
					<swisstopo:routepoint_id>1811810171</swisstopo:routepoint_id>
				</extensions>
			</trkpt>
			<trkpt lat="47.0043820846" lon="8.7513621113">
				<ele>1525.8</ele>
				<extensions>
					<swisstopo:routepoint_id>1720573518</swisstopo:routepoint_id>
				</extensions>
			</trkpt>
			<trkpt lat="47.0043651345" lon="8.7513724144">
				<ele>1526.2</ele>
				<extensions>
					<swisstopo:routepoint_id>713076654</swisstopo:routepoint_id>
				</extensions>
			</trkpt>
			<trkpt lat="47.0043087753" lon="8.7514003489">
				<ele>1527.2</ele>
				<extensions>
					<swisstopo:routepoint_id>1313550602</swisstopo:routepoint_id>
				</extensions>
			</trkpt>
			<trkpt lat="47.0042560926" lon="8.7514183261">
				<ele>1528.5</ele>
				<extensions>
					<swisstopo:routepoint_id>844403254</swisstopo:routepoint_id>
				</extensions>
			</trkpt>
			<trkpt lat="47.0041969455" lon="8.7514320029">
				<ele>1529.9</ele>
				<extensions>
					<swisstopo:routepoint_id>1654457230</swisstopo:routepoint_id>
				</extensions>
			</trkpt>
			<trkpt lat="47.0041598337" lon="8.7514399578">
				<ele>1530.3</ele>
				<extensions>
					<swisstopo:routepoint_id>662985638</swisstopo:routepoint_id>
				</extensions>
			</trkpt>
			<trkpt lat="47.0041230589" lon="8.7514625190">
				<ele>1530.0</ele>
				<extensions>
					<swisstopo:routepoint_id>750451267</swisstopo:routepoint_id>
				</extensions>
			</trkpt>
			<trkpt lat="47.0040385357" lon="8.7515529799">
				<ele>1528.2</ele>
				<extensions>
					<swisstopo:routepoint_id>13588607</swisstopo:routepoint_id>
				</extensions>
			</trkpt>
			<trkpt lat="47.0039775519" lon="8.7516390852">
				<ele>1526.9</ele>
				<extensions>
					<swisstopo:routepoint_id>400186373</swisstopo:routepoint_id>
				</extensions>
			</trkpt>
			<trkpt lat="47.0038729602" lon="8.7518732130">
				<ele>1525.3</ele>
				<extensions>
					<swisstopo:routepoint_id>696898673</swisstopo:routepoint_id>
				</extensions>
			</trkpt>
			<trkpt lat="47.0038154434" lon="8.7520306273">
				<ele>1525.1</ele>
				<extensions>
					<swisstopo:routepoint_id>2140114268</swisstopo:routepoint_id>
				</extensions>
			</trkpt>
			<trkpt lat="47.0037707806" lon="8.7521520853">
				<ele>1525.4</ele>
				<extensions>
					<swisstopo:routepoint_id>49575551</swisstopo:routepoint_id>
				</extensions>
			</trkpt>
			<trkpt lat="47.0037061642" lon="8.7523260267">
				<ele>1525.6</ele>
				<extensions>
					<swisstopo:routepoint_id>1292811871</swisstopo:routepoint_id>
				</extensions>
			</trkpt>
			<trkpt lat="47.0036530419" lon="8.7524987756">
				<ele>1525.6</ele>
				<extensions>
					<swisstopo:routepoint_id>69713298</swisstopo:routepoint_id>
				</extensions>
			</trkpt>
			<trkpt lat="47.0036401901" lon="8.7525793245">
				<ele>1526.0</ele>
				<extensions>
					<swisstopo:routepoint_id>1158651242</swisstopo:routepoint_id>
				</extensions>
			</trkpt>
			<trkpt lat="47.0036296193" lon="8.7526971588">
				<ele>1527.2</ele>
				<extensions>
					<swisstopo:routepoint_id>1986558393</swisstopo:routepoint_id>
				</extensions>
			</trkpt>
			<trkpt lat="47.0036253205" lon="8.7527882278">
				<ele>1528.4</ele>
				<extensions>
					<swisstopo:routepoint_id>1914926905</swisstopo:routepoint_id>
				</extensions>
			</trkpt>
			<trkpt lat="47.0036216425" lon="8.7528729336">
				<ele>1529.4</ele>
				<extensions>
					<swisstopo:routepoint_id>1062292288</swisstopo:routepoint_id>
				</extensions>
			</trkpt>
			<trkpt lat="47.0036182321" lon="8.7529814487">
				<ele>1530.8</ele>
				<extensions>
					<swisstopo:routepoint_id>1386274313</swisstopo:routepoint_id>
				</extensions>
			</trkpt>
			<trkpt lat="47.0036214596" lon="8.7530782379">
				<ele>1532.3</ele>
				<extensions>
					<swisstopo:routepoint_id>1533488280</swisstopo:routepoint_id>
				</extensions>
			</trkpt>
			<trkpt lat="47.0036282841" lon="8.7531925268">
				<ele>1534.3</ele>
				<extensions>
					<swisstopo:routepoint_id>1743939448</swisstopo:routepoint_id>
				</extensions>
			</trkpt>
			<trkpt lat="47.0036386905" lon="8.7532776040">
				<ele>1536.1</ele>
				<extensions>
					<swisstopo:routepoint_id>933997853</swisstopo:routepoint_id>
				</extensions>
			</trkpt>
			<trkpt lat="47.0036425357" lon="8.7533212930">
				<ele>1537.2</ele>
				<extensions>
					<swisstopo:routepoint_id>1544066543</swisstopo:routepoint_id>
				</extensions>
			</trkpt>
			<trkpt lat="47.0036279009" lon="8.7534152641">
				<ele>1539.2</ele>
				<extensions>
					<swisstopo:routepoint_id>959157275</swisstopo:routepoint_id>
				</extensions>
			</trkpt>
			<trkpt lat="47.0036161196" lon="8.7534966279">
				<ele>1540.5</ele>
				<extensions>
					<swisstopo:routepoint_id>118247250</swisstopo:routepoint_id>
				</extensions>
			</trkpt>
			<trkpt lat="47.0036262397" lon="8.7535602761">
				<ele>1541.7</ele>
				<extensions>
					<swisstopo:routepoint_id>610635009</swisstopo:routepoint_id>
				</extensions>
			</trkpt>
			<trkpt lat="47.0036762957" lon="8.7536985598">
				<ele>1544.4</ele>
				<extensions>
					<swisstopo:routepoint_id>471647098</swisstopo:routepoint_id>
				</extensions>
			</trkpt>
			<trkpt lat="47.0036915855" lon="8.7537554697">
				<ele>1544.7</ele>
				<extensions>
					<swisstopo:routepoint_id>984009235</swisstopo:routepoint_id>
				</extensions>
			</trkpt>
			<trkpt lat="47.0036523083" lon="8.7538519406">
				<ele>1545.7</ele>
				<extensions>
					<swisstopo:routepoint_id>1803321278</swisstopo:routepoint_id>
				</extensions>
			</trkpt>
			<trkpt lat="47.0035773699" lon="8.7540448124">
				<ele>1547.8</ele>
				<extensions>
					<swisstopo:routepoint_id>1355652843</swisstopo:routepoint_id>
				</extensions>
			</trkpt>
			<trkpt lat="47.0035333465" lon="8.7541455588">
				<ele>1549.4</ele>
				<extensions>
					<swisstopo:routepoint_id>379439198</swisstopo:routepoint_id>
				</extensions>
			</trkpt>
			<trkpt lat="47.0035056989" lon="8.7542209710">
				<ele>1551.0</ele>
				<extensions>
					<swisstopo:routepoint_id>1967090509</swisstopo:routepoint_id>
				</extensions>
			</trkpt>
			<trkpt lat="47.0034959902" lon="8.7542666159">
				<ele>1551.9</ele>
				<extensions>
					<swisstopo:routepoint_id>1307875422</swisstopo:routepoint_id>
				</extensions>
			</trkpt>
			<trkpt lat="47.0034819296" lon="8.7542908763">
				<ele>1552.5</ele>
				<extensions>
					<swisstopo:routepoint_id>43009602</swisstopo:routepoint_id>
				</extensions>
			</trkpt>
			<trkpt lat="47.0034429587" lon="8.7542992707">
				<ele>1552.8</ele>
				<extensions>
					<swisstopo:routepoint_id>1159288519</swisstopo:routepoint_id>
				</extensions>
			</trkpt>
			<trkpt lat="47.0034213044" lon="8.7543039339">
				<ele>1552.3</ele>
				<extensions>
					<swisstopo:routepoint_id>933324201</swisstopo:routepoint_id>
				</extensions>
			</trkpt>
			<trkpt lat="47.0033791231" lon="8.7543107374">
				<ele>1551.1</ele>
				<extensions>
					<swisstopo:routepoint_id>799021156</swisstopo:routepoint_id>
				</extensions>
			</trkpt>
			<trkpt lat="47.0033305687" lon="8.7543397672">
				<ele>1550.6</ele>
				<extensions>
					<swisstopo:routepoint_id>1029132642</swisstopo:routepoint_id>
				</extensions>
			</trkpt>
			<trkpt lat="47.0033018230" lon="8.7543759755">
				<ele>1550.8</ele>
				<extensions>
					<swisstopo:routepoint_id>7344303</swisstopo:routepoint_id>
				</extensions>
			</trkpt>
			<trkpt lat="47.0032737957" lon="8.7544178175">
				<ele>1551.1</ele>
				<extensions>
					<swisstopo:routepoint_id>1378161835</swisstopo:routepoint_id>
				</extensions>
			</trkpt>
			<trkpt lat="47.0032380589" lon="8.7544628237">
				<ele>1551.9</ele>
				<extensions>
					<swisstopo:routepoint_id>1791461825</swisstopo:routepoint_id>
				</extensions>
			</trkpt>
			<trkpt lat="47.0031964316" lon="8.7544886387">
				<ele>1553.2</ele>
				<extensions>
					<swisstopo:routepoint_id>161228556</swisstopo:routepoint_id>
				</extensions>
			</trkpt>
			<trkpt lat="47.0031626728" lon="8.7544945401">
				<ele>1554.1</ele>
				<extensions>
					<swisstopo:routepoint_id>1668216084</swisstopo:routepoint_id>
				</extensions>
			</trkpt>
			<trkpt lat="47.0030906868" lon="8.7544972438">
				<ele>1556.6</ele>
				<extensions>
					<swisstopo:routepoint_id>1116836752</swisstopo:routepoint_id>
				</extensions>
			</trkpt>
			<trkpt lat="47.0030393224" lon="8.7545038307">
				<ele>1558.4</ele>
				<extensions>
					<swisstopo:routepoint_id>255485015</swisstopo:routepoint_id>
				</extensions>
			</trkpt>
			<trkpt lat="47.0030110062" lon="8.7545016980">
				<ele>1559.3</ele>
				<extensions>
					<swisstopo:routepoint_id>311909506</swisstopo:routepoint_id>
				</extensions>
			</trkpt>
			<trkpt lat="47.0029787499" lon="8.7545177432">
				<ele>1560.1</ele>
				<extensions>
					<swisstopo:routepoint_id>1296149582</swisstopo:routepoint_id>
				</extensions>
			</trkpt>
			<trkpt lat="47.0029389269" lon="8.7545619586">
				<ele>1561.0</ele>
				<extensions>
					<swisstopo:routepoint_id>1882814761</swisstopo:routepoint_id>
				</extensions>
			</trkpt>
			<trkpt lat="47.0028753946" lon="8.7546301985">
				<ele>1561.9</ele>
				<extensions>
					<swisstopo:routepoint_id>279807492</swisstopo:routepoint_id>
				</extensions>
			</trkpt>
			<trkpt lat="47.0028404331" lon="8.7547017330">
				<ele>1563.2</ele>
				<extensions>
					<swisstopo:routepoint_id>990258706</swisstopo:routepoint_id>
				</extensions>
			</trkpt>
			<trkpt lat="47.0028197225" lon="8.7547785869">
				<ele>1564.4</ele>
				<extensions>
					<swisstopo:routepoint_id>765292427</swisstopo:routepoint_id>
				</extensions>
			</trkpt>
			<trkpt lat="47.0027995076" lon="8.7548704401">
				<ele>1565.4</ele>
				<extensions>
					<swisstopo:routepoint_id>1162270277</swisstopo:routepoint_id>
				</extensions>
			</trkpt>
			<trkpt lat="47.0027715722" lon="8.7549394885">
				<ele>1566.8</ele>
				<extensions>
					<swisstopo:routepoint_id>1812148233</swisstopo:routepoint_id>
				</extensions>
			</trkpt>
			<trkpt lat="47.0027263877" lon="8.7550057121">
				<ele>1568.9</ele>
				<extensions>
					<swisstopo:routepoint_id>1446372318</swisstopo:routepoint_id>
				</extensions>
			</trkpt>
			<trkpt lat="47.0026756062" lon="8.7550585707">
				<ele>1570.1</ele>
				<extensions>
					<swisstopo:routepoint_id>242599532</swisstopo:routepoint_id>
				</extensions>
			</trkpt>
			<trkpt lat="47.0025773665" lon="8.7551619677">
				<ele>1571.9</ele>
				<extensions>
					<swisstopo:routepoint_id>476736127</swisstopo:routepoint_id>
				</extensions>
			</trkpt>
			<trkpt lat="47.0025374738" lon="8.7551982569">
				<ele>1573.1</ele>
				<extensions>
					<swisstopo:routepoint_id>965993521</swisstopo:routepoint_id>
				</extensions>
			</trkpt>
			<trkpt lat="47.0024805499" lon="8.7552439268">
				<ele>1575.1</ele>
				<extensions>
					<swisstopo:routepoint_id>2116747789</swisstopo:routepoint_id>
				</extensions>
			</trkpt>
			<trkpt lat="47.0023999951" lon="8.7552658109">
				<ele>1575.9</ele>
				<extensions>
					<swisstopo:routepoint_id>108094272</swisstopo:routepoint_id>
				</extensions>
			</trkpt>
			<trkpt lat="47.0023516558" lon="8.7552799967">
				<ele>1576.8</ele>
				<extensions>
					<swisstopo:routepoint_id>554669757</swisstopo:routepoint_id>
				</extensions>
			</trkpt>
			<trkpt lat="47.0022748152" lon="8.7552846478">
				<ele>1577.8</ele>
				<extensions>
					<swisstopo:routepoint_id>515469965</swisstopo:routepoint_id>
				</extensions>
			</trkpt>
			<trkpt lat="47.0021679161" lon="8.7552519869">
				<ele>1578.6</ele>
				<extensions>
					<swisstopo:routepoint_id>1636421642</swisstopo:routepoint_id>
				</extensions>
			</trkpt>
			<trkpt lat="47.0021258567" lon="8.7552628851">
				<ele>1578.8</ele>
				<extensions>
					<swisstopo:routepoint_id>73183618</swisstopo:routepoint_id>
				</extensions>
			</trkpt>
			<trkpt lat="47.0020861592" lon="8.7553120208">
				<ele>1578.6</ele>
				<extensions>
					<swisstopo:routepoint_id>1447546583</swisstopo:routepoint_id>
				</extensions>
			</trkpt>
			<trkpt lat="47.0020324710" lon="8.7554003542">
				<ele>1577.6</ele>
				<extensions>
					<swisstopo:routepoint_id>1339915575</swisstopo:routepoint_id>
				</extensions>
			</trkpt>
			<trkpt lat="47.0019803279" lon="8.7554966361">
				<ele>1576.5</ele>
				<extensions>
					<swisstopo:routepoint_id>503889328</swisstopo:routepoint_id>
				</extensions>
			</trkpt>
			<trkpt lat="47.0019274454" lon="8.7555641332">
				<ele>1575.6</ele>
				<extensions>
					<swisstopo:routepoint_id>611169047</swisstopo:routepoint_id>
				</extensions>
			</trkpt>
			<trkpt lat="47.0018517618" lon="8.7556413700">
				<ele>1574.4</ele>
				<extensions>
					<swisstopo:routepoint_id>1060936984</swisstopo:routepoint_id>
				</extensions>
			</trkpt>
			<trkpt lat="47.0017393502" lon="8.7557399730">
				<ele>1572.5</ele>
				<extensions>
					<swisstopo:routepoint_id>2031912054</swisstopo:routepoint_id>
				</extensions>
			</trkpt>
			<trkpt lat="47.0016506975" lon="8.7558326350">
				<ele>1571.0</ele>
				<extensions>
					<swisstopo:routepoint_id>1524582573</swisstopo:routepoint_id>
				</extensions>
			</trkpt>
			<trkpt lat="47.0016077809" lon="8.7558885616">
				<ele>1569.7</ele>
				<extensions>
					<swisstopo:routepoint_id>1674941407</swisstopo:routepoint_id>
				</extensions>
			</trkpt>
			<trkpt lat="47.0015706607" lon="8.7559597967">
				<ele>1569.0</ele>
				<extensions>
					<swisstopo:routepoint_id>747956014</swisstopo:routepoint_id>
				</extensions>
			</trkpt>
			<trkpt lat="47.0015376573" lon="8.7560118312">
				<ele>1568.7</ele>
				<extensions>
					<swisstopo:routepoint_id>2056170334</swisstopo:routepoint_id>
				</extensions>
			</trkpt>
			<trkpt lat="47.0015008832" lon="8.7560389368">
				<ele>1568.3</ele>
				<extensions>
					<swisstopo:routepoint_id>1821912180</swisstopo:routepoint_id>
				</extensions>
			</trkpt>
			<trkpt lat="47.0014726891" lon="8.7560623361">
				<ele>1568.1</ele>
				<extensions>
					<swisstopo:routepoint_id>1316172040</swisstopo:routepoint_id>
				</extensions>
			</trkpt>
			<trkpt lat="47.0014097786" lon="8.7561107723">
				<ele>1568.7</ele>
				<extensions>
					<swisstopo:routepoint_id>1709172216</swisstopo:routepoint_id>
				</extensions>
			</trkpt>
			<trkpt lat="47.0013663841" lon="8.7561754192">
				<ele>1569.7</ele>
				<extensions>
					<swisstopo:routepoint_id>149979621</swisstopo:routepoint_id>
				</extensions>
			</trkpt>
			<trkpt lat="47.0012975304" lon="8.7562948021">
				<ele>1570.0</ele>
				<extensions>
					<swisstopo:routepoint_id>402366632</swisstopo:routepoint_id>
				</extensions>
			</trkpt>
			<trkpt lat="47.0012147176" lon="8.7563738780">
				<ele>1570.2</ele>
				<extensions>
					<swisstopo:routepoint_id>1268811506</swisstopo:routepoint_id>
				</extensions>
			</trkpt>
			<trkpt lat="47.0011791040" lon="8.7564682391">
				<ele>1570.4</ele>
				<extensions>
					<swisstopo:routepoint_id>758025930</swisstopo:routepoint_id>
				</extensions>
			</trkpt>
			<trkpt lat="47.0011272848" lon="8.7565794614">
				<ele>1570.5</ele>
				<extensions>
					<swisstopo:routepoint_id>1687289795</swisstopo:routepoint_id>
				</extensions>
			</trkpt>
			<trkpt lat="47.0010933810" lon="8.7566825325">
				<ele>1570.5</ele>
				<extensions>
					<swisstopo:routepoint_id>282479095</swisstopo:routepoint_id>
				</extensions>
			</trkpt>
			<trkpt lat="47.0010882334" lon="8.7567656599">
				<ele>1570.7</ele>
				<extensions>
					<swisstopo:routepoint_id>119484720</swisstopo:routepoint_id>
				</extensions>
			</trkpt>
			<trkpt lat="47.0010996524" lon="8.7568978397">
				<ele>1570.6</ele>
				<extensions>
					<swisstopo:routepoint_id>1537757195</swisstopo:routepoint_id>
				</extensions>
			</trkpt>
			<trkpt lat="47.0011361545" lon="8.7571279132">
				<ele>1569.8</ele>
				<extensions>
					<swisstopo:routepoint_id>1107118229</swisstopo:routepoint_id>
				</extensions>
			</trkpt>
			<trkpt lat="47.0011671334" lon="8.7572693706">
				<ele>1570.1</ele>
				<extensions>
					<swisstopo:routepoint_id>1380143868</swisstopo:routepoint_id>
				</extensions>
			</trkpt>
			<trkpt lat="47.0011952416" lon="8.7573700744">
				<ele>1569.2</ele>
				<extensions>
					<swisstopo:routepoint_id>1765012897</swisstopo:routepoint_id>
				</extensions>
			</trkpt>
			<trkpt lat="47.0012192216" lon="8.7574964890">
				<ele>1568.8</ele>
				<extensions>
					<swisstopo:routepoint_id>1446752833</swisstopo:routepoint_id>
				</extensions>
			</trkpt>
			<trkpt lat="47.0012545796" lon="8.7576421637">
				<ele>1569.9</ele>
				<extensions>
					<swisstopo:routepoint_id>2052634263</swisstopo:routepoint_id>
				</extensions>
			</trkpt>
			<trkpt lat="47.0013029175" lon="8.7577502485">
				<ele>1570.9</ele>
				<extensions>
					<swisstopo:routepoint_id>1907775539</swisstopo:routepoint_id>
				</extensions>
			</trkpt>
			<trkpt lat="47.0013287119" lon="8.7578573169">
				<ele>1572.0</ele>
				<extensions>
					<swisstopo:routepoint_id>404643363</swisstopo:routepoint_id>
				</extensions>
			</trkpt>
			<trkpt lat="47.0013475088" lon="8.7580121136">
				<ele>1574.6</ele>
				<extensions>
					<swisstopo:routepoint_id>685399353</swisstopo:routepoint_id>
				</extensions>
			</trkpt>
			<trkpt lat="47.0013674234" lon="8.7581814497">
				<ele>1574.9</ele>
				<extensions>
					<swisstopo:routepoint_id>1864634632</swisstopo:routepoint_id>
				</extensions>
			</trkpt>
			<trkpt lat="47.0013958812" lon="8.7583909472">
				<ele>1575.4</ele>
				<extensions>
					<swisstopo:routepoint_id>281850781</swisstopo:routepoint_id>
				</extensions>
			</trkpt>
			<trkpt lat="47.0014268349" lon="8.7584970129">
				<ele>1576.3</ele>
				<extensions>
					<swisstopo:routepoint_id>1715243787</swisstopo:routepoint_id>
				</extensions>
			</trkpt>
			<trkpt lat="47.0014817403" lon="8.7586472409">
				<ele>1577.8</ele>
				<extensions>
					<swisstopo:routepoint_id>31662028</swisstopo:routepoint_id>
				</extensions>
			</trkpt>
			<trkpt lat="47.0015187560" lon="8.7587783180">
				<ele>1578.1</ele>
				<extensions>
					<swisstopo:routepoint_id>39483793</swisstopo:routepoint_id>
				</extensions>
			</trkpt>
			<trkpt lat="47.0015561089" lon="8.7588909627">
				<ele>1578.8</ele>
				<extensions>
					<swisstopo:routepoint_id>704032509</swisstopo:routepoint_id>
				</extensions>
			</trkpt>
			<trkpt lat="47.0014813198" lon="8.7591390278">
				<ele>1580.8</ele>
				<extensions>
					<swisstopo:routepoint_id>807057223</swisstopo:routepoint_id>
				</extensions>
			</trkpt>
			<trkpt lat="47.0014416735" lon="8.7593429717">
				<ele>1580.9</ele>
				<extensions>
					<swisstopo:routepoint_id>1924823033</swisstopo:routepoint_id>
				</extensions>
			</trkpt>
			<trkpt lat="47.0014289154" lon="8.7594633209">
				<ele>1580.3</ele>
				<extensions>
					<swisstopo:routepoint_id>365034695</swisstopo:routepoint_id>
				</extensions>
			</trkpt>
			<trkpt lat="47.0014188831" lon="8.7596267964">
				<ele>1580.5</ele>
				<extensions>
					<swisstopo:routepoint_id>737400676</swisstopo:routepoint_id>
				</extensions>
			</trkpt>
			<trkpt lat="47.0014278862" lon="8.7597787076">
				<ele>1580.6</ele>
				<extensions>
					<swisstopo:routepoint_id>1451930391</swisstopo:routepoint_id>
				</extensions>
			</trkpt>
			<trkpt lat="47.0013930887" lon="8.7598950468">
				<ele>1580.4</ele>
				<extensions>
					<swisstopo:routepoint_id>1648232492</swisstopo:routepoint_id>
				</extensions>
			</trkpt>
			<trkpt lat="47.0013634310" lon="8.7600235838">
				<ele>1578.8</ele>
				<extensions>
					<swisstopo:routepoint_id>623886678</swisstopo:routepoint_id>
				</extensions>
			</trkpt>
			<trkpt lat="47.0013444885" lon="8.7600795192">
				<ele>1578.1</ele>
				<extensions>
					<swisstopo:routepoint_id>679534832</swisstopo:routepoint_id>
				</extensions>
			</trkpt>
			<trkpt lat="47.0013290062" lon="8.7601310065">
				<ele>1577.8</ele>
				<extensions>
					<swisstopo:routepoint_id>730264091</swisstopo:routepoint_id>
				</extensions>
			</trkpt>
			<trkpt lat="47.0012690558" lon="8.7602253182">
				<ele>1578.6</ele>
				<extensions>
					<swisstopo:routepoint_id>698962683</swisstopo:routepoint_id>
				</extensions>
			</trkpt>
			<trkpt lat="47.0012927582" lon="8.7602748555">
				<ele>1579.2</ele>
				<extensions>
					<swisstopo:routepoint_id>2069839148</swisstopo:routepoint_id>
				</extensions>
			</trkpt>
			<trkpt lat="47.0013195106" lon="8.7603454519">
				<ele>1580.2</ele>
				<extensions>
					<swisstopo:routepoint_id>1671012881</swisstopo:routepoint_id>
				</extensions>
			</trkpt>
			<trkpt lat="47.0013387455" lon="8.7603915531">
				<ele>1580.8</ele>
				<extensions>
					<swisstopo:routepoint_id>1862393358</swisstopo:routepoint_id>
				</extensions>
			</trkpt>
			<trkpt lat="47.0013508259" lon="8.7604268323">
				<ele>1581.4</ele>
				<extensions>
					<swisstopo:routepoint_id>1053728360</swisstopo:routepoint_id>
				</extensions>
			</trkpt>
			<trkpt lat="47.0013602650" lon="8.7604650771">
				<ele>1582.0</ele>
				<extensions>
					<swisstopo:routepoint_id>2108319980</swisstopo:routepoint_id>
				</extensions>
			</trkpt>
			<trkpt lat="47.0013656614" lon="8.7604940915">
				<ele>1582.5</ele>
				<extensions>
					<swisstopo:routepoint_id>1039815717</swisstopo:routepoint_id>
				</extensions>
			</trkpt>
			<trkpt lat="47.0013626675" lon="8.7605282418">
				<ele>1583.0</ele>
				<extensions>
					<swisstopo:routepoint_id>2095286289</swisstopo:routepoint_id>
				</extensions>
			</trkpt>
			<trkpt lat="47.0013528758" lon="8.7605652423">
				<ele>1583.7</ele>
				<extensions>
					<swisstopo:routepoint_id>248132388</swisstopo:routepoint_id>
				</extensions>
			</trkpt>
			<trkpt lat="47.0013332969" lon="8.7605944120">
				<ele>1584.4</ele>
				<extensions>
					<swisstopo:routepoint_id>248661350</swisstopo:routepoint_id>
				</extensions>
			</trkpt>
			<trkpt lat="47.0012995991" lon="8.7606293209">
				<ele>1585.3</ele>
				<extensions>
					<swisstopo:routepoint_id>147592805</swisstopo:routepoint_id>
				</extensions>
			</trkpt>
			<trkpt lat="47.0012816798" lon="8.7606501714">
				<ele>1585.7</ele>
				<extensions>
					<swisstopo:routepoint_id>1430684952</swisstopo:routepoint_id>
				</extensions>
			</trkpt>
			<trkpt lat="47.0012610578" lon="8.7606793153">
				<ele>1586.2</ele>
				<extensions>
					<swisstopo:routepoint_id>2074610292</swisstopo:routepoint_id>
				</extensions>
			</trkpt>
			<trkpt lat="47.0012391365" lon="8.7607297321">
				<ele>1586.8</ele>
				<extensions>
					<swisstopo:routepoint_id>2007312145</swisstopo:routepoint_id>
				</extensions>
			</trkpt>
			<trkpt lat="47.0012249275" lon="8.7607902014">
				<ele>1587.4</ele>
				<extensions>
					<swisstopo:routepoint_id>1134361852</swisstopo:routepoint_id>
				</extensions>
			</trkpt>
			<trkpt lat="47.0012095329" lon="8.7608613002">
				<ele>1588.0</ele>
				<extensions>
					<swisstopo:routepoint_id>344288410</swisstopo:routepoint_id>
				</extensions>
			</trkpt>
			<trkpt lat="47.0011809919" lon="8.7609913791">
				<ele>1589.0</ele>
				<extensions>
					<swisstopo:routepoint_id>709672664</swisstopo:routepoint_id>
				</extensions>
			</trkpt>
			<trkpt lat="47.0011667892" lon="8.7610503331">
				<ele>1589.4</ele>
				<extensions>
					<swisstopo:routepoint_id>1798577348</swisstopo:routepoint_id>
				</extensions>
			</trkpt>
			<trkpt lat="47.0011516595" lon="8.7610986183">
				<ele>1589.9</ele>
				<extensions>
					<swisstopo:routepoint_id>580452746</swisstopo:routepoint_id>
				</extensions>
			</trkpt>
			<trkpt lat="47.0011183128" lon="8.7611943421">
				<ele>1590.6</ele>
				<extensions>
					<swisstopo:routepoint_id>367765716</swisstopo:routepoint_id>
				</extensions>
			</trkpt>
			<trkpt lat="47.0010434779" lon="8.7614137505">
				<ele>1591.9</ele>
				<extensions>
					<swisstopo:routepoint_id>1025529334</swisstopo:routepoint_id>
				</extensions>
			</trkpt>
			<trkpt lat="47.0010151728" lon="8.7615233003">
				<ele>1592.4</ele>
				<extensions>
					<swisstopo:routepoint_id>309016540</swisstopo:routepoint_id>
				</extensions>
			</trkpt>
			<trkpt lat="47.0009946365" lon="8.7616353146">
				<ele>1592.5</ele>
				<extensions>
					<swisstopo:routepoint_id>882803209</swisstopo:routepoint_id>
				</extensions>
			</trkpt>
			<trkpt lat="47.0009796501" lon="8.7617170690">
				<ele>1592.5</ele>
				<extensions>
					<swisstopo:routepoint_id>1176076771</swisstopo:routepoint_id>
				</extensions>
			</trkpt>
			<trkpt lat="47.0009452566" lon="8.7618576357">
				<ele>1592.6</ele>
				<extensions>
					<swisstopo:routepoint_id>231467184</swisstopo:routepoint_id>
				</extensions>
			</trkpt>
			<trkpt lat="47.0009078368" lon="8.7619897804">
				<ele>1593.0</ele>
				<extensions>
					<swisstopo:routepoint_id>1054014641</swisstopo:routepoint_id>
				</extensions>
			</trkpt>
			<trkpt lat="47.0008614397" lon="8.7621787084">
				<ele>1593.8</ele>
				<extensions>
					<swisstopo:routepoint_id>801328254</swisstopo:routepoint_id>
				</extensions>
			</trkpt>
			<trkpt lat="47.0008307597" lon="8.7622684353">
				<ele>1594.0</ele>
				<extensions>
					<swisstopo:routepoint_id>1711185954</swisstopo:routepoint_id>
				</extensions>
			</trkpt>
			<trkpt lat="47.0008011864" lon="8.7623520895">
				<ele>1594.5</ele>
				<extensions>
					<swisstopo:routepoint_id>1517663739</swisstopo:routepoint_id>
				</extensions>
			</trkpt>
			<trkpt lat="47.0007441373" lon="8.7624723455">
				<ele>1595.5</ele>
				<extensions>
					<swisstopo:routepoint_id>770562507</swisstopo:routepoint_id>
				</extensions>
			</trkpt>
			<trkpt lat="47.0007068104" lon="8.7625520070">
				<ele>1596.1</ele>
				<extensions>
					<swisstopo:routepoint_id>1261039250</swisstopo:routepoint_id>
				</extensions>
			</trkpt>
			<trkpt lat="47.0006674738" lon="8.7626255575">
				<ele>1596.8</ele>
				<extensions>
					<swisstopo:routepoint_id>487274123</swisstopo:routepoint_id>
				</extensions>
			</trkpt>
			<trkpt lat="47.0006270942" lon="8.7626983116">
				<ele>1597.5</ele>
				<extensions>
					<swisstopo:routepoint_id>82314913</swisstopo:routepoint_id>
				</extensions>
			</trkpt>
			<trkpt lat="47.0006147830" lon="8.7627291749">
				<ele>1597.7</ele>
				<extensions>
					<swisstopo:routepoint_id>1706287793</swisstopo:routepoint_id>
				</extensions>
			</trkpt>
			<trkpt lat="47.0006127876" lon="8.7627663926">
				<ele>1598.0</ele>
				<extensions>
					<swisstopo:routepoint_id>1760304695</swisstopo:routepoint_id>
				</extensions>
			</trkpt>
			<trkpt lat="47.0006168598" lon="8.7628189389">
				<ele>1598.3</ele>
				<extensions>
					<swisstopo:routepoint_id>88395996</swisstopo:routepoint_id>
				</extensions>
			</trkpt>
			<trkpt lat="47.0006373503" lon="8.7628916670">
				<ele>1598.1</ele>
				<extensions>
					<swisstopo:routepoint_id>1851055155</swisstopo:routepoint_id>
				</extensions>
			</trkpt>
			<trkpt lat="47.0006498911" lon="8.7629315293">
				<ele>1597.8</ele>
				<extensions>
					<swisstopo:routepoint_id>1430530760</swisstopo:routepoint_id>
				</extensions>
			</trkpt>
			<trkpt lat="47.0006752361" lon="8.7629899431">
				<ele>1597.1</ele>
				<extensions>
					<swisstopo:routepoint_id>9795876</swisstopo:routepoint_id>
				</extensions>
			</trkpt>
			<trkpt lat="47.0006941020" lon="8.7630334802">
				<ele>1596.7</ele>
				<extensions>
					<swisstopo:routepoint_id>903484659</swisstopo:routepoint_id>
				</extensions>
			</trkpt>
			<trkpt lat="47.0007023136" lon="8.7630609589">
				<ele>1596.7</ele>
				<extensions>
					<swisstopo:routepoint_id>373023636</swisstopo:routepoint_id>
				</extensions>
			</trkpt>
			<trkpt lat="47.0006992751" lon="8.7630935921">
				<ele>1596.8</ele>
				<extensions>
					<swisstopo:routepoint_id>1364128544</swisstopo:routepoint_id>
				</extensions>
			</trkpt>
			<trkpt lat="47.0006822955" lon="8.7631328927">
				<ele>1597.0</ele>
				<extensions>
					<swisstopo:routepoint_id>2107955129</swisstopo:routepoint_id>
				</extensions>
			</trkpt>
			<trkpt lat="47.0006585764" lon="8.7631564755">
				<ele>1597.3</ele>
				<extensions>
					<swisstopo:routepoint_id>867705237</swisstopo:routepoint_id>
				</extensions>
			</trkpt>
			<trkpt lat="47.0006343308" lon="8.7631792363">
				<ele>1597.6</ele>
				<extensions>
					<swisstopo:routepoint_id>1226290728</swisstopo:routepoint_id>
				</extensions>
			</trkpt>
			<trkpt lat="47.0005968687" lon="8.7631931052">
				<ele>1597.8</ele>
				<extensions>
					<swisstopo:routepoint_id>600479083</swisstopo:routepoint_id>
				</extensions>
			</trkpt>
			<trkpt lat="47.0005275884" lon="8.7631921782">
				<ele>1598.5</ele>
				<extensions>
					<swisstopo:routepoint_id>1669775497</swisstopo:routepoint_id>
				</extensions>
			</trkpt>
			<trkpt lat="47.0004659222" lon="8.7631869575">
				<ele>1599.1</ele>
				<extensions>
					<swisstopo:routepoint_id>1736408940</swisstopo:routepoint_id>
				</extensions>
			</trkpt>
			<trkpt lat="47.0004643008" lon="8.7633274451">
				<ele>1600.8</ele>
				<extensions>
					<swisstopo:routepoint_id>619036544</swisstopo:routepoint_id>
				</extensions>
			</trkpt>
			<trkpt lat="47.0005017898" lon="8.7636181839">
				<ele>1603.3</ele>
				<extensions>
					<swisstopo:routepoint_id>345279934</swisstopo:routepoint_id>
				</extensions>
			</trkpt>
			<trkpt lat="47.0005401685" lon="8.7638318172">
				<ele>1605.0</ele>
				<extensions>
					<swisstopo:routepoint_id>2127954896</swisstopo:routepoint_id>
				</extensions>
			</trkpt>
			<trkpt lat="47.0005964308" lon="8.7641180510">
				<ele>1605.5</ele>
				<extensions>
					<swisstopo:routepoint_id>767021170</swisstopo:routepoint_id>
				</extensions>
			</trkpt>
			<trkpt lat="47.0006328288" lon="8.7642085088">
				<ele>1605.4</ele>
				<extensions>
					<swisstopo:routepoint_id>1633370053</swisstopo:routepoint_id>
				</extensions>
			</trkpt>
			<trkpt lat="47.0006791864" lon="8.7642469597">
				<ele>1604.6</ele>
				<extensions>
					<swisstopo:routepoint_id>765714011</swisstopo:routepoint_id>
				</extensions>
			</trkpt>
			<trkpt lat="47.0006984739" lon="8.7642710652">
				<ele>1604.2</ele>
				<extensions>
					<swisstopo:routepoint_id>304273474</swisstopo:routepoint_id>
				</extensions>
			</trkpt>
			<trkpt lat="47.0007013957" lon="8.7643134255">
				<ele>1604.1</ele>
				<extensions>
					<swisstopo:routepoint_id>864786910</swisstopo:routepoint_id>
				</extensions>
			</trkpt>
			<trkpt lat="47.0006939345" lon="8.7643704644">
				<ele>1604.0</ele>
				<extensions>
					<swisstopo:routepoint_id>484695083</swisstopo:routepoint_id>
				</extensions>
			</trkpt>
			<trkpt lat="47.0006682074" lon="8.7644606204">
				<ele>1602.8</ele>
				<extensions>
					<swisstopo:routepoint_id>1188958174</swisstopo:routepoint_id>
				</extensions>
			</trkpt>
			<trkpt lat="47.0006571086" lon="8.7645374612">
				<ele>1602.1</ele>
				<extensions>
					<swisstopo:routepoint_id>1263236288</swisstopo:routepoint_id>
				</extensions>
			</trkpt>
			<trkpt lat="47.0006665269" lon="8.7646061024">
				<ele>1602.5</ele>
				<extensions>
					<swisstopo:routepoint_id>298936603</swisstopo:routepoint_id>
				</extensions>
			</trkpt>
			<trkpt lat="47.0006777540" lon="8.7646660815">
				<ele>1603.2</ele>
				<extensions>
					<swisstopo:routepoint_id>1740543891</swisstopo:routepoint_id>
				</extensions>
			</trkpt>
			<trkpt lat="47.0006667843" lon="8.7647317275">
				<ele>1603.8</ele>
				<extensions>
					<swisstopo:routepoint_id>1069564983</swisstopo:routepoint_id>
				</extensions>
			</trkpt>
			<trkpt lat="47.0006571769" lon="8.7647526533">
				<ele>1604.0</ele>
				<extensions>
					<swisstopo:routepoint_id>417243034</swisstopo:routepoint_id>
				</extensions>
			</trkpt>
			<trkpt lat="47.0006507932" lon="8.7647898010">
				<ele>1604.1</ele>
				<extensions>
					<swisstopo:routepoint_id>603114182</swisstopo:routepoint_id>
				</extensions>
			</trkpt>
			<trkpt lat="47.0006519180" lon="8.7648395909">
				<ele>1603.9</ele>
				<extensions>
					<swisstopo:routepoint_id>2093982574</swisstopo:routepoint_id>
				</extensions>
			</trkpt>
			<trkpt lat="47.0006607262" lon="8.7648870665">
				<ele>1603.4</ele>
				<extensions>
					<swisstopo:routepoint_id>88032530</swisstopo:routepoint_id>
				</extensions>
			</trkpt>
			<trkpt lat="47.0006627342" lon="8.7649343611">
				<ele>1602.8</ele>
				<extensions>
					<swisstopo:routepoint_id>1396438199</swisstopo:routepoint_id>
				</extensions>
			</trkpt>
			<trkpt lat="47.0006568485" lon="8.7650013912">
				<ele>1602.4</ele>
				<extensions>
					<swisstopo:routepoint_id>2022093482</swisstopo:routepoint_id>
				</extensions>
			</trkpt>
			<trkpt lat="47.0006235498" lon="8.7651597682">
				<ele>1604.5</ele>
				<extensions>
					<swisstopo:routepoint_id>98122333</swisstopo:routepoint_id>
				</extensions>
			</trkpt>
			<trkpt lat="47.0006167324" lon="8.7651867342">
				<ele>1604.7</ele>
				<extensions>
					<swisstopo:routepoint_id>903234368</swisstopo:routepoint_id>
				</extensions>
			</trkpt>
			<trkpt lat="47.0006048071" lon="8.7652339412">
				<ele>1604.8</ele>
				<extensions>
					<swisstopo:routepoint_id>541045338</swisstopo:routepoint_id>
				</extensions>
			</trkpt>
			<trkpt lat="47.0005898778" lon="8.7652746146">
				<ele>1605.1</ele>
				<extensions>
					<swisstopo:routepoint_id>565172917</swisstopo:routepoint_id>
				</extensions>
			</trkpt>
			<trkpt lat="47.0005825965" lon="8.7653154769">
				<ele>1605.5</ele>
				<extensions>
					<swisstopo:routepoint_id>1732382249</swisstopo:routepoint_id>
				</extensions>
			</trkpt>
			<trkpt lat="47.0005854782" lon="8.7653603277">
				<ele>1605.8</ele>
				<extensions>
					<swisstopo:routepoint_id>1251002397</swisstopo:routepoint_id>
				</extensions>
			</trkpt>
			<trkpt lat="47.0006032035" lon="8.7654465878">
				<ele>1605.7</ele>
				<extensions>
					<swisstopo:routepoint_id>467724231</swisstopo:routepoint_id>
				</extensions>
			</trkpt>
			<trkpt lat="47.0006206042" lon="8.7654868277">
				<ele>1605.0</ele>
				<extensions>
					<swisstopo:routepoint_id>978259209</swisstopo:routepoint_id>
				</extensions>
			</trkpt>
			<trkpt lat="47.0006525372" lon="8.7655224444">
				<ele>1604.3</ele>
				<extensions>
					<swisstopo:routepoint_id>1851874740</swisstopo:routepoint_id>
				</extensions>
			</trkpt>
			<trkpt lat="47.0006726641" lon="8.7655478168">
				<ele>1603.8</ele>
				<extensions>
					<swisstopo:routepoint_id>417545127</swisstopo:routepoint_id>
				</extensions>
			</trkpt>
			<trkpt lat="47.0006688769" lon="8.7655813044">
				<ele>1604.2</ele>
				<extensions>
					<swisstopo:routepoint_id>964328948</swisstopo:routepoint_id>
				</extensions>
			</trkpt>
			<trkpt lat="47.0006726779" lon="8.7656199625">
				<ele>1604.9</ele>
				<extensions>
					<swisstopo:routepoint_id>526610605</swisstopo:routepoint_id>
				</extensions>
			</trkpt>
			<trkpt lat="47.0006967530" lon="8.7656727855">
				<ele>1606.6</ele>
				<extensions>
					<swisstopo:routepoint_id>1943205683</swisstopo:routepoint_id>
				</extensions>
			</trkpt>
			<trkpt lat="47.0007359269" lon="8.7657434087">
				<ele>1605.4</ele>
				<extensions>
					<swisstopo:routepoint_id>1767601862</swisstopo:routepoint_id>
				</extensions>
			</trkpt>
			<trkpt lat="47.0007560560" lon="8.7657687940">
				<ele>1605.1</ele>
				<extensions>
					<swisstopo:routepoint_id>5727190</swisstopo:routepoint_id>
				</extensions>
			</trkpt>
			<trkpt lat="47.0007890621" lon="8.7657845325">
				<ele>1605.8</ele>
				<extensions>
					<swisstopo:routepoint_id>2069670128</swisstopo:routepoint_id>
				</extensions>
			</trkpt>
			<trkpt lat="47.0007970246" lon="8.7658319876">
				<ele>1604.1</ele>
				<extensions>
					<swisstopo:routepoint_id>112691305</swisstopo:routepoint_id>
				</extensions>
			</trkpt>
			<trkpt lat="47.0007991615" lon="8.7658681003">
				<ele>1603.8</ele>
				<extensions>
					<swisstopo:routepoint_id>1149454131</swisstopo:routepoint_id>
				</extensions>
			</trkpt>
			<trkpt lat="47.0007801335" lon="8.7658937629">
				<ele>1604.4</ele>
				<extensions>
					<swisstopo:routepoint_id>797884057</swisstopo:routepoint_id>
				</extensions>
			</trkpt>
			<trkpt lat="47.0007484389" lon="8.7659116252">
				<ele>1604.6</ele>
				<extensions>
					<swisstopo:routepoint_id>658590385</swisstopo:routepoint_id>
				</extensions>
			</trkpt>
			<trkpt lat="47.0007097567" lon="8.7659454953">
				<ele>1605.8</ele>
				<extensions>
					<swisstopo:routepoint_id>1189144</swisstopo:routepoint_id>
				</extensions>
			</trkpt>
			<trkpt lat="47.0006490896" lon="8.7659676492">
				<ele>1607.4</ele>
				<extensions>
					<swisstopo:routepoint_id>1515389852</swisstopo:routepoint_id>
				</extensions>
			</trkpt>
			<trkpt lat="47.0006022006" lon="8.7659751961">
				<ele>1608.1</ele>
				<extensions>
					<swisstopo:routepoint_id>1877844652</swisstopo:routepoint_id>
				</extensions>
			</trkpt>
			<trkpt lat="47.0005661522" lon="8.7660016444">
				<ele>1608.5</ele>
				<extensions>
					<swisstopo:routepoint_id>601412262</swisstopo:routepoint_id>
				</extensions>
			</trkpt>
			<trkpt lat="47.0005512248" lon="8.7660423176">
				<ele>1608.8</ele>
				<extensions>
					<swisstopo:routepoint_id>538088597</swisstopo:routepoint_id>
				</extensions>
			</trkpt>
			<trkpt lat="47.0005497233" lon="8.7660982706">
				<ele>1609.2</ele>
				<extensions>
					<swisstopo:routepoint_id>1105014379</swisstopo:routepoint_id>
				</extensions>
			</trkpt>
			<trkpt lat="47.0005583850" lon="8.7661581737">
				<ele>1609.8</ele>
				<extensions>
					<swisstopo:routepoint_id>1134180393</swisstopo:routepoint_id>
				</extensions>
			</trkpt>
			<trkpt lat="47.0005652973" lon="8.7662964198">
				<ele>1611.3</ele>
				<extensions>
					<swisstopo:routepoint_id>1420905119</swisstopo:routepoint_id>
				</extensions>
			</trkpt>
			<trkpt lat="47.0005738747" lon="8.7663637948">
				<ele>1611.7</ele>
				<extensions>
					<swisstopo:routepoint_id>1595204781</swisstopo:routepoint_id>
				</extensions>
			</trkpt>
			<trkpt lat="47.0005844194" lon="8.7664088349">
				<ele>1612.2</ele>
				<extensions>
					<swisstopo:routepoint_id>958649225</swisstopo:routepoint_id>
				</extensions>
			</trkpt>
			<trkpt lat="47.0005576672" lon="8.7664405086">
				<ele>1612.0</ele>
				<extensions>
					<swisstopo:routepoint_id>2002390366</swisstopo:routepoint_id>
				</extensions>
			</trkpt>
			<trkpt lat="47.0005247042" lon="8.7664956575">
				<ele>1612.7</ele>
				<extensions>
					<swisstopo:routepoint_id>55956015</swisstopo:routepoint_id>
				</extensions>
			</trkpt>
			<trkpt lat="47.0004968741" lon="8.7665472090">
				<ele>1613.5</ele>
				<extensions>
					<swisstopo:routepoint_id>257210718</swisstopo:routepoint_id>
				</extensions>
			</trkpt>
			<trkpt lat="47.0004505968" lon="8.7665759210">
				<ele>1613.2</ele>
				<extensions>
					<swisstopo:routepoint_id>1379837753</swisstopo:routepoint_id>
				</extensions>
			</trkpt>
			<trkpt lat="47.0004093375" lon="8.7666109723">
				<ele>1613.4</ele>
				<extensions>
					<swisstopo:routepoint_id>493797623</swisstopo:routepoint_id>
				</extensions>
			</trkpt>
			<trkpt lat="47.0003608174" lon="8.7666856405">
				<ele>1613.9</ele>
				<extensions>
					<swisstopo:routepoint_id>1614826687</swisstopo:routepoint_id>
				</extensions>
			</trkpt>
			<trkpt lat="47.0003337864" lon="8.7667421687">
				<ele>1614.1</ele>
				<extensions>
					<swisstopo:routepoint_id>548626294</swisstopo:routepoint_id>
				</extensions>
			</trkpt>
			<trkpt lat="47.0003332251" lon="8.7667906709">
				<ele>1615.1</ele>
				<extensions>
					<swisstopo:routepoint_id>232707583</swisstopo:routepoint_id>
				</extensions>
			</trkpt>
			<trkpt lat="47.0003053317" lon="8.7668484489">
				<ele>1616.2</ele>
				<extensions>
					<swisstopo:routepoint_id>1898467587</swisstopo:routepoint_id>
				</extensions>
			</trkpt>
			<trkpt lat="47.0002933194" lon="8.7669302489">
				<ele>1617.9</ele>
				<extensions>
					<swisstopo:routepoint_id>608952106</swisstopo:routepoint_id>
				</extensions>
			</trkpt>
			<trkpt lat="47.0002749441" lon="8.7669733146">
				<ele>1618.8</ele>
				<extensions>
					<swisstopo:routepoint_id>325602266</swisstopo:routepoint_id>
				</extensions>
			</trkpt>
			<trkpt lat="47.0002482004" lon="8.7670050008">
				<ele>1618.0</ele>
				<extensions>
					<swisstopo:routepoint_id>327885324</swisstopo:routepoint_id>
				</extensions>
			</trkpt>
			<trkpt lat="47.0001999071" lon="8.7670610023">
				<ele>1618.1</ele>
				<extensions>
					<swisstopo:routepoint_id>502168062</swisstopo:routepoint_id>
				</extensions>
			</trkpt>
			<trkpt lat="47.0001508060" lon="8.7671120266">
				<ele>1617.7</ele>
				<extensions>
					<swisstopo:routepoint_id>523644324</swisstopo:routepoint_id>
				</extensions>
			</trkpt>
			<trkpt lat="47.0000997603" lon="8.7671841660">
				<ele>1616.6</ele>
				<extensions>
					<swisstopo:routepoint_id>1459711836</swisstopo:routepoint_id>
				</extensions>
			</trkpt>
			<trkpt lat="47.0000631447" lon="8.7672603480">
				<ele>1616.8</ele>
				<extensions>
					<swisstopo:routepoint_id>621447771</swisstopo:routepoint_id>
				</extensions>
			</trkpt>
			<trkpt lat="47.0000375389" lon="8.7673405779">
				<ele>1617.1</ele>
				<extensions>
					<swisstopo:routepoint_id>234372967</swisstopo:routepoint_id>
				</extensions>
			</trkpt>
			<trkpt lat="47.0000076348" lon="8.7674243998">
				<ele>1617.2</ele>
				<extensions>
					<swisstopo:routepoint_id>505867920</swisstopo:routepoint_id>
				</extensions>
			</trkpt>
			<trkpt lat="46.9999837862" lon="8.7674996906">
				<ele>1617.0</ele>
				<extensions>
					<swisstopo:routepoint_id>1491270751</swisstopo:routepoint_id>
				</extensions>
			</trkpt>
			<trkpt lat="46.9999460545" lon="8.7675982661">
				<ele>1616.9</ele>
				<extensions>
					<swisstopo:routepoint_id>1429614941</swisstopo:routepoint_id>
				</extensions>
			</trkpt>
			<trkpt lat="46.9999163193" lon="8.7676684284">
				<ele>1617.7</ele>
				<extensions>
					<swisstopo:routepoint_id>50299916</swisstopo:routepoint_id>
				</extensions>
			</trkpt>
			<trkpt lat="46.9998501285" lon="8.7677252440">
				<ele>1619.3</ele>
				<extensions>
					<swisstopo:routepoint_id>762681037</swisstopo:routepoint_id>
				</extensions>
			</trkpt>
			<trkpt lat="46.9997779814" lon="8.7677831449">
				<ele>1619.0</ele>
				<extensions>
					<swisstopo:routepoint_id>1308698173</swisstopo:routepoint_id>
				</extensions>
			</trkpt>
			<trkpt lat="46.9997071612" lon="8.7678000622">
				<ele>1618.0</ele>
				<extensions>
					<swisstopo:routepoint_id>1854322091</swisstopo:routepoint_id>
				</extensions>
			</trkpt>
			<trkpt lat="46.9996754805" lon="8.7678166906">
				<ele>1617.2</ele>
				<extensions>
					<swisstopo:routepoint_id>965308847</swisstopo:routepoint_id>
				</extensions>
			</trkpt>
			<trkpt lat="46.9996556155" lon="8.7678423182">
				<ele>1617.2</ele>
				<extensions>
					<swisstopo:routepoint_id>1525157977</swisstopo:routepoint_id>
				</extensions>
			</trkpt>
			<trkpt lat="46.9995730330" lon="8.7679186316">
				<ele>1618.9</ele>
				<extensions>
					<swisstopo:routepoint_id>1064441241</swisstopo:routepoint_id>
				</extensions>
			</trkpt>
			<trkpt lat="46.9994333695" lon="8.7680009917">
				<ele>1621.8</ele>
				<extensions>
					<swisstopo:routepoint_id>1733945233</swisstopo:routepoint_id>
				</extensions>
			</trkpt>
			<trkpt lat="46.9994066201" lon="8.7680339096">
				<ele>1622.0</ele>
				<extensions>
					<swisstopo:routepoint_id>1425923958</swisstopo:routepoint_id>
				</extensions>
			</trkpt>
			<trkpt lat="46.9993750691" lon="8.7680393303">
				<ele>1621.9</ele>
				<extensions>
					<swisstopo:routepoint_id>303673890</swisstopo:routepoint_id>
				</extensions>
			</trkpt>
			<trkpt lat="46.9993314514" lon="8.7680581669">
				<ele>1622.2</ele>
				<extensions>
					<swisstopo:routepoint_id>1461232026</swisstopo:routepoint_id>
				</extensions>
			</trkpt>
			<trkpt lat="46.9992978695" lon="8.7680921611">
				<ele>1622.3</ele>
				<extensions>
					<swisstopo:routepoint_id>1878096976</swisstopo:routepoint_id>
				</extensions>
			</trkpt>
			<trkpt lat="46.9992661602" lon="8.7681112541">
				<ele>1622.9</ele>
				<extensions>
					<swisstopo:routepoint_id>1792513756</swisstopo:routepoint_id>
				</extensions>
			</trkpt>
			<trkpt lat="46.9992486614" lon="8.7681531332">
				<ele>1623.8</ele>
				<extensions>
					<swisstopo:routepoint_id>1214079529</swisstopo:routepoint_id>
				</extensions>
			</trkpt>
			<trkpt lat="46.9992003443" lon="8.7682103776">
				<ele>1624.3</ele>
				<extensions>
					<swisstopo:routepoint_id>2103985233</swisstopo:routepoint_id>
				</extensions>
			</trkpt>
			<trkpt lat="46.9991673139" lon="8.7682705174">
				<ele>1624.5</ele>
				<extensions>
					<swisstopo:routepoint_id>1846191927</swisstopo:routepoint_id>
				</extensions>
			</trkpt>
			<trkpt lat="46.9991530617" lon="8.7683248818">
				<ele>1625.1</ele>
				<extensions>
					<swisstopo:routepoint_id>825780063</swisstopo:routepoint_id>
				</extensions>
			</trkpt>
			<trkpt lat="46.9991251122" lon="8.7683876261">
				<ele>1625.6</ele>
				<extensions>
					<swisstopo:routepoint_id>702673788</swisstopo:routepoint_id>
				</extensions>
			</trkpt>
			<trkpt lat="46.9991024976" lon="8.7684293397">
				<ele>1625.9</ele>
				<extensions>
					<swisstopo:routepoint_id>1783755244</swisstopo:routepoint_id>
				</extensions>
			</trkpt>
			<trkpt lat="46.9990756160" lon="8.7684734516">
				<ele>1625.7</ele>
				<extensions>
					<swisstopo:routepoint_id>2053932046</swisstopo:routepoint_id>
				</extensions>
			</trkpt>
			<trkpt lat="46.9990545654" lon="8.7685276603">
				<ele>1625.8</ele>
				<extensions>
					<swisstopo:routepoint_id>1144330933</swisstopo:routepoint_id>
				</extensions>
			</trkpt>
			<trkpt lat="46.9990437663" lon="8.7685783860">
				<ele>1626.2</ele>
				<extensions>
					<swisstopo:routepoint_id>1239212277</swisstopo:routepoint_id>
				</extensions>
			</trkpt>
			<trkpt lat="46.9990275862" lon="8.7686526064">
				<ele>1627.3</ele>
				<extensions>
					<swisstopo:routepoint_id>1053435735</swisstopo:routepoint_id>
				</extensions>
			</trkpt>
			<trkpt lat="46.9990091563" lon="8.7687740534">
				<ele>1628.8</ele>
				<extensions>
					<swisstopo:routepoint_id>201944285</swisstopo:routepoint_id>
				</extensions>
			</trkpt>
			<trkpt lat="46.9990082629" lon="8.7688511443">
				<ele>1628.3</ele>
				<extensions>
					<swisstopo:routepoint_id>2138040448</swisstopo:routepoint_id>
				</extensions>
			</trkpt>
			<trkpt lat="46.9990200075" lon="8.7689384875">
				<ele>1627.9</ele>
				<extensions>
					<swisstopo:routepoint_id>1275814528</swisstopo:routepoint_id>
				</extensions>
			</trkpt>
			<trkpt lat="46.9990242379" lon="8.7690144724">
				<ele>1627.3</ele>
				<extensions>
					<swisstopo:routepoint_id>141137488</swisstopo:routepoint_id>
				</extensions>
			</trkpt>
			<trkpt lat="46.9990294127" lon="8.7690817487">
				<ele>1627.2</ele>
				<extensions>
					<swisstopo:routepoint_id>2052428807</swisstopo:routepoint_id>
				</extensions>
			</trkpt>
			<trkpt lat="46.9990257288" lon="8.7691799329">
				<ele>1628.5</ele>
				<extensions>
					<swisstopo:routepoint_id>729706911</swisstopo:routepoint_id>
				</extensions>
			</trkpt>
			<trkpt lat="46.9990053735" lon="8.7692478345">
				<ele>1628.1</ele>
				<extensions>
					<swisstopo:routepoint_id>975463787</swisstopo:routepoint_id>
				</extensions>
			</trkpt>
			<trkpt lat="46.9989902112" lon="8.7693071583">
				<ele>1628.0</ele>
				<extensions>
					<swisstopo:routepoint_id>1779427187</swisstopo:routepoint_id>
				</extensions>
			</trkpt>
			<trkpt lat="46.9989929703" lon="8.7693632026">
				<ele>1628.8</ele>
				<extensions>
					<swisstopo:routepoint_id>1356162514</swisstopo:routepoint_id>
				</extensions>
			</trkpt>
			<trkpt lat="46.9989959106" lon="8.7694030583">
				<ele>1629.8</ele>
				<extensions>
					<swisstopo:routepoint_id>1859563615</swisstopo:routepoint_id>
				</extensions>
			</trkpt>
			<trkpt lat="46.9989717181" lon="8.7695069363">
				<ele>1630.8</ele>
				<extensions>
					<swisstopo:routepoint_id>38570366</swisstopo:routepoint_id>
				</extensions>
			</trkpt>
			<trkpt lat="46.9989575950" lon="8.7696247528">
				<ele>1631.0</ele>
				<extensions>
					<swisstopo:routepoint_id>653562053</swisstopo:routepoint_id>
				</extensions>
			</trkpt>
			<trkpt lat="46.9989557979" lon="8.7697068033">
				<ele>1630.9</ele>
				<extensions>
					<swisstopo:routepoint_id>2005694316</swisstopo:routepoint_id>
				</extensions>
			</trkpt>
			<trkpt lat="46.9989331574" lon="8.7698243829">
				<ele>1630.4</ele>
				<extensions>
					<swisstopo:routepoint_id>1098968588</swisstopo:routepoint_id>
				</extensions>
			</trkpt>
			<trkpt lat="46.9989124555" lon="8.7699221318">
				<ele>1630.6</ele>
				<extensions>
					<swisstopo:routepoint_id>839407333</swisstopo:routepoint_id>
				</extensions>
			</trkpt>
			<trkpt lat="46.9988892631" lon="8.7700136036">
				<ele>1631.3</ele>
				<extensions>
					<swisstopo:routepoint_id>293161593</swisstopo:routepoint_id>
				</extensions>
			</trkpt>
			<trkpt lat="46.9988706235" lon="8.7700803018">
				<ele>1632.4</ele>
				<extensions>
					<swisstopo:routepoint_id>1726616272</swisstopo:routepoint_id>
				</extensions>
			</trkpt>
			<trkpt lat="46.9988683015" lon="8.7701337287">
				<ele>1633.0</ele>
				<extensions>
					<swisstopo:routepoint_id>1532741891</swisstopo:routepoint_id>
				</extensions>
			</trkpt>
			<trkpt lat="46.9988680904" lon="8.7702257577">
				<ele>1633.9</ele>
				<extensions>
					<swisstopo:routepoint_id>669750374</swisstopo:routepoint_id>
				</extensions>
			</trkpt>
			<trkpt lat="46.9988766922" lon="8.7702906534">
				<ele>1634.6</ele>
				<extensions>
					<swisstopo:routepoint_id>915151284</swisstopo:routepoint_id>
				</extensions>
			</trkpt>
			<trkpt lat="46.9988759566" lon="8.7703540589">
				<ele>1634.9</ele>
				<extensions>
					<swisstopo:routepoint_id>1812389076</swisstopo:routepoint_id>
				</extensions>
			</trkpt>
			<trkpt lat="46.9988557470" lon="8.7704095329">
				<ele>1635.0</ele>
				<extensions>
					<swisstopo:routepoint_id>912280487</swisstopo:routepoint_id>
				</extensions>
			</trkpt>
			<trkpt lat="46.9988364386" lon="8.7704600341">
				<ele>1634.8</ele>
				<extensions>
					<swisstopo:routepoint_id>958097499</swisstopo:routepoint_id>
				</extensions>
			</trkpt>
			<trkpt lat="46.9988295801" lon="8.7705369894">
				<ele>1635.3</ele>
				<extensions>
					<swisstopo:routepoint_id>347727798</swisstopo:routepoint_id>
				</extensions>
			</trkpt>
			<trkpt lat="46.9988125475" lon="8.7706124334">
				<ele>1636.0</ele>
				<extensions>
					<swisstopo:routepoint_id>1112030577</swisstopo:routepoint_id>
				</extensions>
			</trkpt>
			<trkpt lat="46.9987937145" lon="8.7706940611">
				<ele>1637.0</ele>
				<extensions>
					<swisstopo:routepoint_id>253184812</swisstopo:routepoint_id>
				</extensions>
			</trkpt>
			<trkpt lat="46.9987696130" lon="8.7707917123">
				<ele>1637.6</ele>
				<extensions>
					<swisstopo:routepoint_id>1084170401</swisstopo:routepoint_id>
				</extensions>
			</trkpt>
			<trkpt lat="46.9987532992" lon="8.7708771262">
				<ele>1638.7</ele>
				<extensions>
					<swisstopo:routepoint_id>1475077967</swisstopo:routepoint_id>
				</extensions>
			</trkpt>
			<trkpt lat="46.9987485496" lon="8.7709205277">
				<ele>1638.7</ele>
				<extensions>
					<swisstopo:routepoint_id>1447374448</swisstopo:routepoint_id>
				</extensions>
			</trkpt>
			<trkpt lat="46.9987357036" lon="8.7710010581">
				<ele>1639.0</ele>
				<extensions>
					<swisstopo:routepoint_id>29346173</swisstopo:routepoint_id>
				</extensions>
			</trkpt>
			<trkpt lat="46.9987417823" lon="8.7710633999">
				<ele>1639.6</ele>
				<extensions>
					<swisstopo:routepoint_id>1033558908</swisstopo:routepoint_id>
				</extensions>
			</trkpt>
			<trkpt lat="46.9987543013" lon="8.7711582489">
				<ele>1640.4</ele>
				<extensions>
					<swisstopo:routepoint_id>848347563</swisstopo:routepoint_id>
				</extensions>
			</trkpt>
			<trkpt lat="46.9987458384" lon="8.7712276775">
				<ele>1641.1</ele>
				<extensions>
					<swisstopo:routepoint_id>40299024</swisstopo:routepoint_id>
				</extensions>
			</trkpt>
			<trkpt lat="46.9987213931" lon="8.7712805549">
				<ele>1641.3</ele>
				<extensions>
					<swisstopo:routepoint_id>1731201061</swisstopo:routepoint_id>
				</extensions>
			</trkpt>
			<trkpt lat="46.9987122779" lon="8.7713325673">
				<ele>1641.5</ele>
				<extensions>
					<swisstopo:routepoint_id>86605440</swisstopo:routepoint_id>
				</extensions>
			</trkpt>
			<trkpt lat="46.9986847969" lon="8.7714276428">
				<ele>1641.3</ele>
				<extensions>
					<swisstopo:routepoint_id>383963525</swisstopo:routepoint_id>
				</extensions>
			</trkpt>
			<trkpt lat="46.9986609811" lon="8.7715004523">
				<ele>1641.5</ele>
				<extensions>
					<swisstopo:routepoint_id>773561609</swisstopo:routepoint_id>
				</extensions>
			</trkpt>
			<trkpt lat="46.9986556506" lon="8.7715923413">
				<ele>1642.5</ele>
				<extensions>
					<swisstopo:routepoint_id>684892</swisstopo:routepoint_id>
				</extensions>
			</trkpt>
			<trkpt lat="46.9986445615" lon="8.7716679325">
				<ele>1643.0</ele>
				<extensions>
					<swisstopo:routepoint_id>375014291</swisstopo:routepoint_id>
				</extensions>
			</trkpt>
			<trkpt lat="46.9986469438" lon="8.7717563146">
				<ele>1643.5</ele>
				<extensions>
					<swisstopo:routepoint_id>751200772</swisstopo:routepoint_id>
				</extensions>
			</trkpt>
			<trkpt lat="46.9986455841" lon="8.7717998129">
				<ele>1643.7</ele>
				<extensions>
					<swisstopo:routepoint_id>100218860</swisstopo:routepoint_id>
				</extensions>
			</trkpt>
			<trkpt lat="46.9986205753" lon="8.7719011777">
				<ele>1644.0</ele>
				<extensions>
					<swisstopo:routepoint_id>652032443</swisstopo:routepoint_id>
				</extensions>
			</trkpt>
			<trkpt lat="46.9986200265" lon="8.7719484203">
				<ele>1644.4</ele>
				<extensions>
					<swisstopo:routepoint_id>1143225336</swisstopo:routepoint_id>
				</extensions>
			</trkpt>
			<trkpt lat="46.9986310619" lon="8.7720245741">
				<ele>1645.0</ele>
				<extensions>
					<swisstopo:routepoint_id>2119697117</swisstopo:routepoint_id>
				</extensions>
			</trkpt>
			<trkpt lat="46.9986310062" lon="8.7721029177">
				<ele>1645.8</ele>
				<extensions>
					<swisstopo:routepoint_id>1229176230</swisstopo:routepoint_id>
				</extensions>
			</trkpt>
			<trkpt lat="46.9986123312" lon="8.7721708597">
				<ele>1646.1</ele>
				<extensions>
					<swisstopo:routepoint_id>1750182227</swisstopo:routepoint_id>
				</extensions>
			</trkpt>
			<trkpt lat="46.9985910645" lon="8.7722437065">
				<ele>1646.3</ele>
				<extensions>
					<swisstopo:routepoint_id>732244391</swisstopo:routepoint_id>
				</extensions>
			</trkpt>
			<trkpt lat="46.9985846632" lon="8.7723554855">
				<ele>1646.7</ele>
				<extensions>
					<swisstopo:routepoint_id>709695747</swisstopo:routepoint_id>
				</extensions>
			</trkpt>
			<trkpt lat="46.9985659046" lon="8.7724321316">
				<ele>1648.0</ele>
				<extensions>
					<swisstopo:routepoint_id>1631705591</swisstopo:routepoint_id>
				</extensions>
			</trkpt>
			<trkpt lat="46.9985567996" lon="8.7724841567">
				<ele>1648.5</ele>
				<extensions>
					<swisstopo:routepoint_id>808901243</swisstopo:routepoint_id>
				</extensions>
			</trkpt>
			<trkpt lat="46.9985527539" lon="8.7725387731">
				<ele>1648.9</ele>
				<extensions>
					<swisstopo:routepoint_id>575666254</swisstopo:routepoint_id>
				</extensions>
			</trkpt>
			<trkpt lat="46.9985647431" lon="8.7726103149">
				<ele>1649.3</ele>
				<extensions>
					<swisstopo:routepoint_id>837842919</swisstopo:routepoint_id>
				</extensions>
			</trkpt>
			<trkpt lat="46.9985735379" lon="8.7726624511">
				<ele>1649.6</ele>
				<extensions>
					<swisstopo:routepoint_id>1479790918</swisstopo:routepoint_id>
				</extensions>
			</trkpt>
			<trkpt lat="46.9985619494" lon="8.7727044109">
				<ele>1649.9</ele>
				<extensions>
					<swisstopo:routepoint_id>599727527</swisstopo:routepoint_id>
				</extensions>
			</trkpt>
			<trkpt lat="46.9985339622" lon="8.7727592154">
				<ele>1650.5</ele>
				<extensions>
					<swisstopo:routepoint_id>655639812</swisstopo:routepoint_id>
				</extensions>
			</trkpt>
			<trkpt lat="46.9984697423" lon="8.7728444645">
				<ele>1650.9</ele>
				<extensions>
					<swisstopo:routepoint_id>816381785</swisstopo:routepoint_id>
				</extensions>
			</trkpt>
			<trkpt lat="46.9984185657" lon="8.7729107373">
				<ele>1651.0</ele>
				<extensions>
					<swisstopo:routepoint_id>1433535754</swisstopo:routepoint_id>
				</extensions>
			</trkpt>
			<trkpt lat="46.9983904965" lon="8.7729538924">
				<ele>1651.4</ele>
				<extensions>
					<swisstopo:routepoint_id>1347964451</swisstopo:routepoint_id>
				</extensions>
			</trkpt>
			<trkpt lat="46.9983722311" lon="8.7729882509">
				<ele>1651.9</ele>
				<extensions>
					<swisstopo:routepoint_id>2061572507</swisstopo:routepoint_id>
				</extensions>
			</trkpt>
			<trkpt lat="46.9983334601" lon="8.7730295732">
				<ele>1652.3</ele>
				<extensions>
					<swisstopo:routepoint_id>2032099364</swisstopo:routepoint_id>
				</extensions>
			</trkpt>
			<trkpt lat="46.9983090226" lon="8.7730824622">
				<ele>1652.6</ele>
				<extensions>
					<swisstopo:routepoint_id>1166306619</swisstopo:routepoint_id>
				</extensions>
			</trkpt>
			<trkpt lat="46.9982913257" lon="8.7731404756">
				<ele>1652.9</ele>
				<extensions>
					<swisstopo:routepoint_id>1689358458</swisstopo:routepoint_id>
				</extensions>
			</trkpt>
			<trkpt lat="46.9982527661" lon="8.7732365197">
				<ele>1653.1</ele>
				<extensions>
					<swisstopo:routepoint_id>308161625</swisstopo:routepoint_id>
				</extensions>
			</trkpt>
			<trkpt lat="46.9982324142" lon="8.7733031732">
				<ele>1653.4</ele>
				<extensions>
					<swisstopo:routepoint_id>93676068</swisstopo:routepoint_id>
				</extensions>
			</trkpt>
			<trkpt lat="46.9982203337" lon="8.7733911951">
				<ele>1653.9</ele>
				<extensions>
					<swisstopo:routepoint_id>1440520278</swisstopo:routepoint_id>
				</extensions>
			</trkpt>
			<trkpt lat="46.9982058165" lon="8.7735425533">
				<ele>1654.4</ele>
				<extensions>
					<swisstopo:routepoint_id>1908633531</swisstopo:routepoint_id>
				</extensions>
			</trkpt>
			<trkpt lat="46.9981970828" lon="8.7736343823">
				<ele>1654.6</ele>
				<extensions>
					<swisstopo:routepoint_id>1141383505</swisstopo:routepoint_id>
				</extensions>
			</trkpt>
			<trkpt lat="46.9981692092" lon="8.7737630387">
				<ele>1654.2</ele>
				<extensions>
					<swisstopo:routepoint_id>1087289804</swisstopo:routepoint_id>
				</extensions>
			</trkpt>
			<trkpt lat="46.9981320426" lon="8.7738852486">
				<ele>1654.2</ele>
				<extensions>
					<swisstopo:routepoint_id>1047549130</swisstopo:routepoint_id>
				</extensions>
			</trkpt>
			<trkpt lat="46.9980917082" lon="8.7739874757">
				<ele>1653.9</ele>
				<extensions>
					<swisstopo:routepoint_id>1049463363</swisstopo:routepoint_id>
				</extensions>
			</trkpt>
			<trkpt lat="46.9980757504" lon="8.7740430406">
				<ele>1654.1</ele>
				<extensions>
					<swisstopo:routepoint_id>1138138056</swisstopo:routepoint_id>
				</extensions>
			</trkpt>
			<trkpt lat="46.9980285076" lon="8.7741538018">
				<ele>1654.2</ele>
				<extensions>
					<swisstopo:routepoint_id>1001042722</swisstopo:routepoint_id>
				</extensions>
			</trkpt>
			<trkpt lat="46.9979636974" lon="8.7743113939">
				<ele>1654.6</ele>
				<extensions>
					<swisstopo:routepoint_id>479336717</swisstopo:routepoint_id>
				</extensions>
			</trkpt>
			<trkpt lat="46.9979129317" lon="8.7744332516">
				<ele>1655.9</ele>
				<extensions>
					<swisstopo:routepoint_id>2092186385</swisstopo:routepoint_id>
				</extensions>
			</trkpt>
			<trkpt lat="46.9979002336" lon="8.7745000953">
				<ele>1656.5</ele>
				<extensions>
					<swisstopo:routepoint_id>1980991918</swisstopo:routepoint_id>
				</extensions>
			</trkpt>
			<trkpt lat="46.9978703044" lon="8.7745864253">
				<ele>1657.3</ele>
				<extensions>
					<swisstopo:routepoint_id>1547067621</swisstopo:routepoint_id>
				</extensions>
			</trkpt>
			<trkpt lat="46.9978524923" lon="8.7747277584">
				<ele>1658.9</ele>
				<extensions>
					<swisstopo:routepoint_id>277232052</swisstopo:routepoint_id>
				</extensions>
			</trkpt>
			<trkpt lat="46.9978401790" lon="8.7747622846">
				<ele>1659.4</ele>
				<extensions>
					<swisstopo:routepoint_id>1672695047</swisstopo:routepoint_id>
				</extensions>
			</trkpt>
			<trkpt lat="46.9978378478" lon="8.7748157049">
				<ele>1659.8</ele>
				<extensions>
					<swisstopo:routepoint_id>1785090691</swisstopo:routepoint_id>
				</extensions>
			</trkpt>
			<trkpt lat="46.9978301504" lon="8.7748926211">
				<ele>1660.5</ele>
				<extensions>
					<swisstopo:routepoint_id>813254657</swisstopo:routepoint_id>
				</extensions>
			</trkpt>
			<trkpt lat="46.9978219526" lon="8.7750118132">
				<ele>1661.4</ele>
				<extensions>
					<swisstopo:routepoint_id>265944352</swisstopo:routepoint_id>
				</extensions>
			</trkpt>
			<trkpt lat="46.9978121263" lon="8.7751247583">
				<ele>1662.0</ele>
				<extensions>
					<swisstopo:routepoint_id>1514894512</swisstopo:routepoint_id>
				</extensions>
			</trkpt>
			<trkpt lat="46.9977913394" lon="8.7752287121">
				<ele>1662.8</ele>
				<extensions>
					<swisstopo:routepoint_id>355427317</swisstopo:routepoint_id>
				</extensions>
			</trkpt>
			<trkpt lat="46.9977810151" lon="8.7753117823">
				<ele>1663.5</ele>
				<extensions>
					<swisstopo:routepoint_id>1053638697</swisstopo:routepoint_id>
				</extensions>
			</trkpt>
			<trkpt lat="46.9977680066" lon="8.7754059890">
				<ele>1664.3</ele>
				<extensions>
					<swisstopo:routepoint_id>1769337758</swisstopo:routepoint_id>
				</extensions>
			</trkpt>
			<trkpt lat="46.9977678674" lon="8.7754905490">
				<ele>1664.7</ele>
				<extensions>
					<swisstopo:routepoint_id>39587183</swisstopo:routepoint_id>
				</extensions>
			</trkpt>
			<trkpt lat="46.9977706386" lon="8.7756187320">
				<ele>1665.5</ele>
				<extensions>
					<swisstopo:routepoint_id>1167338025</swisstopo:routepoint_id>
				</extensions>
			</trkpt>
			<trkpt lat="46.9977860824" lon="8.7756800643">
				<ele>1666.0</ele>
				<extensions>
					<swisstopo:routepoint_id>269287522</swisstopo:routepoint_id>
				</extensions>
			</trkpt>
			<trkpt lat="46.9977927312" lon="8.7757672919">
				<ele>1666.5</ele>
				<extensions>
					<swisstopo:routepoint_id>1992766362</swisstopo:routepoint_id>
				</extensions>
			</trkpt>
			<trkpt lat="46.9977995885" lon="8.7758427954">
				<ele>1666.6</ele>
				<extensions>
					<swisstopo:routepoint_id>1758660689</swisstopo:routepoint_id>
				</extensions>
			</trkpt>
			<trkpt lat="46.9977691987" lon="8.7758358053">
				<ele>1666.3</ele>
				<extensions>
					<swisstopo:routepoint_id>2111556252</swisstopo:routepoint_id>
				</extensions>
			</trkpt>
			<trkpt lat="46.9977310945" lon="8.7758592478">
				<ele>1665.7</ele>
				<extensions>
					<swisstopo:routepoint_id>2135854151</swisstopo:routepoint_id>
				</extensions>
			</trkpt>
			<trkpt lat="46.9976946824" lon="8.7758965260">
				<ele>1665.1</ele>
				<extensions>
					<swisstopo:routepoint_id>890450521</swisstopo:routepoint_id>
				</extensions>
			</trkpt>
			<trkpt lat="46.9976645677" lon="8.7759492933">
				<ele>1664.5</ele>
				<extensions>
					<swisstopo:routepoint_id>1709913525</swisstopo:routepoint_id>
				</extensions>
			</trkpt>
			<trkpt lat="46.9976426382" lon="8.7760130206">
				<ele>1663.9</ele>
				<extensions>
					<swisstopo:routepoint_id>1345553205</swisstopo:routepoint_id>
				</extensions>
			</trkpt>
			<trkpt lat="46.9976270592" lon="8.7760876491">
				<ele>1663.3</ele>
				<extensions>
					<swisstopo:routepoint_id>1196420238</swisstopo:routepoint_id>
				</extensions>
			</trkpt>
			<trkpt lat="46.9976166111" lon="8.7761620111">
				<ele>1663.0</ele>
				<extensions>
					<swisstopo:routepoint_id>1387432252</swisstopo:routepoint_id>
				</extensions>
			</trkpt>
			<trkpt lat="46.9975637818" lon="8.7761891361">
				<ele>1662.5</ele>
				<extensions>
					<swisstopo:routepoint_id>1118608870</swisstopo:routepoint_id>
				</extensions>
			</trkpt>
			<trkpt lat="46.9975224677" lon="8.7762270810">
				<ele>1661.9</ele>
				<extensions>
					<swisstopo:routepoint_id>1461408287</swisstopo:routepoint_id>
				</extensions>
			</trkpt>
			<trkpt lat="46.9974810514" lon="8.7762753319">
				<ele>1661.8</ele>
				<extensions>
					<swisstopo:routepoint_id>173219596</swisstopo:routepoint_id>
				</extensions>
			</trkpt>
			<trkpt lat="46.9974316761" lon="8.7763264351">
				<ele>1662.0</ele>
				<extensions>
					<swisstopo:routepoint_id>1506583739</swisstopo:routepoint_id>
				</extensions>
			</trkpt>
			<trkpt lat="46.9973873956" lon="8.7763703544">
				<ele>1662.3</ele>
				<extensions>
					<swisstopo:routepoint_id>1669573863</swisstopo:routepoint_id>
				</extensions>
			</trkpt>
			<trkpt lat="46.9973428273" lon="8.7764134772">
				<ele>1662.7</ele>
				<extensions>
					<swisstopo:routepoint_id>1253298577</swisstopo:routepoint_id>
				</extensions>
			</trkpt>
			<trkpt lat="46.9972959887" lon="8.7764553602">
				<ele>1663.1</ele>
				<extensions>
					<swisstopo:routepoint_id>1672753122</swisstopo:routepoint_id>
				</extensions>
			</trkpt>
			<trkpt lat="46.9972542293" lon="8.7764767121">
				<ele>1663.7</ele>
				<extensions>
					<swisstopo:routepoint_id>71908048</swisstopo:routepoint_id>
				</extensions>
			</trkpt>
			<trkpt lat="46.9972265505" lon="8.7764964690">
				<ele>1664.3</ele>
				<extensions>
					<swisstopo:routepoint_id>1430808222</swisstopo:routepoint_id>
				</extensions>
			</trkpt>
			<trkpt lat="46.9971914849" lon="8.7765201181">
				<ele>1665.1</ele>
				<extensions>
					<swisstopo:routepoint_id>1149788104</swisstopo:routepoint_id>
				</extensions>
			</trkpt>
			<trkpt lat="46.9971692161" lon="8.7765473077">
				<ele>1665.6</ele>
				<extensions>
					<swisstopo:routepoint_id>1936087464</swisstopo:routepoint_id>
				</extensions>
			</trkpt>
			<trkpt lat="46.9971504202" lon="8.7765952938">
				<ele>1666.0</ele>
				<extensions>
					<swisstopo:routepoint_id>854789921</swisstopo:routepoint_id>
				</extensions>
			</trkpt>
			<trkpt lat="46.9971470149" lon="8.7766913955">
				<ele>1666.5</ele>
				<extensions>
					<swisstopo:routepoint_id>205893434</swisstopo:routepoint_id>
				</extensions>
			</trkpt>
			<trkpt lat="46.9971643374" lon="8.7768523136">
				<ele>1666.9</ele>
				<extensions>
					<swisstopo:routepoint_id>1862433958</swisstopo:routepoint_id>
				</extensions>
			</trkpt>
			<trkpt lat="46.9971809790" lon="8.7770214855">
				<ele>1667.6</ele>
				<extensions>
					<swisstopo:routepoint_id>1757630749</swisstopo:routepoint_id>
				</extensions>
			</trkpt>
			<trkpt lat="46.9972022270" lon="8.7771566766">
				<ele>1669.0</ele>
				<extensions>
					<swisstopo:routepoint_id>1306840774</swisstopo:routepoint_id>
				</extensions>
			</trkpt>
			<trkpt lat="46.9972413178" lon="8.7772800580">
				<ele>1670.4</ele>
				<extensions>
					<swisstopo:routepoint_id>1176996413</swisstopo:routepoint_id>
				</extensions>
			</trkpt>
			<trkpt lat="46.9972997363" lon="8.7774247632">
				<ele>1672.2</ele>
				<extensions>
					<swisstopo:routepoint_id>146114762</swisstopo:routepoint_id>
				</extensions>
			</trkpt>
			<trkpt lat="46.9973451631" lon="8.7775255942">
				<ele>1673.3</ele>
				<extensions>
					<swisstopo:routepoint_id>1005839078</swisstopo:routepoint_id>
				</extensions>
			</trkpt>
			<trkpt lat="46.9973748887" lon="8.7776072697">
				<ele>1674.1</ele>
				<extensions>
					<swisstopo:routepoint_id>1853409659</swisstopo:routepoint_id>
				</extensions>
			</trkpt>
			<trkpt lat="46.9974126142" lon="8.7777450951">
				<ele>1675.4</ele>
				<extensions>
					<swisstopo:routepoint_id>1394115547</swisstopo:routepoint_id>
				</extensions>
			</trkpt>
			<trkpt lat="46.9974348317" lon="8.7778441111">
				<ele>1676.4</ele>
				<extensions>
					<swisstopo:routepoint_id>2075246982</swisstopo:routepoint_id>
				</extensions>
			</trkpt>
			<trkpt lat="46.9974461749" lon="8.7779313899">
				<ele>1677.3</ele>
				<extensions>
					<swisstopo:routepoint_id>1428883048</swisstopo:routepoint_id>
				</extensions>
			</trkpt>
			<trkpt lat="46.9974623933" lon="8.7780819332">
				<ele>1678.2</ele>
				<extensions>
					<swisstopo:routepoint_id>1419772695</swisstopo:routepoint_id>
				</extensions>
			</trkpt>
			<trkpt lat="46.9975058218" lon="8.7781982053">
				<ele>1679.0</ele>
				<extensions>
					<swisstopo:routepoint_id>77259469</swisstopo:routepoint_id>
				</extensions>
			</trkpt>
			<trkpt lat="46.9975845781" lon="8.7783870495">
				<ele>1681.6</ele>
				<extensions>
					<swisstopo:routepoint_id>1703859802</swisstopo:routepoint_id>
				</extensions>
			</trkpt>
			<trkpt lat="46.9976204489" lon="8.7784648032">
				<ele>1682.9</ele>
				<extensions>
					<swisstopo:routepoint_id>124296898</swisstopo:routepoint_id>
				</extensions>
			</trkpt>
			<trkpt lat="46.9976527199" lon="8.7785372592">
				<ele>1683.9</ele>
				<extensions>
					<swisstopo:routepoint_id>1476937453</swisstopo:routepoint_id>
				</extensions>
			</trkpt>
			<trkpt lat="46.9976619607" lon="8.7785903375">
				<ele>1684.5</ele>
				<extensions>
					<swisstopo:routepoint_id>41486383</swisstopo:routepoint_id>
				</extensions>
			</trkpt>
			<trkpt lat="46.9976657186" lon="8.7786421870">
				<ele>1685.0</ele>
				<extensions>
					<swisstopo:routepoint_id>951529256</swisstopo:routepoint_id>
				</extensions>
			</trkpt>
			<trkpt lat="46.9976611641" lon="8.7787309891">
				<ele>1685.1</ele>
				<extensions>
					<swisstopo:routepoint_id>818571534</swisstopo:routepoint_id>
				</extensions>
			</trkpt>
			<trkpt lat="46.9976837409" lon="8.7787938152">
				<ele>1685.7</ele>
				<extensions>
					<swisstopo:routepoint_id>1364410600</swisstopo:routepoint_id>
				</extensions>
			</trkpt>
			<trkpt lat="46.9977275885" lon="8.7788687307">
				<ele>1686.8</ele>
				<extensions>
					<swisstopo:routepoint_id>1895340593</swisstopo:routepoint_id>
				</extensions>
			</trkpt>
			<trkpt lat="46.9977676997" lon="8.7789507720">
				<ele>1688.0</ele>
				<extensions>
					<swisstopo:routepoint_id>1239001415</swisstopo:routepoint_id>
				</extensions>
			</trkpt>
			<trkpt lat="46.9977872613" lon="8.7790114191">
				<ele>1689.0</ele>
				<extensions>
					<swisstopo:routepoint_id>655550075</swisstopo:routepoint_id>
				</extensions>
			</trkpt>
			<trkpt lat="46.9977940676" lon="8.7790633711">
				<ele>1689.9</ele>
				<extensions>
					<swisstopo:routepoint_id>1536000266</swisstopo:routepoint_id>
				</extensions>
			</trkpt>
			<trkpt lat="46.9977879319" lon="8.7791273081">
				<ele>1690.7</ele>
				<extensions>
					<swisstopo:routepoint_id>759958425</swisstopo:routepoint_id>
				</extensions>
			</trkpt>
			<trkpt lat="46.9977701712" lon="8.7791929136">
				<ele>1691.5</ele>
				<extensions>
					<swisstopo:routepoint_id>1246600251</swisstopo:routepoint_id>
				</extensions>
			</trkpt>
			<trkpt lat="46.9977444299" lon="8.7792623960">
				<ele>1692.6</ele>
				<extensions>
					<swisstopo:routepoint_id>1079501901</swisstopo:routepoint_id>
				</extensions>
			</trkpt>
			<trkpt lat="46.9977089914" lon="8.7793232731">
				<ele>1693.5</ele>
				<extensions>
					<swisstopo:routepoint_id>1594545602</swisstopo:routepoint_id>
				</extensions>
			</trkpt>
			<trkpt lat="46.9976798349" lon="8.7793678176">
				<ele>1694.1</ele>
				<extensions>
					<swisstopo:routepoint_id>345465749</swisstopo:routepoint_id>
				</extensions>
			</trkpt>
			<trkpt lat="46.9976377668" lon="8.7794201925">
				<ele>1695.2</ele>
				<extensions>
					<swisstopo:routepoint_id>1826538002</swisstopo:routepoint_id>
				</extensions>
			</trkpt>
			<trkpt lat="46.9976140633" lon="8.7794468981">
				<ele>1695.0</ele>
				<extensions>
					<swisstopo:routepoint_id>212723230</swisstopo:routepoint_id>
				</extensions>
			</trkpt>
			<trkpt lat="46.9975883759" lon="8.7794639946">
				<ele>1694.8</ele>
				<extensions>
					<swisstopo:routepoint_id>1757660366</swisstopo:routepoint_id>
				</extensions>
			</trkpt>
			<trkpt lat="46.9975578502" lon="8.7794809701">
				<ele>1694.9</ele>
				<extensions>
					<swisstopo:routepoint_id>1229026916</swisstopo:routepoint_id>
				</extensions>
			</trkpt>
			<trkpt lat="46.9975310940" lon="8.7794856010">
				<ele>1695.0</ele>
				<extensions>
					<swisstopo:routepoint_id>828554352</swisstopo:routepoint_id>
				</extensions>
			</trkpt>
			<trkpt lat="46.9975031827" lon="8.7794866784">
				<ele>1695.1</ele>
				<extensions>
					<swisstopo:routepoint_id>1428042232</swisstopo:routepoint_id>
				</extensions>
			</trkpt>
			<trkpt lat="46.9974691797" lon="8.7794893792">
				<ele>1695.3</ele>
				<extensions>
					<swisstopo:routepoint_id>424802980</swisstopo:routepoint_id>
				</extensions>
			</trkpt>
			<trkpt lat="46.9974399538" lon="8.7794975113">
				<ele>1695.5</ele>
				<extensions>
					<swisstopo:routepoint_id>121665332</swisstopo:routepoint_id>
				</extensions>
			</trkpt>
			<trkpt lat="46.9973972951" lon="8.7795141840">
				<ele>1695.9</ele>
				<extensions>
					<swisstopo:routepoint_id>803444924</swisstopo:routepoint_id>
				</extensions>
			</trkpt>
			<trkpt lat="46.9973263872" lon="8.7795107553">
				<ele>1697.2</ele>
				<extensions>
					<swisstopo:routepoint_id>923720041</swisstopo:routepoint_id>
				</extensions>
			</trkpt>
			<trkpt lat="46.9972610053" lon="8.7795349331">
				<ele>1698.8</ele>
				<extensions>
					<swisstopo:routepoint_id>1976833654</swisstopo:routepoint_id>
				</extensions>
			</trkpt>
			<trkpt lat="46.9971777200" lon="8.7795552317">
				<ele>1700.8</ele>
				<extensions>
					<swisstopo:routepoint_id>1767731636</swisstopo:routepoint_id>
				</extensions>
			</trkpt>
			<trkpt lat="46.9971137594" lon="8.7795432061">
				<ele>1701.8</ele>
				<extensions>
					<swisstopo:routepoint_id>2036809488</swisstopo:routepoint_id>
				</extensions>
			</trkpt>
			<trkpt lat="46.9970592845" lon="8.7795070393">
				<ele>1702.8</ele>
				<extensions>
					<swisstopo:routepoint_id>102978589</swisstopo:routepoint_id>
				</extensions>
			</trkpt>
			<trkpt lat="46.9969665691" lon="8.7794073529">
				<ele>1705.2</ele>
				<extensions>
					<swisstopo:routepoint_id>1184207855</swisstopo:routepoint_id>
				</extensions>
			</trkpt>
			<trkpt lat="46.9968897945" lon="8.7793485903">
				<ele>1706.3</ele>
				<extensions>
					<swisstopo:routepoint_id>501196827</swisstopo:routepoint_id>
				</extensions>
			</trkpt>
			<trkpt lat="46.9968284854" lon="8.7793290574">
				<ele>1707.1</ele>
				<extensions>
					<swisstopo:routepoint_id>78993639</swisstopo:routepoint_id>
				</extensions>
			</trkpt>
			<trkpt lat="46.9967944155" lon="8.7793036042">
				<ele>1707.7</ele>
				<extensions>
					<swisstopo:routepoint_id>891222552</swisstopo:routepoint_id>
				</extensions>
			</trkpt>
			<trkpt lat="46.9967711800" lon="8.7792725702">
				<ele>1708.3</ele>
				<extensions>
					<swisstopo:routepoint_id>1385114176</swisstopo:routepoint_id>
				</extensions>
			</trkpt>
			<trkpt lat="46.9967507964" lon="8.7792138104">
				<ele>1709.0</ele>
				<extensions>
					<swisstopo:routepoint_id>250773370</swisstopo:routepoint_id>
				</extensions>
			</trkpt>
			<trkpt lat="46.9967487758" lon="8.7791656998">
				<ele>1709.8</ele>
				<extensions>
					<swisstopo:routepoint_id>1339716595</swisstopo:routepoint_id>
				</extensions>
			</trkpt>
			<trkpt lat="46.9967553746" lon="8.7790790805">
				<ele>1711.3</ele>
				<extensions>
					<swisstopo:routepoint_id>1521474832</swisstopo:routepoint_id>
				</extensions>
			</trkpt>
			<trkpt lat="46.9967497362" lon="8.7790333912">
				<ele>1712.1</ele>
				<extensions>
					<swisstopo:routepoint_id>919162929</swisstopo:routepoint_id>
				</extensions>
			</trkpt>
			<trkpt lat="46.9967280685" lon="8.7789990434">
				<ele>1712.8</ele>
				<extensions>
					<swisstopo:routepoint_id>1903491584</swisstopo:routepoint_id>
				</extensions>
			</trkpt>
			<trkpt lat="46.9967138341" lon="8.7789876559">
				<ele>1713.0</ele>
				<extensions>
					<swisstopo:routepoint_id>1620660355</swisstopo:routepoint_id>
				</extensions>
			</trkpt>
			<trkpt lat="46.9966754804" lon="8.7789854354">
				<ele>1713.8</ele>
				<extensions>
					<swisstopo:routepoint_id>1333792763</swisstopo:routepoint_id>
				</extensions>
			</trkpt>
			<trkpt lat="46.9966135990" lon="8.7789856517">
				<ele>1715.6</ele>
				<extensions>
					<swisstopo:routepoint_id>1673269004</swisstopo:routepoint_id>
				</extensions>
			</trkpt>
			<trkpt lat="46.9965419712" lon="8.7789891879">
				<ele>1718.2</ele>
				<extensions>
					<swisstopo:routepoint_id>80468881</swisstopo:routepoint_id>
				</extensions>
			</trkpt>
			<trkpt lat="46.9964959069" lon="8.7789862624">
				<ele>1719.7</ele>
				<extensions>
					<swisstopo:routepoint_id>1192767318</swisstopo:routepoint_id>
				</extensions>
			</trkpt>
			<trkpt lat="46.9964668046" lon="8.7789837602">
				<ele>1720.6</ele>
				<extensions>
					<swisstopo:routepoint_id>185980929</swisstopo:routepoint_id>
				</extensions>
			</trkpt>
			<trkpt lat="46.9964378038" lon="8.7789741733">
				<ele>1721.5</ele>
				<extensions>
					<swisstopo:routepoint_id>461399978</swisstopo:routepoint_id>
				</extensions>
			</trkpt>
			<trkpt lat="46.9964088765" lon="8.7789574878">
				<ele>1722.3</ele>
				<extensions>
					<swisstopo:routepoint_id>615766353</swisstopo:routepoint_id>
				</extensions>
			</trkpt>
			<trkpt lat="46.9963716334" lon="8.7789264202">
				<ele>1723.0</ele>
				<extensions>
					<swisstopo:routepoint_id>1551969545</swisstopo:routepoint_id>
				</extensions>
			</trkpt>
			<trkpt lat="46.9963296369" lon="8.7788863447">
				<ele>1723.8</ele>
				<extensions>
					<swisstopo:routepoint_id>1428468594</swisstopo:routepoint_id>
				</extensions>
			</trkpt>
			<trkpt lat="46.9962695820" lon="8.7788334191">
				<ele>1724.8</ele>
				<extensions>
					<swisstopo:routepoint_id>1676213420</swisstopo:routepoint_id>
				</extensions>
			</trkpt>
			<trkpt lat="46.9962118928" lon="8.7787858779">
				<ele>1726.0</ele>
				<extensions>
					<swisstopo:routepoint_id>1589470179</swisstopo:routepoint_id>
				</extensions>
			</trkpt>
			<trkpt lat="46.9961842093" lon="8.7787674484">
				<ele>1726.5</ele>
				<extensions>
					<swisstopo:routepoint_id>1957579517</swisstopo:routepoint_id>
				</extensions>
			</trkpt>
			<trkpt lat="46.9961382184" lon="8.7787574374">
				<ele>1727.3</ele>
				<extensions>
					<swisstopo:routepoint_id>1815134336</swisstopo:routepoint_id>
				</extensions>
			</trkpt>
			<trkpt lat="46.9961031255" lon="8.7787494608">
				<ele>1727.8</ele>
				<extensions>
					<swisstopo:routepoint_id>500851047</swisstopo:routepoint_id>
				</extensions>
			</trkpt>
			<trkpt lat="46.9960669545" lon="8.7787290442">
				<ele>1728.4</ele>
				<extensions>
					<swisstopo:routepoint_id>21879012</swisstopo:routepoint_id>
				</extensions>
			</trkpt>
			<trkpt lat="46.9960261512" lon="8.7786908006">
				<ele>1729.2</ele>
				<extensions>
					<swisstopo:routepoint_id>722558571</swisstopo:routepoint_id>
				</extensions>
			</trkpt>
			<trkpt lat="46.9959806157" lon="8.7786417880">
				<ele>1730.6</ele>
				<extensions>
					<swisstopo:routepoint_id>1488344861</swisstopo:routepoint_id>
				</extensions>
			</trkpt>
			<trkpt lat="46.9959397718" lon="8.7786070676">
				<ele>1731.7</ele>
				<extensions>
					<swisstopo:routepoint_id>1650790122</swisstopo:routepoint_id>
				</extensions>
			</trkpt>
			<trkpt lat="46.9958940707" lon="8.7785722385">
				<ele>1732.6</ele>
				<extensions>
					<swisstopo:routepoint_id>1085659062</swisstopo:routepoint_id>
				</extensions>
			</trkpt>
			<trkpt lat="46.9958566941" lon="8.7785517928">
				<ele>1733.2</ele>
				<extensions>
					<swisstopo:routepoint_id>2128126721</swisstopo:routepoint_id>
				</extensions>
			</trkpt>
			<trkpt lat="46.9958059175" lon="8.7785363370">
				<ele>1734.0</ele>
				<extensions>
					<swisstopo:routepoint_id>1636900913</swisstopo:routepoint_id>
				</extensions>
			</trkpt>
			<trkpt lat="46.9957635281" lon="8.7785299531">
				<ele>1734.9</ele>
				<extensions>
					<swisstopo:routepoint_id>1079141804</swisstopo:routepoint_id>
				</extensions>
			</trkpt>
			<trkpt lat="46.9957183738" lon="8.7785291807">
				<ele>1735.7</ele>
				<extensions>
					<swisstopo:routepoint_id>1959849070</swisstopo:routepoint_id>
				</extensions>
			</trkpt>
			<trkpt lat="46.9956760216" lon="8.7785419558">
				<ele>1736.4</ele>
				<extensions>
					<swisstopo:routepoint_id>836775318</swisstopo:routepoint_id>
				</extensions>
			</trkpt>
			<trkpt lat="46.9956345146" lon="8.7785639825">
				<ele>1737.1</ele>
				<extensions>
					<swisstopo:routepoint_id>1080371929</swisstopo:routepoint_id>
				</extensions>
			</trkpt>
			<trkpt lat="46.9956037614" lon="8.7786004521">
				<ele>1737.5</ele>
				<extensions>
					<swisstopo:routepoint_id>1485682914</swisstopo:routepoint_id>
				</extensions>
			</trkpt>
			<trkpt lat="46.9955824757" lon="8.7786566577">
				<ele>1737.8</ele>
				<extensions>
					<swisstopo:routepoint_id>1479190598</swisstopo:routepoint_id>
				</extensions>
			</trkpt>
			<trkpt lat="46.9955781498" lon="8.7787150617">
				<ele>1738.3</ele>
				<extensions>
					<swisstopo:routepoint_id>233018497</swisstopo:routepoint_id>
				</extensions>
			</trkpt>
			<trkpt lat="46.9955796467" lon="8.7787949126">
				<ele>1739.2</ele>
				<extensions>
					<swisstopo:routepoint_id>480568752</swisstopo:routepoint_id>
				</extensions>
			</trkpt>
			<trkpt lat="46.9955905789" lon="8.7788980357">
				<ele>1740.6</ele>
				<extensions>
					<swisstopo:routepoint_id>1631564185</swisstopo:routepoint_id>
				</extensions>
			</trkpt>
			<trkpt lat="46.9956051654" lon="8.7789994753">
				<ele>1742.0</ele>
				<extensions>
					<swisstopo:routepoint_id>1389246967</swisstopo:routepoint_id>
				</extensions>
			</trkpt>
			<trkpt lat="46.9956127538" lon="8.7790776899">
				<ele>1743.0</ele>
				<extensions>
					<swisstopo:routepoint_id>955825961</swisstopo:routepoint_id>
				</extensions>
			</trkpt>
			<trkpt lat="46.9956071103" lon="8.7791449367">
				<ele>1743.7</ele>
				<extensions>
					<swisstopo:routepoint_id>963466563</swisstopo:routepoint_id>
				</extensions>
			</trkpt>
			<trkpt lat="46.9955988401" lon="8.7792298555">
				<ele>1744.0</ele>
				<extensions>
					<swisstopo:routepoint_id>617712823</swisstopo:routepoint_id>
				</extensions>
			</trkpt>
			<trkpt lat="46.9955940795" lon="8.7793254866">
				<ele>1745.0</ele>
				<extensions>
					<swisstopo:routepoint_id>299664834</swisstopo:routepoint_id>
				</extensions>
			</trkpt>
			<trkpt lat="46.9955950165" lon="8.7794531851">
				<ele>1746.7</ele>
				<extensions>
					<swisstopo:routepoint_id>1566133559</swisstopo:routepoint_id>
				</extensions>
			</trkpt>
			<trkpt lat="46.9955944080" lon="8.7796092336">
				<ele>1748.4</ele>
				<extensions>
					<swisstopo:routepoint_id>1146218507</swisstopo:routepoint_id>
				</extensions>
			</trkpt>
			<trkpt lat="46.9955992274" lon="8.7797157410">
				<ele>1749.4</ele>
				<extensions>
					<swisstopo:routepoint_id>1343475295</swisstopo:routepoint_id>
				</extensions>
			</trkpt>
			<trkpt lat="46.9956091429" lon="8.7798011144">
				<ele>1750.6</ele>
				<extensions>
					<swisstopo:routepoint_id>279903175</swisstopo:routepoint_id>
				</extensions>
			</trkpt>
			<trkpt lat="46.9956190462" lon="8.7798882627">
				<ele>1752.0</ele>
				<extensions>
					<swisstopo:routepoint_id>1574309866</swisstopo:routepoint_id>
				</extensions>
			</trkpt>
			<trkpt lat="46.9956277770" lon="8.7799718184">
				<ele>1753.2</ele>
				<extensions>
					<swisstopo:routepoint_id>787687482</swisstopo:routepoint_id>
				</extensions>
			</trkpt>
			<trkpt lat="46.9956318262" lon="8.7800410695">
				<ele>1754.1</ele>
				<extensions>
					<swisstopo:routepoint_id>896120099</swisstopo:routepoint_id>
				</extensions>
			</trkpt>
			<trkpt lat="46.9956332424" lon="8.7802308559">
				<ele>1756.0</ele>
				<extensions>
					<swisstopo:routepoint_id>117221314</swisstopo:routepoint_id>
				</extensions>
			</trkpt>
			<trkpt lat="46.9956300151" lon="8.7802999250">
				<ele>1756.7</ele>
				<extensions>
					<swisstopo:routepoint_id>1147537803</swisstopo:routepoint_id>
				</extensions>
			</trkpt>
			<trkpt lat="46.9956233219" lon="8.7803529578">
				<ele>1757.0</ele>
				<extensions>
					<swisstopo:routepoint_id>120941695</swisstopo:routepoint_id>
				</extensions>
			</trkpt>
			<trkpt lat="46.9956082722" lon="8.7803951575">
				<ele>1756.8</ele>
				<extensions>
					<swisstopo:routepoint_id>1772732139</swisstopo:routepoint_id>
				</extensions>
			</trkpt>
			<trkpt lat="46.9955797719" lon="8.7804458567">
				<ele>1756.5</ele>
				<extensions>
					<swisstopo:routepoint_id>185759890</swisstopo:routepoint_id>
				</extensions>
			</trkpt>
			<trkpt lat="46.9955586924" lon="8.7804843419">
				<ele>1756.4</ele>
				<extensions>
					<swisstopo:routepoint_id>2145578102</swisstopo:routepoint_id>
				</extensions>
			</trkpt>
			<trkpt lat="46.9955424490" lon="8.7805247365">
				<ele>1756.6</ele>
				<extensions>
					<swisstopo:routepoint_id>2037215289</swisstopo:routepoint_id>
				</extensions>
			</trkpt>
			<trkpt lat="46.9955321230" lon="8.7805776655">
				<ele>1757.2</ele>
				<extensions>
					<swisstopo:routepoint_id>1892186295</swisstopo:routepoint_id>
				</extensions>
			</trkpt>
			<trkpt lat="46.9955202508" lon="8.7806589439">
				<ele>1756.9</ele>
				<extensions>
					<swisstopo:routepoint_id>171073083</swisstopo:routepoint_id>
				</extensions>
			</trkpt>
			<trkpt lat="46.9955058256" lon="8.7807507957">
				<ele>1756.5</ele>
				<extensions>
					<swisstopo:routepoint_id>2064441266</swisstopo:routepoint_id>
				</extensions>
			</trkpt>
			<trkpt lat="46.9954982797" lon="8.7808782819">
				<ele>1755.4</ele>
				<extensions>
					<swisstopo:routepoint_id>931333686</swisstopo:routepoint_id>
				</extensions>
			</trkpt>
			<trkpt lat="46.9955008860" lon="8.7809670093">
				<ele>1755.5</ele>
				<extensions>
					<swisstopo:routepoint_id>918233404</swisstopo:routepoint_id>
				</extensions>
			</trkpt>
			<trkpt lat="46.9954995174" lon="8.7810840127">
				<ele>1756.7</ele>
				<extensions>
					<swisstopo:routepoint_id>1316118272</swisstopo:routepoint_id>
				</extensions>
			</trkpt>
			<trkpt lat="46.9954982731" lon="8.7811903949">
				<ele>1757.9</ele>
				<extensions>
					<swisstopo:routepoint_id>1793374731</swisstopo:routepoint_id>
				</extensions>
			</trkpt>
			<trkpt lat="46.9955001352" lon="8.7813411536">
				<ele>1759.6</ele>
				<extensions>
					<swisstopo:routepoint_id>573297139</swisstopo:routepoint_id>
				</extensions>
			</trkpt>
			<trkpt lat="46.9955071940" lon="8.7814636928">
				<ele>1760.8</ele>
				<extensions>
					<swisstopo:routepoint_id>1903982098</swisstopo:routepoint_id>
				</extensions>
			</trkpt>
			<trkpt lat="46.9955101317" lon="8.7815240539">
				<ele>1761.3</ele>
				<extensions>
					<swisstopo:routepoint_id>37167504</swisstopo:routepoint_id>
				</extensions>
			</trkpt>
			<trkpt lat="46.9955236761" lon="8.7816112935">
				<ele>1762.0</ele>
				<extensions>
					<swisstopo:routepoint_id>651645372</swisstopo:routepoint_id>
				</extensions>
			</trkpt>
			<trkpt lat="46.9955443429" lon="8.7817111236">
				<ele>1762.7</ele>
				<extensions>
					<swisstopo:routepoint_id>487493411</swisstopo:routepoint_id>
				</extensions>
			</trkpt>
			<trkpt lat="46.9955793103" lon="8.7818343487">
				<ele>1763.3</ele>
				<extensions>
					<swisstopo:routepoint_id>1014420192</swisstopo:routepoint_id>
				</extensions>
			</trkpt>
			<trkpt lat="46.9956001844" lon="8.7819164334">
				<ele>1763.8</ele>
				<extensions>
					<swisstopo:routepoint_id>2065002537</swisstopo:routepoint_id>
				</extensions>
			</trkpt>
			<trkpt lat="46.9956149133" lon="8.7820054782">
				<ele>1764.2</ele>
				<extensions>
					<swisstopo:routepoint_id>2057781975</swisstopo:routepoint_id>
				</extensions>
			</trkpt>
			<trkpt lat="46.9956376762" lon="8.7821337238">
				<ele>1764.9</ele>
				<extensions>
					<swisstopo:routepoint_id>1345701676</swisstopo:routepoint_id>
				</extensions>
			</trkpt>
			<trkpt lat="46.9956670924" lon="8.7823153357">
				<ele>1765.9</ele>
				<extensions>
					<swisstopo:routepoint_id>857310257</swisstopo:routepoint_id>
				</extensions>
			</trkpt>
			<trkpt lat="46.9956944093" lon="8.7824703087">
				<ele>1766.6</ele>
				<extensions>
					<swisstopo:routepoint_id>146862380</swisstopo:routepoint_id>
				</extensions>
			</trkpt>
			<trkpt lat="46.9957085479" lon="8.7826089755">
				<ele>1766.4</ele>
				<extensions>
					<swisstopo:routepoint_id>1243241670</swisstopo:routepoint_id>
				</extensions>
			</trkpt>
			<trkpt lat="46.9957214480" lon="8.7827511618">
				<ele>1766.9</ele>
				<extensions>
					<swisstopo:routepoint_id>771185045</swisstopo:routepoint_id>
				</extensions>
			</trkpt>
			<trkpt lat="46.9957287136" lon="8.7828559699">
				<ele>1766.9</ele>
				<extensions>
					<swisstopo:routepoint_id>1443499372</swisstopo:routepoint_id>
				</extensions>
			</trkpt>
			<trkpt lat="46.9957419873" lon="8.7829662396">
				<ele>1766.5</ele>
				<extensions>
					<swisstopo:routepoint_id>94893578</swisstopo:routepoint_id>
				</extensions>
			</trkpt>
			<trkpt lat="46.9957567897" lon="8.7830481859">
				<ele>1766.2</ele>
				<extensions>
					<swisstopo:routepoint_id>663276165</swisstopo:routepoint_id>
				</extensions>
			</trkpt>
			<trkpt lat="46.9957823002" lon="8.7831499143">
				<ele>1765.8</ele>
				<extensions>
					<swisstopo:routepoint_id>2140495587</swisstopo:routepoint_id>
				</extensions>
			</trkpt>
			<trkpt lat="46.9957945481" lon="8.7831930222">
				<ele>1765.6</ele>
				<extensions>
					<swisstopo:routepoint_id>1311697435</swisstopo:routepoint_id>
				</extensions>
			</trkpt>
			<trkpt lat="46.9958137598" lon="8.7832606400">
				<ele>1765.3</ele>
				<extensions>
					<swisstopo:routepoint_id>336504798</swisstopo:routepoint_id>
				</extensions>
			</trkpt>
			<trkpt lat="46.9958295446" lon="8.7833638865">
				<ele>1764.8</ele>
				<extensions>
					<swisstopo:routepoint_id>727177125</swisstopo:routepoint_id>
				</extensions>
			</trkpt>
			<trkpt lat="46.9958452909" lon="8.7834689203">
				<ele>1764.8</ele>
				<extensions>
					<swisstopo:routepoint_id>554359</swisstopo:routepoint_id>
				</extensions>
			</trkpt>
			<trkpt lat="46.9958528468" lon="8.7835489100">
				<ele>1765.5</ele>
				<extensions>
					<swisstopo:routepoint_id>1511428846</swisstopo:routepoint_id>
				</extensions>
			</trkpt>
			<trkpt lat="46.9958578998" lon="8.7836359116">
				<ele>1766.5</ele>
				<extensions>
					<swisstopo:routepoint_id>1570166626</swisstopo:routepoint_id>
				</extensions>
			</trkpt>
			<trkpt lat="46.9958628398" lon="8.7837318119">
				<ele>1767.8</ele>
				<extensions>
					<swisstopo:routepoint_id>1528643841</swisstopo:routepoint_id>
				</extensions>
			</trkpt>
			<trkpt lat="46.9958677471" lon="8.7838312355">
				<ele>1768.7</ele>
				<extensions>
					<swisstopo:routepoint_id>1573745299</swisstopo:routepoint_id>
				</extensions>
			</trkpt>
			<trkpt lat="46.9958776597" lon="8.7839165973">
				<ele>1768.9</ele>
				<extensions>
					<swisstopo:routepoint_id>670008360</swisstopo:routepoint_id>
				</extensions>
			</trkpt>
			<trkpt lat="46.9958862004" lon="8.7840161122">
				<ele>1769.1</ele>
				<extensions>
					<swisstopo:routepoint_id>914129114</swisstopo:routepoint_id>
				</extensions>
			</trkpt>
			<trkpt lat="46.9958912857" lon="8.7840995905">
				<ele>1769.8</ele>
				<extensions>
					<swisstopo:routepoint_id>1523749427</swisstopo:routepoint_id>
				</extensions>
			</trkpt>
			<trkpt lat="46.9958964835" lon="8.7841742100">
				<ele>1770.9</ele>
				<extensions>
					<swisstopo:routepoint_id>14784576</swisstopo:routepoint_id>
				</extensions>
			</trkpt>
			<trkpt lat="46.9959017765" lon="8.7842399558">
				<ele>1771.8</ele>
				<extensions>
					<swisstopo:routepoint_id>1469264547</swisstopo:routepoint_id>
				</extensions>
			</trkpt>
			<trkpt lat="46.9959132351" lon="8.7842969806">
				<ele>1772.2</ele>
				<extensions>
					<swisstopo:routepoint_id>1903140995</swisstopo:routepoint_id>
				</extensions>
			</trkpt>
			<trkpt lat="46.9959259795" lon="8.7843487259">
				<ele>1772.2</ele>
				<extensions>
					<swisstopo:routepoint_id>913308072</swisstopo:routepoint_id>
				</extensions>
			</trkpt>
			<trkpt lat="46.9959338673" lon="8.7844003621">
				<ele>1772.4</ele>
				<extensions>
					<swisstopo:routepoint_id>250745298</swisstopo:routepoint_id>
				</extensions>
			</trkpt>
			<trkpt lat="46.9959472849" lon="8.7844982243">
				<ele>1773.4</ele>
				<extensions>
					<swisstopo:routepoint_id>877561042</swisstopo:routepoint_id>
				</extensions>
			</trkpt>
			<trkpt lat="46.9959678038" lon="8.7846104520">
				<ele>1774.3</ele>
				<extensions>
					<swisstopo:routepoint_id>1057119639</swisstopo:routepoint_id>
				</extensions>
			</trkpt>
			<trkpt lat="46.9959827269" lon="8.7846835403">
				<ele>1774.9</ele>
				<extensions>
					<swisstopo:routepoint_id>1474693038</swisstopo:routepoint_id>
				</extensions>
			</trkpt>
			<trkpt lat="46.9959914125" lon="8.7847706461">
				<ele>1776.0</ele>
				<extensions>
					<swisstopo:routepoint_id>968736135</swisstopo:routepoint_id>
				</extensions>
			</trkpt>
			<trkpt lat="46.9960000062" lon="8.7848648376">
				<ele>1777.4</ele>
				<extensions>
					<swisstopo:routepoint_id>728620247</swisstopo:routepoint_id>
				</extensions>
			</trkpt>
			<trkpt lat="46.9960098225" lon="8.7849590856">
				<ele>1779.0</ele>
				<extensions>
					<swisstopo:routepoint_id>985046710</swisstopo:routepoint_id>
				</extensions>
			</trkpt>
			<trkpt lat="46.9960173356" lon="8.7850426251">
				<ele>1780.2</ele>
				<extensions>
					<swisstopo:routepoint_id>885015576</swisstopo:routepoint_id>
				</extensions>
			</trkpt>
			<trkpt lat="46.9960335350" lon="8.7851104073">
				<ele>1780.7</ele>
				<extensions>
					<swisstopo:routepoint_id>1352787195</swisstopo:routepoint_id>
				</extensions>
			</trkpt>
			<trkpt lat="46.9960485437" lon="8.7851746346">
				<ele>1780.8</ele>
				<extensions>
					<swisstopo:routepoint_id>2044195643</swisstopo:routepoint_id>
				</extensions>
			</trkpt>
			<trkpt lat="46.9960695282" lon="8.7852478624">
				<ele>1781.0</ele>
				<extensions>
					<swisstopo:routepoint_id>1512572626</swisstopo:routepoint_id>
				</extensions>
			</trkpt>
			<trkpt lat="46.9960870367" lon="8.7853068279">
				<ele>1781.2</ele>
				<extensions>
					<swisstopo:routepoint_id>652372023</swisstopo:routepoint_id>
				</extensions>
			</trkpt>
			<trkpt lat="46.9961054891" lon="8.7853888669">
				<ele>1781.5</ele>
				<extensions>
					<swisstopo:routepoint_id>976481371</swisstopo:routepoint_id>
				</extensions>
			</trkpt>
			<trkpt lat="46.9961191173" lon="8.7854672216">
				<ele>1781.6</ele>
				<extensions>
					<swisstopo:routepoint_id>1797187718</swisstopo:routepoint_id>
				</extensions>
			</trkpt>
			<trkpt lat="46.9961323680" lon="8.7855792814">
				<ele>1782.7</ele>
				<extensions>
					<swisstopo:routepoint_id>1834929634</swisstopo:routepoint_id>
				</extensions>
			</trkpt>
			<trkpt lat="46.9961399011" lon="8.7856610337">
				<ele>1783.5</ele>
				<extensions>
					<swisstopo:routepoint_id>1324861390</swisstopo:routepoint_id>
				</extensions>
			</trkpt>
			<trkpt lat="46.9961534222" lon="8.7857500364">
				<ele>1784.4</ele>
				<extensions>
					<swisstopo:routepoint_id>1431266091</swisstopo:routepoint_id>
				</extensions>
			</trkpt>
			<trkpt lat="46.9961765344" lon="8.7858481436">
				<ele>1785.4</ele>
				<extensions>
					<swisstopo:routepoint_id>2100676053</swisstopo:routepoint_id>
				</extensions>
			</trkpt>
			<trkpt lat="46.9961973107" lon="8.7859391167">
				<ele>1785.9</ele>
				<extensions>
					<swisstopo:routepoint_id>226411270</swisstopo:routepoint_id>
				</extensions>
			</trkpt>
			<trkpt lat="46.9962220531" lon="8.7860018016">
				<ele>1786.1</ele>
				<extensions>
					<swisstopo:routepoint_id>868359926</swisstopo:routepoint_id>
				</extensions>
			</trkpt>
			<trkpt lat="46.9962468491" lon="8.7860591750">
				<ele>1786.0</ele>
				<extensions>
					<swisstopo:routepoint_id>1414117325</swisstopo:routepoint_id>
				</extensions>
			</trkpt>
			<trkpt lat="46.9962630690" lon="8.7861251958">
				<ele>1786.0</ele>
				<extensions>
					<swisstopo:routepoint_id>282079522</swisstopo:routepoint_id>
				</extensions>
			</trkpt>
			<trkpt lat="46.9962836157" lon="8.7862356639">
				<ele>1787.1</ele>
				<extensions>
					<swisstopo:routepoint_id>1461869607</swisstopo:routepoint_id>
				</extensions>
			</trkpt>
			<trkpt lat="46.9962992555" lon="8.7863495458">
				<ele>1788.8</ele>
				<extensions>
					<swisstopo:routepoint_id>1409425031</swisstopo:routepoint_id>
				</extensions>
			</trkpt>
			<trkpt lat="46.9963279475" lon="8.7864903569">
				<ele>1791.1</ele>
				<extensions>
					<swisstopo:routepoint_id>437451416</swisstopo:routepoint_id>
				</extensions>
			</trkpt>
			<trkpt lat="46.9963496369" lon="8.7866061660">
				<ele>1792.5</ele>
				<extensions>
					<swisstopo:routepoint_id>1093508806</swisstopo:routepoint_id>
				</extensions>
			</trkpt>
			<trkpt lat="46.9963663114" lon="8.7867360370">
				<ele>1792.7</ele>
				<extensions>
					<swisstopo:routepoint_id>1189888810</swisstopo:routepoint_id>
				</extensions>
			</trkpt>
			<trkpt lat="46.9963866197" lon="8.7868659999">
				<ele>1793.4</ele>
				<extensions>
					<swisstopo:routepoint_id>264177937</swisstopo:routepoint_id>
				</extensions>
			</trkpt>
			<trkpt lat="46.9964057645" lon="8.7869923963">
				<ele>1793.9</ele>
				<extensions>
					<swisstopo:routepoint_id>997029754</swisstopo:routepoint_id>
				</extensions>
			</trkpt>
			<trkpt lat="46.9964197605" lon="8.7871434887">
				<ele>1794.4</ele>
				<extensions>
					<swisstopo:routepoint_id>2047368805</swisstopo:routepoint_id>
				</extensions>
			</trkpt>
			<trkpt lat="46.9964271264" lon="8.7872394250">
				<ele>1794.3</ele>
				<extensions>
					<swisstopo:routepoint_id>1216650156</swisstopo:routepoint_id>
				</extensions>
			</trkpt>
			<trkpt lat="46.9964402708" lon="8.7873603328">
				<ele>1794.6</ele>
				<extensions>
					<swisstopo:routepoint_id>1583054177</swisstopo:routepoint_id>
				</extensions>
			</trkpt>
			<trkpt lat="46.9964529807" lon="8.7875167181">
				<ele>1796.2</ele>
				<extensions>
					<swisstopo:routepoint_id>452027888</swisstopo:routepoint_id>
				</extensions>
			</trkpt>
			<trkpt lat="46.9964601466" lon="8.7876303883">
				<ele>1797.4</ele>
				<extensions>
					<swisstopo:routepoint_id>1887619917</swisstopo:routepoint_id>
				</extensions>
			</trkpt>
			<trkpt lat="46.9964676787" lon="8.7877121543">
				<ele>1798.3</ele>
				<extensions>
					<swisstopo:routepoint_id>378320891</swisstopo:routepoint_id>
				</extensions>
			</trkpt>
			<trkpt lat="46.9964789988" lon="8.7877816033">
				<ele>1798.8</ele>
				<extensions>
					<swisstopo:routepoint_id>1959168506</swisstopo:routepoint_id>
				</extensions>
			</trkpt>
			<trkpt lat="46.9964927262" lon="8.7878528743">
				<ele>1799.0</ele>
				<extensions>
					<swisstopo:routepoint_id>476710488</swisstopo:routepoint_id>
				</extensions>
			</trkpt>
			<trkpt lat="46.9965041955" lon="8.7879081393">
				<ele>1799.0</ele>
				<extensions>
					<swisstopo:routepoint_id>145562003</swisstopo:routepoint_id>
				</extensions>
			</trkpt>
			<trkpt lat="46.9965245739" lon="8.7880327792">
				<ele>1798.9</ele>
				<extensions>
					<swisstopo:routepoint_id>1214748176</swisstopo:routepoint_id>
				</extensions>
			</trkpt>
			<trkpt lat="46.9965378338" lon="8.7881430517">
				<ele>1798.6</ele>
				<extensions>
					<swisstopo:routepoint_id>1172007780</swisstopo:routepoint_id>
				</extensions>
			</trkpt>
			<trkpt lat="46.9965494988" lon="8.7882298527">
				<ele>1798.5</ele>
				<extensions>
					<swisstopo:routepoint_id>1552897053</swisstopo:routepoint_id>
				</extensions>
			</trkpt>
			<trkpt lat="46.9965571335" lon="8.7882729639">
				<ele>1798.6</ele>
				<extensions>
					<swisstopo:routepoint_id>1704714240</swisstopo:routepoint_id>
				</extensions>
			</trkpt>
			<trkpt lat="46.9965945003" lon="8.7883575978">
				<ele>1798.8</ele>
				<extensions>
					<swisstopo:routepoint_id>1613876550</swisstopo:routepoint_id>
				</extensions>
			</trkpt>
			<trkpt lat="46.9966066866" lon="8.7884145375">
				<ele>1799.2</ele>
				<extensions>
					<swisstopo:routepoint_id>1721967246</swisstopo:routepoint_id>
				</extensions>
			</trkpt>
			<trkpt lat="46.9966310224" lon="8.7886057992">
				<ele>1801.0</ele>
				<extensions>
					<swisstopo:routepoint_id>2125353571</swisstopo:routepoint_id>
				</extensions>
			</trkpt>
			<trkpt lat="46.9966379791" lon="8.7886851707">
				<ele>1801.5</ele>
				<extensions>
					<swisstopo:routepoint_id>85351160</swisstopo:routepoint_id>
				</extensions>
			</trkpt>
			<trkpt lat="46.9966342124" lon="8.7889479924">
				<ele>1802.7</ele>
				<extensions>
					<swisstopo:routepoint_id>1676261279</swisstopo:routepoint_id>
				</extensions>
			</trkpt>
			<trkpt lat="46.9966411327" lon="8.7890327162">
				<ele>1803.3</ele>
				<extensions>
					<swisstopo:routepoint_id>746039495</swisstopo:routepoint_id>
				</extensions>
			</trkpt>
			<trkpt lat="46.9966555826" lon="8.7892069365">
				<ele>1805.1</ele>
				<extensions>
					<swisstopo:routepoint_id>948376847</swisstopo:routepoint_id>
				</extensions>
			</trkpt>
			<trkpt lat="46.9966598954" lon="8.7895766409">
				<ele>1809.2</ele>
				<extensions>
					<swisstopo:routepoint_id>267741216</swisstopo:routepoint_id>
				</extensions>
			</trkpt>
			<trkpt lat="46.9966600412" lon="8.7896162366">
				<ele>1809.8</ele>
				<extensions>
					<swisstopo:routepoint_id>616138150</swisstopo:routepoint_id>
				</extensions>
			</trkpt>
			<trkpt lat="46.9966599199" lon="8.7897297234">
				<ele>1811.7</ele>
				<extensions>
					<swisstopo:routepoint_id>1955477234</swisstopo:routepoint_id>
				</extensions>
			</trkpt>
			<trkpt lat="46.9966541032" lon="8.7898111555">
				<ele>1813.1</ele>
				<extensions>
					<swisstopo:routepoint_id>1933324392</swisstopo:routepoint_id>
				</extensions>
			</trkpt>
			<trkpt lat="46.9966407895" lon="8.7899118961">
				<ele>1815.0</ele>
				<extensions>
					<swisstopo:routepoint_id>1742557733</swisstopo:routepoint_id>
				</extensions>
			</trkpt>
			<trkpt lat="46.9966258768" lon="8.7900445255">
				<ele>1816.9</ele>
				<extensions>
					<swisstopo:routepoint_id>659285458</swisstopo:routepoint_id>
				</extensions>
			</trkpt>
			<trkpt lat="46.9966140398" lon="8.7901222536">
				<ele>1817.7</ele>
				<extensions>
					<swisstopo:routepoint_id>1777364004</swisstopo:routepoint_id>
				</extensions>
			</trkpt>
			<trkpt lat="46.9966097382" lon="8.7901788973">
				<ele>1818.1</ele>
				<extensions>
					<swisstopo:routepoint_id>1639179960</swisstopo:routepoint_id>
				</extensions>
			</trkpt>
			<trkpt lat="46.9966127870" lon="8.7902286382">
				<ele>1818.3</ele>
				<extensions>
					<swisstopo:routepoint_id>795485505</swisstopo:routepoint_id>
				</extensions>
			</trkpt>
			<trkpt lat="46.9966207020" lon="8.7902784884">
				<ele>1818.4</ele>
				<extensions>
					<swisstopo:routepoint_id>1781333076</swisstopo:routepoint_id>
				</extensions>
			</trkpt>
			<trkpt lat="46.9966359047" lon="8.7903267474">
				<ele>1818.6</ele>
				<extensions>
					<swisstopo:routepoint_id>376014650</swisstopo:routepoint_id>
				</extensions>
			</trkpt>
			<trkpt lat="46.9966547199" lon="8.7903768724">
				<ele>1818.8</ele>
				<extensions>
					<swisstopo:routepoint_id>770494580</swisstopo:routepoint_id>
				</extensions>
			</trkpt>
			<trkpt lat="46.9966808504" lon="8.7904254193">
				<ele>1819.0</ele>
				<extensions>
					<swisstopo:routepoint_id>842326572</swisstopo:routepoint_id>
				</extensions>
			</trkpt>
			<trkpt lat="46.9967045647" lon="8.7904721174">
				<ele>1819.0</ele>
				<extensions>
					<swisstopo:routepoint_id>640960332</swisstopo:routepoint_id>
				</extensions>
			</trkpt>
			<trkpt lat="46.9967281622" lon="8.7905294643">
				<ele>1819.2</ele>
				<extensions>
					<swisstopo:routepoint_id>420667408</swisstopo:routepoint_id>
				</extensions>
			</trkpt>
			<trkpt lat="46.9967504111" lon="8.7905974013">
				<ele>1819.0</ele>
				<extensions>
					<swisstopo:routepoint_id>1677047869</swisstopo:routepoint_id>
				</extensions>
			</trkpt>
			<trkpt lat="46.9967749754" lon="8.7906742844">
				<ele>1818.5</ele>
				<extensions>
					<swisstopo:routepoint_id>1354239825</swisstopo:routepoint_id>
				</extensions>
			</trkpt>
			<trkpt lat="46.9967959146" lon="8.7907510649">
				<ele>1818.5</ele>
				<extensions>
					<swisstopo:routepoint_id>1956032243</swisstopo:routepoint_id>
				</extensions>
			</trkpt>
			<trkpt lat="46.9968405261" lon="8.7908780917">
				<ele>1818.2</ele>
				<extensions>
					<swisstopo:routepoint_id>1459285969</swisstopo:routepoint_id>
				</extensions>
			</trkpt>
			<trkpt lat="46.9968751192" lon="8.7909734412">
				<ele>1818.2</ele>
				<extensions>
					<swisstopo:routepoint_id>385450703</swisstopo:routepoint_id>
				</extensions>
			</trkpt>
			<trkpt lat="46.9968957595" lon="8.7910229145">
				<ele>1818.2</ele>
				<extensions>
					<swisstopo:routepoint_id>1195724247</swisstopo:routepoint_id>
				</extensions>
			</trkpt>
			<trkpt lat="46.9969232770" lon="8.7910888678">
				<ele>1817.1</ele>
				<extensions>
					<swisstopo:routepoint_id>148926886</swisstopo:routepoint_id>
				</extensions>
			</trkpt>
			<trkpt lat="46.9969505520" lon="8.7911501872">
				<ele>1816.4</ele>
				<extensions>
					<swisstopo:routepoint_id>1448573275</swisstopo:routepoint_id>
				</extensions>
			</trkpt>
			<trkpt lat="46.9969803703" lon="8.7912575659">
				<ele>1816.1</ele>
				<extensions>
					<swisstopo:routepoint_id>2002419516</swisstopo:routepoint_id>
				</extensions>
			</trkpt>
			<trkpt lat="46.9970041949" lon="8.7913681063">
				<ele>1816.2</ele>
				<extensions>
					<swisstopo:routepoint_id>1870462786</swisstopo:routepoint_id>
				</extensions>
			</trkpt>
			<trkpt lat="46.9970171728" lon="8.7914669606">
				<ele>1816.5</ele>
				<extensions>
					<swisstopo:routepoint_id>141939508</swisstopo:routepoint_id>
				</extensions>
			</trkpt>
			<trkpt lat="46.9970219524" lon="8.7915919463">
				<ele>1816.4</ele>
				<extensions>
					<swisstopo:routepoint_id>1319649732</swisstopo:routepoint_id>
				</extensions>
			</trkpt>
			<trkpt lat="46.9970200256" lon="8.7916905036">
				<ele>1816.4</ele>
				<extensions>
					<swisstopo:routepoint_id>604445606</swisstopo:routepoint_id>
				</extensions>
			</trkpt>
			<trkpt lat="46.9970283443" lon="8.7917563936">
				<ele>1816.3</ele>
				<extensions>
					<swisstopo:routepoint_id>683111324</swisstopo:routepoint_id>
				</extensions>
			</trkpt>
			<trkpt lat="46.9970534932" lon="8.7918324520">
				<ele>1816.4</ele>
				<extensions>
					<swisstopo:routepoint_id>629706820</swisstopo:routepoint_id>
				</extensions>
			</trkpt>
			<trkpt lat="46.9970923392" lon="8.7919317879">
				<ele>1817.3</ele>
				<extensions>
					<swisstopo:routepoint_id>815613603</swisstopo:routepoint_id>
				</extensions>
			</trkpt>
			<trkpt lat="46.9971132443" lon="8.7920327623">
				<ele>1818.4</ele>
				<extensions>
					<swisstopo:routepoint_id>1805866722</swisstopo:routepoint_id>
				</extensions>
			</trkpt>
			<trkpt lat="46.9971223448" lon="8.7920971996">
				<ele>1818.9</ele>
				<extensions>
					<swisstopo:routepoint_id>1964875463</swisstopo:routepoint_id>
				</extensions>
			</trkpt>
			<trkpt lat="46.9971275722" lon="8.7921864438">
				<ele>1818.7</ele>
				<extensions>
					<swisstopo:routepoint_id>945766130</swisstopo:routepoint_id>
				</extensions>
			</trkpt>
			<trkpt lat="46.9971456251" lon="8.7922927640">
				<ele>1818.9</ele>
				<extensions>
					<swisstopo:routepoint_id>740501785</swisstopo:routepoint_id>
				</extensions>
			</trkpt>
			<trkpt lat="46.9971554869" lon="8.7923650838">
				<ele>1819.4</ele>
				<extensions>
					<swisstopo:routepoint_id>1605258378</swisstopo:routepoint_id>
				</extensions>
			</trkpt>
			<trkpt lat="46.9971760261" lon="8.7925077587">
				<ele>1820.1</ele>
				<extensions>
					<swisstopo:routepoint_id>341377645</swisstopo:routepoint_id>
				</extensions>
			</trkpt>
			<trkpt lat="46.9971941532" lon="8.7927015629">
				<ele>1819.8</ele>
				<extensions>
					<swisstopo:routepoint_id>1892596487</swisstopo:routepoint_id>
				</extensions>
			</trkpt>
			<trkpt lat="46.9972131290" lon="8.7928745076">
				<ele>1820.2</ele>
				<extensions>
					<swisstopo:routepoint_id>464568076</swisstopo:routepoint_id>
				</extensions>
			</trkpt>
			<trkpt lat="46.9972213435" lon="8.7929499682">
				<ele>1820.7</ele>
				<extensions>
					<swisstopo:routepoint_id>1489223923</swisstopo:routepoint_id>
				</extensions>
			</trkpt>
			<trkpt lat="46.9972281851" lon="8.7930128629">
				<ele>1820.4</ele>
				<extensions>
					<swisstopo:routepoint_id>1097787900</swisstopo:routepoint_id>
				</extensions>
			</trkpt>
			<trkpt lat="46.9972569298" lon="8.7931348512">
				<ele>1820.8</ele>
				<extensions>
					<swisstopo:routepoint_id>1286357807</swisstopo:routepoint_id>
				</extensions>
			</trkpt>
			<trkpt lat="46.9972704416" lon="8.7931906166">
				<ele>1821.0</ele>
				<extensions>
					<swisstopo:routepoint_id>1426663966</swisstopo:routepoint_id>
				</extensions>
			</trkpt>
			<trkpt lat="46.9972787983" lon="8.7932692237">
				<ele>1820.9</ele>
				<extensions>
					<swisstopo:routepoint_id>1915021365</swisstopo:routepoint_id>
				</extensions>
			</trkpt>
			<trkpt lat="46.9972897314" lon="8.7933353513">
				<ele>1820.8</ele>
				<extensions>
					<swisstopo:routepoint_id>191773695</swisstopo:routepoint_id>
				</extensions>
			</trkpt>
			<trkpt lat="46.9973289661" lon="8.7934534759">
				<ele>1821.1</ele>
				<extensions>
					<swisstopo:routepoint_id>625972164</swisstopo:routepoint_id>
				</extensions>
			</trkpt>
			<trkpt lat="46.9973685929" lon="8.7935360811">
				<ele>1821.6</ele>
				<extensions>
					<swisstopo:routepoint_id>1753212893</swisstopo:routepoint_id>
				</extensions>
			</trkpt>
			<trkpt lat="46.9973955393" lon="8.7935984842">
				<ele>1821.7</ele>
				<extensions>
					<swisstopo:routepoint_id>2099545250</swisstopo:routepoint_id>
				</extensions>
			</trkpt>
			<trkpt lat="46.9974287292" lon="8.7937080803">
				<ele>1821.7</ele>
				<extensions>
					<swisstopo:routepoint_id>2072733491</swisstopo:routepoint_id>
				</extensions>
			</trkpt>
			<trkpt lat="46.9974665156" lon="8.7937895876">
				<ele>1821.7</ele>
				<extensions>
					<swisstopo:routepoint_id>1277855013</swisstopo:routepoint_id>
				</extensions>
			</trkpt>
			<trkpt lat="46.9975019053" lon="8.7938668528">
				<ele>1821.3</ele>
				<extensions>
					<swisstopo:routepoint_id>814757755</swisstopo:routepoint_id>
				</extensions>
			</trkpt>
			<trkpt lat="46.9975386442" lon="8.7939326597">
				<ele>1821.2</ele>
				<extensions>
					<swisstopo:routepoint_id>1914090545</swisstopo:routepoint_id>
				</extensions>
			</trkpt>
			<trkpt lat="46.9975742748" lon="8.7939879715">
				<ele>1821.1</ele>
				<extensions>
					<swisstopo:routepoint_id>2023785333</swisstopo:routepoint_id>
				</extensions>
			</trkpt>
			<trkpt lat="46.9976064213" lon="8.7940244051">
				<ele>1821.4</ele>
				<extensions>
					<swisstopo:routepoint_id>1146373510</swisstopo:routepoint_id>
				</extensions>
			</trkpt>
			<trkpt lat="46.9976355786" lon="8.7940534261">
				<ele>1821.8</ele>
				<extensions>
					<swisstopo:routepoint_id>425552860</swisstopo:routepoint_id>
				</extensions>
			</trkpt>
			<trkpt lat="46.9976669837" lon="8.7941023724">
				<ele>1822.1</ele>
				<extensions>
					<swisstopo:routepoint_id>1953677070</swisstopo:routepoint_id>
				</extensions>
			</trkpt>
			<trkpt lat="46.9976939703" lon="8.7941605959">
				<ele>1822.0</ele>
				<extensions>
					<swisstopo:routepoint_id>357625568</swisstopo:routepoint_id>
				</extensions>
			</trkpt>
			<trkpt lat="46.9977203785" lon="8.7942167010">
				<ele>1822.0</ele>
				<extensions>
					<swisstopo:routepoint_id>1128002812</swisstopo:routepoint_id>
				</extensions>
			</trkpt>
			<trkpt lat="46.9977748510" lon="8.7942892811">
				<ele>1822.6</ele>
				<extensions>
					<swisstopo:routepoint_id>191599095</swisstopo:routepoint_id>
				</extensions>
			</trkpt>
			<trkpt lat="46.9978051012" lon="8.7943308743">
				<ele>1823.0</ele>
				<extensions>
					<swisstopo:routepoint_id>1872654961</swisstopo:routepoint_id>
				</extensions>
			</trkpt>
			<trkpt lat="46.9978313952" lon="8.7943974305">
				<ele>1823.2</ele>
				<extensions>
					<swisstopo:routepoint_id>598217624</swisstopo:routepoint_id>
				</extensions>
			</trkpt>
			<trkpt lat="46.9978663542" lon="8.7945133452">
				<ele>1823.5</ele>
				<extensions>
					<swisstopo:routepoint_id>1837541533</swisstopo:routepoint_id>
				</extensions>
			</trkpt>
			<trkpt lat="46.9978974353" lon="8.7945904892">
				<ele>1824.0</ele>
				<extensions>
					<swisstopo:routepoint_id>426488396</swisstopo:routepoint_id>
				</extensions>
			</trkpt>
			<trkpt lat="46.9979305970" lon="8.7946468048">
				<ele>1824.7</ele>
				<extensions>
					<swisstopo:routepoint_id>854444555</swisstopo:routepoint_id>
				</extensions>
			</trkpt>
			<trkpt lat="46.9979707058" lon="8.7946855311">
				<ele>1825.4</ele>
				<extensions>
					<swisstopo:routepoint_id>958988470</swisstopo:routepoint_id>
				</extensions>
			</trkpt>
			<trkpt lat="46.9979978802" lon="8.7947270470">
				<ele>1825.4</ele>
				<extensions>
					<swisstopo:routepoint_id>562770094</swisstopo:routepoint_id>
				</extensions>
			</trkpt>
			<trkpt lat="46.9980168730" lon="8.7947871336">
				<ele>1825.1</ele>
				<extensions>
					<swisstopo:routepoint_id>1473385893</swisstopo:routepoint_id>
				</extensions>
			</trkpt>
			<trkpt lat="46.9980404326" lon="8.7948786971">
				<ele>1824.5</ele>
				<extensions>
					<swisstopo:routepoint_id>19764733</swisstopo:routepoint_id>
				</extensions>
			</trkpt>
			<trkpt lat="46.9980774643" lon="8.7949737702">
				<ele>1823.4</ele>
				<extensions>
					<swisstopo:routepoint_id>11372988</swisstopo:routepoint_id>
				</extensions>
			</trkpt>
			<trkpt lat="46.9980980996" lon="8.7950516769">
				<ele>1822.6</ele>
				<extensions>
					<swisstopo:routepoint_id>893007353</swisstopo:routepoint_id>
				</extensions>
			</trkpt>
			<trkpt lat="46.9981349571" lon="8.7952177927">
				<ele>1821.3</ele>
				<extensions>
					<swisstopo:routepoint_id>1979387290</swisstopo:routepoint_id>
				</extensions>
			</trkpt>
			<trkpt lat="46.9981809722" lon="8.7953329755">
				<ele>1820.5</ele>
				<extensions>
					<swisstopo:routepoint_id>2079753866</swisstopo:routepoint_id>
				</extensions>
			</trkpt>
			<trkpt lat="46.9982148750" lon="8.7954331773">
				<ele>1820.3</ele>
				<extensions>
					<swisstopo:routepoint_id>453462946</swisstopo:routepoint_id>
				</extensions>
			</trkpt>
			<trkpt lat="46.9982460377" lon="8.7955040785">
				<ele>1820.5</ele>
				<extensions>
					<swisstopo:routepoint_id>815858663</swisstopo:routepoint_id>
				</extensions>
			</trkpt>
			<trkpt lat="46.9982892007" lon="8.7955439217">
				<ele>1820.6</ele>
				<extensions>
					<swisstopo:routepoint_id>1800883583</swisstopo:routepoint_id>
				</extensions>
			</trkpt>
			<trkpt lat="46.9983696209" lon="8.7956026038">
				<ele>1820.9</ele>
				<extensions>
					<swisstopo:routepoint_id>1912999260</swisstopo:routepoint_id>
				</extensions>
			</trkpt>
			<trkpt lat="46.9984085867" lon="8.7956329391">
				<ele>1821.0</ele>
				<extensions>
					<swisstopo:routepoint_id>1885918019</swisstopo:routepoint_id>
				</extensions>
			</trkpt>
			<trkpt lat="46.9984425646" lon="8.7956704594">
				<ele>1820.9</ele>
				<extensions>
					<swisstopo:routepoint_id>1874033503</swisstopo:routepoint_id>
				</extensions>
			</trkpt>
			<trkpt lat="46.9984870106" lon="8.7957615663">
				<ele>1820.4</ele>
				<extensions>
					<swisstopo:routepoint_id>1079794779</swisstopo:routepoint_id>
				</extensions>
			</trkpt>
			<trkpt lat="46.9985492537" lon="8.7959095877">
				<ele>1819.0</ele>
				<extensions>
					<swisstopo:routepoint_id>1013433248</swisstopo:routepoint_id>
				</extensions>
			</trkpt>
			<trkpt lat="46.9986293444" lon="8.7960539320">
				<ele>1817.1</ele>
				<extensions>
					<swisstopo:routepoint_id>1061472011</swisstopo:routepoint_id>
				</extensions>
			</trkpt>
			<trkpt lat="46.9986851097" lon="8.7961213145">
				<ele>1816.0</ele>
				<extensions>
					<swisstopo:routepoint_id>1096868037</swisstopo:routepoint_id>
				</extensions>
			</trkpt>
			<trkpt lat="46.9987640791" lon="8.7962562292">
				<ele>1814.0</ele>
				<extensions>
					<swisstopo:routepoint_id>1660222044</swisstopo:routepoint_id>
				</extensions>
			</trkpt>
			<trkpt lat="46.9988536119" lon="8.7963788799">
				<ele>1812.8</ele>
				<extensions>
					<swisstopo:routepoint_id>1782917805</swisstopo:routepoint_id>
				</extensions>
			</trkpt>
			<trkpt lat="46.9989171586" lon="8.7964653036">
				<ele>1812.0</ele>
				<extensions>
					<swisstopo:routepoint_id>255396873</swisstopo:routepoint_id>
				</extensions>
			</trkpt>
			<trkpt lat="46.9989642671" lon="8.7965366229">
				<ele>1811.0</ele>
				<extensions>
					<swisstopo:routepoint_id>8448225</swisstopo:routepoint_id>
				</extensions>
			</trkpt>
			<trkpt lat="46.9990157735" lon="8.7965997169">
				<ele>1810.2</ele>
				<extensions>
					<swisstopo:routepoint_id>575746401</swisstopo:routepoint_id>
				</extensions>
			</trkpt>
			<trkpt lat="46.9990482490" lon="8.7966622770">
				<ele>1810.0</ele>
				<extensions>
					<swisstopo:routepoint_id>1725483127</swisstopo:routepoint_id>
				</extensions>
			</trkpt>
			<trkpt lat="46.9990750123" lon="8.7966860057">
				<ele>1810.0</ele>
				<extensions>
					<swisstopo:routepoint_id>839444610</swisstopo:routepoint_id>
				</extensions>
			</trkpt>
			<trkpt lat="46.9991342742" lon="8.7967148309">
				<ele>1809.9</ele>
				<extensions>
					<swisstopo:routepoint_id>505776148</swisstopo:routepoint_id>
				</extensions>
			</trkpt>
			<trkpt lat="46.9991566801" lon="8.7967426181">
				<ele>1809.8</ele>
				<extensions>
					<swisstopo:routepoint_id>183895683</swisstopo:routepoint_id>
				</extensions>
			</trkpt>
			<trkpt lat="46.9991841640" lon="8.7968134019">
				<ele>1808.9</ele>
				<extensions>
					<swisstopo:routepoint_id>75269338</swisstopo:routepoint_id>
				</extensions>
			</trkpt>
			<trkpt lat="46.9992035647" lon="8.7968358793">
				<ele>1808.5</ele>
				<extensions>
					<swisstopo:routepoint_id>1205161006</swisstopo:routepoint_id>
				</extensions>
			</trkpt>
			<trkpt lat="46.9992530247" lon="8.7968613006">
				<ele>1807.8</ele>
				<extensions>
					<swisstopo:routepoint_id>109189992</swisstopo:routepoint_id>
				</extensions>
			</trkpt>
			<trkpt lat="46.9993030929" lon="8.7968877634">
				<ele>1807.1</ele>
				<extensions>
					<swisstopo:routepoint_id>1005070242</swisstopo:routepoint_id>
				</extensions>
			</trkpt>
			<trkpt lat="46.9993305293" lon="8.7969062887">
				<ele>1806.8</ele>
				<extensions>
					<swisstopo:routepoint_id>727983543</swisstopo:routepoint_id>
				</extensions>
			</trkpt>
			<trkpt lat="46.9993559545" lon="8.7969404514">
				<ele>1806.5</ele>
				<extensions>
					<swisstopo:routepoint_id>1183350630</swisstopo:routepoint_id>
				</extensions>
			</trkpt>
			<trkpt lat="46.9993941918" lon="8.7970376497">
				<ele>1806.2</ele>
				<extensions>
					<swisstopo:routepoint_id>1415924891</swisstopo:routepoint_id>
				</extensions>
			</trkpt>
			<trkpt lat="46.9994308548" lon="8.7971097312">
				<ele>1806.4</ele>
				<extensions>
					<swisstopo:routepoint_id>1892277102</swisstopo:routepoint_id>
				</extensions>
			</trkpt>
			<trkpt lat="46.9994666756" lon="8.7971473132">
				<ele>1806.0</ele>
				<extensions>
					<swisstopo:routepoint_id>279808055</swisstopo:routepoint_id>
				</extensions>
			</trkpt>
			<trkpt lat="46.9995116039" lon="8.7971945411">
				<ele>1805.0</ele>
				<extensions>
					<swisstopo:routepoint_id>1090943963</swisstopo:routepoint_id>
				</extensions>
			</trkpt>
			<trkpt lat="46.9995564794" lon="8.7972469882">
				<ele>1804.7</ele>
				<extensions>
					<swisstopo:routepoint_id>456598442</swisstopo:routepoint_id>
				</extensions>
			</trkpt>
			<trkpt lat="46.9996102518" lon="8.7973268545">
				<ele>1804.6</ele>
				<extensions>
					<swisstopo:routepoint_id>329298623</swisstopo:routepoint_id>
				</extensions>
			</trkpt>
			<trkpt lat="46.9996768446" lon="8.7974697836">
				<ele>1804.8</ele>
				<extensions>
					<swisstopo:routepoint_id>1493304616</swisstopo:routepoint_id>
				</extensions>
			</trkpt>
			<trkpt lat="46.9996812736" lon="8.7975850624">
				<ele>1806.2</ele>
				<extensions>
					<swisstopo:routepoint_id>1213039541</swisstopo:routepoint_id>
				</extensions>
			</trkpt>
			<trkpt lat="46.9997083036" lon="8.7977253203">
				<ele>1808.0</ele>
				<extensions>
					<swisstopo:routepoint_id>288072897</swisstopo:routepoint_id>
				</extensions>
			</trkpt>
			<trkpt lat="46.9997421185" lon="8.7978365440">
				<ele>1809.6</ele>
				<extensions>
					<swisstopo:routepoint_id>202154293</swisstopo:routepoint_id>
				</extensions>
			</trkpt>
			<trkpt lat="46.9997634463" lon="8.7979158257">
				<ele>1810.0</ele>
				<extensions>
					<swisstopo:routepoint_id>823126781</swisstopo:routepoint_id>
				</extensions>
			</trkpt>
			<trkpt lat="46.9997067172" lon="8.7978478765">
				<ele>1809.8</ele>
				<extensions>
					<swisstopo:routepoint_id>345164304</swisstopo:routepoint_id>
				</extensions>
			</trkpt>
			<trkpt lat="46.9996566380" lon="8.7978094334">
				<ele>1810.5</ele>
				<extensions>
					<swisstopo:routepoint_id>959469261</swisstopo:routepoint_id>
				</extensions>
			</trkpt>
			<trkpt lat="46.9996165605" lon="8.7977818551">
				<ele>1811.4</ele>
				<extensions>
					<swisstopo:routepoint_id>196572221</swisstopo:routepoint_id>
				</extensions>
			</trkpt>
			<trkpt lat="46.9995842168" lon="8.7977933181">
				<ele>1812.7</ele>
				<extensions>
					<swisstopo:routepoint_id>789905425</swisstopo:routepoint_id>
				</extensions>
			</trkpt>
			<trkpt lat="46.9995586800" lon="8.7978331859">
				<ele>1814.4</ele>
				<extensions>
					<swisstopo:routepoint_id>1227052738</swisstopo:routepoint_id>
				</extensions>
			</trkpt>
			<trkpt lat="46.9995353364" lon="8.7978519382">
				<ele>1815.2</ele>
				<extensions>
					<swisstopo:routepoint_id>764539877</swisstopo:routepoint_id>
				</extensions>
			</trkpt>
			<trkpt lat="46.9995075458" lon="8.7978017774">
				<ele>1816.3</ele>
				<extensions>
					<swisstopo:routepoint_id>1076534436</swisstopo:routepoint_id>
				</extensions>
			</trkpt>
			<trkpt lat="46.9994896408" lon="8.7977730517">
				<ele>1816.7</ele>
				<extensions>
					<swisstopo:routepoint_id>868793827</swisstopo:routepoint_id>
				</extensions>
			</trkpt>
			<trkpt lat="46.9994641574" lon="8.7978076344">
				<ele>1817.7</ele>
				<extensions>
					<swisstopo:routepoint_id>130763644</swisstopo:routepoint_id>
				</extensions>
			</trkpt>
			<trkpt lat="46.9994374916" lon="8.7978615705">
				<ele>1819.6</ele>
				<extensions>
					<swisstopo:routepoint_id>248143274</swisstopo:routepoint_id>
				</extensions>
			</trkpt>
			<trkpt lat="46.9994208742" lon="8.7979193373">
				<ele>1821.0</ele>
				<extensions>
					<swisstopo:routepoint_id>1924662005</swisstopo:routepoint_id>
				</extensions>
			</trkpt>
			<trkpt lat="46.9993895944" lon="8.7979237655">
				<ele>1822.4</ele>
				<extensions>
					<swisstopo:routepoint_id>441954133</swisstopo:routepoint_id>
				</extensions>
			</trkpt>
			<trkpt lat="46.9993574410" lon="8.7979122996">
				<ele>1824.1</ele>
				<extensions>
					<swisstopo:routepoint_id>1253353308</swisstopo:routepoint_id>
				</extensions>
			</trkpt>
			<trkpt lat="46.9993203320" lon="8.7978900830">
				<ele>1825.2</ele>
				<extensions>
					<swisstopo:routepoint_id>2119320350</swisstopo:routepoint_id>
				</extensions>
			</trkpt>
			<trkpt lat="46.9992953846" lon="8.7978611662">
				<ele>1825.9</ele>
				<extensions>
					<swisstopo:routepoint_id>1172700467</swisstopo:routepoint_id>
				</extensions>
			</trkpt>
			<trkpt lat="46.9992650884" lon="8.7978691429">
				<ele>1827.3</ele>
				<extensions>
					<swisstopo:routepoint_id>1128690174</swisstopo:routepoint_id>
				</extensions>
			</trkpt>
			<trkpt lat="46.9992585768" lon="8.7979236679">
				<ele>1828.7</ele>
				<extensions>
					<swisstopo:routepoint_id>752778893</swisstopo:routepoint_id>
				</extensions>
			</trkpt>
			<trkpt lat="46.9992500153" lon="8.7979834140">
				<ele>1830.0</ele>
				<extensions>
					<swisstopo:routepoint_id>949143887</swisstopo:routepoint_id>
				</extensions>
			</trkpt>
			<trkpt lat="46.9992157493" lon="8.7979824542">
				<ele>1831.7</ele>
				<extensions>
					<swisstopo:routepoint_id>793527851</swisstopo:routepoint_id>
				</extensions>
			</trkpt>
			<trkpt lat="46.9991795250" lon="8.7979743961">
				<ele>1833.2</ele>
				<extensions>
					<swisstopo:routepoint_id>629202297</swisstopo:routepoint_id>
				</extensions>
			</trkpt>
			<trkpt lat="46.9991622104" lon="8.7979968511">
				<ele>1834.1</ele>
				<extensions>
					<swisstopo:routepoint_id>446860208</swisstopo:routepoint_id>
				</extensions>
			</trkpt>
			<trkpt lat="46.9991626042" lon="8.7980691981">
				<ele>1834.7</ele>
				<extensions>
					<swisstopo:routepoint_id>221329716</swisstopo:routepoint_id>
				</extensions>
			</trkpt>
			<trkpt lat="46.9991712678" lon="8.7981170724">
				<ele>1835.0</ele>
				<extensions>
					<swisstopo:routepoint_id>602080340</swisstopo:routepoint_id>
				</extensions>
			</trkpt>
			<trkpt lat="46.9991457963" lon="8.7981498930">
				<ele>1836.4</ele>
				<extensions>
					<swisstopo:routepoint_id>1796782122</swisstopo:routepoint_id>
				</extensions>
			</trkpt>
			<trkpt lat="46.9991294145" lon="8.7981794203">
				<ele>1836.8</ele>
				<extensions>
					<swisstopo:routepoint_id>856698230</swisstopo:routepoint_id>
				</extensions>
			</trkpt>
			<trkpt lat="46.9991349547" lon="8.7982395757">
				<ele>1837.1</ele>
				<extensions>
					<swisstopo:routepoint_id>2042505075</swisstopo:routepoint_id>
				</extensions>
			</trkpt>
			<trkpt lat="46.9991594458" lon="8.7983214097">
				<ele>1838.4</ele>
				<extensions>
					<swisstopo:routepoint_id>480165322</swisstopo:routepoint_id>
				</extensions>
			</trkpt>
			<trkpt lat="46.9991750441" lon="8.7983853578">
				<ele>1839.4</ele>
				<extensions>
					<swisstopo:routepoint_id>254936041</swisstopo:routepoint_id>
				</extensions>
			</trkpt>
			<trkpt lat="46.9991973864" lon="8.7984830216">
				<ele>1840.1</ele>
				<extensions>
					<swisstopo:routepoint_id>671335397</swisstopo:routepoint_id>
				</extensions>
			</trkpt>
			<trkpt lat="46.9992107379" lon="8.7985733706">
				<ele>1841.1</ele>
				<extensions>
					<swisstopo:routepoint_id>187227636</swisstopo:routepoint_id>
				</extensions>
			</trkpt>
			<trkpt lat="46.9992268905" lon="8.7986884852">
				<ele>1843.2</ele>
				<extensions>
					<swisstopo:routepoint_id>1087488579</swisstopo:routepoint_id>
				</extensions>
			</trkpt>
			<trkpt lat="46.9992456384" lon="8.7987348932">
				<ele>1845.1</ele>
				<extensions>
					<swisstopo:routepoint_id>1366470971</swisstopo:routepoint_id>
				</extensions>
			</trkpt>
			<trkpt lat="46.9992467232" lon="8.7988460622">
				<ele>1846.7</ele>
				<extensions>
					<swisstopo:routepoint_id>1036960568</swisstopo:routepoint_id>
				</extensions>
			</trkpt>
			<trkpt lat="46.9992467735" lon="8.7989572187">
				<ele>1847.6</ele>
				<extensions>
					<swisstopo:routepoint_id>1830923433</swisstopo:routepoint_id>
				</extensions>
			</trkpt>
			<trkpt lat="46.9992478131" lon="8.7990737000">
				<ele>1849.2</ele>
				<extensions>
					<swisstopo:routepoint_id>258210739</swisstopo:routepoint_id>
				</extensions>
			</trkpt>
			<trkpt lat="46.9992685966" lon="8.7991183835">
				<ele>1850.3</ele>
				<extensions>
					<swisstopo:routepoint_id>198191548</swisstopo:routepoint_id>
				</extensions>
			</trkpt>
			<trkpt lat="46.9992854879" lon="8.7991453217">
				<ele>1850.8</ele>
				<extensions>
					<swisstopo:routepoint_id>696503335</swisstopo:routepoint_id>
				</extensions>
			</trkpt>
			<trkpt lat="46.9993176290" lon="8.7991585633">
				<ele>1851.7</ele>
				<extensions>
					<swisstopo:routepoint_id>1432506436</swisstopo:routepoint_id>
				</extensions>
			</trkpt>
			<trkpt lat="46.9993102290" lon="8.7992007047">
				<ele>1852.9</ele>
				<extensions>
					<swisstopo:routepoint_id>2092498644</swisstopo:routepoint_id>
				</extensions>
			</trkpt>
			<trkpt lat="46.9992818277" lon="8.7992210906">
				<ele>1854.3</ele>
				<extensions>
					<swisstopo:routepoint_id>1955565076</swisstopo:routepoint_id>
				</extensions>
			</trkpt>
			<trkpt lat="46.9992685093" lon="8.7992471842">
				<ele>1855.5</ele>
				<extensions>
					<swisstopo:routepoint_id>840480485</swisstopo:routepoint_id>
				</extensions>
			</trkpt>
			<trkpt lat="46.9992411037" lon="8.7992693432">
				<ele>1856.9</ele>
				<extensions>
					<swisstopo:routepoint_id>14616149</swisstopo:routepoint_id>
				</extensions>
			</trkpt>
			<trkpt lat="46.9992425126" lon="8.7993417293">
				<ele>1858.2</ele>
				<extensions>
					<swisstopo:routepoint_id>1439748935</swisstopo:routepoint_id>
				</extensions>
			</trkpt>
			<trkpt lat="46.9992267471" lon="8.7994171510">
				<ele>1860.2</ele>
				<extensions>
					<swisstopo:routepoint_id>52600436</swisstopo:routepoint_id>
				</extensions>
			</trkpt>
			<trkpt lat="46.9992047676" lon="8.7995135734">
				<ele>1863.3</ele>
				<extensions>
					<swisstopo:routepoint_id>1694914213</swisstopo:routepoint_id>
				</extensions>
			</trkpt>
			<trkpt lat="46.9991898628" lon="8.7996066771">
				<ele>1866.3</ele>
				<extensions>
					<swisstopo:routepoint_id>746168378</swisstopo:routepoint_id>
				</extensions>
			</trkpt>
			<trkpt lat="46.9991810107" lon="8.7996999474">
				<ele>1868.4</ele>
				<extensions>
					<swisstopo:routepoint_id>722218346</swisstopo:routepoint_id>
				</extensions>
			</trkpt>
			<trkpt lat="46.9991812811" lon="8.7997863877">
				<ele>1870.2</ele>
				<extensions>
					<swisstopo:routepoint_id>2089006507</swisstopo:routepoint_id>
				</extensions>
			</trkpt>
			<trkpt lat="46.9991864984" lon="8.7998835654">
				<ele>1871.0</ele>
				<extensions>
					<swisstopo:routepoint_id>1541196482</swisstopo:routepoint_id>
				</extensions>
			</trkpt>
			<trkpt lat="46.9991835795" lon="8.7999893471">
				<ele>1871.9</ele>
				<extensions>
					<swisstopo:routepoint_id>1068019844</swisstopo:routepoint_id>
				</extensions>
			</trkpt>
			<trkpt lat="46.9991858521" lon="8.8000776263">
				<ele>1872.9</ele>
				<extensions>
					<swisstopo:routepoint_id>1122167514</swisstopo:routepoint_id>
				</extensions>
			</trkpt>
			<trkpt lat="46.9991882025" lon="8.8001570975">
				<ele>1874.0</ele>
				<extensions>
					<swisstopo:routepoint_id>552941269</swisstopo:routepoint_id>
				</extensions>
			</trkpt>
			<trkpt lat="46.9991914941" lon="8.8002436409">
				<ele>1874.7</ele>
				<extensions>
					<swisstopo:routepoint_id>372236140</swisstopo:routepoint_id>
				</extensions>
			</trkpt>
			<trkpt lat="46.9992028622" lon="8.8003304022">
				<ele>1875.6</ele>
				<extensions>
					<swisstopo:routepoint_id>1005852532</swisstopo:routepoint_id>
				</extensions>
			</trkpt>
			<trkpt lat="46.9992103834" lon="8.8003941198">
				<ele>1876.3</ele>
				<extensions>
					<swisstopo:routepoint_id>2081484766</swisstopo:routepoint_id>
				</extensions>
			</trkpt>
			<trkpt lat="46.9992427610" lon="8.8004973525">
				<ele>1876.3</ele>
				<extensions>
					<swisstopo:routepoint_id>741974864</swisstopo:routepoint_id>
				</extensions>
			</trkpt>
			<trkpt lat="46.9992540753" lon="8.8005894250">
				<ele>1876.9</ele>
				<extensions>
					<swisstopo:routepoint_id>85779943</swisstopo:routepoint_id>
				</extensions>
			</trkpt>
			<trkpt lat="46.9992694424" lon="8.8006780634">
				<ele>1877.0</ele>
				<extensions>
					<swisstopo:routepoint_id>709657283</swisstopo:routepoint_id>
				</extensions>
			</trkpt>
			<trkpt lat="46.9992748827" lon="8.8007487902">
				<ele>1877.6</ele>
				<extensions>
					<swisstopo:routepoint_id>1248769402</swisstopo:routepoint_id>
				</extensions>
			</trkpt>
			<trkpt lat="46.9992993456" lon="8.8008359105">
				<ele>1876.5</ele>
				<extensions>
					<swisstopo:routepoint_id>1003732541</swisstopo:routepoint_id>
				</extensions>
			</trkpt>
			<trkpt lat="46.9993280521" lon="8.8008967077">
				<ele>1875.6</ele>
				<extensions>
					<swisstopo:routepoint_id>898049551</swisstopo:routepoint_id>
				</extensions>
			</trkpt>
			<trkpt lat="46.9993415150" lon="8.8009729370">
				<ele>1876.1</ele>
				<extensions>
					<swisstopo:routepoint_id>345296535</swisstopo:routepoint_id>
				</extensions>
			</trkpt>
			<trkpt lat="46.9993468536" lon="8.8010560214">
				<ele>1877.1</ele>
				<extensions>
					<swisstopo:routepoint_id>2056785242</swisstopo:routepoint_id>
				</extensions>
			</trkpt>
			<trkpt lat="46.9993571840" lon="8.8011445194">
				<ele>1877.2</ele>
				<extensions>
					<swisstopo:routepoint_id>994580949</swisstopo:routepoint_id>
				</extensions>
			</trkpt>
			<trkpt lat="46.9993796886" lon="8.8012245291">
				<ele>1877.3</ele>
				<extensions>
					<swisstopo:routepoint_id>1289162676</swisstopo:routepoint_id>
				</extensions>
			</trkpt>
			<trkpt lat="46.9993809860" lon="8.8013092598">
				<ele>1878.1</ele>
				<extensions>
					<swisstopo:routepoint_id>457504648</swisstopo:routepoint_id>
				</extensions>
			</trkpt>
			<trkpt lat="46.9993731187" lon="8.8014043178">
				<ele>1879.7</ele>
				<extensions>
					<swisstopo:routepoint_id>1731736977</swisstopo:routepoint_id>
				</extensions>
			</trkpt>
			<trkpt lat="46.9993745297" lon="8.8014749152">
				<ele>1881.0</ele>
				<extensions>
					<swisstopo:routepoint_id>740931869</swisstopo:routepoint_id>
				</extensions>
			</trkpt>
			<trkpt lat="46.9993779281" lon="8.8015508763">
				<ele>1882.3</ele>
				<extensions>
					<swisstopo:routepoint_id>222880491</swisstopo:routepoint_id>
				</extensions>
			</trkpt>
			<trkpt lat="46.9993704884" lon="8.8015947919">
				<ele>1883.5</ele>
				<extensions>
					<swisstopo:routepoint_id>760135842</swisstopo:routepoint_id>
				</extensions>
			</trkpt>
			<trkpt lat="46.9993449712" lon="8.8016328829">
				<ele>1885.1</ele>
				<extensions>
					<swisstopo:routepoint_id>1171214092</swisstopo:routepoint_id>
				</extensions>
			</trkpt>
			<trkpt lat="46.9993340490" lon="8.8017314000">
				<ele>1886.5</ele>
				<extensions>
					<swisstopo:routepoint_id>1494760214</swisstopo:routepoint_id>
				</extensions>
			</trkpt>
			<trkpt lat="46.9993394647" lon="8.8018056498">
				<ele>1886.9</ele>
				<extensions>
					<swisstopo:routepoint_id>107035079</swisstopo:routepoint_id>
				</extensions>
			</trkpt>
			<trkpt lat="46.9993288331" lon="8.8018706159">
				<ele>1887.6</ele>
				<extensions>
					<swisstopo:routepoint_id>1121088151</swisstopo:routepoint_id>
				</extensions>
			</trkpt>
			<trkpt lat="46.9993031479" lon="8.8019281384">
				<ele>1888.7</ele>
				<extensions>
					<swisstopo:routepoint_id>155566650</swisstopo:routepoint_id>
				</extensions>
			</trkpt>
			<trkpt lat="46.9992923155" lon="8.8020160457">
				<ele>1889.3</ele>
				<extensions>
					<swisstopo:routepoint_id>1116107885</swisstopo:routepoint_id>
				</extensions>
			</trkpt>
			<trkpt lat="46.9992904886" lon="8.8021130321">
				<ele>1890.2</ele>
				<extensions>
					<swisstopo:routepoint_id>648004146</swisstopo:routepoint_id>
				</extensions>
			</trkpt>
			<trkpt lat="46.9992956586" lon="8.8022155217">
				<ele>1891.1</ele>
				<extensions>
					<swisstopo:routepoint_id>198725833</swisstopo:routepoint_id>
				</extensions>
			</trkpt>
			<trkpt lat="46.9992940354" lon="8.8022878045">
				<ele>1893.1</ele>
				<extensions>
					<swisstopo:routepoint_id>1089661407</swisstopo:routepoint_id>
				</extensions>
			</trkpt>
			<trkpt lat="46.9992815440" lon="8.8023350892">
				<ele>1894.7</ele>
				<extensions>
					<swisstopo:routepoint_id>1883441341</swisstopo:routepoint_id>
				</extensions>
			</trkpt>
			<trkpt lat="46.9992668046" lon="8.8024087737">
				<ele>1896.3</ele>
				<extensions>
					<swisstopo:routepoint_id>1608520711</swisstopo:routepoint_id>
				</extensions>
			</trkpt>
			<trkpt lat="46.9992579503" lon="8.8025020444">
				<ele>1899.2</ele>
				<extensions>
					<swisstopo:routepoint_id>1444571378</swisstopo:routepoint_id>
				</extensions>
			</trkpt>
			<trkpt lat="46.9992479121" lon="8.8026146797">
				<ele>1902.9</ele>
				<extensions>
					<swisstopo:routepoint_id>1526208678</swisstopo:routepoint_id>
				</extensions>
			</trkpt>
			<trkpt lat="46.9992511004" lon="8.8027135690">
				<ele>1906.1</ele>
				<extensions>
					<swisstopo:routepoint_id>1546401696</swisstopo:routepoint_id>
				</extensions>
			</trkpt>
			<trkpt lat="46.9992563029" lon="8.8028125224">
				<ele>1909.4</ele>
				<extensions>
					<swisstopo:routepoint_id>1795177257</swisstopo:routepoint_id>
				</extensions>
			</trkpt>
			<trkpt lat="46.9992515227" lon="8.8029005961">
				<ele>1912.1</ele>
				<extensions>
					<swisstopo:routepoint_id>629900760</swisstopo:routepoint_id>
				</extensions>
			</trkpt>
			<trkpt lat="46.9992397688" lon="8.8029796559">
				<ele>1914.1</ele>
				<extensions>
					<swisstopo:routepoint_id>391917787</swisstopo:routepoint_id>
				</extensions>
			</trkpt>
			<trkpt lat="46.9992261050" lon="8.8030445712">
				<ele>1916.0</ele>
				<extensions>
					<swisstopo:routepoint_id>1167870081</swisstopo:routepoint_id>
				</extensions>
			</trkpt>
			<trkpt lat="46.9991925290" lon="8.8030824437">
				<ele>1917.7</ele>
				<extensions>
					<swisstopo:routepoint_id>424020861</swisstopo:routepoint_id>
				</extensions>
			</trkpt>
			<trkpt lat="46.9991818873" lon="8.8031474228">
				<ele>1919.6</ele>
				<extensions>
					<swisstopo:routepoint_id>1110246292</swisstopo:routepoint_id>
				</extensions>
			</trkpt>
			<trkpt lat="46.9991692036" lon="8.8032176486">
				<ele>1921.8</ele>
				<extensions>
					<swisstopo:routepoint_id>170771012</swisstopo:routepoint_id>
				</extensions>
			</trkpt>
			<trkpt lat="46.9991543620" lon="8.8033036911">
				<ele>1923.8</ele>
				<extensions>
					<swisstopo:routepoint_id>459865795</swisstopo:routepoint_id>
				</extensions>
			</trkpt>
			<trkpt lat="46.9991465291" lon="8.8033934496">
				<ele>1925.7</ele>
				<extensions>
					<swisstopo:routepoint_id>602350079</swisstopo:routepoint_id>
				</extensions>
			</trkpt>
			<trkpt lat="46.9991428661" lon="8.8034692180">
				<ele>1928.5</ele>
				<extensions>
					<swisstopo:routepoint_id>2009524464</swisstopo:routepoint_id>
				</extensions>
			</trkpt>
			<trkpt lat="46.9991400790" lon="8.8035591177">
				<ele>1932.0</ele>
				<extensions>
					<swisstopo:routepoint_id>314569333</swisstopo:routepoint_id>
				</extensions>
			</trkpt>
			<trkpt lat="46.9991232793" lon="8.8036380490">
				<ele>1935.5</ele>
				<extensions>
					<swisstopo:routepoint_id>47294789</swisstopo:routepoint_id>
				</extensions>
			</trkpt>
			<trkpt lat="46.9991154971" lon="8.8037242843">
				<ele>1939.2</ele>
				<extensions>
					<swisstopo:routepoint_id>1182032398</swisstopo:routepoint_id>
				</extensions>
			</trkpt>
			<trkpt lat="46.9991170084" lon="8.8037825370">
				<ele>1942.1</ele>
				<extensions>
					<swisstopo:routepoint_id>1463200885</swisstopo:routepoint_id>
				</extensions>
			</trkpt>
			<trkpt lat="46.9991245153" lon="8.8038480299">
				<ele>1944.8</ele>
				<extensions>
					<swisstopo:routepoint_id>636141893</swisstopo:routepoint_id>
				</extensions>
			</trkpt>
			<trkpt lat="46.9991200605" lon="8.8038973204">
				<ele>1947.0</ele>
				<extensions>
					<swisstopo:routepoint_id>288677438</swisstopo:routepoint_id>
				</extensions>
			</trkpt>
			<trkpt lat="46.9991155490" lon="8.8039536443">
				<ele>1949.4</ele>
				<extensions>
					<swisstopo:routepoint_id>286229074</swisstopo:routepoint_id>
				</extensions>
			</trkpt>
			<trkpt lat="46.9991303319" lon="8.8039928647">
				<ele>1950.3</ele>
				<extensions>
					<swisstopo:routepoint_id>1838289609</swisstopo:routepoint_id>
				</extensions>
			</trkpt>
			<trkpt lat="46.9991195307" lon="8.8040772616">
				<ele>1953.3</ele>
				<extensions>
					<swisstopo:routepoint_id>1134862888</swisstopo:routepoint_id>
				</extensions>
			</trkpt>
			<trkpt lat="46.9991279879" lon="8.8041498271">
				<ele>1955.0</ele>
				<extensions>
					<swisstopo:routepoint_id>1290959847</swisstopo:routepoint_id>
				</extensions>
			</trkpt>
			<trkpt lat="46.9991402932" lon="8.8042127855">
				<ele>1956.2</ele>
				<extensions>
					<swisstopo:routepoint_id>71374239</swisstopo:routepoint_id>
				</extensions>
			</trkpt>
			<trkpt lat="46.9991769545" lon="8.8043292262">
				<ele>1956.4</ele>
				<extensions>
					<swisstopo:routepoint_id>1077004286</swisstopo:routepoint_id>
				</extensions>
			</trkpt>
			<trkpt lat="46.9992237332" lon="8.8044566153">
				<ele>1960.8</ele>
				<extensions>
					<swisstopo:routepoint_id>861255238</swisstopo:routepoint_id>
				</extensions>
			</trkpt>
			<trkpt lat="46.9992459395" lon="8.8045577112">
				<ele>1960.3</ele>
				<extensions>
					<swisstopo:routepoint_id>1746327141</swisstopo:routepoint_id>
				</extensions>
			</trkpt>
			<trkpt lat="46.9992724166" lon="8.8046696192">
				<ele>1965.3</ele>
				<extensions>
					<swisstopo:routepoint_id>1782795155</swisstopo:routepoint_id>
				</extensions>
			</trkpt>
			<trkpt lat="46.9992848714" lon="8.8047298210">
				<ele>1967.7</ele>
				<extensions>
					<swisstopo:routepoint_id>2061598379</swisstopo:routepoint_id>
				</extensions>
			</trkpt>
			<trkpt lat="46.9993252535" lon="8.8047800429">
				<ele>1968.8</ele>
				<extensions>
					<swisstopo:routepoint_id>128790244</swisstopo:routepoint_id>
				</extensions>
			</trkpt>
			<trkpt lat="46.9993830810" lon="8.8048392688">
				<ele>1968.6</ele>
				<extensions>
					<swisstopo:routepoint_id>140174829</swisstopo:routepoint_id>
				</extensions>
			</trkpt>
			<trkpt lat="46.9994383509" lon="8.8048684880">
				<ele>1966.0</ele>
				<extensions>
					<swisstopo:routepoint_id>692666688</swisstopo:routepoint_id>
				</extensions>
			</trkpt>
			<trkpt lat="46.9994889083" lon="8.8049232560">
				<ele>1962.4</ele>
				<extensions>
					<swisstopo:routepoint_id>2004418911</swisstopo:routepoint_id>
				</extensions>
			</trkpt>
			<trkpt lat="46.9995468374" lon="8.8049739245">
				<ele>1956.3</ele>
				<extensions>
					<swisstopo:routepoint_id>1420701351</swisstopo:routepoint_id>
				</extensions>
			</trkpt>
			<trkpt lat="46.9995825341" lon="8.8050496827">
				<ele>1956.5</ele>
				<extensions>
					<swisstopo:routepoint_id>1458998571</swisstopo:routepoint_id>
				</extensions>
			</trkpt>
			<trkpt lat="46.9995876421" lon="8.8051118544">
				<ele>1954.5</ele>
				<extensions>
					<swisstopo:routepoint_id>1275263033</swisstopo:routepoint_id>
				</extensions>
			</trkpt>
			<trkpt lat="46.9995909452" lon="8.8052039219">
				<ele>1951.3</ele>
				<extensions>
					<swisstopo:routepoint_id>1537314870</swisstopo:routepoint_id>
				</extensions>
			</trkpt>
			<trkpt lat="46.9996253966" lon="8.8052663929">
				<ele>1951.0</ele>
				<extensions>
					<swisstopo:routepoint_id>376638997</swisstopo:routepoint_id>
				</extensions>
			</trkpt>
			<trkpt lat="46.9996752392" lon="8.8053312818">
				<ele>1950.0</ele>
				<extensions>
					<swisstopo:routepoint_id>525042360</swisstopo:routepoint_id>
				</extensions>
			</trkpt>
			<trkpt lat="46.9996915862" lon="8.8054234845">
				<ele>1949.5</ele>
				<extensions>
					<swisstopo:routepoint_id>503201978</swisstopo:routepoint_id>
				</extensions>
			</trkpt>
			<trkpt lat="46.9996999312" lon="8.8055084235">
				<ele>1948.8</ele>
				<extensions>
					<swisstopo:routepoint_id>1909727720</swisstopo:routepoint_id>
				</extensions>
			</trkpt>
			<trkpt lat="46.9997051676" lon="8.8056020655">
				<ele>1947.9</ele>
				<extensions>
					<swisstopo:routepoint_id>364394931</swisstopo:routepoint_id>
				</extensions>
			</trkpt>
			<trkpt lat="46.9996916916" lon="8.8056458142">
				<ele>1948.1</ele>
				<extensions>
					<swisstopo:routepoint_id>1296280478</swisstopo:routepoint_id>
				</extensions>
			</trkpt>
			<trkpt lat="46.9997082844" lon="8.8057097764">
				<ele>1947.3</ele>
				<extensions>
					<swisstopo:routepoint_id>632043220</swisstopo:routepoint_id>
				</extensions>
			</trkpt>
			<trkpt lat="46.9997087633" lon="8.8057715413">
				<ele>1947.2</ele>
				<extensions>
					<swisstopo:routepoint_id>383229339</swisstopo:routepoint_id>
				</extensions>
			</trkpt>
			<trkpt lat="46.9996921301" lon="8.8058310674">
				<ele>1946.0</ele>
				<extensions>
					<swisstopo:routepoint_id>2007594829</swisstopo:routepoint_id>
				</extensions>
			</trkpt>
			<trkpt lat="46.9997007334" lon="8.8058860035">
				<ele>1946.2</ele>
				<extensions>
					<swisstopo:routepoint_id>179640752</swisstopo:routepoint_id>
				</extensions>
			</trkpt>
			<trkpt lat="46.9996969127" lon="8.8059794021">
				<ele>1946.6</ele>
				<extensions>
					<swisstopo:routepoint_id>1832150155</swisstopo:routepoint_id>
				</extensions>
			</trkpt>
			<trkpt lat="46.9996892221" lon="8.8060532931">
				<ele>1947.3</ele>
				<extensions>
					<swisstopo:routepoint_id>495230040</swisstopo:routepoint_id>
				</extensions>
			</trkpt>
			<trkpt lat="46.9996675104" lon="8.8061162019">
				<ele>1948.9</ele>
				<extensions>
					<swisstopo:routepoint_id>162301390</swisstopo:routepoint_id>
				</extensions>
			</trkpt>
			<trkpt lat="46.9996357466" lon="8.8061770648">
				<ele>1951.3</ele>
				<extensions>
					<swisstopo:routepoint_id>424983216</swisstopo:routepoint_id>
				</extensions>
			</trkpt>
			<trkpt lat="46.9996261492" lon="8.8062403209">
				<ele>1952.2</ele>
				<extensions>
					<swisstopo:routepoint_id>1885446164</swisstopo:routepoint_id>
				</extensions>
			</trkpt>
			<trkpt lat="46.9996205389" lon="8.8063072164">
				<ele>1953.4</ele>
				<extensions>
					<swisstopo:routepoint_id>1282699250</swisstopo:routepoint_id>
				</extensions>
			</trkpt>
			<trkpt lat="46.9995899537" lon="8.8063469379">
				<ele>1953.1</ele>
				<extensions>
					<swisstopo:routepoint_id>102039308</swisstopo:routepoint_id>
				</extensions>
			</trkpt>
			<trkpt lat="46.9995694715" lon="8.8063851688">
				<ele>1953.4</ele>
				<extensions>
					<swisstopo:routepoint_id>457945108</swisstopo:routepoint_id>
				</extensions>
			</trkpt>
			<trkpt lat="46.9995448818" lon="8.8064321317">
				<ele>1953.6</ele>
				<extensions>
					<swisstopo:routepoint_id>1369627843</swisstopo:routepoint_id>
				</extensions>
			</trkpt>
			<trkpt lat="46.9995343372" lon="8.8064865268">
				<ele>1953.6</ele>
				<extensions>
					<swisstopo:routepoint_id>513090764</swisstopo:routepoint_id>
				</extensions>
			</trkpt>
			<trkpt lat="46.9995097352" lon="8.8065352517">
				<ele>1954.5</ele>
				<extensions>
					<swisstopo:routepoint_id>1886729138</swisstopo:routepoint_id>
				</extensions>
			</trkpt>
			<trkpt lat="46.9994883932" lon="8.8065558131">
				<ele>1955.2</ele>
				<extensions>
					<swisstopo:routepoint_id>2001806720</swisstopo:routepoint_id>
				</extensions>
			</trkpt>
			<trkpt lat="46.9994799322" lon="8.8066014517">
				<ele>1955.2</ele>
				<extensions>
					<swisstopo:routepoint_id>1446766922</swisstopo:routepoint_id>
				</extensions>
			</trkpt>
			<trkpt lat="46.9994545572" lon="8.8066236853">
				<ele>1956.4</ele>
				<extensions>
					<swisstopo:routepoint_id>654923571</swisstopo:routepoint_id>
				</extensions>
			</trkpt>
			<trkpt lat="46.9994520050" lon="8.8066853581">
				<ele>1956.1</ele>
				<extensions>
					<swisstopo:routepoint_id>1964040344</swisstopo:routepoint_id>
				</extensions>
			</trkpt>
			<trkpt lat="46.9994638308" lon="8.8067174557">
				<ele>1955.5</ele>
				<extensions>
					<swisstopo:routepoint_id>782727517</swisstopo:routepoint_id>
				</extensions>
			</trkpt>
			<trkpt lat="46.9994670157" lon="8.8068163457">
				<ele>1953.6</ele>
				<extensions>
					<swisstopo:routepoint_id>2074443966</swisstopo:routepoint_id>
				</extensions>
			</trkpt>
			<trkpt lat="46.9994664206" lon="8.8068851314">
				<ele>1952.5</ele>
				<extensions>
					<swisstopo:routepoint_id>274707967</swisstopo:routepoint_id>
				</extensions>
			</trkpt>
			<trkpt lat="46.9994788962" lon="8.8069578250">
				<ele>1952.8</ele>
				<extensions>
					<swisstopo:routepoint_id>717973780</swisstopo:routepoint_id>
				</extensions>
			</trkpt>
			<trkpt lat="46.9994914470" lon="8.8070234483">
				<ele>1953.5</ele>
				<extensions>
					<swisstopo:routepoint_id>119127312</swisstopo:routepoint_id>
				</extensions>
			</trkpt>
			<trkpt lat="46.9995069204" lon="8.8070997566">
				<ele>1954.6</ele>
				<extensions>
					<swisstopo:routepoint_id>1132844002</swisstopo:routepoint_id>
				</extensions>
			</trkpt>
			<trkpt lat="46.9995163650" lon="8.8071723491">
				<ele>1956.0</ele>
				<extensions>
					<swisstopo:routepoint_id>959388354</swisstopo:routepoint_id>
				</extensions>
			</trkpt>
			<trkpt lat="46.9995137400" lon="8.8072446065">
				<ele>1957.3</ele>
				<extensions>
					<swisstopo:routepoint_id>1068751866</swisstopo:routepoint_id>
				</extensions>
			</trkpt>
			<trkpt lat="46.9995060936" lon="8.8073131980">
				<ele>1959.4</ele>
				<extensions>
					<swisstopo:routepoint_id>954401387</swisstopo:routepoint_id>
				</extensions>
			</trkpt>
			<trkpt lat="46.9995093680" lon="8.8074015167">
				<ele>1960.5</ele>
				<extensions>
					<swisstopo:routepoint_id>465789986</swisstopo:routepoint_id>
				</extensions>
			</trkpt>
			<trkpt lat="46.9995155168" lon="8.8075075564">
				<ele>1963.7</ele>
				<extensions>
					<swisstopo:routepoint_id>1147941862</swisstopo:routepoint_id>
				</extensions>
			</trkpt>
			<trkpt lat="46.9995317053" lon="8.8076173902">
				<ele>1963.7</ele>
				<extensions>
					<swisstopo:routepoint_id>15656628</swisstopo:routepoint_id>
				</extensions>
			</trkpt>
			<trkpt lat="46.9995469650" lon="8.8077183766">
				<ele>1964.2</ele>
				<extensions>
					<swisstopo:routepoint_id>787850290</swisstopo:routepoint_id>
				</extensions>
			</trkpt>
			<trkpt lat="46.9995713320" lon="8.8078160959">
				<ele>1964.1</ele>
				<extensions>
					<swisstopo:routepoint_id>370844612</swisstopo:routepoint_id>
				</extensions>
			</trkpt>
			<trkpt lat="46.9995826643" lon="8.8079046349">
				<ele>1964.2</ele>
				<extensions>
					<swisstopo:routepoint_id>1959040288</swisstopo:routepoint_id>
				</extensions>
			</trkpt>
			<trkpt lat="46.9996000975" lon="8.8079862812">
				<ele>1964.3</ele>
				<extensions>
					<swisstopo:routepoint_id>505203897</swisstopo:routepoint_id>
				</extensions>
			</trkpt>
			<trkpt lat="46.9996104436" lon="8.8080730181">
				<ele>1964.3</ele>
				<extensions>
					<swisstopo:routepoint_id>351278500</swisstopo:routepoint_id>
				</extensions>
			</trkpt>
			<trkpt lat="46.9996063381" lon="8.8081999404">
				<ele>1964.7</ele>
				<extensions>
					<swisstopo:routepoint_id>232695841</swisstopo:routepoint_id>
				</extensions>
			</trkpt>
			<trkpt lat="46.9996062856" lon="8.8083234313">
				<ele>1964.8</ele>
				<extensions>
					<swisstopo:routepoint_id>2136764546</swisstopo:routepoint_id>
				</extensions>
			</trkpt>
			<trkpt lat="46.9995993069" lon="8.8084326323">
				<ele>1964.5</ele>
				<extensions>
					<swisstopo:routepoint_id>2061747213</swisstopo:routepoint_id>
				</extensions>
			</trkpt>
			<trkpt lat="46.9995861500" lon="8.8085557759">
				<ele>1964.1</ele>
				<extensions>
					<swisstopo:routepoint_id>1822806924</swisstopo:routepoint_id>
				</extensions>
			</trkpt>
			<trkpt lat="46.9995771343" lon="8.8086666748">
				<ele>1963.8</ele>
				<extensions>
					<swisstopo:routepoint_id>1969476305</swisstopo:routepoint_id>
				</extensions>
			</trkpt>
			<trkpt lat="46.9995590948" lon="8.8087737794">
				<ele>1963.6</ele>
				<extensions>
					<swisstopo:routepoint_id>1115576945</swisstopo:routepoint_id>
				</extensions>
			</trkpt>
			<trkpt lat="46.9995531823" lon="8.8088742013">
				<ele>1963.1</ele>
				<extensions>
					<swisstopo:routepoint_id>1650256850</swisstopo:routepoint_id>
				</extensions>
			</trkpt>
			<trkpt lat="46.9995613555" lon="8.8089785176">
				<ele>1961.1</ele>
				<extensions>
					<swisstopo:routepoint_id>740160382</swisstopo:routepoint_id>
				</extensions>
			</trkpt>
			<trkpt lat="46.9995846692" lon="8.8090814967">
				<ele>1958.4</ele>
				<extensions>
					<swisstopo:routepoint_id>1819789508</swisstopo:routepoint_id>
				</extensions>
			</trkpt>
			<trkpt lat="46.9996049317" lon="8.8091861638">
				<ele>1957.9</ele>
				<extensions>
					<swisstopo:routepoint_id>1426951251</swisstopo:routepoint_id>
				</extensions>
			</trkpt>
			<trkpt lat="46.9996313035" lon="8.8092839337">
				<ele>1957.3</ele>
				<extensions>
					<swisstopo:routepoint_id>871497913</swisstopo:routepoint_id>
				</extensions>
			</trkpt>
			<trkpt lat="46.9996617933" lon="8.8093712402">
				<ele>1957.1</ele>
				<extensions>
					<swisstopo:routepoint_id>610168734</swisstopo:routepoint_id>
				</extensions>
			</trkpt>
			<trkpt lat="46.9996812579" lon="8.8094529388">
				<ele>1956.8</ele>
				<extensions>
					<swisstopo:routepoint_id>1370275766</swisstopo:routepoint_id>
				</extensions>
			</trkpt>
			<trkpt lat="46.9996834667" lon="8.8095482778">
				<ele>1956.5</ele>
				<extensions>
					<swisstopo:routepoint_id>448309806</swisstopo:routepoint_id>
				</extensions>
			</trkpt>
			<trkpt lat="46.9996978643" lon="8.8096316096">
				<ele>1956.5</ele>
				<extensions>
					<swisstopo:routepoint_id>1253992552</swisstopo:routepoint_id>
				</extensions>
			</trkpt>
			<trkpt lat="46.9997101693" lon="8.8097236976">
				<ele>1955.8</ele>
				<extensions>
					<swisstopo:routepoint_id>1860324175</swisstopo:routepoint_id>
				</extensions>
			</trkpt>
			<trkpt lat="46.9997519965" lon="8.8097830872">
				<ele>1956.2</ele>
				<extensions>
					<swisstopo:routepoint_id>1327929457</swisstopo:routepoint_id>
				</extensions>
			</trkpt>
			<trkpt lat="46.9997980245" lon="8.8098214242">
				<ele>1956.2</ele>
				<extensions>
					<swisstopo:routepoint_id>1469470451</swisstopo:routepoint_id>
				</extensions>
			</trkpt>
			<trkpt lat="46.9998501183" lon="8.8098581699">
				<ele>1956.5</ele>
				<extensions>
					<swisstopo:routepoint_id>212829758</swisstopo:routepoint_id>
				</extensions>
			</trkpt>
			<trkpt lat="46.9999050596" lon="8.8099161579">
				<ele>1957.8</ele>
				<extensions>
					<swisstopo:routepoint_id>2137530003</swisstopo:routepoint_id>
				</extensions>
			</trkpt>
			<trkpt lat="46.9999326402" lon="8.8099910276">
				<ele>1958.2</ele>
				<extensions>
					<swisstopo:routepoint_id>1175384787</swisstopo:routepoint_id>
				</extensions>
			</trkpt>
			<trkpt lat="46.9999548819" lon="8.8100992810">
				<ele>1958.9</ele>
				<extensions>
					<swisstopo:routepoint_id>262643796</swisstopo:routepoint_id>
				</extensions>
			</trkpt>
			<trkpt lat="46.9999781946" lon="8.8102022645">
				<ele>1959.7</ele>
				<extensions>
					<swisstopo:routepoint_id>2123989011</swisstopo:routepoint_id>
				</extensions>
			</trkpt>
			<trkpt lat="47.0000042146" lon="8.8103406098">
				<ele>1960.0</ele>
				<extensions>
					<swisstopo:routepoint_id>55963250</swisstopo:routepoint_id>
				</extensions>
			</trkpt>
			<trkpt lat="47.0000315809" lon="8.8104401851">
				<ele>1960.9</ele>
				<extensions>
					<swisstopo:routepoint_id>1432851644</swisstopo:routepoint_id>
				</extensions>
			</trkpt>
			<trkpt lat="47.0000781554" lon="8.8105314644">
				<ele>1961.6</ele>
				<extensions>
					<swisstopo:routepoint_id>117253249</swisstopo:routepoint_id>
				</extensions>
			</trkpt>
			<trkpt lat="47.0001407023" lon="8.8106426046">
				<ele>1961.4</ele>
				<extensions>
					<swisstopo:routepoint_id>2037350152</swisstopo:routepoint_id>
				</extensions>
			</trkpt>
			<trkpt lat="47.0001932387" lon="8.8107446508">
				<ele>1960.9</ele>
				<extensions>
					<swisstopo:routepoint_id>1438591554</swisstopo:routepoint_id>
				</extensions>
			</trkpt>
			<trkpt lat="47.0002268700" lon="8.8108196916">
				<ele>1960.9</ele>
				<extensions>
					<swisstopo:routepoint_id>2119714691</swisstopo:routepoint_id>
				</extensions>
			</trkpt>
			<trkpt lat="47.0002594323" lon="8.8109000028">
				<ele>1961.5</ele>
				<extensions>
					<swisstopo:routepoint_id>733160790</swisstopo:routepoint_id>
				</extensions>
			</trkpt>
			<trkpt lat="47.0002738958" lon="8.8109762617">
				<ele>1962.6</ele>
				<extensions>
					<swisstopo:routepoint_id>1078065847</swisstopo:routepoint_id>
				</extensions>
			</trkpt>
			<trkpt lat="47.0002783096" lon="8.8110487386">
				<ele>1963.7</ele>
				<extensions>
					<swisstopo:routepoint_id>779352700</swisstopo:routepoint_id>
				</extensions>
			</trkpt>
			<trkpt lat="47.0002956371" lon="8.8111444814">
				<ele>1964.8</ele>
				<extensions>
					<swisstopo:routepoint_id>243326484</swisstopo:routepoint_id>
				</extensions>
			</trkpt>
			<trkpt lat="47.0003017834" lon="8.8112487607">
				<ele>1966.2</ele>
				<extensions>
					<swisstopo:routepoint_id>1622222628</swisstopo:routepoint_id>
				</extensions>
			</trkpt>
			<trkpt lat="47.0003241998" lon="8.8113393751">
				<ele>1966.9</ele>
				<extensions>
					<swisstopo:routepoint_id>1377746826</swisstopo:routepoint_id>
				</extensions>
			</trkpt>
			<trkpt lat="47.0003447761" lon="8.8114069781">
				<ele>1967.7</ele>
				<extensions>
					<swisstopo:routepoint_id>323731411</swisstopo:routepoint_id>
				</extensions>
			</trkpt>
			<trkpt lat="47.0003470744" lon="8.8114917516">
				<ele>1968.4</ele>
				<extensions>
					<swisstopo:routepoint_id>902097833</swisstopo:routepoint_id>
				</extensions>
			</trkpt>
			<trkpt lat="47.0003564673" lon="8.8115713902">
				<ele>1968.8</ele>
				<extensions>
					<swisstopo:routepoint_id>1678865338</swisstopo:routepoint_id>
				</extensions>
			</trkpt>
			<trkpt lat="47.0003760600" lon="8.8116354588">
				<ele>1968.8</ele>
				<extensions>
					<swisstopo:routepoint_id>1725932081</swisstopo:routepoint_id>
				</extensions>
			</trkpt>
			<trkpt lat="47.0003825189" lon="8.8117062290">
				<ele>1969.0</ele>
				<extensions>
					<swisstopo:routepoint_id>96826980</swisstopo:routepoint_id>
				</extensions>
			</trkpt>
			<trkpt lat="47.0003788096" lon="8.8117855066">
				<ele>1968.7</ele>
				<extensions>
					<swisstopo:routepoint_id>1380339303</swisstopo:routepoint_id>
				</extensions>
			</trkpt>
			<trkpt lat="47.0003922187" lon="8.8118670525">
				<ele>1968.3</ele>
				<extensions>
					<swisstopo:routepoint_id>1284458021</swisstopo:routepoint_id>
				</extensions>
			</trkpt>
			<trkpt lat="47.0003955895" lon="8.8119447777">
				<ele>1968.4</ele>
				<extensions>
					<swisstopo:routepoint_id>1377471183</swisstopo:routepoint_id>
				</extensions>
			</trkpt>
			<trkpt lat="47.0004021557" lon="8.8120014245">
				<ele>1968.5</ele>
				<extensions>
					<swisstopo:routepoint_id>2095178606</swisstopo:routepoint_id>
				</extensions>
			</trkpt>
			<trkpt lat="47.0004108829" lon="8.8120404690">
				<ele>1968.6</ele>
				<extensions>
					<swisstopo:routepoint_id>1793932177</swisstopo:routepoint_id>
				</extensions>
			</trkpt>
			<trkpt lat="47.0004034562" lon="8.8120843845">
				<ele>1969.4</ele>
				<extensions>
					<swisstopo:routepoint_id>1076723457</swisstopo:routepoint_id>
				</extensions>
			</trkpt>
			<trkpt lat="47.0004141321" lon="8.8121305515">
				<ele>1970.0</ele>
				<extensions>
					<swisstopo:routepoint_id>1716696586</swisstopo:routepoint_id>
				</extensions>
			</trkpt>
			<trkpt lat="47.0004268266" lon="8.8121785457">
				<ele>1970.6</ele>
				<extensions>
					<swisstopo:routepoint_id>1617710458</swisstopo:routepoint_id>
				</extensions>
			</trkpt>
			<trkpt lat="47.0004395023" lon="8.8122282988">
				<ele>1971.0</ele>
				<extensions>
					<swisstopo:routepoint_id>255898136</swisstopo:routepoint_id>
				</extensions>
			</trkpt>
			<trkpt lat="47.0004428516" lon="8.8123077990">
				<ele>1971.6</ele>
				<extensions>
					<swisstopo:routepoint_id>522735259</swisstopo:routepoint_id>
				</extensions>
			</trkpt>
			<trkpt lat="47.0004501720" lon="8.8123944606">
				<ele>1972.2</ele>
				<extensions>
					<swisstopo:routepoint_id>2040568607</swisstopo:routepoint_id>
				</extensions>
			</trkpt>
			<trkpt lat="47.0004606546" lon="8.8124635586">
				<ele>1973.1</ele>
				<extensions>
					<swisstopo:routepoint_id>267550654</swisstopo:routepoint_id>
				</extensions>
			</trkpt>
			<trkpt lat="47.0004670129" lon="8.8125448984">
				<ele>1974.2</ele>
				<extensions>
					<swisstopo:routepoint_id>1643945508</swisstopo:routepoint_id>
				</extensions>
			</trkpt>
			<trkpt lat="47.0004734169" lon="8.8126209357">
				<ele>1975.1</ele>
				<extensions>
					<swisstopo:routepoint_id>741309965</swisstopo:routepoint_id>
				</extensions>
			</trkpt>
			<trkpt lat="47.0004757917" lon="8.8126968731">
				<ele>1976.3</ele>
				<extensions>
					<swisstopo:routepoint_id>623832717</swisstopo:routepoint_id>
				</extensions>
			</trkpt>
			<trkpt lat="47.0004771410" lon="8.8127727714">
				<ele>1977.5</ele>
				<extensions>
					<swisstopo:routepoint_id>1812499516</swisstopo:routepoint_id>
				</extensions>
			</trkpt>
			<trkpt lat="47.0004617597" lon="8.8128041098">
				<ele>1978.3</ele>
				<extensions>
					<swisstopo:routepoint_id>1976503216</swisstopo:routepoint_id>
				</extensions>
			</trkpt>
			<trkpt lat="47.0004464277" lon="8.8128283867">
				<ele>1979.0</ele>
				<extensions>
					<swisstopo:routepoint_id>1048113130</swisstopo:routepoint_id>
				</extensions>
			</trkpt>
			<trkpt lat="47.0004429755" lon="8.8128776914">
				<ele>1980.0</ele>
				<extensions>
					<swisstopo:routepoint_id>1878200169</swisstopo:routepoint_id>
				</extensions>
			</trkpt>
			<trkpt lat="47.0004292336" lon="8.8129531615">
				<ele>1981.3</ele>
				<extensions>
					<swisstopo:routepoint_id>1968840735</swisstopo:routepoint_id>
				</extensions>
			</trkpt>
			<trkpt lat="47.0004245823" lon="8.8130253680">
				<ele>1982.8</ele>
				<extensions>
					<swisstopo:routepoint_id>2039249144</swisstopo:routepoint_id>
				</extensions>
			</trkpt>
			<trkpt lat="47.0004249569" lon="8.8130977291">
				<ele>1983.7</ele>
				<extensions>
					<swisstopo:routepoint_id>483742777</swisstopo:routepoint_id>
				</extensions>
			</trkpt>
			<trkpt lat="47.0004213200" lon="8.8131699615">
				<ele>1984.4</ele>
				<extensions>
					<swisstopo:routepoint_id>685148513</swisstopo:routepoint_id>
				</extensions>
			</trkpt>
			<trkpt lat="47.0004076147" lon="8.8132401606">
				<ele>1984.9</ele>
				<extensions>
					<swisstopo:routepoint_id>164612607</swisstopo:routepoint_id>
				</extensions>
			</trkpt>
			<trkpt lat="47.0003988920" lon="8.8133157751">
				<ele>1985.9</ele>
				<extensions>
					<swisstopo:routepoint_id>1122752628</swisstopo:routepoint_id>
				</extensions>
			</trkpt>
			<trkpt lat="47.0003964015" lon="8.8133704019">
				<ele>1986.7</ele>
				<extensions>
					<swisstopo:routepoint_id>1900181595</swisstopo:routepoint_id>
				</extensions>
			</trkpt>
			<trkpt lat="47.0003950652" lon="8.8134091727">
				<ele>1987.4</ele>
				<extensions>
					<swisstopo:routepoint_id>1504003255</swisstopo:routepoint_id>
				</extensions>
			</trkpt>
			<trkpt lat="47.0003796291" lon="8.8134457971">
				<ele>1987.9</ele>
				<extensions>
					<swisstopo:routepoint_id>1610159186</swisstopo:routepoint_id>
				</extensions>
			</trkpt>
			<trkpt lat="47.0003792771" lon="8.8134863687">
				<ele>1988.8</ele>
				<extensions>
					<swisstopo:routepoint_id>335628144</swisstopo:routepoint_id>
				</extensions>
			</trkpt>
			<trkpt lat="47.0003737405" lon="8.8135444424">
				<ele>1990.1</ele>
				<extensions>
					<swisstopo:routepoint_id>89716734</swisstopo:routepoint_id>
				</extensions>
			</trkpt>
			<trkpt lat="47.0003732746" lon="8.8135991080">
				<ele>1991.4</ele>
				<extensions>
					<swisstopo:routepoint_id>1126709140</swisstopo:routepoint_id>
				</extensions>
			</trkpt>
			<trkpt lat="47.0003776802" lon="8.8136715850">
				<ele>1993.1</ele>
				<extensions>
					<swisstopo:routepoint_id>446762036</swisstopo:routepoint_id>
				</extensions>
			</trkpt>
			<trkpt lat="47.0003934078" lon="8.8137178981">
				<ele>1993.7</ele>
				<extensions>
					<swisstopo:routepoint_id>622537460</swisstopo:routepoint_id>
				</extensions>
			</trkpt>
			<trkpt lat="47.0004026758" lon="8.8138116698">
				<ele>1995.3</ele>
				<extensions>
					<swisstopo:routepoint_id>2135126690</swisstopo:routepoint_id>
				</extensions>
			</trkpt>
			<trkpt lat="47.0004089982" lon="8.8138983093">
				<ele>1996.5</ele>
				<extensions>
					<swisstopo:routepoint_id>496909118</swisstopo:routepoint_id>
				</extensions>
			</trkpt>
			<trkpt lat="47.0004295518" lon="8.8139676879">
				<ele>1997.2</ele>
				<extensions>
					<swisstopo:routepoint_id>1832807898</swisstopo:routepoint_id>
				</extensions>
			</trkpt>
			<trkpt lat="47.0004610445" lon="8.8140567868">
				<ele>1998.4</ele>
				<extensions>
					<swisstopo:routepoint_id>466353343</swisstopo:routepoint_id>
				</extensions>
			</trkpt>
			<trkpt lat="47.0004935654" lon="8.8141423867">
				<ele>1999.2</ele>
				<extensions>
					<swisstopo:routepoint_id>930983055</swisstopo:routepoint_id>
				</extensions>
			</trkpt>
			<trkpt lat="47.0005140169" lon="8.8142241139">
				<ele>1999.3</ele>
				<extensions>
					<swisstopo:routepoint_id>1217989237</swisstopo:routepoint_id>
				</extensions>
			</trkpt>
			<trkpt lat="47.0005276077" lon="8.8142844921">
				<ele>1998.9</ele>
				<extensions>
					<swisstopo:routepoint_id>534547634</swisstopo:routepoint_id>
				</extensions>
			</trkpt>
			<trkpt lat="47.0005331191" lon="8.8143463870">
				<ele>1999.1</ele>
				<extensions>
					<swisstopo:routepoint_id>1815049667</swisstopo:routepoint_id>
				</extensions>
			</trkpt>
			<trkpt lat="47.0005517993" lon="8.8144016210">
				<ele>1999.1</ele>
				<extensions>
					<swisstopo:routepoint_id>1386830194</swisstopo:routepoint_id>
				</extensions>
			</trkpt>
			<trkpt lat="47.0005734942" lon="8.8144569225">
				<ele>1998.0</ele>
				<extensions>
					<swisstopo:routepoint_id>193147773</swisstopo:routepoint_id>
				</extensions>
			</trkpt>
			<trkpt lat="47.0005879341" lon="8.8145349579">
				<ele>1997.3</ele>
				<extensions>
					<swisstopo:routepoint_id>774572441</swisstopo:routepoint_id>
				</extensions>
			</trkpt>
			<trkpt lat="47.0006245295" lon="8.8146153880">
				<ele>1996.7</ele>
				<extensions>
					<swisstopo:routepoint_id>145963045</swisstopo:routepoint_id>
				</extensions>
			</trkpt>
			<trkpt lat="47.0006581642" lon="8.8146886568">
				<ele>1996.3</ele>
				<extensions>
					<swisstopo:routepoint_id>1870607875</swisstopo:routepoint_id>
				</extensions>
			</trkpt>
			<trkpt lat="47.0006951120" lon="8.8147285155">
				<ele>1996.5</ele>
				<extensions>
					<swisstopo:routepoint_id>10460926</swisstopo:routepoint_id>
				</extensions>
			</trkpt>
			<trkpt lat="47.0007239453" lon="8.8147752005">
				<ele>1996.1</ele>
				<extensions>
					<swisstopo:routepoint_id>323777832</swisstopo:routepoint_id>
				</extensions>
			</trkpt>
			<trkpt lat="47.0007432986" lon="8.8148268531">
				<ele>1995.1</ele>
				<extensions>
					<swisstopo:routepoint_id>896220270</swisstopo:routepoint_id>
				</extensions>
			</trkpt>
			<trkpt lat="47.0008311766" lon="8.8149424731">
				<ele>1989.9</ele>
				<extensions>
					<swisstopo:routepoint_id>458759000</swisstopo:routepoint_id>
				</extensions>
			</trkpt>
			<trkpt lat="47.0009161508" lon="8.8150558905">
				<ele>1984.2</ele>
				<extensions>
					<swisstopo:routepoint_id>860451814</swisstopo:routepoint_id>
				</extensions>
			</trkpt>
			<trkpt lat="47.0009489083" lon="8.8151315842">
				<ele>1984.0</ele>
				<extensions>
					<swisstopo:routepoint_id>1785553456</swisstopo:routepoint_id>
				</extensions>
			</trkpt>
			<trkpt lat="47.0009993435" lon="8.8152508226">
				<ele>1980.3</ele>
				<extensions>
					<swisstopo:routepoint_id>328227736</swisstopo:routepoint_id>
				</extensions>
			</trkpt>
			<trkpt lat="47.0010532495" lon="8.8153396153">
				<ele>1974.8</ele>
				<extensions>
					<swisstopo:routepoint_id>1147039265</swisstopo:routepoint_id>
				</extensions>
			</trkpt>
			<trkpt lat="47.0010749403" lon="8.8154010852">
				<ele>1970.2</ele>
				<extensions>
					<swisstopo:routepoint_id>120686119</swisstopo:routepoint_id>
				</extensions>
			</trkpt>
			<trkpt lat="47.0010829727" lon="8.8154238034">
				<ele>1968.5</ele>
				<extensions>
					<swisstopo:routepoint_id>1251162049</swisstopo:routepoint_id>
				</extensions>
			</trkpt>
			<trkpt lat="47.0010746641" lon="8.8154766666">
				<ele>1967.5</ele>
				<extensions>
					<swisstopo:routepoint_id>457502387</swisstopo:routepoint_id>
				</extensions>
			</trkpt>
			<trkpt lat="47.0010629798" lon="8.8155469179">
				<ele>1965.1</ele>
				<extensions>
					<swisstopo:routepoint_id>1544804831</swisstopo:routepoint_id>
				</extensions>
			</trkpt>
			<trkpt lat="47.0010713987" lon="8.8156212747">
				<ele>1964.2</ele>
				<extensions>
					<swisstopo:routepoint_id>1580134919</swisstopo:routepoint_id>
				</extensions>
			</trkpt>
			<trkpt lat="47.0010839709" lon="8.8156833643">
				<ele>1963.8</ele>
				<extensions>
					<swisstopo:routepoint_id>1275653560</swisstopo:routepoint_id>
				</extensions>
			</trkpt>
			<trkpt lat="47.0011057425" lon="8.8157298561">
				<ele>1963.4</ele>
				<extensions>
					<swisstopo:routepoint_id>926814693</swisstopo:routepoint_id>
				</extensions>
			</trkpt>
			<trkpt lat="47.0011039729" lon="8.8158180360">
				<ele>1963.1</ele>
				<extensions>
					<swisstopo:routepoint_id>910566745</swisstopo:routepoint_id>
				</extensions>
			</trkpt>
			<trkpt lat="47.0011032012" lon="8.8159079910">
				<ele>1962.8</ele>
				<extensions>
					<swisstopo:routepoint_id>842973772</swisstopo:routepoint_id>
				</extensions>
			</trkpt>
			<trkpt lat="47.0011066252" lon="8.8159786687">
				<ele>1962.7</ele>
				<extensions>
					<swisstopo:routepoint_id>732957052</swisstopo:routepoint_id>
				</extensions>
			</trkpt>
			<trkpt lat="47.0011322357" lon="8.8160464196">
				<ele>1962.0</ele>
				<extensions>
					<swisstopo:routepoint_id>222496697</swisstopo:routepoint_id>
				</extensions>
			</trkpt>
			<trkpt lat="47.0011546305" lon="8.8161370467">
				<ele>1960.7</ele>
				<extensions>
					<swisstopo:routepoint_id>267059161</swisstopo:routepoint_id>
				</extensions>
			</trkpt>
			<trkpt lat="47.0011769763" lon="8.8162346971">
				<ele>1960.4</ele>
				<extensions>
					<swisstopo:routepoint_id>1648673086</swisstopo:routepoint_id>
				</extensions>
			</trkpt>
			<trkpt lat="47.0012044643" lon="8.8163183949">
				<ele>1959.6</ele>
				<extensions>
					<swisstopo:routepoint_id>2059418255</swisstopo:routepoint_id>
				</extensions>
			</trkpt>
			<trkpt lat="47.0012418475" lon="8.8164253217">
				<ele>1958.6</ele>
				<extensions>
					<swisstopo:routepoint_id>614711475</swisstopo:routepoint_id>
				</extensions>
			</trkpt>
			<trkpt lat="47.0012846951" lon="8.8164812193">
				<ele>1957.5</ele>
				<extensions>
					<swisstopo:routepoint_id>1013405576</swisstopo:routepoint_id>
				</extensions>
			</trkpt>
			<trkpt lat="47.0013357980" lon="8.8165161684">
				<ele>1956.4</ele>
				<extensions>
					<swisstopo:routepoint_id>1029400944</swisstopo:routepoint_id>
				</extensions>
			</trkpt>
			<trkpt lat="47.0014010622" lon="8.8165444759">
				<ele>1956.3</ele>
				<extensions>
					<swisstopo:routepoint_id>317833119</swisstopo:routepoint_id>
				</extensions>
			</trkpt>
			<trkpt lat="47.0014411122" lon="8.8165756031">
				<ele>1957.0</ele>
				<extensions>
					<swisstopo:routepoint_id>2100737578</swisstopo:routepoint_id>
				</extensions>
			</trkpt>
			<trkpt lat="47.0014557199" lon="8.8166342371">
				<ele>1957.6</ele>
				<extensions>
					<swisstopo:routepoint_id>1685836407</swisstopo:routepoint_id>
				</extensions>
			</trkpt>
			<trkpt lat="47.0014562268" lon="8.8166924668">
				<ele>1957.7</ele>
				<extensions>
					<swisstopo:routepoint_id>650849054</swisstopo:routepoint_id>
				</extensions>
			</trkpt>
			<trkpt lat="47.0014725305" lon="8.8167882098">
				<ele>1957.7</ele>
				<extensions>
					<swisstopo:routepoint_id>500654000</swisstopo:routepoint_id>
				</extensions>
			</trkpt>
			<trkpt lat="47.0014859047" lon="8.8168732700">
				<ele>1958.0</ele>
				<extensions>
					<swisstopo:routepoint_id>1217324767</swisstopo:routepoint_id>
				</extensions>
			</trkpt>
			<trkpt lat="47.0015043350" lon="8.8169567104">
				<ele>1958.4</ele>
				<extensions>
					<swisstopo:routepoint_id>1523128601</swisstopo:routepoint_id>
				</extensions>
			</trkpt>
			<trkpt lat="47.0015381037" lon="8.8170141221">
				<ele>1958.0</ele>
				<extensions>
					<swisstopo:routepoint_id>298696520</swisstopo:routepoint_id>
				</extensions>
			</trkpt>
			<trkpt lat="47.0015709968" lon="8.8170573914">
				<ele>1957.0</ele>
				<extensions>
					<swisstopo:routepoint_id>514815869</swisstopo:routepoint_id>
				</extensions>
			</trkpt>
			<trkpt lat="47.0015936770" lon="8.8171144958">
				<ele>1956.4</ele>
				<extensions>
					<swisstopo:routepoint_id>829917362</swisstopo:routepoint_id>
				</extensions>
			</trkpt>
			<trkpt lat="47.0016316231" lon="8.8171543826">
				<ele>1955.2</ele>
				<extensions>
					<swisstopo:routepoint_id>1401465494</swisstopo:routepoint_id>
				</extensions>
			</trkpt>
			<trkpt lat="47.0016582493" lon="8.8172221739">
				<ele>1954.5</ele>
				<extensions>
					<swisstopo:routepoint_id>545419270</swisstopo:routepoint_id>
				</extensions>
			</trkpt>
			<trkpt lat="47.0016818397" lon="8.8172916464">
				<ele>1954.6</ele>
				<extensions>
					<swisstopo:routepoint_id>1464568512</swisstopo:routepoint_id>
				</extensions>
			</trkpt>
			<trkpt lat="47.0017056722" lon="8.8173328948">
				<ele>1954.9</ele>
				<extensions>
					<swisstopo:routepoint_id>1568758333</swisstopo:routepoint_id>
				</extensions>
			</trkpt>
			<trkpt lat="47.0017090956" lon="8.8174035607">
				<ele>1956.4</ele>
				<extensions>
					<swisstopo:routepoint_id>1474723480</swisstopo:routepoint_id>
				</extensions>
			</trkpt>
			<trkpt lat="47.0017328236" lon="8.8174571670">
				<ele>1957.1</ele>
				<extensions>
					<swisstopo:routepoint_id>435794250</swisstopo:routepoint_id>
				</extensions>
			</trkpt>
			<trkpt lat="47.0017656764" lon="8.8175039609">
				<ele>1958.2</ele>
				<extensions>
					<swisstopo:routepoint_id>133804437</swisstopo:routepoint_id>
				</extensions>
			</trkpt>
			<trkpt lat="47.0018135669" lon="8.8175600153">
				<ele>1958.2</ele>
				<extensions>
					<swisstopo:routepoint_id>16490700</swisstopo:routepoint_id>
				</extensions>
			</trkpt>
			<trkpt lat="47.0018403748" lon="8.8176066378">
				<ele>1959.3</ele>
				<extensions>
					<swisstopo:routepoint_id>286851745</swisstopo:routepoint_id>
				</extensions>
			</trkpt>
			<trkpt lat="47.0018499348" lon="8.8176668893">
				<ele>1961.5</ele>
				<extensions>
					<swisstopo:routepoint_id>263229795</swisstopo:routepoint_id>
				</extensions>
			</trkpt>
			<trkpt lat="47.0018512772" lon="8.8177445650">
				<ele>1964.8</ele>
				<extensions>
					<swisstopo:routepoint_id>1577375430</swisstopo:routepoint_id>
				</extensions>
			</trkpt>
			<trkpt lat="47.0018535812" lon="8.8178275629">
				<ele>1967.8</ele>
				<extensions>
					<swisstopo:routepoint_id>1431025569</swisstopo:routepoint_id>
				</extensions>
			</trkpt>
			<trkpt lat="47.0018855899" lon="8.8178270594">
				<ele>1965.4</ele>
				<extensions>
					<swisstopo:routepoint_id>1380035367</swisstopo:routepoint_id>
				</extensions>
			</trkpt>
			<trkpt lat="47.0019108034" lon="8.8178498799">
				<ele>1964.5</ele>
				<extensions>
					<swisstopo:routepoint_id>734777831</swisstopo:routepoint_id>
				</extensions>
			</trkpt>
			<trkpt lat="47.0019190528" lon="8.8178925132">
				<ele>1971.0</ele>
				<extensions>
					<swisstopo:routepoint_id>2113028610</swisstopo:routepoint_id>
				</extensions>
			</trkpt>
			<trkpt lat="47.0019250327" lon="8.8179571321">
				<ele>1975.3</ele>
				<extensions>
					<swisstopo:routepoint_id>1441023747</swisstopo:routepoint_id>
				</extensions>
			</trkpt>
			<trkpt lat="47.0019269828" lon="8.8180301007">
				<ele>1980.0</ele>
				<extensions>
					<swisstopo:routepoint_id>349545356</swisstopo:routepoint_id>
				</extensions>
			</trkpt>
			<trkpt lat="47.0019268508" lon="8.8181114597">
				<ele>1983.2</ele>
				<extensions>
					<swisstopo:routepoint_id>65440660</swisstopo:routepoint_id>
				</extensions>
			</trkpt>
			<trkpt lat="47.0019326383" lon="8.8181913399">
				<ele>1985.8</ele>
				<extensions>
					<swisstopo:routepoint_id>874100141</swisstopo:routepoint_id>
				</extensions>
			</trkpt>
			<trkpt lat="47.0019540281" lon="8.8182784600">
				<ele>1991.9</ele>
				<extensions>
					<swisstopo:routepoint_id>1113850720</swisstopo:routepoint_id>
				</extensions>
			</trkpt>
			<trkpt lat="47.0019887808" lon="8.8183219355">
				<ele>1993.1</ele>
				<extensions>
					<swisstopo:routepoint_id>214341877</swisstopo:routepoint_id>
				</extensions>
			</trkpt>
			<trkpt lat="47.0020314078" lon="8.8183639439">
				<ele>1993.5</ele>
				<extensions>
					<swisstopo:routepoint_id>74121191</swisstopo:routepoint_id>
				</extensions>
			</trkpt>
			<trkpt lat="47.0020671015" lon="8.8184108212">
				<ele>1993.1</ele>
				<extensions>
					<swisstopo:routepoint_id>895694323</swisstopo:routepoint_id>
				</extensions>
			</trkpt>
			<trkpt lat="47.0020790915" lon="8.8184671383">
				<ele>1991.9</ele>
				<extensions>
					<swisstopo:routepoint_id>1278296073</swisstopo:routepoint_id>
				</extensions>
			</trkpt>
			<trkpt lat="47.0020552366" lon="8.8184884467">
				<ele>1993.8</ele>
				<extensions>
					<swisstopo:routepoint_id>1097775350</swisstopo:routepoint_id>
				</extensions>
			</trkpt>
			<trkpt lat="47.0020313932" lon="8.8185080600">
				<ele>1999.1</ele>
				<extensions>
					<swisstopo:routepoint_id>140488029</swisstopo:routepoint_id>
				</extensions>
			</trkpt>
			<trkpt lat="47.0020160197" lon="8.8185550593">
				<ele>2005.6</ele>
				<extensions>
					<swisstopo:routepoint_id>293886647</swisstopo:routepoint_id>
				</extensions>
			</trkpt>
			<trkpt lat="47.0020177780" lon="8.8186415686">
				<ele>2005.4</ele>
				<extensions>
					<swisstopo:routepoint_id>423329994</swisstopo:routepoint_id>
				</extensions>
			</trkpt>
			<trkpt lat="47.0019939365" lon="8.8185899587">
				<ele>2008.3</ele>
				<extensions>
					<swisstopo:routepoint_id>1558602300</swisstopo:routepoint_id>
				</extensions>
			</trkpt>
			<trkpt lat="47.0019883031" lon="8.8186423486">
				<ele>2009.8</ele>
				<extensions>
					<swisstopo:routepoint_id>227784522</swisstopo:routepoint_id>
				</extensions>
			</trkpt>
			<trkpt lat="47.0019591209" lon="8.8186227935">
				<ele>2012.7</ele>
				<extensions>
					<swisstopo:routepoint_id>64411230</swisstopo:routepoint_id>
				</extensions>
			</trkpt>
			<trkpt lat="47.0019525288" lon="8.8186734507">
				<ele>2014.8</ele>
				<extensions>
					<swisstopo:routepoint_id>725116565</swisstopo:routepoint_id>
				</extensions>
			</trkpt>
			<trkpt lat="47.0019280062" lon="8.8186709931">
				<ele>2017.1</ele>
				<extensions>
					<swisstopo:routepoint_id>1095953612</swisstopo:routepoint_id>
				</extensions>
			</trkpt>
			<trkpt lat="47.0018963202" lon="8.8186903500">
				<ele>2017.9</ele>
				<extensions>
					<swisstopo:routepoint_id>1202410726</swisstopo:routepoint_id>
				</extensions>
			</trkpt>
			<trkpt lat="47.0018522042" lon="8.8186855971">
				<ele>2019.6</ele>
				<extensions>
					<swisstopo:routepoint_id>1350761709</swisstopo:routepoint_id>
				</extensions>
			</trkpt>
			<trkpt lat="47.0018226186" lon="8.8186948436">
				<ele>2020.6</ele>
				<extensions>
					<swisstopo:routepoint_id>1058681072</swisstopo:routepoint_id>
				</extensions>
			</trkpt>
			<trkpt lat="47.0017787648" lon="8.8186697582">
				<ele>2022.0</ele>
				<extensions>
					<swisstopo:routepoint_id>185972951</swisstopo:routepoint_id>
				</extensions>
			</trkpt>
			<trkpt lat="47.0017379318" lon="8.8186396718">
				<ele>2023.7</ele>
				<extensions>
					<swisstopo:routepoint_id>1353767788</swisstopo:routepoint_id>
				</extensions>
			</trkpt>
			<trkpt lat="47.0016902352" lon="8.8186093669">
				<ele>2025.8</ele>
				<extensions>
					<swisstopo:routepoint_id>718037983</swisstopo:routepoint_id>
				</extensions>
			</trkpt>
			<trkpt lat="47.0016739004" lon="8.8186060541">
				<ele>2025.6</ele>
				<extensions>
					<swisstopo:routepoint_id>356274317</swisstopo:routepoint_id>
				</extensions>
			</trkpt>
			<trkpt lat="47.0016726970" lon="8.8186575591">
				<ele>2028.1</ele>
				<extensions>
					<swisstopo:routepoint_id>1224471474</swisstopo:routepoint_id>
				</extensions>
			</trkpt>
			<trkpt lat="47.0016721778" lon="8.8187089662">
				<ele>2029.9</ele>
				<extensions>
					<swisstopo:routepoint_id>81208817</swisstopo:routepoint_id>
				</extensions>
			</trkpt>
			<trkpt lat="47.0016714038" lon="8.8187868633">
				<ele>2032.0</ele>
				<extensions>
					<swisstopo:routepoint_id>235618555</swisstopo:routepoint_id>
				</extensions>
			</trkpt>
			<trkpt lat="47.0016714826" lon="8.8188663459">
				<ele>2034.1</ele>
				<extensions>
					<swisstopo:routepoint_id>46906772</swisstopo:routepoint_id>
				</extensions>
			</trkpt>
			<trkpt lat="47.0016629152" lon="8.8189331267">
				<ele>2035.4</ele>
				<extensions>
					<swisstopo:routepoint_id>303719613</swisstopo:routepoint_id>
				</extensions>
			</trkpt>
			<trkpt lat="47.0016629380" lon="8.8190172632">
				<ele>2037.0</ele>
				<extensions>
					<swisstopo:routepoint_id>296835142</swisstopo:routepoint_id>
				</extensions>
			</trkpt>
			<trkpt lat="47.0016709885" lon="8.8190891814">
				<ele>2038.3</ele>
				<extensions>
					<swisstopo:routepoint_id>1475542214</swisstopo:routepoint_id>
				</extensions>
			</trkpt>
			<trkpt lat="47.0016549685" lon="8.8191121099">
				<ele>2039.0</ele>
				<extensions>
					<swisstopo:routepoint_id>1933040290</swisstopo:routepoint_id>
				</extensions>
			</trkpt>
			<trkpt lat="47.0016450158" lon="8.8191430220">
				<ele>2039.7</ele>
				<extensions>
					<swisstopo:routepoint_id>1623600896</swisstopo:routepoint_id>
				</extensions>
			</trkpt>
			<trkpt lat="47.0016444579" lon="8.8191990929">
				<ele>2040.8</ele>
				<extensions>
					<swisstopo:routepoint_id>555398794</swisstopo:routepoint_id>
				</extensions>
			</trkpt>
			<trkpt lat="47.0016569652" lon="8.8192633272">
				<ele>2041.9</ele>
				<extensions>
					<swisstopo:routepoint_id>1057356017</swisstopo:routepoint_id>
				</extensions>
			</trkpt>
			<trkpt lat="47.0016817840" lon="8.8193247868">
				<ele>2043.9</ele>
				<extensions>
					<swisstopo:routepoint_id>1347430976</swisstopo:routepoint_id>
				</extensions>
			</trkpt>
			<trkpt lat="47.0016950217" lon="8.8194046209">
				<ele>2045.6</ele>
				<extensions>
					<swisstopo:routepoint_id>1572967878</swisstopo:routepoint_id>
				</extensions>
			</trkpt>
			<trkpt lat="47.0016954200" lon="8.8194529469">
				<ele>2046.4</ele>
				<extensions>
					<swisstopo:routepoint_id>675502560</swisstopo:routepoint_id>
				</extensions>
			</trkpt>
			<trkpt lat="47.0016625181" lon="8.8194972309">
				<ele>2047.8</ele>
				<extensions>
					<swisstopo:routepoint_id>612073670</swisstopo:routepoint_id>
				</extensions>
			</trkpt>
			<trkpt lat="47.0016452377" lon="8.8195575428">
				<ele>2049.4</ele>
				<extensions>
					<swisstopo:routepoint_id>1051226277</swisstopo:routepoint_id>
				</extensions>
			</trkpt>
			<trkpt lat="47.0016453537" lon="8.8196338961">
				<ele>2051.1</ele>
				<extensions>
					<swisstopo:routepoint_id>1853795679</swisstopo:routepoint_id>
				</extensions>
			</trkpt>
			<trkpt lat="47.0016017187" lon="8.8196109029">
				<ele>2053.3</ele>
				<extensions>
					<swisstopo:routepoint_id>50069608</swisstopo:routepoint_id>
				</extensions>
			</trkpt>
			<trkpt lat="47.0016092869" lon="8.8197310952">
				<ele>2056.2</ele>
				<extensions>
					<swisstopo:routepoint_id>651901686</swisstopo:routepoint_id>
				</extensions>
			</trkpt>
			<trkpt lat="47.0016240867" lon="8.8198296711">
				<ele>2059.6</ele>
				<extensions>
					<swisstopo:routepoint_id>492604353</swisstopo:routepoint_id>
				</extensions>
			</trkpt>
			<trkpt lat="47.0016193950" lon="8.8198607186">
				<ele>2061.6</ele>
				<extensions>
					<swisstopo:routepoint_id>967399970</swisstopo:routepoint_id>
				</extensions>
			</trkpt>
			<trkpt lat="47.0016416471" lon="8.8199158644">
				<ele>2063.2</ele>
				<extensions>
					<swisstopo:routepoint_id>574525726</swisstopo:routepoint_id>
				</extensions>
			</trkpt>
			<trkpt lat="47.0016166318" lon="8.8199603801">
				<ele>2066.2</ele>
				<extensions>
					<swisstopo:routepoint_id>1086106118</swisstopo:routepoint_id>
				</extensions>
			</trkpt>
			<trkpt lat="47.0015995312" lon="8.8200035456">
				<ele>2068.2</ele>
				<extensions>
					<swisstopo:routepoint_id>1084219959</swisstopo:routepoint_id>
				</extensions>
			</trkpt>
			<trkpt lat="47.0016033345" lon="8.8200613085">
				<ele>2069.7</ele>
				<extensions>
					<swisstopo:routepoint_id>2125571172</swisstopo:routepoint_id>
				</extensions>
			</trkpt>
			<trkpt lat="47.0015984241" lon="8.8201141658">
				<ele>2071.3</ele>
				<extensions>
					<swisstopo:routepoint_id>1383271021</swisstopo:routepoint_id>
				</extensions>
			</trkpt>
			<trkpt lat="47.0015863870" lon="8.8201777138">
				<ele>2073.5</ele>
				<extensions>
					<swisstopo:routepoint_id>1617307300</swisstopo:routepoint_id>
				</extensions>
			</trkpt>
			<trkpt lat="47.0015589807" lon="8.8201987853">
				<ele>2075.4</ele>
				<extensions>
					<swisstopo:routepoint_id>1662808473</swisstopo:routepoint_id>
				</extensions>
			</trkpt>
			<trkpt lat="47.0015724154" lon="8.8202583725">
				<ele>2078.0</ele>
				<extensions>
					<swisstopo:routepoint_id>1738325123</swisstopo:routepoint_id>
				</extensions>
			</trkpt>
			<trkpt lat="47.0015353223" lon="8.8202838498">
				<ele>2080.3</ele>
				<extensions>
					<swisstopo:routepoint_id>1193760371</swisstopo:routepoint_id>
				</extensions>
			</trkpt>
			<trkpt lat="47.0015232264" lon="8.8203520932">
				<ele>2083.3</ele>
				<extensions>
					<swisstopo:routepoint_id>16298220</swisstopo:routepoint_id>
				</extensions>
			</trkpt>
			<trkpt lat="47.0015268418" lon="8.8204285493">
				<ele>2086.1</ele>
				<extensions>
					<swisstopo:routepoint_id>777117382</swisstopo:routepoint_id>
				</extensions>
			</trkpt>
			<trkpt lat="47.0015216110" lon="8.8205125663">
				<ele>2089.7</ele>
				<extensions>
					<swisstopo:routepoint_id>1363258175</swisstopo:routepoint_id>
				</extensions>
			</trkpt>
			<trkpt lat="47.0015235921" lon="8.8205780806">
				<ele>2092.3</ele>
				<extensions>
					<swisstopo:routepoint_id>1087814098</swisstopo:routepoint_id>
				</extensions>
			</trkpt>
			<trkpt lat="47.0015201256" lon="8.8206605731">
				<ele>2095.2</ele>
				<extensions>
					<swisstopo:routepoint_id>1210204405</swisstopo:routepoint_id>
				</extensions>
			</trkpt>
			<trkpt lat="47.0015256257" lon="8.8207246016">
				<ele>2097.3</ele>
				<extensions>
					<swisstopo:routepoint_id>1173029695</swisstopo:routepoint_id>
				</extensions>
			</trkpt>
			<trkpt lat="47.0015267550" lon="8.8207869636">
				<ele>2099.4</ele>
				<extensions>
					<swisstopo:routepoint_id>1513670751</swisstopo:routepoint_id>
				</extensions>
			</trkpt>
			<trkpt lat="47.0015194379" lon="8.8208163892">
				<ele>2100.4</ele>
				<extensions>
					<swisstopo:routepoint_id>2131729836</swisstopo:routepoint_id>
				</extensions>
			</trkpt>
			<trkpt lat="47.0015025724" lon="8.8208361813">
				<ele>2101.3</ele>
				<extensions>
					<swisstopo:routepoint_id>236507198</swisstopo:routepoint_id>
				</extensions>
			</trkpt>
			<trkpt lat="47.0015195984" lon="8.8208880753">
				<ele>2102.9</ele>
				<extensions>
					<swisstopo:routepoint_id>249938390</swisstopo:routepoint_id>
				</extensions>
			</trkpt>
			<trkpt lat="47.0015629061" lon="8.8209422422">
				<ele>2105.1</ele>
				<extensions>
					<swisstopo:routepoint_id>1422769105</swisstopo:routepoint_id>
				</extensions>
			</trkpt>
			<trkpt lat="47.0016028055" lon="8.8209885199">
				<ele>2107.1</ele>
				<extensions>
					<swisstopo:routepoint_id>1806541713</swisstopo:routepoint_id>
				</extensions>
			</trkpt>
			<trkpt lat="47.0016241845" lon="8.8210420800">
				<ele>2109.5</ele>
				<extensions>
					<swisstopo:routepoint_id>2098781784</swisstopo:routepoint_id>
				</extensions>
			</trkpt>
			<trkpt lat="47.0015967228" lon="8.8210693814">
				<ele>2110.8</ele>
				<extensions>
					<swisstopo:routepoint_id>1030359935</swisstopo:routepoint_id>
				</extensions>
			</trkpt>
			<trkpt lat="47.0015893382" lon="8.8211065910">
				<ele>2112.2</ele>
				<extensions>
					<swisstopo:routepoint_id>869046626</swisstopo:routepoint_id>
				</extensions>
			</trkpt>
			<trkpt lat="47.0016185842" lon="8.8211634844">
				<ele>2114.5</ele>
				<extensions>
					<swisstopo:routepoint_id>2101025921</swisstopo:routepoint_id>
				</extensions>
			</trkpt>
			<trkpt lat="47.0016558873" lon="8.8212050270">
				<ele>2116.6</ele>
				<extensions>
					<swisstopo:routepoint_id>1758411584</swisstopo:routepoint_id>
				</extensions>
			</trkpt>
			<trkpt lat="47.0017073351" lon="8.8212360344">
				<ele>2117.1</ele>
				<extensions>
					<swisstopo:routepoint_id>1042222588</swisstopo:routepoint_id>
				</extensions>
			</trkpt>
			<trkpt lat="47.0017413602" lon="8.8212541133">
				<ele>2118.2</ele>
				<extensions>
					<swisstopo:routepoint_id>1209179507</swisstopo:routepoint_id>
				</extensions>
			</trkpt>
			<trkpt lat="47.0017894329" lon="8.8212710005">
				<ele>2119.0</ele>
				<extensions>
					<swisstopo:routepoint_id>442294882</swisstopo:routepoint_id>
				</extensions>
			</trkpt>
			<trkpt lat="47.0018364049" lon="8.8213112546">
				<ele>2121.0</ele>
				<extensions>
					<swisstopo:routepoint_id>1688548741</swisstopo:routepoint_id>
				</extensions>
			</trkpt>
			<trkpt lat="47.0018826724" lon="8.8213525566">
				<ele>2122.5</ele>
				<extensions>
					<swisstopo:routepoint_id>206070815</swisstopo:routepoint_id>
				</extensions>
			</trkpt>
			<trkpt lat="47.0019475607" lon="8.8214112487">
				<ele>2125.6</ele>
				<extensions>
					<swisstopo:routepoint_id>502799680</swisstopo:routepoint_id>
				</extensions>
			</trkpt>
			<trkpt lat="47.0020166905" lon="8.8214830433">
				<ele>2129.8</ele>
				<extensions>
					<swisstopo:routepoint_id>590597502</swisstopo:routepoint_id>
				</extensions>
			</trkpt>
			<trkpt lat="47.0020513215" lon="8.8215135505">
				<ele>2131.5</ele>
				<extensions>
					<swisstopo:routepoint_id>1440294298</swisstopo:routepoint_id>
				</extensions>
			</trkpt>
			<trkpt lat="47.0021052646" lon="8.8215472649">
				<ele>2133.2</ele>
				<extensions>
					<swisstopo:routepoint_id>1812803641</swisstopo:routepoint_id>
				</extensions>
			</trkpt>
			<trkpt lat="47.0021720053" lon="8.8215880164">
				<ele>2135.3</ele>
				<extensions>
					<swisstopo:routepoint_id>141680531</swisstopo:routepoint_id>
				</extensions>
			</trkpt>
			<trkpt lat="47.0021948060" lon="8.8216108823">
				<ele>2136.3</ele>
				<extensions>
					<swisstopo:routepoint_id>29651805</swisstopo:routepoint_id>
				</extensions>
			</trkpt>
			<trkpt lat="47.0022226011" lon="8.8216381374">
				<ele>2137.3</ele>
				<extensions>
					<swisstopo:routepoint_id>1001615634</swisstopo:routepoint_id>
				</extensions>
			</trkpt>
			<trkpt lat="47.0022553556" lon="8.8216951319">
				<ele>2139.2</ele>
				<extensions>
					<swisstopo:routepoint_id>926031749</swisstopo:routepoint_id>
				</extensions>
			</trkpt>
			<trkpt lat="47.0022898547" lon="8.8217537285">
				<ele>2140.9</ele>
				<extensions>
					<swisstopo:routepoint_id>206792085</swisstopo:routepoint_id>
				</extensions>
			</trkpt>
			<trkpt lat="47.0023049191" lon="8.8218258255">
				<ele>2143.4</ele>
				<extensions>
					<swisstopo:routepoint_id>456673609</swisstopo:routepoint_id>
				</extensions>
			</trkpt>
			<trkpt lat="47.0023489730" lon="8.8218940435">
				<ele>2145.1</ele>
				<extensions>
					<swisstopo:routepoint_id>372102639</swisstopo:routepoint_id>
				</extensions>
			</trkpt>
			<trkpt lat="47.0023780106" lon="8.8219727618">
				<ele>2147.2</ele>
				<extensions>
					<swisstopo:routepoint_id>1012624502</swisstopo:routepoint_id>
				</extensions>
			</trkpt>
			<trkpt lat="47.0024042708" lon="8.8220654162">
				<ele>2149.4</ele>
				<extensions>
					<swisstopo:routepoint_id>2014148709</swisstopo:routepoint_id>
				</extensions>
			</trkpt>
			<trkpt lat="47.0024194490" lon="8.8221266005">
				<ele>2150.9</ele>
				<extensions>
					<swisstopo:routepoint_id>1950066168</swisstopo:routepoint_id>
				</extensions>
			</trkpt>
			<trkpt lat="47.0024102433" lon="8.8221699985">
				<ele>2152.4</ele>
				<extensions>
					<swisstopo:routepoint_id>933754571</swisstopo:routepoint_id>
				</extensions>
			</trkpt>
			<trkpt lat="47.0023864772" lon="8.8221771295">
				<ele>2153.6</ele>
				<extensions>
					<swisstopo:routepoint_id>432823280</swisstopo:routepoint_id>
				</extensions>
			</trkpt>
			<trkpt lat="47.0023546360" lon="8.8222027543">
				<ele>2155.4</ele>
				<extensions>
					<swisstopo:routepoint_id>417588468</swisstopo:routepoint_id>
				</extensions>
			</trkpt>
			<trkpt lat="47.0023007239" lon="8.8222433684">
				<ele>2157.9</ele>
				<extensions>
					<swisstopo:routepoint_id>1082774678</swisstopo:routepoint_id>
				</extensions>
			</trkpt>
			<trkpt lat="47.0022361654" lon="8.8222945821">
				<ele>2160.9</ele>
				<extensions>
					<swisstopo:routepoint_id>655796326</swisstopo:routepoint_id>
				</extensions>
			</trkpt>
			<trkpt lat="47.0021849173" lon="8.8223321344">
				<ele>2163.1</ele>
				<extensions>
					<swisstopo:routepoint_id>889595820</swisstopo:routepoint_id>
				</extensions>
			</trkpt>
			<trkpt lat="47.0021424012" lon="8.8223730548">
				<ele>2165.2</ele>
				<extensions>
					<swisstopo:routepoint_id>1515953804</swisstopo:routepoint_id>
				</extensions>
			</trkpt>
			<trkpt lat="47.0020894184" lon="8.8224074578">
				<ele>2167.2</ele>
				<extensions>
					<swisstopo:routepoint_id>1710078515</swisstopo:routepoint_id>
				</extensions>
			</trkpt>
			<trkpt lat="47.0020237003" lon="8.8224296815">
				<ele>2168.2</ele>
				<extensions>
					<swisstopo:routepoint_id>1469876508</swisstopo:routepoint_id>
				</extensions>
			</trkpt>
			<trkpt lat="47.0019379068" lon="8.8224409374">
				<ele>2169.4</ele>
				<extensions>
					<swisstopo:routepoint_id>1590096768</swisstopo:routepoint_id>
				</extensions>
			</trkpt>
			<trkpt lat="47.0018927112" lon="8.8224464914">
				<ele>2170.2</ele>
				<extensions>
					<swisstopo:routepoint_id>923000207</swisstopo:routepoint_id>
				</extensions>
			</trkpt>
			<trkpt lat="47.0018361559" lon="8.8224773441">
				<ele>2171.5</ele>
				<extensions>
					<swisstopo:routepoint_id>517536251</swisstopo:routepoint_id>
				</extensions>
			</trkpt>
			<trkpt lat="47.0017738489" lon="8.8225268910">
				<ele>2173.5</ele>
				<extensions>
					<swisstopo:routepoint_id>1393397198</swisstopo:routepoint_id>
				</extensions>
			</trkpt>
			<trkpt lat="47.0016603950" lon="8.8226168722">
				<ele>2176.4</ele>
				<extensions>
					<swisstopo:routepoint_id>1514706048</swisstopo:routepoint_id>
				</extensions>
			</trkpt>
			<trkpt lat="47.0015673663" lon="8.8226939016">
				<ele>2179.1</ele>
				<extensions>
					<swisstopo:routepoint_id>1899566050</swisstopo:routepoint_id>
				</extensions>
			</trkpt>
			<trkpt lat="47.0014898341" lon="8.8227834538">
				<ele>2182.1</ele>
				<extensions>
					<swisstopo:routepoint_id>1141766285</swisstopo:routepoint_id>
				</extensions>
			</trkpt>
			<trkpt lat="47.0014147602" lon="8.8228986476">
				<ele>2186.0</ele>
				<extensions>
					<swisstopo:routepoint_id>125030093</swisstopo:routepoint_id>
				</extensions>
			</trkpt>
			<trkpt lat="47.0013680560" lon="8.8229526223">
				<ele>2188.1</ele>
				<extensions>
					<swisstopo:routepoint_id>1099367783</swisstopo:routepoint_id>
				</extensions>
			</trkpt>
			<trkpt lat="47.0012665969" lon="8.8230402176">
				<ele>2191.6</ele>
				<extensions>
					<swisstopo:routepoint_id>2118544549</swisstopo:routepoint_id>
				</extensions>
			</trkpt>
			<trkpt lat="47.0011621245" lon="8.8231492743">
				<ele>2196.3</ele>
				<extensions>
					<swisstopo:routepoint_id>987301553</swisstopo:routepoint_id>
				</extensions>
			</trkpt>
			<trkpt lat="47.0010819196" lon="8.8232320236">
				<ele>2200.3</ele>
				<extensions>
					<swisstopo:routepoint_id>1162794579</swisstopo:routepoint_id>
				</extensions>
			</trkpt>
			<trkpt lat="47.0010256718" lon="8.8233140234">
				<ele>2204.0</ele>
				<extensions>
					<swisstopo:routepoint_id>351317626</swisstopo:routepoint_id>
				</extensions>
			</trkpt>
			<trkpt lat="47.0009964261" lon="8.8233711704">
				<ele>2206.2</ele>
				<extensions>
					<swisstopo:routepoint_id>489903232</swisstopo:routepoint_id>
				</extensions>
			</trkpt>
			<trkpt lat="47.0009543911" lon="8.8234198967">
				<ele>2209.0</ele>
				<extensions>
					<swisstopo:routepoint_id>1689573759</swisstopo:routepoint_id>
				</extensions>
			</trkpt>
			<trkpt lat="47.0009323824" lon="8.8234880018">
				<ele>2211.2</ele>
				<extensions>
					<swisstopo:routepoint_id>206837515</swisstopo:routepoint_id>
				</extensions>
			</trkpt>
			<trkpt lat="47.0008793760" lon="8.8236064436">
				<ele>2213.8</ele>
				<extensions>
					<swisstopo:routepoint_id>1307259596</swisstopo:routepoint_id>
				</extensions>
			</trkpt>
			<trkpt lat="47.0008592916" lon="8.8237445970">
				<ele>2214.1</ele>
				<extensions>
					<swisstopo:routepoint_id>1408010327</swisstopo:routepoint_id>
				</extensions>
			</trkpt>
			<trkpt lat="47.0008606248" lon="8.8238631028">
				<ele>2211.2</ele>
				<extensions>
					<swisstopo:routepoint_id>1640052396</swisstopo:routepoint_id>
				</extensions>
			</trkpt>
			<trkpt lat="47.0008725374" lon="8.8239441773">
				<ele>2208.7</ele>
				<extensions>
					<swisstopo:routepoint_id>1643643851</swisstopo:routepoint_id>
				</extensions>
			</trkpt>
			<trkpt lat="47.0008954558" lon="8.8240295882">
				<ele>2205.0</ele>
				<extensions>
					<swisstopo:routepoint_id>113333431</swisstopo:routepoint_id>
				</extensions>
			</trkpt>
			<trkpt lat="47.0008954569" lon="8.8240295875">
				<ele>2205.0</ele>
				<extensions>
					<swisstopo:routepoint_id>1218962773</swisstopo:routepoint_id>
				</extensions>
			</trkpt>
			<trkpt lat="47.0009311335" lon="8.8241260989">
				<ele>2200.3</ele>
				<extensions>
					<swisstopo:routepoint_id>1638635643</swisstopo:routepoint_id>
				</extensions>
			</trkpt>
			<trkpt lat="47.0009439149" lon="8.8242112477">
				<ele>2197.5</ele>
				<extensions>
					<swisstopo:routepoint_id>439126105</swisstopo:routepoint_id>
				</extensions>
			</trkpt>
			<trkpt lat="47.0010181600" lon="8.8242414401">
				<ele>2191.3</ele>
				<extensions>
					<swisstopo:routepoint_id>632631086</swisstopo:routepoint_id>
				</extensions>
			</trkpt>
			<trkpt lat="47.0010928677" lon="8.8242325850">
				<ele>2186.6</ele>
				<extensions>
					<swisstopo:routepoint_id>1597074477</swisstopo:routepoint_id>
				</extensions>
			</trkpt>
			<trkpt lat="47.0011265719" lon="8.8241876925">
				<ele>2185.8</ele>
				<extensions>
					<swisstopo:routepoint_id>974365436</swisstopo:routepoint_id>
				</extensions>
			</trkpt>
			<trkpt lat="47.0011826669" lon="8.8241191289">
				<ele>2185.2</ele>
				<extensions>
					<swisstopo:routepoint_id>2140130777</swisstopo:routepoint_id>
				</extensions>
			</trkpt>
			<trkpt lat="47.0012368355" lon="8.8239805160">
				<ele>2184.6</ele>
				<extensions>
					<swisstopo:routepoint_id>1468624364</swisstopo:routepoint_id>
				</extensions>
			</trkpt>
			<trkpt lat="47.0012677612" lon="8.8239368774">
				<ele>2183.7</ele>
				<extensions>
					<swisstopo:routepoint_id>1055877075</swisstopo:routepoint_id>
				</extensions>
			</trkpt>
			<trkpt lat="47.0013095712" lon="8.8239070010">
				<ele>2181.9</ele>
				<extensions>
					<swisstopo:routepoint_id>288830185</swisstopo:routepoint_id>
				</extensions>
			</trkpt>
			<trkpt lat="47.0013365179" lon="8.8238874990">
				<ele>2180.7</ele>
				<extensions>
					<swisstopo:routepoint_id>1924792199</swisstopo:routepoint_id>
				</extensions>
			</trkpt>
			<trkpt lat="47.0013610993" lon="8.8238342832">
				<ele>2179.9</ele>
				<extensions>
					<swisstopo:routepoint_id>991889859</swisstopo:routepoint_id>
				</extensions>
			</trkpt>
			<trkpt lat="47.0013920434" lon="8.8237893062">
				<ele>2179.0</ele>
				<extensions>
					<swisstopo:routepoint_id>566860793</swisstopo:routepoint_id>
				</extensions>
			</trkpt>
			<trkpt lat="47.0014105827" lon="8.8237790132">
				<ele>2178.3</ele>
				<extensions>
					<swisstopo:routepoint_id>1459458861</swisstopo:routepoint_id>
				</extensions>
			</trkpt>
			<trkpt lat="47.0014296913" lon="8.8237983653">
				<ele>2177.7</ele>
				<extensions>
					<swisstopo:routepoint_id>8136546</swisstopo:routepoint_id>
				</extensions>
			</trkpt>
			<trkpt lat="47.0014409082" lon="8.8238619222">
				<ele>2175.9</ele>
				<extensions>
					<swisstopo:routepoint_id>1010047383</swisstopo:routepoint_id>
				</extensions>
			</trkpt>
			<trkpt lat="47.0014419880" lon="8.8239238879">
				<ele>2174.6</ele>
				<extensions>
					<swisstopo:routepoint_id>1438913750</swisstopo:routepoint_id>
				</extensions>
			</trkpt>
			<trkpt lat="47.0014310164" lon="8.8239936171">
				<ele>2173.0</ele>
				<extensions>
					<swisstopo:routepoint_id>1472160291</swisstopo:routepoint_id>
				</extensions>
			</trkpt>
			<trkpt lat="47.0014183555" lon="8.8240511636">
				<ele>2172.3</ele>
				<extensions>
					<swisstopo:routepoint_id>127988534</swisstopo:routepoint_id>
				</extensions>
			</trkpt>
			<trkpt lat="47.0014417511" lon="8.8240962050">
				<ele>2170.8</ele>
				<extensions>
					<swisstopo:routepoint_id>1313643563</swisstopo:routepoint_id>
				</extensions>
			</trkpt>
			<trkpt lat="47.0014633252" lon="8.8241038219">
				<ele>2169.8</ele>
				<extensions>
					<swisstopo:routepoint_id>842486662</swisstopo:routepoint_id>
				</extensions>
			</trkpt>
			<trkpt lat="47.0015122133" lon="8.8240747733">
				<ele>2168.1</ele>
				<extensions>
					<swisstopo:routepoint_id>865457799</swisstopo:routepoint_id>
				</extensions>
			</trkpt>
			<trkpt lat="47.0016131768" lon="8.8240290391">
				<ele>2164.6</ele>
				<extensions>
					<swisstopo:routepoint_id>911074187</swisstopo:routepoint_id>
				</extensions>
			</trkpt>
			<trkpt lat="47.0016649051" lon="8.8240449314">
				<ele>2163.1</ele>
				<extensions>
					<swisstopo:routepoint_id>2084673456</swisstopo:routepoint_id>
				</extensions>
			</trkpt>
			<trkpt lat="47.0017230754" lon="8.8240794026">
				<ele>2160.9</ele>
				<extensions>
					<swisstopo:routepoint_id>1765949228</swisstopo:routepoint_id>
				</extensions>
			</trkpt>
			<trkpt lat="47.0017318384" lon="8.8241897642">
				<ele>2158.0</ele>
				<extensions>
					<swisstopo:routepoint_id>611755231</swisstopo:routepoint_id>
				</extensions>
			</trkpt>
			<trkpt lat="47.0017064871" lon="8.8242909070">
				<ele>2156.2</ele>
				<extensions>
					<swisstopo:routepoint_id>1089047116</swisstopo:routepoint_id>
				</extensions>
			</trkpt>
			<trkpt lat="47.0016891878" lon="8.8243474958">
				<ele>2155.3</ele>
				<extensions>
					<swisstopo:routepoint_id>1516604537</swisstopo:routepoint_id>
				</extensions>
			</trkpt>
			<trkpt lat="47.0016613718" lon="8.8243891473">
				<ele>2154.4</ele>
				<extensions>
					<swisstopo:routepoint_id>1552789783</swisstopo:routepoint_id>
				</extensions>
			</trkpt>
			<trkpt lat="47.0016655947" lon="8.8244454478">
				<ele>2151.6</ele>
				<extensions>
					<swisstopo:routepoint_id>505563045</swisstopo:routepoint_id>
				</extensions>
			</trkpt>
			<trkpt lat="47.0016683888" lon="8.8244852731">
				<ele>2149.7</ele>
				<extensions>
					<swisstopo:routepoint_id>1982814113</swisstopo:routepoint_id>
				</extensions>
			</trkpt>
			<trkpt lat="47.0016447807" lon="8.8245105982">
				<ele>2147.7</ele>
				<extensions>
					<swisstopo:routepoint_id>1695923471</swisstopo:routepoint_id>
				</extensions>
			</trkpt>
			<trkpt lat="47.0016507540" lon="8.8245532669">
				<ele>2143.4</ele>
				<extensions>
					<swisstopo:routepoint_id>1410972235</swisstopo:routepoint_id>
				</extensions>
			</trkpt>
			<trkpt lat="47.0016214005" lon="8.8245880014">
				<ele>2142.1</ele>
				<extensions>
					<swisstopo:routepoint_id>1040157545</swisstopo:routepoint_id>
				</extensions>
			</trkpt>
			<trkpt lat="47.0016551167" lon="8.8245972487">
				<ele>2141.1</ele>
				<extensions>
					<swisstopo:routepoint_id>995542646</swisstopo:routepoint_id>
				</extensions>
			</trkpt>
			<trkpt lat="47.0017032284" lon="8.8246137865">
				<ele>2138.3</ele>
				<extensions>
					<swisstopo:routepoint_id>1378348405</swisstopo:routepoint_id>
				</extensions>
			</trkpt>
			<trkpt lat="47.0016948449" lon="8.8246450400">
				<ele>2137.3</ele>
				<extensions>
					<swisstopo:routepoint_id>1281774666</swisstopo:routepoint_id>
				</extensions>
			</trkpt>
			<trkpt lat="47.0016783434" lon="8.8246815514">
				<ele>2135.7</ele>
				<extensions>
					<swisstopo:routepoint_id>1294674010</swisstopo:routepoint_id>
				</extensions>
			</trkpt>
			<trkpt lat="47.0016708276" lon="8.8247073434">
				<ele>2134.8</ele>
				<extensions>
					<swisstopo:routepoint_id>904327747</swisstopo:routepoint_id>
				</extensions>
			</trkpt>
			<trkpt lat="47.0017118147" lon="8.8247127140">
				<ele>2133.2</ele>
				<extensions>
					<swisstopo:routepoint_id>2006986968</swisstopo:routepoint_id>
				</extensions>
			</trkpt>
			<trkpt lat="47.0017567737" lon="8.8247236743">
				<ele>2131.3</ele>
				<extensions>
					<swisstopo:routepoint_id>1679825490</swisstopo:routepoint_id>
				</extensions>
			</trkpt>
			<trkpt lat="47.0017991906" lon="8.8247468746">
				<ele>2129.2</ele>
				<extensions>
					<swisstopo:routepoint_id>207603574</swisstopo:routepoint_id>
				</extensions>
			</trkpt>
			<trkpt lat="47.0017938691" lon="8.8247919486">
				<ele>2128.0</ele>
				<extensions>
					<swisstopo:routepoint_id>1733894252</swisstopo:routepoint_id>
				</extensions>
			</trkpt>
			<trkpt lat="47.0018307644" lon="8.8248040295">
				<ele>2126.5</ele>
				<extensions>
					<swisstopo:routepoint_id>1253302404</swisstopo:routepoint_id>
				</extensions>
			</trkpt>
			<trkpt lat="47.0018596822" lon="8.8248090114">
				<ele>2125.4</ele>
				<extensions>
					<swisstopo:routepoint_id>816161799</swisstopo:routepoint_id>
				</extensions>
			</trkpt>
			<trkpt lat="47.0018437802" lon="8.8248660924">
				<ele>2124.7</ele>
				<extensions>
					<swisstopo:routepoint_id>1490394801</swisstopo:routepoint_id>
				</extensions>
			</trkpt>
			<trkpt lat="47.0018403608" lon="8.8249591748">
				<ele>2123.1</ele>
				<extensions>
					<swisstopo:routepoint_id>1806801283</swisstopo:routepoint_id>
				</extensions>
			</trkpt>
			<trkpt lat="47.0018421492" lon="8.8250167835">
				<ele>2122.8</ele>
				<extensions>
					<swisstopo:routepoint_id>622618381</swisstopo:routepoint_id>
				</extensions>
			</trkpt>
			<trkpt lat="47.0018506447" lon="8.8250499306">
				<ele>2122.9</ele>
				<extensions>
					<swisstopo:routepoint_id>1643072222</swisstopo:routepoint_id>
				</extensions>
			</trkpt>
			<trkpt lat="47.0018420147" lon="8.8251044801">
				<ele>2122.3</ele>
				<extensions>
					<swisstopo:routepoint_id>1663576645</swisstopo:routepoint_id>
				</extensions>
			</trkpt>
			<trkpt lat="47.0018188569" lon="8.8251627153">
				<ele>2120.9</ele>
				<extensions>
					<swisstopo:routepoint_id>174126037</swisstopo:routepoint_id>
				</extensions>
			</trkpt>
			<trkpt lat="47.0018077909" lon="8.8252185567">
				<ele>2120.7</ele>
				<extensions>
					<swisstopo:routepoint_id>853151808</swisstopo:routepoint_id>
				</extensions>
			</trkpt>
			<trkpt lat="47.0017919186" lon="8.8252715255">
				<ele>2120.3</ele>
				<extensions>
					<swisstopo:routepoint_id>1940286329</swisstopo:routepoint_id>
				</extensions>
			</trkpt>
			<trkpt lat="47.0017722755" lon="8.8253024463">
				<ele>2119.5</ele>
				<extensions>
					<swisstopo:routepoint_id>598221648</swisstopo:routepoint_id>
				</extensions>
			</trkpt>
			<trkpt lat="47.0017521873" lon="8.8253731117">
				<ele>2118.5</ele>
				<extensions>
					<swisstopo:routepoint_id>1267928747</swisstopo:routepoint_id>
				</extensions>
			</trkpt>
			<trkpt lat="47.0017482047" lon="8.8254442449">
				<ele>2117.5</ele>
				<extensions>
					<swisstopo:routepoint_id>482035833</swisstopo:routepoint_id>
				</extensions>
			</trkpt>
			<trkpt lat="47.0017490679" lon="8.8255127809">
				<ele>2116.7</ele>
				<extensions>
					<swisstopo:routepoint_id>771139754</swisstopo:routepoint_id>
				</extensions>
			</trkpt>
			<trkpt lat="47.0017573597" lon="8.8255651251">
				<ele>2115.7</ele>
				<extensions>
					<swisstopo:routepoint_id>839004508</swisstopo:routepoint_id>
				</extensions>
			</trkpt>
			<trkpt lat="47.0017738161" lon="8.8256067230">
				<ele>2114.2</ele>
				<extensions>
					<swisstopo:routepoint_id>157594237</swisstopo:routepoint_id>
				</extensions>
			</trkpt>
			<trkpt lat="47.0017847650" lon="8.8256358466">
				<ele>2112.8</ele>
				<extensions>
					<swisstopo:routepoint_id>398533890</swisstopo:routepoint_id>
				</extensions>
			</trkpt>
			<trkpt lat="47.0017874108" lon="8.8256893709">
				<ele>2111.4</ele>
				<extensions>
					<swisstopo:routepoint_id>1261272661</swisstopo:routepoint_id>
				</extensions>
			</trkpt>
			<trkpt lat="47.0018116736" lon="8.8256791497">
				<ele>2110.2</ele>
				<extensions>
					<swisstopo:routepoint_id>638046476</swisstopo:routepoint_id>
				</extensions>
			</trkpt>
			<trkpt lat="47.0018111391" lon="8.8257284630">
				<ele>2109.0</ele>
				<extensions>
					<swisstopo:routepoint_id>1275853053</swisstopo:routepoint_id>
				</extensions>
			</trkpt>
			<trkpt lat="47.0018139737" lon="8.8257641738">
				<ele>2107.8</ele>
				<extensions>
					<swisstopo:routepoint_id>493024797</swisstopo:routepoint_id>
				</extensions>
			</trkpt>
			<trkpt lat="47.0018229601" lon="8.8258261069">
				<ele>2105.3</ele>
				<extensions>
					<swisstopo:routepoint_id>1675391123</swisstopo:routepoint_id>
				</extensions>
			</trkpt>
			<trkpt lat="47.0018370540" lon="8.8258621633">
				<ele>2103.6</ele>
				<extensions>
					<swisstopo:routepoint_id>1060872531</swisstopo:routepoint_id>
				</extensions>
			</trkpt>
			<trkpt lat="47.0018453868" lon="8.8259103768">
				<ele>2101.9</ele>
				<extensions>
					<swisstopo:routepoint_id>2062833157</swisstopo:routepoint_id>
				</extensions>
			</trkpt>
			<trkpt lat="47.0018512203" lon="8.8259667481">
				<ele>2100.5</ele>
				<extensions>
					<swisstopo:routepoint_id>1898065385</swisstopo:routepoint_id>
				</extensions>
			</trkpt>
			<trkpt lat="47.0018620632" lon="8.8260068202">
				<ele>2099.5</ele>
				<extensions>
					<swisstopo:routepoint_id>1282827774</swisstopo:routepoint_id>
				</extensions>
			</trkpt>
			<trkpt lat="47.0018820272" lon="8.8262948212">
				<ele>2094.6</ele>
				<extensions>
					<swisstopo:routepoint_id>1325978499</swisstopo:routepoint_id>
				</extensions>
			</trkpt>
			<trkpt lat="47.0018870061" lon="8.8263666327">
				<ele>2093.4</ele>
				<extensions>
					<swisstopo:routepoint_id>816804989</swisstopo:routepoint_id>
				</extensions>
			</trkpt>
			<trkpt lat="47.0018800621" lon="8.8266270429">
				<ele>2095.2</ele>
				<extensions>
					<swisstopo:routepoint_id>384645837</swisstopo:routepoint_id>
				</extensions>
			</trkpt>
			<trkpt lat="47.0019330605" lon="8.8269500115">
				<ele>2098.1</ele>
				<extensions>
					<swisstopo:routepoint_id>736762977</swisstopo:routepoint_id>
				</extensions>
			</trkpt>
			<trkpt lat="47.0019562868" lon="8.8271206481">
				<ele>2099.3</ele>
				<extensions>
					<swisstopo:routepoint_id>1170957155</swisstopo:routepoint_id>
				</extensions>
			</trkpt>
			<trkpt lat="47.0019712340" lon="8.8272430212">
				<ele>2100.9</ele>
				<extensions>
					<swisstopo:routepoint_id>680206248</swisstopo:routepoint_id>
				</extensions>
			</trkpt>
			<trkpt lat="47.0019711238" lon="8.8274611068">
				<ele>2105.8</ele>
				<extensions>
					<swisstopo:routepoint_id>2120563980</swisstopo:routepoint_id>
				</extensions>
			</trkpt>
			<trkpt lat="47.0019668742" lon="8.8275558248">
				<ele>2108.3</ele>
				<extensions>
					<swisstopo:routepoint_id>1851176067</swisstopo:routepoint_id>
				</extensions>
			</trkpt>
			<trkpt lat="47.0019692470" lon="8.8276340158">
				<ele>2110.4</ele>
				<extensions>
					<swisstopo:routepoint_id>1213060834</swisstopo:routepoint_id>
				</extensions>
			</trkpt>
			<trkpt lat="47.0019876135" lon="8.8277222685">
				<ele>2111.7</ele>
				<extensions>
					<swisstopo:routepoint_id>1525172718</swisstopo:routepoint_id>
				</extensions>
			</trkpt>
			<trkpt lat="47.0020034924" lon="8.8278173246">
				<ele>2112.1</ele>
				<extensions>
					<swisstopo:routepoint_id>496617280</swisstopo:routepoint_id>
				</extensions>
			</trkpt>
			<trkpt lat="47.0020084573" lon="8.8278791447">
				<ele>2111.8</ele>
				<extensions>
					<swisstopo:routepoint_id>1814152998</swisstopo:routepoint_id>
				</extensions>
			</trkpt>
			<trkpt lat="47.0020263021" lon="8.8279413462">
				<ele>2110.8</ele>
				<extensions>
					<swisstopo:routepoint_id>1079663443</swisstopo:routepoint_id>
				</extensions>
			</trkpt>
			<trkpt lat="47.0020506904" lon="8.8279928046">
				<ele>2109.6</ele>
				<extensions>
					<swisstopo:routepoint_id>1361615125</swisstopo:routepoint_id>
				</extensions>
			</trkpt>
			<trkpt lat="47.0020727102" lon="8.8280414278">
				<ele>2108.8</ele>
				<extensions>
					<swisstopo:routepoint_id>230456038</swisstopo:routepoint_id>
				</extensions>
			</trkpt>
			<trkpt lat="47.0020978901" lon="8.8280942616">
				<ele>2107.9</ele>
				<extensions>
					<swisstopo:routepoint_id>1279789770</swisstopo:routepoint_id>
				</extensions>
			</trkpt>
			<trkpt lat="47.0021172036" lon="8.8281688525">
				<ele>2107.3</ele>
				<extensions>
					<swisstopo:routepoint_id>1968677357</swisstopo:routepoint_id>
				</extensions>
			</trkpt>
			<trkpt lat="47.0021414446" lon="8.8282353779">
				<ele>2106.7</ele>
				<extensions>
					<swisstopo:routepoint_id>1200034962</swisstopo:routepoint_id>
				</extensions>
			</trkpt>
			<trkpt lat="47.0021675110" lon="8.8282813963">
				<ele>2106.2</ele>
				<extensions>
					<swisstopo:routepoint_id>1506261514</swisstopo:routepoint_id>
				</extensions>
			</trkpt>
			<trkpt lat="47.0021762900" lon="8.8283625147">
				<ele>2106.8</ele>
				<extensions>
					<swisstopo:routepoint_id>149200909</swisstopo:routepoint_id>
				</extensions>
			</trkpt>
			<trkpt lat="47.0021881563" lon="8.8284560578">
				<ele>2107.8</ele>
				<extensions>
					<swisstopo:routepoint_id>2015502841</swisstopo:routepoint_id>
				</extensions>
			</trkpt>
			<trkpt lat="47.0022171667" lon="8.8284528377">
				<ele>2107.2</ele>
				<extensions>
					<swisstopo:routepoint_id>774425323</swisstopo:routepoint_id>
				</extensions>
			</trkpt>
			<trkpt lat="47.0022396547" lon="8.8284733084">
				<ele>2107.2</ele>
				<extensions>
					<swisstopo:routepoint_id>1935868295</swisstopo:routepoint_id>
				</extensions>
			</trkpt>
			<trkpt lat="47.0022171667" lon="8.8284528377">
				<ele>2107.2</ele>
				<extensions>
					<swisstopo:routepoint_id>2080006823</swisstopo:routepoint_id>
				</extensions>
			</trkpt>
			<trkpt lat="47.0021881563" lon="8.8284560578">
				<ele>2107.8</ele>
				<extensions>
					<swisstopo:routepoint_id>1498391935</swisstopo:routepoint_id>
				</extensions>
			</trkpt>
			<trkpt lat="47.0022093178" lon="8.8285087910">
				<ele>2109.0</ele>
				<extensions>
					<swisstopo:routepoint_id>1396522114</swisstopo:routepoint_id>
				</extensions>
			</trkpt>
			<trkpt lat="47.0022190055" lon="8.8285803430">
				<ele>2110.6</ele>
				<extensions>
					<swisstopo:routepoint_id>604577953</swisstopo:routepoint_id>
				</extensions>
			</trkpt>
			<trkpt lat="47.0022279580" lon="8.8286463921">
				<ele>2112.1</ele>
				<extensions>
					<swisstopo:routepoint_id>1862202133</swisstopo:routepoint_id>
				</extensions>
			</trkpt>
			<trkpt lat="47.0022375282" lon="8.8287289085">
				<ele>2113.7</ele>
				<extensions>
					<swisstopo:routepoint_id>799587516</swisstopo:routepoint_id>
				</extensions>
			</trkpt>
			<trkpt lat="47.0022470673" lon="8.8288141660">
				<ele>2114.9</ele>
				<extensions>
					<swisstopo:routepoint_id>1818387539</swisstopo:routepoint_id>
				</extensions>
			</trkpt>
			<trkpt lat="47.0022589021" lon="8.8289104569">
				<ele>2115.9</ele>
				<extensions>
					<swisstopo:routepoint_id>55178428</swisstopo:routepoint_id>
				</extensions>
			</trkpt>
			<trkpt lat="47.0022691031" lon="8.8290094280">
				<ele>2117.2</ele>
				<extensions>
					<swisstopo:routepoint_id>664040441</swisstopo:routepoint_id>
				</extensions>
			</trkpt>
			<trkpt lat="47.0022866890" lon="8.8290949456">
				<ele>2118.0</ele>
				<extensions>
					<swisstopo:routepoint_id>939938939</swisstopo:routepoint_id>
				</extensions>
			</trkpt>
			<trkpt lat="47.0023084957" lon="8.8291627470">
				<ele>2118.4</ele>
				<extensions>
					<swisstopo:routepoint_id>1411182801</swisstopo:routepoint_id>
				</extensions>
			</trkpt>
			<trkpt lat="47.0023298609" lon="8.8291962865">
				<ele>2118.9</ele>
				<extensions>
					<swisstopo:routepoint_id>1377478723</swisstopo:routepoint_id>
				</extensions>
			</trkpt>
			<trkpt lat="47.0023357260" lon="8.8292499082">
				<ele>2120.1</ele>
				<extensions>
					<swisstopo:routepoint_id>968091485</swisstopo:routepoint_id>
				</extensions>
			</trkpt>
			<trkpt lat="47.0023441482" lon="8.8292899058">
				<ele>2120.7</ele>
				<extensions>
					<swisstopo:routepoint_id>1767799390</swisstopo:routepoint_id>
				</extensions>
			</trkpt>
			<trkpt lat="47.0023574473" lon="8.8293245731">
				<ele>2122.2</ele>
				<extensions>
					<swisstopo:routepoint_id>1593053277</swisstopo:routepoint_id>
				</extensions>
			</trkpt>
			<trkpt lat="47.0023901060" lon="8.8293557185">
				<ele>2123.0</ele>
				<extensions>
					<swisstopo:routepoint_id>219609089</swisstopo:routepoint_id>
				</extensions>
			</trkpt>
			<trkpt lat="47.0023894491" lon="8.8294173782">
				<ele>2124.8</ele>
				<extensions>
					<swisstopo:routepoint_id>224510524</swisstopo:routepoint_id>
				</extensions>
			</trkpt>
			<trkpt lat="47.0023828377" lon="8.8294336057">
				<ele>2125.5</ele>
				<extensions>
					<swisstopo:routepoint_id>216461106</swisstopo:routepoint_id>
				</extensions>
			</trkpt>
			<trkpt lat="47.0023711087" lon="8.8294757389">
				<ele>2126.7</ele>
				<extensions>
					<swisstopo:routepoint_id>202022259</swisstopo:routepoint_id>
				</extensions>
			</trkpt>
			<trkpt lat="47.0023797523" lon="8.8294951892">
				<ele>2127.2</ele>
				<extensions>
					<swisstopo:routepoint_id>12789337</swisstopo:routepoint_id>
				</extensions>
			</trkpt>
			<trkpt lat="47.0023947861" lon="8.8295189345">
				<ele>2128.0</ele>
				<extensions>
					<swisstopo:routepoint_id>331699907</swisstopo:routepoint_id>
				</extensions>
			</trkpt>
			<trkpt lat="47.0023902396" lon="8.8295667773">
				<ele>2129.2</ele>
				<extensions>
					<swisstopo:routepoint_id>914148</swisstopo:routepoint_id>
				</extensions>
			</trkpt>
			<trkpt lat="47.0024070068" lon="8.8295796129">
				<ele>2129.9</ele>
				<extensions>
					<swisstopo:routepoint_id>1373306072</swisstopo:routepoint_id>
				</extensions>
			</trkpt>
			<trkpt lat="47.0024294532" lon="8.8295885190">
				<ele>2130.7</ele>
				<extensions>
					<swisstopo:routepoint_id>1858031357</swisstopo:routepoint_id>
				</extensions>
			</trkpt>
			<trkpt lat="47.0024372467" lon="8.8296120506">
				<ele>2131.7</ele>
				<extensions>
					<swisstopo:routepoint_id>1826500225</swisstopo:routepoint_id>
				</extensions>
			</trkpt>
			<trkpt lat="47.0024231080" lon="8.8296541078">
				<ele>2132.5</ele>
				<extensions>
					<swisstopo:routepoint_id>536244891</swisstopo:routepoint_id>
				</extensions>
			</trkpt>
			<trkpt lat="47.0024235882" lon="8.8296842617">
				<ele>2133.2</ele>
				<extensions>
					<swisstopo:routepoint_id>2083117876</swisstopo:routepoint_id>
				</extensions>
			</trkpt>
			<trkpt lat="47.0024518703" lon="8.8296741719">
				<ele>2134.1</ele>
				<extensions>
					<swisstopo:routepoint_id>145913129</swisstopo:routepoint_id>
				</extensions>
			</trkpt>
			<trkpt lat="47.0024556182" lon="8.8296989530">
				<ele>2134.7</ele>
				<extensions>
					<swisstopo:routepoint_id>1930405715</swisstopo:routepoint_id>
				</extensions>
			</trkpt>
			<trkpt lat="47.0024836877" lon="8.8297093991">
				<ele>2136.0</ele>
				<extensions>
					<swisstopo:routepoint_id>87767251</swisstopo:routepoint_id>
				</extensions>
			</trkpt>
			<trkpt lat="47.0025068847" lon="8.8297224411">
				<ele>2137.1</ele>
				<extensions>
					<swisstopo:routepoint_id>180932029</swisstopo:routepoint_id>
				</extensions>
			</trkpt>
			<trkpt lat="47.0025404103" lon="8.8297481123">
				<ele>2138.3</ele>
				<extensions>
					<swisstopo:routepoint_id>1739898004</swisstopo:routepoint_id>
				</extensions>
			</trkpt>
			<trkpt lat="47.0025474275" lon="8.8297689016">
				<ele>2139.2</ele>
				<extensions>
					<swisstopo:routepoint_id>274049196</swisstopo:routepoint_id>
				</extensions>
			</trkpt>
			<trkpt lat="47.0025636323" lon="8.8298022247">
				<ele>2140.5</ele>
				<extensions>
					<swisstopo:routepoint_id>1058872555</swisstopo:routepoint_id>
				</extensions>
			</trkpt>
			<trkpt lat="47.0026231303" lon="8.8298369209">
				<ele>2142.3</ele>
				<extensions>
					<swisstopo:routepoint_id>696043452</swisstopo:routepoint_id>
				</extensions>
			</trkpt>
			<trkpt lat="47.0026462918" lon="8.8298677679">
				<ele>2143.3</ele>
				<extensions>
					<swisstopo:routepoint_id>98554527</swisstopo:routepoint_id>
				</extensions>
			</trkpt>
			<trkpt lat="47.0026896003" lon="8.8298849214">
				<ele>2144.3</ele>
				<extensions>
					<swisstopo:routepoint_id>1896926327</swisstopo:routepoint_id>
				</extensions>
			</trkpt>
			<trkpt lat="47.0027603279" lon="8.8299343743">
				<ele>2146.6</ele>
				<extensions>
					<swisstopo:routepoint_id>642045265</swisstopo:routepoint_id>
				</extensions>
			</trkpt>
			<trkpt lat="47.0028056893" lon="8.8299581306">
				<ele>2147.6</ele>
				<extensions>
					<swisstopo:routepoint_id>1116136830</swisstopo:routepoint_id>
				</extensions>
			</trkpt>
			<trkpt lat="47.0028224385" lon="8.8299887591">
				<ele>2149.0</ele>
				<extensions>
					<swisstopo:routepoint_id>1651534615</swisstopo:routepoint_id>
				</extensions>
			</trkpt>
			<trkpt lat="47.0028480959" lon="8.8299896217">
				<ele>2149.1</ele>
				<extensions>
					<swisstopo:routepoint_id>378945710</swisstopo:routepoint_id>
				</extensions>
			</trkpt>
			<trkpt lat="47.0028683369" lon="8.8300269161">
				<ele>2150.9</ele>
				<extensions>
					<swisstopo:routepoint_id>417329716</swisstopo:routepoint_id>
				</extensions>
			</trkpt>
			<trkpt lat="47.0029376735" lon="8.8300737031">
				<ele>2153.7</ele>
				<extensions>
					<swisstopo:routepoint_id>840005642</swisstopo:routepoint_id>
				</extensions>
			</trkpt>
			<trkpt lat="47.0029797599" lon="8.8300738084">
				<ele>2154.5</ele>
				<extensions>
					<swisstopo:routepoint_id>204870369</swisstopo:routepoint_id>
				</extensions>
			</trkpt>
			<trkpt lat="47.0030279145" lon="8.8301015951">
				<ele>2156.2</ele>
				<extensions>
					<swisstopo:routepoint_id>128296451</swisstopo:routepoint_id>
				</extensions>
			</trkpt>
			<trkpt lat="47.0030716832" lon="8.8301164864">
				<ele>2157.6</ele>
				<extensions>
					<swisstopo:routepoint_id>893142083</swisstopo:routepoint_id>
				</extensions>
			</trkpt>
			<trkpt lat="47.0031094103" lon="8.8301258677">
				<ele>2159.0</ele>
				<extensions>
					<swisstopo:routepoint_id>1135828838</swisstopo:routepoint_id>
				</extensions>
			</trkpt>
			<trkpt lat="47.0031399472" lon="8.8301308947">
				<ele>2159.8</ele>
				<extensions>
					<swisstopo:routepoint_id>1046018740</swisstopo:routepoint_id>
				</extensions>
			</trkpt>
			<trkpt lat="47.0031808023" lon="8.8301485898">
				<ele>2161.8</ele>
				<extensions>
					<swisstopo:routepoint_id>1710561647</swisstopo:routepoint_id>
				</extensions>
			</trkpt>
			<trkpt lat="47.0032168047" lon="8.8301688820">
				<ele>2164.3</ele>
				<extensions>
					<swisstopo:routepoint_id>88137490</swisstopo:routepoint_id>
				</extensions>
			</trkpt>
			<trkpt lat="47.0032318138" lon="8.8301953755">
				<ele>2166.6</ele>
				<extensions>
					<swisstopo:routepoint_id>4477305</swisstopo:routepoint_id>
				</extensions>
			</trkpt>
			<trkpt lat="47.0031976802" lon="8.8302258551">
				<ele>2167.3</ele>
				<extensions>
					<swisstopo:routepoint_id>1054512228</swisstopo:routepoint_id>
				</extensions>
			</trkpt>
			<trkpt lat="47.0031698447" lon="8.8302688600">
				<ele>2169.6</ele>
				<extensions>
					<swisstopo:routepoint_id>2130552558</swisstopo:routepoint_id>
				</extensions>
			</trkpt>
			<trkpt lat="47.0032237770" lon="8.8302691146">
				<ele>2172.6</ele>
				<extensions>
					<swisstopo:routepoint_id>1236076627</swisstopo:routepoint_id>
				</extensions>
			</trkpt>
			<trkpt lat="47.0032487650" lon="8.8302657777">
				<ele>2173.7</ele>
				<extensions>
					<swisstopo:routepoint_id>1653586122</swisstopo:routepoint_id>
				</extensions>
			</trkpt>
			<trkpt lat="47.0032659455" lon="8.8303142639">
				<ele>2178.1</ele>
				<extensions>
					<swisstopo:routepoint_id>899110402</swisstopo:routepoint_id>
				</extensions>
			</trkpt>
			<trkpt lat="47.0033043909" lon="8.8303318833">
				<ele>2179.9</ele>
				<extensions>
					<swisstopo:routepoint_id>1540103499</swisstopo:routepoint_id>
				</extensions>
			</trkpt>
			<trkpt lat="47.0033452805" lon="8.8303468186">
				<ele>2181.5</ele>
				<extensions>
					<swisstopo:routepoint_id>843905641</swisstopo:routepoint_id>
				</extensions>
			</trkpt>
			<trkpt lat="47.0033294481" lon="8.8303956707">
				<ele>2184.0</ele>
				<extensions>
					<swisstopo:routepoint_id>232852925</swisstopo:routepoint_id>
				</extensions>
			</trkpt>
			<trkpt lat="47.0033059873" lon="8.8304072928">
				<ele>2184.6</ele>
				<extensions>
					<swisstopo:routepoint_id>1426984603</swisstopo:routepoint_id>
				</extensions>
			</trkpt>
			<trkpt lat="47.0033080843" lon="8.8304361476">
				<ele>2185.9</ele>
				<extensions>
					<swisstopo:routepoint_id>1427311199</swisstopo:routepoint_id>
				</extensions>
			</trkpt>
			<trkpt lat="47.0033354510" lon="8.8304369761">
				<ele>2186.9</ele>
				<extensions>
					<swisstopo:routepoint_id>1215718851</swisstopo:routepoint_id>
				</extensions>
			</trkpt>
			<trkpt lat="47.0033741025" lon="8.8304354140">
				<ele>2187.9</ele>
				<extensions>
					<swisstopo:routepoint_id>1444036914</swisstopo:routepoint_id>
				</extensions>
			</trkpt>
			<trkpt lat="47.0034074438" lon="8.8304035330">
				<ele>2187.8</ele>
				<extensions>
					<swisstopo:routepoint_id>414454305</swisstopo:routepoint_id>
				</extensions>
			</trkpt>
			<trkpt lat="47.0034523623" lon="8.8304186120">
				<ele>2190.7</ele>
				<extensions>
					<swisstopo:routepoint_id>1102068240</swisstopo:routepoint_id>
				</extensions>
			</trkpt>
			<trkpt lat="47.0034857800" lon="8.8304538816">
				<ele>2197.3</ele>
				<extensions>
					<swisstopo:routepoint_id>854229205</swisstopo:routepoint_id>
				</extensions>
			</trkpt>
			<trkpt lat="47.0035278155" lon="8.8304373498">
				<ele>2194.7</ele>
				<extensions>
					<swisstopo:routepoint_id>803616284</swisstopo:routepoint_id>
				</extensions>
			</trkpt>
			<trkpt lat="47.0035419079" lon="8.8304734202">
				<ele>2196.3</ele>
				<extensions>
					<swisstopo:routepoint_id>58823472</swisstopo:routepoint_id>
				</extensions>
			</trkpt>
			<trkpt lat="47.0035679880" lon="8.8305180474">
				<ele>2196.8</ele>
				<extensions>
					<swisstopo:routepoint_id>312025578</swisstopo:routepoint_id>
				</extensions>
			</trkpt>
			<trkpt lat="47.0035869682" lon="8.8305501546">
				<ele>2196.6</ele>
				<extensions>
					<swisstopo:routepoint_id>1887611587</swisstopo:routepoint_id>
				</extensions>
			</trkpt>
			<trkpt lat="47.0036145422" lon="8.8306044472">
				<ele>2198.7</ele>
				<extensions>
					<swisstopo:routepoint_id>1837107158</swisstopo:routepoint_id>
				</extensions>
			</trkpt>
			<trkpt lat="47.0036469798" lon="8.8306575114">
				<ele>2200.4</ele>
				<extensions>
					<swisstopo:routepoint_id>190874647</swisstopo:routepoint_id>
				</extensions>
			</trkpt>
			<trkpt lat="47.0036761799" lon="8.8307104784">
				<ele>2202.1</ele>
				<extensions>
					<swisstopo:routepoint_id>1529711733</swisstopo:routepoint_id>
				</extensions>
			</trkpt>
			<trkpt lat="47.0036834377" lon="8.8307833258">
				<ele>2205.9</ele>
				<extensions>
					<swisstopo:routepoint_id>1437794711</swisstopo:routepoint_id>
				</extensions>
			</trkpt>
			<trkpt lat="47.0036948242" lon="8.8308467195">
				<ele>2207.9</ele>
				<extensions>
					<swisstopo:routepoint_id>1836824848</swisstopo:routepoint_id>
				</extensions>
			</trkpt>
			<trkpt lat="47.0037014136" lon="8.8309072140">
				<ele>2209.0</ele>
				<extensions>
					<swisstopo:routepoint_id>1483300232</swisstopo:routepoint_id>
				</extensions>
			</trkpt>
			<trkpt lat="47.0037105543" lon="8.8309554653">
				<ele>2209.6</ele>
				<extensions>
					<swisstopo:routepoint_id>16059901</swisstopo:routepoint_id>
				</extensions>
			</trkpt>
			<trkpt lat="47.0037306339" lon="8.8310341957">
				<ele>2211.6</ele>
				<extensions>
					<swisstopo:routepoint_id>202521428</swisstopo:routepoint_id>
				</extensions>
			</trkpt>
			<trkpt lat="47.0037458742" lon="8.8311127737">
				<ele>2212.1</ele>
				<extensions>
					<swisstopo:routepoint_id>1346485702</swisstopo:routepoint_id>
				</extensions>
			</trkpt>
			<trkpt lat="47.0037482791" lon="8.8311882179">
				<ele>2213.6</ele>
				<extensions>
					<swisstopo:routepoint_id>2101693194</swisstopo:routepoint_id>
				</extensions>
			</trkpt>
			<trkpt lat="47.0037563634" lon="8.8312597191">
				<ele>2214.6</ele>
				<extensions>
					<swisstopo:routepoint_id>1561002078</swisstopo:routepoint_id>
				</extensions>
			</trkpt>
			<trkpt lat="47.0037581641" lon="8.8313159733">
				<ele>2215.7</ele>
				<extensions>
					<swisstopo:routepoint_id>487675290</swisstopo:routepoint_id>
				</extensions>
			</trkpt>
			<trkpt lat="47.0037348431" lon="8.8313138949">
				<ele>2216.4</ele>
				<extensions>
					<swisstopo:routepoint_id>604140558</swisstopo:routepoint_id>
				</extensions>
			</trkpt>
			<trkpt lat="47.0036981061" lon="8.8312867318">
				<ele>2218.2</ele>
				<extensions>
					<swisstopo:routepoint_id>312185797</swisstopo:routepoint_id>
				</extensions>
			</trkpt>
			<trkpt lat="47.0036630780" lon="8.8312514064">
				<ele>2219.4</ele>
				<extensions>
					<swisstopo:routepoint_id>1166332059</swisstopo:routepoint_id>
				</extensions>
			</trkpt>
			<trkpt lat="47.0036357201" lon="8.8312505778">
				<ele>2221.0</ele>
				<extensions>
					<swisstopo:routepoint_id>1554941086</swisstopo:routepoint_id>
				</extensions>
			</trkpt>
			<trkpt lat="47.0036200996" lon="8.8312062482">
				<ele>2221.7</ele>
				<extensions>
					<swisstopo:routepoint_id>1769367585</swisstopo:routepoint_id>
				</extensions>
			</trkpt>
			<trkpt lat="47.0035635830" lon="8.8311483242">
				<ele>2223.8</ele>
				<extensions>
					<swisstopo:routepoint_id>1368683686</swisstopo:routepoint_id>
				</extensions>
			</trkpt>
			<trkpt lat="47.0035457412" lon="8.8310861174">
				<ele>2224.6</ele>
				<extensions>
					<swisstopo:routepoint_id>1458995476</swisstopo:routepoint_id>
				</extensions>
			</trkpt>
			<trkpt lat="47.0035183001" lon="8.8310921384">
				<ele>2226.8</ele>
				<extensions>
					<swisstopo:routepoint_id>1759267796</swisstopo:routepoint_id>
				</extensions>
			</trkpt>
			<trkpt lat="47.0035035062" lon="8.8310464625">
				<ele>2226.7</ele>
				<extensions>
					<swisstopo:routepoint_id>79835132</swisstopo:routepoint_id>
				</extensions>
			</trkpt>
			<trkpt lat="47.0034846530" lon="8.8310787848">
				<ele>2228.8</ele>
				<extensions>
					<swisstopo:routepoint_id>1400781999</swisstopo:routepoint_id>
				</extensions>
			</trkpt>
			<trkpt lat="47.0034746394" lon="8.8311113631">
				<ele>2229.9</ele>
				<extensions>
					<swisstopo:routepoint_id>1747636974</swisstopo:routepoint_id>
				</extensions>
			</trkpt>
			<trkpt lat="47.0034658737" lon="8.8311768770">
				<ele>2232.2</ele>
				<extensions>
					<swisstopo:routepoint_id>553872896</swisstopo:routepoint_id>
				</extensions>
			</trkpt>
			<trkpt lat="47.0034605019" lon="8.8312274212">
				<ele>2233.1</ele>
				<extensions>
					<swisstopo:routepoint_id>664197886</swisstopo:routepoint_id>
				</extensions>
			</trkpt>
			<trkpt lat="47.0034275377" lon="8.8312236725">
				<ele>2234.4</ele>
				<extensions>
					<swisstopo:routepoint_id>1595415304</swisstopo:routepoint_id>
				</extensions>
			</trkpt>
			<trkpt lat="47.0034019957" lon="8.8312037040">
				<ele>2235.8</ele>
				<extensions>
					<swisstopo:routepoint_id>895401519</swisstopo:routepoint_id>
				</extensions>
			</trkpt>
			<trkpt lat="47.0033777332" lon="8.8312139503">
				<ele>2237.4</ele>
				<extensions>
					<swisstopo:routepoint_id>800807724</swisstopo:routepoint_id>
				</extensions>
			</trkpt>
			<trkpt lat="47.0033668600" lon="8.8311779765">
				<ele>2237.9</ele>
				<extensions>
					<swisstopo:routepoint_id>55117883</swisstopo:routepoint_id>
				</extensions>
			</trkpt>
			<trkpt lat="47.0033331708" lon="8.8311673574">
				<ele>2239.4</ele>
				<extensions>
					<swisstopo:routepoint_id>43573930</swisstopo:routepoint_id>
				</extensions>
			</trkpt>
			<trkpt lat="47.0033262130" lon="8.8312151118">
				<ele>2240.8</ele>
				<extensions>
					<swisstopo:routepoint_id>1997097220</swisstopo:routepoint_id>
				</extensions>
			</trkpt>
			<trkpt lat="47.0033174395" lon="8.8312819930">
				<ele>2243.3</ele>
				<extensions>
					<swisstopo:routepoint_id>432247682</swisstopo:routepoint_id>
				</extensions>
			</trkpt>
			<trkpt lat="47.0033156497" lon="8.8313723983">
				<ele>2245.9</ele>
				<extensions>
					<swisstopo:routepoint_id>669173803</swisstopo:routepoint_id>
				</extensions>
			</trkpt>
			<trkpt lat="47.0033235687" lon="8.8314589661">
				<ele>2248.6</ele>
				<extensions>
					<swisstopo:routepoint_id>1591582405</swisstopo:routepoint_id>
				</extensions>
			</trkpt>
			<trkpt lat="47.0033372588" lon="8.8315334003">
				<ele>2250.4</ele>
				<extensions>
					<swisstopo:routepoint_id>1073389315</swisstopo:routepoint_id>
				</extensions>
			</trkpt>
			<trkpt lat="47.0033268660" lon="8.8316002263">
				<ele>2252.7</ele>
				<extensions>
					<swisstopo:routepoint_id>938557790</swisstopo:routepoint_id>
				</extensions>
			</trkpt>
			<trkpt lat="47.0033441614" lon="8.8316377478">
				<ele>2253.3</ele>
				<extensions>
					<swisstopo:routepoint_id>1165219369</swisstopo:routepoint_id>
				</extensions>
			</trkpt>
			<trkpt lat="47.0033525659" lon="8.8316791284">
				<ele>2254.5</ele>
				<extensions>
					<swisstopo:routepoint_id>1433939829</swisstopo:routepoint_id>
				</extensions>
			</trkpt>
			<trkpt lat="47.0033444867" lon="8.8317570085">
				<ele>2255.4</ele>
				<extensions>
					<swisstopo:routepoint_id>143191267</swisstopo:routepoint_id>
				</extensions>
			</trkpt>
			<trkpt lat="47.0033365875" lon="8.8318170609">
				<ele>2257.0</ele>
				<extensions>
					<swisstopo:routepoint_id>1064103469</swisstopo:routepoint_id>
				</extensions>
			</trkpt>
			<trkpt lat="47.0033545598" lon="8.8318669489">
				<ele>2258.5</ele>
				<extensions>
					<swisstopo:routepoint_id>65099856</swisstopo:routepoint_id>
				</extensions>
			</trkpt>
			<trkpt lat="47.0033411965" lon="8.8319117488">
				<ele>2259.5</ele>
				<extensions>
					<swisstopo:routepoint_id>326081000</swisstopo:routepoint_id>
				</extensions>
			</trkpt>
			<trkpt lat="47.0033284520" lon="8.8319744104">
				<ele>2261.2</ele>
				<extensions>
					<swisstopo:routepoint_id>1325538254</swisstopo:routepoint_id>
				</extensions>
			</trkpt>
			<trkpt lat="47.0033286499" lon="8.8320292291">
				<ele>2262.1</ele>
				<extensions>
					<swisstopo:routepoint_id>1034274896</swisstopo:routepoint_id>
				</extensions>
			</trkpt>
			<trkpt lat="47.0033440813" lon="8.8320913733">
				<ele>2263.7</ele>
				<extensions>
					<swisstopo:routepoint_id>40693406</swisstopo:routepoint_id>
				</extensions>
			</trkpt>
			<trkpt lat="47.0033435619" lon="8.8321393209">
				<ele>2265.0</ele>
				<extensions>
					<swisstopo:routepoint_id>1024359915</swisstopo:routepoint_id>
				</extensions>
			</trkpt>
			<trkpt lat="47.0033428116" lon="8.8322078179">
				<ele>2266.7</ele>
				<extensions>
					<swisstopo:routepoint_id>406379625</swisstopo:routepoint_id>
				</extensions>
			</trkpt>
			<trkpt lat="47.0033384128" lon="8.8322433163">
				<ele>2267.6</ele>
				<extensions>
					<swisstopo:routepoint_id>532966066</swisstopo:routepoint_id>
				</extensions>
			</trkpt>
			<trkpt lat="47.0033614697" lon="8.8322686912">
				<ele>2267.7</ele>
				<extensions>
					<swisstopo:routepoint_id>2016547860</swisstopo:routepoint_id>
				</extensions>
			</trkpt>
			<trkpt lat="47.0033706167" lon="8.8323155622">
				<ele>2268.5</ele>
				<extensions>
					<swisstopo:routepoint_id>64773206</swisstopo:routepoint_id>
				</extensions>
			</trkpt>
			<trkpt lat="47.0033812354" lon="8.8323761874">
				<ele>2268.9</ele>
				<extensions>
					<swisstopo:routepoint_id>1832526640</swisstopo:routepoint_id>
				</extensions>
			</trkpt>
			<trkpt lat="47.0034144891" lon="8.8324279059">
				<ele>2270.4</ele>
				<extensions>
					<swisstopo:routepoint_id>871266498</swisstopo:routepoint_id>
				</extensions>
			</trkpt>
			<trkpt lat="47.0034243041" lon="8.8324871427">
				<ele>2271.5</ele>
				<extensions>
					<swisstopo:routepoint_id>1274078105</swisstopo:routepoint_id>
				</extensions>
			</trkpt>
			<trkpt lat="47.0034355577" lon="8.8325628553">
				<ele>2273.1</ele>
				<extensions>
					<swisstopo:routepoint_id>1290840357</swisstopo:routepoint_id>
				</extensions>
			</trkpt>
			<trkpt lat="47.0034711444" lon="8.8326603083">
				<ele>2274.1</ele>
				<extensions>
					<swisstopo:routepoint_id>550779161</swisstopo:routepoint_id>
				</extensions>
			</trkpt>
			<trkpt lat="47.0034985182" lon="8.8327198832">
				<ele>2274.7</ele>
				<extensions>
					<swisstopo:routepoint_id>1932601948</swisstopo:routepoint_id>
				</extensions>
			</trkpt>
			<trkpt lat="47.0035286799" lon="8.8327735203">
				<ele>2275.6</ele>
				<extensions>
					<swisstopo:routepoint_id>590810347</swisstopo:routepoint_id>
				</extensions>
			</trkpt>
			<trkpt lat="47.0035926172" lon="8.8328485644">
				<ele>2276.7</ele>
				<extensions>
					<swisstopo:routepoint_id>1532929858</swisstopo:routepoint_id>
				</extensions>
			</trkpt>
			<trkpt lat="47.0036419823" lon="8.8329018725">
				<ele>2277.1</ele>
				<extensions>
					<swisstopo:routepoint_id>1737295210</swisstopo:routepoint_id>
				</extensions>
			</trkpt>
			<trkpt lat="47.0036937555" lon="8.8329340436">
				<ele>2276.2</ele>
				<extensions>
					<swisstopo:routepoint_id>1889101894</swisstopo:routepoint_id>
				</extensions>
			</trkpt>
			<trkpt lat="47.0037692272" lon="8.8330074807">
				<ele>2275.5</ele>
				<extensions>
					<swisstopo:routepoint_id>244159152</swisstopo:routepoint_id>
				</extensions>
			</trkpt>
			<trkpt lat="47.0038321964" lon="8.8330703484">
				<ele>2274.8</ele>
				<extensions>
					<swisstopo:routepoint_id>427671323</swisstopo:routepoint_id>
				</extensions>
			</trkpt>
			<trkpt lat="47.0038536953" lon="8.8331135693">
				<ele>2275.0</ele>
				<extensions>
					<swisstopo:routepoint_id>1837786932</swisstopo:routepoint_id>
				</extensions>
			</trkpt>
			<trkpt lat="47.0038563641" lon="8.8331753171">
				<ele>2275.8</ele>
				<extensions>
					<swisstopo:routepoint_id>882638623</swisstopo:routepoint_id>
				</extensions>
			</trkpt>
			<trkpt lat="47.0038800208" lon="8.8332216315">
				<ele>2276.2</ele>
				<extensions>
					<swisstopo:routepoint_id>670095013</swisstopo:routepoint_id>
				</extensions>
			</trkpt>
			<trkpt lat="47.0039269089" lon="8.8332485737">
				<ele>2274.6</ele>
				<extensions>
					<swisstopo:routepoint_id>1130576867</swisstopo:routepoint_id>
				</extensions>
			</trkpt>
			<trkpt lat="47.0039506389" lon="8.8332332518">
				<ele>2275.0</ele>
				<extensions>
					<swisstopo:routepoint_id>1939152877</swisstopo:routepoint_id>
				</extensions>
			</trkpt>
			<trkpt lat="47.0040266824" lon="8.8332501149">
				<ele>2274.1</ele>
				<extensions>
					<swisstopo:routepoint_id>1539782061</swisstopo:routepoint_id>
				</extensions>
			</trkpt>
			<trkpt lat="47.0040789136" lon="8.8333985281">
				<ele>2277.8</ele>
				<extensions>
					<swisstopo:routepoint_id>1211253482</swisstopo:routepoint_id>
				</extensions>
			</trkpt>
			<trkpt lat="47.0042332128" lon="8.8337031747">
				<ele>2281.8</ele>
				<extensions>
					<swisstopo:routepoint_id>1889510084</swisstopo:routepoint_id>
				</extensions>
			</trkpt>
			<trkpt lat="47.0040789136" lon="8.8333985281">
				<ele>2277.8</ele>
				<extensions>
					<swisstopo:routepoint_id>2014328656</swisstopo:routepoint_id>
				</extensions>
			</trkpt>
			<trkpt lat="47.0040266824" lon="8.8332501149">
				<ele>2274.1</ele>
				<extensions>
					<swisstopo:routepoint_id>622119636</swisstopo:routepoint_id>
				</extensions>
			</trkpt>
			<trkpt lat="47.0039506389" lon="8.8332332518">
				<ele>2275.0</ele>
				<extensions>
					<swisstopo:routepoint_id>163969991</swisstopo:routepoint_id>
				</extensions>
			</trkpt>
			<trkpt lat="47.0039269089" lon="8.8332485737">
				<ele>2274.6</ele>
				<extensions>
					<swisstopo:routepoint_id>633764673</swisstopo:routepoint_id>
				</extensions>
			</trkpt>
			<trkpt lat="47.0038800208" lon="8.8332216315">
				<ele>2276.2</ele>
				<extensions>
					<swisstopo:routepoint_id>1713348128</swisstopo:routepoint_id>
				</extensions>
			</trkpt>
			<trkpt lat="47.0038563641" lon="8.8331753171">
				<ele>2275.8</ele>
				<extensions>
					<swisstopo:routepoint_id>522183110</swisstopo:routepoint_id>
				</extensions>
			</trkpt>
			<trkpt lat="47.0038536953" lon="8.8331135693">
				<ele>2275.0</ele>
				<extensions>
					<swisstopo:routepoint_id>1938988905</swisstopo:routepoint_id>
				</extensions>
			</trkpt>
			<trkpt lat="47.0038321964" lon="8.8330703484">
				<ele>2274.8</ele>
				<extensions>
					<swisstopo:routepoint_id>2059052209</swisstopo:routepoint_id>
				</extensions>
			</trkpt>
			<trkpt lat="47.0037692272" lon="8.8330074807">
				<ele>2275.5</ele>
				<extensions>
					<swisstopo:routepoint_id>1895765243</swisstopo:routepoint_id>
				</extensions>
			</trkpt>
			<trkpt lat="47.0036937555" lon="8.8329340436">
				<ele>2276.2</ele>
				<extensions>
					<swisstopo:routepoint_id>2024039789</swisstopo:routepoint_id>
				</extensions>
			</trkpt>
			<trkpt lat="47.0036419823" lon="8.8329018725">
				<ele>2277.1</ele>
				<extensions>
					<swisstopo:routepoint_id>1322700498</swisstopo:routepoint_id>
				</extensions>
			</trkpt>
			<trkpt lat="47.0035926172" lon="8.8328485644">
				<ele>2276.7</ele>
				<extensions>
					<swisstopo:routepoint_id>1034913593</swisstopo:routepoint_id>
				</extensions>
			</trkpt>
			<trkpt lat="47.0035286799" lon="8.8327735203">
				<ele>2275.6</ele>
				<extensions>
					<swisstopo:routepoint_id>729007504</swisstopo:routepoint_id>
				</extensions>
			</trkpt>
			<trkpt lat="47.0034985182" lon="8.8327198832">
				<ele>2274.7</ele>
				<extensions>
					<swisstopo:routepoint_id>1475695701</swisstopo:routepoint_id>
				</extensions>
			</trkpt>
			<trkpt lat="47.0034711444" lon="8.8326603083">
				<ele>2274.1</ele>
				<extensions>
					<swisstopo:routepoint_id>1575530973</swisstopo:routepoint_id>
				</extensions>
			</trkpt>
			<trkpt lat="47.0034355577" lon="8.8325628553">
				<ele>2273.1</ele>
				<extensions>
					<swisstopo:routepoint_id>1805656390</swisstopo:routepoint_id>
				</extensions>
			</trkpt>
			<trkpt lat="47.0034243041" lon="8.8324871427">
				<ele>2271.5</ele>
				<extensions>
					<swisstopo:routepoint_id>311490647</swisstopo:routepoint_id>
				</extensions>
			</trkpt>
			<trkpt lat="47.0034144891" lon="8.8324279059">
				<ele>2270.4</ele>
				<extensions>
					<swisstopo:routepoint_id>520694196</swisstopo:routepoint_id>
				</extensions>
			</trkpt>
			<trkpt lat="47.0033812354" lon="8.8323761874">
				<ele>2268.9</ele>
				<extensions>
					<swisstopo:routepoint_id>1625944553</swisstopo:routepoint_id>
				</extensions>
			</trkpt>
			<trkpt lat="47.0033706167" lon="8.8323155622">
				<ele>2268.5</ele>
				<extensions>
					<swisstopo:routepoint_id>55294751</swisstopo:routepoint_id>
				</extensions>
			</trkpt>
			<trkpt lat="47.0033614697" lon="8.8322686912">
				<ele>2267.7</ele>
				<extensions>
					<swisstopo:routepoint_id>247627691</swisstopo:routepoint_id>
				</extensions>
			</trkpt>
			<trkpt lat="47.0033384128" lon="8.8322433163">
				<ele>2267.6</ele>
				<extensions>
					<swisstopo:routepoint_id>1904729360</swisstopo:routepoint_id>
				</extensions>
			</trkpt>
			<trkpt lat="47.0033428116" lon="8.8322078179">
				<ele>2266.7</ele>
				<extensions>
					<swisstopo:routepoint_id>1652731494</swisstopo:routepoint_id>
				</extensions>
			</trkpt>
			<trkpt lat="47.0033435619" lon="8.8321393209">
				<ele>2265.0</ele>
				<extensions>
					<swisstopo:routepoint_id>386356625</swisstopo:routepoint_id>
				</extensions>
			</trkpt>
			<trkpt lat="47.0033440813" lon="8.8320913733">
				<ele>2263.7</ele>
				<extensions>
					<swisstopo:routepoint_id>102369296</swisstopo:routepoint_id>
				</extensions>
			</trkpt>
			<trkpt lat="47.0033286499" lon="8.8320292291">
				<ele>2262.1</ele>
				<extensions>
					<swisstopo:routepoint_id>1230589479</swisstopo:routepoint_id>
				</extensions>
			</trkpt>
			<trkpt lat="47.0033284520" lon="8.8319744104">
				<ele>2261.2</ele>
				<extensions>
					<swisstopo:routepoint_id>1076945485</swisstopo:routepoint_id>
				</extensions>
			</trkpt>
			<trkpt lat="47.0033411965" lon="8.8319117488">
				<ele>2259.5</ele>
				<extensions>
					<swisstopo:routepoint_id>655668206</swisstopo:routepoint_id>
				</extensions>
			</trkpt>
			<trkpt lat="47.0033545598" lon="8.8318669489">
				<ele>2258.5</ele>
				<extensions>
					<swisstopo:routepoint_id>1431481821</swisstopo:routepoint_id>
				</extensions>
			</trkpt>
			<trkpt lat="47.0033365875" lon="8.8318170609">
				<ele>2257.0</ele>
				<extensions>
					<swisstopo:routepoint_id>302396489</swisstopo:routepoint_id>
				</extensions>
			</trkpt>
			<trkpt lat="47.0033444867" lon="8.8317570085">
				<ele>2255.4</ele>
				<extensions>
					<swisstopo:routepoint_id>968283065</swisstopo:routepoint_id>
				</extensions>
			</trkpt>
			<trkpt lat="47.0033525659" lon="8.8316791284">
				<ele>2254.5</ele>
				<extensions>
					<swisstopo:routepoint_id>1383585483</swisstopo:routepoint_id>
				</extensions>
			</trkpt>
			<trkpt lat="47.0033441614" lon="8.8316377478">
				<ele>2253.3</ele>
				<extensions>
					<swisstopo:routepoint_id>1737925190</swisstopo:routepoint_id>
				</extensions>
			</trkpt>
			<trkpt lat="47.0033268660" lon="8.8316002263">
				<ele>2252.7</ele>
				<extensions>
					<swisstopo:routepoint_id>431082303</swisstopo:routepoint_id>
				</extensions>
			</trkpt>
			<trkpt lat="47.0033372588" lon="8.8315334003">
				<ele>2250.4</ele>
				<extensions>
					<swisstopo:routepoint_id>1244919632</swisstopo:routepoint_id>
				</extensions>
			</trkpt>
			<trkpt lat="47.0033235687" lon="8.8314589661">
				<ele>2248.6</ele>
				<extensions>
					<swisstopo:routepoint_id>1284705510</swisstopo:routepoint_id>
				</extensions>
			</trkpt>
			<trkpt lat="47.0033156497" lon="8.8313723983">
				<ele>2245.9</ele>
				<extensions>
					<swisstopo:routepoint_id>1825955020</swisstopo:routepoint_id>
				</extensions>
			</trkpt>
			<trkpt lat="47.0033174395" lon="8.8312819930">
				<ele>2243.3</ele>
				<extensions>
					<swisstopo:routepoint_id>2145675692</swisstopo:routepoint_id>
				</extensions>
			</trkpt>
			<trkpt lat="47.0033262130" lon="8.8312151118">
				<ele>2240.8</ele>
				<extensions>
					<swisstopo:routepoint_id>559263052</swisstopo:routepoint_id>
				</extensions>
			</trkpt>
			<trkpt lat="47.0033331708" lon="8.8311673574">
				<ele>2239.4</ele>
				<extensions>
					<swisstopo:routepoint_id>548563489</swisstopo:routepoint_id>
				</extensions>
			</trkpt>
			<trkpt lat="47.0033668600" lon="8.8311779765">
				<ele>2237.9</ele>
				<extensions>
					<swisstopo:routepoint_id>832985926</swisstopo:routepoint_id>
				</extensions>
			</trkpt>
			<trkpt lat="47.0033777332" lon="8.8312139503">
				<ele>2237.4</ele>
				<extensions>
					<swisstopo:routepoint_id>975469932</swisstopo:routepoint_id>
				</extensions>
			</trkpt>
			<trkpt lat="47.0034019957" lon="8.8312037040">
				<ele>2235.8</ele>
				<extensions>
					<swisstopo:routepoint_id>1890462071</swisstopo:routepoint_id>
				</extensions>
			</trkpt>
			<trkpt lat="47.0034275377" lon="8.8312236725">
				<ele>2234.4</ele>
				<extensions>
					<swisstopo:routepoint_id>145773893</swisstopo:routepoint_id>
				</extensions>
			</trkpt>
			<trkpt lat="47.0034605019" lon="8.8312274212">
				<ele>2233.1</ele>
				<extensions>
					<swisstopo:routepoint_id>1300611758</swisstopo:routepoint_id>
				</extensions>
			</trkpt>
			<trkpt lat="47.0034658737" lon="8.8311768770">
				<ele>2232.2</ele>
				<extensions>
					<swisstopo:routepoint_id>639837641</swisstopo:routepoint_id>
				</extensions>
			</trkpt>
			<trkpt lat="47.0034746394" lon="8.8311113631">
				<ele>2229.9</ele>
				<extensions>
					<swisstopo:routepoint_id>1024778883</swisstopo:routepoint_id>
				</extensions>
			</trkpt>
			<trkpt lat="47.0034846530" lon="8.8310787848">
				<ele>2228.8</ele>
				<extensions>
					<swisstopo:routepoint_id>2147289074</swisstopo:routepoint_id>
				</extensions>
			</trkpt>
			<trkpt lat="47.0035035062" lon="8.8310464625">
				<ele>2226.7</ele>
				<extensions>
					<swisstopo:routepoint_id>569868321</swisstopo:routepoint_id>
				</extensions>
			</trkpt>
			<trkpt lat="47.0035183001" lon="8.8310921384">
				<ele>2226.8</ele>
				<extensions>
					<swisstopo:routepoint_id>733324122</swisstopo:routepoint_id>
				</extensions>
			</trkpt>
			<trkpt lat="47.0035457412" lon="8.8310861174">
				<ele>2224.6</ele>
				<extensions>
					<swisstopo:routepoint_id>1588647439</swisstopo:routepoint_id>
				</extensions>
			</trkpt>
			<trkpt lat="47.0035635830" lon="8.8311483242">
				<ele>2223.8</ele>
				<extensions>
					<swisstopo:routepoint_id>598328499</swisstopo:routepoint_id>
				</extensions>
			</trkpt>
			<trkpt lat="47.0036200996" lon="8.8312062482">
				<ele>2221.7</ele>
				<extensions>
					<swisstopo:routepoint_id>1060936220</swisstopo:routepoint_id>
				</extensions>
			</trkpt>
			<trkpt lat="47.0036357201" lon="8.8312505778">
				<ele>2221.0</ele>
				<extensions>
					<swisstopo:routepoint_id>308507554</swisstopo:routepoint_id>
				</extensions>
			</trkpt>
			<trkpt lat="47.0036630780" lon="8.8312514064">
				<ele>2219.4</ele>
				<extensions>
					<swisstopo:routepoint_id>1588749936</swisstopo:routepoint_id>
				</extensions>
			</trkpt>
			<trkpt lat="47.0036981061" lon="8.8312867318">
				<ele>2218.2</ele>
				<extensions>
					<swisstopo:routepoint_id>284006510</swisstopo:routepoint_id>
				</extensions>
			</trkpt>
			<trkpt lat="47.0037348431" lon="8.8313138949">
				<ele>2216.4</ele>
				<extensions>
					<swisstopo:routepoint_id>1359906733</swisstopo:routepoint_id>
				</extensions>
			</trkpt>
			<trkpt lat="47.0037581641" lon="8.8313159733">
				<ele>2215.7</ele>
				<extensions>
					<swisstopo:routepoint_id>2109615929</swisstopo:routepoint_id>
				</extensions>
			</trkpt>
			<trkpt lat="47.0037563634" lon="8.8312597191">
				<ele>2214.6</ele>
				<extensions>
					<swisstopo:routepoint_id>2019580452</swisstopo:routepoint_id>
				</extensions>
			</trkpt>
			<trkpt lat="47.0037482791" lon="8.8311882179">
				<ele>2213.6</ele>
				<extensions>
					<swisstopo:routepoint_id>346129904</swisstopo:routepoint_id>
				</extensions>
			</trkpt>
			<trkpt lat="47.0037458742" lon="8.8311127737">
				<ele>2212.1</ele>
				<extensions>
					<swisstopo:routepoint_id>1948816964</swisstopo:routepoint_id>
				</extensions>
			</trkpt>
			<trkpt lat="47.0037306339" lon="8.8310341957">
				<ele>2211.6</ele>
				<extensions>
					<swisstopo:routepoint_id>768927109</swisstopo:routepoint_id>
				</extensions>
			</trkpt>
			<trkpt lat="47.0037105543" lon="8.8309554653">
				<ele>2209.6</ele>
				<extensions>
					<swisstopo:routepoint_id>170111838</swisstopo:routepoint_id>
				</extensions>
			</trkpt>
			<trkpt lat="47.0037014136" lon="8.8309072140">
				<ele>2209.0</ele>
				<extensions>
					<swisstopo:routepoint_id>442616378</swisstopo:routepoint_id>
				</extensions>
			</trkpt>
			<trkpt lat="47.0036948242" lon="8.8308467195">
				<ele>2207.9</ele>
				<extensions>
					<swisstopo:routepoint_id>1362088314</swisstopo:routepoint_id>
				</extensions>
			</trkpt>
			<trkpt lat="47.0036834377" lon="8.8307833258">
				<ele>2205.9</ele>
				<extensions>
					<swisstopo:routepoint_id>1762200813</swisstopo:routepoint_id>
				</extensions>
			</trkpt>
			<trkpt lat="47.0036761799" lon="8.8307104784">
				<ele>2202.1</ele>
				<extensions>
					<swisstopo:routepoint_id>1476523814</swisstopo:routepoint_id>
				</extensions>
			</trkpt>
			<trkpt lat="47.0036469798" lon="8.8306575114">
				<ele>2200.4</ele>
				<extensions>
					<swisstopo:routepoint_id>798414610</swisstopo:routepoint_id>
				</extensions>
			</trkpt>
			<trkpt lat="47.0036145422" lon="8.8306044472">
				<ele>2198.7</ele>
				<extensions>
					<swisstopo:routepoint_id>346185019</swisstopo:routepoint_id>
				</extensions>
			</trkpt>
			<trkpt lat="47.0035869682" lon="8.8305501546">
				<ele>2196.6</ele>
				<extensions>
					<swisstopo:routepoint_id>1777473148</swisstopo:routepoint_id>
				</extensions>
			</trkpt>
			<trkpt lat="47.0035679880" lon="8.8305180474">
				<ele>2196.8</ele>
				<extensions>
					<swisstopo:routepoint_id>1567626992</swisstopo:routepoint_id>
				</extensions>
			</trkpt>
			<trkpt lat="47.0035419079" lon="8.8304734202">
				<ele>2196.3</ele>
				<extensions>
					<swisstopo:routepoint_id>1905063445</swisstopo:routepoint_id>
				</extensions>
			</trkpt>
			<trkpt lat="47.0035278155" lon="8.8304373498">
				<ele>2194.7</ele>
				<extensions>
					<swisstopo:routepoint_id>1536969023</swisstopo:routepoint_id>
				</extensions>
			</trkpt>
			<trkpt lat="47.0034857800" lon="8.8304538816">
				<ele>2197.3</ele>
				<extensions>
					<swisstopo:routepoint_id>494445838</swisstopo:routepoint_id>
				</extensions>
			</trkpt>
			<trkpt lat="47.0034523623" lon="8.8304186120">
				<ele>2190.7</ele>
				<extensions>
					<swisstopo:routepoint_id>274869505</swisstopo:routepoint_id>
				</extensions>
			</trkpt>
			<trkpt lat="47.0034074438" lon="8.8304035330">
				<ele>2187.8</ele>
				<extensions>
					<swisstopo:routepoint_id>1296786244</swisstopo:routepoint_id>
				</extensions>
			</trkpt>
			<trkpt lat="47.0033741025" lon="8.8304354140">
				<ele>2187.9</ele>
				<extensions>
					<swisstopo:routepoint_id>544135310</swisstopo:routepoint_id>
				</extensions>
			</trkpt>
			<trkpt lat="47.0033354510" lon="8.8304369761">
				<ele>2186.9</ele>
				<extensions>
					<swisstopo:routepoint_id>50375004</swisstopo:routepoint_id>
				</extensions>
			</trkpt>
			<trkpt lat="47.0033080843" lon="8.8304361476">
				<ele>2185.9</ele>
				<extensions>
					<swisstopo:routepoint_id>1268151697</swisstopo:routepoint_id>
				</extensions>
			</trkpt>
			<trkpt lat="47.0033059873" lon="8.8304072928">
				<ele>2184.6</ele>
				<extensions>
					<swisstopo:routepoint_id>219078665</swisstopo:routepoint_id>
				</extensions>
			</trkpt>
			<trkpt lat="47.0033294481" lon="8.8303956707">
				<ele>2184.0</ele>
				<extensions>
					<swisstopo:routepoint_id>1738622542</swisstopo:routepoint_id>
				</extensions>
			</trkpt>
			<trkpt lat="47.0033452805" lon="8.8303468186">
				<ele>2181.5</ele>
				<extensions>
					<swisstopo:routepoint_id>1962571545</swisstopo:routepoint_id>
				</extensions>
			</trkpt>
			<trkpt lat="47.0033043909" lon="8.8303318833">
				<ele>2179.9</ele>
				<extensions>
					<swisstopo:routepoint_id>1320652470</swisstopo:routepoint_id>
				</extensions>
			</trkpt>
			<trkpt lat="47.0032659455" lon="8.8303142639">
				<ele>2178.1</ele>
				<extensions>
					<swisstopo:routepoint_id>1560316741</swisstopo:routepoint_id>
				</extensions>
			</trkpt>
			<trkpt lat="47.0032487650" lon="8.8302657777">
				<ele>2173.7</ele>
				<extensions>
					<swisstopo:routepoint_id>761620923</swisstopo:routepoint_id>
				</extensions>
			</trkpt>
			<trkpt lat="47.0032237770" lon="8.8302691146">
				<ele>2172.6</ele>
				<extensions>
					<swisstopo:routepoint_id>337238708</swisstopo:routepoint_id>
				</extensions>
			</trkpt>
			<trkpt lat="47.0031698447" lon="8.8302688600">
				<ele>2169.6</ele>
				<extensions>
					<swisstopo:routepoint_id>1816315659</swisstopo:routepoint_id>
				</extensions>
			</trkpt>
			<trkpt lat="47.0031976802" lon="8.8302258551">
				<ele>2167.3</ele>
				<extensions>
					<swisstopo:routepoint_id>575598421</swisstopo:routepoint_id>
				</extensions>
			</trkpt>
			<trkpt lat="47.0032318138" lon="8.8301953755">
				<ele>2166.6</ele>
				<extensions>
					<swisstopo:routepoint_id>1744265774</swisstopo:routepoint_id>
				</extensions>
			</trkpt>
			<trkpt lat="47.0032168047" lon="8.8301688820">
				<ele>2164.3</ele>
				<extensions>
					<swisstopo:routepoint_id>754221024</swisstopo:routepoint_id>
				</extensions>
			</trkpt>
			<trkpt lat="47.0031808023" lon="8.8301485898">
				<ele>2161.8</ele>
				<extensions>
					<swisstopo:routepoint_id>642616141</swisstopo:routepoint_id>
				</extensions>
			</trkpt>
			<trkpt lat="47.0031399472" lon="8.8301308947">
				<ele>2159.8</ele>
				<extensions>
					<swisstopo:routepoint_id>275644960</swisstopo:routepoint_id>
				</extensions>
			</trkpt>
			<trkpt lat="47.0031094103" lon="8.8301258677">
				<ele>2159.0</ele>
				<extensions>
					<swisstopo:routepoint_id>1904731027</swisstopo:routepoint_id>
				</extensions>
			</trkpt>
			<trkpt lat="47.0030716832" lon="8.8301164864">
				<ele>2157.6</ele>
				<extensions>
					<swisstopo:routepoint_id>1050664323</swisstopo:routepoint_id>
				</extensions>
			</trkpt>
			<trkpt lat="47.0030279145" lon="8.8301015951">
				<ele>2156.2</ele>
				<extensions>
					<swisstopo:routepoint_id>1356630246</swisstopo:routepoint_id>
				</extensions>
			</trkpt>
			<trkpt lat="47.0029797599" lon="8.8300738084">
				<ele>2154.5</ele>
				<extensions>
					<swisstopo:routepoint_id>1099441062</swisstopo:routepoint_id>
				</extensions>
			</trkpt>
			<trkpt lat="47.0029376735" lon="8.8300737031">
				<ele>2153.7</ele>
				<extensions>
					<swisstopo:routepoint_id>904443904</swisstopo:routepoint_id>
				</extensions>
			</trkpt>
			<trkpt lat="47.0028683369" lon="8.8300269161">
				<ele>2150.9</ele>
				<extensions>
					<swisstopo:routepoint_id>1991909741</swisstopo:routepoint_id>
				</extensions>
			</trkpt>
			<trkpt lat="47.0028480959" lon="8.8299896217">
				<ele>2149.1</ele>
				<extensions>
					<swisstopo:routepoint_id>359288894</swisstopo:routepoint_id>
				</extensions>
			</trkpt>
			<trkpt lat="47.0028224385" lon="8.8299887591">
				<ele>2149.0</ele>
				<extensions>
					<swisstopo:routepoint_id>1839060595</swisstopo:routepoint_id>
				</extensions>
			</trkpt>
			<trkpt lat="47.0028056893" lon="8.8299581306">
				<ele>2147.6</ele>
				<extensions>
					<swisstopo:routepoint_id>813896734</swisstopo:routepoint_id>
				</extensions>
			</trkpt>
			<trkpt lat="47.0027603279" lon="8.8299343743">
				<ele>2146.6</ele>
				<extensions>
					<swisstopo:routepoint_id>78756698</swisstopo:routepoint_id>
				</extensions>
			</trkpt>
			<trkpt lat="47.0026896003" lon="8.8298849214">
				<ele>2144.3</ele>
				<extensions>
					<swisstopo:routepoint_id>917799357</swisstopo:routepoint_id>
				</extensions>
			</trkpt>
			<trkpt lat="47.0026462918" lon="8.8298677679">
				<ele>2143.3</ele>
				<extensions>
					<swisstopo:routepoint_id>1089576418</swisstopo:routepoint_id>
				</extensions>
			</trkpt>
			<trkpt lat="47.0026231303" lon="8.8298369209">
				<ele>2142.3</ele>
				<extensions>
					<swisstopo:routepoint_id>1136862711</swisstopo:routepoint_id>
				</extensions>
			</trkpt>
			<trkpt lat="47.0025636323" lon="8.8298022247">
				<ele>2140.5</ele>
				<extensions>
					<swisstopo:routepoint_id>2031533252</swisstopo:routepoint_id>
				</extensions>
			</trkpt>
			<trkpt lat="47.0025474275" lon="8.8297689016">
				<ele>2139.2</ele>
				<extensions>
					<swisstopo:routepoint_id>1588596908</swisstopo:routepoint_id>
				</extensions>
			</trkpt>
			<trkpt lat="47.0025404103" lon="8.8297481123">
				<ele>2138.3</ele>
				<extensions>
					<swisstopo:routepoint_id>372681080</swisstopo:routepoint_id>
				</extensions>
			</trkpt>
			<trkpt lat="47.0025068847" lon="8.8297224411">
				<ele>2137.1</ele>
				<extensions>
					<swisstopo:routepoint_id>2024715806</swisstopo:routepoint_id>
				</extensions>
			</trkpt>
			<trkpt lat="47.0024836877" lon="8.8297093991">
				<ele>2136.0</ele>
				<extensions>
					<swisstopo:routepoint_id>476714388</swisstopo:routepoint_id>
				</extensions>
			</trkpt>
			<trkpt lat="47.0024556182" lon="8.8296989530">
				<ele>2134.7</ele>
				<extensions>
					<swisstopo:routepoint_id>1117660271</swisstopo:routepoint_id>
				</extensions>
			</trkpt>
			<trkpt lat="47.0024518703" lon="8.8296741719">
				<ele>2134.1</ele>
				<extensions>
					<swisstopo:routepoint_id>830975416</swisstopo:routepoint_id>
				</extensions>
			</trkpt>
			<trkpt lat="47.0024235882" lon="8.8296842617">
				<ele>2133.2</ele>
				<extensions>
					<swisstopo:routepoint_id>1661228409</swisstopo:routepoint_id>
				</extensions>
			</trkpt>
			<trkpt lat="47.0024231080" lon="8.8296541078">
				<ele>2132.5</ele>
				<extensions>
					<swisstopo:routepoint_id>1667155374</swisstopo:routepoint_id>
				</extensions>
			</trkpt>
			<trkpt lat="47.0024372467" lon="8.8296120506">
				<ele>2131.7</ele>
				<extensions>
					<swisstopo:routepoint_id>835991264</swisstopo:routepoint_id>
				</extensions>
			</trkpt>
			<trkpt lat="47.0024294532" lon="8.8295885190">
				<ele>2130.7</ele>
				<extensions>
					<swisstopo:routepoint_id>1223222285</swisstopo:routepoint_id>
				</extensions>
			</trkpt>
			<trkpt lat="47.0024070068" lon="8.8295796129">
				<ele>2129.9</ele>
				<extensions>
					<swisstopo:routepoint_id>1704183532</swisstopo:routepoint_id>
				</extensions>
			</trkpt>
			<trkpt lat="47.0023902396" lon="8.8295667773">
				<ele>2129.2</ele>
				<extensions>
					<swisstopo:routepoint_id>632195263</swisstopo:routepoint_id>
				</extensions>
			</trkpt>
			<trkpt lat="47.0023947861" lon="8.8295189345">
				<ele>2128.0</ele>
				<extensions>
					<swisstopo:routepoint_id>1007145731</swisstopo:routepoint_id>
				</extensions>
			</trkpt>
			<trkpt lat="47.0023797523" lon="8.8294951892">
				<ele>2127.2</ele>
				<extensions>
					<swisstopo:routepoint_id>1715031395</swisstopo:routepoint_id>
				</extensions>
			</trkpt>
			<trkpt lat="47.0023711087" lon="8.8294757389">
				<ele>2126.7</ele>
				<extensions>
					<swisstopo:routepoint_id>1961547956</swisstopo:routepoint_id>
				</extensions>
			</trkpt>
			<trkpt lat="47.0023828377" lon="8.8294336057">
				<ele>2125.5</ele>
				<extensions>
					<swisstopo:routepoint_id>698141531</swisstopo:routepoint_id>
				</extensions>
			</trkpt>
			<trkpt lat="47.0023894491" lon="8.8294173782">
				<ele>2124.8</ele>
				<extensions>
					<swisstopo:routepoint_id>571187603</swisstopo:routepoint_id>
				</extensions>
			</trkpt>
			<trkpt lat="47.0023901060" lon="8.8293557185">
				<ele>2123.0</ele>
				<extensions>
					<swisstopo:routepoint_id>1278148992</swisstopo:routepoint_id>
				</extensions>
			</trkpt>
			<trkpt lat="47.0023574473" lon="8.8293245731">
				<ele>2122.2</ele>
				<extensions>
					<swisstopo:routepoint_id>1750312914</swisstopo:routepoint_id>
				</extensions>
			</trkpt>
			<trkpt lat="47.0023441482" lon="8.8292899058">
				<ele>2120.7</ele>
				<extensions>
					<swisstopo:routepoint_id>1629723136</swisstopo:routepoint_id>
				</extensions>
			</trkpt>
			<trkpt lat="47.0023357260" lon="8.8292499082">
				<ele>2120.1</ele>
				<extensions>
					<swisstopo:routepoint_id>1648626390</swisstopo:routepoint_id>
				</extensions>
			</trkpt>
			<trkpt lat="47.0023298609" lon="8.8291962865">
				<ele>2118.9</ele>
				<extensions>
					<swisstopo:routepoint_id>1501177278</swisstopo:routepoint_id>
				</extensions>
			</trkpt>
			<trkpt lat="47.0023084957" lon="8.8291627470">
				<ele>2118.4</ele>
				<extensions>
					<swisstopo:routepoint_id>1916942396</swisstopo:routepoint_id>
				</extensions>
			</trkpt>
			<trkpt lat="47.0022866890" lon="8.8290949456">
				<ele>2118.0</ele>
				<extensions>
					<swisstopo:routepoint_id>481563356</swisstopo:routepoint_id>
				</extensions>
			</trkpt>
			<trkpt lat="47.0022691031" lon="8.8290094280">
				<ele>2117.2</ele>
				<extensions>
					<swisstopo:routepoint_id>778039477</swisstopo:routepoint_id>
				</extensions>
			</trkpt>
			<trkpt lat="47.0022589021" lon="8.8289104569">
				<ele>2115.9</ele>
				<extensions>
					<swisstopo:routepoint_id>1155882377</swisstopo:routepoint_id>
				</extensions>
			</trkpt>
			<trkpt lat="47.0022470673" lon="8.8288141660">
				<ele>2114.9</ele>
				<extensions>
					<swisstopo:routepoint_id>49389217</swisstopo:routepoint_id>
				</extensions>
			</trkpt>
			<trkpt lat="47.0022375282" lon="8.8287289085">
				<ele>2113.7</ele>
				<extensions>
					<swisstopo:routepoint_id>1154305745</swisstopo:routepoint_id>
				</extensions>
			</trkpt>
			<trkpt lat="47.0022279580" lon="8.8286463921">
				<ele>2112.1</ele>
				<extensions>
					<swisstopo:routepoint_id>1434961365</swisstopo:routepoint_id>
				</extensions>
			</trkpt>
			<trkpt lat="47.0022190055" lon="8.8285803430">
				<ele>2110.6</ele>
				<extensions>
					<swisstopo:routepoint_id>1317810068</swisstopo:routepoint_id>
				</extensions>
			</trkpt>
			<trkpt lat="47.0022093178" lon="8.8285087910">
				<ele>2109.0</ele>
				<extensions>
					<swisstopo:routepoint_id>581318553</swisstopo:routepoint_id>
				</extensions>
			</trkpt>
			<trkpt lat="47.0021881563" lon="8.8284560578">
				<ele>2107.8</ele>
				<extensions>
					<swisstopo:routepoint_id>541537277</swisstopo:routepoint_id>
				</extensions>
			</trkpt>
			<trkpt lat="47.0022171667" lon="8.8284528377">
				<ele>2107.2</ele>
				<extensions>
					<swisstopo:routepoint_id>1319162415</swisstopo:routepoint_id>
				</extensions>
			</trkpt>
			<trkpt lat="47.0022514426" lon="8.8284840369">
				<ele>2107.2</ele>
				<extensions>
					<swisstopo:routepoint_id>1405583345</swisstopo:routepoint_id>
				</extensions>
			</trkpt>
			<trkpt lat="47.0022913994" lon="8.8285099026">
				<ele>2106.7</ele>
				<extensions>
					<swisstopo:routepoint_id>863446932</swisstopo:routepoint_id>
				</extensions>
			</trkpt>
			<trkpt lat="47.0023272794" lon="8.8285425079">
				<ele>2105.4</ele>
				<extensions>
					<swisstopo:routepoint_id>1567317062</swisstopo:routepoint_id>
				</extensions>
			</trkpt>
			<trkpt lat="47.0023526482" lon="8.8285775572">
				<ele>2104.6</ele>
				<extensions>
					<swisstopo:routepoint_id>1202694318</swisstopo:routepoint_id>
				</extensions>
			</trkpt>
			<trkpt lat="47.0023863717" lon="8.8285854400">
				<ele>2103.5</ele>
				<extensions>
					<swisstopo:routepoint_id>813986644</swisstopo:routepoint_id>
				</extensions>
			</trkpt>
			<trkpt lat="47.0024159447" lon="8.8286055113">
				<ele>2103.7</ele>
				<extensions>
					<swisstopo:routepoint_id>221607106</swisstopo:routepoint_id>
				</extensions>
			</trkpt>
			<trkpt lat="47.0024432528" lon="8.8286104534">
				<ele>2103.2</ele>
				<extensions>
					<swisstopo:routepoint_id>1321059977</swisstopo:routepoint_id>
				</extensions>
			</trkpt>
			<trkpt lat="47.0024697196" lon="8.8286194897">
				<ele>2102.6</ele>
				<extensions>
					<swisstopo:routepoint_id>1812285454</swisstopo:routepoint_id>
				</extensions>
			</trkpt>
			<trkpt lat="47.0025107146" lon="8.8286234711">
				<ele>2102.1</ele>
				<extensions>
					<swisstopo:routepoint_id>285425315</swisstopo:routepoint_id>
				</extensions>
			</trkpt>
			<trkpt lat="47.0025402366" lon="8.8286476573">
				<ele>2102.1</ele>
				<extensions>
					<swisstopo:routepoint_id>604639617</swisstopo:routepoint_id>
				</extensions>
			</trkpt>
			<trkpt lat="47.0025520489" lon="8.8286509797">
				<ele>2101.9</ele>
				<extensions>
					<swisstopo:routepoint_id>1054541068</swisstopo:routepoint_id>
				</extensions>
			</trkpt>
			<trkpt lat="47.0025675293" lon="8.8286553342">
				<ele>2101.8</ele>
				<extensions>
					<swisstopo:routepoint_id>1356886023</swisstopo:routepoint_id>
				</extensions>
			</trkpt>
			<trkpt lat="47.0025970191" lon="8.8286822685">
				<ele>2101.0</ele>
				<extensions>
					<swisstopo:routepoint_id>1096246748</swisstopo:routepoint_id>
				</extensions>
			</trkpt>
			<trkpt lat="47.0026305611" lon="8.8287065982">
				<ele>2099.8</ele>
				<extensions>
					<swisstopo:routepoint_id>877228029</swisstopo:routepoint_id>
				</extensions>
			</trkpt>
			<trkpt lat="47.0026571663" lon="8.8287019350">
				<ele>2098.6</ele>
				<extensions>
					<swisstopo:routepoint_id>521622269</swisstopo:routepoint_id>
				</extensions>
			</trkpt>
			<trkpt lat="47.0026926810" lon="8.8286934130">
				<ele>2097.7</ele>
				<extensions>
					<swisstopo:routepoint_id>523262162</swisstopo:routepoint_id>
				</extensions>
			</trkpt>
			<trkpt lat="47.0027174399" lon="8.8287119787">
				<ele>2097.2</ele>
				<extensions>
					<swisstopo:routepoint_id>487996865</swisstopo:routepoint_id>
				</extensions>
			</trkpt>
			<trkpt lat="47.0027423129" lon="8.8287182256">
				<ele>2096.2</ele>
				<extensions>
					<swisstopo:routepoint_id>1962497134</swisstopo:routepoint_id>
				</extensions>
			</trkpt>
			<trkpt lat="47.0027474301" lon="8.8286923328">
				<ele>2095.5</ele>
				<extensions>
					<swisstopo:routepoint_id>329771542</swisstopo:routepoint_id>
				</extensions>
			</trkpt>
			<trkpt lat="47.0027747793" lon="8.8286931598">
				<ele>2094.7</ele>
				<extensions>
					<swisstopo:routepoint_id>909381263</swisstopo:routepoint_id>
				</extensions>
			</trkpt>
			<trkpt lat="47.0027727313" lon="8.8286602164">
				<ele>2093.6</ele>
				<extensions>
					<swisstopo:routepoint_id>280005120</swisstopo:routepoint_id>
				</extensions>
			</trkpt>
			<trkpt lat="47.0027585055" lon="8.8286351245">
				<ele>2093.1</ele>
				<extensions>
					<swisstopo:routepoint_id>1611364091</swisstopo:routepoint_id>
				</extensions>
			</trkpt>
			<trkpt lat="47.0027378588" lon="8.8286098135">
				<ele>2092.6</ele>
				<extensions>
					<swisstopo:routepoint_id>447174192</swisstopo:routepoint_id>
				</extensions>
			</trkpt>
			<trkpt lat="47.0027591133" lon="8.8285789470">
				<ele>2091.0</ele>
				<extensions>
					<swisstopo:routepoint_id>1782206764</swisstopo:routepoint_id>
				</extensions>
			</trkpt>
			<trkpt lat="47.0027840613" lon="8.8285797116">
				<ele>2090.4</ele>
				<extensions>
					<swisstopo:routepoint_id>551702809</swisstopo:routepoint_id>
				</extensions>
			</trkpt>
			<trkpt lat="47.0027789232" lon="8.8285329593">
				<ele>2088.8</ele>
				<extensions>
					<swisstopo:routepoint_id>1709254504</swisstopo:routepoint_id>
				</extensions>
			</trkpt>
			<trkpt lat="47.0027840082" lon="8.8285098139">
				<ele>2087.9</ele>
				<extensions>
					<swisstopo:routepoint_id>1954520088</swisstopo:routepoint_id>
				</extensions>
			</trkpt>
			<trkpt lat="47.0028124541" lon="8.8284846437">
				<ele>2086.4</ele>
				<extensions>
					<swisstopo:routepoint_id>90963015</swisstopo:routepoint_id>
				</extensions>
			</trkpt>
			<trkpt lat="47.0028399935" lon="8.8284690373">
				<ele>2085.1</ele>
				<extensions>
					<swisstopo:routepoint_id>1230333254</swisstopo:routepoint_id>
				</extensions>
			</trkpt>
			<trkpt lat="47.0028650724" lon="8.8284574566">
				<ele>2083.9</ele>
				<extensions>
					<swisstopo:routepoint_id>1801036017</swisstopo:routepoint_id>
				</extensions>
			</trkpt>
			<trkpt lat="47.0028927613" lon="8.8284391182">
				<ele>2082.4</ele>
				<extensions>
					<swisstopo:routepoint_id>1035325373</swisstopo:routepoint_id>
				</extensions>
			</trkpt>
			<trkpt lat="47.0029432768" lon="8.8284295906">
				<ele>2081.1</ele>
				<extensions>
					<swisstopo:routepoint_id>883101970</swisstopo:routepoint_id>
				</extensions>
			</trkpt>
			<trkpt lat="47.0029893564" lon="8.8284178043">
				<ele>2079.5</ele>
				<extensions>
					<swisstopo:routepoint_id>1261812585</swisstopo:routepoint_id>
				</extensions>
			</trkpt>
			<trkpt lat="47.0030031880" lon="8.8284123239">
				<ele>2079.1</ele>
				<extensions>
					<swisstopo:routepoint_id>1822248236</swisstopo:routepoint_id>
				</extensions>
			</trkpt>
			<trkpt lat="47.0030212245" lon="8.8283827280">
				<ele>2077.8</ele>
				<extensions>
					<swisstopo:routepoint_id>1182904645</swisstopo:routepoint_id>
				</extensions>
			</trkpt>
			<trkpt lat="47.0030553258" lon="8.8283549689">
				<ele>2076.9</ele>
				<extensions>
					<swisstopo:routepoint_id>400894812</swisstopo:routepoint_id>
				</extensions>
			</trkpt>
			<trkpt lat="47.0030837962" lon="8.8283270506">
				<ele>2076.4</ele>
				<extensions>
					<swisstopo:routepoint_id>1232140519</swisstopo:routepoint_id>
				</extensions>
			</trkpt>
			<trkpt lat="47.0031130191" lon="8.8283046488">
				<ele>2075.2</ele>
				<extensions>
					<swisstopo:routepoint_id>607251409</swisstopo:routepoint_id>
				</extensions>
			</trkpt>
			<trkpt lat="47.0031401355" lon="8.8282533921">
				<ele>2073.9</ele>
				<extensions>
					<swisstopo:routepoint_id>224278042</swisstopo:routepoint_id>
				</extensions>
			</trkpt>
			<trkpt lat="47.0031608373" lon="8.8282005884">
				<ele>2072.7</ele>
				<extensions>
					<swisstopo:routepoint_id>2127564377</swisstopo:routepoint_id>
				</extensions>
			</trkpt>
			<trkpt lat="47.0031834188" lon="8.8281217819">
				<ele>2070.7</ele>
				<extensions>
					<swisstopo:routepoint_id>1901519112</swisstopo:routepoint_id>
				</extensions>
			</trkpt>
			<trkpt lat="47.0031994063" lon="8.8280578619">
				<ele>2069.2</ele>
				<extensions>
					<swisstopo:routepoint_id>19406887</swisstopo:routepoint_id>
				</extensions>
			</trkpt>
			<trkpt lat="47.0032006912" lon="8.8280126692">
				<ele>2068.1</ele>
				<extensions>
					<swisstopo:routepoint_id>1519224131</swisstopo:routepoint_id>
				</extensions>
			</trkpt>
			<trkpt lat="47.0031680898" lon="8.8279760414">
				<ele>2066.5</ele>
				<extensions>
					<swisstopo:routepoint_id>821416321</swisstopo:routepoint_id>
				</extensions>
			</trkpt>
			<trkpt lat="47.0031523694" lon="8.8279413108">
				<ele>2065.5</ele>
				<extensions>
					<swisstopo:routepoint_id>988629880</swisstopo:routepoint_id>
				</extensions>
			</trkpt>
			<trkpt lat="47.0031269074" lon="8.8279131267">
				<ele>2064.0</ele>
				<extensions>
					<swisstopo:routepoint_id>1715541386</swisstopo:routepoint_id>
				</extensions>
			</trkpt>
			<trkpt lat="47.0030946344" lon="8.8278463660">
				<ele>2061.4</ele>
				<extensions>
					<swisstopo:routepoint_id>779262856</swisstopo:routepoint_id>
				</extensions>
			</trkpt>
			<trkpt lat="47.0030533722" lon="8.8277916685">
				<ele>2059.6</ele>
				<extensions>
					<swisstopo:routepoint_id>665361255</swisstopo:routepoint_id>
				</extensions>
			</trkpt>
			<trkpt lat="47.0030184086" lon="8.8277494829">
				<ele>2058.0</ele>
				<extensions>
					<swisstopo:routepoint_id>1972346221</swisstopo:routepoint_id>
				</extensions>
			</trkpt>
			<trkpt lat="47.0030140881" lon="8.8277027516">
				<ele>2057.5</ele>
				<extensions>
					<swisstopo:routepoint_id>904495841</swisstopo:routepoint_id>
				</extensions>
			</trkpt>
			<trkpt lat="47.0030243959" lon="8.8276427745">
				<ele>2056.4</ele>
				<extensions>
					<swisstopo:routepoint_id>1431496626</swisstopo:routepoint_id>
				</extensions>
			</trkpt>
			<trkpt lat="47.0030045636" lon="8.8276147627">
				<ele>2055.7</ele>
				<extensions>
					<swisstopo:routepoint_id>1779071001</swisstopo:routepoint_id>
				</extensions>
			</trkpt>
			<trkpt lat="47.0029783775" lon="8.8275810763">
				<ele>2054.6</ele>
				<extensions>
					<swisstopo:routepoint_id>998142074</swisstopo:routepoint_id>
				</extensions>
			</trkpt>
			<trkpt lat="47.0029467233" lon="8.8275307705">
				<ele>2053.4</ele>
				<extensions>
					<swisstopo:routepoint_id>1018922636</swisstopo:routepoint_id>
				</extensions>
			</trkpt>
			<trkpt lat="47.0029127168" lon="8.8274749200">
				<ele>2052.1</ele>
				<extensions>
					<swisstopo:routepoint_id>181115205</swisstopo:routepoint_id>
				</extensions>
			</trkpt>
			<trkpt lat="47.0029027965" lon="8.8274496370">
				<ele>2051.5</ele>
				<extensions>
					<swisstopo:routepoint_id>1380355385</swisstopo:routepoint_id>
				</extensions>
			</trkpt>
			<trkpt lat="47.0028931318" lon="8.8274250053">
				<ele>2050.9</ele>
				<extensions>
					<swisstopo:routepoint_id>773365347</swisstopo:routepoint_id>
				</extensions>
			</trkpt>
			<trkpt lat="47.0028669679" lon="8.8273872035">
				<ele>2049.8</ele>
				<extensions>
					<swisstopo:routepoint_id>268497442</swisstopo:routepoint_id>
				</extensions>
			</trkpt>
			<trkpt lat="47.0028280003" lon="8.8273435469">
				<ele>2049.0</ele>
				<extensions>
					<swisstopo:routepoint_id>2034420368</swisstopo:routepoint_id>
				</extensions>
			</trkpt>
			<trkpt lat="47.0027792524" lon="8.8273119068">
				<ele>2048.5</ele>
				<extensions>
					<swisstopo:routepoint_id>543795879</swisstopo:routepoint_id>
				</extensions>
			</trkpt>
			<trkpt lat="47.0027482845" lon="8.8272725867">
				<ele>2048.7</ele>
				<extensions>
					<swisstopo:routepoint_id>1655078210</swisstopo:routepoint_id>
				</extensions>
			</trkpt>
			<trkpt lat="47.0027180184" lon="8.8272428852">
				<ele>2049.0</ele>
				<extensions>
					<swisstopo:routepoint_id>265483347</swisstopo:routepoint_id>
				</extensions>
			</trkpt>
			<trkpt lat="47.0026943279" lon="8.8272750697">
				<ele>2050.6</ele>
				<extensions>
					<swisstopo:routepoint_id>1315312795</swisstopo:routepoint_id>
				</extensions>
			</trkpt>
			<trkpt lat="47.0026732043" lon="8.8272936049">
				<ele>2051.6</ele>
				<extensions>
					<swisstopo:routepoint_id>237225261</swisstopo:routepoint_id>
				</extensions>
			</trkpt>
			<trkpt lat="47.0025996046" lon="8.8271022510">
				<ele>2046.0</ele>
				<extensions>
					<swisstopo:routepoint_id>1941782960</swisstopo:routepoint_id>
				</extensions>
			</trkpt>
			<trkpt lat="47.0025826847" lon="8.8270291027">
				<ele>2044.8</ele>
				<extensions>
					<swisstopo:routepoint_id>1982388474</swisstopo:routepoint_id>
				</extensions>
			</trkpt>
			<trkpt lat="47.0025598964" lon="8.8269776989">
				<ele>2043.6</ele>
				<extensions>
					<swisstopo:routepoint_id>287735353</swisstopo:routepoint_id>
				</extensions>
			</trkpt>
			<trkpt lat="47.0025476589" lon="8.8269184014">
				<ele>2041.8</ele>
				<extensions>
					<swisstopo:routepoint_id>1656085160</swisstopo:routepoint_id>
				</extensions>
			</trkpt>
			<trkpt lat="47.0025368416" lon="8.8268769596">
				<ele>2040.8</ele>
				<extensions>
					<swisstopo:routepoint_id>1154529115</swisstopo:routepoint_id>
				</extensions>
			</trkpt>
			<trkpt lat="47.0025180578" lon="8.8268270668">
				<ele>2039.8</ele>
				<extensions>
					<swisstopo:routepoint_id>1838341272</swisstopo:routepoint_id>
				</extensions>
			</trkpt>
			<trkpt lat="47.0025293050" lon="8.8267547659">
				<ele>2037.0</ele>
				<extensions>
					<swisstopo:routepoint_id>1418008233</swisstopo:routepoint_id>
				</extensions>
			</trkpt>
			<trkpt lat="47.0025616813" lon="8.8267379289">
				<ele>2034.5</ele>
				<extensions>
					<swisstopo:routepoint_id>2120991198</swisstopo:routepoint_id>
				</extensions>
			</trkpt>
			<trkpt lat="47.0025862381" lon="8.8267003088">
				<ele>2031.5</ele>
				<extensions>
					<swisstopo:routepoint_id>1188288893</swisstopo:routepoint_id>
				</extensions>
			</trkpt>
			<trkpt lat="47.0026105650" lon="8.8266832372">
				<ele>2027.9</ele>
				<extensions>
					<swisstopo:routepoint_id>933709246</swisstopo:routepoint_id>
				</extensions>
			</trkpt>
			<trkpt lat="47.0026425235" lon="8.8267061309">
				<ele>2025.9</ele>
				<extensions>
					<swisstopo:routepoint_id>1359434297</swisstopo:routepoint_id>
				</extensions>
			</trkpt>
			<trkpt lat="47.0027001874" lon="8.8267325565">
				<ele>2023.0</ele>
				<extensions>
					<swisstopo:routepoint_id>1849214183</swisstopo:routepoint_id>
				</extensions>
			</trkpt>
			<trkpt lat="47.0027408962" lon="8.8267639354">
				<ele>2021.1</ele>
				<extensions>
					<swisstopo:routepoint_id>559373186</swisstopo:routepoint_id>
				</extensions>
			</trkpt>
			<trkpt lat="47.0027954142" lon="8.8267834149">
				<ele>2018.7</ele>
				<extensions>
					<swisstopo:routepoint_id>360353618</swisstopo:routepoint_id>
				</extensions>
			</trkpt>
			<trkpt lat="47.0028499346" lon="8.8268042493">
				<ele>2016.4</ele>
				<extensions>
					<swisstopo:routepoint_id>358425179</swisstopo:routepoint_id>
				</extensions>
			</trkpt>
			<trkpt lat="47.0028956450" lon="8.8268193456">
				<ele>2014.3</ele>
				<extensions>
					<swisstopo:routepoint_id>178009350</swisstopo:routepoint_id>
				</extensions>
			</trkpt>
			<trkpt lat="47.0029532846" lon="8.8268485058">
				<ele>2012.4</ele>
				<extensions>
					<swisstopo:routepoint_id>1558843250</swisstopo:routepoint_id>
				</extensions>
			</trkpt>
			<trkpt lat="47.0029983993" lon="8.8268443865">
				<ele>2010.0</ele>
				<extensions>
					<swisstopo:routepoint_id>2138760048</swisstopo:routepoint_id>
				</extensions>
			</trkpt>
			<trkpt lat="47.0030475838" lon="8.8268362956">
				<ele>2007.4</ele>
				<extensions>
					<swisstopo:routepoint_id>1903691922</swisstopo:routepoint_id>
				</extensions>
			</trkpt>
			<trkpt lat="47.0030984266" lon="8.8268241317">
				<ele>2004.6</ele>
				<extensions>
					<swisstopo:routepoint_id>967995021</swisstopo:routepoint_id>
				</extensions>
			</trkpt>
			<trkpt lat="47.0031427907" lon="8.8268158767">
				<ele>2002.4</ele>
				<extensions>
					<swisstopo:routepoint_id>1299638494</swisstopo:routepoint_id>
				</extensions>
			</trkpt>
			<trkpt lat="47.0031847272" lon="8.8268089396">
				<ele>2000.1</ele>
				<extensions>
					<swisstopo:routepoint_id>171804466</swisstopo:routepoint_id>
				</extensions>
			</trkpt>
			<trkpt lat="47.0032147413" lon="8.8267865575">
				<ele>1998.5</ele>
				<extensions>
					<swisstopo:routepoint_id>39236585</swisstopo:routepoint_id>
				</extensions>
			</trkpt>
			<trkpt lat="47.0032540871" lon="8.8267959658">
				<ele>1996.7</ele>
				<extensions>
					<swisstopo:routepoint_id>675794624</swisstopo:routepoint_id>
				</extensions>
			</trkpt>
			<trkpt lat="47.0032855150" lon="8.8267928073">
				<ele>1995.6</ele>
				<extensions>
					<swisstopo:routepoint_id>938150814</swisstopo:routepoint_id>
				</extensions>
			</trkpt>
			<trkpt lat="47.0032698927" lon="8.8267484792">
				<ele>1994.4</ele>
				<extensions>
					<swisstopo:routepoint_id>1065428500</swisstopo:routepoint_id>
				</extensions>
			</trkpt>
			<trkpt lat="47.0032510515" lon="8.8267040548">
				<ele>1992.9</ele>
				<extensions>
					<swisstopo:routepoint_id>1626615830</swisstopo:routepoint_id>
				</extensions>
			</trkpt>
			<trkpt lat="47.0032348169" lon="8.8266418913">
				<ele>1990.6</ele>
				<extensions>
					<swisstopo:routepoint_id>1199503517</swisstopo:routepoint_id>
				</extensions>
			</trkpt>
			<trkpt lat="47.0032743517" lon="8.8266334848">
				<ele>1989.0</ele>
				<extensions>
					<swisstopo:routepoint_id>301232728</swisstopo:routepoint_id>
				</extensions>
			</trkpt>
			<trkpt lat="47.0033202920" lon="8.8266280322">
				<ele>1987.0</ele>
				<extensions>
					<swisstopo:routepoint_id>685265427</swisstopo:routepoint_id>
				</extensions>
			</trkpt>
			<trkpt lat="47.0033564420" lon="8.8266346093">
				<ele>1985.8</ele>
				<extensions>
					<swisstopo:routepoint_id>609135468</swisstopo:routepoint_id>
				</extensions>
			</trkpt>
			<trkpt lat="47.0033835855" lon="8.8266546299">
				<ele>1984.6</ele>
				<extensions>
					<swisstopo:routepoint_id>146208748</swisstopo:routepoint_id>
				</extensions>
			</trkpt>
			<trkpt lat="47.0034110506" lon="8.8266458719">
				<ele>1983.1</ele>
				<extensions>
					<swisstopo:routepoint_id>763836702</swisstopo:routepoint_id>
				</extensions>
			</trkpt>
			<trkpt lat="47.0034343055" lon="8.8266534303">
				<ele>1982.0</ele>
				<extensions>
					<swisstopo:routepoint_id>1734438440</swisstopo:routepoint_id>
				</extensions>
			</trkpt>
			<trkpt lat="47.0034528647" lon="8.8266498729">
				<ele>1981.0</ele>
				<extensions>
					<swisstopo:routepoint_id>407955152</swisstopo:routepoint_id>
				</extensions>
			</trkpt>
			<trkpt lat="47.0034339484" lon="8.8266122981">
				<ele>1980.0</ele>
				<extensions>
					<swisstopo:routepoint_id>589952993</swisstopo:routepoint_id>
				</extensions>
			</trkpt>
			<trkpt lat="47.0034353397" lon="8.8265575341">
				<ele>1977.9</ele>
				<extensions>
					<swisstopo:routepoint_id>1245951270</swisstopo:routepoint_id>
				</extensions>
			</trkpt>
			<trkpt lat="47.0034417660" lon="8.8264850942">
				<ele>1975.5</ele>
				<extensions>
					<swisstopo:routepoint_id>28184230</swisstopo:routepoint_id>
				</extensions>
			</trkpt>
			<trkpt lat="47.0034301971" lon="8.8264381357">
				<ele>1974.0</ele>
				<extensions>
					<swisstopo:routepoint_id>106820046</swisstopo:routepoint_id>
				</extensions>
			</trkpt>
			<trkpt lat="47.0034504961" lon="8.8264223009">
				<ele>1972.9</ele>
				<extensions>
					<swisstopo:routepoint_id>522726389</swisstopo:routepoint_id>
				</extensions>
			</trkpt>
			<trkpt lat="47.0034638633" lon="8.8264514998">
				<ele>1972.2</ele>
				<extensions>
					<swisstopo:routepoint_id>1415502265</swisstopo:routepoint_id>
				</extensions>
			</trkpt>
			<trkpt lat="47.0034841291" lon="8.8264384129">
				<ele>1971.3</ele>
				<extensions>
					<swisstopo:routepoint_id>534687159</swisstopo:routepoint_id>
				</extensions>
			</trkpt>
			<trkpt lat="47.0035065175" lon="8.8264514196">
				<ele>1970.3</ele>
				<extensions>
					<swisstopo:routepoint_id>1241603694</swisstopo:routepoint_id>
				</extensions>
			</trkpt>
			<trkpt lat="47.0035006854" lon="8.8263950485">
				<ele>1968.7</ele>
				<extensions>
					<swisstopo:routepoint_id>2083798710</swisstopo:routepoint_id>
				</extensions>
			</trkpt>
			<trkpt lat="47.0035067911" lon="8.8263513875">
				<ele>1967.2</ele>
				<extensions>
					<swisstopo:routepoint_id>474162440</swisstopo:routepoint_id>
				</extensions>
			</trkpt>
			<trkpt lat="47.0034854418" lon="8.8263164719">
				<ele>1965.9</ele>
				<extensions>
					<swisstopo:routepoint_id>1847500459</swisstopo:routepoint_id>
				</extensions>
			</trkpt>
			<trkpt lat="47.0035073909" lon="8.8262965901">
				<ele>1964.0</ele>
				<extensions>
					<swisstopo:routepoint_id>12631695</swisstopo:routepoint_id>
				</extensions>
			</trkpt>
			<trkpt lat="47.0035332532" lon="8.8262864093">
				<ele>1962.5</ele>
				<extensions>
					<swisstopo:routepoint_id>1536728652</swisstopo:routepoint_id>
				</extensions>
			</trkpt>
			<trkpt lat="47.0035392861" lon="8.8262495981">
				<ele>1960.9</ele>
				<extensions>
					<swisstopo:routepoint_id>1879634746</swisstopo:routepoint_id>
				</extensions>
			</trkpt>
			<trkpt lat="47.0035708444" lon="8.8262341071">
				<ele>1958.8</ele>
				<extensions>
					<swisstopo:routepoint_id>261791286</swisstopo:routepoint_id>
				</extensions>
			</trkpt>
			<trkpt lat="47.0035989784" lon="8.8262376884">
				<ele>1957.2</ele>
				<extensions>
					<swisstopo:routepoint_id>216335551</swisstopo:routepoint_id>
				</extensions>
			</trkpt>
			<trkpt lat="47.0036199548" lon="8.8262328655">
				<ele>1955.7</ele>
				<extensions>
					<swisstopo:routepoint_id>1515402653</swisstopo:routepoint_id>
				</extensions>
			</trkpt>
			<trkpt lat="47.0036340359" lon="8.8261962885">
				<ele>1954.2</ele>
				<extensions>
					<swisstopo:routepoint_id>2015839675</swisstopo:routepoint_id>
				</extensions>
			</trkpt>
			<trkpt lat="47.0036613034" lon="8.8262053314">
				<ele>1953.2</ele>
				<extensions>
					<swisstopo:routepoint_id>597203958</swisstopo:routepoint_id>
				</extensions>
			</trkpt>
			<trkpt lat="47.0036885145" lon="8.8262198567">
				<ele>1951.9</ele>
				<extensions>
					<swisstopo:routepoint_id>212777859</swisstopo:routepoint_id>
				</extensions>
			</trkpt>
			<trkpt lat="47.0037160524" lon="8.8262042486">
				<ele>1950.4</ele>
				<extensions>
					<swisstopo:routepoint_id>355094296</swisstopo:routepoint_id>
				</extensions>
			</trkpt>
			<trkpt lat="47.0037003901" lon="8.8261640222">
				<ele>1949.8</ele>
				<extensions>
					<swisstopo:routepoint_id>2141627209</swisstopo:routepoint_id>
				</extensions>
			</trkpt>
			<trkpt lat="47.0036984057" lon="8.8261242289">
				<ele>1948.6</ele>
				<extensions>
					<swisstopo:routepoint_id>1897942300</swisstopo:routepoint_id>
				</extensions>
			</trkpt>
			<trkpt lat="47.0037107447" lon="8.8260985746">
				<ele>1947.7</ele>
				<extensions>
					<swisstopo:routepoint_id>634890028</swisstopo:routepoint_id>
				</extensions>
			</trkpt>
			<trkpt lat="47.0037167853" lon="8.8260617373">
				<ele>1947.2</ele>
				<extensions>
					<swisstopo:routepoint_id>1654316991</swisstopo:routepoint_id>
				</extensions>
			</trkpt>
			<trkpt lat="47.0037164112" lon="8.8260219983">
				<ele>1946.3</ele>
				<extensions>
					<swisstopo:routepoint_id>1177400407</swisstopo:routepoint_id>
				</extensions>
			</trkpt>
			<trkpt lat="47.0037225005" lon="8.8259796914">
				<ele>1945.0</ele>
				<extensions>
					<swisstopo:routepoint_id>883621516</swisstopo:routepoint_id>
				</extensions>
			</trkpt>
			<trkpt lat="47.0037457719" lon="8.8259858822">
				<ele>1944.0</ele>
				<extensions>
					<swisstopo:routepoint_id>743181324</swisstopo:routepoint_id>
				</extensions>
			</trkpt>
			<trkpt lat="47.0037605853" lon="8.8260301896">
				<ele>1943.9</ele>
				<extensions>
					<swisstopo:routepoint_id>849224698</swisstopo:routepoint_id>
				</extensions>
			</trkpt>
			<trkpt lat="47.0037723014" lon="8.8260634360">
				<ele>1943.2</ele>
				<extensions>
					<swisstopo:routepoint_id>1313047610</swisstopo:routepoint_id>
				</extensions>
			</trkpt>
			<trkpt lat="47.0037998405" lon="8.8260478275">
				<ele>1941.5</ele>
				<extensions>
					<swisstopo:routepoint_id>1703038918</swisstopo:routepoint_id>
				</extensions>
			</trkpt>
			<trkpt lat="47.0038092071" lon="8.8260001343">
				<ele>1940.3</ele>
				<extensions>
					<swisstopo:routepoint_id>73443128</swisstopo:routepoint_id>
				</extensions>
			</trkpt>
			<trkpt lat="47.0038113003" lon="8.8259549754">
				<ele>1939.7</ele>
				<extensions>
					<swisstopo:routepoint_id>1410109060</swisstopo:routepoint_id>
				</extensions>
			</trkpt>
			<trkpt lat="47.0038252994" lon="8.8259266287">
				<ele>1938.8</ele>
				<extensions>
					<swisstopo:routepoint_id>1462958909</swisstopo:routepoint_id>
				</extensions>
			</trkpt>
			<trkpt lat="47.0038542747" lon="8.8259261285">
				<ele>1936.8</ele>
				<extensions>
					<swisstopo:routepoint_id>1852542445</swisstopo:routepoint_id>
				</extensions>
			</trkpt>
			<trkpt lat="47.0038667182" lon="8.8259662585">
				<ele>1936.4</ele>
				<extensions>
					<swisstopo:routepoint_id>598727520</swisstopo:routepoint_id>
				</extensions>
			</trkpt>
			<trkpt lat="47.0038826716" lon="8.8259050585">
				<ele>1935.0</ele>
				<extensions>
					<swisstopo:routepoint_id>69927547</swisstopo:routepoint_id>
				</extensions>
			</trkpt>
			<trkpt lat="47.0038928392" lon="8.8258587799">
				<ele>1933.7</ele>
				<extensions>
					<swisstopo:routepoint_id>1944839562</swisstopo:routepoint_id>
				</extensions>
			</trkpt>
			<trkpt lat="47.0038958974" lon="8.8257985614">
				<ele>1932.1</ele>
				<extensions>
					<swisstopo:routepoint_id>1343395039</swisstopo:routepoint_id>
				</extensions>
			</trkpt>
			<trkpt lat="47.0039295637" lon="8.8258119254">
				<ele>1930.7</ele>
				<extensions>
					<swisstopo:routepoint_id>574292551</swisstopo:routepoint_id>
				</extensions>
			</trkpt>
			<trkpt lat="47.0039395990" lon="8.8257765981">
				<ele>1929.8</ele>
				<extensions>
					<swisstopo:routepoint_id>287140480</swisstopo:routepoint_id>
				</extensions>
			</trkpt>
			<trkpt lat="47.0039400915" lon="8.8257313844">
				<ele>1928.8</ele>
				<extensions>
					<swisstopo:routepoint_id>241891693</swisstopo:routepoint_id>
				</extensions>
			</trkpt>
			<trkpt lat="47.0039663112" lon="8.8257623359">
				<ele>1928.0</ele>
				<extensions>
					<swisstopo:routepoint_id>586621010</swisstopo:routepoint_id>
				</extensions>
			</trkpt>
			<trkpt lat="47.0039926714" lon="8.8257809424">
				<ele>1926.6</ele>
				<extensions>
					<swisstopo:routepoint_id>953094969</swisstopo:routepoint_id>
				</extensions>
			</trkpt>
			<trkpt lat="47.0040209367" lon="8.8257722043">
				<ele>1925.5</ele>
				<extensions>
					<swisstopo:routepoint_id>695781612</swisstopo:routepoint_id>
				</extensions>
			</trkpt>
			<trkpt lat="47.0040204322" lon="8.8257447977">
				<ele>1925.0</ele>
				<extensions>
					<swisstopo:routepoint_id>1603594666</swisstopo:routepoint_id>
				</extensions>
			</trkpt>
			<trkpt lat="47.0040207933" lon="8.8257119032">
				<ele>1924.2</ele>
				<extensions>
					<swisstopo:routepoint_id>1727844200</swisstopo:routepoint_id>
				</extensions>
			</trkpt>
			<trkpt lat="47.0040419973" lon="8.8256851498">
				<ele>1923.0</ele>
				<extensions>
					<swisstopo:routepoint_id>768658415</swisstopo:routepoint_id>
				</extensions>
			</trkpt>
			<trkpt lat="47.0040586104" lon="8.8257130517">
				<ele>1922.5</ele>
				<extensions>
					<swisstopo:routepoint_id>2101019948</swisstopo:routepoint_id>
				</extensions>
			</trkpt>
			<trkpt lat="47.0040763017" lon="8.8257149689">
				<ele>1921.7</ele>
				<extensions>
					<swisstopo:routepoint_id>1102168589</swisstopo:routepoint_id>
				</extensions>
			</trkpt>
			<trkpt lat="47.0040759265" lon="8.8256738489">
				<ele>1921.0</ele>
				<extensions>
					<swisstopo:routepoint_id>506686192</swisstopo:routepoint_id>
				</extensions>
			</trkpt>
			<trkpt lat="47.0040819095" lon="8.8256425068">
				<ele>1920.4</ele>
				<extensions>
					<swisstopo:routepoint_id>1181804185</swisstopo:routepoint_id>
				</extensions>
			</trkpt>
			<trkpt lat="47.0040983658" lon="8.8256841083">
				<ele>1919.8</ele>
				<extensions>
					<swisstopo:routepoint_id>1940689203</swisstopo:routepoint_id>
				</extensions>
			</trkpt>
			<trkpt lat="47.0041159745" lon="8.8256928618">
				<ele>1918.9</ele>
				<extensions>
					<swisstopo:routepoint_id>990485300</swisstopo:routepoint_id>
				</extensions>
			</trkpt>
			<trkpt lat="47.0041346549" lon="8.8256769979">
				<ele>1918.1</ele>
				<extensions>
					<swisstopo:routepoint_id>1886374223</swisstopo:routepoint_id>
				</extensions>
			</trkpt>
			<trkpt lat="47.0041390938" lon="8.8256387509">
				<ele>1917.2</ele>
				<extensions>
					<swisstopo:routepoint_id>1947375329</swisstopo:routepoint_id>
				</extensions>
			</trkpt>
			<trkpt lat="47.0041618685" lon="8.8256175091">
				<ele>1915.9</ele>
				<extensions>
					<swisstopo:routepoint_id>1351061580</swisstopo:routepoint_id>
				</extensions>
			</trkpt>
			<trkpt lat="47.0041785941" lon="8.8256331046">
				<ele>1915.3</ele>
				<extensions>
					<swisstopo:routepoint_id>297791870</swisstopo:routepoint_id>
				</extensions>
			</trkpt>
			<trkpt lat="47.0041986798" lon="8.8256364511">
				<ele>1914.4</ele>
				<extensions>
					<swisstopo:routepoint_id>1171953222</swisstopo:routepoint_id>
				</extensions>
			</trkpt>
			<trkpt lat="47.0042006582" lon="8.8256022438">
				<ele>1913.9</ele>
				<extensions>
					<swisstopo:routepoint_id>1968798714</swisstopo:routepoint_id>
				</extensions>
			</trkpt>
			<trkpt lat="47.0042003746" lon="8.8255542611">
				<ele>1912.9</ele>
				<extensions>
					<swisstopo:routepoint_id>333605112</swisstopo:routepoint_id>
				</extensions>
			</trkpt>
			<trkpt lat="47.0042226647" lon="8.8255768654">
				<ele>1912.1</ele>
				<extensions>
					<swisstopo:routepoint_id>389855787</swisstopo:routepoint_id>
				</extensions>
			</trkpt>
			<trkpt lat="47.0042423981" lon="8.8256131071">
				<ele>1911.1</ele>
				<extensions>
					<swisstopo:routepoint_id>285468455</swisstopo:routepoint_id>
				</extensions>
			</trkpt>
			<trkpt lat="47.0042838996" lon="8.8256458874">
				<ele>1909.5</ele>
				<extensions>
					<swisstopo:routepoint_id>1247849751</swisstopo:routepoint_id>
				</extensions>
			</trkpt>
			<trkpt lat="47.0043190023" lon="8.8256743596">
				<ele>1908.3</ele>
				<extensions>
					<swisstopo:routepoint_id>1304893845</swisstopo:routepoint_id>
				</extensions>
			</trkpt>
			<trkpt lat="47.0043491375" lon="8.8257163806">
				<ele>1907.1</ele>
				<extensions>
					<swisstopo:routepoint_id>550652224</swisstopo:routepoint_id>
				</extensions>
			</trkpt>
			<trkpt lat="47.0043718523" lon="8.8257746357">
				<ele>1905.8</ele>
				<extensions>
					<swisstopo:routepoint_id>1309068877</swisstopo:routepoint_id>
				</extensions>
			</trkpt>
			<trkpt lat="47.0043994626" lon="8.8258275595">
				<ele>1904.3</ele>
				<extensions>
					<swisstopo:routepoint_id>1265160032</swisstopo:routepoint_id>
				</extensions>
			</trkpt>
			<trkpt lat="47.0044334202" lon="8.8258875255">
				<ele>1903.5</ele>
				<extensions>
					<swisstopo:routepoint_id>1390502898</swisstopo:routepoint_id>
				</extensions>
			</trkpt>
			<trkpt lat="47.0044760172" lon="8.8258929142">
				<ele>1901.1</ele>
				<extensions>
					<swisstopo:routepoint_id>160949153</swisstopo:routepoint_id>
				</extensions>
			</trkpt>
			<trkpt lat="47.0045218512" lon="8.8258970584">
				<ele>1898.9</ele>
				<extensions>
					<swisstopo:routepoint_id>1973849487</swisstopo:routepoint_id>
				</extensions>
			</trkpt>
			<trkpt lat="47.0045589915" lon="8.8258872217">
				<ele>1897.2</ele>
				<extensions>
					<swisstopo:routepoint_id>671693217</swisstopo:routepoint_id>
				</extensions>
			</trkpt>
			<trkpt lat="47.0045954863" lon="8.8258622838">
				<ele>1895.2</ele>
				<extensions>
					<swisstopo:routepoint_id>734480139</swisstopo:routepoint_id>
				</extensions>
			</trkpt>
			<trkpt lat="47.0046366049" lon="8.8258553114">
				<ele>1893.5</ele>
				<extensions>
					<swisstopo:routepoint_id>1447969249</swisstopo:routepoint_id>
				</extensions>
			</trkpt>
			<trkpt lat="47.0046710716" lon="8.8258686961">
				<ele>1892.3</ele>
				<extensions>
					<swisstopo:routepoint_id>1022527049</swisstopo:routepoint_id>
				</extensions>
			</trkpt>
			<trkpt lat="47.0046851987" lon="8.8259020053">
				<ele>1891.8</ele>
				<extensions>
					<swisstopo:routepoint_id>584367540</swisstopo:routepoint_id>
				</extensions>
			</trkpt>
			<trkpt lat="47.0046970793" lon="8.8259201850">
				<ele>1891.3</ele>
				<extensions>
					<swisstopo:routepoint_id>680554666</swisstopo:routepoint_id>
				</extensions>
			</trkpt>
			<trkpt lat="47.0047006163" lon="8.8259655165">
				<ele>1890.7</ele>
				<extensions>
					<swisstopo:routepoint_id>482895297</swisstopo:routepoint_id>
				</extensions>
			</trkpt>
			<trkpt lat="47.0047230542" lon="8.8259744347">
				<ele>1889.8</ele>
				<extensions>
					<swisstopo:routepoint_id>1286704541</swisstopo:routepoint_id>
				</extensions>
			</trkpt>
			<trkpt lat="47.0047539495" lon="8.8260205791">
				<ele>1888.2</ele>
				<extensions>
					<swisstopo:routepoint_id>82873571</swisstopo:routepoint_id>
				</extensions>
			</trkpt>
			<trkpt lat="47.0047906214" lon="8.8260532218">
				<ele>1886.8</ele>
				<extensions>
					<swisstopo:routepoint_id>1064738746</swisstopo:routepoint_id>
				</extensions>
			</trkpt>
			<trkpt lat="47.0048256503" lon="8.8260885575">
				<ele>1885.6</ele>
				<extensions>
					<swisstopo:routepoint_id>1156410528</swisstopo:routepoint_id>
				</extensions>
			</trkpt>
			<trkpt lat="47.0048662775" lon="8.8261281544">
				<ele>1884.7</ele>
				<extensions>
					<swisstopo:routepoint_id>783573876</swisstopo:routepoint_id>
				</extensions>
			</trkpt>
			<trkpt lat="47.0049038829" lon="8.8261498535">
				<ele>1883.7</ele>
				<extensions>
					<swisstopo:routepoint_id>1867451483</swisstopo:routepoint_id>
				</extensions>
			</trkpt>
			<trkpt lat="47.0049261972" lon="8.8261697234">
				<ele>1883.1</ele>
				<extensions>
					<swisstopo:routepoint_id>1909425572</swisstopo:routepoint_id>
				</extensions>
			</trkpt>
			<trkpt lat="47.0049556870" lon="8.8261966570">
				<ele>1882.5</ele>
				<extensions>
					<swisstopo:routepoint_id>2037840104</swisstopo:routepoint_id>
				</extensions>
			</trkpt>
			<trkpt lat="47.0049778224" lon="8.8262343294">
				<ele>1882.1</ele>
				<extensions>
					<swisstopo:routepoint_id>1162090446</swisstopo:routepoint_id>
				</extensions>
			</trkpt>
			<trkpt lat="47.0050156476" lon="8.8262341110">
				<ele>1881.0</ele>
				<extensions>
					<swisstopo:routepoint_id>1074385946</swisstopo:routepoint_id>
				</extensions>
			</trkpt>
			<trkpt lat="47.0050605656" lon="8.8262491735">
				<ele>1880.1</ele>
				<extensions>
					<swisstopo:routepoint_id>1588028866</swisstopo:routepoint_id>
				</extensions>
			</trkpt>
			<trkpt lat="47.0050884786" lon="8.8262733180">
				<ele>1879.5</ele>
				<extensions>
					<swisstopo:routepoint_id>545174824</swisstopo:routepoint_id>
				</extensions>
			</trkpt>
			<trkpt lat="47.0051236074" lon="8.8263004240">
				<ele>1878.7</ele>
				<extensions>
					<swisstopo:routepoint_id>347319910</swisstopo:routepoint_id>
				</extensions>
			</trkpt>
			<trkpt lat="47.0051581796" lon="8.8263028436">
				<ele>1878.2</ele>
				<extensions>
					<swisstopo:routepoint_id>1406036614</swisstopo:routepoint_id>
				</extensions>
			</trkpt>
			<trkpt lat="47.0051893450" lon="8.8263243499">
				<ele>1877.5</ele>
				<extensions>
					<swisstopo:routepoint_id>1163330586</swisstopo:routepoint_id>
				</extensions>
			</trkpt>
			<trkpt lat="47.0052157220" lon="8.8263416028">
				<ele>1877.2</ele>
				<extensions>
					<swisstopo:routepoint_id>255232235</swisstopo:routepoint_id>
				</extensions>
			</trkpt>
			<trkpt lat="47.0052459138" lon="8.8263781553">
				<ele>1876.8</ele>
				<extensions>
					<swisstopo:routepoint_id>1465190112</swisstopo:routepoint_id>
				</extensions>
			</trkpt>
			<trkpt lat="47.0052722910" lon="8.8263953822">
				<ele>1876.3</ele>
				<extensions>
					<swisstopo:routepoint_id>2052635360</swisstopo:routepoint_id>
				</extensions>
			</trkpt>
			<trkpt lat="47.0052903160" lon="8.8264411547">
				<ele>1876.6</ele>
				<extensions>
					<swisstopo:routepoint_id>2088702346</swisstopo:routepoint_id>
				</extensions>
			</trkpt>
			<trkpt lat="47.0053117155" lon="8.8264719563">
				<ele>1876.5</ele>
				<extensions>
					<swisstopo:routepoint_id>2091771048</swisstopo:routepoint_id>
				</extensions>
			</trkpt>
			<trkpt lat="47.0053324367" lon="8.8264904178">
				<ele>1876.1</ele>
				<extensions>
					<swisstopo:routepoint_id>504189609</swisstopo:routepoint_id>
				</extensions>
			</trkpt>
			<trkpt lat="47.0053531503" lon="8.8265102336">
				<ele>1875.8</ele>
				<extensions>
					<swisstopo:routepoint_id>1472232449</swisstopo:routepoint_id>
				</extensions>
			</trkpt>
			<trkpt lat="47.0053723618" lon="8.8265203969">
				<ele>1875.6</ele>
				<extensions>
					<swisstopo:routepoint_id>1455935081</swisstopo:routepoint_id>
				</extensions>
			</trkpt>
			<trkpt lat="47.0053825828" lon="8.8265426372">
				<ele>1875.5</ele>
				<extensions>
					<swisstopo:routepoint_id>1723746673</swisstopo:routepoint_id>
				</extensions>
			</trkpt>
			<trkpt lat="47.0054122443" lon="8.8265531364">
				<ele>1875.6</ele>
				<extensions>
					<swisstopo:routepoint_id>1300833419</swisstopo:routepoint_id>
				</extensions>
			</trkpt>
			<trkpt lat="47.0054460339" lon="8.8265555231">
				<ele>1874.9</ele>
				<extensions>
					<swisstopo:routepoint_id>504909188</swisstopo:routepoint_id>
				</extensions>
			</trkpt>
			<trkpt lat="47.0054821103" lon="8.8265689763">
				<ele>1874.2</ele>
				<extensions>
					<swisstopo:routepoint_id>456180254</swisstopo:routepoint_id>
				</extensions>
			</trkpt>
			<trkpt lat="47.0055114931" lon="8.8266054819">
				<ele>1873.8</ele>
				<extensions>
					<swisstopo:routepoint_id>1359789204</swisstopo:routepoint_id>
				</extensions>
			</trkpt>
			<trkpt lat="47.0055353603" lon="8.8266308767">
				<ele>1873.4</ele>
				<extensions>
					<swisstopo:routepoint_id>1379647809</swisstopo:routepoint_id>
				</extensions>
			</trkpt>
			<trkpt lat="47.0055572264" lon="8.8266536157">
				<ele>1873.5</ele>
				<extensions>
					<swisstopo:routepoint_id>1735113946</swisstopo:routepoint_id>
				</extensions>
			</trkpt>
			<trkpt lat="47.0056098708" lon="8.8266584234">
				<ele>1873.0</ele>
				<extensions>
					<swisstopo:routepoint_id>1793527434</swisstopo:routepoint_id>
				</extensions>
			</trkpt>
			<trkpt lat="47.0056653529" lon="8.8266800462">
				<ele>1872.1</ele>
				<extensions>
					<swisstopo:routepoint_id>403614380</swisstopo:routepoint_id>
				</extensions>
			</trkpt>
			<trkpt lat="47.0057082486" lon="8.8267210313">
				<ele>1872.2</ele>
				<extensions>
					<swisstopo:routepoint_id>555326206</swisstopo:routepoint_id>
				</extensions>
			</trkpt>
			<trkpt lat="47.0057413263" lon="8.8267518199">
				<ele>1871.7</ele>
				<extensions>
					<swisstopo:routepoint_id>18687924</swisstopo:routepoint_id>
				</extensions>
			</trkpt>
			<trkpt lat="47.0057454262" lon="8.8268271920">
				<ele>1871.5</ele>
				<extensions>
					<swisstopo:routepoint_id>2080914938</swisstopo:routepoint_id>
				</extensions>
			</trkpt>
			<trkpt lat="47.0057611740" lon="8.8268574138">
				<ele>1871.6</ele>
				<extensions>
					<swisstopo:routepoint_id>1506697245</swisstopo:routepoint_id>
				</extensions>
			</trkpt>
			<trkpt lat="47.0058105257" lon="8.8268748669">
				<ele>1871.2</ele>
				<extensions>
					<swisstopo:routepoint_id>81864475</swisstopo:routepoint_id>
				</extensions>
			</trkpt>
			<trkpt lat="47.0058475332" lon="8.8268879634">
				<ele>1870.9</ele>
				<extensions>
					<swisstopo:routepoint_id>810342307</swisstopo:routepoint_id>
				</extensions>
			</trkpt>
			<trkpt lat="47.0059026201" lon="8.8269452170">
				<ele>1870.4</ele>
				<extensions>
					<swisstopo:routepoint_id>1516332408</swisstopo:routepoint_id>
				</extensions>
			</trkpt>
			<trkpt lat="47.0059482970" lon="8.8269585906">
				<ele>1869.2</ele>
				<extensions>
					<swisstopo:routepoint_id>2098892290</swisstopo:routepoint_id>
				</extensions>
			</trkpt>
			<trkpt lat="47.0059914765" lon="8.8269738720">
				<ele>1868.4</ele>
				<extensions>
					<swisstopo:routepoint_id>511984196</swisstopo:routepoint_id>
				</extensions>
			</trkpt>
			<trkpt lat="47.0060372246" lon="8.8269813158">
				<ele>1868.1</ele>
				<extensions>
					<swisstopo:routepoint_id>1712446470</swisstopo:routepoint_id>
				</extensions>
			</trkpt>
			<trkpt lat="47.0060781911" lon="8.8269727621">
				<ele>1867.1</ele>
				<extensions>
					<swisstopo:routepoint_id>1733472696</swisstopo:routepoint_id>
				</extensions>
			</trkpt>
			<trkpt lat="47.0061325852" lon="8.8269824553">
				<ele>1866.9</ele>
				<extensions>
					<swisstopo:routepoint_id>724065914</swisstopo:routepoint_id>
				</extensions>
			</trkpt>
			<trkpt lat="47.0061818889" lon="8.8270038793">
				<ele>1867.9</ele>
				<extensions>
					<swisstopo:routepoint_id>130882806</swisstopo:routepoint_id>
				</extensions>
			</trkpt>
			<trkpt lat="47.0062337856" lon="8.8270154804">
				<ele>1868.8</ele>
				<extensions>
					<swisstopo:routepoint_id>1907150104</swisstopo:routepoint_id>
				</extensions>
			</trkpt>
			<trkpt lat="47.0062931889" lon="8.8270193982">
				<ele>1869.1</ele>
				<extensions>
					<swisstopo:routepoint_id>253359894</swisstopo:routepoint_id>
				</extensions>
			</trkpt>
			<trkpt lat="47.0063600531" lon="8.8270215889">
				<ele>1868.6</ele>
				<extensions>
					<swisstopo:routepoint_id>1880452799</swisstopo:routepoint_id>
				</extensions>
			</trkpt>
			<trkpt lat="47.0064292645" lon="8.8270357426">
				<ele>1867.7</ele>
				<extensions>
					<swisstopo:routepoint_id>908706888</swisstopo:routepoint_id>
				</extensions>
			</trkpt>
			<trkpt lat="47.0064799200" lon="8.8270473116">
				<ele>1867.7</ele>
				<extensions>
					<swisstopo:routepoint_id>1839221058</swisstopo:routepoint_id>
				</extensions>
			</trkpt>
			<trkpt lat="47.0065267749" lon="8.8270666733">
				<ele>1865.9</ele>
				<extensions>
					<swisstopo:routepoint_id>2115905333</swisstopo:routepoint_id>
				</extensions>
			</trkpt>
			<trkpt lat="47.0065760697" lon="8.8270880977">
				<ele>1863.7</ele>
				<extensions>
					<swisstopo:routepoint_id>1215248729</swisstopo:routepoint_id>
				</extensions>
			</trkpt>
			<trkpt lat="47.0066091801" lon="8.8271169018">
				<ele>1861.7</ele>
				<extensions>
					<swisstopo:routepoint_id>815520669</swisstopo:routepoint_id>
				</extensions>
			</trkpt>
			<trkpt lat="47.0066637178" lon="8.8271147227">
				<ele>1861.4</ele>
				<extensions>
					<swisstopo:routepoint_id>1160356668</swisstopo:routepoint_id>
				</extensions>
			</trkpt>
			<trkpt lat="47.0067069603" lon="8.8271240617">
				<ele>1860.3</ele>
				<extensions>
					<swisstopo:routepoint_id>1793109917</swisstopo:routepoint_id>
				</extensions>
			</trkpt>
			<trkpt lat="47.0067592139" lon="8.8271352873">
				<ele>1859.0</ele>
				<extensions>
					<swisstopo:routepoint_id>1707420086</swisstopo:routepoint_id>
				</extensions>
			</trkpt>
			<trkpt lat="47.0067613212" lon="8.8271357401">
				<ele>1858.9</ele>
				<extensions>
					<swisstopo:routepoint_id>1408673002</swisstopo:routepoint_id>
				</extensions>
			</trkpt>
			<trkpt lat="47.0067995930" lon="8.8271469099">
				<ele>1857.4</ele>
				<extensions>
					<swisstopo:routepoint_id>1459508948</swisstopo:routepoint_id>
				</extensions>
			</trkpt>
			<trkpt lat="47.0068352334" lon="8.8271718343">
				<ele>1855.8</ele>
				<extensions>
					<swisstopo:routepoint_id>142937242</swisstopo:routepoint_id>
				</extensions>
			</trkpt>
			<trkpt lat="47.0068834788" lon="8.8271773703">
				<ele>1855.5</ele>
				<extensions>
					<swisstopo:routepoint_id>2006175027</swisstopo:routepoint_id>
				</extensions>
			</trkpt>
			<trkpt lat="47.0069414760" lon="8.8271971129">
				<ele>1855.1</ele>
				<extensions>
					<swisstopo:routepoint_id>1935244006</swisstopo:routepoint_id>
				</extensions>
			</trkpt>
			<trkpt lat="47.0069895868" lon="8.8272145086">
				<ele>1853.2</ele>
				<extensions>
					<swisstopo:routepoint_id>218862810</swisstopo:routepoint_id>
				</extensions>
			</trkpt>
			<trkpt lat="47.0070241207" lon="8.8272275413">
				<ele>1851.9</ele>
				<extensions>
					<swisstopo:routepoint_id>1523452513</swisstopo:routepoint_id>
				</extensions>
			</trkpt>
			<trkpt lat="47.0070821002" lon="8.8272472572">
				<ele>1850.3</ele>
				<extensions>
					<swisstopo:routepoint_id>1453254892</swisstopo:routepoint_id>
				</extensions>
			</trkpt>
			<trkpt lat="47.0071237933" lon="8.8272842671">
				<ele>1850.1</ele>
				<extensions>
					<swisstopo:routepoint_id>170280328</swisstopo:routepoint_id>
				</extensions>
			</trkpt>
			<trkpt lat="47.0071683576" lon="8.8272877090">
				<ele>1849.8</ele>
				<extensions>
					<swisstopo:routepoint_id>1108953463</swisstopo:routepoint_id>
				</extensions>
			</trkpt>
			<trkpt lat="47.0072032233" lon="8.8272710407">
				<ele>1848.3</ele>
				<extensions>
					<swisstopo:routepoint_id>1686671809</swisstopo:routepoint_id>
				</extensions>
			</trkpt>
			<trkpt lat="47.0072471181" lon="8.8272249615">
				<ele>1847.3</ele>
				<extensions>
					<swisstopo:routepoint_id>1902003972</swisstopo:routepoint_id>
				</extensions>
			</trkpt>
			<trkpt lat="47.0072785094" lon="8.8271883701">
				<ele>1847.0</ele>
				<extensions>
					<swisstopo:routepoint_id>152035465</swisstopo:routepoint_id>
				</extensions>
			</trkpt>
			<trkpt lat="47.0073049991" lon="8.8271456677">
				<ele>1845.9</ele>
				<extensions>
					<swisstopo:routepoint_id>721671903</swisstopo:routepoint_id>
				</extensions>
			</trkpt>
			<trkpt lat="47.0073118774" lon="8.8270865046">
				<ele>1845.0</ele>
				<extensions>
					<swisstopo:routepoint_id>456065378</swisstopo:routepoint_id>
				</extensions>
			</trkpt>
			<trkpt lat="47.0073136181" lon="8.8270430040">
				<ele>1844.9</ele>
				<extensions>
					<swisstopo:routepoint_id>722839951</swisstopo:routepoint_id>
				</extensions>
			</trkpt>
			<trkpt lat="47.0073363792" lon="8.8270021647">
				<ele>1844.4</ele>
				<extensions>
					<swisstopo:routepoint_id>1021333946</swisstopo:routepoint_id>
				</extensions>
			</trkpt>
			<trkpt lat="47.0073679047" lon="8.8269537002">
				<ele>1843.8</ele>
				<extensions>
					<swisstopo:routepoint_id>943282300</swisstopo:routepoint_id>
				</extensions>
			</trkpt>
			<trkpt lat="47.0074116946" lon="8.8269155486">
				<ele>1843.3</ele>
				<extensions>
					<swisstopo:routepoint_id>172422129</swisstopo:routepoint_id>
				</extensions>
			</trkpt>
			<trkpt lat="47.0074516204" lon="8.8268911197">
				<ele>1842.8</ele>
				<extensions>
					<swisstopo:routepoint_id>1154057519</swisstopo:routepoint_id>
				</extensions>
			</trkpt>
			<trkpt lat="47.0074852066" lon="8.8268783503">
				<ele>1842.1</ele>
				<extensions>
					<swisstopo:routepoint_id>763130029</swisstopo:routepoint_id>
				</extensions>
			</trkpt>
			<trkpt lat="47.0075260954" lon="8.8268777250">
				<ele>1840.6</ele>
				<extensions>
					<swisstopo:routepoint_id>370715368</swisstopo:routepoint_id>
				</extensions>
			</trkpt>
			<trkpt lat="47.0075708329" lon="8.8268653362">
				<ele>1839.4</ele>
				<extensions>
					<swisstopo:routepoint_id>819942481</swisstopo:routepoint_id>
				</extensions>
			</trkpt>
			<trkpt lat="47.0076179330" lon="8.8268629118">
				<ele>1837.5</ele>
				<extensions>
					<swisstopo:routepoint_id>712767521</swisstopo:routepoint_id>
				</extensions>
			</trkpt>
			<trkpt lat="47.0076584958" lon="8.8268899758">
				<ele>1836.0</ele>
				<extensions>
					<swisstopo:routepoint_id>1543286741</swisstopo:routepoint_id>
				</extensions>
			</trkpt>
			<trkpt lat="47.0076993518" lon="8.8268913225">
				<ele>1834.4</ele>
				<extensions>
					<swisstopo:routepoint_id>1507687442</swisstopo:routepoint_id>
				</extensions>
			</trkpt>
			<trkpt lat="47.0077630587" lon="8.8269090821">
				<ele>1834.0</ele>
				<extensions>
					<swisstopo:routepoint_id>1823540597</swisstopo:routepoint_id>
				</extensions>
			</trkpt>
			<trkpt lat="47.0077519963" lon="8.8268514925">
				<ele>1831.4</ele>
				<extensions>
					<swisstopo:routepoint_id>151647477</swisstopo:routepoint_id>
				</extensions>
			</trkpt>
			<trkpt lat="47.0077911060" lon="8.8268097606">
				<ele>1828.8</ele>
				<extensions>
					<swisstopo:routepoint_id>2011286472</swisstopo:routepoint_id>
				</extensions>
			</trkpt>
			<trkpt lat="47.0078282866" lon="8.8268107226">
				<ele>1827.7</ele>
				<extensions>
					<swisstopo:routepoint_id>1280151274</swisstopo:routepoint_id>
				</extensions>
			</trkpt>
			<trkpt lat="47.0078644605" lon="8.8268101463">
				<ele>1823.7</ele>
				<extensions>
					<swisstopo:routepoint_id>77506708</swisstopo:routepoint_id>
				</extensions>
			</trkpt>
			<trkpt lat="47.0079038562" lon="8.8267990789">
				<ele>1821.5</ele>
				<extensions>
					<swisstopo:routepoint_id>272928100</swisstopo:routepoint_id>
				</extensions>
			</trkpt>
			<trkpt lat="47.0079365982" lon="8.8268256120">
				<ele>1821.4</ele>
				<extensions>
					<swisstopo:routepoint_id>639904268</swisstopo:routepoint_id>
				</extensions>
			</trkpt>
			<trkpt lat="47.0079983380" lon="8.8268468324">
				<ele>1821.3</ele>
				<extensions>
					<swisstopo:routepoint_id>1119458805</swisstopo:routepoint_id>
				</extensions>
			</trkpt>
			<trkpt lat="47.0080528740" lon="8.8268648676">
				<ele>1820.5</ele>
				<extensions>
					<swisstopo:routepoint_id>1405699236</swisstopo:routepoint_id>
				</extensions>
			</trkpt>
			<trkpt lat="47.0081154658" lon="8.8269012217">
				<ele>1819.5</ele>
				<extensions>
					<swisstopo:routepoint_id>68442283</swisstopo:routepoint_id>
				</extensions>
			</trkpt>
			<trkpt lat="47.0081502492" lon="8.8269293203">
				<ele>1819.4</ele>
				<extensions>
					<swisstopo:routepoint_id>724477939</swisstopo:routepoint_id>
				</extensions>
			</trkpt>
			<trkpt lat="47.0081964284" lon="8.8269561882">
				<ele>1819.6</ele>
				<extensions>
					<swisstopo:routepoint_id>1568458752</swisstopo:routepoint_id>
				</extensions>
			</trkpt>
			<trkpt lat="47.0082386345" lon="8.8269693671">
				<ele>1820.0</ele>
				<extensions>
					<swisstopo:routepoint_id>292566105</swisstopo:routepoint_id>
				</extensions>
			</trkpt>
			<trkpt lat="47.0082757333" lon="8.8269763638">
				<ele>1820.3</ele>
				<extensions>
					<swisstopo:routepoint_id>26977546</swisstopo:routepoint_id>
				</extensions>
			</trkpt>
			<trkpt lat="47.0083169416" lon="8.8269865054">
				<ele>1820.8</ele>
				<extensions>
					<swisstopo:routepoint_id>1851307047</swisstopo:routepoint_id>
				</extensions>
			</trkpt>
			<trkpt lat="47.0083385165" lon="8.8269976248">
				<ele>1821.1</ele>
				<extensions>
					<swisstopo:routepoint_id>95556708</swisstopo:routepoint_id>
				</extensions>
			</trkpt>
			<trkpt lat="47.0083567604" lon="8.8270297146">
				<ele>1821.0</ele>
				<extensions>
					<swisstopo:routepoint_id>1025640911</swisstopo:routepoint_id>
				</extensions>
			</trkpt>
			<trkpt lat="47.0083633871" lon="8.8270992372">
				<ele>1819.4</ele>
				<extensions>
					<swisstopo:routepoint_id>2026671254</swisstopo:routepoint_id>
				</extensions>
			</trkpt>
			<trkpt lat="47.0083790720" lon="8.8271353906">
				<ele>1818.7</ele>
				<extensions>
					<swisstopo:routepoint_id>1554736729</swisstopo:routepoint_id>
				</extensions>
			</trkpt>
			<trkpt lat="47.0084111177" lon="8.8271502927">
				<ele>1818.1</ele>
				<extensions>
					<swisstopo:routepoint_id>1440096117</swisstopo:routepoint_id>
				</extensions>
			</trkpt>
			<trkpt lat="47.0084581697" lon="8.8271518392">
				<ele>1817.8</ele>
				<extensions>
					<swisstopo:routepoint_id>135397470</swisstopo:routepoint_id>
				</extensions>
			</trkpt>
			<trkpt lat="47.0084866182" lon="8.8271547721">
				<ele>1817.7</ele>
				<extensions>
					<swisstopo:routepoint_id>492190302</swisstopo:routepoint_id>
				</extensions>
			</trkpt>
			<trkpt lat="47.0085010233" lon="8.8271948380">
				<ele>1817.2</ele>
				<extensions>
					<swisstopo:routepoint_id>1581988887</swisstopo:routepoint_id>
				</extensions>
			</trkpt>
			<trkpt lat="47.0085103144" lon="8.8272485946">
				<ele>1816.8</ele>
				<extensions>
					<swisstopo:routepoint_id>1903914341</swisstopo:routepoint_id>
				</extensions>
			</trkpt>
			<trkpt lat="47.0085432898" lon="8.8272892861">
				<ele>1816.2</ele>
				<extensions>
					<swisstopo:routepoint_id>552860009</swisstopo:routepoint_id>
				</extensions>
			</trkpt>
			<trkpt lat="47.0085716846" lon="8.8272981360">
				<ele>1816.2</ele>
				<extensions>
					<swisstopo:routepoint_id>403157242</swisstopo:routepoint_id>
				</extensions>
			</trkpt>
			<trkpt lat="47.0086077292" lon="8.8272874291">
				<ele>1816.6</ele>
				<extensions>
					<swisstopo:routepoint_id>2119141991</swisstopo:routepoint_id>
				</extensions>
			</trkpt>
			<trkpt lat="47.0086725955" lon="8.8272479946">
				<ele>1816.7</ele>
				<extensions>
					<swisstopo:routepoint_id>213762825</swisstopo:routepoint_id>
				</extensions>
			</trkpt>
			<trkpt lat="47.0087470795" lon="8.8272174758">
				<ele>1816.7</ele>
				<extensions>
					<swisstopo:routepoint_id>112325334</swisstopo:routepoint_id>
				</extensions>
			</trkpt>
			<trkpt lat="47.0088222923" lon="8.8271988786">
				<ele>1816.7</ele>
				<extensions>
					<swisstopo:routepoint_id>632100549</swisstopo:routepoint_id>
				</extensions>
			</trkpt>
			<trkpt lat="47.0089153730" lon="8.8271787712">
				<ele>1814.9</ele>
				<extensions>
					<swisstopo:routepoint_id>809991726</swisstopo:routepoint_id>
				</extensions>
			</trkpt>
			<trkpt lat="47.0089988114" lon="8.8271688572">
				<ele>1812.5</ele>
				<extensions>
					<swisstopo:routepoint_id>1332977890</swisstopo:routepoint_id>
				</extensions>
			</trkpt>
			<trkpt lat="47.0091185157" lon="8.8272169623">
				<ele>1810.4</ele>
				<extensions>
					<swisstopo:routepoint_id>2083293054</swisstopo:routepoint_id>
				</extensions>
			</trkpt>
			<trkpt lat="47.0091962209" lon="8.8271879341">
				<ele>1808.7</ele>
				<extensions>
					<swisstopo:routepoint_id>787717766</swisstopo:routepoint_id>
				</extensions>
			</trkpt>
			<trkpt lat="47.0092486044" lon="8.8271875274">
				<ele>1807.4</ele>
				<extensions>
					<swisstopo:routepoint_id>1288511502</swisstopo:routepoint_id>
				</extensions>
			</trkpt>
			<trkpt lat="47.0092983380" lon="8.8271049947">
				<ele>1806.6</ele>
				<extensions>
					<swisstopo:routepoint_id>452010363</swisstopo:routepoint_id>
				</extensions>
			</trkpt>
			<trkpt lat="47.0093594129" lon="8.8270733262">
				<ele>1806.3</ele>
				<extensions>
					<swisstopo:routepoint_id>492848006</swisstopo:routepoint_id>
				</extensions>
			</trkpt>
			<trkpt lat="47.0094173054" lon="8.8270912911">
				<ele>1806.3</ele>
				<extensions>
					<swisstopo:routepoint_id>340800365</swisstopo:routepoint_id>
				</extensions>
			</trkpt>
			<trkpt lat="47.0094532736" lon="8.8271151468">
				<ele>1805.8</ele>
				<extensions>
					<swisstopo:routepoint_id>958446816</swisstopo:routepoint_id>
				</extensions>
			</trkpt>
			<trkpt lat="47.0094815205" lon="8.8271287672">
				<ele>1804.9</ele>
				<extensions>
					<swisstopo:routepoint_id>1491297679</swisstopo:routepoint_id>
				</extensions>
			</trkpt>
			<trkpt lat="47.0095197268" lon="8.8271297561">
				<ele>1803.3</ele>
				<extensions>
					<swisstopo:routepoint_id>2122017744</swisstopo:routepoint_id>
				</extensions>
			</trkpt>
			<trkpt lat="47.0095599802" lon="8.8271236298">
				<ele>1801.8</ele>
				<extensions>
					<swisstopo:routepoint_id>340897299</swisstopo:routepoint_id>
				</extensions>
			</trkpt>
			<trkpt lat="47.0095862317" lon="8.8271400789">
				<ele>1800.6</ele>
				<extensions>
					<swisstopo:routepoint_id>1609834436</swisstopo:routepoint_id>
				</extensions>
			</trkpt>
			<trkpt lat="47.0096397679" lon="8.8271701104">
				<ele>1798.9</ele>
				<extensions>
					<swisstopo:routepoint_id>663749622</swisstopo:routepoint_id>
				</extensions>
			</trkpt>
			<trkpt lat="47.0096736889" lon="8.8272010679">
				<ele>1798.1</ele>
				<extensions>
					<swisstopo:routepoint_id>825070843</swisstopo:routepoint_id>
				</extensions>
			</trkpt>
			<trkpt lat="47.0097015808" lon="8.8272447722">
				<ele>1797.3</ele>
				<extensions>
					<swisstopo:routepoint_id>283322206</swisstopo:routepoint_id>
				</extensions>
			</trkpt>
			<trkpt lat="47.0097303233" lon="8.8272985204">
				<ele>1796.0</ele>
				<extensions>
					<swisstopo:routepoint_id>1917764347</swisstopo:routepoint_id>
				</extensions>
			</trkpt>
			<trkpt lat="47.0098009054" lon="8.8272960467">
				<ele>1795.4</ele>
				<extensions>
					<swisstopo:routepoint_id>1432706873</swisstopo:routepoint_id>
				</extensions>
			</trkpt>
			<trkpt lat="47.0098598193" lon="8.8272861027">
				<ele>1795.4</ele>
				<extensions>
					<swisstopo:routepoint_id>1213419255</swisstopo:routepoint_id>
				</extensions>
			</trkpt>
			<trkpt lat="47.0099195230" lon="8.8272919491">
				<ele>1793.9</ele>
				<extensions>
					<swisstopo:routepoint_id>1977745303</swisstopo:routepoint_id>
				</extensions>
			</trkpt>
			<trkpt lat="47.0099811525" lon="8.8273007124">
				<ele>1793.4</ele>
				<extensions>
					<swisstopo:routepoint_id>786944847</swisstopo:routepoint_id>
				</extensions>
			</trkpt>
			<trkpt lat="47.0100368652" lon="8.8273121766">
				<ele>1793.0</ele>
				<extensions>
					<swisstopo:routepoint_id>1431617405</swisstopo:routepoint_id>
				</extensions>
			</trkpt>
			<trkpt lat="47.0100698752" lon="8.8273373897">
				<ele>1792.2</ele>
				<extensions>
					<swisstopo:routepoint_id>1171637364</swisstopo:routepoint_id>
				</extensions>
			</trkpt>
			<trkpt lat="47.0101003794" lon="8.8274083744">
				<ele>1792.0</ele>
				<extensions>
					<swisstopo:routepoint_id>1678625829</swisstopo:routepoint_id>
				</extensions>
			</trkpt>
			<trkpt lat="47.0101199263" lon="8.8274933988">
				<ele>1791.1</ele>
				<extensions>
					<swisstopo:routepoint_id>1052950787</swisstopo:routepoint_id>
				</extensions>
			</trkpt>
			<trkpt lat="47.0101385103" lon="8.8275769645">
				<ele>1790.4</ele>
				<extensions>
					<swisstopo:routepoint_id>747791233</swisstopo:routepoint_id>
				</extensions>
			</trkpt>
			<trkpt lat="47.0101599829" lon="8.8276649059">
				<ele>1790.1</ele>
				<extensions>
					<swisstopo:routepoint_id>1931080392</swisstopo:routepoint_id>
				</extensions>
			</trkpt>
			<trkpt lat="47.0102025539" lon="8.8277104114">
				<ele>1789.9</ele>
				<extensions>
					<swisstopo:routepoint_id>592726854</swisstopo:routepoint_id>
				</extensions>
			</trkpt>
			<trkpt lat="47.0102522640" lon="8.8277495386">
				<ele>1789.0</ele>
				<extensions>
					<swisstopo:routepoint_id>780984874</swisstopo:routepoint_id>
				</extensions>
			</trkpt>
			<trkpt lat="47.0103085214" lon="8.8277963189">
				<ele>1787.9</ele>
				<extensions>
					<swisstopo:routepoint_id>616552007</swisstopo:routepoint_id>
				</extensions>
			</trkpt>
			<trkpt lat="47.0103605501" lon="8.8278520391">
				<ele>1786.4</ele>
				<extensions>
					<swisstopo:routepoint_id>981973486</swisstopo:routepoint_id>
				</extensions>
			</trkpt>
			<trkpt lat="47.0104146657" lon="8.8279048016">
				<ele>1785.1</ele>
				<extensions>
					<swisstopo:routepoint_id>2098732723</swisstopo:routepoint_id>
				</extensions>
			</trkpt>
			<trkpt lat="47.0104607350" lon="8.8279407305">
				<ele>1783.3</ele>
				<extensions>
					<swisstopo:routepoint_id>2063150455</swisstopo:routepoint_id>
				</extensions>
			</trkpt>
			<trkpt lat="47.0104795466" lon="8.8280076912">
				<ele>1783.4</ele>
				<extensions>
					<swisstopo:routepoint_id>2018555502</swisstopo:routepoint_id>
				</extensions>
			</trkpt>
			<trkpt lat="47.0105093044" lon="8.8280250606">
				<ele>1781.8</ele>
				<extensions>
					<swisstopo:routepoint_id>1578118736</swisstopo:routepoint_id>
				</extensions>
			</trkpt>
			<trkpt lat="47.0105607005" lon="8.8280475542">
				<ele>1778.4</ele>
				<extensions>
					<swisstopo:routepoint_id>553990583</swisstopo:routepoint_id>
				</extensions>
			</trkpt>
			<trkpt lat="47.0105985686" lon="8.8280772210">
				<ele>1776.6</ele>
				<extensions>
					<swisstopo:routepoint_id>468832718</swisstopo:routepoint_id>
				</extensions>
			</trkpt>
			<trkpt lat="47.0106457633" lon="8.8281041304">
				<ele>1775.4</ele>
				<extensions>
					<swisstopo:routepoint_id>950276951</swisstopo:routepoint_id>
				</extensions>
			</trkpt>
			<trkpt lat="47.0106939197" lon="8.8281386015">
				<ele>1773.0</ele>
				<extensions>
					<swisstopo:routepoint_id>1281621423</swisstopo:routepoint_id>
				</extensions>
			</trkpt>
			<trkpt lat="47.0107259928" lon="8.8281349074">
				<ele>1771.2</ele>
				<extensions>
					<swisstopo:routepoint_id>1527987807</swisstopo:routepoint_id>
				</extensions>
			</trkpt>
			<trkpt lat="47.0107628811" lon="8.8281600379">
				<ele>1769.1</ele>
				<extensions>
					<swisstopo:routepoint_id>2140930356</swisstopo:routepoint_id>
				</extensions>
			</trkpt>
			<trkpt lat="47.0108101034" lon="8.8281854222">
				<ele>1766.4</ele>
				<extensions>
					<swisstopo:routepoint_id>570123489</swisstopo:routepoint_id>
				</extensions>
			</trkpt>
			<trkpt lat="47.0108417379" lon="8.8282179660">
				<ele>1763.9</ele>
				<extensions>
					<swisstopo:routepoint_id>300811961</swisstopo:routepoint_id>
				</extensions>
			</trkpt>
			<trkpt lat="47.0108833595" lon="8.8282794547">
				<ele>1761.0</ele>
				<extensions>
					<swisstopo:routepoint_id>564136438</swisstopo:routepoint_id>
				</extensions>
			</trkpt>
			<trkpt lat="47.0109166237" lon="8.8283483028">
				<ele>1758.7</ele>
				<extensions>
					<swisstopo:routepoint_id>242674813</swisstopo:routepoint_id>
				</extensions>
			</trkpt>
			<trkpt lat="47.0109574117" lon="8.8283931581">
				<ele>1757.7</ele>
				<extensions>
					<swisstopo:routepoint_id>2080928265</swisstopo:routepoint_id>
				</extensions>
			</trkpt>
			<trkpt lat="47.0109924506" lon="8.8284001163">
				<ele>1757.7</ele>
				<extensions>
					<swisstopo:routepoint_id>1200936053</swisstopo:routepoint_id>
				</extensions>
			</trkpt>
			<trkpt lat="47.0110477190" lon="8.8284438340">
				<ele>1756.2</ele>
				<extensions>
					<swisstopo:routepoint_id>1006029612</swisstopo:routepoint_id>
				</extensions>
			</trkpt>
			<trkpt lat="47.0111071340" lon="8.8284861602">
				<ele>1755.2</ele>
				<extensions>
					<swisstopo:routepoint_id>65351947</swisstopo:routepoint_id>
				</extensions>
			</trkpt>
			<trkpt lat="47.0111648732" lon="8.8284967184">
				<ele>1754.4</ele>
				<extensions>
					<swisstopo:routepoint_id>2093439485</swisstopo:routepoint_id>
				</extensions>
			</trkpt>
			<trkpt lat="47.0112190691" lon="8.8284573354">
				<ele>1754.3</ele>
				<extensions>
					<swisstopo:routepoint_id>1782176942</swisstopo:routepoint_id>
				</extensions>
			</trkpt>
			<trkpt lat="47.0112762768" lon="8.8284255934">
				<ele>1753.7</ele>
				<extensions>
					<swisstopo:routepoint_id>1966024012</swisstopo:routepoint_id>
				</extensions>
			</trkpt>
			<trkpt lat="47.0113397636" lon="8.8283879505">
				<ele>1752.1</ele>
				<extensions>
					<swisstopo:routepoint_id>205704005</swisstopo:routepoint_id>
				</extensions>
			</trkpt>
			<trkpt lat="47.0113833691" lon="8.8283709686">
				<ele>1751.5</ele>
				<extensions>
					<swisstopo:routepoint_id>60448948</swisstopo:routepoint_id>
				</extensions>
			</trkpt>
			<trkpt lat="47.0114250347" lon="8.8283433353">
				<ele>1751.1</ele>
				<extensions>
					<swisstopo:routepoint_id>1665399078</swisstopo:routepoint_id>
				</extensions>
			</trkpt>
			<trkpt lat="47.0114754497" lon="8.8282751678">
				<ele>1750.2</ele>
				<extensions>
					<swisstopo:routepoint_id>342658955</swisstopo:routepoint_id>
				</extensions>
			</trkpt>
			<trkpt lat="47.0115437041" lon="8.8281847865">
				<ele>1749.1</ele>
				<extensions>
					<swisstopo:routepoint_id>994351187</swisstopo:routepoint_id>
				</extensions>
			</trkpt>
			<trkpt lat="47.0115775241" lon="8.8281222262">
				<ele>1748.2</ele>
				<extensions>
					<swisstopo:routepoint_id>970879699</swisstopo:routepoint_id>
				</extensions>
			</trkpt>
			<trkpt lat="47.0116088737" lon="8.8280928259">
				<ele>1747.9</ele>
				<extensions>
					<swisstopo:routepoint_id>17179371</swisstopo:routepoint_id>
				</extensions>
			</trkpt>
			<trkpt lat="47.0116992890" lon="8.8280498558">
				<ele>1745.9</ele>
				<extensions>
					<swisstopo:routepoint_id>956255417</swisstopo:routepoint_id>
				</extensions>
			</trkpt>
			<trkpt lat="47.0117246246" lon="8.8280051737">
				<ele>1744.9</ele>
				<extensions>
					<swisstopo:routepoint_id>323195240</swisstopo:routepoint_id>
				</extensions>
			</trkpt>
			<trkpt lat="47.0117620884" lon="8.8279834947">
				<ele>1744.3</ele>
				<extensions>
					<swisstopo:routepoint_id>2067389100</swisstopo:routepoint_id>
				</extensions>
			</trkpt>
			<trkpt lat="47.0118057125" lon="8.8279649869">
				<ele>1743.6</ele>
				<extensions>
					<swisstopo:routepoint_id>1369468057</swisstopo:routepoint_id>
				</extensions>
			</trkpt>
			<trkpt lat="47.0118258581" lon="8.8279217092">
				<ele>1742.6</ele>
				<extensions>
					<swisstopo:routepoint_id>873155544</swisstopo:routepoint_id>
				</extensions>
			</trkpt>
			<trkpt lat="47.0118936578" lon="8.8278755750">
				<ele>1741.0</ele>
				<extensions>
					<swisstopo:routepoint_id>1157165768</swisstopo:routepoint_id>
				</extensions>
			</trkpt>
			<trkpt lat="47.0119236683" lon="8.8278862038">
				<ele>1740.2</ele>
				<extensions>
					<swisstopo:routepoint_id>1506770056</swisstopo:routepoint_id>
				</extensions>
			</trkpt>
			<trkpt lat="47.0119529271" lon="8.8278994567">
				<ele>1739.3</ele>
				<extensions>
					<swisstopo:routepoint_id>1499891106</swisstopo:routepoint_id>
				</extensions>
			</trkpt>
			<trkpt lat="47.0119850205" lon="8.8279141643">
				<ele>1738.6</ele>
				<extensions>
					<swisstopo:routepoint_id>572513038</swisstopo:routepoint_id>
				</extensions>
			</trkpt>
			<trkpt lat="47.0120243431" lon="8.8279581932">
				<ele>1737.8</ele>
				<extensions>
					<swisstopo:routepoint_id>310522864</swisstopo:routepoint_id>
				</extensions>
			</trkpt>
			<trkpt lat="47.0120581831" lon="8.8279854282">
				<ele>1737.0</ele>
				<extensions>
					<swisstopo:routepoint_id>1769037997</swisstopo:routepoint_id>
				</extensions>
			</trkpt>
			<trkpt lat="47.0121190521" lon="8.8279745222">
				<ele>1735.0</ele>
				<extensions>
					<swisstopo:routepoint_id>1026123801</swisstopo:routepoint_id>
				</extensions>
			</trkpt>
			<trkpt lat="47.0121801056" lon="8.8279483504">
				<ele>1733.0</ele>
				<extensions>
					<swisstopo:routepoint_id>1436998109</swisstopo:routepoint_id>
				</extensions>
			</trkpt>
			<trkpt lat="47.0122306590" lon="8.8279274573">
				<ele>1730.6</ele>
				<extensions>
					<swisstopo:routepoint_id>1501675779</swisstopo:routepoint_id>
				</extensions>
			</trkpt>
			<trkpt lat="47.0122778077" lon="8.8279522616">
				<ele>1729.6</ele>
				<extensions>
					<swisstopo:routepoint_id>1372756500</swisstopo:routepoint_id>
				</extensions>
			</trkpt>
			<trkpt lat="47.0123198515" lon="8.8279297670">
				<ele>1727.9</ele>
				<extensions>
					<swisstopo:routepoint_id>92717225</swisstopo:routepoint_id>
				</extensions>
			</trkpt>
			<trkpt lat="47.0123759045" lon="8.8279242870">
				<ele>1726.6</ele>
				<extensions>
					<swisstopo:routepoint_id>919589012</swisstopo:routepoint_id>
				</extensions>
			</trkpt>
			<trkpt lat="47.0124421309" lon="8.8279412597">
				<ele>1725.8</ele>
				<extensions>
					<swisstopo:routepoint_id>1255042778</swisstopo:routepoint_id>
				</extensions>
			</trkpt>
			<trkpt lat="47.0124943382" lon="8.8279398365">
				<ele>1724.7</ele>
				<extensions>
					<swisstopo:routepoint_id>1563123847</swisstopo:routepoint_id>
				</extensions>
			</trkpt>
			<trkpt lat="47.0125474741" lon="8.8279412127">
				<ele>1723.7</ele>
				<extensions>
					<swisstopo:routepoint_id>554884103</swisstopo:routepoint_id>
				</extensions>
			</trkpt>
			<trkpt lat="47.0126072476" lon="8.8279427606">
				<ele>1722.8</ele>
				<extensions>
					<swisstopo:routepoint_id>407373877</swisstopo:routepoint_id>
				</extensions>
			</trkpt>
			<trkpt lat="47.0126629907" lon="8.8279636315">
				<ele>1721.6</ele>
				<extensions>
					<swisstopo:routepoint_id>245859815</swisstopo:routepoint_id>
				</extensions>
			</trkpt>
			<trkpt lat="47.0127028505" lon="8.8279632694">
				<ele>1720.6</ele>
				<extensions>
					<swisstopo:routepoint_id>2060101428</swisstopo:routepoint_id>
				</extensions>
			</trkpt>
			<trkpt lat="47.0127901530" lon="8.8279641493">
				<ele>1718.4</ele>
				<extensions>
					<swisstopo:routepoint_id>1407032935</swisstopo:routepoint_id>
				</extensions>
			</trkpt>
			<trkpt lat="47.0128498929" lon="8.8279684718">
				<ele>1716.9</ele>
				<extensions>
					<swisstopo:routepoint_id>1372112003</swisstopo:routepoint_id>
				</extensions>
			</trkpt>
			<trkpt lat="47.0129046413" lon="8.8279934734">
				<ele>1715.4</ele>
				<extensions>
					<swisstopo:routepoint_id>1758112668</swisstopo:routepoint_id>
				</extensions>
			</trkpt>
			<trkpt lat="47.0129520583" lon="8.8279960956">
				<ele>1714.5</ele>
				<extensions>
					<swisstopo:routepoint_id>1809883768</swisstopo:routepoint_id>
				</extensions>
			</trkpt>
			<trkpt lat="47.0130041740" lon="8.8280029830">
				<ele>1713.5</ele>
				<extensions>
					<swisstopo:routepoint_id>679860944</swisstopo:routepoint_id>
				</extensions>
			</trkpt>
			<trkpt lat="47.0130401880" lon="8.8280066912">
				<ele>1712.8</ele>
				<extensions>
					<swisstopo:routepoint_id>2102803489</swisstopo:routepoint_id>
				</extensions>
			</trkpt>
			<trkpt lat="47.0130529885" lon="8.8279681810">
				<ele>1711.8</ele>
				<extensions>
					<swisstopo:routepoint_id>1844914125</swisstopo:routepoint_id>
				</extensions>
			</trkpt>
			<trkpt lat="47.0130899984" lon="8.8279691394">
				<ele>1710.9</ele>
				<extensions>
					<swisstopo:routepoint_id>642553263</swisstopo:routepoint_id>
				</extensions>
			</trkpt>
			<trkpt lat="47.0131181027" lon="8.8279990017">
				<ele>1710.6</ele>
				<extensions>
					<swisstopo:routepoint_id>1194717359</swisstopo:routepoint_id>
				</extensions>
			</trkpt>
			<trkpt lat="47.0131371469" lon="8.8279939445">
				<ele>1710.5</ele>
				<extensions>
					<swisstopo:routepoint_id>636509238</swisstopo:routepoint_id>
				</extensions>
			</trkpt>
			<trkpt lat="47.0131750674" lon="8.8279977149">
				<ele>1710.0</ele>
				<extensions>
					<swisstopo:routepoint_id>71463073</swisstopo:routepoint_id>
				</extensions>
			</trkpt>
			<trkpt lat="47.0132128192" lon="8.8280139508">
				<ele>1709.0</ele>
				<extensions>
					<swisstopo:routepoint_id>535373829</swisstopo:routepoint_id>
				</extensions>
			</trkpt>
			<trkpt lat="47.0132488590" lon="8.8280162651">
				<ele>1708.1</ele>
				<extensions>
					<swisstopo:routepoint_id>500391583</swisstopo:routepoint_id>
				</extensions>
			</trkpt>
			<trkpt lat="47.0133031496" lon="8.8280010322">
				<ele>1706.7</ele>
				<extensions>
					<swisstopo:routepoint_id>94070825</swisstopo:routepoint_id>
				</extensions>
			</trkpt>
			<trkpt lat="47.0133464860" lon="8.8280271197">
				<ele>1706.2</ele>
				<extensions>
					<swisstopo:routepoint_id>331576970</swisstopo:routepoint_id>
				</extensions>
			</trkpt>
			<trkpt lat="47.0133789318" lon="8.8280126890">
				<ele>1706.1</ele>
				<extensions>
					<swisstopo:routepoint_id>1530742290</swisstopo:routepoint_id>
				</extensions>
			</trkpt>
			<trkpt lat="47.0134328980" lon="8.8279447157">
				<ele>1704.5</ele>
				<extensions>
					<swisstopo:routepoint_id>1048342154</swisstopo:routepoint_id>
				</extensions>
			</trkpt>
			<trkpt lat="47.0134615226" lon="8.8279315801">
				<ele>1703.9</ele>
				<extensions>
					<swisstopo:routepoint_id>565458647</swisstopo:routepoint_id>
				</extensions>
			</trkpt>
			<trkpt lat="47.0134926792" lon="8.8279448829">
				<ele>1703.1</ele>
				<extensions>
					<swisstopo:routepoint_id>36960090</swisstopo:routepoint_id>
				</extensions>
			</trkpt>
			<trkpt lat="47.0135354158" lon="8.8279432142">
				<ele>1702.1</ele>
				<extensions>
					<swisstopo:routepoint_id>611013492</swisstopo:routepoint_id>
				</extensions>
			</trkpt>
			<trkpt lat="47.0136418466" lon="8.8279320936">
				<ele>1700.0</ele>
				<extensions>
					<swisstopo:routepoint_id>182751986</swisstopo:routepoint_id>
				</extensions>
			</trkpt>
			<trkpt lat="47.0136979500" lon="8.8279224452">
				<ele>1698.7</ele>
				<extensions>
					<swisstopo:routepoint_id>1866138003</swisstopo:routepoint_id>
				</extensions>
			</trkpt>
			<trkpt lat="47.0137282203" lon="8.8279301744">
				<ele>1698.1</ele>
				<extensions>
					<swisstopo:routepoint_id>1826245161</swisstopo:routepoint_id>
				</extensions>
			</trkpt>
			<trkpt lat="47.0137817134" lon="8.8279801089">
				<ele>1697.2</ele>
				<extensions>
					<swisstopo:routepoint_id>1338277056</swisstopo:routepoint_id>
				</extensions>
			</trkpt>
			<trkpt lat="47.0138351984" lon="8.8280314510">
				<ele>1696.6</ele>
				<extensions>
					<swisstopo:routepoint_id>1952070325</swisstopo:routepoint_id>
				</extensions>
			</trkpt>
			<trkpt lat="47.0138643904" lon="8.8280502405">
				<ele>1696.2</ele>
				<extensions>
					<swisstopo:routepoint_id>1545404849</swisstopo:routepoint_id>
				</extensions>
			</trkpt>
			<trkpt lat="47.0139005219" lon="8.8280442575">
				<ele>1695.2</ele>
				<extensions>
					<swisstopo:routepoint_id>2030152055</swisstopo:routepoint_id>
				</extensions>
			</trkpt>
			<trkpt lat="47.0139307088" lon="8.8280588899">
				<ele>1694.6</ele>
				<extensions>
					<swisstopo:routepoint_id>346130533</swisstopo:routepoint_id>
				</extensions>
			</trkpt>
			<trkpt lat="47.0139895282" lon="8.8280604133">
				<ele>1693.2</ele>
				<extensions>
					<swisstopo:routepoint_id>466903753</swisstopo:routepoint_id>
				</extensions>
			</trkpt>
			<trkpt lat="47.0140176584" lon="8.8280888973">
				<ele>1693.0</ele>
				<extensions>
					<swisstopo:routepoint_id>1213617337</swisstopo:routepoint_id>
				</extensions>
			</trkpt>
			<trkpt lat="47.0140659281" lon="8.8280998680">
				<ele>1691.8</ele>
				<extensions>
					<swisstopo:routepoint_id>1734081882</swisstopo:routepoint_id>
				</extensions>
			</trkpt>
			<trkpt lat="47.0141162559" lon="8.8280983937">
				<ele>1690.6</ele>
				<extensions>
					<swisstopo:routepoint_id>380100580</swisstopo:routepoint_id>
				</extensions>
			</trkpt>
			<trkpt lat="47.0141627865" lon="8.8280954434">
				<ele>1690.0</ele>
				<extensions>
					<swisstopo:routepoint_id>578835070</swisstopo:routepoint_id>
				</extensions>
			</trkpt>
			<trkpt lat="47.0142057654" lon="8.8280729598">
				<ele>1689.8</ele>
				<extensions>
					<swisstopo:routepoint_id>958588752</swisstopo:routepoint_id>
				</extensions>
			</trkpt>
			<trkpt lat="47.0142569447" lon="8.8280784538">
				<ele>1689.2</ele>
				<extensions>
					<swisstopo:routepoint_id>1802936446</swisstopo:routepoint_id>
				</extensions>
			</trkpt>
			<trkpt lat="47.0142997557" lon="8.8280698549">
				<ele>1689.1</ele>
				<extensions>
					<swisstopo:routepoint_id>2130213769</swisstopo:routepoint_id>
				</extensions>
			</trkpt>
			<trkpt lat="47.0143434874" lon="8.8280640448">
				<ele>1688.9</ele>
				<extensions>
					<swisstopo:routepoint_id>331314799</swisstopo:routepoint_id>
				</extensions>
			</trkpt>
			<trkpt lat="47.0144040035" lon="8.8280822628">
				<ele>1688.0</ele>
				<extensions>
					<swisstopo:routepoint_id>951163181</swisstopo:routepoint_id>
				</extensions>
			</trkpt>
			<trkpt lat="47.0144627233" lon="8.8280921107">
				<ele>1687.5</ele>
				<extensions>
					<swisstopo:routepoint_id>2079181595</swisstopo:routepoint_id>
				</extensions>
			</trkpt>
			<trkpt lat="47.0145024749" lon="8.8281014544">
				<ele>1687.0</ele>
				<extensions>
					<swisstopo:routepoint_id>384593174</swisstopo:routepoint_id>
				</extensions>
			</trkpt>
			<trkpt lat="47.0145598377" lon="8.8281445688">
				<ele>1686.2</ele>
				<extensions>
					<swisstopo:routepoint_id>1525890064</swisstopo:routepoint_id>
				</extensions>
			</trkpt>
			<trkpt lat="47.0146054160" lon="8.8281429747">
				<ele>1685.0</ele>
				<extensions>
					<swisstopo:routepoint_id>53883293</swisstopo:routepoint_id>
				</extensions>
			</trkpt>
			<trkpt lat="47.0146405624" lon="8.8281411106">
				<ele>1684.6</ele>
				<extensions>
					<swisstopo:routepoint_id>924569855</swisstopo:routepoint_id>
				</extensions>
			</trkpt>
			<trkpt lat="47.0147071830" lon="8.8281248011">
				<ele>1683.3</ele>
				<extensions>
					<swisstopo:routepoint_id>1243415716</swisstopo:routepoint_id>
				</extensions>
			</trkpt>
			<trkpt lat="47.0147917434" lon="8.8281172837">
				<ele>1681.6</ele>
				<extensions>
					<swisstopo:routepoint_id>1355491756</swisstopo:routepoint_id>
				</extensions>
			</trkpt>
			<trkpt lat="47.0149018774" lon="8.8281132063">
				<ele>1679.6</ele>
				<extensions>
					<swisstopo:routepoint_id>1155277869</swisstopo:routepoint_id>
				</extensions>
			</trkpt>
			<trkpt lat="47.0149647559" lon="8.8281066019">
				<ele>1678.9</ele>
				<extensions>
					<swisstopo:routepoint_id>1091818132</swisstopo:routepoint_id>
				</extensions>
			</trkpt>
			<trkpt lat="47.0150212398" lon="8.8280997305">
				<ele>1678.0</ele>
				<extensions>
					<swisstopo:routepoint_id>1267574796</swisstopo:routepoint_id>
				</extensions>
			</trkpt>
			<trkpt lat="47.0151210400" lon="8.8280870577">
				<ele>1676.4</ele>
				<extensions>
					<swisstopo:routepoint_id>218567538</swisstopo:routepoint_id>
				</extensions>
			</trkpt>
			<trkpt lat="47.0151970221" lon="8.8280820919">
				<ele>1675.4</ele>
				<extensions>
					<swisstopo:routepoint_id>1527669010</swisstopo:routepoint_id>
				</extensions>
			</trkpt>
			<trkpt lat="47.0152548976" lon="8.8280835907">
				<ele>1674.0</ele>
				<extensions>
					<swisstopo:routepoint_id>741558593</swisstopo:routepoint_id>
				</extensions>
			</trkpt>
			<trkpt lat="47.0152931279" lon="8.8280609834">
				<ele>1673.2</ele>
				<extensions>
					<swisstopo:routepoint_id>246135245</swisstopo:routepoint_id>
				</extensions>
			</trkpt>
			<trkpt lat="47.0153433947" lon="8.8280636789">
				<ele>1672.8</ele>
				<extensions>
					<swisstopo:routepoint_id>1101163813</swisstopo:routepoint_id>
				</extensions>
			</trkpt>
			<trkpt lat="47.0154178658" lon="8.8280267656">
				<ele>1672.2</ele>
				<extensions>
					<swisstopo:routepoint_id>1890725096</swisstopo:routepoint_id>
				</extensions>
			</trkpt>
			<trkpt lat="47.0154636196" lon="8.8280099023">
				<ele>1671.9</ele>
				<extensions>
					<swisstopo:routepoint_id>290668682</swisstopo:routepoint_id>
				</extensions>
			</trkpt>
			<trkpt lat="47.0155296398" lon="8.8279658236">
				<ele>1670.1</ele>
				<extensions>
					<swisstopo:routepoint_id>2013850207</swisstopo:routepoint_id>
				</extensions>
			</trkpt>
			<trkpt lat="47.0155532642" lon="8.8279747626">
				<ele>1669.4</ele>
				<extensions>
					<swisstopo:routepoint_id>1380453364</swisstopo:routepoint_id>
				</extensions>
			</trkpt>
			<trkpt lat="47.0155958744" lon="8.8279827961">
				<ele>1669.0</ele>
				<extensions>
					<swisstopo:routepoint_id>1420919772</swisstopo:routepoint_id>
				</extensions>
			</trkpt>
			<trkpt lat="47.0156576696" lon="8.8279732944">
				<ele>1667.3</ele>
				<extensions>
					<swisstopo:routepoint_id>1705856346</swisstopo:routepoint_id>
				</extensions>
			</trkpt>
			<trkpt lat="47.0157026470" lon="8.8279425473">
				<ele>1666.5</ele>
				<extensions>
					<swisstopo:routepoint_id>34344706</swisstopo:routepoint_id>
				</extensions>
			</trkpt>
			<trkpt lat="47.0157354285" lon="8.8279003824">
				<ele>1665.8</ele>
				<extensions>
					<swisstopo:routepoint_id>607691234</swisstopo:routepoint_id>
				</extensions>
			</trkpt>
			<trkpt lat="47.0157995673" lon="8.8278548737">
				<ele>1665.0</ele>
				<extensions>
					<swisstopo:routepoint_id>1487954707</swisstopo:routepoint_id>
				</extensions>
			</trkpt>
			<trkpt lat="47.0158472518" lon="8.8278352854">
				<ele>1663.4</ele>
				<extensions>
					<swisstopo:routepoint_id>1191317784</swisstopo:routepoint_id>
				</extensions>
			</trkpt>
			<trkpt lat="47.0158879133" lon="8.8278474403">
				<ele>1662.5</ele>
				<extensions>
					<swisstopo:routepoint_id>1197816566</swisstopo:routepoint_id>
				</extensions>
			</trkpt>
			<trkpt lat="47.0159222138" lon="8.8278358328">
				<ele>1661.7</ele>
				<extensions>
					<swisstopo:routepoint_id>1300291034</swisstopo:routepoint_id>
				</extensions>
			</trkpt>
			<trkpt lat="47.0159684846" lon="8.8278550918">
				<ele>1661.0</ele>
				<extensions>
					<swisstopo:routepoint_id>1066216686</swisstopo:routepoint_id>
				</extensions>
			</trkpt>
			<trkpt lat="47.0160073320" lon="8.8278602534">
				<ele>1659.8</ele>
				<extensions>
					<swisstopo:routepoint_id>471929751</swisstopo:routepoint_id>
				</extensions>
			</trkpt>
			<trkpt lat="47.0160605172" lon="8.8278574749">
				<ele>1658.4</ele>
				<extensions>
					<swisstopo:routepoint_id>1488457722</swisstopo:routepoint_id>
				</extensions>
			</trkpt>
			<trkpt lat="47.0161316671" lon="8.8278593171">
				<ele>1657.0</ele>
				<extensions>
					<swisstopo:routepoint_id>496998415</swisstopo:routepoint_id>
				</extensions>
			</trkpt>
			<trkpt lat="47.0161894922" lon="8.8278649700">
				<ele>1656.3</ele>
				<extensions>
					<swisstopo:routepoint_id>210599753</swisstopo:routepoint_id>
				</extensions>
			</trkpt>
			<trkpt lat="47.0162357456" lon="8.8278855840">
				<ele>1655.5</ele>
				<extensions>
					<swisstopo:routepoint_id>412336546</swisstopo:routepoint_id>
				</extensions>
			</trkpt>
			<trkpt lat="47.0162558269" lon="8.8278736211">
				<ele>1654.9</ele>
				<extensions>
					<swisstopo:routepoint_id>85121464</swisstopo:routepoint_id>
				</extensions>
			</trkpt>
			<trkpt lat="47.0163337407" lon="8.8278659302">
				<ele>1653.0</ele>
				<extensions>
					<swisstopo:routepoint_id>1922863481</swisstopo:routepoint_id>
				</extensions>
			</trkpt>
			<trkpt lat="47.0163410796" lon="8.8278869305">
				<ele>1652.4</ele>
				<extensions>
					<swisstopo:routepoint_id>1059098431</swisstopo:routepoint_id>
				</extensions>
			</trkpt>
			<trkpt lat="47.0163665000" lon="8.8279028464">
				<ele>1651.3</ele>
				<extensions>
					<swisstopo:routepoint_id>422353338</swisstopo:routepoint_id>
				</extensions>
			</trkpt>
			<trkpt lat="47.0164494818" lon="8.8278689272">
				<ele>1648.9</ele>
				<extensions>
					<swisstopo:routepoint_id>106332406</swisstopo:routepoint_id>
				</extensions>
			</trkpt>
			<trkpt lat="47.0164997493" lon="8.8278716097">
				<ele>1647.1</ele>
				<extensions>
					<swisstopo:routepoint_id>1910726292</swisstopo:routepoint_id>
				</extensions>
			</trkpt>
			<trkpt lat="47.0165662263" lon="8.8278677816">
				<ele>1645.5</ele>
				<extensions>
					<swisstopo:routepoint_id>1715724023</swisstopo:routepoint_id>
				</extensions>
			</trkpt>
			<trkpt lat="47.0165598241" lon="8.8278481864">
				<ele>1645.0</ele>
				<extensions>
					<swisstopo:routepoint_id>88776663</swisstopo:routepoint_id>
				</extensions>
			</trkpt>
			<trkpt lat="47.0165612216" lon="8.8278107576">
				<ele>1644.0</ele>
				<extensions>
					<swisstopo:routepoint_id>732145539</swisstopo:routepoint_id>
				</extensions>
			</trkpt>
			<trkpt lat="47.0166077490" lon="8.8277694102">
				<ele>1642.2</ele>
				<extensions>
					<swisstopo:routepoint_id>1668250053</swisstopo:routepoint_id>
				</extensions>
			</trkpt>
			<trkpt lat="47.0166920658" lon="8.8277031504">
				<ele>1638.9</ele>
				<extensions>
					<swisstopo:routepoint_id>478482003</swisstopo:routepoint_id>
				</extensions>
			</trkpt>
			<trkpt lat="47.0167582719" lon="8.8276697051">
				<ele>1636.9</ele>
				<extensions>
					<swisstopo:routepoint_id>778294840</swisstopo:routepoint_id>
				</extensions>
			</trkpt>
			<trkpt lat="47.0168459591" lon="8.8276386690">
				<ele>1634.4</ele>
				<extensions>
					<swisstopo:routepoint_id>342478400</swisstopo:routepoint_id>
				</extensions>
			</trkpt>
			<trkpt lat="47.0169267422" lon="8.8276555589">
				<ele>1632.8</ele>
				<extensions>
					<swisstopo:routepoint_id>1153173225</swisstopo:routepoint_id>
				</extensions>
			</trkpt>
			<trkpt lat="47.0170318251" lon="8.8276508738">
				<ele>1630.7</ele>
				<extensions>
					<swisstopo:routepoint_id>71493814</swisstopo:routepoint_id>
				</extensions>
			</trkpt>
			<trkpt lat="47.0170895226" lon="8.8276930797">
				<ele>1628.3</ele>
				<extensions>
					<swisstopo:routepoint_id>2138543779</swisstopo:routepoint_id>
				</extensions>
			</trkpt>
			<trkpt lat="47.0171610347" lon="8.8277430235">
				<ele>1626.7</ele>
				<extensions>
					<swisstopo:routepoint_id>878312230</swisstopo:routepoint_id>
				</extensions>
			</trkpt>
			<trkpt lat="47.0172141247" lon="8.8277481074">
				<ele>1626.3</ele>
				<extensions>
					<swisstopo:routepoint_id>1589678251</swisstopo:routepoint_id>
				</extensions>
			</trkpt>
			<trkpt lat="47.0172739631" lon="8.8277182159">
				<ele>1626.4</ele>
				<extensions>
					<swisstopo:routepoint_id>536741893</swisstopo:routepoint_id>
				</extensions>
			</trkpt>
			<trkpt lat="47.0173362749" lon="8.8276920753">
				<ele>1625.3</ele>
				<extensions>
					<swisstopo:routepoint_id>260050334</swisstopo:routepoint_id>
				</extensions>
			</trkpt>
			<trkpt lat="47.0173676509" lon="8.8277132230">
				<ele>1624.8</ele>
				<extensions>
					<swisstopo:routepoint_id>1875853363</swisstopo:routepoint_id>
				</extensions>
			</trkpt>
			<trkpt lat="47.0173957556" lon="8.8276917463">
				<ele>1623.9</ele>
				<extensions>
					<swisstopo:routepoint_id>2100319186</swisstopo:routepoint_id>
				</extensions>
			</trkpt>
			<trkpt lat="47.0174187961" lon="8.8276701510">
				<ele>1623.1</ele>
				<extensions>
					<swisstopo:routepoint_id>1165544039</swisstopo:routepoint_id>
				</extensions>
			</trkpt>
			<trkpt lat="47.0174668906" lon="8.8276695432">
				<ele>1622.2</ele>
				<extensions>
					<swisstopo:routepoint_id>160807995</swisstopo:routepoint_id>
				</extensions>
			</trkpt>
			<trkpt lat="47.0175303359" lon="8.8276545436">
				<ele>1621.0</ele>
				<extensions>
					<swisstopo:routepoint_id>1618256750</swisstopo:routepoint_id>
				</extensions>
			</trkpt>
			<trkpt lat="47.0175708167" lon="8.8276555917">
				<ele>1619.7</ele>
				<extensions>
					<swisstopo:routepoint_id>1930493318</swisstopo:routepoint_id>
				</extensions>
			</trkpt>
			<trkpt lat="47.0176464022" lon="8.8276834368">
				<ele>1618.6</ele>
				<extensions>
					<swisstopo:routepoint_id>1862536570</swisstopo:routepoint_id>
				</extensions>
			</trkpt>
			<trkpt lat="47.0176947199" lon="8.8276643394">
				<ele>1617.5</ele>
				<extensions>
					<swisstopo:routepoint_id>117406588</swisstopo:routepoint_id>
				</extensions>
			</trkpt>
			<trkpt lat="47.0177166715" lon="8.8276279044">
				<ele>1616.1</ele>
				<extensions>
					<swisstopo:routepoint_id>1649558594</swisstopo:routepoint_id>
				</extensions>
			</trkpt>
			<trkpt lat="47.0177599487" lon="8.8276068331">
				<ele>1615.0</ele>
				<extensions>
					<swisstopo:routepoint_id>126465811</swisstopo:routepoint_id>
				</extensions>
			</trkpt>
			<trkpt lat="47.0178246399" lon="8.8275936962">
				<ele>1613.0</ele>
				<extensions>
					<swisstopo:routepoint_id>1381491025</swisstopo:routepoint_id>
				</extensions>
			</trkpt>
			<trkpt lat="47.0178894435" lon="8.8275713257">
				<ele>1611.1</ele>
				<extensions>
					<swisstopo:routepoint_id>337531136</swisstopo:routepoint_id>
				</extensions>
			</trkpt>
			<trkpt lat="47.0179531353" lon="8.8275359583">
				<ele>1609.2</ele>
				<extensions>
					<swisstopo:routepoint_id>1288229170</swisstopo:routepoint_id>
				</extensions>
			</trkpt>
			<trkpt lat="47.0180471768" lon="8.8275032423">
				<ele>1608.2</ele>
				<extensions>
					<swisstopo:routepoint_id>840313006</swisstopo:routepoint_id>
				</extensions>
			</trkpt>
			<trkpt lat="47.0180517417" lon="8.8274404685">
				<ele>1607.4</ele>
				<extensions>
					<swisstopo:routepoint_id>875551750</swisstopo:routepoint_id>
				</extensions>
			</trkpt>
			<trkpt lat="47.0180609127" lon="8.8273093339">
				<ele>1606.0</ele>
				<extensions>
					<swisstopo:routepoint_id>454030163</swisstopo:routepoint_id>
				</extensions>
			</trkpt>
			<trkpt lat="47.0180661116" lon="8.8270893000">
				<ele>1604.3</ele>
				<extensions>
					<swisstopo:routepoint_id>1098492946</swisstopo:routepoint_id>
				</extensions>
			</trkpt>
			<trkpt lat="47.0180830923" lon="8.8267081257">
				<ele>1600.1</ele>
				<extensions>
					<swisstopo:routepoint_id>1577169581</swisstopo:routepoint_id>
				</extensions>
			</trkpt>
			<trkpt lat="47.0181159331" lon="8.8266900337">
				<ele>1600.3</ele>
				<extensions>
					<swisstopo:routepoint_id>1086676867</swisstopo:routepoint_id>
				</extensions>
			</trkpt>
			<trkpt lat="47.0181544499" lon="8.8266608254">
				<ele>1600.6</ele>
				<extensions>
					<swisstopo:routepoint_id>1857375437</swisstopo:routepoint_id>
				</extensions>
			</trkpt>
			<trkpt lat="47.0182113874" lon="8.8266170602">
				<ele>1600.7</ele>
				<extensions>
					<swisstopo:routepoint_id>1807589757</swisstopo:routepoint_id>
				</extensions>
			</trkpt>
			<trkpt lat="47.0182263866" lon="8.8266593079">
				<ele>1601.1</ele>
				<extensions>
					<swisstopo:routepoint_id>1151982666</swisstopo:routepoint_id>
				</extensions>
			</trkpt>
			<trkpt lat="47.0182429168" lon="8.8266835718">
				<ele>1601.5</ele>
				<extensions>
					<swisstopo:routepoint_id>1705457025</swisstopo:routepoint_id>
				</extensions>
			</trkpt>
			<trkpt lat="47.0182905772" lon="8.8267225697">
				<ele>1602.6</ele>
				<extensions>
					<swisstopo:routepoint_id>1776531838</swisstopo:routepoint_id>
				</extensions>
			</trkpt>
			<trkpt lat="47.0183277920" lon="8.8267400016">
				<ele>1603.6</ele>
				<extensions>
					<swisstopo:routepoint_id>817981755</swisstopo:routepoint_id>
				</extensions>
			</trkpt>
			<trkpt lat="47.0184298109" lon="8.8267632819">
				<ele>1605.8</ele>
				<extensions>
					<swisstopo:routepoint_id>208957800</swisstopo:routepoint_id>
				</extensions>
			</trkpt>
			<trkpt lat="47.0184831242" lon="8.8267737373">
				<ele>1606.6</ele>
				<extensions>
					<swisstopo:routepoint_id>1883388940</swisstopo:routepoint_id>
				</extensions>
			</trkpt>
			<trkpt lat="47.0185564902" lon="8.8267887003">
				<ele>1607.1</ele>
				<extensions>
					<swisstopo:routepoint_id>1841834514</swisstopo:routepoint_id>
				</extensions>
			</trkpt>
			<trkpt lat="47.0185914445" lon="8.8266768939">
				<ele>1607.0</ele>
				<extensions>
					<swisstopo:routepoint_id>389817752</swisstopo:routepoint_id>
				</extensions>
			</trkpt>
			<trkpt lat="47.0186324818" lon="8.8265292555">
				<ele>1606.5</ele>
				<extensions>
					<swisstopo:routepoint_id>353060459</swisstopo:routepoint_id>
				</extensions>
			</trkpt>
			<trkpt lat="47.0186625404" lon="8.8264778609">
				<ele>1605.6</ele>
				<extensions>
					<swisstopo:routepoint_id>970969316</swisstopo:routepoint_id>
				</extensions>
			</trkpt>
			<trkpt lat="47.0187619292" lon="8.8264478213">
				<ele>1604.7</ele>
				<extensions>
					<swisstopo:routepoint_id>27529003</swisstopo:routepoint_id>
				</extensions>
			</trkpt>
			<trkpt lat="47.0188208721" lon="8.8264428201">
				<ele>1603.9</ele>
				<extensions>
					<swisstopo:routepoint_id>650494840</swisstopo:routepoint_id>
				</extensions>
			</trkpt>
			<trkpt lat="47.0188921951" lon="8.8264459689">
				<ele>1603.1</ele>
				<extensions>
					<swisstopo:routepoint_id>1532805636</swisstopo:routepoint_id>
				</extensions>
			</trkpt>
			<trkpt lat="47.0189430048" lon="8.8264499007">
				<ele>1602.5</ele>
				<extensions>
					<swisstopo:routepoint_id>435925479</swisstopo:routepoint_id>
				</extensions>
			</trkpt>
			<trkpt lat="47.0190063530" lon="8.8264489219">
				<ele>1601.3</ele>
				<extensions>
					<swisstopo:routepoint_id>1635522497</swisstopo:routepoint_id>
				</extensions>
			</trkpt>
			<trkpt lat="47.0190948026" lon="8.8264381738">
				<ele>1600.8</ele>
				<extensions>
					<swisstopo:routepoint_id>1871207595</swisstopo:routepoint_id>
				</extensions>
			</trkpt>
			<trkpt lat="47.0191794923" lon="8.8264429693">
				<ele>1600.3</ele>
				<extensions>
					<swisstopo:routepoint_id>1879526874</swisstopo:routepoint_id>
				</extensions>
			</trkpt>
			<trkpt lat="47.0192078872" lon="8.8264554519">
				<ele>1600.1</ele>
				<extensions>
					<swisstopo:routepoint_id>2044610303</swisstopo:routepoint_id>
				</extensions>
			</trkpt>
			<trkpt lat="47.0192684287" lon="8.8264648448">
				<ele>1599.6</ele>
				<extensions>
					<swisstopo:routepoint_id>1327301556</swisstopo:routepoint_id>
				</extensions>
			</trkpt>
			<trkpt lat="47.0193231476" lon="8.8264401592">
				<ele>1599.5</ele>
				<extensions>
					<swisstopo:routepoint_id>320278534</swisstopo:routepoint_id>
				</extensions>
			</trkpt>
			<trkpt lat="47.0193562877" lon="8.8264292845">
				<ele>1599.1</ele>
				<extensions>
					<swisstopo:routepoint_id>395093694</swisstopo:routepoint_id>
				</extensions>
			</trkpt>
			<trkpt lat="47.0194246329" lon="8.8264584381">
				<ele>1599.0</ele>
				<extensions>
					<swisstopo:routepoint_id>1622231658</swisstopo:routepoint_id>
				</extensions>
			</trkpt>
			<trkpt lat="47.0195063903" lon="8.8264840366">
				<ele>1598.8</ele>
				<extensions>
					<swisstopo:routepoint_id>1745350233</swisstopo:routepoint_id>
				</extensions>
			</trkpt>
			<trkpt lat="47.0195911431" lon="8.8264836114">
				<ele>1598.3</ele>
				<extensions>
					<swisstopo:routepoint_id>2078206663</swisstopo:routepoint_id>
				</extensions>
			</trkpt>
			<trkpt lat="47.0196653987" lon="8.8264659701">
				<ele>1597.1</ele>
				<extensions>
					<swisstopo:routepoint_id>1258433817</swisstopo:routepoint_id>
				</extensions>
			</trkpt>
			<trkpt lat="47.0197692008" lon="8.8264399656">
				<ele>1595.3</ele>
				<extensions>
					<swisstopo:routepoint_id>241949484</swisstopo:routepoint_id>
				</extensions>
			</trkpt>
			<trkpt lat="47.0200925774" lon="8.8263786726">
				<ele>1593.4</ele>
				<extensions>
					<swisstopo:routepoint_id>672612356</swisstopo:routepoint_id>
				</extensions>
			</trkpt>
			<trkpt lat="47.0201772294" lon="8.8263716929">
				<ele>1592.3</ele>
				<extensions>
					<swisstopo:routepoint_id>1257200227</swisstopo:routepoint_id>
				</extensions>
			</trkpt>
			<trkpt lat="47.0202464446" lon="8.8263460170">
				<ele>1590.5</ele>
				<extensions>
					<swisstopo:routepoint_id>50672977</swisstopo:routepoint_id>
				</extensions>
			</trkpt>
			<trkpt lat="47.0203347062" lon="8.8263002177">
				<ele>1588.9</ele>
				<extensions>
					<swisstopo:routepoint_id>205973363</swisstopo:routepoint_id>
				</extensions>
			</trkpt>
			<trkpt lat="47.0204056156" lon="8.8262631259">
				<ele>1586.4</ele>
				<extensions>
					<swisstopo:routepoint_id>819166040</swisstopo:routepoint_id>
				</extensions>
			</trkpt>
			<trkpt lat="47.0204560710" lon="8.8262346490">
				<ele>1584.7</ele>
				<extensions>
					<swisstopo:routepoint_id>1557220347</swisstopo:routepoint_id>
				</extensions>
			</trkpt>
			<trkpt lat="47.0205264589" lon="8.8261945823">
				<ele>1582.2</ele>
				<extensions>
					<swisstopo:routepoint_id>2080878706</swisstopo:routepoint_id>
				</extensions>
			</trkpt>
			<trkpt lat="47.0204798869" lon="8.8260573525">
				<ele>1580.7</ele>
				<extensions>
					<swisstopo:routepoint_id>1290249495</swisstopo:routepoint_id>
				</extensions>
			</trkpt>
			<trkpt lat="47.0204443799" lon="8.8259388282">
				<ele>1579.4</ele>
				<extensions>
					<swisstopo:routepoint_id>1742008378</swisstopo:routepoint_id>
				</extensions>
			</trkpt>
			<trkpt lat="47.0204023427" lon="8.8258677969">
				<ele>1578.5</ele>
				<extensions>
					<swisstopo:routepoint_id>1564686099</swisstopo:routepoint_id>
				</extensions>
			</trkpt>
			<trkpt lat="47.0203473383" lon="8.8258171200">
				<ele>1577.5</ele>
				<extensions>
					<swisstopo:routepoint_id>1102392224</swisstopo:routepoint_id>
				</extensions>
			</trkpt>
			<trkpt lat="47.0202566020" lon="8.8257371988">
				<ele>1576.0</ele>
				<extensions>
					<swisstopo:routepoint_id>282316521</swisstopo:routepoint_id>
				</extensions>
			</trkpt>
			<trkpt lat="47.0201836139" lon="8.8256835071">
				<ele>1574.9</ele>
				<extensions>
					<swisstopo:routepoint_id>1476180216</swisstopo:routepoint_id>
				</extensions>
			</trkpt>
			<trkpt lat="47.0201112480" lon="8.8256408415">
				<ele>1573.9</ele>
				<extensions>
					<swisstopo:routepoint_id>1390898773</swisstopo:routepoint_id>
				</extensions>
			</trkpt>
			<trkpt lat="47.0200672430" lon="8.8256149866">
				<ele>1573.3</ele>
				<extensions>
					<swisstopo:routepoint_id>876862241</swisstopo:routepoint_id>
				</extensions>
			</trkpt>
			<trkpt lat="47.0200260441" lon="8.8256063453">
				<ele>1572.8</ele>
				<extensions>
					<swisstopo:routepoint_id>2058605694</swisstopo:routepoint_id>
				</extensions>
			</trkpt>
			<trkpt lat="47.0199720344" lon="8.8256021709">
				<ele>1572.1</ele>
				<extensions>
					<swisstopo:routepoint_id>2136234320</swisstopo:routepoint_id>
				</extensions>
			</trkpt>
			<trkpt lat="47.0199391065" lon="8.8255925452">
				<ele>1571.9</ele>
				<extensions>
					<swisstopo:routepoint_id>975547474</swisstopo:routepoint_id>
				</extensions>
			</trkpt>
			<trkpt lat="47.0199241909" lon="8.8255835170">
				<ele>1571.9</ele>
				<extensions>
					<swisstopo:routepoint_id>1534102708</swisstopo:routepoint_id>
				</extensions>
			</trkpt>
			<trkpt lat="47.0199146572" lon="8.8255624332">
				<ele>1571.9</ele>
				<extensions>
					<swisstopo:routepoint_id>1688997022</swisstopo:routepoint_id>
				</extensions>
			</trkpt>
			<trkpt lat="47.0199119393" lon="8.8255201103">
				<ele>1572.1</ele>
				<extensions>
					<swisstopo:routepoint_id>1284604159</swisstopo:routepoint_id>
				</extensions>
			</trkpt>
			<trkpt lat="47.0199435507" lon="8.8255150871">
				<ele>1571.6</ele>
				<extensions>
					<swisstopo:routepoint_id>430416465</swisstopo:routepoint_id>
				</extensions>
			</trkpt>
			<trkpt lat="47.0199227046" lon="8.8254630716">
				<ele>1571.1</ele>
				<extensions>
					<swisstopo:routepoint_id>676712311</swisstopo:routepoint_id>
				</extensions>
			</trkpt>
			<trkpt lat="47.0198715439" lon="8.8254010261">
				<ele>1568.8</ele>
				<extensions>
					<swisstopo:routepoint_id>1918298846</swisstopo:routepoint_id>
				</extensions>
			</trkpt>
			<trkpt lat="47.0198389054" lon="8.8253212654">
				<ele>1567.1</ele>
				<extensions>
					<swisstopo:routepoint_id>273548718</swisstopo:routepoint_id>
				</extensions>
			</trkpt>
			<trkpt lat="47.0197954245" lon="8.8252237548">
				<ele>1565.8</ele>
				<extensions>
					<swisstopo:routepoint_id>1764435963</swisstopo:routepoint_id>
				</extensions>
			</trkpt>
			<trkpt lat="47.0197621230" lon="8.8251638156">
				<ele>1564.6</ele>
				<extensions>
					<swisstopo:routepoint_id>90057293</swisstopo:routepoint_id>
				</extensions>
			</trkpt>
			<trkpt lat="47.0197464024" lon="8.8251447431">
				<ele>1564.4</ele>
				<extensions>
					<swisstopo:routepoint_id>391246801</swisstopo:routepoint_id>
				</extensions>
			</trkpt>
			<trkpt lat="47.0197208397" lon="8.8251487524">
				<ele>1564.3</ele>
				<extensions>
					<swisstopo:routepoint_id>1635775385</swisstopo:routepoint_id>
				</extensions>
			</trkpt>
			<trkpt lat="47.0196952973" lon="8.8251496305">
				<ele>1564.5</ele>
				<extensions>
					<swisstopo:routepoint_id>275704052</swisstopo:routepoint_id>
				</extensions>
			</trkpt>
			<trkpt lat="47.0196462004" lon="8.8250768526">
				<ele>1563.4</ele>
				<extensions>
					<swisstopo:routepoint_id>1574948482</swisstopo:routepoint_id>
				</extensions>
			</trkpt>
			<trkpt lat="47.0196093959" lon="8.8250432631">
				<ele>1563.1</ele>
				<extensions>
					<swisstopo:routepoint_id>1270797871</swisstopo:routepoint_id>
				</extensions>
			</trkpt>
			<trkpt lat="47.0195417804" lon="8.8250073005">
				<ele>1562.7</ele>
				<extensions>
					<swisstopo:routepoint_id>2082267169</swisstopo:routepoint_id>
				</extensions>
			</trkpt>
			<trkpt lat="47.0195030603" lon="8.8249565484">
				<ele>1562.8</ele>
				<extensions>
					<swisstopo:routepoint_id>101703562</swisstopo:routepoint_id>
				</extensions>
			</trkpt>
			<trkpt lat="47.0194585461" lon="8.8248559079">
				<ele>1560.4</ele>
				<extensions>
					<swisstopo:routepoint_id>1031902162</swisstopo:routepoint_id>
				</extensions>
			</trkpt>
			<trkpt lat="47.0194224181" lon="8.8247663365">
				<ele>1558.1</ele>
				<extensions>
					<swisstopo:routepoint_id>554980269</swisstopo:routepoint_id>
				</extensions>
			</trkpt>
			<trkpt lat="47.0193943192" lon="8.8247158718">
				<ele>1557.1</ele>
				<extensions>
					<swisstopo:routepoint_id>147099938</swisstopo:routepoint_id>
				</extensions>
			</trkpt>
			<trkpt lat="47.0193566706" lon="8.8246635820">
				<ele>1556.2</ele>
				<extensions>
					<swisstopo:routepoint_id>22496830</swisstopo:routepoint_id>
				</extensions>
			</trkpt>
			<trkpt lat="47.0193177159" lon="8.8246314775">
				<ele>1555.6</ele>
				<extensions>
					<swisstopo:routepoint_id>983982511</swisstopo:routepoint_id>
				</extensions>
			</trkpt>
			<trkpt lat="47.0192587581" lon="8.8245833214">
				<ele>1554.6</ele>
				<extensions>
					<swisstopo:routepoint_id>514217777</swisstopo:routepoint_id>
				</extensions>
			</trkpt>
			<trkpt lat="47.0192221800" lon="8.8245295066">
				<ele>1553.3</ele>
				<extensions>
					<swisstopo:routepoint_id>1441439712</swisstopo:routepoint_id>
				</extensions>
			</trkpt>
			<trkpt lat="47.0191964009" lon="8.8244635404">
				<ele>1551.2</ele>
				<extensions>
					<swisstopo:routepoint_id>1084241101</swisstopo:routepoint_id>
				</extensions>
			</trkpt>
			<trkpt lat="47.0191915733" lon="8.8244230038">
				<ele>1550.1</ele>
				<extensions>
					<swisstopo:routepoint_id>1256841399</swisstopo:routepoint_id>
				</extensions>
			</trkpt>
			<trkpt lat="47.0192217650" lon="8.8243880157">
				<ele>1548.9</ele>
				<extensions>
					<swisstopo:routepoint_id>51695141</swisstopo:routepoint_id>
				</extensions>
			</trkpt>
			<trkpt lat="47.0192859528" lon="8.8243554715">
				<ele>1546.8</ele>
				<extensions>
					<swisstopo:routepoint_id>638485600</swisstopo:routepoint_id>
				</extensions>
			</trkpt>
			<trkpt lat="47.0193448719" lon="8.8243196853">
				<ele>1545.0</ele>
				<extensions>
					<swisstopo:routepoint_id>1452946691</swisstopo:routepoint_id>
				</extensions>
			</trkpt>
			<trkpt lat="47.0193775053" lon="8.8242583317">
				<ele>1543.5</ele>
				<extensions>
					<swisstopo:routepoint_id>242472150</swisstopo:routepoint_id>
				</extensions>
			</trkpt>
			<trkpt lat="47.0194065513" lon="8.8242311020">
				<ele>1542.4</ele>
				<extensions>
					<swisstopo:routepoint_id>502162980</swisstopo:routepoint_id>
				</extensions>
			</trkpt>
			<trkpt lat="47.0194309960" lon="8.8242317334">
				<ele>1542.0</ele>
				<extensions>
					<swisstopo:routepoint_id>2124642128</swisstopo:routepoint_id>
				</extensions>
			</trkpt>
			<trkpt lat="47.0194604189" lon="8.8242604731">
				<ele>1541.5</ele>
				<extensions>
					<swisstopo:routepoint_id>1431185904</swisstopo:routepoint_id>
				</extensions>
			</trkpt>
			<trkpt lat="47.0194879067" lon="8.8242736152">
				<ele>1541.1</ele>
				<extensions>
					<swisstopo:routepoint_id>740530667</swisstopo:routepoint_id>
				</extensions>
			</trkpt>
			<trkpt lat="47.0195996885" lon="8.8242625188">
				<ele>1538.2</ele>
				<extensions>
					<swisstopo:routepoint_id>1971967374</swisstopo:routepoint_id>
				</extensions>
			</trkpt>
			<trkpt lat="47.0196590590" lon="8.8242764957">
				<ele>1537.0</ele>
				<extensions>
					<swisstopo:routepoint_id>2047554586</swisstopo:routepoint_id>
				</extensions>
			</trkpt>
			<trkpt lat="47.0197299431" lon="8.8243063081">
				<ele>1535.7</ele>
				<extensions>
					<swisstopo:routepoint_id>298855496</swisstopo:routepoint_id>
				</extensions>
			</trkpt>
			<trkpt lat="47.0198042450" lon="8.8243175538">
				<ele>1534.2</ele>
				<extensions>
					<swisstopo:routepoint_id>250197646</swisstopo:routepoint_id>
				</extensions>
			</trkpt>
			<trkpt lat="47.0198901460" lon="8.8243353089">
				<ele>1532.5</ele>
				<extensions>
					<swisstopo:routepoint_id>317658984</swisstopo:routepoint_id>
				</extensions>
			</trkpt>
			<trkpt lat="47.0199784499" lon="8.8243313800">
				<ele>1531.4</ele>
				<extensions>
					<swisstopo:routepoint_id>787229393</swisstopo:routepoint_id>
				</extensions>
			</trkpt>
			<trkpt lat="47.0200873200" lon="8.8242968851">
				<ele>1528.8</ele>
				<extensions>
					<swisstopo:routepoint_id>1641420965</swisstopo:routepoint_id>
				</extensions>
			</trkpt>
			<trkpt lat="47.0201428109" lon="8.8242812161">
				<ele>1528.1</ele>
				<extensions>
					<swisstopo:routepoint_id>1463100445</swisstopo:routepoint_id>
				</extensions>
			</trkpt>
			<trkpt lat="47.0202275096" lon="8.8243113839">
				<ele>1527.2</ele>
				<extensions>
					<swisstopo:routepoint_id>1734096726</swisstopo:routepoint_id>
				</extensions>
			</trkpt>
			<trkpt lat="47.0203030136" lon="8.8243102299">
				<ele>1526.0</ele>
				<extensions>
					<swisstopo:routepoint_id>921603270</swisstopo:routepoint_id>
				</extensions>
			</trkpt>
			<trkpt lat="47.0204052261" lon="8.8242988734">
				<ele>1523.7</ele>
				<extensions>
					<swisstopo:routepoint_id>175359622</swisstopo:routepoint_id>
				</extensions>
			</trkpt>
			<trkpt lat="47.0204637420" lon="8.8242957149">
				<ele>1523.0</ele>
				<extensions>
					<swisstopo:routepoint_id>448494256</swisstopo:routepoint_id>
				</extensions>
			</trkpt>
			<trkpt lat="47.0205129132" lon="8.8242736728">
				<ele>1521.9</ele>
				<extensions>
					<swisstopo:routepoint_id>1471334723</swisstopo:routepoint_id>
				</extensions>
			</trkpt>
			<trkpt lat="47.0205742428" lon="8.8241857625">
				<ele>1519.0</ele>
				<extensions>
					<swisstopo:routepoint_id>1440346701</swisstopo:routepoint_id>
				</extensions>
			</trkpt>
			<trkpt lat="47.0205944413" lon="8.8241484101">
				<ele>1518.1</ele>
				<extensions>
					<swisstopo:routepoint_id>99876544</swisstopo:routepoint_id>
				</extensions>
			</trkpt>
			<trkpt lat="47.0206499826" lon="8.8241203772">
				<ele>1516.7</ele>
				<extensions>
					<swisstopo:routepoint_id>2000167126</swisstopo:routepoint_id>
				</extensions>
			</trkpt>
			<trkpt lat="47.0206689644" lon="8.8240936095">
				<ele>1515.9</ele>
				<extensions>
					<swisstopo:routepoint_id>1470660407</swisstopo:routepoint_id>
				</extensions>
			</trkpt>
			<trkpt lat="47.0207071308" lon="8.8240836769">
				<ele>1515.1</ele>
				<extensions>
					<swisstopo:routepoint_id>153159759</swisstopo:routepoint_id>
				</extensions>
			</trkpt>
			<trkpt lat="47.0207662863" lon="8.8240655633">
				<ele>1513.9</ele>
				<extensions>
					<swisstopo:routepoint_id>1765962078</swisstopo:routepoint_id>
				</extensions>
			</trkpt>
			<trkpt lat="47.0208531747" lon="8.8240372749">
				<ele>1512.4</ele>
				<extensions>
					<swisstopo:routepoint_id>1006446550</swisstopo:routepoint_id>
				</extensions>
			</trkpt>
			<trkpt lat="47.0209108105" lon="8.8240213059">
				<ele>1511.5</ele>
				<extensions>
					<swisstopo:routepoint_id>375201906</swisstopo:routepoint_id>
				</extensions>
			</trkpt>
			<trkpt lat="47.0209706199" lon="8.8240108529">
				<ele>1511.0</ele>
				<extensions>
					<swisstopo:routepoint_id>237680418</swisstopo:routepoint_id>
				</extensions>
			</trkpt>
			<trkpt lat="47.0209866862" lon="8.8239774451">
				<ele>1510.3</ele>
				<extensions>
					<swisstopo:routepoint_id>1351087628</swisstopo:routepoint_id>
				</extensions>
			</trkpt>
			<trkpt lat="47.0210013739" lon="8.8239352802">
				<ele>1510.0</ele>
				<extensions>
					<swisstopo:routepoint_id>1332498992</swisstopo:routepoint_id>
				</extensions>
			</trkpt>
			<trkpt lat="47.0210018344" lon="8.8238971157">
				<ele>1510.0</ele>
				<extensions>
					<swisstopo:routepoint_id>7362353</swisstopo:routepoint_id>
				</extensions>
			</trkpt>
			<trkpt lat="47.0210413789" lon="8.8238348609">
				<ele>1508.9</ele>
				<extensions>
					<swisstopo:routepoint_id>921500531</swisstopo:routepoint_id>
				</extensions>
			</trkpt>
			<trkpt lat="47.0210752465" lon="8.8237584609">
				<ele>1507.3</ele>
				<extensions>
					<swisstopo:routepoint_id>1281747484</swisstopo:routepoint_id>
				</extensions>
			</trkpt>
			<trkpt lat="47.0210739126" lon="8.8236714173">
				<ele>1506.8</ele>
				<extensions>
					<swisstopo:routepoint_id>1682082256</swisstopo:routepoint_id>
				</extensions>
			</trkpt>
			<trkpt lat="47.0210399132" lon="8.8235239110">
				<ele>1505.3</ele>
				<extensions>
					<swisstopo:routepoint_id>1618858357</swisstopo:routepoint_id>
				</extensions>
			</trkpt>
			<trkpt lat="47.0209943244" lon="8.8234070990">
				<ele>1504.0</ele>
				<extensions>
					<swisstopo:routepoint_id>1501303280</swisstopo:routepoint_id>
				</extensions>
			</trkpt>
			<trkpt lat="47.0209373014" lon="8.8233096334">
				<ele>1502.9</ele>
				<extensions>
					<swisstopo:routepoint_id>622472431</swisstopo:routepoint_id>
				</extensions>
			</trkpt>
			<trkpt lat="47.0208515303" lon="8.8231841295">
				<ele>1501.0</ele>
				<extensions>
					<swisstopo:routepoint_id>945430712</swisstopo:routepoint_id>
				</extensions>
			</trkpt>
			<trkpt lat="47.0208023411" lon="8.8231174132">
				<ele>1500.5</ele>
				<extensions>
					<swisstopo:routepoint_id>1323530734</swisstopo:routepoint_id>
				</extensions>
			</trkpt>
			<trkpt lat="47.0207619871" lon="8.8230618304">
				<ele>1500.7</ele>
				<extensions>
					<swisstopo:routepoint_id>1606315253</swisstopo:routepoint_id>
				</extensions>
			</trkpt>
			<trkpt lat="47.0207350651" lon="8.8230055025">
				<ele>1500.7</ele>
				<extensions>
					<swisstopo:routepoint_id>954816691</swisstopo:routepoint_id>
				</extensions>
			</trkpt>
			<trkpt lat="47.0207170962" lon="8.8229483134">
				<ele>1500.1</ele>
				<extensions>
					<swisstopo:routepoint_id>586407882</swisstopo:routepoint_id>
				</extensions>
			</trkpt>
			<trkpt lat="47.0206865859" lon="8.8228798956">
				<ele>1498.5</ele>
				<extensions>
					<swisstopo:routepoint_id>1919826751</swisstopo:routepoint_id>
				</extensions>
			</trkpt>
			<trkpt lat="47.0206677215" lon="8.8228357600">
				<ele>1498.0</ele>
				<extensions>
					<swisstopo:routepoint_id>1933450044</swisstopo:routepoint_id>
				</extensions>
			</trkpt>
			<trkpt lat="47.0206188175" lon="8.8227461473">
				<ele>1495.5</ele>
				<extensions>
					<swisstopo:routepoint_id>1682376578</swisstopo:routepoint_id>
				</extensions>
			</trkpt>
			<trkpt lat="47.0205990355" lon="8.8227161695">
				<ele>1494.4</ele>
				<extensions>
					<swisstopo:routepoint_id>56320294</swisstopo:routepoint_id>
				</extensions>
			</trkpt>
			<trkpt lat="47.0205547125" lon="8.8226801116">
				<ele>1492.8</ele>
				<extensions>
					<swisstopo:routepoint_id>544444823</swisstopo:routepoint_id>
				</extensions>
			</trkpt>
			<trkpt lat="47.0205315662" lon="8.8226195278">
				<ele>1491.1</ele>
				<extensions>
					<swisstopo:routepoint_id>14470762</swisstopo:routepoint_id>
				</extensions>
			</trkpt>
			<trkpt lat="47.0205254879" lon="8.8225670010">
				<ele>1489.6</ele>
				<extensions>
					<swisstopo:routepoint_id>842792682</swisstopo:routepoint_id>
				</extensions>
			</trkpt>
			<trkpt lat="47.0205037515" lon="8.8225140815">
				<ele>1487.7</ele>
				<extensions>
					<swisstopo:routepoint_id>1551344187</swisstopo:routepoint_id>
				</extensions>
			</trkpt>
			<trkpt lat="47.0204802238" lon="8.8224851120">
				<ele>1486.9</ele>
				<extensions>
					<swisstopo:routepoint_id>146648128</swisstopo:routepoint_id>
				</extensions>
			</trkpt>
			<trkpt lat="47.0204552294" lon="8.8224539225">
				<ele>1486.2</ele>
				<extensions>
					<swisstopo:routepoint_id>528989644</swisstopo:routepoint_id>
				</extensions>
			</trkpt>
			<trkpt lat="47.0204363780" lon="8.8224087086">
				<ele>1485.1</ele>
				<extensions>
					<swisstopo:routepoint_id>1282490769</swisstopo:routepoint_id>
				</extensions>
			</trkpt>
			<trkpt lat="47.0204223968" lon="8.8223930748">
				<ele>1484.8</ele>
				<extensions>
					<swisstopo:routepoint_id>1308601328</swisstopo:routepoint_id>
				</extensions>
			</trkpt>
			<trkpt lat="47.0204132081" lon="8.8222881092">
				<ele>1482.3</ele>
				<extensions>
					<swisstopo:routepoint_id>1932135945</swisstopo:routepoint_id>
				</extensions>
			</trkpt>
			<trkpt lat="47.0203767614" lon="8.8222173420">
				<ele>1480.3</ele>
				<extensions>
					<swisstopo:routepoint_id>2125493849</swisstopo:routepoint_id>
				</extensions>
			</trkpt>
			<trkpt lat="47.0203328063" lon="8.8221507622">
				<ele>1479.0</ele>
				<extensions>
					<swisstopo:routepoint_id>783248216</swisstopo:routepoint_id>
				</extensions>
			</trkpt>
			<trkpt lat="47.0202974489" lon="8.8221127530">
				<ele>1478.6</ele>
				<extensions>
					<swisstopo:routepoint_id>1109756573</swisstopo:routepoint_id>
				</extensions>
			</trkpt>
			<trkpt lat="47.0202964710" lon="8.8220080140">
				<ele>1477.6</ele>
				<extensions>
					<swisstopo:routepoint_id>2018498776</swisstopo:routepoint_id>
				</extensions>
			</trkpt>
			<trkpt lat="47.0203067215" lon="8.8219002747">
				<ele>1476.5</ele>
				<extensions>
					<swisstopo:routepoint_id>1724546784</swisstopo:routepoint_id>
				</extensions>
			</trkpt>
			<trkpt lat="47.0203289807" lon="8.8217874125">
				<ele>1474.3</ele>
				<extensions>
					<swisstopo:routepoint_id>1962187388</swisstopo:routepoint_id>
				</extensions>
			</trkpt>
			<trkpt lat="47.0203537214" lon="8.8217149474">
				<ele>1472.7</ele>
				<extensions>
					<swisstopo:routepoint_id>941932775</swisstopo:routepoint_id>
				</extensions>
			</trkpt>
			<trkpt lat="47.0203721431" lon="8.8216106946">
				<ele>1470.9</ele>
				<extensions>
					<swisstopo:routepoint_id>1115388034</swisstopo:routepoint_id>
				</extensions>
			</trkpt>
			<trkpt lat="47.0203949443" lon="8.8215752898">
				<ele>1470.5</ele>
				<extensions>
					<swisstopo:routepoint_id>1028001507</swisstopo:routepoint_id>
				</extensions>
			</trkpt>
			<trkpt lat="47.0204478889" lon="8.8215155625">
				<ele>1469.5</ele>
				<extensions>
					<swisstopo:routepoint_id>508853923</swisstopo:routepoint_id>
				</extensions>
			</trkpt>
			<trkpt lat="47.0204965912" lon="8.8214360982">
				<ele>1468.2</ele>
				<extensions>
					<swisstopo:routepoint_id>1511970182</swisstopo:routepoint_id>
				</extensions>
			</trkpt>
			<trkpt lat="47.0205527979" lon="8.8213535384">
				<ele>1466.7</ele>
				<extensions>
					<swisstopo:routepoint_id>1824435264</swisstopo:routepoint_id>
				</extensions>
			</trkpt>
			<trkpt lat="47.0205948606" lon="8.8212673507">
				<ele>1465.1</ele>
				<extensions>
					<swisstopo:routepoint_id>1935488739</swisstopo:routepoint_id>
				</extensions>
			</trkpt>
			<trkpt lat="47.0206166594" lon="8.8211926518">
				<ele>1463.5</ele>
				<extensions>
					<swisstopo:routepoint_id>1612484776</swisstopo:routepoint_id>
				</extensions>
			</trkpt>
			<trkpt lat="47.0206362402" lon="8.8211145939">
				<ele>1461.8</ele>
				<extensions>
					<swisstopo:routepoint_id>2131480169</swisstopo:routepoint_id>
				</extensions>
			</trkpt>
			<trkpt lat="47.0206408044" lon="8.8209216333">
				<ele>1458.0</ele>
				<extensions>
					<swisstopo:routepoint_id>474165277</swisstopo:routepoint_id>
				</extensions>
			</trkpt>
			<trkpt lat="47.0206467167" lon="8.8207406917">
				<ele>1453.9</ele>
				<extensions>
					<swisstopo:routepoint_id>1107566039</swisstopo:routepoint_id>
				</extensions>
			</trkpt>
			<trkpt lat="47.0206587193" lon="8.8205500929">
				<ele>1449.6</ele>
				<extensions>
					<swisstopo:routepoint_id>867773488</swisstopo:routepoint_id>
				</extensions>
			</trkpt>
			<trkpt lat="47.0206604708" lon="8.8204726146">
				<ele>1448.0</ele>
				<extensions>
					<swisstopo:routepoint_id>318334595</swisstopo:routepoint_id>
				</extensions>
			</trkpt>
			<trkpt lat="47.0206751672" lon="8.8203361798">
				<ele>1444.6</ele>
				<extensions>
					<swisstopo:routepoint_id>1802515032</swisstopo:routepoint_id>
				</extensions>
			</trkpt>
			<trkpt lat="47.0206898812" lon="8.8202296466">
				<ele>1442.3</ele>
				<extensions>
					<swisstopo:routepoint_id>1775132108</swisstopo:routepoint_id>
				</extensions>
			</trkpt>
			<trkpt lat="47.0207219026" lon="8.8201726539">
				<ele>1440.8</ele>
				<extensions>
					<swisstopo:routepoint_id>876501783</swisstopo:routepoint_id>
				</extensions>
			</trkpt>
			<trkpt lat="47.0207959792" lon="8.8200927367">
				<ele>1438.1</ele>
				<extensions>
					<swisstopo:routepoint_id>1058652854</swisstopo:routepoint_id>
				</extensions>
			</trkpt>
			<trkpt lat="47.0208173544" lon="8.8199896633">
				<ele>1435.7</ele>
				<extensions>
					<swisstopo:routepoint_id>361405510</swisstopo:routepoint_id>
				</extensions>
			</trkpt>
			<trkpt lat="47.0208110493" lon="8.8198945859">
				<ele>1433.8</ele>
				<extensions>
					<swisstopo:routepoint_id>198964327</swisstopo:routepoint_id>
				</extensions>
			</trkpt>
			<trkpt lat="47.0207941296" lon="8.8196879693">
				<ele>1429.2</ele>
				<extensions>
					<swisstopo:routepoint_id>1047112956</swisstopo:routepoint_id>
				</extensions>
			</trkpt>
			<trkpt lat="47.0207653343" lon="8.8196010481">
				<ele>1427.2</ele>
				<extensions>
					<swisstopo:routepoint_id>286146427</swisstopo:routepoint_id>
				</extensions>
			</trkpt>
			<trkpt lat="47.0207098794" lon="8.8194970762">
				<ele>1424.0</ele>
				<extensions>
					<swisstopo:routepoint_id>1483846834</swisstopo:routepoint_id>
				</extensions>
			</trkpt>
			<trkpt lat="47.0206360608" lon="8.8193768458">
				<ele>1420.6</ele>
				<extensions>
					<swisstopo:routepoint_id>2131344742</swisstopo:routepoint_id>
				</extensions>
			</trkpt>
			<trkpt lat="47.0206581875" lon="8.8193196510">
				<ele>1419.8</ele>
				<extensions>
					<swisstopo:routepoint_id>1566881408</swisstopo:routepoint_id>
				</extensions>
			</trkpt>
			<trkpt lat="47.0206588226" lon="8.8192683618">
				<ele>1419.3</ele>
				<extensions>
					<swisstopo:routepoint_id>139493755</swisstopo:routepoint_id>
				</extensions>
			</trkpt>
			<trkpt lat="47.0206369154" lon="8.8192302533">
				<ele>1418.9</ele>
				<extensions>
					<swisstopo:routepoint_id>1824353603</swisstopo:routepoint_id>
				</extensions>
			</trkpt>
			<trkpt lat="47.0205983245" lon="8.8192351015">
				<ele>1418.7</ele>
				<extensions>
					<swisstopo:routepoint_id>128648355</swisstopo:routepoint_id>
				</extensions>
			</trkpt>
			<trkpt lat="47.0205307583" lon="8.8192726964">
				<ele>1418.6</ele>
				<extensions>
					<swisstopo:routepoint_id>1564845652</swisstopo:routepoint_id>
				</extensions>
			</trkpt>
			<trkpt lat="47.0204357323" lon="8.8193194116">
				<ele>1418.4</ele>
				<extensions>
					<swisstopo:routepoint_id>1318584435</swisstopo:routepoint_id>
				</extensions>
			</trkpt>
			<trkpt lat="47.0203516432" lon="8.8193686185">
				<ele>1418.1</ele>
				<extensions>
					<swisstopo:routepoint_id>792527647</swisstopo:routepoint_id>
				</extensions>
			</trkpt>
			<trkpt lat="47.0203330297" lon="8.8193267134">
				<ele>1417.4</ele>
				<extensions>
					<swisstopo:routepoint_id>1903995142</swisstopo:routepoint_id>
				</extensions>
			</trkpt>
			<trkpt lat="47.0202930503" lon="8.8192996772">
				<ele>1416.7</ele>
				<extensions>
					<swisstopo:routepoint_id>790773654</swisstopo:routepoint_id>
				</extensions>
			</trkpt>
			<trkpt lat="47.0202858754" lon="8.8192439648">
				<ele>1415.6</ele>
				<extensions>
					<swisstopo:routepoint_id>590486863</swisstopo:routepoint_id>
				</extensions>
			</trkpt>
			<trkpt lat="47.0202845976" lon="8.8190913994">
				<ele>1412.7</ele>
				<extensions>
					<swisstopo:routepoint_id>1568706326</swisstopo:routepoint_id>
				</extensions>
			</trkpt>
			<trkpt lat="47.0202907964" lon="8.8190128260">
				<ele>1412.2</ele>
				<extensions>
					<swisstopo:routepoint_id>134510710</swisstopo:routepoint_id>
				</extensions>
			</trkpt>
			<trkpt lat="47.0202925000" lon="8.8189788765">
				<ele>1409.3</ele>
				<extensions>
					<swisstopo:routepoint_id>950129286</swisstopo:routepoint_id>
				</extensions>
			</trkpt>
			<trkpt lat="47.0202691626" lon="8.8189399951">
				<ele>1406.7</ele>
				<extensions>
					<swisstopo:routepoint_id>189544141</swisstopo:routepoint_id>
				</extensions>
			</trkpt>
			<trkpt lat="47.0202664293" lon="8.8188703083">
				<ele>1404.4</ele>
				<extensions>
					<swisstopo:routepoint_id>255429842</swisstopo:routepoint_id>
				</extensions>
			</trkpt>
			<trkpt lat="47.0202745747" lon="8.8187869828">
				<ele>1402.3</ele>
				<extensions>
					<swisstopo:routepoint_id>442365908</swisstopo:routepoint_id>
				</extensions>
			</trkpt>
			<trkpt lat="47.0202562809" lon="8.8186668015">
				<ele>1399.0</ele>
				<extensions>
					<swisstopo:routepoint_id>811513715</swisstopo:routepoint_id>
				</extensions>
			</trkpt>
			<trkpt lat="47.0202298354" lon="8.8186028582">
				<ele>1397.1</ele>
				<extensions>
					<swisstopo:routepoint_id>969846635</swisstopo:routepoint_id>
				</extensions>
			</trkpt>
			<trkpt lat="47.0202283657" lon="8.8185515026">
				<ele>1396.5</ele>
				<extensions>
					<swisstopo:routepoint_id>1823508596</swisstopo:routepoint_id>
				</extensions>
			</trkpt>
			<trkpt lat="47.0202700881" lon="8.8184597276">
				<ele>1393.5</ele>
				<extensions>
					<swisstopo:routepoint_id>844433596</swisstopo:routepoint_id>
				</extensions>
			</trkpt>
			<trkpt lat="47.0202897325" lon="8.8184166896">
				<ele>1390.2</ele>
				<extensions>
					<swisstopo:routepoint_id>2087736047</swisstopo:routepoint_id>
				</extensions>
			</trkpt>
			<trkpt lat="47.0203062890" lon="8.8183266220">
				<ele>1381.7</ele>
				<extensions>
					<swisstopo:routepoint_id>683710671</swisstopo:routepoint_id>
				</extensions>
			</trkpt>
			<trkpt lat="47.0203248647" lon="8.8182661917">
				<ele>1377.3</ele>
				<extensions>
					<swisstopo:routepoint_id>1421261636</swisstopo:routepoint_id>
				</extensions>
			</trkpt>
			<trkpt lat="47.0203744208" lon="8.8182030717">
				<ele>1378.0</ele>
				<extensions>
					<swisstopo:routepoint_id>1890360822</swisstopo:routepoint_id>
				</extensions>
			</trkpt>
			<trkpt lat="47.0203893722" lon="8.8181477703">
				<ele>1373.4</ele>
				<extensions>
					<swisstopo:routepoint_id>599368636</swisstopo:routepoint_id>
				</extensions>
			</trkpt>
			<trkpt lat="47.0203961328" lon="8.8180800642">
				<ele>1368.5</ele>
				<extensions>
					<swisstopo:routepoint_id>19840503</swisstopo:routepoint_id>
				</extensions>
			</trkpt>
			<trkpt lat="47.0204300605" lon="8.8180304736">
				<ele>1365.9</ele>
				<extensions>
					<swisstopo:routepoint_id>627367439</swisstopo:routepoint_id>
				</extensions>
			</trkpt>
			<trkpt lat="47.0204994374" lon="8.8180009217">
				<ele>1364.4</ele>
				<extensions>
					<swisstopo:routepoint_id>1145907105</swisstopo:routepoint_id>
				</extensions>
			</trkpt>
			<trkpt lat="47.0205368525" lon="8.8179583795">
				<ele>1359.9</ele>
				<extensions>
					<swisstopo:routepoint_id>862281523</swisstopo:routepoint_id>
				</extensions>
			</trkpt>
			<trkpt lat="47.0206099045" lon="8.8179202271">
				<ele>1356.1</ele>
				<extensions>
					<swisstopo:routepoint_id>714942184</swisstopo:routepoint_id>
				</extensions>
			</trkpt>
			<trkpt lat="47.0206886263" lon="8.8179065962">
				<ele>1351.2</ele>
				<extensions>
					<swisstopo:routepoint_id>1724724770</swisstopo:routepoint_id>
				</extensions>
			</trkpt>
			<trkpt lat="47.0206866609" lon="8.8178717373">
				<ele>1349.5</ele>
				<extensions>
					<swisstopo:routepoint_id>1843613898</swisstopo:routepoint_id>
				</extensions>
			</trkpt>
			<trkpt lat="47.0206460650" lon="8.8177836723">
				<ele>1342.6</ele>
				<extensions>
					<swisstopo:routepoint_id>1312212363</swisstopo:routepoint_id>
				</extensions>
			</trkpt>
			<trkpt lat="47.0207244435" lon="8.8177978684">
				<ele>1337.9</ele>
				<extensions>
					<swisstopo:routepoint_id>1745970653</swisstopo:routepoint_id>
				</extensions>
			</trkpt>
			<trkpt lat="47.0207284529" lon="8.8177614271">
				<ele>1336.0</ele>
				<extensions>
					<swisstopo:routepoint_id>1508082821</swisstopo:routepoint_id>
				</extensions>
			</trkpt>
			<trkpt lat="47.0206911348" lon="8.8176978225">
				<ele>1328.7</ele>
				<extensions>
					<swisstopo:routepoint_id>116363313</swisstopo:routepoint_id>
				</extensions>
			</trkpt>
			<trkpt lat="47.0207150910" lon="8.8176845068">
				<ele>1330.3</ele>
				<extensions>
					<swisstopo:routepoint_id>626606543</swisstopo:routepoint_id>
				</extensions>
			</trkpt>
			<trkpt lat="47.0207697433" lon="8.8176928843">
				<ele>1329.7</ele>
				<extensions>
					<swisstopo:routepoint_id>1470962001</swisstopo:routepoint_id>
				</extensions>
			</trkpt>
			<trkpt lat="47.0208237594" lon="8.8177534447">
				<ele>1330.2</ele>
				<extensions>
					<swisstopo:routepoint_id>310704094</swisstopo:routepoint_id>
				</extensions>
			</trkpt>
			<trkpt lat="47.0208608357" lon="8.8178379329">
				<ele>1323.5</ele>
				<extensions>
					<swisstopo:routepoint_id>456935338</swisstopo:routepoint_id>
				</extensions>
			</trkpt>
			<trkpt lat="47.0208751882" lon="8.8179305337">
				<ele>1325.8</ele>
				<extensions>
					<swisstopo:routepoint_id>1528705378</swisstopo:routepoint_id>
				</extensions>
			</trkpt>
			<trkpt lat="47.0209101736" lon="8.8179906052">
				<ele>1326.0</ele>
				<extensions>
					<swisstopo:routepoint_id>597941613</swisstopo:routepoint_id>
				</extensions>
			</trkpt>
			<trkpt lat="47.0210012288" lon="8.8180399371">
				<ele>1325.7</ele>
				<extensions>
					<swisstopo:routepoint_id>979928008</swisstopo:routepoint_id>
				</extensions>
			</trkpt>
			<trkpt lat="47.0210666119" lon="8.8180747166">
				<ele>1325.9</ele>
				<extensions>
					<swisstopo:routepoint_id>1607828087</swisstopo:routepoint_id>
				</extensions>
			</trkpt>
			<trkpt lat="47.0210924586" lon="8.8181728091">
				<ele>1314.0</ele>
				<extensions>
					<swisstopo:routepoint_id>358116083</swisstopo:routepoint_id>
				</extensions>
			</trkpt>
			<trkpt lat="47.0211674219" lon="8.8181747369">
				<ele>1311.3</ele>
				<extensions>
					<swisstopo:routepoint_id>952186961</swisstopo:routepoint_id>
				</extensions>
			</trkpt>
			<trkpt lat="47.0212448806" lon="8.8180670789">
				<ele>1298.9</ele>
				<extensions>
					<swisstopo:routepoint_id>985060012</swisstopo:routepoint_id>
				</extensions>
			</trkpt>
			<trkpt lat="47.0213094504" lon="8.8179434345">
				<ele>1291.3</ele>
				<extensions>
					<swisstopo:routepoint_id>1894551383</swisstopo:routepoint_id>
				</extensions>
			</trkpt>
			<trkpt lat="47.0213218949" lon="8.8178900942">
				<ele>1289.3</ele>
				<extensions>
					<swisstopo:routepoint_id>1893966631</swisstopo:routepoint_id>
				</extensions>
			</trkpt>
			<trkpt lat="47.0213760076" lon="8.8178378115">
				<ele>1277.3</ele>
				<extensions>
					<swisstopo:routepoint_id>1172175966</swisstopo:routepoint_id>
				</extensions>
			</trkpt>
			<trkpt lat="47.0214294823" lon="8.8177517824">
				<ele>1268.9</ele>
				<extensions>
					<swisstopo:routepoint_id>1634671891</swisstopo:routepoint_id>
				</extensions>
			</trkpt>
			<trkpt lat="47.0214578661" lon="8.8176589640">
				<ele>1264.0</ele>
				<extensions>
					<swisstopo:routepoint_id>120970679</swisstopo:routepoint_id>
				</extensions>
			</trkpt>
			<trkpt lat="47.0213973418" lon="8.8175469954">
				<ele>1258.7</ele>
				<extensions>
					<swisstopo:routepoint_id>1841090786</swisstopo:routepoint_id>
				</extensions>
			</trkpt>
			<trkpt lat="47.0213763656" lon="8.8174590525">
				<ele>1253.1</ele>
				<extensions>
					<swisstopo:routepoint_id>2080128957</swisstopo:routepoint_id>
				</extensions>
			</trkpt>
			<trkpt lat="47.0214245783" lon="8.8173744134">
				<ele>1249.0</ele>
				<extensions>
					<swisstopo:routepoint_id>1327814762</swisstopo:routepoint_id>
				</extensions>
			</trkpt>
			<trkpt lat="47.0214735762" lon="8.8173112777">
				<ele>1245.7</ele>
				<extensions>
					<swisstopo:routepoint_id>71504205</swisstopo:routepoint_id>
				</extensions>
			</trkpt>
			<trkpt lat="47.0215153460" lon="8.8172387464">
				<ele>1241.5</ele>
				<extensions>
					<swisstopo:routepoint_id>651647415</swisstopo:routepoint_id>
				</extensions>
			</trkpt>
			<trkpt lat="47.0215057706" lon="8.8171633436">
				<ele>1237.3</ele>
				<extensions>
					<swisstopo:routepoint_id>891001078</swisstopo:routepoint_id>
				</extensions>
			</trkpt>
			<trkpt lat="47.0214698676" lon="8.8170964869">
				<ele>1233.3</ele>
				<extensions>
					<swisstopo:routepoint_id>615153048</swisstopo:routepoint_id>
				</extensions>
			</trkpt>
			<trkpt lat="47.0214286658" lon="8.8170340846">
				<ele>1228.7</ele>
				<extensions>
					<swisstopo:routepoint_id>1880218779</swisstopo:routepoint_id>
				</extensions>
			</trkpt>
			<trkpt lat="47.0214545667" lon="8.8169734201">
				<ele>1225.6</ele>
				<extensions>
					<swisstopo:routepoint_id>328616688</swisstopo:routepoint_id>
				</extensions>
			</trkpt>
			<trkpt lat="47.0214933357" lon="8.8168885378">
				<ele>1221.8</ele>
				<extensions>
					<swisstopo:routepoint_id>1795871439</swisstopo:routepoint_id>
				</extensions>
			</trkpt>
			<trkpt lat="47.0215414099" lon="8.8168146424">
				<ele>1218.0</ele>
				<extensions>
					<swisstopo:routepoint_id>148834821</swisstopo:routepoint_id>
				</extensions>
			</trkpt>
			<trkpt lat="47.0216120747" lon="8.8167811886">
				<ele>1216.8</ele>
				<extensions>
					<swisstopo:routepoint_id>8697431</swisstopo:routepoint_id>
				</extensions>
			</trkpt>
			<trkpt lat="47.0216505304" lon="8.8167223589">
				<ele>1212.5</ele>
				<extensions>
					<swisstopo:routepoint_id>2086536363</swisstopo:routepoint_id>
				</extensions>
			</trkpt>
			<trkpt lat="47.0216888849" lon="8.8166727485">
				<ele>1209.3</ele>
				<extensions>
					<swisstopo:routepoint_id>1364741589</swisstopo:routepoint_id>
				</extensions>
			</trkpt>
			<trkpt lat="47.0216739366" lon="8.8166079556">
				<ele>1206.0</ele>
				<extensions>
					<swisstopo:routepoint_id>855905885</swisstopo:routepoint_id>
				</extensions>
			</trkpt>
			<trkpt lat="47.0216431113" lon="8.8165550162">
				<ele>1203.5</ele>
				<extensions>
					<swisstopo:routepoint_id>561486229</swisstopo:routepoint_id>
				</extensions>
			</trkpt>
			<trkpt lat="47.0215852278" lon="8.8164845296">
				<ele>1200.2</ele>
				<extensions>
					<swisstopo:routepoint_id>644521271</swisstopo:routepoint_id>
				</extensions>
			</trkpt>
			<trkpt lat="47.0215470722" lon="8.8164314276">
				<ele>1197.3</ele>
				<extensions>
					<swisstopo:routepoint_id>315510302</swisstopo:routepoint_id>
				</extensions>
			</trkpt>
			<trkpt lat="47.0215750044" lon="8.8163753930">
				<ele>1194.2</ele>
				<extensions>
					<swisstopo:routepoint_id>1815419954</swisstopo:routepoint_id>
				</extensions>
			</trkpt>
			<trkpt lat="47.0216157852" lon="8.8162982315">
				<ele>1189.2</ele>
				<extensions>
					<swisstopo:routepoint_id>59394766</swisstopo:routepoint_id>
				</extensions>
			</trkpt>
			<trkpt lat="47.0215653787" lon="8.8162156627">
				<ele>1184.6</ele>
				<extensions>
					<swisstopo:routepoint_id>1617484077</swisstopo:routepoint_id>
				</extensions>
			</trkpt>
			<trkpt lat="47.0215181567" lon="8.8161316372">
				<ele>1180.7</ele>
				<extensions>
					<swisstopo:routepoint_id>469790407</swisstopo:routepoint_id>
				</extensions>
			</trkpt>
			<trkpt lat="47.0214527869" lon="8.8160732328">
				<ele>1176.4</ele>
				<extensions>
					<swisstopo:routepoint_id>509587349</swisstopo:routepoint_id>
				</extensions>
			</trkpt>
			<trkpt lat="47.0214126001" lon="8.8160139230">
				<ele>1171.6</ele>
				<extensions>
					<swisstopo:routepoint_id>2037756815</swisstopo:routepoint_id>
				</extensions>
			</trkpt>
			<trkpt lat="47.0213809979" lon="8.8159379817">
				<ele>1166.7</ele>
				<extensions>
					<swisstopo:routepoint_id>1169629058</swisstopo:routepoint_id>
				</extensions>
			</trkpt>
			<trkpt lat="47.0214192691" lon="8.8158944991">
				<ele>1164.5</ele>
				<extensions>
					<swisstopo:routepoint_id>1770622391</swisstopo:routepoint_id>
				</extensions>
			</trkpt>
			<trkpt lat="47.0214661528" lon="8.8158328205">
				<ele>1160.7</ele>
				<extensions>
					<swisstopo:routepoint_id>1780113364</swisstopo:routepoint_id>
				</extensions>
			</trkpt>
			<trkpt lat="47.0214441225" lon="8.8157463766">
				<ele>1155.1</ele>
				<extensions>
					<swisstopo:routepoint_id>267407384</swisstopo:routepoint_id>
				</extensions>
			</trkpt>
			<trkpt lat="47.0214140140" lon="8.8156336646">
				<ele>1150.0</ele>
				<extensions>
					<swisstopo:routepoint_id>391896219</swisstopo:routepoint_id>
				</extensions>
			</trkpt>
			<trkpt lat="47.0214514992" lon="8.8155686928">
				<ele>1146.4</ele>
				<extensions>
					<swisstopo:routepoint_id>1514135367</swisstopo:routepoint_id>
				</extensions>
			</trkpt>
			<trkpt lat="47.0215025366" lon="8.8155101982">
				<ele>1142.1</ele>
				<extensions>
					<swisstopo:routepoint_id>211682457</swisstopo:routepoint_id>
				</extensions>
			</trkpt>
			<trkpt lat="47.0214652912" lon="8.8153804253">
				<ele>1137.1</ele>
				<extensions>
					<swisstopo:routepoint_id>869381235</swisstopo:routepoint_id>
				</extensions>
			</trkpt>
			<trkpt lat="47.0214401225" lon="8.8152923623">
				<ele>1133.4</ele>
				<extensions>
					<swisstopo:routepoint_id>873636882</swisstopo:routepoint_id>
				</extensions>
			</trkpt>
			<trkpt lat="47.0215245407" lon="8.8152500633">
				<ele>1128.7</ele>
				<extensions>
					<swisstopo:routepoint_id>1991141269</swisstopo:routepoint_id>
				</extensions>
			</trkpt>
			<trkpt lat="47.0216121253" lon="8.8152047804">
				<ele>1123.9</ele>
				<extensions>
					<swisstopo:routepoint_id>527182792</swisstopo:routepoint_id>
				</extensions>
			</trkpt>
			<trkpt lat="47.0216690359" lon="8.8151801667">
				<ele>1121.2</ele>
				<extensions>
					<swisstopo:routepoint_id>1878808040</swisstopo:routepoint_id>
				</extensions>
			</trkpt>
			<trkpt lat="47.0217220305" lon="8.8151339958">
				<ele>1117.5</ele>
				<extensions>
					<swisstopo:routepoint_id>1660524115</swisstopo:routepoint_id>
				</extensions>
			</trkpt>
			<trkpt lat="47.0217645016" lon="8.8150906203">
				<ele>1113.9</ele>
				<extensions>
					<swisstopo:routepoint_id>1240009629</swisstopo:routepoint_id>
				</extensions>
			</trkpt>
			<trkpt lat="47.0218222208" lon="8.8150000790">
				<ele>1109.9</ele>
				<extensions>
					<swisstopo:routepoint_id>584380480</swisstopo:routepoint_id>
				</extensions>
			</trkpt>
			<trkpt lat="47.0218767736" lon="8.8149109955">
				<ele>1107.6</ele>
				<extensions>
					<swisstopo:routepoint_id>1064640812</swisstopo:routepoint_id>
				</extensions>
			</trkpt>
			<trkpt lat="47.0218855232" lon="8.8148805548">
				<ele>1106.7</ele>
				<extensions>
					<swisstopo:routepoint_id>1577295340</swisstopo:routepoint_id>
				</extensions>
			</trkpt>
			<trkpt lat="47.0218735291" lon="8.8148311771">
				<ele>1104.9</ele>
				<extensions>
					<swisstopo:routepoint_id>1324079422</swisstopo:routepoint_id>
				</extensions>
			</trkpt>
			<trkpt lat="47.0218316968" lon="8.8147334906">
				<ele>1101.8</ele>
				<extensions>
					<swisstopo:routepoint_id>230709351</swisstopo:routepoint_id>
				</extensions>
			</trkpt>
			<trkpt lat="47.0218323215" lon="8.8146813847">
				<ele>1100.4</ele>
				<extensions>
					<swisstopo:routepoint_id>946557361</swisstopo:routepoint_id>
				</extensions>
			</trkpt>
			<trkpt lat="47.0218657622" lon="8.8146040332">
				<ele>1098.3</ele>
				<extensions>
					<swisstopo:routepoint_id>1732404941</swisstopo:routepoint_id>
				</extensions>
			</trkpt>
			<trkpt lat="47.0219046215" lon="8.8145114684">
				<ele>1096.2</ele>
				<extensions>
					<swisstopo:routepoint_id>438237272</swisstopo:routepoint_id>
				</extensions>
			</trkpt>
			<trkpt lat="47.0219317018" lon="8.8144401105">
				<ele>1093.8</ele>
				<extensions>
					<swisstopo:routepoint_id>1406425343</swisstopo:routepoint_id>
				</extensions>
			</trkpt>
			<trkpt lat="47.0219155074" lon="8.8143906253">
				<ele>1092.1</ele>
				<extensions>
					<swisstopo:routepoint_id>1432804222</swisstopo:routepoint_id>
				</extensions>
			</trkpt>
			<trkpt lat="47.0218787433" lon="8.8143083952">
				<ele>1089.3</ele>
				<extensions>
					<swisstopo:routepoint_id>1935209891</swisstopo:routepoint_id>
				</extensions>
			</trkpt>
			<trkpt lat="47.0218662202" lon="8.8142160646">
				<ele>1086.1</ele>
				<extensions>
					<swisstopo:routepoint_id>1494805671</swisstopo:routepoint_id>
				</extensions>
			</trkpt>
			<trkpt lat="47.0218709477" lon="8.8140843027">
				<ele>1082.5</ele>
				<extensions>
					<swisstopo:routepoint_id>310194420</swisstopo:routepoint_id>
				</extensions>
			</trkpt>
			<trkpt lat="47.0218662134" lon="8.8139538507">
				<ele>1078.5</ele>
				<extensions>
					<swisstopo:routepoint_id>1196230862</swisstopo:routepoint_id>
				</extensions>
			</trkpt>
			<trkpt lat="47.0218448249" lon="8.8138137496">
				<ele>1074.2</ele>
				<extensions>
					<swisstopo:routepoint_id>1177884244</swisstopo:routepoint_id>
				</extensions>
			</trkpt>
			<trkpt lat="47.0218129804" lon="8.8135829104">
				<ele>1068.9</ele>
				<extensions>
					<swisstopo:routepoint_id>1924206231</swisstopo:routepoint_id>
				</extensions>
			</trkpt>
			<trkpt lat="47.0217988569" lon="8.8134491395">
				<ele>1064.3</ele>
				<extensions>
					<swisstopo:routepoint_id>79333853</swisstopo:routepoint_id>
				</extensions>
			</trkpt>
			<trkpt lat="47.0218799800" lon="8.8134174747">
				<ele>1063.7</ele>
				<extensions>
					<swisstopo:routepoint_id>1985983082</swisstopo:routepoint_id>
				</extensions>
			</trkpt>
			<trkpt lat="47.0219360579" lon="8.8133759721">
				<ele>1062.4</ele>
				<extensions>
					<swisstopo:routepoint_id>295401957</swisstopo:routepoint_id>
				</extensions>
			</trkpt>
			<trkpt lat="47.0220395466" lon="8.8133157675">
				<ele>1061.4</ele>
				<extensions>
					<swisstopo:routepoint_id>2016405952</swisstopo:routepoint_id>
				</extensions>
			</trkpt>
			<trkpt lat="47.0221144841" lon="8.8132762741">
				<ele>1060.9</ele>
				<extensions>
					<swisstopo:routepoint_id>513384793</swisstopo:routepoint_id>
				</extensions>
			</trkpt>
			<trkpt lat="47.0221724369" lon="8.8132532241">
				<ele>1060.6</ele>
				<extensions>
					<swisstopo:routepoint_id>191690299</swisstopo:routepoint_id>
				</extensions>
			</trkpt>
			<trkpt lat="47.0221257968" lon="8.8132075634">
				<ele>1059.0</ele>
				<extensions>
					<swisstopo:routepoint_id>335927066</swisstopo:routepoint_id>
				</extensions>
			</trkpt>
			<trkpt lat="47.0220697136" lon="8.8131616475">
				<ele>1057.0</ele>
				<extensions>
					<swisstopo:routepoint_id>1325666613</swisstopo:routepoint_id>
				</extensions>
			</trkpt>
			<trkpt lat="47.0219886303" lon="8.8131013047">
				<ele>1054.8</ele>
				<extensions>
					<swisstopo:routepoint_id>1919742963</swisstopo:routepoint_id>
				</extensions>
			</trkpt>
			<trkpt lat="47.0219013615" lon="8.8130331338">
				<ele>1052.5</ele>
				<extensions>
					<swisstopo:routepoint_id>1737318225</swisstopo:routepoint_id>
				</extensions>
			</trkpt>
			<trkpt lat="47.0218424877" lon="8.8129580210">
				<ele>1051.0</ele>
				<extensions>
					<swisstopo:routepoint_id>489474605</swisstopo:routepoint_id>
				</extensions>
			</trkpt>
			<trkpt lat="47.0218066742" lon="8.8128834989">
				<ele>1049.3</ele>
				<extensions>
					<swisstopo:routepoint_id>1062974114</swisstopo:routepoint_id>
				</extensions>
			</trkpt>
			<trkpt lat="47.0218666307" lon="8.8128681561">
				<ele>1049.0</ele>
				<extensions>
					<swisstopo:routepoint_id>118253427</swisstopo:routepoint_id>
				</extensions>
			</trkpt>
			<trkpt lat="47.0219486134" lon="8.8128533911">
				<ele>1048.4</ele>
				<extensions>
					<swisstopo:routepoint_id>670177306</swisstopo:routepoint_id>
				</extensions>
			</trkpt>
			<trkpt lat="47.0220136482" lon="8.8128519785">
				<ele>1048.3</ele>
				<extensions>
					<swisstopo:routepoint_id>1383567746</swisstopo:routepoint_id>
				</extensions>
			</trkpt>
			<trkpt lat="47.0220712524" lon="8.8128580586">
				<ele>1047.4</ele>
				<extensions>
					<swisstopo:routepoint_id>415856212</swisstopo:routepoint_id>
				</extensions>
			</trkpt>
			<trkpt lat="47.0221287925" lon="8.8128687411">
				<ele>1047.0</ele>
				<extensions>
					<swisstopo:routepoint_id>1097212943</swisstopo:routepoint_id>
				</extensions>
			</trkpt>
			<trkpt lat="47.0222020536" lon="8.8128813395">
				<ele>1047.3</ele>
				<extensions>
					<swisstopo:routepoint_id>1915768402</swisstopo:routepoint_id>
				</extensions>
			</trkpt>
			<trkpt lat="47.0222331678" lon="8.8128238710">
				<ele>1044.9</ele>
				<extensions>
					<swisstopo:routepoint_id>760108794</swisstopo:routepoint_id>
				</extensions>
			</trkpt>
			<trkpt lat="47.0222603451" lon="8.8127608417">
				<ele>1041.6</ele>
				<extensions>
					<swisstopo:routepoint_id>1208779402</swisstopo:routepoint_id>
				</extensions>
			</trkpt>
			<trkpt lat="47.0221633669" lon="8.8126860552">
				<ele>1040.3</ele>
				<extensions>
					<swisstopo:routepoint_id>224824925</swisstopo:routepoint_id>
				</extensions>
			</trkpt>
			<trkpt lat="47.0220648604" lon="8.8125683426">
				<ele>1039.6</ele>
				<extensions>
					<swisstopo:routepoint_id>368127876</swisstopo:routepoint_id>
				</extensions>
			</trkpt>
			<trkpt lat="47.0219881834" lon="8.8124796053">
				<ele>1039.5</ele>
				<extensions>
					<swisstopo:routepoint_id>1299986122</swisstopo:routepoint_id>
				</extensions>
			</trkpt>
			<trkpt lat="47.0219577685" lon="8.8124560809">
				<ele>1039.6</ele>
				<extensions>
					<swisstopo:routepoint_id>1013318576</swisstopo:routepoint_id>
				</extensions>
			</trkpt>
			<trkpt lat="47.0219121554" lon="8.8124208006">
				<ele>1038.7</ele>
				<extensions>
					<swisstopo:routepoint_id>1975305707</swisstopo:routepoint_id>
				</extensions>
			</trkpt>
			<trkpt lat="47.0217915225" lon="8.8121853606">
				<ele>1033.8</ele>
				<extensions>
					<swisstopo:routepoint_id>1114938426</swisstopo:routepoint_id>
				</extensions>
			</trkpt>
			<trkpt lat="47.0217675273" lon="8.8121388603">
				<ele>1033.2</ele>
				<extensions>
					<swisstopo:routepoint_id>272862053</swisstopo:routepoint_id>
				</extensions>
			</trkpt>
			<trkpt lat="47.0217086329" lon="8.8119970107">
				<ele>1031.7</ele>
				<extensions>
					<swisstopo:routepoint_id>954098486</swisstopo:routepoint_id>
				</extensions>
			</trkpt>
			<trkpt lat="47.0216810406" lon="8.8119263175">
				<ele>1031.1</ele>
				<extensions>
					<swisstopo:routepoint_id>867892130</swisstopo:routepoint_id>
				</extensions>
			</trkpt>
			<trkpt lat="47.0216579679" lon="8.8118748946">
				<ele>1030.9</ele>
				<extensions>
					<swisstopo:routepoint_id>129741405</swisstopo:routepoint_id>
				</extensions>
			</trkpt>
			<trkpt lat="47.0216383202" lon="8.8118221911">
				<ele>1030.9</ele>
				<extensions>
					<swisstopo:routepoint_id>1614038387</swisstopo:routepoint_id>
				</extensions>
			</trkpt>
			<trkpt lat="47.0216249769" lon="8.8117696622">
				<ele>1030.9</ele>
				<extensions>
					<swisstopo:routepoint_id>141924251</swisstopo:routepoint_id>
				</extensions>
			</trkpt>
			<trkpt lat="47.0216238480" lon="8.8117098685">
				<ele>1030.9</ele>
				<extensions>
					<swisstopo:routepoint_id>1375614379</swisstopo:routepoint_id>
				</extensions>
			</trkpt>
			<trkpt lat="47.0216260250" lon="8.8116557242">
				<ele>1030.9</ele>
				<extensions>
					<swisstopo:routepoint_id>1467045598</swisstopo:routepoint_id>
				</extensions>
			</trkpt>
			<trkpt lat="47.0216350414" lon="8.8115961638">
				<ele>1030.8</ele>
				<extensions>
					<swisstopo:routepoint_id>640869729</swisstopo:routepoint_id>
				</extensions>
			</trkpt>
			<trkpt lat="47.0216487894" lon="8.8114990343">
				<ele>1030.8</ele>
				<extensions>
					<swisstopo:routepoint_id>1862715385</swisstopo:routepoint_id>
				</extensions>
			</trkpt>
			<trkpt lat="47.0216511264" lon="8.8114473013">
				<ele>1030.8</ele>
				<extensions>
					<swisstopo:routepoint_id>879445777</swisstopo:routepoint_id>
				</extensions>
			</trkpt>
			<trkpt lat="47.0216305241" lon="8.8113570413">
				<ele>1030.9</ele>
				<extensions>
					<swisstopo:routepoint_id>1233446724</swisstopo:routepoint_id>
				</extensions>
			</trkpt>
			<trkpt lat="47.0216180931" lon="8.8113087194">
				<ele>1030.5</ele>
				<extensions>
					<swisstopo:routepoint_id>1189769363</swisstopo:routepoint_id>
				</extensions>
			</trkpt>
			<trkpt lat="47.0216110109" lon="8.8112584687">
				<ele>1030.1</ele>
				<extensions>
					<swisstopo:routepoint_id>1144151743</swisstopo:routepoint_id>
				</extensions>
			</trkpt>
			<trkpt lat="47.0216121336" lon="8.8112112433">
				<ele>1030.0</ele>
				<extensions>
					<swisstopo:routepoint_id>879275250</swisstopo:routepoint_id>
				</extensions>
			</trkpt>
			<trkpt lat="47.0216276811" lon="8.8111005178">
				<ele>1030.0</ele>
				<extensions>
					<swisstopo:routepoint_id>19729384</swisstopo:routepoint_id>
				</extensions>
			</trkpt>
			<trkpt lat="47.0216356185" lon="8.8110152766">
				<ele>1030.1</ele>
				<extensions>
					<swisstopo:routepoint_id>1528168272</swisstopo:routepoint_id>
				</extensions>
			</trkpt>
			<trkpt lat="47.0217464475" lon="8.8111386284">
				<ele>1029.3</ele>
				<extensions>
					<swisstopo:routepoint_id>1992713491</swisstopo:routepoint_id>
				</extensions>
			</trkpt>
			<trkpt lat="47.0217838286" lon="8.8111702106">
				<ele>1029.1</ele>
				<extensions>
					<swisstopo:routepoint_id>1808747768</swisstopo:routepoint_id>
				</extensions>
			</trkpt>
			<trkpt lat="47.0218452168" lon="8.8111660454">
				<ele>1028.7</ele>
				<extensions>
					<swisstopo:routepoint_id>1158115847</swisstopo:routepoint_id>
				</extensions>
			</trkpt>
			<trkpt lat="47.0219065961" lon="8.8111618669">
				<ele>1029.1</ele>
				<extensions>
					<swisstopo:routepoint_id>292541690</swisstopo:routepoint_id>
				</extensions>
			</trkpt>
			<trkpt lat="47.0219621254" lon="8.8111590543">
				<ele>1029.0</ele>
				<extensions>
					<swisstopo:routepoint_id>439279478</swisstopo:routepoint_id>
				</extensions>
			</trkpt>
			<trkpt lat="47.0219065961" lon="8.8111618669">
				<ele>1029.1</ele>
				<extensions>
					<swisstopo:routepoint_id>861217294</swisstopo:routepoint_id>
				</extensions>
			</trkpt>
			<trkpt lat="47.0218452168" lon="8.8111660454">
				<ele>1028.7</ele>
				<extensions>
					<swisstopo:routepoint_id>1063507325</swisstopo:routepoint_id>
				</extensions>
			</trkpt>
			<trkpt lat="47.0217838286" lon="8.8111702106">
				<ele>1029.1</ele>
				<extensions>
					<swisstopo:routepoint_id>494800987</swisstopo:routepoint_id>
				</extensions>
			</trkpt>
			<trkpt lat="47.0217464475" lon="8.8111386284">
				<ele>1029.3</ele>
				<extensions>
					<swisstopo:routepoint_id>1160720905</swisstopo:routepoint_id>
				</extensions>
			</trkpt>
			<trkpt lat="47.0216356185" lon="8.8110152766">
				<ele>1030.1</ele>
				<extensions>
					<swisstopo:routepoint_id>939968491</swisstopo:routepoint_id>
				</extensions>
			</trkpt>
			<trkpt lat="47.0216351961" lon="8.8109317160">
				<ele>1030.6</ele>
				<extensions>
					<swisstopo:routepoint_id>28677117</swisstopo:routepoint_id>
				</extensions>
			</trkpt>
			<trkpt lat="47.0216235774" lon="8.8107770405">
				<ele>1030.9</ele>
				<extensions>
					<swisstopo:routepoint_id>1751260757</swisstopo:routepoint_id>
				</extensions>
			</trkpt>
			<trkpt lat="47.0216134265" lon="8.8106478321">
				<ele>1031.0</ele>
				<extensions>
					<swisstopo:routepoint_id>1060749272</swisstopo:routepoint_id>
				</extensions>
			</trkpt>
			<trkpt lat="47.0216081506" lon="8.8105450591">
				<ele>1031.1</ele>
				<extensions>
					<swisstopo:routepoint_id>1292233169</swisstopo:routepoint_id>
				</extensions>
			</trkpt>
			<trkpt lat="47.0216064270" lon="8.8104890257">
				<ele>1031.2</ele>
				<extensions>
					<swisstopo:routepoint_id>1021112278</swisstopo:routepoint_id>
				</extensions>
			</trkpt>
			<trkpt lat="47.0216104185" lon="8.8103771231">
				<ele>1031.4</ele>
				<extensions>
					<swisstopo:routepoint_id>1961889988</swisstopo:routepoint_id>
				</extensions>
			</trkpt>
			<trkpt lat="47.0216108705" lon="8.8102753120">
				<ele>1031.2</ele>
				<extensions>
					<swisstopo:routepoint_id>1149180837</swisstopo:routepoint_id>
				</extensions>
			</trkpt>
			<trkpt lat="47.0216073614" lon="8.8101691901">
				<ele>1031.0</ele>
				<extensions>
					<swisstopo:routepoint_id>2077787872</swisstopo:routepoint_id>
				</extensions>
			</trkpt>
			<trkpt lat="47.0215908113" lon="8.8100491849">
				<ele>1030.4</ele>
				<extensions>
					<swisstopo:routepoint_id>1715733963</swisstopo:routepoint_id>
				</extensions>
			</trkpt>
			<trkpt lat="47.0215565016" lon="8.8098719472">
				<ele>1030.0</ele>
				<extensions>
					<swisstopo:routepoint_id>1542196458</swisstopo:routepoint_id>
				</extensions>
			</trkpt>
			<trkpt lat="47.0215378999" lon="8.8097858305">
				<ele>1030.2</ele>
				<extensions>
					<swisstopo:routepoint_id>965418049</swisstopo:routepoint_id>
				</extensions>
			</trkpt>
			<trkpt lat="47.0215046751" lon="8.8096887237">
				<ele>1030.6</ele>
				<extensions>
					<swisstopo:routepoint_id>1494492423</swisstopo:routepoint_id>
				</extensions>
			</trkpt>
			<trkpt lat="47.0214526183" lon="8.8095985686">
				<ele>1030.9</ele>
				<extensions>
					<swisstopo:routepoint_id>1859955165</swisstopo:routepoint_id>
				</extensions>
			</trkpt>
			<trkpt lat="47.0214105680" lon="8.8095232979">
				<ele>1031.2</ele>
				<extensions>
					<swisstopo:routepoint_id>667597699</swisstopo:routepoint_id>
				</extensions>
			</trkpt>
			<trkpt lat="47.0213937806" lon="8.8094675379">
				<ele>1031.4</ele>
				<extensions>
					<swisstopo:routepoint_id>1053785044</swisstopo:routepoint_id>
				</extensions>
			</trkpt>
			<trkpt lat="47.0213710813" lon="8.8093041346">
				<ele>1031.5</ele>
				<extensions>
					<swisstopo:routepoint_id>821516401</swisstopo:routepoint_id>
				</extensions>
			</trkpt>
			<trkpt lat="47.0213579667" lon="8.8092474290">
				<ele>1031.4</ele>
				<extensions>
					<swisstopo:routepoint_id>2080579386</swisstopo:routepoint_id>
				</extensions>
			</trkpt>
			<trkpt lat="47.0213059124" lon="8.8092655427">
				<ele>1031.5</ele>
				<extensions>
					<swisstopo:routepoint_id>292085483</swisstopo:routepoint_id>
				</extensions>
			</trkpt>
			<trkpt lat="47.0212459407" lon="8.8093040289">
				<ele>1031.7</ele>
				<extensions>
					<swisstopo:routepoint_id>2067387249</swisstopo:routepoint_id>
				</extensions>
			</trkpt>
			<trkpt lat="47.0211969712" lon="8.8093184458">
				<ele>1031.8</ele>
				<extensions>
					<swisstopo:routepoint_id>657004868</swisstopo:routepoint_id>
				</extensions>
			</trkpt>
			<trkpt lat="47.0211589628" lon="8.8093122519">
				<ele>1031.9</ele>
				<extensions>
					<swisstopo:routepoint_id>1121376420</swisstopo:routepoint_id>
				</extensions>
			</trkpt>
			<trkpt lat="47.0211091387" lon="8.8092987971">
				<ele>1032.0</ele>
				<extensions>
					<swisstopo:routepoint_id>1286742530</swisstopo:routepoint_id>
				</extensions>
			</trkpt>
			<trkpt lat="47.0210546932" lon="8.8092730427">
				<ele>1032.2</ele>
				<extensions>
					<swisstopo:routepoint_id>1834132624</swisstopo:routepoint_id>
				</extensions>
			</trkpt>
			<trkpt lat="47.0210114167" lon="8.8092092788">
				<ele>1032.4</ele>
				<extensions>
					<swisstopo:routepoint_id>35630070</swisstopo:routepoint_id>
				</extensions>
			</trkpt>
			<trkpt lat="47.0209857221" lon="8.8091686042">
				<ele>1032.6</ele>
				<extensions>
					<swisstopo:routepoint_id>567953855</swisstopo:routepoint_id>
				</extensions>
			</trkpt>
			<trkpt lat="47.0209474890" lon="8.8091360419">
				<ele>1032.8</ele>
				<extensions>
					<swisstopo:routepoint_id>1220906420</swisstopo:routepoint_id>
				</extensions>
			</trkpt>
			<trkpt lat="47.0209296348" lon="8.8092592841">
				<ele>1032.7</ele>
				<extensions>
					<swisstopo:routepoint_id>1506390529</swisstopo:routepoint_id>
				</extensions>
			</trkpt>
			<trkpt lat="47.0209169813" lon="8.8093492579">
				<ele>1032.7</ele>
				<extensions>
					<swisstopo:routepoint_id>1052812766</swisstopo:routepoint_id>
				</extensions>
			</trkpt>
			<trkpt lat="47.0208974435" lon="8.8094085754">
				<ele>1032.7</ele>
				<extensions>
					<swisstopo:routepoint_id>1048569264</swisstopo:routepoint_id>
				</extensions>
			</trkpt>
			<trkpt lat="47.0208194626" lon="8.8094619399">
				<ele>1032.8</ele>
				<extensions>
					<swisstopo:routepoint_id>50916110</swisstopo:routepoint_id>
				</extensions>
			</trkpt>
			<trkpt lat="47.0207227833" lon="8.8095028421">
				<ele>1032.9</ele>
				<extensions>
					<swisstopo:routepoint_id>2026741032</swisstopo:routepoint_id>
				</extensions>
			</trkpt>
			<trkpt lat="47.0206671393" lon="8.8095118917">
				<ele>1032.9</ele>
				<extensions>
					<swisstopo:routepoint_id>538428949</swisstopo:routepoint_id>
				</extensions>
			</trkpt>
			<trkpt lat="47.0205384520" lon="8.8094721067">
				<ele>1033.0</ele>
				<extensions>
					<swisstopo:routepoint_id>1038189032</swisstopo:routepoint_id>
				</extensions>
			</trkpt>
		</trkseg>
	</trk>
</gpx>
