<?xml version="1.0"?>
<gpx version="1.1" creator="Generated by Swisstopo App. See https://www.swisstopo.ch/app for more information." xmlns="http://www.topografix.com/GPX/1/1" xmlns:xsi="http://www.w3.org/2001/XMLSchema-instance" xmlns:swisstopo="https://prod-static.swisstopo-app.ch/xmlschemas/SwisstopoExtensions" xsi:schemaLocation="http://www.topografix.com/GPX/1/1 http://www.topografix.com/GPX/1/1/gpx.xsd https://swisstopo-app.ch/xmlschemas/SwisstopoExtensions https://prod-static.swisstopo-app.ch/xmlschemas/SwisstopoExtensions.xsd">
	<metadata>
		<name>Engelberger Lücke &amp; Rotstock</name>
		<desc></desc>
		<time>2026-07-30T12:47:19+02:00</time>
		<extensions>
			<swisstopo:tour_type>0</swisstopo:tour_type>
		</extensions>
	</metadata>
	<wpt lat="46.8412114974" lon="8.4111954360">
		<ele>1859.8</ele>
		<extensions>
			<swisstopo:waypoint_id>0</swisstopo:waypoint_id>
			<swisstopo:waypoint_is_controlpoint>1</swisstopo:waypoint_is_controlpoint>
			<swisstopo:waypoint_routepoint_id>717297160</swisstopo:waypoint_routepoint_id>
			<swisstopo:waypoint_meters_into_tour>0.000000</swisstopo:waypoint_meters_into_tour>
		</extensions>
		<name></name>
	</wpt>
	<wpt lat="46.8717608960" lon="8.4357445237">
		<ele>1718.3</ele>
		<extensions>
			<swisstopo:waypoint_id>421385055</swisstopo:waypoint_id>
			<swisstopo:waypoint_is_controlpoint>1</swisstopo:waypoint_is_controlpoint>
			<swisstopo:waypoint_routepoint_id>252292438</swisstopo:waypoint_routepoint_id>
			<swisstopo:waypoint_meters_into_tour>15804.849574</swisstopo:waypoint_meters_into_tour>
			<swisstopo:waypoint_stage_before distance="15804.849574" duration="22166.353500" ascent="1134.265869" descent="1275.732910" />
		</extensions>
		<name>Destination</name>
	</wpt>
	<trk>
		<name>Engelberger Lücke &amp; Rotstock</name>
		<trkseg>
			<trkpt lat="46.8412114974" lon="8.4111954360">
				<ele>1859.8</ele>
				<time>1970-01-01T01:00:00+01:00</time>
				<extensions>
					<swisstopo:routepoint_id>717297160</swisstopo:routepoint_id>
				</extensions>
			</trkpt>
			<trkpt lat="46.8412114974" lon="8.4111954360">
				<ele>1859.8</ele>
				<extensions>
					<swisstopo:waypoint_id>0</swisstopo:waypoint_id>
					<swisstopo:waypoint_is_controlpoint>1</swisstopo:waypoint_is_controlpoint>
					<swisstopo:waypoint_routepoint_id>717297160</swisstopo:waypoint_routepoint_id>
					<swisstopo:waypoint_meters_into_tour>0.000000</swisstopo:waypoint_meters_into_tour>
					<swisstopo:waypoint_trackpoint_id>swisstopo-11</swisstopo:waypoint_trackpoint_id>
				</extensions>
				<name>swisstopo-11</name>
			</trkpt>
			<trkpt lat="46.8412136830" lon="8.4111994491">
				<ele>1859.8</ele>
				<time>1970-01-01T01:00:00+01:00</time>
				<extensions>
					<swisstopo:routepoint_id>2050266936</swisstopo:routepoint_id>
				</extensions>
			</trkpt>
			<trkpt lat="46.8412549666" lon="8.4112522559">
				<ele>1860.2</ele>
				<time>1970-01-01T01:00:00+01:00</time>
				<extensions>
					<swisstopo:routepoint_id>1078408065</swisstopo:routepoint_id>
				</extensions>
			</trkpt>
			<trkpt lat="46.8412781111" lon="8.4112927258">
				<ele>1860.4</ele>
				<time>1970-01-01T01:00:00+01:00</time>
				<extensions>
					<swisstopo:routepoint_id>1720646790</swisstopo:routepoint_id>
				</extensions>
			</trkpt>
			<trkpt lat="46.8412863480" lon="8.4113502586">
				<ele>1860.4</ele>
				<time>1970-01-01T01:00:00+01:00</time>
				<extensions>
					<swisstopo:routepoint_id>1970825017</swisstopo:routepoint_id>
				</extensions>
			</trkpt>
			<trkpt lat="46.8412850236" lon="8.4114076178">
				<ele>1860.7</ele>
				<time>1970-01-01T01:00:00+01:00</time>
				<extensions>
					<swisstopo:routepoint_id>952647457</swisstopo:routepoint_id>
				</extensions>
			</trkpt>
			<trkpt lat="46.8412740079" lon="8.4114821613">
				<ele>1860.9</ele>
				<time>1970-01-01T01:00:00+01:00</time>
				<extensions>
					<swisstopo:routepoint_id>213926100</swisstopo:routepoint_id>
				</extensions>
			</trkpt>
			<trkpt lat="46.8412544762" lon="8.4115351930">
				<ele>1861.2</ele>
				<time>1970-01-01T01:00:00+01:00</time>
				<extensions>
					<swisstopo:routepoint_id>2053696031</swisstopo:routepoint_id>
				</extensions>
			</trkpt>
			<trkpt lat="46.8412159129" lon="8.4115771966">
				<ele>1861.5</ele>
				<time>1970-01-01T01:00:00+01:00</time>
				<extensions>
					<swisstopo:routepoint_id>1913761057</swisstopo:routepoint_id>
				</extensions>
			</trkpt>
			<trkpt lat="46.8411533305" lon="8.4116413418">
				<ele>1861.7</ele>
				<time>1970-01-01T01:00:00+01:00</time>
				<extensions>
					<swisstopo:routepoint_id>727491829</swisstopo:routepoint_id>
				</extensions>
			</trkpt>
			<trkpt lat="46.8411381132" lon="8.4116535345">
				<ele>1861.6</ele>
				<time>1970-01-01T01:00:00+01:00</time>
				<extensions>
					<swisstopo:routepoint_id>1536178965</swisstopo:routepoint_id>
				</extensions>
			</trkpt>
			<trkpt lat="46.8411210829" lon="8.4116737179">
				<ele>1861.5</ele>
				<time>1970-01-01T01:00:00+01:00</time>
				<extensions>
					<swisstopo:routepoint_id>1893151003</swisstopo:routepoint_id>
				</extensions>
			</trkpt>
			<trkpt lat="46.8410875526" lon="8.4117194308">
				<ele>1861.5</ele>
				<time>1970-01-01T01:00:00+01:00</time>
				<extensions>
					<swisstopo:routepoint_id>1322381634</swisstopo:routepoint_id>
				</extensions>
			</trkpt>
			<trkpt lat="46.8410482190" lon="8.4117641600">
				<ele>1861.0</ele>
				<time>1970-01-01T01:00:00+01:00</time>
				<extensions>
					<swisstopo:routepoint_id>1049295405</swisstopo:routepoint_id>
				</extensions>
			</trkpt>
			<trkpt lat="46.8410094629" lon="8.4118097783">
				<ele>1861.0</ele>
				<time>1970-01-01T01:00:00+01:00</time>
				<extensions>
					<swisstopo:routepoint_id>1567339273</swisstopo:routepoint_id>
				</extensions>
			</trkpt>
			<trkpt lat="46.8409811584" lon="8.4118555846">
				<ele>1860.9</ele>
				<time>1970-01-01T01:00:00+01:00</time>
				<extensions>
					<swisstopo:routepoint_id>535746086</swisstopo:routepoint_id>
				</extensions>
			</trkpt>
			<trkpt lat="46.8409527477" lon="8.4119138702">
				<ele>1860.9</ele>
				<time>1970-01-01T01:00:00+01:00</time>
				<extensions>
					<swisstopo:routepoint_id>1046739206</swisstopo:routepoint_id>
				</extensions>
			</trkpt>
			<trkpt lat="46.8409201259" lon="8.4119881137">
				<ele>1861.3</ele>
				<time>1970-01-01T01:00:00+01:00</time>
				<extensions>
					<swisstopo:routepoint_id>1034658531</swisstopo:routepoint_id>
				</extensions>
			</trkpt>
			<trkpt lat="46.8408994159" lon="8.4120305052">
				<ele>1861.8</ele>
				<time>1970-01-01T01:00:00+01:00</time>
				<extensions>
					<swisstopo:routepoint_id>1452100206</swisstopo:routepoint_id>
				</extensions>
			</trkpt>
			<trkpt lat="46.8408521350" lon="8.4120756937">
				<ele>1861.9</ele>
				<time>1970-01-01T01:00:00+01:00</time>
				<extensions>
					<swisstopo:routepoint_id>1424838175</swisstopo:routepoint_id>
				</extensions>
			</trkpt>
			<trkpt lat="46.8408222223" lon="8.4121022255">
				<ele>1861.8</ele>
				<time>1970-01-01T01:00:00+01:00</time>
				<extensions>
					<swisstopo:routepoint_id>392551439</swisstopo:routepoint_id>
				</extensions>
			</trkpt>
			<trkpt lat="46.8407664744" lon="8.4121613536">
				<ele>1862.4</ele>
				<time>1970-01-01T01:00:00+01:00</time>
				<extensions>
					<swisstopo:routepoint_id>25917125</swisstopo:routepoint_id>
				</extensions>
			</trkpt>
			<trkpt lat="46.8407234119" lon="8.4122171718">
				<ele>1863.2</ele>
				<time>1970-01-01T01:00:00+01:00</time>
				<extensions>
					<swisstopo:routepoint_id>515279240</swisstopo:routepoint_id>
				</extensions>
			</trkpt>
			<trkpt lat="46.8406885503" lon="8.4122554518">
				<ele>1863.4</ele>
				<time>1970-01-01T01:00:00+01:00</time>
				<extensions>
					<swisstopo:routepoint_id>638459050</swisstopo:routepoint_id>
				</extensions>
			</trkpt>
			<trkpt lat="46.8406479947" lon="8.4122883204">
				<ele>1863.3</ele>
				<time>1970-01-01T01:00:00+01:00</time>
				<extensions>
					<swisstopo:routepoint_id>821670492</swisstopo:routepoint_id>
				</extensions>
			</trkpt>
			<trkpt lat="46.8405906933" lon="8.4123270731">
				<ele>1863.9</ele>
				<time>1970-01-01T01:00:00+01:00</time>
				<extensions>
					<swisstopo:routepoint_id>83235147</swisstopo:routepoint_id>
				</extensions>
			</trkpt>
			<trkpt lat="46.8405404046" lon="8.4123535770">
				<ele>1864.6</ele>
				<time>1970-01-01T01:00:00+01:00</time>
				<extensions>
					<swisstopo:routepoint_id>1661569751</swisstopo:routepoint_id>
				</extensions>
			</trkpt>
			<trkpt lat="46.8404739086" lon="8.4123912719">
				<ele>1865.0</ele>
				<time>1970-01-01T01:00:00+01:00</time>
				<extensions>
					<swisstopo:routepoint_id>1311746002</swisstopo:routepoint_id>
				</extensions>
			</trkpt>
			<trkpt lat="46.8404249079" lon="8.4124027620">
				<ele>1865.3</ele>
				<time>1970-01-01T01:00:00+01:00</time>
				<extensions>
					<swisstopo:routepoint_id>531592250</swisstopo:routepoint_id>
				</extensions>
			</trkpt>
			<trkpt lat="46.8403891001" lon="8.4124180300">
				<ele>1865.3</ele>
				<time>1970-01-01T01:00:00+01:00</time>
				<extensions>
					<swisstopo:routepoint_id>950910531</swisstopo:routepoint_id>
				</extensions>
			</trkpt>
			<trkpt lat="46.8403651679" lon="8.4124573859">
				<ele>1865.5</ele>
				<time>1970-01-01T01:00:00+01:00</time>
				<extensions>
					<swisstopo:routepoint_id>59050177</swisstopo:routepoint_id>
				</extensions>
			</trkpt>
			<trkpt lat="46.8403429540" lon="8.4124967864">
				<ele>1865.8</ele>
				<time>1970-01-01T01:00:00+01:00</time>
				<extensions>
					<swisstopo:routepoint_id>1144134018</swisstopo:routepoint_id>
				</extensions>
			</trkpt>
			<trkpt lat="46.8403051404" lon="8.4125447411">
				<ele>1865.6</ele>
				<time>1970-01-01T01:00:00+01:00</time>
				<extensions>
					<swisstopo:routepoint_id>79441918</swisstopo:routepoint_id>
				</extensions>
			</trkpt>
			<trkpt lat="46.8402785726" lon="8.4125566361">
				<ele>1865.2</ele>
				<time>1970-01-01T01:00:00+01:00</time>
				<extensions>
					<swisstopo:routepoint_id>125760607</swisstopo:routepoint_id>
				</extensions>
			</trkpt>
			<trkpt lat="46.8402462486" lon="8.4125684277">
				<ele>1864.8</ele>
				<time>1970-01-01T01:00:00+01:00</time>
				<extensions>
					<swisstopo:routepoint_id>1506720689</swisstopo:routepoint_id>
				</extensions>
			</trkpt>
			<trkpt lat="46.8401849095" lon="8.4126079853">
				<ele>1865.0</ele>
				<time>1970-01-01T01:00:00+01:00</time>
				<extensions>
					<swisstopo:routepoint_id>2064612634</swisstopo:routepoint_id>
				</extensions>
			</trkpt>
			<trkpt lat="46.8401287297" lon="8.4126511890">
				<ele>1865.6</ele>
				<time>1970-01-01T01:00:00+01:00</time>
				<extensions>
					<swisstopo:routepoint_id>1186370048</swisstopo:routepoint_id>
				</extensions>
			</trkpt>
			<trkpt lat="46.8400825760" lon="8.4126653781">
				<ele>1865.6</ele>
				<time>1970-01-01T01:00:00+01:00</time>
				<extensions>
					<swisstopo:routepoint_id>1633917919</swisstopo:routepoint_id>
				</extensions>
			</trkpt>
			<trkpt lat="46.8400126336" lon="8.4127021322">
				<ele>1865.5</ele>
				<time>1970-01-01T01:00:00+01:00</time>
				<extensions>
					<swisstopo:routepoint_id>517517066</swisstopo:routepoint_id>
				</extensions>
			</trkpt>
			<trkpt lat="46.8399714712" lon="8.4127376368">
				<ele>1866.1</ele>
				<time>1970-01-01T01:00:00+01:00</time>
				<extensions>
					<swisstopo:routepoint_id>20610053</swisstopo:routepoint_id>
				</extensions>
			</trkpt>
			<trkpt lat="46.8399406629" lon="8.4127742201">
				<ele>1866.9</ele>
				<time>1970-01-01T01:00:00+01:00</time>
				<extensions>
					<swisstopo:routepoint_id>1552593843</swisstopo:routepoint_id>
				</extensions>
			</trkpt>
			<trkpt lat="46.8398877992" lon="8.4128316288">
				<ele>1868.6</ele>
				<time>1970-01-01T01:00:00+01:00</time>
				<extensions>
					<swisstopo:routepoint_id>486883560</swisstopo:routepoint_id>
				</extensions>
			</trkpt>
			<trkpt lat="46.8398338678" lon="8.4128801826">
				<ele>1869.7</ele>
				<time>1970-01-01T01:00:00+01:00</time>
				<extensions>
					<swisstopo:routepoint_id>325811730</swisstopo:routepoint_id>
				</extensions>
			</trkpt>
			<trkpt lat="46.8397757249" lon="8.4129489803">
				<ele>1871.7</ele>
				<time>1970-01-01T01:00:00+01:00</time>
				<extensions>
					<swisstopo:routepoint_id>786635548</swisstopo:routepoint_id>
				</extensions>
			</trkpt>
			<trkpt lat="46.8397466737" lon="8.4129820681">
				<ele>1872.9</ele>
				<time>1970-01-01T01:00:00+01:00</time>
				<extensions>
					<swisstopo:routepoint_id>2556199</swisstopo:routepoint_id>
				</extensions>
			</trkpt>
			<trkpt lat="46.8396817978" lon="8.4130312885">
				<ele>1874.5</ele>
				<time>1970-01-01T01:00:00+01:00</time>
				<extensions>
					<swisstopo:routepoint_id>532680742</swisstopo:routepoint_id>
				</extensions>
			</trkpt>
			<trkpt lat="46.8396309111" lon="8.4130604290">
				<ele>1875.2</ele>
				<time>1970-01-01T01:00:00+01:00</time>
				<extensions>
					<swisstopo:routepoint_id>1231129528</swisstopo:routepoint_id>
				</extensions>
			</trkpt>
			<trkpt lat="46.8395764344" lon="8.4131054326">
				<ele>1876.6</ele>
				<time>1970-01-01T01:00:00+01:00</time>
				<extensions>
					<swisstopo:routepoint_id>1769384679</swisstopo:routepoint_id>
				</extensions>
			</trkpt>
			<trkpt lat="46.8395226247" lon="8.4131407077">
				<ele>1877.3</ele>
				<time>1970-01-01T01:00:00+01:00</time>
				<extensions>
					<swisstopo:routepoint_id>642107091</swisstopo:routepoint_id>
				</extensions>
			</trkpt>
			<trkpt lat="46.8394964808" lon="8.4131694173">
				<ele>1877.9</ele>
				<time>1970-01-01T01:00:00+01:00</time>
				<extensions>
					<swisstopo:routepoint_id>1426183081</swisstopo:routepoint_id>
				</extensions>
			</trkpt>
			<trkpt lat="46.8394485698" lon="8.4131871131">
				<ele>1878.1</ele>
				<time>1970-01-01T01:00:00+01:00</time>
				<extensions>
					<swisstopo:routepoint_id>909558935</swisstopo:routepoint_id>
				</extensions>
			</trkpt>
			<trkpt lat="46.8393763110" lon="8.4132264726">
				<ele>1878.6</ele>
				<time>1970-01-01T01:00:00+01:00</time>
				<extensions>
					<swisstopo:routepoint_id>1901576037</swisstopo:routepoint_id>
				</extensions>
			</trkpt>
			<trkpt lat="46.8393358298" lon="8.4132496127">
				<ele>1878.6</ele>
				<time>1970-01-01T01:00:00+01:00</time>
				<extensions>
					<swisstopo:routepoint_id>1351730280</swisstopo:routepoint_id>
				</extensions>
			</trkpt>
			<trkpt lat="46.8392970600" lon="8.4132745537">
				<ele>1879.1</ele>
				<time>1970-01-01T01:00:00+01:00</time>
				<extensions>
					<swisstopo:routepoint_id>432044092</swisstopo:routepoint_id>
				</extensions>
			</trkpt>
			<trkpt lat="46.8392632288" lon="8.4133269967">
				<ele>1880.1</ele>
				<time>1970-01-01T01:00:00+01:00</time>
				<extensions>
					<swisstopo:routepoint_id>1124372946</swisstopo:routepoint_id>
				</extensions>
			</trkpt>
			<trkpt lat="46.8392502210" lon="8.4133564551">
				<ele>1880.6</ele>
				<time>1970-01-01T01:00:00+01:00</time>
				<extensions>
					<swisstopo:routepoint_id>1657408138</swisstopo:routepoint_id>
				</extensions>
			</trkpt>
			<trkpt lat="46.8392438640" lon="8.4133708653">
				<ele>1880.9</ele>
				<time>1970-01-01T01:00:00+01:00</time>
				<extensions>
					<swisstopo:routepoint_id>1699126545</swisstopo:routepoint_id>
				</extensions>
			</trkpt>
			<trkpt lat="46.8392383654" lon="8.4134070274">
				<ele>1880.7</ele>
				<time>1970-01-01T01:00:00+01:00</time>
				<extensions>
					<swisstopo:routepoint_id>710659220</swisstopo:routepoint_id>
				</extensions>
			</trkpt>
			<trkpt lat="46.8392413336" lon="8.4134619200">
				<ele>1880.9</ele>
				<time>1970-01-01T01:00:00+01:00</time>
				<extensions>
					<swisstopo:routepoint_id>1252695825</swisstopo:routepoint_id>
				</extensions>
			</trkpt>
			<trkpt lat="46.8392424320" lon="8.4135335845">
				<ele>1881.3</ele>
				<time>1970-01-01T01:00:00+01:00</time>
				<extensions>
					<swisstopo:routepoint_id>1534941880</swisstopo:routepoint_id>
				</extensions>
			</trkpt>
			<trkpt lat="46.8392344947" lon="8.4135856176">
				<ele>1881.1</ele>
				<time>1970-01-01T01:00:00+01:00</time>
				<extensions>
					<swisstopo:routepoint_id>871468613</swisstopo:routepoint_id>
				</extensions>
			</trkpt>
			<trkpt lat="46.8392167049" lon="8.4136463220">
				<ele>1881.0</ele>
				<time>1970-01-01T01:00:00+01:00</time>
				<extensions>
					<swisstopo:routepoint_id>2080773217</swisstopo:routepoint_id>
				</extensions>
			</trkpt>
			<trkpt lat="46.8391960205" lon="8.4137078517">
				<ele>1880.9</ele>
				<time>1970-01-01T01:00:00+01:00</time>
				<extensions>
					<swisstopo:routepoint_id>1784896976</swisstopo:routepoint_id>
				</extensions>
			</trkpt>
			<trkpt lat="46.8391852134" lon="8.4137598463">
				<ele>1881.3</ele>
				<time>1970-01-01T01:00:00+01:00</time>
				<extensions>
					<swisstopo:routepoint_id>162312932</swisstopo:routepoint_id>
				</extensions>
			</trkpt>
			<trkpt lat="46.8391718299" lon="8.4138418546">
				<ele>1881.2</ele>
				<time>1970-01-01T01:00:00+01:00</time>
				<extensions>
					<swisstopo:routepoint_id>1086874207</swisstopo:routepoint_id>
				</extensions>
			</trkpt>
			<trkpt lat="46.8391570084" lon="8.4138919937">
				<ele>1881.0</ele>
				<time>1970-01-01T01:00:00+01:00</time>
				<extensions>
					<swisstopo:routepoint_id>2020286418</swisstopo:routepoint_id>
				</extensions>
			</trkpt>
			<trkpt lat="46.8391541768" lon="8.4139529681">
				<ele>1881.0</ele>
				<time>1970-01-01T01:00:00+01:00</time>
				<extensions>
					<swisstopo:routepoint_id>1547095568</swisstopo:routepoint_id>
				</extensions>
			</trkpt>
			<trkpt lat="46.8391591744" lon="8.4140388619">
				<ele>1881.2</ele>
				<time>1970-01-01T01:00:00+01:00</time>
				<extensions>
					<swisstopo:routepoint_id>1165759995</swisstopo:routepoint_id>
				</extensions>
			</trkpt>
			<trkpt lat="46.8391715943" lon="8.4141310659">
				<ele>1882.0</ele>
				<time>1970-01-01T01:00:00+01:00</time>
				<extensions>
					<swisstopo:routepoint_id>81324076</swisstopo:routepoint_id>
				</extensions>
			</trkpt>
			<trkpt lat="46.8391759486" lon="8.4142249057">
				<ele>1882.9</ele>
				<time>1970-01-01T01:00:00+01:00</time>
				<extensions>
					<swisstopo:routepoint_id>30633506</swisstopo:routepoint_id>
				</extensions>
			</trkpt>
			<trkpt lat="46.8391753572" lon="8.4142921091">
				<ele>1883.5</ele>
				<time>1970-01-01T01:00:00+01:00</time>
				<extensions>
					<swisstopo:routepoint_id>1842281971</swisstopo:routepoint_id>
				</extensions>
			</trkpt>
			<trkpt lat="46.8391610271" lon="8.4143511051">
				<ele>1883.7</ele>
				<time>1970-01-01T01:00:00+01:00</time>
				<extensions>
					<swisstopo:routepoint_id>765958295</swisstopo:routepoint_id>
				</extensions>
			</trkpt>
			<trkpt lat="46.8391410791" lon="8.4143958413">
				<ele>1883.9</ele>
				<time>1970-01-01T01:00:00+01:00</time>
				<extensions>
					<swisstopo:routepoint_id>484327361</swisstopo:routepoint_id>
				</extensions>
			</trkpt>
			<trkpt lat="46.8390899789" lon="8.4144488627">
				<ele>1883.9</ele>
				<time>1970-01-01T01:00:00+01:00</time>
				<extensions>
					<swisstopo:routepoint_id>1940614635</swisstopo:routepoint_id>
				</extensions>
			</trkpt>
			<trkpt lat="46.8390569505" lon="8.4144756759">
				<ele>1884.4</ele>
				<time>1970-01-01T01:00:00+01:00</time>
				<extensions>
					<swisstopo:routepoint_id>1702989668</swisstopo:routepoint_id>
				</extensions>
			</trkpt>
			<trkpt lat="46.8390319726" lon="8.4145026358">
				<ele>1884.8</ele>
				<time>1970-01-01T01:00:00+01:00</time>
				<extensions>
					<swisstopo:routepoint_id>380655168</swisstopo:routepoint_id>
				</extensions>
			</trkpt>
			<trkpt lat="46.8389999503" lon="8.4145453838">
				<ele>1885.6</ele>
				<time>1970-01-01T01:00:00+01:00</time>
				<extensions>
					<swisstopo:routepoint_id>2038057299</swisstopo:routepoint_id>
				</extensions>
			</trkpt>
			<trkpt lat="46.8389790849" lon="8.4145626907">
				<ele>1886.3</ele>
				<time>1970-01-01T01:00:00+01:00</time>
				<extensions>
					<swisstopo:routepoint_id>1952430094</swisstopo:routepoint_id>
				</extensions>
			</trkpt>
			<trkpt lat="46.8389492002" lon="8.4145594877">
				<ele>1886.3</ele>
				<time>1970-01-01T01:00:00+01:00</time>
				<extensions>
					<swisstopo:routepoint_id>859825744</swisstopo:routepoint_id>
				</extensions>
			</trkpt>
			<trkpt lat="46.8389195940" lon="8.4145890241">
				<ele>1886.6</ele>
				<time>1970-01-01T01:00:00+01:00</time>
				<extensions>
					<swisstopo:routepoint_id>888014702</swisstopo:routepoint_id>
				</extensions>
			</trkpt>
			<trkpt lat="46.8388962068" lon="8.4146319285">
				<ele>1886.9</ele>
				<time>1970-01-01T01:00:00+01:00</time>
				<extensions>
					<swisstopo:routepoint_id>74452801</swisstopo:routepoint_id>
				</extensions>
			</trkpt>
			<trkpt lat="46.8388770980" lon="8.4147111839">
				<ele>1887.4</ele>
				<time>1970-01-01T01:00:00+01:00</time>
				<extensions>
					<swisstopo:routepoint_id>477514842</swisstopo:routepoint_id>
				</extensions>
			</trkpt>
			<trkpt lat="46.8388712122" lon="8.4147915583">
				<ele>1888.0</ele>
				<time>1970-01-01T01:00:00+01:00</time>
				<extensions>
					<swisstopo:routepoint_id>777203091</swisstopo:routepoint_id>
				</extensions>
			</trkpt>
			<trkpt lat="46.8388664239" lon="8.4149435967">
				<ele>1888.0</ele>
				<time>1970-01-01T01:00:00+01:00</time>
				<extensions>
					<swisstopo:routepoint_id>1841805790</swisstopo:routepoint_id>
				</extensions>
			</trkpt>
			<trkpt lat="46.8388630597" lon="8.4150647077">
				<ele>1887.6</ele>
				<time>1970-01-01T01:00:00+01:00</time>
				<extensions>
					<swisstopo:routepoint_id>880401195</swisstopo:routepoint_id>
				</extensions>
			</trkpt>
			<trkpt lat="46.8388724850" lon="8.4153010377">
				<ele>1887.7</ele>
				<time>1970-01-01T01:00:00+01:00</time>
				<extensions>
					<swisstopo:routepoint_id>413713726</swisstopo:routepoint_id>
				</extensions>
			</trkpt>
			<trkpt lat="46.8388813969" lon="8.4153993654">
				<ele>1887.8</ele>
				<time>1970-01-01T01:00:00+01:00</time>
				<extensions>
					<swisstopo:routepoint_id>404712313</swisstopo:routepoint_id>
				</extensions>
			</trkpt>
			<trkpt lat="46.8388948913" lon="8.4155004504">
				<ele>1888.0</ele>
				<time>1970-01-01T01:00:00+01:00</time>
				<extensions>
					<swisstopo:routepoint_id>164184664</swisstopo:routepoint_id>
				</extensions>
			</trkpt>
			<trkpt lat="46.8388959431" lon="8.4155774108">
				<ele>1887.9</ele>
				<time>1970-01-01T01:00:00+01:00</time>
				<extensions>
					<swisstopo:routepoint_id>1986674255</swisstopo:routepoint_id>
				</extensions>
			</trkpt>
			<trkpt lat="46.8388937974" lon="8.4156905873">
				<ele>1888.0</ele>
				<time>1970-01-01T01:00:00+01:00</time>
				<extensions>
					<swisstopo:routepoint_id>1319406255</swisstopo:routepoint_id>
				</extensions>
			</trkpt>
			<trkpt lat="46.8388849802" lon="8.4157771080">
				<ele>1887.7</ele>
				<time>1970-01-01T01:00:00+01:00</time>
				<extensions>
					<swisstopo:routepoint_id>1897528552</swisstopo:routepoint_id>
				</extensions>
			</trkpt>
			<trkpt lat="46.8388695448" lon="8.4158316528">
				<ele>1887.6</ele>
				<time>1970-01-01T01:00:00+01:00</time>
				<extensions>
					<swisstopo:routepoint_id>709155681</swisstopo:routepoint_id>
				</extensions>
			</trkpt>
			<trkpt lat="46.8388443379" lon="8.4158842631">
				<ele>1888.0</ele>
				<time>1970-01-01T01:00:00+01:00</time>
				<extensions>
					<swisstopo:routepoint_id>993899010</swisstopo:routepoint_id>
				</extensions>
			</trkpt>
			<trkpt lat="46.8388077416" lon="8.4159242787">
				<ele>1888.6</ele>
				<time>1970-01-01T01:00:00+01:00</time>
				<extensions>
					<swisstopo:routepoint_id>1912094206</swisstopo:routepoint_id>
				</extensions>
			</trkpt>
			<trkpt lat="46.8387866556" lon="8.4159663457">
				<ele>1888.4</ele>
				<time>1970-01-01T01:00:00+01:00</time>
				<extensions>
					<swisstopo:routepoint_id>762701011</swisstopo:routepoint_id>
				</extensions>
			</trkpt>
			<trkpt lat="46.8387792018" lon="8.4160290047">
				<ele>1888.4</ele>
				<time>1970-01-01T01:00:00+01:00</time>
				<extensions>
					<swisstopo:routepoint_id>2068597860</swisstopo:routepoint_id>
				</extensions>
			</trkpt>
			<trkpt lat="46.8387676056" lon="8.4161048439">
				<ele>1888.3</ele>
				<time>1970-01-01T01:00:00+01:00</time>
				<extensions>
					<swisstopo:routepoint_id>1938962342</swisstopo:routepoint_id>
				</extensions>
			</trkpt>
			<trkpt lat="46.8387549638" lon="8.4161683017">
				<ele>1887.9</ele>
				<time>1970-01-01T01:00:00+01:00</time>
				<extensions>
					<swisstopo:routepoint_id>1516462062</swisstopo:routepoint_id>
				</extensions>
			</trkpt>
			<trkpt lat="46.8387240376" lon="8.4162827125">
				<ele>1886.9</ele>
				<time>1970-01-01T01:00:00+01:00</time>
				<extensions>
					<swisstopo:routepoint_id>1470961671</swisstopo:routepoint_id>
				</extensions>
			</trkpt>
			<trkpt lat="46.8387134324" lon="8.4163762673">
				<ele>1886.6</ele>
				<time>1970-01-01T01:00:00+01:00</time>
				<extensions>
					<swisstopo:routepoint_id>1462849429</swisstopo:routepoint_id>
				</extensions>
			</trkpt>
			<trkpt lat="46.8387067264" lon="8.4164840508">
				<ele>1886.0</ele>
				<time>1970-01-01T01:00:00+01:00</time>
				<extensions>
					<swisstopo:routepoint_id>1693789793</swisstopo:routepoint_id>
				</extensions>
			</trkpt>
			<trkpt lat="46.8387113354" lon="8.4166141431">
				<ele>1885.2</ele>
				<time>1970-01-01T01:00:00+01:00</time>
				<extensions>
					<swisstopo:routepoint_id>2049150984</swisstopo:routepoint_id>
				</extensions>
			</trkpt>
			<trkpt lat="46.8387130146" lon="8.4166849406">
				<ele>1885.0</ele>
				<time>1970-01-01T01:00:00+01:00</time>
				<extensions>
					<swisstopo:routepoint_id>1210452275</swisstopo:routepoint_id>
				</extensions>
			</trkpt>
			<trkpt lat="46.8387339396" lon="8.4167259988">
				<ele>1885.0</ele>
				<time>1970-01-01T01:00:00+01:00</time>
				<extensions>
					<swisstopo:routepoint_id>103672193</swisstopo:routepoint_id>
				</extensions>
			</trkpt>
			<trkpt lat="46.8387468059" lon="8.4167678165">
				<ele>1884.8</ele>
				<time>1970-01-01T01:00:00+01:00</time>
				<extensions>
					<swisstopo:routepoint_id>2050040984</swisstopo:routepoint_id>
				</extensions>
			</trkpt>
			<trkpt lat="46.8387577777" lon="8.4168281504">
				<ele>1884.4</ele>
				<time>1970-01-01T01:00:00+01:00</time>
				<extensions>
					<swisstopo:routepoint_id>1898043221</swisstopo:routepoint_id>
				</extensions>
			</trkpt>
			<trkpt lat="46.8387640705" lon="8.4168981405">
				<ele>1884.1</ele>
				<time>1970-01-01T01:00:00+01:00</time>
				<extensions>
					<swisstopo:routepoint_id>1668313072</swisstopo:routepoint_id>
				</extensions>
			</trkpt>
			<trkpt lat="46.8387723162" lon="8.4169416297">
				<ele>1883.7</ele>
				<time>1970-01-01T01:00:00+01:00</time>
				<extensions>
					<swisstopo:routepoint_id>1150042597</swisstopo:routepoint_id>
				</extensions>
			</trkpt>
			<trkpt lat="46.8388023361" lon="8.4169952573">
				<ele>1883.5</ele>
				<time>1970-01-01T01:00:00+01:00</time>
				<extensions>
					<swisstopo:routepoint_id>1877977293</swisstopo:routepoint_id>
				</extensions>
			</trkpt>
			<trkpt lat="46.8388374222" lon="8.4170613506">
				<ele>1883.2</ele>
				<time>1970-01-01T01:00:00+01:00</time>
				<extensions>
					<swisstopo:routepoint_id>382310901</swisstopo:routepoint_id>
				</extensions>
			</trkpt>
			<trkpt lat="46.8388628686" lon="8.4171122339">
				<ele>1882.8</ele>
				<time>1970-01-01T01:00:00+01:00</time>
				<extensions>
					<swisstopo:routepoint_id>110811611</swisstopo:routepoint_id>
				</extensions>
			</trkpt>
			<trkpt lat="46.8388841929" lon="8.4171727690">
				<ele>1882.6</ele>
				<time>1970-01-01T01:00:00+01:00</time>
				<extensions>
					<swisstopo:routepoint_id>380130659</swisstopo:routepoint_id>
				</extensions>
			</trkpt>
			<trkpt lat="46.8389101832" lon="8.4172263092">
				<ele>1882.6</ele>
				<time>1970-01-01T01:00:00+01:00</time>
				<extensions>
					<swisstopo:routepoint_id>1744597295</swisstopo:routepoint_id>
				</extensions>
			</trkpt>
			<trkpt lat="46.8389377190" lon="8.4173011153">
				<ele>1882.6</ele>
				<time>1970-01-01T01:00:00+01:00</time>
				<extensions>
					<swisstopo:routepoint_id>363489364</swisstopo:routepoint_id>
				</extensions>
			</trkpt>
			<trkpt lat="46.8389569084" lon="8.4173430353">
				<ele>1882.6</ele>
				<time>1970-01-01T01:00:00+01:00</time>
				<extensions>
					<swisstopo:routepoint_id>1437093476</swisstopo:routepoint_id>
				</extensions>
			</trkpt>
			<trkpt lat="46.8389760379" lon="8.4173920325">
				<ele>1882.6</ele>
				<time>1970-01-01T01:00:00+01:00</time>
				<extensions>
					<swisstopo:routepoint_id>716216531</swisstopo:routepoint_id>
				</extensions>
			</trkpt>
			<trkpt lat="46.8389800121" lon="8.4174637507">
				<ele>1882.0</ele>
				<time>1970-01-01T01:00:00+01:00</time>
				<extensions>
					<swisstopo:routepoint_id>574523119</swisstopo:routepoint_id>
				</extensions>
			</trkpt>
			<trkpt lat="46.8389816759" lon="8.4175363038">
				<ele>1881.8</ele>
				<time>1970-01-01T01:00:00+01:00</time>
				<extensions>
					<swisstopo:routepoint_id>1232789706</swisstopo:routepoint_id>
				</extensions>
			</trkpt>
			<trkpt lat="46.8389835672" lon="8.4175823264">
				<ele>1881.7</ele>
				<time>1970-01-01T01:00:00+01:00</time>
				<extensions>
					<swisstopo:routepoint_id>414139760</swisstopo:routepoint_id>
				</extensions>
			</trkpt>
			<trkpt lat="46.8389771431" lon="8.4176591637">
				<ele>1881.4</ele>
				<time>1970-01-01T01:00:00+01:00</time>
				<extensions>
					<swisstopo:routepoint_id>1277518574</swisstopo:routepoint_id>
				</extensions>
			</trkpt>
			<trkpt lat="46.8389786918" lon="8.4177441044">
				<ele>1881.3</ele>
				<time>1970-01-01T01:00:00+01:00</time>
				<extensions>
					<swisstopo:routepoint_id>325507245</swisstopo:routepoint_id>
				</extensions>
			</trkpt>
			<trkpt lat="46.8389844834" lon="8.4178052360">
				<ele>1881.2</ele>
				<time>1970-01-01T01:00:00+01:00</time>
				<extensions>
					<swisstopo:routepoint_id>2132917994</swisstopo:routepoint_id>
				</extensions>
			</trkpt>
			<trkpt lat="46.8389884033" lon="8.4178822487">
				<ele>1880.6</ele>
				<time>1970-01-01T01:00:00+01:00</time>
				<extensions>
					<swisstopo:routepoint_id>2093938317</swisstopo:routepoint_id>
				</extensions>
			</trkpt>
			<trkpt lat="46.8390050023" lon="8.4179577349">
				<ele>1879.8</ele>
				<time>1970-01-01T01:00:00+01:00</time>
				<extensions>
					<swisstopo:routepoint_id>1072784798</swisstopo:routepoint_id>
				</extensions>
			</trkpt>
			<trkpt lat="46.8390301879" lon="8.4180369171">
				<ele>1878.6</ele>
				<time>1970-01-01T01:00:00+01:00</time>
				<extensions>
					<swisstopo:routepoint_id>2120615511</swisstopo:routepoint_id>
				</extensions>
			</trkpt>
			<trkpt lat="46.8390441072" lon="8.4180902383">
				<ele>1877.3</ele>
				<time>1970-01-01T01:00:00+01:00</time>
				<extensions>
					<swisstopo:routepoint_id>1393722597</swisstopo:routepoint_id>
				</extensions>
			</trkpt>
			<trkpt lat="46.8390656518" lon="8.4181260132">
				<ele>1876.7</ele>
				<time>1970-01-01T01:00:00+01:00</time>
				<extensions>
					<swisstopo:routepoint_id>597636188</swisstopo:routepoint_id>
				</extensions>
			</trkpt>
			<trkpt lat="46.8390934218" lon="8.4181733992">
				<ele>1875.9</ele>
				<time>1970-01-01T01:00:00+01:00</time>
				<extensions>
					<swisstopo:routepoint_id>476112913</swisstopo:routepoint_id>
				</extensions>
			</trkpt>
			<trkpt lat="46.8391184130" lon="8.4182101286">
				<ele>1875.3</ele>
				<time>1970-01-01T01:00:00+01:00</time>
				<extensions>
					<swisstopo:routepoint_id>1970155917</swisstopo:routepoint_id>
				</extensions>
			</trkpt>
			<trkpt lat="46.8391372249" lon="8.4182299389">
				<ele>1874.9</ele>
				<time>1970-01-01T01:00:00+01:00</time>
				<extensions>
					<swisstopo:routepoint_id>1569294335</swisstopo:routepoint_id>
				</extensions>
			</trkpt>
			<trkpt lat="46.8391696003" lon="8.4182774086">
				<ele>1874.4</ele>
				<time>1970-01-01T01:00:00+01:00</time>
				<extensions>
					<swisstopo:routepoint_id>252397154</swisstopo:routepoint_id>
				</extensions>
			</trkpt>
			<trkpt lat="46.8392308775" lon="8.4183103803">
				<ele>1874.3</ele>
				<time>1970-01-01T01:00:00+01:00</time>
				<extensions>
					<swisstopo:routepoint_id>1590117600</swisstopo:routepoint_id>
				</extensions>
			</trkpt>
			<trkpt lat="46.8392698425" lon="8.4183278960">
				<ele>1874.2</ele>
				<time>1970-01-01T01:00:00+01:00</time>
				<extensions>
					<swisstopo:routepoint_id>2146593647</swisstopo:routepoint_id>
				</extensions>
			</trkpt>
			<trkpt lat="46.8392932599" lon="8.4183477902">
				<ele>1873.7</ele>
				<time>1970-01-01T01:00:00+01:00</time>
				<extensions>
					<swisstopo:routepoint_id>1459892701</swisstopo:routepoint_id>
				</extensions>
			</trkpt>
			<trkpt lat="46.8393332304" lon="8.4183812528">
				<ele>1873.4</ele>
				<time>1970-01-01T01:00:00+01:00</time>
				<extensions>
					<swisstopo:routepoint_id>582842769</swisstopo:routepoint_id>
				</extensions>
			</trkpt>
			<trkpt lat="46.8393717938" lon="8.4184456421">
				<ele>1872.6</ele>
				<time>1970-01-01T01:00:00+01:00</time>
				<extensions>
					<swisstopo:routepoint_id>899998387</swisstopo:routepoint_id>
				</extensions>
			</trkpt>
			<trkpt lat="46.8394053123" lon="8.4184940113">
				<ele>1871.7</ele>
				<time>1970-01-01T01:00:00+01:00</time>
				<extensions>
					<swisstopo:routepoint_id>20065928</swisstopo:routepoint_id>
				</extensions>
			</trkpt>
			<trkpt lat="46.8394364512" lon="8.4185503080">
				<ele>1871.0</ele>
				<time>1970-01-01T01:00:00+01:00</time>
				<extensions>
					<swisstopo:routepoint_id>1286002170</swisstopo:routepoint_id>
				</extensions>
			</trkpt>
			<trkpt lat="46.8394715452" lon="8.4186164043">
				<ele>1870.5</ele>
				<time>1970-01-01T01:00:00+01:00</time>
				<extensions>
					<swisstopo:routepoint_id>1039230986</swisstopo:routepoint_id>
				</extensions>
			</trkpt>
			<trkpt lat="46.8394994980" lon="8.4186434605">
				<ele>1870.6</ele>
				<time>1970-01-01T01:00:00+01:00</time>
				<extensions>
					<swisstopo:routepoint_id>1497846634</swisstopo:routepoint_id>
				</extensions>
			</trkpt>
			<trkpt lat="46.8395394398" lon="8.4186813409">
				<ele>1871.1</ele>
				<time>1970-01-01T01:00:00+01:00</time>
				<extensions>
					<swisstopo:routepoint_id>785197254</swisstopo:routepoint_id>
				</extensions>
			</trkpt>
			<trkpt lat="46.8396106809" lon="8.4187578360">
				<ele>1871.9</ele>
				<time>1970-01-01T01:00:00+01:00</time>
				<extensions>
					<swisstopo:routepoint_id>1894805894</swisstopo:routepoint_id>
				</extensions>
			</trkpt>
			<trkpt lat="46.8396532947" lon="8.4188187601">
				<ele>1871.6</ele>
				<time>1970-01-01T01:00:00+01:00</time>
				<extensions>
					<swisstopo:routepoint_id>1090520830</swisstopo:routepoint_id>
				</extensions>
			</trkpt>
			<trkpt lat="46.8396827384" lon="8.4188723782">
				<ele>1871.0</ele>
				<time>1970-01-01T01:00:00+01:00</time>
				<extensions>
					<swisstopo:routepoint_id>1028380764</swisstopo:routepoint_id>
				</extensions>
			</trkpt>
			<trkpt lat="46.8397060099" lon="8.4189081855">
				<ele>1870.5</ele>
				<time>1970-01-01T01:00:00+01:00</time>
				<extensions>
					<swisstopo:routepoint_id>1936449893</swisstopo:routepoint_id>
				</extensions>
			</trkpt>
			<trkpt lat="46.8397457837" lon="8.4189646400">
				<ele>1869.7</ele>
				<time>1970-01-01T01:00:00+01:00</time>
				<extensions>
					<swisstopo:routepoint_id>204303770</swisstopo:routepoint_id>
				</extensions>
			</trkpt>
			<trkpt lat="46.8397904030" lon="8.4190592147">
				<ele>1868.9</ele>
				<time>1970-01-01T01:00:00+01:00</time>
				<extensions>
					<swisstopo:routepoint_id>302076770</swisstopo:routepoint_id>
				</extensions>
			</trkpt>
			<trkpt lat="46.8398214127" lon="8.4191305470">
				<ele>1868.2</ele>
				<time>1970-01-01T01:00:00+01:00</time>
				<extensions>
					<swisstopo:routepoint_id>1444488193</swisstopo:routepoint_id>
				</extensions>
			</trkpt>
			<trkpt lat="46.8398616480" lon="8.4192002774">
				<ele>1867.7</ele>
				<time>1970-01-01T01:00:00+01:00</time>
				<extensions>
					<swisstopo:routepoint_id>907282461</swisstopo:routepoint_id>
				</extensions>
			</trkpt>
			<trkpt lat="46.8399162734" lon="8.4192693786">
				<ele>1867.4</ele>
				<time>1970-01-01T01:00:00+01:00</time>
				<extensions>
					<swisstopo:routepoint_id>428705414</swisstopo:routepoint_id>
				</extensions>
			</trkpt>
			<trkpt lat="46.8399732296" lon="8.4193341174">
				<ele>1867.2</ele>
				<time>1970-01-01T01:00:00+01:00</time>
				<extensions>
					<swisstopo:routepoint_id>1331063904</swisstopo:routepoint_id>
				</extensions>
			</trkpt>
			<trkpt lat="46.8400029246" lon="8.4193594231">
				<ele>1866.9</ele>
				<time>1970-01-01T01:00:00+01:00</time>
				<extensions>
					<swisstopo:routepoint_id>1400206094</swisstopo:routepoint_id>
				</extensions>
			</trkpt>
			<trkpt lat="46.8400492816" lon="8.4193877068">
				<ele>1866.6</ele>
				<time>1970-01-01T01:00:00+01:00</time>
				<extensions>
					<swisstopo:routepoint_id>12302482</swisstopo:routepoint_id>
				</extensions>
			</trkpt>
			<trkpt lat="46.8400979930" lon="8.4194089407">
				<ele>1866.2</ele>
				<time>1970-01-01T01:00:00+01:00</time>
				<extensions>
					<swisstopo:routepoint_id>700215720</swisstopo:routepoint_id>
				</extensions>
			</trkpt>
			<trkpt lat="46.8401582633" lon="8.4194250889">
				<ele>1866.6</ele>
				<time>1970-01-01T01:00:00+01:00</time>
				<extensions>
					<swisstopo:routepoint_id>475148610</swisstopo:routepoint_id>
				</extensions>
			</trkpt>
			<trkpt lat="46.8402047949" lon="8.4194330160">
				<ele>1867.5</ele>
				<time>1970-01-01T01:00:00+01:00</time>
				<extensions>
					<swisstopo:routepoint_id>1644502598</swisstopo:routepoint_id>
				</extensions>
			</trkpt>
			<trkpt lat="46.8402334914" lon="8.4194415096">
				<ele>1867.8</ele>
				<time>1970-01-01T01:00:00+01:00</time>
				<extensions>
					<swisstopo:routepoint_id>1571050327</swisstopo:routepoint_id>
				</extensions>
			</trkpt>
			<trkpt lat="46.8402705926" lon="8.4194749212">
				<ele>1867.7</ele>
				<time>1970-01-01T01:00:00+01:00</time>
				<extensions>
					<swisstopo:routepoint_id>1175825501</swisstopo:routepoint_id>
				</extensions>
			</trkpt>
			<trkpt lat="46.8403279163" lon="8.4194989738">
				<ele>1868.3</ele>
				<time>1970-01-01T01:00:00+01:00</time>
				<extensions>
					<swisstopo:routepoint_id>223715759</swisstopo:routepoint_id>
				</extensions>
			</trkpt>
			<trkpt lat="46.8403978498" lon="8.4195285655">
				<ele>1868.5</ele>
				<time>1970-01-01T01:00:00+01:00</time>
				<extensions>
					<swisstopo:routepoint_id>380038317</swisstopo:routepoint_id>
				</extensions>
			</trkpt>
			<trkpt lat="46.8404528856" lon="8.4195508066">
				<ele>1868.1</ele>
				<time>1970-01-01T01:00:00+01:00</time>
				<extensions>
					<swisstopo:routepoint_id>1570184336</swisstopo:routepoint_id>
				</extensions>
			</trkpt>
			<trkpt lat="46.8405201152" lon="8.4195600023">
				<ele>1868.4</ele>
				<time>1970-01-01T01:00:00+01:00</time>
				<extensions>
					<swisstopo:routepoint_id>939988100</swisstopo:routepoint_id>
				</extensions>
			</trkpt>
			<trkpt lat="46.8405522794" lon="8.4195659110">
				<ele>1868.3</ele>
				<time>1970-01-01T01:00:00+01:00</time>
				<extensions>
					<swisstopo:routepoint_id>1007274831</swisstopo:routepoint_id>
				</extensions>
			</trkpt>
			<trkpt lat="46.8405837772" lon="8.4195824136">
				<ele>1867.7</ele>
				<time>1970-01-01T01:00:00+01:00</time>
				<extensions>
					<swisstopo:routepoint_id>1246595260</swisstopo:routepoint_id>
				</extensions>
			</trkpt>
			<trkpt lat="46.8406140020" lon="8.4196130391">
				<ele>1866.8</ele>
				<time>1970-01-01T01:00:00+01:00</time>
				<extensions>
					<swisstopo:routepoint_id>1439826773</swisstopo:routepoint_id>
				</extensions>
			</trkpt>
			<trkpt lat="46.8406538298" lon="8.4196641864">
				<ele>1865.5</ele>
				<time>1970-01-01T01:00:00+01:00</time>
				<extensions>
					<swisstopo:routepoint_id>1444324246</swisstopo:routepoint_id>
				</extensions>
			</trkpt>
			<trkpt lat="46.8406909384" lon="8.4196967203">
				<ele>1864.9</ele>
				<time>1970-01-01T01:00:00+01:00</time>
				<extensions>
					<swisstopo:routepoint_id>2008251049</swisstopo:routepoint_id>
				</extensions>
			</trkpt>
			<trkpt lat="46.8407572040" lon="8.4197501193">
				<ele>1864.3</ele>
				<time>1970-01-01T01:00:00+01:00</time>
				<extensions>
					<swisstopo:routepoint_id>669702941</swisstopo:routepoint_id>
				</extensions>
			</trkpt>
			<trkpt lat="46.8408104674" lon="8.4197776380">
				<ele>1864.4</ele>
				<time>1970-01-01T01:00:00+01:00</time>
				<extensions>
					<swisstopo:routepoint_id>500804916</swisstopo:routepoint_id>
				</extensions>
			</trkpt>
			<trkpt lat="46.8408706919" lon="8.4197990956">
				<ele>1865.0</ele>
				<time>1970-01-01T01:00:00+01:00</time>
				<extensions>
					<swisstopo:routepoint_id>1291908739</swisstopo:routepoint_id>
				</extensions>
			</trkpt>
			<trkpt lat="46.8409442068" lon="8.4198128245">
				<ele>1865.4</ele>
				<time>1970-01-01T01:00:00+01:00</time>
				<extensions>
					<swisstopo:routepoint_id>407325804</swisstopo:routepoint_id>
				</extensions>
			</trkpt>
			<trkpt lat="46.8409654105" lon="8.4198216038">
				<ele>1865.4</ele>
				<time>1970-01-01T01:00:00+01:00</time>
				<extensions>
					<swisstopo:routepoint_id>1181426645</swisstopo:routepoint_id>
				</extensions>
			</trkpt>
			<trkpt lat="46.8409654105" lon="8.4198216038">
				<ele>1865.4</ele>
				<extensions>
					<swisstopo:waypoint_id>726303993</swisstopo:waypoint_id>
					<swisstopo:waypoint_is_controlpoint>1</swisstopo:waypoint_is_controlpoint>
					<swisstopo:waypoint_routepoint_id>1181426645</swisstopo:waypoint_routepoint_id>
					<swisstopo:waypoint_meters_into_tour>954.014688</swisstopo:waypoint_meters_into_tour>
					<swisstopo:waypoint_trackpoint_id>swisstopo-02</swisstopo:waypoint_trackpoint_id>
					<swisstopo:waypoint_original_name>Waypoint</swisstopo:waypoint_original_name>
				</extensions>
				<name>swisstopo-02</name>
			</trkpt>
			<trkpt lat="46.8409889204" lon="8.4198313381">
				<ele>1865.4</ele>
				<time>1970-01-01T01:00:00+01:00</time>
				<extensions>
					<swisstopo:routepoint_id>2056877684</swisstopo:routepoint_id>
				</extensions>
			</trkpt>
			<trkpt lat="46.8410392450" lon="8.4198658829">
				<ele>1865.0</ele>
				<time>1970-01-01T01:00:00+01:00</time>
				<extensions>
					<swisstopo:routepoint_id>1484220220</swisstopo:routepoint_id>
				</extensions>
			</trkpt>
			<trkpt lat="46.8410683958" lon="8.4198885314">
				<ele>1864.7</ele>
				<time>1970-01-01T01:00:00+01:00</time>
				<extensions>
					<swisstopo:routepoint_id>461687646</swisstopo:routepoint_id>
				</extensions>
			</trkpt>
			<trkpt lat="46.8411553896" lon="8.4199396737">
				<ele>1864.8</ele>
				<time>1970-01-01T01:00:00+01:00</time>
				<extensions>
					<swisstopo:routepoint_id>152078612</swisstopo:routepoint_id>
				</extensions>
			</trkpt>
			<trkpt lat="46.8412045399" lon="8.4199768456">
				<ele>1865.4</ele>
				<time>1970-01-01T01:00:00+01:00</time>
				<extensions>
					<swisstopo:routepoint_id>1099614094</swisstopo:routepoint_id>
				</extensions>
			</trkpt>
			<trkpt lat="46.8412567447" lon="8.4199946045">
				<ele>1866.4</ele>
				<time>1970-01-01T01:00:00+01:00</time>
				<extensions>
					<swisstopo:routepoint_id>365432508</swisstopo:routepoint_id>
				</extensions>
			</trkpt>
			<trkpt lat="46.8412888482" lon="8.4200075788">
				<ele>1867.0</ele>
				<time>1970-01-01T01:00:00+01:00</time>
				<extensions>
					<swisstopo:routepoint_id>1048151314</swisstopo:routepoint_id>
				</extensions>
			</trkpt>
			<trkpt lat="46.8413510613" lon="8.4200635665">
				<ele>1867.3</ele>
				<time>1970-01-01T01:00:00+01:00</time>
				<extensions>
					<swisstopo:routepoint_id>473718831</swisstopo:routepoint_id>
				</extensions>
			</trkpt>
			<trkpt lat="46.8414338903" lon="8.4201314408">
				<ele>1868.0</ele>
				<time>1970-01-01T01:00:00+01:00</time>
				<extensions>
					<swisstopo:routepoint_id>1936226690</swisstopo:routepoint_id>
				</extensions>
			</trkpt>
			<trkpt lat="46.8415076001" lon="8.4201885168">
				<ele>1868.4</ele>
				<time>1970-01-01T01:00:00+01:00</time>
				<extensions>
					<swisstopo:routepoint_id>1658580899</swisstopo:routepoint_id>
				</extensions>
			</trkpt>
			<trkpt lat="46.8416002364" lon="8.4202530305">
				<ele>1869.1</ele>
				<time>1970-01-01T01:00:00+01:00</time>
				<extensions>
					<swisstopo:routepoint_id>1529130644</swisstopo:routepoint_id>
				</extensions>
			</trkpt>
			<trkpt lat="46.8416722661" lon="8.4203056579">
				<ele>1869.1</ele>
				<time>1970-01-01T01:00:00+01:00</time>
				<extensions>
					<swisstopo:routepoint_id>1284327692</swisstopo:routepoint_id>
				</extensions>
			</trkpt>
			<trkpt lat="46.8417364277" lon="8.4203369161">
				<ele>1869.5</ele>
				<time>1970-01-01T01:00:00+01:00</time>
				<extensions>
					<swisstopo:routepoint_id>179422980</swisstopo:routepoint_id>
				</extensions>
			</trkpt>
			<trkpt lat="46.8417839510" lon="8.4203634398">
				<ele>1869.9</ele>
				<time>1970-01-01T01:00:00+01:00</time>
				<extensions>
					<swisstopo:routepoint_id>345456719</swisstopo:routepoint_id>
				</extensions>
			</trkpt>
			<trkpt lat="46.8418404924" lon="8.4204104754">
				<ele>1869.9</ele>
				<time>1970-01-01T01:00:00+01:00</time>
				<extensions>
					<swisstopo:routepoint_id>519989586</swisstopo:routepoint_id>
				</extensions>
			</trkpt>
			<trkpt lat="46.8418770098" lon="8.4204447696">
				<ele>1869.9</ele>
				<time>1970-01-01T01:00:00+01:00</time>
				<extensions>
					<swisstopo:routepoint_id>919597579</swisstopo:routepoint_id>
				</extensions>
			</trkpt>
			<trkpt lat="46.8419141942" lon="8.4204684434">
				<ele>1870.4</ele>
				<time>1970-01-01T01:00:00+01:00</time>
				<extensions>
					<swisstopo:routepoint_id>42632822</swisstopo:routepoint_id>
				</extensions>
			</trkpt>
			<trkpt lat="46.8419689553" lon="8.4205216479">
				<ele>1870.8</ele>
				<time>1970-01-01T01:00:00+01:00</time>
				<extensions>
					<swisstopo:routepoint_id>1580273781</swisstopo:routepoint_id>
				</extensions>
			</trkpt>
			<trkpt lat="46.8420114849" lon="8.4205923025">
				<ele>1871.3</ele>
				<time>1970-01-01T01:00:00+01:00</time>
				<extensions>
					<swisstopo:routepoint_id>676888918</swisstopo:routepoint_id>
				</extensions>
			</trkpt>
			<trkpt lat="46.8420552413" lon="8.4206541431">
				<ele>1871.8</ele>
				<time>1970-01-01T01:00:00+01:00</time>
				<extensions>
					<swisstopo:routepoint_id>1192424465</swisstopo:routepoint_id>
				</extensions>
			</trkpt>
			<trkpt lat="46.8421120302" lon="8.4207383390">
				<ele>1872.8</ele>
				<time>1970-01-01T01:00:00+01:00</time>
				<extensions>
					<swisstopo:routepoint_id>1285263103</swisstopo:routepoint_id>
				</extensions>
			</trkpt>
			<trkpt lat="46.8421666697" lon="8.4208056881">
				<ele>1873.6</ele>
				<time>1970-01-01T01:00:00+01:00</time>
				<extensions>
					<swisstopo:routepoint_id>185845142</swisstopo:routepoint_id>
				</extensions>
			</trkpt>
			<trkpt lat="46.8421888049" lon="8.4208397072">
				<ele>1874.0</ele>
				<time>1970-01-01T01:00:00+01:00</time>
				<extensions>
					<swisstopo:routepoint_id>332511310</swisstopo:routepoint_id>
				</extensions>
			</trkpt>
			<trkpt lat="46.8422152399" lon="8.4209082987">
				<ele>1874.2</ele>
				<time>1970-01-01T01:00:00+01:00</time>
				<extensions>
					<swisstopo:routepoint_id>1909089255</swisstopo:routepoint_id>
				</extensions>
			</trkpt>
			<trkpt lat="46.8422564872" lon="8.4209930899">
				<ele>1874.0</ele>
				<time>1970-01-01T01:00:00+01:00</time>
				<extensions>
					<swisstopo:routepoint_id>1404536408</swisstopo:routepoint_id>
				</extensions>
			</trkpt>
			<trkpt lat="46.8422983331" lon="8.4210752307">
				<ele>1874.2</ele>
				<time>1970-01-01T01:00:00+01:00</time>
				<extensions>
					<swisstopo:routepoint_id>920531226</swisstopo:routepoint_id>
				</extensions>
			</trkpt>
			<trkpt lat="46.8423616254" lon="8.4212055511">
				<ele>1874.2</ele>
				<time>1970-01-01T01:00:00+01:00</time>
				<extensions>
					<swisstopo:routepoint_id>1362593075</swisstopo:routepoint_id>
				</extensions>
			</trkpt>
			<trkpt lat="46.8423816823" lon="8.4212793363">
				<ele>1874.0</ele>
				<time>1970-01-01T01:00:00+01:00</time>
				<extensions>
					<swisstopo:routepoint_id>1790711704</swisstopo:routepoint_id>
				</extensions>
			</trkpt>
			<trkpt lat="46.8424005729" lon="8.4213548574">
				<ele>1874.1</ele>
				<time>1970-01-01T01:00:00+01:00</time>
				<extensions>
					<swisstopo:routepoint_id>1529776723</swisstopo:routepoint_id>
				</extensions>
			</trkpt>
			<trkpt lat="46.8424148519" lon="8.4214320771">
				<ele>1874.6</ele>
				<time>1970-01-01T01:00:00+01:00</time>
				<extensions>
					<swisstopo:routepoint_id>2024285023</swisstopo:routepoint_id>
				</extensions>
			</trkpt>
			<trkpt lat="46.8424268130" lon="8.4215110247">
				<ele>1875.4</ele>
				<time>1970-01-01T01:00:00+01:00</time>
				<extensions>
					<swisstopo:routepoint_id>719738999</swisstopo:routepoint_id>
				</extensions>
			</trkpt>
			<trkpt lat="46.8424505789" lon="8.4216211418">
				<ele>1876.0</ele>
				<time>1970-01-01T01:00:00+01:00</time>
				<extensions>
					<swisstopo:routepoint_id>1904799071</swisstopo:routepoint_id>
				</extensions>
			</trkpt>
			<trkpt lat="46.8424680960" lon="8.4217214168">
				<ele>1877.0</ele>
				<time>1970-01-01T01:00:00+01:00</time>
				<extensions>
					<swisstopo:routepoint_id>384606126</swisstopo:routepoint_id>
				</extensions>
			</trkpt>
			<trkpt lat="46.8424880537" lon="8.4218066990">
				<ele>1878.2</ele>
				<time>1970-01-01T01:00:00+01:00</time>
				<extensions>
					<swisstopo:routepoint_id>96255137</swisstopo:routepoint_id>
				</extensions>
			</trkpt>
			<trkpt lat="46.8425067234" lon="8.4219078734">
				<ele>1877.9</ele>
				<time>1970-01-01T01:00:00+01:00</time>
				<extensions>
					<swisstopo:routepoint_id>1251410946</swisstopo:routepoint_id>
				</extensions>
			</trkpt>
			<trkpt lat="46.8425183137" lon="8.4219629402">
				<ele>1878.0</ele>
				<time>1970-01-01T01:00:00+01:00</time>
				<extensions>
					<swisstopo:routepoint_id>625895263</swisstopo:routepoint_id>
				</extensions>
			</trkpt>
			<trkpt lat="46.8425361528" lon="8.4220278357">
				<ele>1878.2</ele>
				<time>1970-01-01T01:00:00+01:00</time>
				<extensions>
					<swisstopo:routepoint_id>576689466</swisstopo:routepoint_id>
				</extensions>
			</trkpt>
			<trkpt lat="46.8425430617" lon="8.4220916533">
				<ele>1878.2</ele>
				<time>1970-01-01T01:00:00+01:00</time>
				<extensions>
					<swisstopo:routepoint_id>1537054063</swisstopo:routepoint_id>
				</extensions>
			</trkpt>
			<trkpt lat="46.8425519363" lon="8.4221298494">
				<ele>1878.3</ele>
				<time>1970-01-01T01:00:00+01:00</time>
				<extensions>
					<swisstopo:routepoint_id>1092071835</swisstopo:routepoint_id>
				</extensions>
			</trkpt>
			<trkpt lat="46.8425483086" lon="8.4222138091">
				<ele>1877.9</ele>
				<time>1970-01-01T01:00:00+01:00</time>
				<extensions>
					<swisstopo:routepoint_id>651898998</swisstopo:routepoint_id>
				</extensions>
			</trkpt>
			<trkpt lat="46.8425475758" lon="8.4222969435">
				<ele>1877.9</ele>
				<time>1970-01-01T01:00:00+01:00</time>
				<extensions>
					<swisstopo:routepoint_id>1479157919</swisstopo:routepoint_id>
				</extensions>
			</trkpt>
			<trkpt lat="46.8425557665" lon="8.4223466249">
				<ele>1877.7</ele>
				<time>1970-01-01T01:00:00+01:00</time>
				<extensions>
					<swisstopo:routepoint_id>1183673924</swisstopo:routepoint_id>
				</extensions>
			</trkpt>
			<trkpt lat="46.8425816631" lon="8.4224107895">
				<ele>1876.5</ele>
				<time>1970-01-01T01:00:00+01:00</time>
				<extensions>
					<swisstopo:routepoint_id>764338106</swisstopo:routepoint_id>
				</extensions>
			</trkpt>
			<trkpt lat="46.8425934144" lon="8.4224481600">
				<ele>1876.0</ele>
				<time>1970-01-01T01:00:00+01:00</time>
				<extensions>
					<swisstopo:routepoint_id>1407309049</swisstopo:routepoint_id>
				</extensions>
			</trkpt>
			<trkpt lat="46.8426118669" lon="8.4225086486">
				<ele>1874.9</ele>
				<time>1970-01-01T01:00:00+01:00</time>
				<extensions>
					<swisstopo:routepoint_id>302823897</swisstopo:routepoint_id>
				</extensions>
			</trkpt>
			<trkpt lat="46.8426164197" lon="8.4225786118">
				<ele>1874.5</ele>
				<time>1970-01-01T01:00:00+01:00</time>
				<extensions>
					<swisstopo:routepoint_id>1087199453</swisstopo:routepoint_id>
				</extensions>
			</trkpt>
			<trkpt lat="46.8426112805" lon="8.4226395479">
				<ele>1874.3</ele>
				<time>1970-01-01T01:00:00+01:00</time>
				<extensions>
					<swisstopo:routepoint_id>242708661</swisstopo:routepoint_id>
				</extensions>
			</trkpt>
			<trkpt lat="46.8426039451" lon="8.4226880542">
				<ele>1874.0</ele>
				<time>1970-01-01T01:00:00+01:00</time>
				<extensions>
					<swisstopo:routepoint_id>997692004</swisstopo:routepoint_id>
				</extensions>
			</trkpt>
			<trkpt lat="46.8425972236" lon="8.4227321534">
				<ele>1873.7</ele>
				<time>1970-01-01T01:00:00+01:00</time>
				<extensions>
					<swisstopo:routepoint_id>295010678</swisstopo:routepoint_id>
				</extensions>
			</trkpt>
			<trkpt lat="46.8425943334" lon="8.4227993322">
				<ele>1873.9</ele>
				<time>1970-01-01T01:00:00+01:00</time>
				<extensions>
					<swisstopo:routepoint_id>491043776</swisstopo:routepoint_id>
				</extensions>
			</trkpt>
			<trkpt lat="46.8425925172" lon="8.4228744752">
				<ele>1874.2</ele>
				<time>1970-01-01T01:00:00+01:00</time>
				<extensions>
					<swisstopo:routepoint_id>859913155</swisstopo:routepoint_id>
				</extensions>
			</trkpt>
			<trkpt lat="46.8425948830" lon="8.4229320219">
				<ele>1874.4</ele>
				<time>1970-01-01T01:00:00+01:00</time>
				<extensions>
					<swisstopo:routepoint_id>1523657495</swisstopo:routepoint_id>
				</extensions>
			</trkpt>
			<trkpt lat="46.8426361059" lon="8.4230194632">
				<ele>1874.4</ele>
				<time>1970-01-01T01:00:00+01:00</time>
				<extensions>
					<swisstopo:routepoint_id>928792381</swisstopo:routepoint_id>
				</extensions>
			</trkpt>
			<trkpt lat="46.8426599292" lon="8.4230579328">
				<ele>1874.3</ele>
				<time>1970-01-01T01:00:00+01:00</time>
				<extensions>
					<swisstopo:routepoint_id>1559463731</swisstopo:routepoint_id>
				</extensions>
			</trkpt>
			<trkpt lat="46.8426887570" lon="8.4231159631">
				<ele>1874.0</ele>
				<time>1970-01-01T01:00:00+01:00</time>
				<extensions>
					<swisstopo:routepoint_id>546496180</swisstopo:routepoint_id>
				</extensions>
			</trkpt>
			<trkpt lat="46.8427136476" lon="8.4231641937">
				<ele>1873.6</ele>
				<time>1970-01-01T01:00:00+01:00</time>
				<extensions>
					<swisstopo:routepoint_id>1761308352</swisstopo:routepoint_id>
				</extensions>
			</trkpt>
			<trkpt lat="46.8427283837" lon="8.4231892293">
				<ele>1873.4</ele>
				<time>1970-01-01T01:00:00+01:00</time>
				<extensions>
					<swisstopo:routepoint_id>1538238151</swisstopo:routepoint_id>
				</extensions>
			</trkpt>
			<trkpt lat="46.8427446397" lon="8.4232372884">
				<ele>1872.9</ele>
				<time>1970-01-01T01:00:00+01:00</time>
				<extensions>
					<swisstopo:routepoint_id>1485791700</swisstopo:routepoint_id>
				</extensions>
			</trkpt>
			<trkpt lat="46.8427728305" lon="8.4233023876">
				<ele>1873.1</ele>
				<time>1970-01-01T01:00:00+01:00</time>
				<extensions>
					<swisstopo:routepoint_id>1070972704</swisstopo:routepoint_id>
				</extensions>
			</trkpt>
			<trkpt lat="46.8427867155" lon="8.4233583619">
				<ele>1872.9</ele>
				<time>1970-01-01T01:00:00+01:00</time>
				<extensions>
					<swisstopo:routepoint_id>1772461300</swisstopo:routepoint_id>
				</extensions>
			</trkpt>
			<trkpt lat="46.8428058268" lon="8.4234091349">
				<ele>1873.5</ele>
				<time>1970-01-01T01:00:00+01:00</time>
				<extensions>
					<swisstopo:routepoint_id>1639678897</swisstopo:routepoint_id>
				</extensions>
			</trkpt>
			<trkpt lat="46.8428301494" lon="8.4234564639">
				<ele>1873.9</ele>
				<time>1970-01-01T01:00:00+01:00</time>
				<extensions>
					<swisstopo:routepoint_id>623483862</swisstopo:routepoint_id>
				</extensions>
			</trkpt>
			<trkpt lat="46.8428367269" lon="8.4234928615">
				<ele>1874.5</ele>
				<time>1970-01-01T01:00:00+01:00</time>
				<extensions>
					<swisstopo:routepoint_id>653388125</swisstopo:routepoint_id>
				</extensions>
			</trkpt>
			<trkpt lat="46.8428437509" lon="8.4235442921">
				<ele>1875.2</ele>
				<time>1970-01-01T01:00:00+01:00</time>
				<extensions>
					<swisstopo:routepoint_id>1906194510</swisstopo:routepoint_id>
				</extensions>
			</trkpt>
			<trkpt lat="46.8428472141" lon="8.4236080341">
				<ele>1875.6</ele>
				<time>1970-01-01T01:00:00+01:00</time>
				<extensions>
					<swisstopo:routepoint_id>1667049319</swisstopo:routepoint_id>
				</extensions>
			</trkpt>
			<trkpt lat="46.8428394868" lon="8.4236361987">
				<ele>1876.1</ele>
				<time>1970-01-01T01:00:00+01:00</time>
				<extensions>
					<swisstopo:routepoint_id>1861840531</swisstopo:routepoint_id>
				</extensions>
			</trkpt>
			<trkpt lat="46.8428436477" lon="8.4236858073">
				<ele>1876.6</ele>
				<time>1970-01-01T01:00:00+01:00</time>
				<extensions>
					<swisstopo:routepoint_id>1681307076</swisstopo:routepoint_id>
				</extensions>
			</trkpt>
			<trkpt lat="46.8428409931" lon="8.4237255626">
				<ele>1877.2</ele>
				<time>1970-01-01T01:00:00+01:00</time>
				<extensions>
					<swisstopo:routepoint_id>2072274116</swisstopo:routepoint_id>
				</extensions>
			</trkpt>
			<trkpt lat="46.8428257670" lon="8.4237553600">
				<ele>1877.7</ele>
				<time>1970-01-01T01:00:00+01:00</time>
				<extensions>
					<swisstopo:routepoint_id>57896144</swisstopo:routepoint_id>
				</extensions>
			</trkpt>
			<trkpt lat="46.8428104586" lon="8.4237957624">
				<ele>1877.4</ele>
				<time>1970-01-01T01:00:00+01:00</time>
				<extensions>
					<swisstopo:routepoint_id>2055881558</swisstopo:routepoint_id>
				</extensions>
			</trkpt>
			<trkpt lat="46.8428170592" lon="8.4238294989">
				<ele>1877.1</ele>
				<time>1970-01-01T01:00:00+01:00</time>
				<extensions>
					<swisstopo:routepoint_id>2035044540</swisstopo:routepoint_id>
				</extensions>
			</trkpt>
			<trkpt lat="46.8428195004" lon="8.4238781974">
				<ele>1876.4</ele>
				<time>1970-01-01T01:00:00+01:00</time>
				<extensions>
					<swisstopo:routepoint_id>71848870</swisstopo:routepoint_id>
				</extensions>
			</trkpt>
			<trkpt lat="46.8428224729" lon="8.4239330940">
				<ele>1875.7</ele>
				<time>1970-01-01T01:00:00+01:00</time>
				<extensions>
					<swisstopo:routepoint_id>880850027</swisstopo:routepoint_id>
				</extensions>
			</trkpt>
			<trkpt lat="46.8428329874" lon="8.4239792787">
				<ele>1875.4</ele>
				<time>1970-01-01T01:00:00+01:00</time>
				<extensions>
					<swisstopo:routepoint_id>1824622301</swisstopo:routepoint_id>
				</extensions>
			</trkpt>
			<trkpt lat="46.8428539334" lon="8.4240185877">
				<ele>1875.1</ele>
				<time>1970-01-01T01:00:00+01:00</time>
				<extensions>
					<swisstopo:routepoint_id>1164600388</swisstopo:routepoint_id>
				</extensions>
			</trkpt>
			<trkpt lat="46.8428673869" lon="8.4240577467">
				<ele>1874.7</ele>
				<time>1970-01-01T01:00:00+01:00</time>
				<extensions>
					<swisstopo:routepoint_id>1452615541</swisstopo:routepoint_id>
				</extensions>
			</trkpt>
			<trkpt lat="46.8428730609" lon="8.4241321621">
				<ele>1874.4</ele>
				<time>1970-01-01T01:00:00+01:00</time>
				<extensions>
					<swisstopo:routepoint_id>792188774</swisstopo:routepoint_id>
				</extensions>
			</trkpt>
			<trkpt lat="46.8428861702" lon="8.4242102401">
				<ele>1873.8</ele>
				<time>1970-01-01T01:00:00+01:00</time>
				<extensions>
					<swisstopo:routepoint_id>1899148532</swisstopo:routepoint_id>
				</extensions>
			</trkpt>
			<trkpt lat="46.8429013138" lon="8.4242547400">
				<ele>1873.3</ele>
				<time>1970-01-01T01:00:00+01:00</time>
				<extensions>
					<swisstopo:routepoint_id>137778849</swisstopo:routepoint_id>
				</extensions>
			</trkpt>
			<trkpt lat="46.8429156975" lon="8.4243195867">
				<ele>1872.9</ele>
				<time>1970-01-01T01:00:00+01:00</time>
				<extensions>
					<swisstopo:routepoint_id>918836831</swisstopo:routepoint_id>
				</extensions>
			</trkpt>
			<trkpt lat="46.8429352850" lon="8.4243818672">
				<ele>1872.8</ele>
				<time>1970-01-01T01:00:00+01:00</time>
				<extensions>
					<swisstopo:routepoint_id>1709735043</swisstopo:routepoint_id>
				</extensions>
			</trkpt>
			<trkpt lat="46.8429696449" lon="8.4244638746">
				<ele>1872.6</ele>
				<time>1970-01-01T01:00:00+01:00</time>
				<extensions>
					<swisstopo:routepoint_id>1447933072</swisstopo:routepoint_id>
				</extensions>
			</trkpt>
			<trkpt lat="46.8429991707" lon="8.4245086512">
				<ele>1872.6</ele>
				<time>1970-01-01T01:00:00+01:00</time>
				<extensions>
					<swisstopo:routepoint_id>977161315</swisstopo:routepoint_id>
				</extensions>
			</trkpt>
			<trkpt lat="46.8430628633" lon="8.4245920874">
				<ele>1872.3</ele>
				<time>1970-01-01T01:00:00+01:00</time>
				<extensions>
					<swisstopo:routepoint_id>1314967677</swisstopo:routepoint_id>
				</extensions>
			</trkpt>
			<trkpt lat="46.8431067093" lon="8.4246433273">
				<ele>1872.0</ele>
				<time>1970-01-01T01:00:00+01:00</time>
				<extensions>
					<swisstopo:routepoint_id>21225580</swisstopo:routepoint_id>
				</extensions>
			</trkpt>
			<trkpt lat="46.8431283985" lon="8.4246631810">
				<ele>1871.7</ele>
				<time>1970-01-01T01:00:00+01:00</time>
				<extensions>
					<swisstopo:routepoint_id>1208188127</swisstopo:routepoint_id>
				</extensions>
			</trkpt>
			<trkpt lat="46.8431487445" lon="8.4247042496">
				<ele>1870.8</ele>
				<time>1970-01-01T01:00:00+01:00</time>
				<extensions>
					<swisstopo:routepoint_id>690335648</swisstopo:routepoint_id>
				</extensions>
			</trkpt>
			<trkpt lat="46.8432018161" lon="8.4247538757">
				<ele>1870.2</ele>
				<time>1970-01-01T01:00:00+01:00</time>
				<extensions>
					<swisstopo:routepoint_id>1913260499</swisstopo:routepoint_id>
				</extensions>
			</trkpt>
			<trkpt lat="46.8432170739" lon="8.4247851228">
				<ele>1870.2</ele>
				<time>1970-01-01T01:00:00+01:00</time>
				<extensions>
					<swisstopo:routepoint_id>1993596451</swisstopo:routepoint_id>
				</extensions>
			</trkpt>
			<trkpt lat="46.8432322084" lon="8.4248296358">
				<ele>1870.5</ele>
				<time>1970-01-01T01:00:00+01:00</time>
				<extensions>
					<swisstopo:routepoint_id>447488842</swisstopo:routepoint_id>
				</extensions>
			</trkpt>
			<trkpt lat="46.8432432003" lon="8.4248882064">
				<ele>1870.8</ele>
				<time>1970-01-01T01:00:00+01:00</time>
				<extensions>
					<swisstopo:routepoint_id>1119073174</swisstopo:routepoint_id>
				</extensions>
			</trkpt>
			<trkpt lat="46.8432565772" lon="8.4249362274">
				<ele>1870.6</ele>
				<time>1970-01-01T01:00:00+01:00</time>
				<extensions>
					<swisstopo:routepoint_id>1880968034</swisstopo:routepoint_id>
				</extensions>
			</trkpt>
			<trkpt lat="46.8432701233" lon="8.4249656600">
				<ele>1870.4</ele>
				<time>1970-01-01T01:00:00+01:00</time>
				<extensions>
					<swisstopo:routepoint_id>1103918190</swisstopo:routepoint_id>
				</extensions>
			</trkpt>
			<trkpt lat="46.8432882745" lon="8.4249951902">
				<ele>1869.9</ele>
				<time>1970-01-01T01:00:00+01:00</time>
				<extensions>
					<swisstopo:routepoint_id>939031242</swisstopo:routepoint_id>
				</extensions>
			</trkpt>
			<trkpt lat="46.8432982219" lon="8.4250413651">
				<ele>1869.4</ele>
				<time>1970-01-01T01:00:00+01:00</time>
				<extensions>
					<swisstopo:routepoint_id>224887434</swisstopo:routepoint_id>
				</extensions>
			</trkpt>
			<trkpt lat="46.8433150525" lon="8.4250894499">
				<ele>1869.3</ele>
				<time>1970-01-01T01:00:00+01:00</time>
				<extensions>
					<swisstopo:routepoint_id>1742258851</swisstopo:routepoint_id>
				</extensions>
			</trkpt>
			<trkpt lat="46.8433565576" lon="8.4251450655">
				<ele>1869.3</ele>
				<time>1970-01-01T01:00:00+01:00</time>
				<extensions>
					<swisstopo:routepoint_id>1803944387</swisstopo:routepoint_id>
				</extensions>
			</trkpt>
			<trkpt lat="46.8433797359" lon="8.4251914830">
				<ele>1869.1</ele>
				<time>1970-01-01T01:00:00+01:00</time>
				<extensions>
					<swisstopo:routepoint_id>1772909166</swisstopo:routepoint_id>
				</extensions>
			</trkpt>
			<trkpt lat="46.8434029827" lon="8.4252299571">
				<ele>1869.1</ele>
				<time>1970-01-01T01:00:00+01:00</time>
				<extensions>
					<swisstopo:routepoint_id>37229576</swisstopo:routepoint_id>
				</extensions>
			</trkpt>
			<trkpt lat="46.8434290163" lon="8.4252790886">
				<ele>1869.4</ele>
				<time>1970-01-01T01:00:00+01:00</time>
				<extensions>
					<swisstopo:routepoint_id>2133530922</swisstopo:routepoint_id>
				</extensions>
			</trkpt>
			<trkpt lat="46.8434406281" lon="8.4253314823">
				<ele>1869.5</ele>
				<time>1970-01-01T01:00:00+01:00</time>
				<extensions>
					<swisstopo:routepoint_id>1175031531</swisstopo:routepoint_id>
				</extensions>
			</trkpt>
			<trkpt lat="46.8434436768" lon="8.4254421154">
				<ele>1869.9</ele>
				<time>1970-01-01T01:00:00+01:00</time>
				<extensions>
					<swisstopo:routepoint_id>210422239</swisstopo:routepoint_id>
				</extensions>
			</trkpt>
			<trkpt lat="46.8434469699" lon="8.4255244331">
				<ele>1870.2</ele>
				<time>1970-01-01T01:00:00+01:00</time>
				<extensions>
					<swisstopo:routepoint_id>1054732130</swisstopo:routepoint_id>
				</extensions>
			</trkpt>
			<trkpt lat="46.8434401326" lon="8.4255817990">
				<ele>1870.4</ele>
				<time>1970-01-01T01:00:00+01:00</time>
				<extensions>
					<swisstopo:routepoint_id>1575718134</swisstopo:routepoint_id>
				</extensions>
			</trkpt>
			<trkpt lat="46.8434362652" lon="8.4256286124">
				<ele>1870.5</ele>
				<time>1970-01-01T01:00:00+01:00</time>
				<extensions>
					<swisstopo:routepoint_id>1032433526</swisstopo:routepoint_id>
				</extensions>
			</trkpt>
			<trkpt lat="46.8434415916" lon="8.4256764729">
				<ele>1871.0</ele>
				<time>1970-01-01T01:00:00+01:00</time>
				<extensions>
					<swisstopo:routepoint_id>1412935503</swisstopo:routepoint_id>
				</extensions>
			</trkpt>
			<trkpt lat="46.8434477932" lon="8.4257553174">
				<ele>1870.6</ele>
				<time>1970-01-01T01:00:00+01:00</time>
				<extensions>
					<swisstopo:routepoint_id>1314836692</swisstopo:routepoint_id>
				</extensions>
			</trkpt>
			<trkpt lat="46.8434508417" lon="8.4258659369">
				<ele>1870.6</ele>
				<time>1970-01-01T01:00:00+01:00</time>
				<extensions>
					<swisstopo:routepoint_id>2020835591</swisstopo:routepoint_id>
				</extensions>
			</trkpt>
			<trkpt lat="46.8434614405" lon="8.4259032872">
				<ele>1870.6</ele>
				<time>1970-01-01T01:00:00+01:00</time>
				<extensions>
					<swisstopo:routepoint_id>189413489</swisstopo:routepoint_id>
				</extensions>
			</trkpt>
			<trkpt lat="46.8434749481" lon="8.4259371515">
				<ele>1870.9</ele>
				<time>1970-01-01T01:00:00+01:00</time>
				<extensions>
					<swisstopo:routepoint_id>837329425</swisstopo:routepoint_id>
				</extensions>
			</trkpt>
			<trkpt lat="46.8434847715" lon="8.4259965930">
				<ele>1871.1</ele>
				<time>1970-01-01T01:00:00+01:00</time>
				<extensions>
					<swisstopo:routepoint_id>2089159163</swisstopo:routepoint_id>
				</extensions>
			</trkpt>
			<trkpt lat="46.8434894229" lon="8.4260559389">
				<ele>1871.5</ele>
				<time>1970-01-01T01:00:00+01:00</time>
				<extensions>
					<swisstopo:routepoint_id>394767366</swisstopo:routepoint_id>
				</extensions>
			</trkpt>
			<trkpt lat="46.8434854713" lon="8.4261124791">
				<ele>1871.5</ele>
				<time>1970-01-01T01:00:00+01:00</time>
				<extensions>
					<swisstopo:routepoint_id>1426707491</swisstopo:routepoint_id>
				</extensions>
			</trkpt>
			<trkpt lat="46.8434764151" lon="8.4261600759">
				<ele>1871.3</ele>
				<time>1970-01-01T01:00:00+01:00</time>
				<extensions>
					<swisstopo:routepoint_id>1916456836</swisstopo:routepoint_id>
				</extensions>
			</trkpt>
			<trkpt lat="46.8434806983" lon="8.4261964199">
				<ele>1871.1</ele>
				<time>1970-01-01T01:00:00+01:00</time>
				<extensions>
					<swisstopo:routepoint_id>624632029</swisstopo:routepoint_id>
				</extensions>
			</trkpt>
			<trkpt lat="46.8434907366" lon="8.4262319899">
				<ele>1871.2</ele>
				<time>1970-01-01T01:00:00+01:00</time>
				<extensions>
					<swisstopo:routepoint_id>255448729</swisstopo:routepoint_id>
				</extensions>
			</trkpt>
			<trkpt lat="46.8435020027" lon="8.4262587328">
				<ele>1871.6</ele>
				<time>1970-01-01T01:00:00+01:00</time>
				<extensions>
					<swisstopo:routepoint_id>1362075324</swisstopo:routepoint_id>
				</extensions>
			</trkpt>
			<trkpt lat="46.8435030396" lon="8.4263365912">
				<ele>1872.0</ele>
				<time>1970-01-01T01:00:00+01:00</time>
				<extensions>
					<swisstopo:routepoint_id>242846805</swisstopo:routepoint_id>
				</extensions>
			</trkpt>
			<trkpt lat="46.8435008364" lon="8.4263896232">
				<ele>1871.7</ele>
				<time>1970-01-01T01:00:00+01:00</time>
				<extensions>
					<swisstopo:routepoint_id>794187324</swisstopo:routepoint_id>
				</extensions>
			</trkpt>
			<trkpt lat="46.8434875978" lon="8.4264548299">
				<ele>1871.4</ele>
				<time>1970-01-01T01:00:00+01:00</time>
				<extensions>
					<swisstopo:routepoint_id>112628417</swisstopo:routepoint_id>
				</extensions>
			</trkpt>
			<trkpt lat="46.8434743757" lon="8.4265191589">
				<ele>1871.9</ele>
				<time>1970-01-01T01:00:00+01:00</time>
				<extensions>
					<swisstopo:routepoint_id>1491054300</swisstopo:routepoint_id>
				</extensions>
			</trkpt>
			<trkpt lat="46.8434697018" lon="8.4265916022">
				<ele>1872.8</ele>
				<time>1970-01-01T01:00:00+01:00</time>
				<extensions>
					<swisstopo:routepoint_id>180041932</swisstopo:routepoint_id>
				</extensions>
			</trkpt>
			<trkpt lat="46.8434651347" lon="8.4266516712">
				<ele>1873.1</ele>
				<time>1970-01-01T01:00:00+01:00</time>
				<extensions>
					<swisstopo:routepoint_id>1656080600</swisstopo:routepoint_id>
				</extensions>
			</trkpt>
			<trkpt lat="46.8434546825" lon="8.4267275487">
				<ele>1873.3</ele>
				<time>1970-01-01T01:00:00+01:00</time>
				<extensions>
					<swisstopo:routepoint_id>1509142987</swisstopo:routepoint_id>
				</extensions>
			</trkpt>
			<trkpt lat="46.8434536777" lon="8.4267761710">
				<ele>1873.3</ele>
				<time>1970-01-01T01:00:00+01:00</time>
				<extensions>
					<swisstopo:routepoint_id>1282570503</swisstopo:routepoint_id>
				</extensions>
			</trkpt>
			<trkpt lat="46.8434565710" lon="8.4268390385">
				<ele>1873.3</ele>
				<time>1970-01-01T01:00:00+01:00</time>
				<extensions>
					<swisstopo:routepoint_id>599461916</swisstopo:routepoint_id>
				</extensions>
			</trkpt>
			<trkpt lat="46.8434568001" lon="8.4268770773">
				<ele>1873.2</ele>
				<time>1970-01-01T01:00:00+01:00</time>
				<extensions>
					<swisstopo:routepoint_id>1705029275</swisstopo:routepoint_id>
				</extensions>
			</trkpt>
			<trkpt lat="46.8434420038" lon="8.4269236772">
				<ele>1872.9</ele>
				<time>1970-01-01T01:00:00+01:00</time>
				<extensions>
					<swisstopo:routepoint_id>1817897113</swisstopo:routepoint_id>
				</extensions>
			</trkpt>
			<trkpt lat="46.8434265782" lon="8.4269764664">
				<ele>1873.0</ele>
				<time>1970-01-01T01:00:00+01:00</time>
				<extensions>
					<swisstopo:routepoint_id>597877634</swisstopo:routepoint_id>
				</extensions>
			</trkpt>
			<trkpt lat="46.8434050507" lon="8.4270680569">
				<ele>1872.8</ele>
				<time>1970-01-01T01:00:00+01:00</time>
				<extensions>
					<swisstopo:routepoint_id>1974290985</swisstopo:routepoint_id>
				</extensions>
			</trkpt>
			<trkpt lat="46.8433924485" lon="8.4271261953">
				<ele>1872.7</ele>
				<time>1970-01-01T01:00:00+01:00</time>
				<extensions>
					<swisstopo:routepoint_id>1078798792</swisstopo:routepoint_id>
				</extensions>
			</trkpt>
			<trkpt lat="46.8433800155" lon="8.4272303425">
				<ele>1873.8</ele>
				<time>1970-01-01T01:00:00+01:00</time>
				<extensions>
					<swisstopo:routepoint_id>1746797045</swisstopo:routepoint_id>
				</extensions>
			</trkpt>
			<trkpt lat="46.8433679813" lon="8.4272893828">
				<ele>1874.3</ele>
				<time>1970-01-01T01:00:00+01:00</time>
				<extensions>
					<swisstopo:routepoint_id>1325472360</swisstopo:routepoint_id>
				</extensions>
			</trkpt>
			<trkpt lat="46.8433629236" lon="8.4273405921">
				<ele>1875.4</ele>
				<time>1970-01-01T01:00:00+01:00</time>
				<extensions>
					<swisstopo:routepoint_id>1789280274</swisstopo:routepoint_id>
				</extensions>
			</trkpt>
			<trkpt lat="46.8433506436" lon="8.4273624848">
				<ele>1875.9</ele>
				<time>1970-01-01T01:00:00+01:00</time>
				<extensions>
					<swisstopo:routepoint_id>260881442</swisstopo:routepoint_id>
				</extensions>
			</trkpt>
			<trkpt lat="46.8433399761" lon="8.4273976619">
				<ele>1875.7</ele>
				<time>1970-01-01T01:00:00+01:00</time>
				<extensions>
					<swisstopo:routepoint_id>1159081583</swisstopo:routepoint_id>
				</extensions>
			</trkpt>
			<trkpt lat="46.8433326234" lon="8.4274479512">
				<ele>1875.9</ele>
				<time>1970-01-01T01:00:00+01:00</time>
				<extensions>
					<swisstopo:routepoint_id>1223522014</swisstopo:routepoint_id>
				</extensions>
			</trkpt>
			<trkpt lat="46.8433252706" lon="8.4274982269">
				<ele>1875.7</ele>
				<time>1970-01-01T01:00:00+01:00</time>
				<extensions>
					<swisstopo:routepoint_id>477507267</swisstopo:routepoint_id>
				</extensions>
			</trkpt>
			<trkpt lat="46.8433067830" lon="8.4275721871">
				<ele>1875.9</ele>
				<time>1970-01-01T01:00:00+01:00</time>
				<extensions>
					<swisstopo:routepoint_id>2079160076</swisstopo:routepoint_id>
				</extensions>
			</trkpt>
			<trkpt lat="46.8432930293" lon="8.4276303034">
				<ele>1875.5</ele>
				<time>1970-01-01T01:00:00+01:00</time>
				<extensions>
					<swisstopo:routepoint_id>1942129771</swisstopo:routepoint_id>
				</extensions>
			</trkpt>
			<trkpt lat="46.8432891228" lon="8.4276815346">
				<ele>1875.4</ele>
				<time>1970-01-01T01:00:00+01:00</time>
				<extensions>
					<swisstopo:routepoint_id>1558105581</swisstopo:routepoint_id>
				</extensions>
			</trkpt>
			<trkpt lat="46.8432911105" lon="8.4277169569">
				<ele>1875.5</ele>
				<time>1970-01-01T01:00:00+01:00</time>
				<extensions>
					<swisstopo:routepoint_id>172702327</swisstopo:routepoint_id>
				</extensions>
			</trkpt>
			<trkpt lat="46.8433023150" lon="8.4277507793">
				<ele>1875.8</ele>
				<time>1970-01-01T01:00:00+01:00</time>
				<extensions>
					<swisstopo:routepoint_id>1917618985</swisstopo:routepoint_id>
				</extensions>
			</trkpt>
			<trkpt lat="46.8433049930" lon="8.4277729458">
				<ele>1876.0</ele>
				<time>1970-01-01T01:00:00+01:00</time>
				<extensions>
					<swisstopo:routepoint_id>1171258762</swisstopo:routepoint_id>
				</extensions>
			</trkpt>
			<trkpt lat="46.8432944476" lon="8.4277939787">
				<ele>1875.8</ele>
				<time>1970-01-01T01:00:00+01:00</time>
				<extensions>
					<swisstopo:routepoint_id>554381512</swisstopo:routepoint_id>
				</extensions>
			</trkpt>
			<trkpt lat="46.8432717996" lon="8.4278174372">
				<ele>1875.6</ele>
				<time>1970-01-01T01:00:00+01:00</time>
				<extensions>
					<swisstopo:routepoint_id>381785223</swisstopo:routepoint_id>
				</extensions>
			</trkpt>
			<trkpt lat="46.8432640790" lon="8.4278447101">
				<ele>1875.8</ele>
				<time>1970-01-01T01:00:00+01:00</time>
				<extensions>
					<swisstopo:routepoint_id>1608745053</swisstopo:routepoint_id>
				</extensions>
			</trkpt>
			<trkpt lat="46.8432607174" lon="8.4278994915">
				<ele>1876.4</ele>
				<time>1970-01-01T01:00:00+01:00</time>
				<extensions>
					<swisstopo:routepoint_id>1249446907</swisstopo:routepoint_id>
				</extensions>
			</trkpt>
			<trkpt lat="46.8432603872" lon="8.4279366413">
				<ele>1877.1</ele>
				<time>1970-01-01T01:00:00+01:00</time>
				<extensions>
					<swisstopo:routepoint_id>899276153</swisstopo:routepoint_id>
				</extensions>
			</trkpt>
			<trkpt lat="46.8432379217" lon="8.4280034478">
				<ele>1877.1</ele>
				<time>1970-01-01T01:00:00+01:00</time>
				<extensions>
					<swisstopo:routepoint_id>614145392</swisstopo:routepoint_id>
				</extensions>
			</trkpt>
			<trkpt lat="46.8432208773" lon="8.4280446956">
				<ele>1876.8</ele>
				<time>1970-01-01T01:00:00+01:00</time>
				<extensions>
					<swisstopo:routepoint_id>604031464</swisstopo:routepoint_id>
				</extensions>
			</trkpt>
			<trkpt lat="46.8432090491" lon="8.4280798640">
				<ele>1876.4</ele>
				<time>1970-01-01T01:00:00+01:00</time>
				<extensions>
					<swisstopo:routepoint_id>2129394961</swisstopo:routepoint_id>
				</extensions>
			</trkpt>
			<trkpt lat="46.8432053725" lon="8.4281700124">
				<ele>1876.2</ele>
				<time>1970-01-01T01:00:00+01:00</time>
				<extensions>
					<swisstopo:routepoint_id>1044955076</swisstopo:routepoint_id>
				</extensions>
			</trkpt>
			<trkpt lat="46.8432011812" lon="8.4282530838">
				<ele>1876.0</ele>
				<time>1970-01-01T01:00:00+01:00</time>
				<extensions>
					<swisstopo:routepoint_id>1056618684</swisstopo:routepoint_id>
				</extensions>
			</trkpt>
			<trkpt lat="46.8431988241" lon="8.4283237991">
				<ele>1875.6</ele>
				<time>1970-01-01T01:00:00+01:00</time>
				<extensions>
					<swisstopo:routepoint_id>1951597359</swisstopo:routepoint_id>
				</extensions>
			</trkpt>
			<trkpt lat="46.8431937431" lon="8.4283776574">
				<ele>1875.7</ele>
				<time>1970-01-01T01:00:00+01:00</time>
				<extensions>
					<swisstopo:routepoint_id>1612157038</swisstopo:routepoint_id>
				</extensions>
			</trkpt>
			<trkpt lat="46.8431911023" lon="8.4284156433">
				<ele>1875.5</ele>
				<time>1970-01-01T01:00:00+01:00</time>
				<extensions>
					<swisstopo:routepoint_id>1584281</swisstopo:routepoint_id>
				</extensions>
			</trkpt>
			<trkpt lat="46.8431860058" lon="8.4284712833">
				<ele>1876.5</ele>
				<time>1970-01-01T01:00:00+01:00</time>
				<extensions>
					<swisstopo:routepoint_id>1878221938</swisstopo:routepoint_id>
				</extensions>
			</trkpt>
			<trkpt lat="46.8431837940" lon="8.4285251934">
				<ele>1877.3</ele>
				<time>1970-01-01T01:00:00+01:00</time>
				<extensions>
					<swisstopo:routepoint_id>739098321</swisstopo:routepoint_id>
				</extensions>
			</trkpt>
			<trkpt lat="46.8431866559" lon="8.4285915866">
				<ele>1878.3</ele>
				<time>1970-01-01T01:00:00+01:00</time>
				<extensions>
					<swisstopo:routepoint_id>998564237</swisstopo:routepoint_id>
				</extensions>
			</trkpt>
			<trkpt lat="46.8431834242" lon="8.4286313317">
				<ele>1878.5</ele>
				<time>1970-01-01T01:00:00+01:00</time>
				<extensions>
					<swisstopo:routepoint_id>648818624</swisstopo:routepoint_id>
				</extensions>
			</trkpt>
			<trkpt lat="46.8431687815" lon="8.4286611387">
				<ele>1878.6</ele>
				<time>1970-01-01T01:00:00+01:00</time>
				<extensions>
					<swisstopo:routepoint_id>1437002165</swisstopo:routepoint_id>
				</extensions>
			</trkpt>
			<trkpt lat="46.8431485124" lon="8.4286757909">
				<ele>1878.4</ele>
				<time>1970-01-01T01:00:00+01:00</time>
				<extensions>
					<swisstopo:routepoint_id>1485915603</swisstopo:routepoint_id>
				</extensions>
			</trkpt>
			<trkpt lat="46.8431170231" lon="8.4286823835">
				<ele>1878.0</ele>
				<time>1970-01-01T01:00:00+01:00</time>
				<extensions>
					<swisstopo:routepoint_id>166390777</swisstopo:routepoint_id>
				</extensions>
			</trkpt>
			<trkpt lat="46.8430995609" lon="8.4286991062">
				<ele>1878.7</ele>
				<time>1970-01-01T01:00:00+01:00</time>
				<extensions>
					<swisstopo:routepoint_id>565758260</swisstopo:routepoint_id>
				</extensions>
			</trkpt>
			<trkpt lat="46.8430935743" lon="8.4287214158">
				<ele>1878.9</ele>
				<time>1970-01-01T01:00:00+01:00</time>
				<extensions>
					<swisstopo:routepoint_id>1930857823</swisstopo:routepoint_id>
				</extensions>
			</trkpt>
			<trkpt lat="46.8430972239" lon="8.4287591500">
				<ele>1878.6</ele>
				<time>1970-01-01T01:00:00+01:00</time>
				<extensions>
					<swisstopo:routepoint_id>1227405155</swisstopo:routepoint_id>
				</extensions>
			</trkpt>
			<trkpt lat="46.8431104300" lon="8.4287945033">
				<ele>1878.3</ele>
				<time>1970-01-01T01:00:00+01:00</time>
				<extensions>
					<swisstopo:routepoint_id>1428875890</swisstopo:routepoint_id>
				</extensions>
			</trkpt>
			<trkpt lat="46.8431389486" lon="8.4288473797">
				<ele>1878.4</ele>
				<time>1970-01-01T01:00:00+01:00</time>
				<extensions>
					<swisstopo:routepoint_id>1066885333</swisstopo:routepoint_id>
				</extensions>
			</trkpt>
			<trkpt lat="46.8431604973" lon="8.4289187051">
				<ele>1878.6</ele>
				<time>1970-01-01T01:00:00+01:00</time>
				<extensions>
					<swisstopo:routepoint_id>1906457748</swisstopo:routepoint_id>
				</extensions>
			</trkpt>
			<trkpt lat="46.8431912684" lon="8.4289742838">
				<ele>1879.2</ele>
				<time>1970-01-01T01:00:00+01:00</time>
				<extensions>
					<swisstopo:routepoint_id>24510786</swisstopo:routepoint_id>
				</extensions>
			</trkpt>
			<trkpt lat="46.8432181716" lon="8.4290173631">
				<ele>1879.4</ele>
				<time>1970-01-01T01:00:00+01:00</time>
				<extensions>
					<swisstopo:routepoint_id>386846819</swisstopo:routepoint_id>
				</extensions>
			</trkpt>
			<trkpt lat="46.8432529860" lon="8.4290641531">
				<ele>1879.6</ele>
				<time>1970-01-01T01:00:00+01:00</time>
				<extensions>
					<swisstopo:routepoint_id>1765804463</swisstopo:routepoint_id>
				</extensions>
			</trkpt>
			<trkpt lat="46.8432645303" lon="8.4291095851">
				<ele>1880.0</ele>
				<time>1970-01-01T01:00:00+01:00</time>
				<extensions>
					<swisstopo:routepoint_id>1535833761</swisstopo:routepoint_id>
				</extensions>
			</trkpt>
			<trkpt lat="46.8432654040" lon="8.4291406210">
				<ele>1880.1</ele>
				<time>1970-01-01T01:00:00+01:00</time>
				<extensions>
					<swisstopo:routepoint_id>1709997357</swisstopo:routepoint_id>
				</extensions>
			</trkpt>
			<trkpt lat="46.8432565716" lon="8.4291767885">
				<ele>1880.4</ele>
				<time>1970-01-01T01:00:00+01:00</time>
				<extensions>
					<swisstopo:routepoint_id>1452418253</swisstopo:routepoint_id>
				</extensions>
			</trkpt>
			<trkpt lat="46.8432284970" lon="8.4292045782">
				<ele>1880.4</ele>
				<time>1970-01-01T01:00:00+01:00</time>
				<extensions>
					<swisstopo:routepoint_id>1629992718</swisstopo:routepoint_id>
				</extensions>
			</trkpt>
			<trkpt lat="46.8432015940" lon="8.4292279714">
				<ele>1881.0</ele>
				<time>1970-01-01T01:00:00+01:00</time>
				<extensions>
					<swisstopo:routepoint_id>994599660</swisstopo:routepoint_id>
				</extensions>
			</trkpt>
			<trkpt lat="46.8431848412" lon="8.4292604273">
				<ele>1881.8</ele>
				<time>1970-01-01T01:00:00+01:00</time>
				<extensions>
					<swisstopo:routepoint_id>645415442</swisstopo:routepoint_id>
				</extensions>
			</trkpt>
			<trkpt lat="46.8431723235" lon="8.4293284125">
				<ele>1882.0</ele>
				<time>1970-01-01T01:00:00+01:00</time>
				<extensions>
					<swisstopo:routepoint_id>917364840</swisstopo:routepoint_id>
				</extensions>
			</trkpt>
			<trkpt lat="46.8431636675" lon="8.4294106671">
				<ele>1882.5</ele>
				<time>1970-01-01T01:00:00+01:00</time>
				<extensions>
					<swisstopo:routepoint_id>1716673964</swisstopo:routepoint_id>
				</extensions>
			</trkpt>
			<trkpt lat="46.8431647624" lon="8.4294815907">
				<ele>1883.3</ele>
				<time>1970-01-01T01:00:00+01:00</time>
				<extensions>
					<swisstopo:routepoint_id>1694896428</swisstopo:routepoint_id>
				</extensions>
			</trkpt>
			<trkpt lat="46.8431803128" lon="8.4295235563">
				<ele>1883.7</ele>
				<time>1970-01-01T01:00:00+01:00</time>
				<extensions>
					<swisstopo:routepoint_id>177797601</swisstopo:routepoint_id>
				</extensions>
			</trkpt>
			<trkpt lat="46.8431982603" lon="8.4295505147">
				<ele>1883.2</ele>
				<time>1970-01-01T01:00:00+01:00</time>
				<extensions>
					<swisstopo:routepoint_id>1580281686</swisstopo:routepoint_id>
				</extensions>
			</trkpt>
			<trkpt lat="46.8432638535" lon="8.4295855081">
				<ele>1882.8</ele>
				<time>1970-01-01T01:00:00+01:00</time>
				<extensions>
					<swisstopo:routepoint_id>1055034403</swisstopo:routepoint_id>
				</extensions>
			</trkpt>
			<trkpt lat="46.8433374141" lon="8.4296197968">
				<ele>1883.1</ele>
				<time>1970-01-01T01:00:00+01:00</time>
				<extensions>
					<swisstopo:routepoint_id>73375421</swisstopo:routepoint_id>
				</extensions>
			</trkpt>
			<trkpt lat="46.8434064020" lon="8.4296575143">
				<ele>1883.5</ele>
				<time>1970-01-01T01:00:00+01:00</time>
				<extensions>
					<swisstopo:routepoint_id>873058717</swisstopo:routepoint_id>
				</extensions>
			</trkpt>
			<trkpt lat="46.8434668258" lon="8.4297003982">
				<ele>1884.2</ele>
				<time>1970-01-01T01:00:00+01:00</time>
				<extensions>
					<swisstopo:routepoint_id>1150503692</swisstopo:routepoint_id>
				</extensions>
			</trkpt>
			<trkpt lat="46.8434938425" lon="8.4297293067">
				<ele>1884.3</ele>
				<time>1970-01-01T01:00:00+01:00</time>
				<extensions>
					<swisstopo:routepoint_id>1229403314</swisstopo:routepoint_id>
				</extensions>
			</trkpt>
			<trkpt lat="46.8435145016" lon="8.4297713795">
				<ele>1884.3</ele>
				<time>1970-01-01T01:00:00+01:00</time>
				<extensions>
					<swisstopo:routepoint_id>1449579803</swisstopo:routepoint_id>
				</extensions>
			</trkpt>
			<trkpt lat="46.8435375671" lon="8.4297984324">
				<ele>1884.3</ele>
				<time>1970-01-01T01:00:00+01:00</time>
				<extensions>
					<swisstopo:routepoint_id>1660132281</swisstopo:routepoint_id>
				</extensions>
			</trkpt>
			<trkpt lat="46.8435732244" lon="8.4298133273">
				<ele>1884.8</ele>
				<time>1970-01-01T01:00:00+01:00</time>
				<extensions>
					<swisstopo:routepoint_id>482427847</swisstopo:routepoint_id>
				</extensions>
			</trkpt>
			<trkpt lat="46.8436070600" lon="8.4298432665">
				<ele>1885.2</ele>
				<time>1970-01-01T01:00:00+01:00</time>
				<extensions>
					<swisstopo:routepoint_id>871243905</swisstopo:routepoint_id>
				</extensions>
			</trkpt>
			<trkpt lat="46.8436491754" lon="8.4299008379">
				<ele>1886.1</ele>
				<time>1970-01-01T01:00:00+01:00</time>
				<extensions>
					<swisstopo:routepoint_id>1702541428</swisstopo:routepoint_id>
				</extensions>
			</trkpt>
			<trkpt lat="46.8436810718" lon="8.4299573171">
				<ele>1886.2</ele>
				<time>1970-01-01T01:00:00+01:00</time>
				<extensions>
					<swisstopo:routepoint_id>1086469270</swisstopo:routepoint_id>
				</extensions>
			</trkpt>
			<trkpt lat="46.8437049940" lon="8.4300162982">
				<ele>1886.8</ele>
				<time>1970-01-01T01:00:00+01:00</time>
				<extensions>
					<swisstopo:routepoint_id>1284366018</swisstopo:routepoint_id>
				</extensions>
			</trkpt>
			<trkpt lat="46.8437011780" lon="8.4300631909">
				<ele>1886.9</ele>
				<time>1970-01-01T01:00:00+01:00</time>
				<extensions>
					<swisstopo:routepoint_id>863972489</swisstopo:routepoint_id>
				</extensions>
			</trkpt>
			<trkpt lat="46.8437080798" lon="8.4301200493">
				<ele>1887.1</ele>
				<time>1970-01-01T01:00:00+01:00</time>
				<extensions>
					<swisstopo:routepoint_id>1468431054</swisstopo:routepoint_id>
				</extensions>
			</trkpt>
			<trkpt lat="46.8437206188" lon="8.4301814560">
				<ele>1888.2</ele>
				<time>1970-01-01T01:00:00+01:00</time>
				<extensions>
					<swisstopo:routepoint_id>1404365104</swisstopo:routepoint_id>
				</extensions>
			</trkpt>
			<trkpt lat="46.8437343832" lon="8.4302322519">
				<ele>1889.0</ele>
				<time>1970-01-01T01:00:00+01:00</time>
				<extensions>
					<swisstopo:routepoint_id>680038514</swisstopo:routepoint_id>
				</extensions>
			</trkpt>
			<trkpt lat="46.8437772027" lon="8.4303403665">
				<ele>1890.4</ele>
				<time>1970-01-01T01:00:00+01:00</time>
				<extensions>
					<swisstopo:routepoint_id>140653285</swisstopo:routepoint_id>
				</extensions>
			</trkpt>
			<trkpt lat="46.8438028554" lon="8.4303958267">
				<ele>1891.7</ele>
				<time>1970-01-01T01:00:00+01:00</time>
				<extensions>
					<swisstopo:routepoint_id>636160673</swisstopo:routepoint_id>
				</extensions>
			</trkpt>
			<trkpt lat="46.8438403823" lon="8.4304586246">
				<ele>1894.3</ele>
				<time>1970-01-01T01:00:00+01:00</time>
				<extensions>
					<swisstopo:routepoint_id>824333110</swisstopo:routepoint_id>
				</extensions>
			</trkpt>
			<trkpt lat="46.8438645040" lon="8.4304945736">
				<ele>1895.7</ele>
				<time>1970-01-01T01:00:00+01:00</time>
				<extensions>
					<swisstopo:routepoint_id>313386210</swisstopo:routepoint_id>
				</extensions>
			</trkpt>
			<trkpt lat="46.8439007137" lon="8.4305121407">
				<ele>1897.2</ele>
				<time>1970-01-01T01:00:00+01:00</time>
				<extensions>
					<swisstopo:routepoint_id>2053324691</swisstopo:routepoint_id>
				</extensions>
			</trkpt>
			<trkpt lat="46.8439209827" lon="8.4305338195">
				<ele>1897.9</ele>
				<time>1970-01-01T01:00:00+01:00</time>
				<extensions>
					<swisstopo:routepoint_id>715397696</swisstopo:routepoint_id>
				</extensions>
			</trkpt>
			<trkpt lat="46.8439387533" lon="8.4305811493">
				<ele>1898.2</ele>
				<time>1970-01-01T01:00:00+01:00</time>
				<extensions>
					<swisstopo:routepoint_id>807002810</swisstopo:routepoint_id>
				</extensions>
			</trkpt>
			<trkpt lat="46.8439559418" lon="8.4306302521">
				<ele>1898.1</ele>
				<time>1970-01-01T01:00:00+01:00</time>
				<extensions>
					<swisstopo:routepoint_id>712627877</swisstopo:routepoint_id>
				</extensions>
			</trkpt>
			<trkpt lat="46.8439792202" lon="8.4306980717">
				<ele>1899.1</ele>
				<time>1970-01-01T01:00:00+01:00</time>
				<extensions>
					<swisstopo:routepoint_id>1425409344</swisstopo:routepoint_id>
				</extensions>
			</trkpt>
			<trkpt lat="46.8439894447" lon="8.4307638671">
				<ele>1899.1</ele>
				<time>1970-01-01T01:00:00+01:00</time>
				<extensions>
					<swisstopo:routepoint_id>1098002662</swisstopo:routepoint_id>
				</extensions>
			</trkpt>
			<trkpt lat="46.8439765761" lon="8.4308079196">
				<ele>1898.6</ele>
				<time>1970-01-01T01:00:00+01:00</time>
				<extensions>
					<swisstopo:routepoint_id>739567239</swisstopo:routepoint_id>
				</extensions>
			</trkpt>
			<trkpt lat="46.8439648162" lon="8.4308537746">
				<ele>1898.8</ele>
				<time>1970-01-01T01:00:00+01:00</time>
				<extensions>
					<swisstopo:routepoint_id>136392278</swisstopo:routepoint_id>
				</extensions>
			</trkpt>
			<trkpt lat="46.8439694652" lon="8.4309079303">
				<ele>1899.7</ele>
				<time>1970-01-01T01:00:00+01:00</time>
				<extensions>
					<swisstopo:routepoint_id>639862025</swisstopo:routepoint_id>
				</extensions>
			</trkpt>
			<trkpt lat="46.8439845394" lon="8.4309383761">
				<ele>1900.1</ele>
				<time>1970-01-01T01:00:00+01:00</time>
				<extensions>
					<swisstopo:routepoint_id>104422180</swisstopo:routepoint_id>
				</extensions>
			</trkpt>
			<trkpt lat="46.8440199671" lon="8.4309807484">
				<ele>1899.0</ele>
				<time>1970-01-01T01:00:00+01:00</time>
				<extensions>
					<swisstopo:routepoint_id>707222968</swisstopo:routepoint_id>
				</extensions>
			</trkpt>
			<trkpt lat="46.8440542770" lon="8.4310213172">
				<ele>1897.6</ele>
				<time>1970-01-01T01:00:00+01:00</time>
				<extensions>
					<swisstopo:routepoint_id>2052014358</swisstopo:routepoint_id>
				</extensions>
			</trkpt>
			<trkpt lat="46.8440894201" lon="8.4310964747">
				<ele>1897.6</ele>
				<time>1970-01-01T01:00:00+01:00</time>
				<extensions>
					<swisstopo:routepoint_id>991455755</swisstopo:routepoint_id>
				</extensions>
			</trkpt>
			<trkpt lat="46.8441213851" lon="8.4311449852">
				<ele>1897.1</ele>
				<time>1970-01-01T01:00:00+01:00</time>
				<extensions>
					<swisstopo:routepoint_id>1570962562</swisstopo:routepoint_id>
				</extensions>
			</trkpt>
			<trkpt lat="46.8441448630" lon="8.4311897726">
				<ele>1896.2</ele>
				<time>1970-01-01T01:00:00+01:00</time>
				<extensions>
					<swisstopo:routepoint_id>1637855059</swisstopo:routepoint_id>
				</extensions>
			</trkpt>
			<trkpt lat="46.8441842893" lon="8.4312295701">
				<ele>1895.7</ele>
				<time>1970-01-01T01:00:00+01:00</time>
				<extensions>
					<swisstopo:routepoint_id>746975467</swisstopo:routepoint_id>
				</extensions>
			</trkpt>
			<trkpt lat="46.8442214246" lon="8.4312710955">
				<ele>1895.5</ele>
				<time>1970-01-01T01:00:00+01:00</time>
				<extensions>
					<swisstopo:routepoint_id>578335898</swisstopo:routepoint_id>
				</extensions>
			</trkpt>
			<trkpt lat="46.8442478986" lon="8.4312982123">
				<ele>1895.5</ele>
				<time>1970-01-01T01:00:00+01:00</time>
				<extensions>
					<swisstopo:routepoint_id>2105074501</swisstopo:routepoint_id>
				</extensions>
			</trkpt>
			<trkpt lat="46.8442740506" lon="8.4312960857">
				<ele>1895.9</ele>
				<time>1970-01-01T01:00:00+01:00</time>
				<extensions>
					<swisstopo:routepoint_id>1543442224</swisstopo:routepoint_id>
				</extensions>
			</trkpt>
			<trkpt lat="46.8442941669" lon="8.4312690149">
				<ele>1896.5</ele>
				<time>1970-01-01T01:00:00+01:00</time>
				<extensions>
					<swisstopo:routepoint_id>1734361535</swisstopo:routepoint_id>
				</extensions>
			</trkpt>
			<trkpt lat="46.8443357993" lon="8.4312494733">
				<ele>1897.0</ele>
				<time>1970-01-01T01:00:00+01:00</time>
				<extensions>
					<swisstopo:routepoint_id>838568939</swisstopo:routepoint_id>
				</extensions>
			</trkpt>
			<trkpt lat="46.8443851703" lon="8.4312566766">
				<ele>1897.6</ele>
				<time>1970-01-01T01:00:00+01:00</time>
				<extensions>
					<swisstopo:routepoint_id>1765521864</swisstopo:routepoint_id>
				</extensions>
			</trkpt>
			<trkpt lat="46.8444285875" lon="8.4312947786">
				<ele>1898.0</ele>
				<time>1970-01-01T01:00:00+01:00</time>
				<extensions>
					<swisstopo:routepoint_id>2027484562</swisstopo:routepoint_id>
				</extensions>
			</trkpt>
			<trkpt lat="46.8444481807" lon="8.4313279696">
				<ele>1898.4</ele>
				<time>1970-01-01T01:00:00+01:00</time>
				<extensions>
					<swisstopo:routepoint_id>183933975</swisstopo:routepoint_id>
				</extensions>
			</trkpt>
			<trkpt lat="46.8444648639" lon="8.4313699577">
				<ele>1898.1</ele>
				<time>1970-01-01T01:00:00+01:00</time>
				<extensions>
					<swisstopo:routepoint_id>1327777769</swisstopo:routepoint_id>
				</extensions>
			</trkpt>
			<trkpt lat="46.8444797546" lon="8.4314225591">
				<ele>1898.2</ele>
				<time>1970-01-01T01:00:00+01:00</time>
				<extensions>
					<swisstopo:routepoint_id>768204431</swisstopo:routepoint_id>
				</extensions>
			</trkpt>
			<trkpt lat="46.8444825713" lon="8.4314908539">
				<ele>1898.2</ele>
				<time>1970-01-01T01:00:00+01:00</time>
				<extensions>
					<swisstopo:routepoint_id>2003189051</swisstopo:routepoint_id>
				</extensions>
			</trkpt>
			<trkpt lat="46.8444848226" lon="8.4315600304">
				<ele>1899.1</ele>
				<time>1970-01-01T01:00:00+01:00</time>
				<extensions>
					<swisstopo:routepoint_id>1974750722</swisstopo:routepoint_id>
				</extensions>
			</trkpt>
			<trkpt lat="46.8444935313" lon="8.4316045203">
				<ele>1899.5</ele>
				<time>1970-01-01T01:00:00+01:00</time>
				<extensions>
					<swisstopo:routepoint_id>730319629</swisstopo:routepoint_id>
				</extensions>
			</trkpt>
			<trkpt lat="46.8445131783" lon="8.4316315107">
				<ele>1899.8</ele>
				<time>1970-01-01T01:00:00+01:00</time>
				<extensions>
					<swisstopo:routepoint_id>108935414</swisstopo:routepoint_id>
				</extensions>
			</trkpt>
			<trkpt lat="46.8445690132" lon="8.4316796090">
				<ele>1900.6</ele>
				<time>1970-01-01T01:00:00+01:00</time>
				<extensions>
					<swisstopo:routepoint_id>1653867048</swisstopo:routepoint_id>
				</extensions>
			</trkpt>
			<trkpt lat="46.8445932101" lon="8.4317058071">
				<ele>1900.9</ele>
				<time>1970-01-01T01:00:00+01:00</time>
				<extensions>
					<swisstopo:routepoint_id>1340696814</swisstopo:routepoint_id>
				</extensions>
			</trkpt>
			<trkpt lat="46.8446116635" lon="8.4317407467">
				<ele>1901.5</ele>
				<time>1970-01-01T01:00:00+01:00</time>
				<extensions>
					<swisstopo:routepoint_id>1437472000</swisstopo:routepoint_id>
				</extensions>
			</trkpt>
			<trkpt lat="46.8446362975" lon="8.4317829081">
				<ele>1902.1</ele>
				<time>1970-01-01T01:00:00+01:00</time>
				<extensions>
					<swisstopo:routepoint_id>1856483796</swisstopo:routepoint_id>
				</extensions>
			</trkpt>
			<trkpt lat="46.8446830159" lon="8.4318334746">
				<ele>1903.4</ele>
				<time>1970-01-01T01:00:00+01:00</time>
				<extensions>
					<swisstopo:routepoint_id>2120544286</swisstopo:routepoint_id>
				</extensions>
			</trkpt>
			<trkpt lat="46.8447088448" lon="8.4318685648">
				<ele>1904.2</ele>
				<time>1970-01-01T01:00:00+01:00</time>
				<extensions>
					<swisstopo:routepoint_id>1289017066</swisstopo:routepoint_id>
				</extensions>
			</trkpt>
			<trkpt lat="46.8447119612" lon="8.4319023173">
				<ele>1904.7</ele>
				<time>1970-01-01T01:00:00+01:00</time>
				<extensions>
					<swisstopo:routepoint_id>458140637</swisstopo:routepoint_id>
				</extensions>
			</trkpt>
			<trkpt lat="46.8446882358" lon="8.4319523573">
				<ele>1904.9</ele>
				<time>1970-01-01T01:00:00+01:00</time>
				<extensions>
					<swisstopo:routepoint_id>635145058</swisstopo:routepoint_id>
				</extensions>
			</trkpt>
			<trkpt lat="46.8446552502" lon="8.4320234808">
				<ele>1905.4</ele>
				<time>1970-01-01T01:00:00+01:00</time>
				<extensions>
					<swisstopo:routepoint_id>1576652957</swisstopo:routepoint_id>
				</extensions>
			</trkpt>
			<trkpt lat="46.8446379055" lon="8.4320576960">
				<ele>1905.8</ele>
				<time>1970-01-01T01:00:00+01:00</time>
				<extensions>
					<swisstopo:routepoint_id>735331314</swisstopo:routepoint_id>
				</extensions>
			</trkpt>
			<trkpt lat="46.8446419950" lon="8.4321109491">
				<ele>1906.9</ele>
				<time>1970-01-01T01:00:00+01:00</time>
				<extensions>
					<swisstopo:routepoint_id>1260450073</swisstopo:routepoint_id>
				</extensions>
			</trkpt>
			<trkpt lat="46.8446555827" lon="8.4321830232">
				<ele>1908.5</ele>
				<time>1970-01-01T01:00:00+01:00</time>
				<extensions>
					<swisstopo:routepoint_id>1283744054</swisstopo:routepoint_id>
				</extensions>
			</trkpt>
			<trkpt lat="46.8446725011" lon="8.4322631307">
				<ele>1909.7</ele>
				<time>1970-01-01T01:00:00+01:00</time>
				<extensions>
					<swisstopo:routepoint_id>414159299</swisstopo:routepoint_id>
				</extensions>
			</trkpt>
			<trkpt lat="46.8446715727" lon="8.4323047678">
				<ele>1909.9</ele>
				<time>1970-01-01T01:00:00+01:00</time>
				<extensions>
					<swisstopo:routepoint_id>244480288</swisstopo:routepoint_id>
				</extensions>
			</trkpt>
			<trkpt lat="46.8446599829" lon="8.4323320086">
				<ele>1909.8</ele>
				<time>1970-01-01T01:00:00+01:00</time>
				<extensions>
					<swisstopo:routepoint_id>992626663</swisstopo:routepoint_id>
				</extensions>
			</trkpt>
			<trkpt lat="46.8446380343" lon="8.4323732177">
				<ele>1909.0</ele>
				<time>1970-01-01T01:00:00+01:00</time>
				<extensions>
					<swisstopo:routepoint_id>1680264206</swisstopo:routepoint_id>
				</extensions>
			</trkpt>
			<trkpt lat="46.8446090458" lon="8.4324408872">
				<ele>1908.3</ele>
				<time>1970-01-01T01:00:00+01:00</time>
				<extensions>
					<swisstopo:routepoint_id>1351016890</swisstopo:routepoint_id>
				</extensions>
			</trkpt>
			<trkpt lat="46.8445927292" lon="8.4324892935">
				<ele>1908.0</ele>
				<time>1970-01-01T01:00:00+01:00</time>
				<extensions>
					<swisstopo:routepoint_id>991458011</swisstopo:routepoint_id>
				</extensions>
			</trkpt>
			<trkpt lat="46.8445818492" lon="8.4325652948">
				<ele>1907.6</ele>
				<time>1970-01-01T01:00:00+01:00</time>
				<extensions>
					<swisstopo:routepoint_id>1266505562</swisstopo:routepoint_id>
				</extensions>
			</trkpt>
			<trkpt lat="46.8445715897" lon="8.4326351056">
				<ele>1907.2</ele>
				<time>1970-01-01T01:00:00+01:00</time>
				<extensions>
					<swisstopo:routepoint_id>1925404008</swisstopo:routepoint_id>
				</extensions>
			</trkpt>
			<trkpt lat="46.8445556456" lon="8.4327048115">
				<ele>1906.4</ele>
				<time>1970-01-01T01:00:00+01:00</time>
				<extensions>
					<swisstopo:routepoint_id>1854360621</swisstopo:routepoint_id>
				</extensions>
			</trkpt>
			<trkpt lat="46.8445551386" lon="8.4327641832">
				<ele>1906.4</ele>
				<time>1970-01-01T01:00:00+01:00</time>
				<extensions>
					<swisstopo:routepoint_id>654634963</swisstopo:routepoint_id>
				</extensions>
			</trkpt>
			<trkpt lat="46.8445655160" lon="8.4328122564">
				<ele>1906.3</ele>
				<time>1970-01-01T01:00:00+01:00</time>
				<extensions>
					<swisstopo:routepoint_id>437744094</swisstopo:routepoint_id>
				</extensions>
			</trkpt>
			<trkpt lat="46.8445735653" lon="8.4328673672">
				<ele>1905.7</ele>
				<time>1970-01-01T01:00:00+01:00</time>
				<extensions>
					<swisstopo:routepoint_id>1259280131</swisstopo:routepoint_id>
				</extensions>
			</trkpt>
			<trkpt lat="46.8445809785" lon="8.4329304367">
				<ele>1905.7</ele>
				<time>1970-01-01T01:00:00+01:00</time>
				<extensions>
					<swisstopo:routepoint_id>328228572</swisstopo:routepoint_id>
				</extensions>
			</trkpt>
			<trkpt lat="46.8445779437" lon="8.4329525393">
				<ele>1905.8</ele>
				<time>1970-01-01T01:00:00+01:00</time>
				<extensions>
					<swisstopo:routepoint_id>1500510695</swisstopo:routepoint_id>
				</extensions>
			</trkpt>
			<trkpt lat="46.8445657242" lon="8.4329859702">
				<ele>1905.8</ele>
				<time>1970-01-01T01:00:00+01:00</time>
				<extensions>
					<swisstopo:routepoint_id>37884801</swisstopo:routepoint_id>
				</extensions>
			</trkpt>
			<trkpt lat="46.8445338558" lon="8.4330588948">
				<ele>1906.8</ele>
				<time>1970-01-01T01:00:00+01:00</time>
				<extensions>
					<swisstopo:routepoint_id>1894253637</swisstopo:routepoint_id>
				</extensions>
			</trkpt>
			<trkpt lat="46.8445024836" lon="8.4331389107">
				<ele>1907.6</ele>
				<time>1970-01-01T01:00:00+01:00</time>
				<extensions>
					<swisstopo:routepoint_id>320883674</swisstopo:routepoint_id>
				</extensions>
			</trkpt>
			<trkpt lat="46.8444908166" lon="8.4331750117">
				<ele>1907.9</ele>
				<time>1970-01-01T01:00:00+01:00</time>
				<extensions>
					<swisstopo:routepoint_id>1537106463</swisstopo:routepoint_id>
				</extensions>
			</trkpt>
			<trkpt lat="46.8444927840" lon="8.4332105019">
				<ele>1907.7</ele>
				<time>1970-01-01T01:00:00+01:00</time>
				<extensions>
					<swisstopo:routepoint_id>818947062</swisstopo:routepoint_id>
				</extensions>
			</trkpt>
			<trkpt lat="46.8445037972" lon="8.4332506149">
				<ele>1907.4</ele>
				<time>1970-01-01T01:00:00+01:00</time>
				<extensions>
					<swisstopo:routepoint_id>1944866900</swisstopo:routepoint_id>
				</extensions>
			</trkpt>
			<trkpt lat="46.8445383492" lon="8.4333284252">
				<ele>1906.6</ele>
				<time>1970-01-01T01:00:00+01:00</time>
				<extensions>
					<swisstopo:routepoint_id>1367636175</swisstopo:routepoint_id>
				</extensions>
			</trkpt>
			<trkpt lat="46.8445505278" lon="8.4333658998">
				<ele>1906.4</ele>
				<time>1970-01-01T01:00:00+01:00</time>
				<extensions>
					<swisstopo:routepoint_id>148454933</swisstopo:routepoint_id>
				</extensions>
			</trkpt>
			<trkpt lat="46.8445487935" lon="8.4334349893">
				<ele>1906.3</ele>
				<time>1970-01-01T01:00:00+01:00</time>
				<extensions>
					<swisstopo:routepoint_id>1398343158</swisstopo:routepoint_id>
				</extensions>
			</trkpt>
			<trkpt lat="46.8445475267" lon="8.4335165040">
				<ele>1906.2</ele>
				<time>1970-01-01T01:00:00+01:00</time>
				<extensions>
					<swisstopo:routepoint_id>1485399228</swisstopo:routepoint_id>
				</extensions>
			</trkpt>
			<trkpt lat="46.8445468728" lon="8.4335927197">
				<ele>1906.5</ele>
				<time>1970-01-01T01:00:00+01:00</time>
				<extensions>
					<swisstopo:routepoint_id>1859847757</swisstopo:routepoint_id>
				</extensions>
			</trkpt>
			<trkpt lat="46.8445399445" lon="8.4336714553">
				<ele>1907.5</ele>
				<time>1970-01-01T01:00:00+01:00</time>
				<extensions>
					<swisstopo:routepoint_id>1870292971</swisstopo:routepoint_id>
				</extensions>
			</trkpt>
			<trkpt lat="46.8445400408" lon="8.4337255278">
				<ele>1909.3</ele>
				<time>1970-01-01T01:00:00+01:00</time>
				<extensions>
					<swisstopo:routepoint_id>1522178633</swisstopo:routepoint_id>
				</extensions>
			</trkpt>
			<trkpt lat="46.8445492383" lon="8.4337788898">
				<ele>1910.2</ele>
				<time>1970-01-01T01:00:00+01:00</time>
				<extensions>
					<swisstopo:routepoint_id>292908903</swisstopo:routepoint_id>
				</extensions>
			</trkpt>
			<trkpt lat="46.8445774861" lon="8.4338636645">
				<ele>1911.5</ele>
				<time>1970-01-01T01:00:00+01:00</time>
				<extensions>
					<swisstopo:routepoint_id>321172015</swisstopo:routepoint_id>
				</extensions>
			</trkpt>
			<trkpt lat="46.8446025395" lon="8.4339226685">
				<ele>1912.8</ele>
				<time>1970-01-01T01:00:00+01:00</time>
				<extensions>
					<swisstopo:routepoint_id>1015969785</swisstopo:routepoint_id>
				</extensions>
			</trkpt>
			<trkpt lat="46.8446306588" lon="8.4339560318">
				<ele>1913.5</ele>
				<time>1970-01-01T01:00:00+01:00</time>
				<extensions>
					<swisstopo:routepoint_id>291117391</swisstopo:routepoint_id>
				</extensions>
			</trkpt>
			<trkpt lat="46.8446684074" lon="8.4339931263">
				<ele>1913.3</ele>
				<time>1970-01-01T01:00:00+01:00</time>
				<extensions>
					<swisstopo:routepoint_id>881378741</swisstopo:routepoint_id>
				</extensions>
			</trkpt>
			<trkpt lat="46.8447391246" lon="8.4340273557">
				<ele>1913.9</ele>
				<time>1970-01-01T01:00:00+01:00</time>
				<extensions>
					<swisstopo:routepoint_id>1040947045</swisstopo:routepoint_id>
				</extensions>
			</trkpt>
			<trkpt lat="46.8447640200" lon="8.4340393796">
				<ele>1914.4</ele>
				<time>1970-01-01T01:00:00+01:00</time>
				<extensions>
					<swisstopo:routepoint_id>1168652</swisstopo:routepoint_id>
				</extensions>
			</trkpt>
			<trkpt lat="46.8447474544" lon="8.4341152757">
				<ele>1913.7</ele>
				<time>1970-01-01T01:00:00+01:00</time>
				<extensions>
					<swisstopo:routepoint_id>413758644</swisstopo:routepoint_id>
				</extensions>
			</trkpt>
			<trkpt lat="46.8447359219" lon="8.4342010070">
				<ele>1913.0</ele>
				<time>1970-01-01T01:00:00+01:00</time>
				<extensions>
					<swisstopo:routepoint_id>1573096530</swisstopo:routepoint_id>
				</extensions>
			</trkpt>
			<trkpt lat="46.8447301111" lon="8.4342815465">
				<ele>1914.0</ele>
				<time>1970-01-01T01:00:00+01:00</time>
				<extensions>
					<swisstopo:routepoint_id>1284581038</swisstopo:routepoint_id>
				</extensions>
			</trkpt>
			<trkpt lat="46.8447257714" lon="8.4343904722">
				<ele>1914.9</ele>
				<time>1970-01-01T01:00:00+01:00</time>
				<extensions>
					<swisstopo:routepoint_id>611870598</swisstopo:routepoint_id>
				</extensions>
			</trkpt>
			<trkpt lat="46.8447194245" lon="8.4344674614">
				<ele>1915.0</ele>
				<time>1970-01-01T01:00:00+01:00</time>
				<extensions>
					<swisstopo:routepoint_id>1487659914</swisstopo:routepoint_id>
				</extensions>
			</trkpt>
			<trkpt lat="46.8447011588" lon="8.4345433131">
				<ele>1915.2</ele>
				<time>1970-01-01T01:00:00+01:00</time>
				<extensions>
					<swisstopo:routepoint_id>595080490</swisstopo:routepoint_id>
				</extensions>
			</trkpt>
			<trkpt lat="46.8446881331" lon="8.4346041963">
				<ele>1915.8</ele>
				<time>1970-01-01T01:00:00+01:00</time>
				<extensions>
					<swisstopo:routepoint_id>326406391</swisstopo:routepoint_id>
				</extensions>
			</trkpt>
			<trkpt lat="46.8446909876" lon="8.4346689663">
				<ele>1916.8</ele>
				<time>1970-01-01T01:00:00+01:00</time>
				<extensions>
					<swisstopo:routepoint_id>1084717047</swisstopo:routepoint_id>
				</extensions>
			</trkpt>
			<trkpt lat="46.8447052473" lon="8.4347277455">
				<ele>1917.7</ele>
				<time>1970-01-01T01:00:00+01:00</time>
				<extensions>
					<swisstopo:routepoint_id>1221395329</swisstopo:routepoint_id>
				</extensions>
			</trkpt>
			<trkpt lat="46.8447292287" lon="8.4347796369">
				<ele>1918.7</ele>
				<time>1970-01-01T01:00:00+01:00</time>
				<extensions>
					<swisstopo:routepoint_id>581458582</swisstopo:routepoint_id>
				</extensions>
			</trkpt>
			<trkpt lat="46.8447534416" lon="8.4348049436">
				<ele>1919.7</ele>
				<time>1970-01-01T01:00:00+01:00</time>
				<extensions>
					<swisstopo:routepoint_id>1179627020</swisstopo:routepoint_id>
				</extensions>
			</trkpt>
			<trkpt lat="46.8447830677" lon="8.4348604926">
				<ele>1921.4</ele>
				<time>1970-01-01T01:00:00+01:00</time>
				<extensions>
					<swisstopo:routepoint_id>648261986</swisstopo:routepoint_id>
				</extensions>
			</trkpt>
			<trkpt lat="46.8448075474" lon="8.4349212712">
				<ele>1922.8</ele>
				<time>1970-01-01T01:00:00+01:00</time>
				<extensions>
					<swisstopo:routepoint_id>1075306575</swisstopo:routepoint_id>
				</extensions>
			</trkpt>
			<trkpt lat="46.8448440762" lon="8.4349672075">
				<ele>1924.1</ele>
				<time>1970-01-01T01:00:00+01:00</time>
				<extensions>
					<swisstopo:routepoint_id>523500422</swisstopo:routepoint_id>
				</extensions>
			</trkpt>
			<trkpt lat="46.8448863666" lon="8.4350043997">
				<ele>1925.7</ele>
				<time>1970-01-01T01:00:00+01:00</time>
				<extensions>
					<swisstopo:routepoint_id>169470288</swisstopo:routepoint_id>
				</extensions>
			</trkpt>
			<trkpt lat="46.8449366994" lon="8.4350302428">
				<ele>1927.3</ele>
				<time>1970-01-01T01:00:00+01:00</time>
				<extensions>
					<swisstopo:routepoint_id>670492128</swisstopo:routepoint_id>
				</extensions>
			</trkpt>
			<trkpt lat="46.8449829808" lon="8.4350657518">
				<ele>1928.5</ele>
				<time>1970-01-01T01:00:00+01:00</time>
				<extensions>
					<swisstopo:routepoint_id>546523741</swisstopo:routepoint_id>
				</extensions>
			</trkpt>
			<trkpt lat="46.8450421600" lon="8.4351201312">
				<ele>1928.8</ele>
				<time>1970-01-01T01:00:00+01:00</time>
				<extensions>
					<swisstopo:routepoint_id>2029720595</swisstopo:routepoint_id>
				</extensions>
			</trkpt>
			<trkpt lat="46.8450765070" lon="8.4351562723">
				<ele>1928.1</ele>
				<time>1970-01-01T01:00:00+01:00</time>
				<extensions>
					<swisstopo:routepoint_id>436090824</swisstopo:routepoint_id>
				</extensions>
			</trkpt>
			<trkpt lat="46.8451121150" lon="8.4352438592">
				<ele>1927.1</ele>
				<time>1970-01-01T01:00:00+01:00</time>
				<extensions>
					<swisstopo:routepoint_id>1675533835</swisstopo:routepoint_id>
				</extensions>
			</trkpt>
			<trkpt lat="46.8451444518" lon="8.4353145376">
				<ele>1926.2</ele>
				<time>1970-01-01T01:00:00+01:00</time>
				<extensions>
					<swisstopo:routepoint_id>2110704243</swisstopo:routepoint_id>
				</extensions>
			</trkpt>
			<trkpt lat="46.8451729288" lon="8.4353718367">
				<ele>1926.1</ele>
				<time>1970-01-01T01:00:00+01:00</time>
				<extensions>
					<swisstopo:routepoint_id>1566938854</swisstopo:routepoint_id>
				</extensions>
			</trkpt>
			<trkpt lat="46.8452163447" lon="8.4354099422">
				<ele>1925.7</ele>
				<time>1970-01-01T01:00:00+01:00</time>
				<extensions>
					<swisstopo:routepoint_id>1549120956</swisstopo:routepoint_id>
				</extensions>
			</trkpt>
			<trkpt lat="46.8452732882" lon="8.4354607277">
				<ele>1925.8</ele>
				<time>1970-01-01T01:00:00+01:00</time>
				<extensions>
					<swisstopo:routepoint_id>506208847</swisstopo:routepoint_id>
				</extensions>
			</trkpt>
			<trkpt lat="46.8453376387" lon="8.4355090152">
				<ele>1925.8</ele>
				<time>1970-01-01T01:00:00+01:00</time>
				<extensions>
					<swisstopo:routepoint_id>1791512</swisstopo:routepoint_id>
				</extensions>
			</trkpt>
			<trkpt lat="46.8453978138" lon="8.4355802489">
				<ele>1926.8</ele>
				<time>1970-01-01T01:00:00+01:00</time>
				<extensions>
					<swisstopo:routepoint_id>1587276921</swisstopo:routepoint_id>
				</extensions>
			</trkpt>
			<trkpt lat="46.8454269958" lon="8.4356216180">
				<ele>1927.9</ele>
				<time>1970-01-01T01:00:00+01:00</time>
				<extensions>
					<swisstopo:routepoint_id>2122506388</swisstopo:routepoint_id>
				</extensions>
			</trkpt>
			<trkpt lat="46.8454508229" lon="8.4356912348">
				<ele>1928.6</ele>
				<time>1970-01-01T01:00:00+01:00</time>
				<extensions>
					<swisstopo:routepoint_id>289948739</swisstopo:routepoint_id>
				</extensions>
			</trkpt>
			<trkpt lat="46.8454709280" lon="8.4357315313">
				<ele>1928.8</ele>
				<time>1970-01-01T01:00:00+01:00</time>
				<extensions>
					<swisstopo:routepoint_id>467620097</swisstopo:routepoint_id>
				</extensions>
			</trkpt>
			<trkpt lat="46.8455041872" lon="8.4357614512">
				<ele>1929.4</ele>
				<time>1970-01-01T01:00:00+01:00</time>
				<extensions>
					<swisstopo:routepoint_id>1615334163</swisstopo:routepoint_id>
				</extensions>
			</trkpt>
			<trkpt lat="46.8455460946" lon="8.4357764795">
				<ele>1929.1</ele>
				<time>1970-01-01T01:00:00+01:00</time>
				<extensions>
					<swisstopo:routepoint_id>864071261</swisstopo:routepoint_id>
				</extensions>
			</trkpt>
			<trkpt lat="46.8455726833" lon="8.4357903193">
				<ele>1928.7</ele>
				<time>1970-01-01T01:00:00+01:00</time>
				<extensions>
					<swisstopo:routepoint_id>1949371693</swisstopo:routepoint_id>
				</extensions>
			</trkpt>
			<trkpt lat="46.8455950711" lon="8.4358288881">
				<ele>1928.8</ele>
				<time>1970-01-01T01:00:00+01:00</time>
				<extensions>
					<swisstopo:routepoint_id>85436616</swisstopo:routepoint_id>
				</extensions>
			</trkpt>
			<trkpt lat="46.8456133067" lon="8.4358886337">
				<ele>1929.4</ele>
				<time>1970-01-01T01:00:00+01:00</time>
				<extensions>
					<swisstopo:routepoint_id>689500548</swisstopo:routepoint_id>
				</extensions>
			</trkpt>
			<trkpt lat="46.8456321861" lon="8.4359386494">
				<ele>1930.3</ele>
				<time>1970-01-01T01:00:00+01:00</time>
				<extensions>
					<swisstopo:routepoint_id>285464207</swisstopo:routepoint_id>
				</extensions>
			</trkpt>
			<trkpt lat="46.8456351403" lon="8.4359918972">
				<ele>1931.1</ele>
				<time>1970-01-01T01:00:00+01:00</time>
				<extensions>
					<swisstopo:routepoint_id>402942866</swisstopo:routepoint_id>
				</extensions>
			</trkpt>
			<trkpt lat="46.8456402836" lon="8.4360540357">
				<ele>1932.1</ele>
				<time>1970-01-01T01:00:00+01:00</time>
				<extensions>
					<swisstopo:routepoint_id>1521168808</swisstopo:routepoint_id>
				</extensions>
			</trkpt>
			<trkpt lat="46.8456455504" lon="8.4361020161">
				<ele>1933.2</ele>
				<time>1970-01-01T01:00:00+01:00</time>
				<extensions>
					<swisstopo:routepoint_id>1892431457</swisstopo:routepoint_id>
				</extensions>
			</trkpt>
			<trkpt lat="46.8456594279" lon="8.4361395227">
				<ele>1934.0</ele>
				<time>1970-01-01T01:00:00+01:00</time>
				<extensions>
					<swisstopo:routepoint_id>2052573675</swisstopo:routepoint_id>
				</extensions>
			</trkpt>
			<trkpt lat="46.8456772580" lon="8.4361797644">
				<ele>1934.6</ele>
				<time>1970-01-01T01:00:00+01:00</time>
				<extensions>
					<swisstopo:routepoint_id>573133343</swisstopo:routepoint_id>
				</extensions>
			</trkpt>
			<trkpt lat="46.8456956015" lon="8.4362262302">
				<ele>1935.4</ele>
				<time>1970-01-01T01:00:00+01:00</time>
				<extensions>
					<swisstopo:routepoint_id>1653635655</swisstopo:routepoint_id>
				</extensions>
			</trkpt>
			<trkpt lat="46.8457213531" lon="8.4362710633">
				<ele>1935.0</ele>
				<time>1970-01-01T01:00:00+01:00</time>
				<extensions>
					<swisstopo:routepoint_id>656126598</swisstopo:routepoint_id>
				</extensions>
			</trkpt>
			<trkpt lat="46.8457554747" lon="8.4363329130">
				<ele>1934.9</ele>
				<time>1970-01-01T01:00:00+01:00</time>
				<extensions>
					<swisstopo:routepoint_id>478791698</swisstopo:routepoint_id>
				</extensions>
			</trkpt>
			<trkpt lat="46.8458072075" lon="8.4363942368">
				<ele>1936.0</ele>
				<time>1970-01-01T01:00:00+01:00</time>
				<extensions>
					<swisstopo:routepoint_id>404814447</swisstopo:routepoint_id>
				</extensions>
			</trkpt>
			<trkpt lat="46.8458374549" lon="8.4364444898">
				<ele>1936.8</ele>
				<time>1970-01-01T01:00:00+01:00</time>
				<extensions>
					<swisstopo:routepoint_id>2124460329</swisstopo:routepoint_id>
				</extensions>
			</trkpt>
			<trkpt lat="46.8458804057" lon="8.4365357682">
				<ele>1936.7</ele>
				<time>1970-01-01T01:00:00+01:00</time>
				<extensions>
					<swisstopo:routepoint_id>287233340</swisstopo:routepoint_id>
				</extensions>
			</trkpt>
			<trkpt lat="46.8459072450" lon="8.4365859450">
				<ele>1935.6</ele>
				<time>1970-01-01T01:00:00+01:00</time>
				<extensions>
					<swisstopo:routepoint_id>234401304</swisstopo:routepoint_id>
				</extensions>
			</trkpt>
			<trkpt lat="46.8459416978" lon="8.4366088076">
				<ele>1934.8</ele>
				<time>1970-01-01T01:00:00+01:00</time>
				<extensions>
					<swisstopo:routepoint_id>1018473554</swisstopo:routepoint_id>
				</extensions>
			</trkpt>
			<trkpt lat="46.8460085327" lon="8.4366332015">
				<ele>1934.0</ele>
				<time>1970-01-01T01:00:00+01:00</time>
				<extensions>
					<swisstopo:routepoint_id>2066500000</swisstopo:routepoint_id>
				</extensions>
			</trkpt>
			<trkpt lat="46.8460565990" lon="8.4366589913">
				<ele>1933.8</ele>
				<time>1970-01-01T01:00:00+01:00</time>
				<extensions>
					<swisstopo:routepoint_id>1016635618</swisstopo:routepoint_id>
				</extensions>
			</trkpt>
			<trkpt lat="46.8460886928" lon="8.4366924437">
				<ele>1933.5</ele>
				<time>1970-01-01T01:00:00+01:00</time>
				<extensions>
					<swisstopo:routepoint_id>126412879</swisstopo:routepoint_id>
				</extensions>
			</trkpt>
			<trkpt lat="46.8461316678" lon="8.4367810614">
				<ele>1932.5</ele>
				<time>1970-01-01T01:00:00+01:00</time>
				<extensions>
					<swisstopo:routepoint_id>1604495395</swisstopo:routepoint_id>
				</extensions>
			</trkpt>
			<trkpt lat="46.8461674898" lon="8.4368429434">
				<ele>1932.1</ele>
				<time>1970-01-01T01:00:00+01:00</time>
				<extensions>
					<swisstopo:routepoint_id>1565147342</swisstopo:routepoint_id>
				</extensions>
			</trkpt>
			<trkpt lat="46.8461840627" lon="8.4368973489">
				<ele>1932.2</ele>
				<time>1970-01-01T01:00:00+01:00</time>
				<extensions>
					<swisstopo:routepoint_id>2109327682</swisstopo:routepoint_id>
				</extensions>
			</trkpt>
			<trkpt lat="46.8462164069" lon="8.4369680299">
				<ele>1933.3</ele>
				<time>1970-01-01T01:00:00+01:00</time>
				<extensions>
					<swisstopo:routepoint_id>531186107</swisstopo:routepoint_id>
				</extensions>
			</trkpt>
			<trkpt lat="46.8462368163" lon="8.4370384634">
				<ele>1934.0</ele>
				<time>1970-01-01T01:00:00+01:00</time>
				<extensions>
					<swisstopo:routepoint_id>1859326421</swisstopo:routepoint_id>
				</extensions>
			</trkpt>
			<trkpt lat="46.8462521389" lon="8.4371061410">
				<ele>1934.7</ele>
				<time>1970-01-01T01:00:00+01:00</time>
				<extensions>
					<swisstopo:routepoint_id>1119656824</swisstopo:routepoint_id>
				</extensions>
			</trkpt>
			<trkpt lat="46.8462658084" lon="8.4371675731">
				<ele>1934.8</ele>
				<time>1970-01-01T01:00:00+01:00</time>
				<extensions>
					<swisstopo:routepoint_id>507172224</swisstopo:routepoint_id>
				</extensions>
			</trkpt>
			<trkpt lat="46.8462709974" lon="8.4372244031">
				<ele>1935.0</ele>
				<time>1970-01-01T01:00:00+01:00</time>
				<extensions>
					<swisstopo:routepoint_id>1573361125</swisstopo:routepoint_id>
				</extensions>
			</trkpt>
			<trkpt lat="46.8462625364" lon="8.4372836153">
				<ele>1935.4</ele>
				<time>1970-01-01T01:00:00+01:00</time>
				<extensions>
					<swisstopo:routepoint_id>665732052</swisstopo:routepoint_id>
				</extensions>
			</trkpt>
			<trkpt lat="46.8462490904" lon="8.4373276569">
				<ele>1935.7</ele>
				<time>1970-01-01T01:00:00+01:00</time>
				<extensions>
					<swisstopo:routepoint_id>1529897547</swisstopo:routepoint_id>
				</extensions>
			</trkpt>
			<trkpt lat="46.8462567776" lon="8.4373579561">
				<ele>1936.3</ele>
				<time>1970-01-01T01:00:00+01:00</time>
				<extensions>
					<swisstopo:routepoint_id>174570713</swisstopo:routepoint_id>
				</extensions>
			</trkpt>
			<trkpt lat="46.8462713075" lon="8.4373857206">
				<ele>1937.0</ele>
				<time>1970-01-01T01:00:00+01:00</time>
				<extensions>
					<swisstopo:routepoint_id>1663907486</swisstopo:routepoint_id>
				</extensions>
			</trkpt>
			<trkpt lat="46.8462783673" lon="8.4374239799">
				<ele>1937.5</ele>
				<time>1970-01-01T01:00:00+01:00</time>
				<extensions>
					<swisstopo:routepoint_id>1829977397</swisstopo:routepoint_id>
				</extensions>
			</trkpt>
			<trkpt lat="46.8463149578" lon="8.4374628397">
				<ele>1937.6</ele>
				<time>1970-01-01T01:00:00+01:00</time>
				<extensions>
					<swisstopo:routepoint_id>1315815388</swisstopo:routepoint_id>
				</extensions>
			</trkpt>
			<trkpt lat="46.8463532324" lon="8.4375043925">
				<ele>1937.7</ele>
				<time>1970-01-01T01:00:00+01:00</time>
				<extensions>
					<swisstopo:routepoint_id>540516398</swisstopo:routepoint_id>
				</extensions>
			</trkpt>
			<trkpt lat="46.8463976572" lon="8.4375566928">
				<ele>1938.0</ele>
				<time>1970-01-01T01:00:00+01:00</time>
				<extensions>
					<swisstopo:routepoint_id>497852839</swisstopo:routepoint_id>
				</extensions>
			</trkpt>
			<trkpt lat="46.8464132128" lon="8.4375977847">
				<ele>1938.1</ele>
				<time>1970-01-01T01:00:00+01:00</time>
				<extensions>
					<swisstopo:routepoint_id>948035465</swisstopo:routepoint_id>
				</extensions>
			</trkpt>
			<trkpt lat="46.8464245815" lon="8.4376618361">
				<ele>1938.5</ele>
				<time>1970-01-01T01:00:00+01:00</time>
				<extensions>
					<swisstopo:routepoint_id>238795802</swisstopo:routepoint_id>
				</extensions>
			</trkpt>
			<trkpt lat="46.8464352698" lon="8.4377400485">
				<ele>1939.3</ele>
				<time>1970-01-01T01:00:00+01:00</time>
				<extensions>
					<swisstopo:routepoint_id>1396447077</swisstopo:routepoint_id>
				</extensions>
			</trkpt>
			<trkpt lat="46.8464550125" lon="8.4378228871">
				<ele>1940.8</ele>
				<time>1970-01-01T01:00:00+01:00</time>
				<extensions>
					<swisstopo:routepoint_id>94341645</swisstopo:routepoint_id>
				</extensions>
			</trkpt>
			<trkpt lat="46.8464633239" lon="8.4379125673">
				<ele>1941.0</ele>
				<time>1970-01-01T01:00:00+01:00</time>
				<extensions>
					<swisstopo:routepoint_id>1248821208</swisstopo:routepoint_id>
				</extensions>
			</trkpt>
			<trkpt lat="46.8464753618" lon="8.4379659979">
				<ele>1941.2</ele>
				<time>1970-01-01T01:00:00+01:00</time>
				<extensions>
					<swisstopo:routepoint_id>679149917</swisstopo:routepoint_id>
				</extensions>
			</trkpt>
			<trkpt lat="46.8464904260" lon="8.4379973258">
				<ele>1941.4</ele>
				<time>1970-01-01T01:00:00+01:00</time>
				<extensions>
					<swisstopo:routepoint_id>191558357</swisstopo:routepoint_id>
				</extensions>
			</trkpt>
			<trkpt lat="46.8465275663" lon="8.4380379663">
				<ele>1942.1</ele>
				<time>1970-01-01T01:00:00+01:00</time>
				<extensions>
					<swisstopo:routepoint_id>170413143</swisstopo:routepoint_id>
				</extensions>
			</trkpt>
			<trkpt lat="46.8465579834" lon="8.4380687140">
				<ele>1943.0</ele>
				<time>1970-01-01T01:00:00+01:00</time>
				<extensions>
					<swisstopo:routepoint_id>1105986775</swisstopo:routepoint_id>
				</extensions>
			</trkpt>
			<trkpt lat="46.8465832053" lon="8.4381082287">
				<ele>1943.3</ele>
				<time>1970-01-01T01:00:00+01:00</time>
				<extensions>
					<swisstopo:routepoint_id>368216988</swisstopo:routepoint_id>
				</extensions>
			</trkpt>
			<trkpt lat="46.8466020371" lon="8.4381644603">
				<ele>1942.5</ele>
				<time>1970-01-01T01:00:00+01:00</time>
				<extensions>
					<swisstopo:routepoint_id>1365249333</swisstopo:routepoint_id>
				</extensions>
			</trkpt>
			<trkpt lat="46.8466115909" lon="8.4382417603">
				<ele>1941.9</ele>
				<time>1970-01-01T01:00:00+01:00</time>
				<extensions>
					<swisstopo:routepoint_id>892060674</swisstopo:routepoint_id>
				</extensions>
			</trkpt>
			<trkpt lat="46.8466121906" lon="8.4383038159">
				<ele>1941.0</ele>
				<time>1970-01-01T01:00:00+01:00</time>
				<extensions>
					<swisstopo:routepoint_id>462004605</swisstopo:routepoint_id>
				</extensions>
			</trkpt>
			<trkpt lat="46.8466041882" lon="8.4383754535">
				<ele>1940.0</ele>
				<time>1970-01-01T01:00:00+01:00</time>
				<extensions>
					<swisstopo:routepoint_id>1598971924</swisstopo:routepoint_id>
				</extensions>
			</trkpt>
			<trkpt lat="46.8466006186" lon="8.4384595772">
				<ele>1939.4</ele>
				<time>1970-01-01T01:00:00+01:00</time>
				<extensions>
					<swisstopo:routepoint_id>164568845</swisstopo:routepoint_id>
				</extensions>
			</trkpt>
			<trkpt lat="46.8465988735" lon="8.4385295609">
				<ele>1939.0</ele>
				<time>1970-01-01T01:00:00+01:00</time>
				<extensions>
					<swisstopo:routepoint_id>1073309288</swisstopo:routepoint_id>
				</extensions>
			</trkpt>
			<trkpt lat="46.8465999002" lon="8.4386075813">
				<ele>1938.8</ele>
				<time>1970-01-01T01:00:00+01:00</time>
				<extensions>
					<swisstopo:routepoint_id>1853304569</swisstopo:routepoint_id>
				</extensions>
			</trkpt>
			<trkpt lat="46.8465999498" lon="8.4386678563">
				<ele>1939.5</ele>
				<time>1970-01-01T01:00:00+01:00</time>
				<extensions>
					<swisstopo:routepoint_id>989670858</swisstopo:routepoint_id>
				</extensions>
			</trkpt>
			<trkpt lat="46.8465873108" lon="8.4387500283">
				<ele>1940.9</ele>
				<time>1970-01-01T01:00:00+01:00</time>
				<extensions>
					<swisstopo:routepoint_id>24013883</swisstopo:routepoint_id>
				</extensions>
			</trkpt>
			<trkpt lat="46.8465726826" lon="8.4387984795">
				<ele>1942.2</ele>
				<time>1970-01-01T01:00:00+01:00</time>
				<extensions>
					<swisstopo:routepoint_id>285965295</swisstopo:routepoint_id>
				</extensions>
			</trkpt>
			<trkpt lat="46.8465514705" lon="8.4388210964">
				<ele>1942.6</ele>
				<time>1970-01-01T01:00:00+01:00</time>
				<extensions>
					<swisstopo:routepoint_id>453924772</swisstopo:routepoint_id>
				</extensions>
			</trkpt>
			<trkpt lat="46.8465308937" lon="8.4388357400">
				<ele>1942.8</ele>
				<time>1970-01-01T01:00:00+01:00</time>
				<extensions>
					<swisstopo:routepoint_id>1124758325</swisstopo:routepoint_id>
				</extensions>
			</trkpt>
			<trkpt lat="46.8465164668" lon="8.4388611578">
				<ele>1943.0</ele>
				<time>1970-01-01T01:00:00+01:00</time>
				<extensions>
					<swisstopo:routepoint_id>1398790412</swisstopo:routepoint_id>
				</extensions>
			</trkpt>
			<trkpt lat="46.8465064593" lon="8.4389017229">
				<ele>1943.5</ele>
				<time>1970-01-01T01:00:00+01:00</time>
				<extensions>
					<swisstopo:routepoint_id>1149308213</swisstopo:routepoint_id>
				</extensions>
			</trkpt>
			<trkpt lat="46.8465013214" lon="8.4389707516">
				<ele>1944.6</ele>
				<time>1970-01-01T01:00:00+01:00</time>
				<extensions>
					<swisstopo:routepoint_id>1847403798</swisstopo:routepoint_id>
				</extensions>
			</trkpt>
			<trkpt lat="46.8465003673" lon="8.4390150512">
				<ele>1944.8</ele>
				<time>1970-01-01T01:00:00+01:00</time>
				<extensions>
					<swisstopo:routepoint_id>1006238973</swisstopo:routepoint_id>
				</extensions>
			</trkpt>
			<trkpt lat="46.8464876112" lon="8.4390449315">
				<ele>1944.6</ele>
				<time>1970-01-01T01:00:00+01:00</time>
				<extensions>
					<swisstopo:routepoint_id>1123391088</swisstopo:routepoint_id>
				</extensions>
			</trkpt>
			<trkpt lat="46.8464793342" lon="8.4390819887">
				<ele>1944.5</ele>
				<time>1970-01-01T01:00:00+01:00</time>
				<extensions>
					<swisstopo:routepoint_id>1332124558</swisstopo:routepoint_id>
				</extensions>
			</trkpt>
			<trkpt lat="46.8464771618" lon="8.4391360074">
				<ele>1944.4</ele>
				<time>1970-01-01T01:00:00+01:00</time>
				<extensions>
					<swisstopo:routepoint_id>2143087699</swisstopo:routepoint_id>
				</extensions>
			</trkpt>
			<trkpt lat="46.8464771618" lon="8.4391360074">
				<ele>1944.4</ele>
				<extensions>
					<swisstopo:waypoint_id>1248889410</swisstopo:waypoint_id>
					<swisstopo:waypoint_is_controlpoint>1</swisstopo:waypoint_is_controlpoint>
					<swisstopo:waypoint_routepoint_id>2143087699</swisstopo:waypoint_routepoint_id>
					<swisstopo:waypoint_meters_into_tour>2800.006464</swisstopo:waypoint_meters_into_tour>
					<swisstopo:waypoint_trackpoint_id>swisstopo-03</swisstopo:waypoint_trackpoint_id>
					<swisstopo:waypoint_original_name>Waypoint</swisstopo:waypoint_original_name>
				</extensions>
				<name>swisstopo-03</name>
			</trkpt>
			<trkpt lat="46.8464716720" lon="8.4391793312">
				<ele>1944.1</ele>
				<time>1970-01-01T01:00:00+01:00</time>
				<extensions>
					<swisstopo:routepoint_id>1477691278</swisstopo:routepoint_id>
				</extensions>
			</trkpt>
			<trkpt lat="46.8464593429" lon="8.4392251632">
				<ele>1944.1</ele>
				<time>1970-01-01T01:00:00+01:00</time>
				<extensions>
					<swisstopo:routepoint_id>922819279</swisstopo:routepoint_id>
				</extensions>
			</trkpt>
			<trkpt lat="46.8464591113" lon="8.4392526409">
				<ele>1944.3</ele>
				<time>1970-01-01T01:00:00+01:00</time>
				<extensions>
					<swisstopo:routepoint_id>713835414</swisstopo:routepoint_id>
				</extensions>
			</trkpt>
			<trkpt lat="46.8464684378" lon="8.4392909427">
				<ele>1944.8</ele>
				<time>1970-01-01T01:00:00+01:00</time>
				<extensions>
					<swisstopo:routepoint_id>792884204</swisstopo:routepoint_id>
				</extensions>
			</trkpt>
			<trkpt lat="46.8464653948" lon="8.4393139236">
				<ele>1945.0</ele>
				<time>1970-01-01T01:00:00+01:00</time>
				<extensions>
					<swisstopo:routepoint_id>663263157</swisstopo:routepoint_id>
				</extensions>
			</trkpt>
			<trkpt lat="46.8464646034" lon="8.4393396075">
				<ele>1945.1</ele>
				<time>1970-01-01T01:00:00+01:00</time>
				<extensions>
					<swisstopo:routepoint_id>200770718</swisstopo:routepoint_id>
				</extensions>
			</trkpt>
			<trkpt lat="46.8464825021" lon="8.4393718802">
				<ele>1945.5</ele>
				<time>1970-01-01T01:00:00+01:00</time>
				<extensions>
					<swisstopo:routepoint_id>184434272</swisstopo:routepoint_id>
				</extensions>
			</trkpt>
			<trkpt lat="46.8464879148" lon="8.4394030157">
				<ele>1945.9</ele>
				<time>1970-01-01T01:00:00+01:00</time>
				<extensions>
					<swisstopo:routepoint_id>1086709833</swisstopo:routepoint_id>
				</extensions>
			</trkpt>
			<trkpt lat="46.8464808815" lon="8.4394285840">
				<ele>1945.8</ele>
				<time>1970-01-01T01:00:00+01:00</time>
				<extensions>
					<swisstopo:routepoint_id>2041047726</swisstopo:routepoint_id>
				</extensions>
			</trkpt>
			<trkpt lat="46.8464851912" lon="8.4394552543">
				<ele>1946.1</ele>
				<time>1970-01-01T01:00:00+01:00</time>
				<extensions>
					<swisstopo:routepoint_id>2082736823</swisstopo:routepoint_id>
				</extensions>
			</trkpt>
			<trkpt lat="46.8465006365" lon="8.4395087486">
				<ele>1946.2</ele>
				<time>1970-01-01T01:00:00+01:00</time>
				<extensions>
					<swisstopo:routepoint_id>241991183</swisstopo:routepoint_id>
				</extensions>
			</trkpt>
			<trkpt lat="46.8464995426" lon="8.4395690022">
				<ele>1946.1</ele>
				<time>1970-01-01T01:00:00+01:00</time>
				<extensions>
					<swisstopo:routepoint_id>552572603</swisstopo:routepoint_id>
				</extensions>
			</trkpt>
			<trkpt lat="46.8464956924" lon="8.4396203284">
				<ele>1946.1</ele>
				<time>1970-01-01T01:00:00+01:00</time>
				<extensions>
					<swisstopo:routepoint_id>1312408657</swisstopo:routepoint_id>
				</extensions>
			</trkpt>
			<trkpt lat="46.8464851103" lon="8.4396617741">
				<ele>1946.1</ele>
				<time>1970-01-01T01:00:00+01:00</time>
				<extensions>
					<swisstopo:routepoint_id>574190581</swisstopo:routepoint_id>
				</extensions>
			</trkpt>
			<trkpt lat="46.8464764633" lon="8.4398069556">
				<ele>1946.4</ele>
				<time>1970-01-01T01:00:00+01:00</time>
				<extensions>
					<swisstopo:routepoint_id>554922483</swisstopo:routepoint_id>
				</extensions>
			</trkpt>
			<trkpt lat="46.8464784924" lon="8.4399009515">
				<ele>1947.0</ele>
				<time>1970-01-01T01:00:00+01:00</time>
				<extensions>
					<swisstopo:routepoint_id>1034748326</swisstopo:routepoint_id>
				</extensions>
			</trkpt>
			<trkpt lat="46.8464740125" lon="8.4399584676">
				<ele>1947.6</ele>
				<time>1970-01-01T01:00:00+01:00</time>
				<extensions>
					<swisstopo:routepoint_id>41366153</swisstopo:routepoint_id>
				</extensions>
			</trkpt>
			<trkpt lat="46.8464708916" lon="8.4399912014">
				<ele>1948.1</ele>
				<time>1970-01-01T01:00:00+01:00</time>
				<extensions>
					<swisstopo:routepoint_id>175104749</swisstopo:routepoint_id>
				</extensions>
			</trkpt>
			<trkpt lat="46.8464482659" lon="8.4400448136">
				<ele>1948.7</ele>
				<time>1970-01-01T01:00:00+01:00</time>
				<extensions>
					<swisstopo:routepoint_id>1946034931</swisstopo:routepoint_id>
				</extensions>
			</trkpt>
			<trkpt lat="46.8464303377" lon="8.4400816646">
				<ele>1949.2</ele>
				<time>1970-01-01T01:00:00+01:00</time>
				<extensions>
					<swisstopo:routepoint_id>932125741</swisstopo:routepoint_id>
				</extensions>
			</trkpt>
			<trkpt lat="46.8464203840" lon="8.4401160287">
				<ele>1949.6</ele>
				<time>1970-01-01T01:00:00+01:00</time>
				<extensions>
					<swisstopo:routepoint_id>570220217</swisstopo:routepoint_id>
				</extensions>
			</trkpt>
			<trkpt lat="46.8464252134" lon="8.4401480453">
				<ele>1950.1</ele>
				<time>1970-01-01T01:00:00+01:00</time>
				<extensions>
					<swisstopo:routepoint_id>57726610</swisstopo:routepoint_id>
				</extensions>
			</trkpt>
			<trkpt lat="46.8464513437" lon="8.4402141683">
				<ele>1951.0</ele>
				<time>1970-01-01T01:00:00+01:00</time>
				<extensions>
					<swisstopo:routepoint_id>367491719</swisstopo:routepoint_id>
				</extensions>
			</trkpt>
			<trkpt lat="46.8464798721" lon="8.4402652705">
				<ele>1951.8</ele>
				<time>1970-01-01T01:00:00+01:00</time>
				<extensions>
					<swisstopo:routepoint_id>1136276804</swisstopo:routepoint_id>
				</extensions>
			</trkpt>
			<trkpt lat="46.8465159096" lon="8.4403023389">
				<ele>1952.8</ele>
				<time>1970-01-01T01:00:00+01:00</time>
				<extensions>
					<swisstopo:routepoint_id>2143005138</swisstopo:routepoint_id>
				</extensions>
			</trkpt>
			<trkpt lat="46.8465343612" lon="8.4403372839">
				<ele>1953.3</ele>
				<time>1970-01-01T01:00:00+01:00</time>
				<extensions>
					<swisstopo:routepoint_id>1893466415</swisstopo:routepoint_id>
				</extensions>
			</trkpt>
			<trkpt lat="46.8465646202" lon="8.4403848781">
				<ele>1953.3</ele>
				<time>1970-01-01T01:00:00+01:00</time>
				<extensions>
					<swisstopo:routepoint_id>1833404299</swisstopo:routepoint_id>
				</extensions>
			</trkpt>
			<trkpt lat="46.8466316183" lon="8.4404553807">
				<ele>1953.8</ele>
				<time>1970-01-01T01:00:00+01:00</time>
				<extensions>
					<swisstopo:routepoint_id>191727940</swisstopo:routepoint_id>
				</extensions>
			</trkpt>
			<trkpt lat="46.8466688975" lon="8.4404800686">
				<ele>1954.3</ele>
				<time>1970-01-01T01:00:00+01:00</time>
				<extensions>
					<swisstopo:routepoint_id>240168131</swisstopo:routepoint_id>
				</extensions>
			</trkpt>
			<trkpt lat="46.8467254264" lon="8.4405131263">
				<ele>1955.4</ele>
				<time>1970-01-01T01:00:00+01:00</time>
				<extensions>
					<swisstopo:routepoint_id>393617210</swisstopo:routepoint_id>
				</extensions>
			</trkpt>
			<trkpt lat="46.8467417793" lon="8.4405267652">
				<ele>1955.7</ele>
				<time>1970-01-01T01:00:00+01:00</time>
				<extensions>
					<swisstopo:routepoint_id>1429252284</swisstopo:routepoint_id>
				</extensions>
			</trkpt>
			<trkpt lat="46.8467735770" lon="8.4405938858">
				<ele>1956.5</ele>
				<time>1970-01-01T01:00:00+01:00</time>
				<extensions>
					<swisstopo:routepoint_id>684807074</swisstopo:routepoint_id>
				</extensions>
			</trkpt>
			<trkpt lat="46.8468053846" lon="8.4406610067">
				<ele>1957.3</ele>
				<time>1970-01-01T01:00:00+01:00</time>
				<extensions>
					<swisstopo:routepoint_id>259556122</swisstopo:routepoint_id>
				</extensions>
			</trkpt>
			<trkpt lat="46.8468405137" lon="8.4407370661">
				<ele>1957.9</ele>
				<time>1970-01-01T01:00:00+01:00</time>
				<extensions>
					<swisstopo:routepoint_id>513064696</swisstopo:routepoint_id>
				</extensions>
			</trkpt>
			<trkpt lat="46.8468526425" lon="8.4407798525">
				<ele>1958.3</ele>
				<time>1970-01-01T01:00:00+01:00</time>
				<extensions>
					<swisstopo:routepoint_id>608449932</swisstopo:routepoint_id>
				</extensions>
			</trkpt>
			<trkpt lat="46.8468741130" lon="8.4407935868">
				<ele>1958.7</ele>
				<time>1970-01-01T01:00:00+01:00</time>
				<extensions>
					<swisstopo:routepoint_id>1724036971</swisstopo:routepoint_id>
				</extensions>
			</trkpt>
			<trkpt lat="46.8468900243" lon="8.4408586153">
				<ele>1959.1</ele>
				<time>1970-01-01T01:00:00+01:00</time>
				<extensions>
					<swisstopo:routepoint_id>307206640</swisstopo:routepoint_id>
				</extensions>
			</trkpt>
			<trkpt lat="46.8469275282" lon="8.4409223153">
				<ele>1959.4</ele>
				<time>1970-01-01T01:00:00+01:00</time>
				<extensions>
					<swisstopo:routepoint_id>249181097</swisstopo:routepoint_id>
				</extensions>
			</trkpt>
			<trkpt lat="46.8469582392" lon="8.4409840931">
				<ele>1960.0</ele>
				<time>1970-01-01T01:00:00+01:00</time>
				<extensions>
					<swisstopo:routepoint_id>844718650</swisstopo:routepoint_id>
				</extensions>
			</trkpt>
			<trkpt lat="46.8469804799" lon="8.4410403894">
				<ele>1960.6</ele>
				<time>1970-01-01T01:00:00+01:00</time>
				<extensions>
					<swisstopo:routepoint_id>1488475122</swisstopo:routepoint_id>
				</extensions>
			</trkpt>
			<trkpt lat="46.8469878942" lon="8.4411017067">
				<ele>1961.4</ele>
				<time>1970-01-01T01:00:00+01:00</time>
				<extensions>
					<swisstopo:routepoint_id>770328166</swisstopo:routepoint_id>
				</extensions>
			</trkpt>
			<trkpt lat="46.8469911875" lon="8.4411806486">
				<ele>1962.4</ele>
				<time>1970-01-01T01:00:00+01:00</time>
				<extensions>
					<swisstopo:routepoint_id>1815284250</swisstopo:routepoint_id>
				</extensions>
			</trkpt>
			<trkpt lat="46.8470028360" lon="8.4412136841">
				<ele>1962.8</ele>
				<time>1970-01-01T01:00:00+01:00</time>
				<extensions>
					<swisstopo:routepoint_id>2145133768</swisstopo:routepoint_id>
				</extensions>
			</trkpt>
			<trkpt lat="46.8470370414" lon="8.4412657978">
				<ele>1963.4</ele>
				<time>1970-01-01T01:00:00+01:00</time>
				<extensions>
					<swisstopo:routepoint_id>277660331</swisstopo:routepoint_id>
				</extensions>
			</trkpt>
			<trkpt lat="46.8470558863" lon="8.4413193566">
				<ele>1964.0</ele>
				<time>1970-01-01T01:00:00+01:00</time>
				<extensions>
					<swisstopo:routepoint_id>532824427</swisstopo:routepoint_id>
				</extensions>
			</trkpt>
			<trkpt lat="46.8470785368" lon="8.4413933877">
				<ele>1964.5</ele>
				<time>1970-01-01T01:00:00+01:00</time>
				<extensions>
					<swisstopo:routepoint_id>379817734</swisstopo:routepoint_id>
				</extensions>
			</trkpt>
			<trkpt lat="46.8470957830" lon="8.4414353915">
				<ele>1964.6</ele>
				<time>1970-01-01T01:00:00+01:00</time>
				<extensions>
					<swisstopo:routepoint_id>1236197042</swisstopo:routepoint_id>
				</extensions>
			</trkpt>
			<trkpt lat="46.8470703853" lon="8.4415474437">
				<ele>1964.4</ele>
				<time>1970-01-01T01:00:00+01:00</time>
				<extensions>
					<swisstopo:routepoint_id>1256724060</swisstopo:routepoint_id>
				</extensions>
			</trkpt>
			<trkpt lat="46.8470599336" lon="8.4415729347">
				<ele>1964.4</ele>
				<time>1970-01-01T01:00:00+01:00</time>
				<extensions>
					<swisstopo:routepoint_id>1752368179</swisstopo:routepoint_id>
				</extensions>
			</trkpt>
			<trkpt lat="46.8470410337" lon="8.4415902836">
				<ele>1964.5</ele>
				<time>1970-01-01T01:00:00+01:00</time>
				<extensions>
					<swisstopo:routepoint_id>1888308321</swisstopo:routepoint_id>
				</extensions>
			</trkpt>
			<trkpt lat="46.8470006413" lon="8.4415974374">
				<ele>1964.9</ele>
				<time>1970-01-01T01:00:00+01:00</time>
				<extensions>
					<swisstopo:routepoint_id>564634022</swisstopo:routepoint_id>
				</extensions>
			</trkpt>
			<trkpt lat="46.8469654421" lon="8.4415940543">
				<ele>1965.3</ele>
				<time>1970-01-01T01:00:00+01:00</time>
				<extensions>
					<swisstopo:routepoint_id>1581427061</swisstopo:routepoint_id>
				</extensions>
			</trkpt>
			<trkpt lat="46.8469370468" lon="8.4415934729">
				<ele>1965.8</ele>
				<time>1970-01-01T01:00:00+01:00</time>
				<extensions>
					<swisstopo:routepoint_id>62205119</swisstopo:routepoint_id>
				</extensions>
			</trkpt>
			<trkpt lat="46.8469294054" lon="8.4416225699">
				<ele>1966.2</ele>
				<time>1970-01-01T01:00:00+01:00</time>
				<extensions>
					<swisstopo:routepoint_id>621508951</swisstopo:routepoint_id>
				</extensions>
			</trkpt>
			<trkpt lat="46.8469172307" lon="8.4416506905">
				<ele>1966.6</ele>
				<time>1970-01-01T01:00:00+01:00</time>
				<extensions>
					<swisstopo:routepoint_id>1450356153</swisstopo:routepoint_id>
				</extensions>
			</trkpt>
			<trkpt lat="46.8468851697" lon="8.4416792800">
				<ele>1967.0</ele>
				<time>1970-01-01T01:00:00+01:00</time>
				<extensions>
					<swisstopo:routepoint_id>1951277198</swisstopo:routepoint_id>
				</extensions>
			</trkpt>
			<trkpt lat="46.8468474946" lon="8.4416997798">
				<ele>1967.5</ele>
				<time>1970-01-01T01:00:00+01:00</time>
				<extensions>
					<swisstopo:routepoint_id>1653298284</swisstopo:routepoint_id>
				</extensions>
			</trkpt>
			<trkpt lat="46.8468190436" lon="8.4417054122">
				<ele>1968.3</ele>
				<time>1970-01-01T01:00:00+01:00</time>
				<extensions>
					<swisstopo:routepoint_id>1439787088</swisstopo:routepoint_id>
				</extensions>
			</trkpt>
			<trkpt lat="46.8467912083" lon="8.4416789058">
				<ele>1969.0</ele>
				<time>1970-01-01T01:00:00+01:00</time>
				<extensions>
					<swisstopo:routepoint_id>909959303</swisstopo:routepoint_id>
				</extensions>
			</trkpt>
			<trkpt lat="46.8467766639" lon="8.4416643039">
				<ele>1969.4</ele>
				<time>1970-01-01T01:00:00+01:00</time>
				<extensions>
					<swisstopo:routepoint_id>1702844705</swisstopo:routepoint_id>
				</extensions>
			</trkpt>
			<trkpt lat="46.8467592398" lon="8.4416549978">
				<ele>1969.7</ele>
				<time>1970-01-01T01:00:00+01:00</time>
				<extensions>
					<swisstopo:routepoint_id>134061088</swisstopo:routepoint_id>
				</extensions>
			</trkpt>
			<trkpt lat="46.8467332546" lon="8.4416544481">
				<ele>1970.7</ele>
				<time>1970-01-01T01:00:00+01:00</time>
				<extensions>
					<swisstopo:routepoint_id>916187588</swisstopo:routepoint_id>
				</extensions>
			</trkpt>
			<trkpt lat="46.8467146963" lon="8.4416451208">
				<ele>1971.5</ele>
				<time>1970-01-01T01:00:00+01:00</time>
				<extensions>
					<swisstopo:routepoint_id>76357142</swisstopo:routepoint_id>
				</extensions>
			</trkpt>
			<trkpt lat="46.8466905939" lon="8.4416258434">
				<ele>1972.2</ele>
				<time>1970-01-01T01:00:00+01:00</time>
				<extensions>
					<swisstopo:routepoint_id>683002799</swisstopo:routepoint_id>
				</extensions>
			</trkpt>
			<trkpt lat="46.8466567506" lon="8.4416197586">
				<ele>1973.0</ele>
				<time>1970-01-01T01:00:00+01:00</time>
				<extensions>
					<swisstopo:routepoint_id>205858055</swisstopo:routepoint_id>
				</extensions>
			</trkpt>
			<trkpt lat="46.8466087392" lon="8.4416196376">
				<ele>1973.1</ele>
				<time>1970-01-01T01:00:00+01:00</time>
				<extensions>
					<swisstopo:routepoint_id>359268835</swisstopo:routepoint_id>
				</extensions>
			</trkpt>
			<trkpt lat="46.8465685862" lon="8.4416241473">
				<ele>1973.3</ele>
				<time>1970-01-01T01:00:00+01:00</time>
				<extensions>
					<swisstopo:routepoint_id>879318321</swisstopo:routepoint_id>
				</extensions>
			</trkpt>
			<trkpt lat="46.8465412712" lon="8.4416450105">
				<ele>1973.4</ele>
				<time>1970-01-01T01:00:00+01:00</time>
				<extensions>
					<swisstopo:routepoint_id>966215166</swisstopo:routepoint_id>
				</extensions>
			</trkpt>
			<trkpt lat="46.8465144041" lon="8.4416784034">
				<ele>1973.8</ele>
				<time>1970-01-01T01:00:00+01:00</time>
				<extensions>
					<swisstopo:routepoint_id>1626336578</swisstopo:routepoint_id>
				</extensions>
			</trkpt>
			<trkpt lat="46.8464751071" lon="8.4417124170">
				<ele>1975.0</ele>
				<time>1970-01-01T01:00:00+01:00</time>
				<extensions>
					<swisstopo:routepoint_id>1176918048</swisstopo:routepoint_id>
				</extensions>
			</trkpt>
			<trkpt lat="46.8464534722" lon="8.4417298327">
				<ele>1975.3</ele>
				<time>1970-01-01T01:00:00+01:00</time>
				<extensions>
					<swisstopo:routepoint_id>1490825002</swisstopo:routepoint_id>
				</extensions>
			</trkpt>
			<trkpt lat="46.8464369553" lon="8.4418036579">
				<ele>1975.6</ele>
				<time>1970-01-01T01:00:00+01:00</time>
				<extensions>
					<swisstopo:routepoint_id>492667835</swisstopo:routepoint_id>
				</extensions>
			</trkpt>
			<trkpt lat="46.8464328774" lon="8.4418768370">
				<ele>1976.2</ele>
				<time>1970-01-01T01:00:00+01:00</time>
				<extensions>
					<swisstopo:routepoint_id>1282459822</swisstopo:routepoint_id>
				</extensions>
			</trkpt>
			<trkpt lat="46.8464333349" lon="8.4420082106">
				<ele>1977.4</ele>
				<time>1970-01-01T01:00:00+01:00</time>
				<extensions>
					<swisstopo:routepoint_id>1765316034</swisstopo:routepoint_id>
				</extensions>
			</trkpt>
			<trkpt lat="46.8464417536" lon="8.4421334913">
				<ele>1978.0</ele>
				<time>1970-01-01T01:00:00+01:00</time>
				<extensions>
					<swisstopo:routepoint_id>1188946936</swisstopo:routepoint_id>
				</extensions>
			</trkpt>
			<trkpt lat="46.8464462280" lon="8.4423176624">
				<ele>1979.3</ele>
				<time>1970-01-01T01:00:00+01:00</time>
				<extensions>
					<swisstopo:routepoint_id>1423584015</swisstopo:routepoint_id>
				</extensions>
			</trkpt>
			<trkpt lat="46.8464473232" lon="8.4424410109">
				<ele>1979.7</ele>
				<time>1970-01-01T01:00:00+01:00</time>
				<extensions>
					<swisstopo:routepoint_id>774933202</swisstopo:routepoint_id>
				</extensions>
			</trkpt>
			<trkpt lat="46.8464402306" lon="8.4425346919">
				<ele>1980.0</ele>
				<time>1970-01-01T01:00:00+01:00</time>
				<extensions>
					<swisstopo:routepoint_id>1495372369</swisstopo:routepoint_id>
				</extensions>
			</trkpt>
			<trkpt lat="46.8464193289" lon="8.4426539848">
				<ele>1980.4</ele>
				<time>1970-01-01T01:00:00+01:00</time>
				<extensions>
					<swisstopo:routepoint_id>692090038</swisstopo:routepoint_id>
				</extensions>
			</trkpt>
			<trkpt lat="46.8464069509" lon="8.4427082331">
				<ele>1980.7</ele>
				<time>1970-01-01T01:00:00+01:00</time>
				<extensions>
					<swisstopo:routepoint_id>170941118</swisstopo:routepoint_id>
				</extensions>
			</trkpt>
			<trkpt lat="46.8464093956" lon="8.4427484923">
				<ele>1981.0</ele>
				<time>1970-01-01T01:00:00+01:00</time>
				<extensions>
					<swisstopo:routepoint_id>1826103202</swisstopo:routepoint_id>
				</extensions>
			</trkpt>
			<trkpt lat="46.8463903393" lon="8.4427927687">
				<ele>1981.6</ele>
				<time>1970-01-01T01:00:00+01:00</time>
				<extensions>
					<swisstopo:routepoint_id>2090608718</swisstopo:routepoint_id>
				</extensions>
			</trkpt>
			<trkpt lat="46.8463677897" lon="8.4428476923">
				<ele>1982.1</ele>
				<time>1970-01-01T01:00:00+01:00</time>
				<extensions>
					<swisstopo:routepoint_id>131070907</swisstopo:routepoint_id>
				</extensions>
			</trkpt>
			<trkpt lat="46.8463547980" lon="8.4429072908">
				<ele>1982.8</ele>
				<time>1970-01-01T01:00:00+01:00</time>
				<extensions>
					<swisstopo:routepoint_id>258411569</swisstopo:routepoint_id>
				</extensions>
			</trkpt>
			<trkpt lat="46.8463464094" lon="8.4429580466">
				<ele>1983.1</ele>
				<time>1970-01-01T01:00:00+01:00</time>
				<extensions>
					<swisstopo:routepoint_id>1115694315</swisstopo:routepoint_id>
				</extensions>
			</trkpt>
			<trkpt lat="46.8463219383" lon="8.4430370600">
				<ele>1983.2</ele>
				<time>1970-01-01T01:00:00+01:00</time>
				<extensions>
					<swisstopo:routepoint_id>10569065</swisstopo:routepoint_id>
				</extensions>
			</trkpt>
			<trkpt lat="46.8463162785" lon="8.4430977003">
				<ele>1983.1</ele>
				<time>1970-01-01T01:00:00+01:00</time>
				<extensions>
					<swisstopo:routepoint_id>1041317895</swisstopo:routepoint_id>
				</extensions>
			</trkpt>
			<trkpt lat="46.8463144727" lon="8.4431691506">
				<ele>1983.0</ele>
				<time>1970-01-01T01:00:00+01:00</time>
				<extensions>
					<swisstopo:routepoint_id>2097937227</swisstopo:routepoint_id>
				</extensions>
			</trkpt>
			<trkpt lat="46.8463156889" lon="8.4432201119">
				<ele>1982.8</ele>
				<time>1970-01-01T01:00:00+01:00</time>
				<extensions>
					<swisstopo:routepoint_id>1305726000</swisstopo:routepoint_id>
				</extensions>
			</trkpt>
			<trkpt lat="46.8462843102" lon="8.4433123831">
				<ele>1982.9</ele>
				<time>1970-01-01T01:00:00+01:00</time>
				<extensions>
					<swisstopo:routepoint_id>2141255363</swisstopo:routepoint_id>
				</extensions>
			</trkpt>
			<trkpt lat="46.8462289394" lon="8.4434926038">
				<ele>1982.8</ele>
				<time>1970-01-01T01:00:00+01:00</time>
				<extensions>
					<swisstopo:routepoint_id>1626487563</swisstopo:routepoint_id>
				</extensions>
			</trkpt>
			<trkpt lat="46.8461847744" lon="8.4436230263">
				<ele>1982.4</ele>
				<time>1970-01-01T01:00:00+01:00</time>
				<extensions>
					<swisstopo:routepoint_id>1598541937</swisstopo:routepoint_id>
				</extensions>
			</trkpt>
			<trkpt lat="46.8461684467" lon="8.4436771869">
				<ele>1982.2</ele>
				<time>1970-01-01T01:00:00+01:00</time>
				<extensions>
					<swisstopo:routepoint_id>710329533</swisstopo:routepoint_id>
				</extensions>
			</trkpt>
			<trkpt lat="46.8461621090" lon="8.4437494446">
				<ele>1981.9</ele>
				<time>1970-01-01T01:00:00+01:00</time>
				<extensions>
					<swisstopo:routepoint_id>1864571955</swisstopo:routepoint_id>
				</extensions>
			</trkpt>
			<trkpt lat="46.8461724247" lon="8.4438542016">
				<ele>1981.3</ele>
				<time>1970-01-01T01:00:00+01:00</time>
				<extensions>
					<swisstopo:routepoint_id>1951168126</swisstopo:routepoint_id>
				</extensions>
			</trkpt>
			<trkpt lat="46.8461978488" lon="8.4439727068">
				<ele>1980.9</ele>
				<time>1970-01-01T01:00:00+01:00</time>
				<extensions>
					<swisstopo:routepoint_id>1387126537</swisstopo:routepoint_id>
				</extensions>
			</trkpt>
			<trkpt lat="46.8462132065" lon="8.4440811504">
				<ele>1980.8</ele>
				<time>1970-01-01T01:00:00+01:00</time>
				<extensions>
					<swisstopo:routepoint_id>880415904</swisstopo:routepoint_id>
				</extensions>
			</trkpt>
			<trkpt lat="46.8462121010" lon="8.4441383224">
				<ele>1980.9</ele>
				<time>1970-01-01T01:00:00+01:00</time>
				<extensions>
					<swisstopo:routepoint_id>1849883920</swisstopo:routepoint_id>
				</extensions>
			</trkpt>
			<trkpt lat="46.8462000523" lon="8.4442184850">
				<ele>1981.5</ele>
				<time>1970-01-01T01:00:00+01:00</time>
				<extensions>
					<swisstopo:routepoint_id>1622873812</swisstopo:routepoint_id>
				</extensions>
			</trkpt>
			<trkpt lat="46.8461967983" lon="8.4442630951">
				<ele>1981.9</ele>
				<time>1970-01-01T01:00:00+01:00</time>
				<extensions>
					<swisstopo:routepoint_id>1133668743</swisstopo:routepoint_id>
				</extensions>
			</trkpt>
			<trkpt lat="46.8461928767" lon="8.4443193102">
				<ele>1982.2</ele>
				<time>1970-01-01T01:00:00+01:00</time>
				<extensions>
					<swisstopo:routepoint_id>2041941874</swisstopo:routepoint_id>
				</extensions>
			</trkpt>
			<trkpt lat="46.8461752351" lon="8.4443930997">
				<ele>1982.5</ele>
				<time>1970-01-01T01:00:00+01:00</time>
				<extensions>
					<swisstopo:routepoint_id>1872992615</swisstopo:routepoint_id>
				</extensions>
			</trkpt>
			<trkpt lat="46.8461577581" lon="8.4444490351">
				<ele>1982.9</ele>
				<time>1970-01-01T01:00:00+01:00</time>
				<extensions>
					<swisstopo:routepoint_id>1451204547</swisstopo:routepoint_id>
				</extensions>
			</trkpt>
			<trkpt lat="46.8461525296" lon="8.4445239751">
				<ele>1983.3</ele>
				<time>1970-01-01T01:00:00+01:00</time>
				<extensions>
					<swisstopo:routepoint_id>2006359455</swisstopo:routepoint_id>
				</extensions>
			</trkpt>
			<trkpt lat="46.8461500845" lon="8.4446034639">
				<ele>1983.9</ele>
				<time>1970-01-01T01:00:00+01:00</time>
				<extensions>
					<swisstopo:routepoint_id>990382832</swisstopo:routepoint_id>
				</extensions>
			</trkpt>
			<trkpt lat="46.8461423010" lon="8.4446497594">
				<ele>1984.2</ele>
				<time>1970-01-01T01:00:00+01:00</time>
				<extensions>
					<swisstopo:routepoint_id>1841058215</swisstopo:routepoint_id>
				</extensions>
			</trkpt>
			<trkpt lat="46.8461339105" lon="8.4447005148">
				<ele>1984.6</ele>
				<time>1970-01-01T01:00:00+01:00</time>
				<extensions>
					<swisstopo:routepoint_id>731493976</swisstopo:routepoint_id>
				</extensions>
			</trkpt>
			<trkpt lat="46.8461415242" lon="8.4447319546">
				<ele>1984.8</ele>
				<time>1970-01-01T01:00:00+01:00</time>
				<extensions>
					<swisstopo:routepoint_id>603992084</swisstopo:routepoint_id>
				</extensions>
			</trkpt>
			<trkpt lat="46.8461631152" lon="8.4447788776">
				<ele>1985.4</ele>
				<time>1970-01-01T01:00:00+01:00</time>
				<extensions>
					<swisstopo:routepoint_id>1816752815</swisstopo:routepoint_id>
				</extensions>
			</trkpt>
			<trkpt lat="46.8461942092" lon="8.4448358383">
				<ele>1986.0</ele>
				<time>1970-01-01T01:00:00+01:00</time>
				<extensions>
					<swisstopo:routepoint_id>748964968</swisstopo:routepoint_id>
				</extensions>
			</trkpt>
			<trkpt lat="46.8462262535" lon="8.4449124714">
				<ele>1987.0</ele>
				<time>1970-01-01T01:00:00+01:00</time>
				<extensions>
					<swisstopo:routepoint_id>39870211</swisstopo:routepoint_id>
				</extensions>
			</trkpt>
			<trkpt lat="46.8462338817" lon="8.4449421286">
				<ele>1987.6</ele>
				<time>1970-01-01T01:00:00+01:00</time>
				<extensions>
					<swisstopo:routepoint_id>1567691633</swisstopo:routepoint_id>
				</extensions>
			</trkpt>
			<trkpt lat="46.8462275564" lon="8.4449536006">
				<ele>1987.9</ele>
				<time>1970-01-01T01:00:00+01:00</time>
				<extensions>
					<swisstopo:routepoint_id>974914403</swisstopo:routepoint_id>
				</extensions>
			</trkpt>
			<trkpt lat="46.8461981482" lon="8.4449565521">
				<ele>1988.5</ele>
				<time>1970-01-01T01:00:00+01:00</time>
				<extensions>
					<swisstopo:routepoint_id>120501842</swisstopo:routepoint_id>
				</extensions>
			</trkpt>
			<trkpt lat="46.8461686861" lon="8.4449657558">
				<ele>1989.2</ele>
				<time>1970-01-01T01:00:00+01:00</time>
				<extensions>
					<swisstopo:routepoint_id>1364577322</swisstopo:routepoint_id>
				</extensions>
			</trkpt>
			<trkpt lat="46.8461442356" lon="8.4449831175">
				<ele>1990.0</ele>
				<time>1970-01-01T01:00:00+01:00</time>
				<extensions>
					<swisstopo:routepoint_id>1165240735</swisstopo:routepoint_id>
				</extensions>
			</trkpt>
			<trkpt lat="46.8461197045" lon="8.4450085019">
				<ele>1990.6</ele>
				<time>1970-01-01T01:00:00+01:00</time>
				<extensions>
					<swisstopo:routepoint_id>852326712</swisstopo:routepoint_id>
				</extensions>
			</trkpt>
			<trkpt lat="46.8461000721" lon="8.4450527665">
				<ele>1991.3</ele>
				<time>1970-01-01T01:00:00+01:00</time>
				<extensions>
					<swisstopo:routepoint_id>1047546180</swisstopo:routepoint_id>
				</extensions>
			</trkpt>
			<trkpt lat="46.8460848297" lon="8.4451114179">
				<ele>1992.1</ele>
				<time>1970-01-01T01:00:00+01:00</time>
				<extensions>
					<swisstopo:routepoint_id>471449664</swisstopo:routepoint_id>
				</extensions>
			</trkpt>
			<trkpt lat="46.8460763840" lon="8.4451684261">
				<ele>1992.7</ele>
				<time>1970-01-01T01:00:00+01:00</time>
				<extensions>
					<swisstopo:routepoint_id>1854667711</swisstopo:routepoint_id>
				</extensions>
			</trkpt>
			<trkpt lat="46.8460737177" lon="8.4452711319">
				<ele>1993.7</ele>
				<time>1970-01-01T01:00:00+01:00</time>
				<extensions>
					<swisstopo:routepoint_id>1430925830</swisstopo:routepoint_id>
				</extensions>
			</trkpt>
			<trkpt lat="46.8460768571" lon="8.4453569926">
				<ele>1994.3</ele>
				<time>1970-01-01T01:00:00+01:00</time>
				<extensions>
					<swisstopo:routepoint_id>1909399256</swisstopo:routepoint_id>
				</extensions>
			</trkpt>
			<trkpt lat="46.8460919722" lon="8.4454314734">
				<ele>1995.1</ele>
				<time>1970-01-01T01:00:00+01:00</time>
				<extensions>
					<swisstopo:routepoint_id>1794857459</swisstopo:routepoint_id>
				</extensions>
			</trkpt>
			<trkpt lat="46.8461056162" lon="8.4454818148">
				<ele>1995.6</ele>
				<time>1970-01-01T01:00:00+01:00</time>
				<extensions>
					<swisstopo:routepoint_id>1470686643</swisstopo:routepoint_id>
				</extensions>
			</trkpt>
			<trkpt lat="46.8461092750" lon="8.4455730343">
				<ele>1996.4</ele>
				<time>1970-01-01T01:00:00+01:00</time>
				<extensions>
					<swisstopo:routepoint_id>984156050</swisstopo:routepoint_id>
				</extensions>
			</trkpt>
			<trkpt lat="46.8461150059" lon="8.4456240935">
				<ele>1996.3</ele>
				<time>1970-01-01T01:00:00+01:00</time>
				<extensions>
					<swisstopo:routepoint_id>101284205</swisstopo:routepoint_id>
				</extensions>
			</trkpt>
			<trkpt lat="46.8461234812" lon="8.4456832541">
				<ele>1996.5</ele>
				<time>1970-01-01T01:00:00+01:00</time>
				<extensions>
					<swisstopo:routepoint_id>1911736373</swisstopo:routepoint_id>
				</extensions>
			</trkpt>
			<trkpt lat="46.8461398952" lon="8.4457398878">
				<ele>1997.0</ele>
				<time>1970-01-01T01:00:00+01:00</time>
				<extensions>
					<swisstopo:routepoint_id>1894230809</swisstopo:routepoint_id>
				</extensions>
			</trkpt>
			<trkpt lat="46.8461474771" lon="8.4457749068">
				<ele>1997.6</ele>
				<time>1970-01-01T01:00:00+01:00</time>
				<extensions>
					<swisstopo:routepoint_id>1955425694</swisstopo:routepoint_id>
				</extensions>
			</trkpt>
			<trkpt lat="46.8461490593" lon="8.4458455287">
				<ele>1998.3</ele>
				<time>1970-01-01T01:00:00+01:00</time>
				<extensions>
					<swisstopo:routepoint_id>1897364844</swisstopo:routepoint_id>
				</extensions>
			</trkpt>
			<trkpt lat="46.8461477239" lon="8.4459277134">
				<ele>1998.7</ele>
				<time>1970-01-01T01:00:00+01:00</time>
				<extensions>
					<swisstopo:routepoint_id>1829947844</swisstopo:routepoint_id>
				</extensions>
			</trkpt>
			<trkpt lat="46.8461478314" lon="8.4460349543">
				<ele>1999.0</ele>
				<time>1970-01-01T01:00:00+01:00</time>
				<extensions>
					<swisstopo:routepoint_id>35582418</swisstopo:routepoint_id>
				</extensions>
			</trkpt>
			<trkpt lat="46.8461572341" lon="8.4461164613">
				<ele>1999.3</ele>
				<time>1970-01-01T01:00:00+01:00</time>
				<extensions>
					<swisstopo:routepoint_id>882609783</swisstopo:routepoint_id>
				</extensions>
			</trkpt>
			<trkpt lat="46.8461765459" lon="8.4462241016">
				<ele>2000.0</ele>
				<time>1970-01-01T01:00:00+01:00</time>
				<extensions>
					<swisstopo:routepoint_id>1757629979</swisstopo:routepoint_id>
				</extensions>
			</trkpt>
			<trkpt lat="46.8462032049" lon="8.4463319059">
				<ele>2000.2</ele>
				<time>1970-01-01T01:00:00+01:00</time>
				<extensions>
					<swisstopo:routepoint_id>1274865479</swisstopo:routepoint_id>
				</extensions>
			</trkpt>
			<trkpt lat="46.8462254839" lon="8.4464253100">
				<ele>2000.4</ele>
				<time>1970-01-01T01:00:00+01:00</time>
				<extensions>
					<swisstopo:routepoint_id>386390748</swisstopo:routepoint_id>
				</extensions>
			</trkpt>
			<trkpt lat="46.8462509545" lon="8.4465393464">
				<ele>2000.3</ele>
				<time>1970-01-01T01:00:00+01:00</time>
				<extensions>
					<swisstopo:routepoint_id>24305400</swisstopo:routepoint_id>
				</extensions>
			</trkpt>
			<trkpt lat="46.8462760572" lon="8.4466328171">
				<ele>2000.6</ele>
				<time>1970-01-01T01:00:00+01:00</time>
				<extensions>
					<swisstopo:routepoint_id>2130012656</swisstopo:routepoint_id>
				</extensions>
			</trkpt>
			<trkpt lat="46.8462958701" lon="8.4466886370">
				<ele>2000.7</ele>
				<time>1970-01-01T01:00:00+01:00</time>
				<extensions>
					<swisstopo:routepoint_id>564121873</swisstopo:routepoint_id>
				</extensions>
			</trkpt>
			<trkpt lat="46.8463275759" lon="8.4467402479">
				<ele>2000.6</ele>
				<time>1970-01-01T01:00:00+01:00</time>
				<extensions>
					<swisstopo:routepoint_id>249061182</swisstopo:routepoint_id>
				</extensions>
			</trkpt>
			<trkpt lat="46.8463482879" lon="8.4467603423">
				<ele>2000.6</ele>
				<time>1970-01-01T01:00:00+01:00</time>
				<extensions>
					<swisstopo:routepoint_id>1921534212</swisstopo:routepoint_id>
				</extensions>
			</trkpt>
			<trkpt lat="46.8463703964" lon="8.4468117471">
				<ele>2000.7</ele>
				<time>1970-01-01T01:00:00+01:00</time>
				<extensions>
					<swisstopo:routepoint_id>2066852016</swisstopo:routepoint_id>
				</extensions>
			</trkpt>
			<trkpt lat="46.8463948824" lon="8.4468507018">
				<ele>2001.3</ele>
				<time>1970-01-01T01:00:00+01:00</time>
				<extensions>
					<swisstopo:routepoint_id>203114311</swisstopo:routepoint_id>
				</extensions>
			</trkpt>
			<trkpt lat="46.8464267966" lon="8.4468817578">
				<ele>2001.8</ele>
				<time>1970-01-01T01:00:00+01:00</time>
				<extensions>
					<swisstopo:routepoint_id>1957157316</swisstopo:routepoint_id>
				</extensions>
			</trkpt>
			<trkpt lat="46.8464461678" lon="8.4469232777">
				<ele>2002.2</ele>
				<time>1970-01-01T01:00:00+01:00</time>
				<extensions>
					<swisstopo:routepoint_id>1415658778</swisstopo:routepoint_id>
				</extensions>
			</trkpt>
			<trkpt lat="46.8464627485" lon="8.4469620580">
				<ele>2002.5</ele>
				<time>1970-01-01T01:00:00+01:00</time>
				<extensions>
					<swisstopo:routepoint_id>317031142</swisstopo:routepoint_id>
				</extensions>
			</trkpt>
			<trkpt lat="46.8464907843" lon="8.4469849907">
				<ele>2003.2</ele>
				<time>1970-01-01T01:00:00+01:00</time>
				<extensions>
					<swisstopo:routepoint_id>693791071</swisstopo:routepoint_id>
				</extensions>
			</trkpt>
			<trkpt lat="46.8465047300" lon="8.4470031628">
				<ele>2003.7</ele>
				<time>1970-01-01T01:00:00+01:00</time>
				<extensions>
					<swisstopo:routepoint_id>1145142649</swisstopo:routepoint_id>
				</extensions>
			</trkpt>
			<trkpt lat="46.8465117450" lon="8.4470381580">
				<ele>2004.2</ele>
				<time>1970-01-01T01:00:00+01:00</time>
				<extensions>
					<swisstopo:routepoint_id>1764103998</swisstopo:routepoint_id>
				</extensions>
			</trkpt>
			<trkpt lat="46.8465158070" lon="8.4470864977">
				<ele>2004.7</ele>
				<time>1970-01-01T01:00:00+01:00</time>
				<extensions>
					<swisstopo:routepoint_id>709534056</swisstopo:routepoint_id>
				</extensions>
			</trkpt>
			<trkpt lat="46.8465252474" lon="8.4471626571">
				<ele>2004.8</ele>
				<time>1970-01-01T01:00:00+01:00</time>
				<extensions>
					<swisstopo:routepoint_id>59810252</swisstopo:routepoint_id>
				</extensions>
			</trkpt>
			<trkpt lat="46.8465309224" lon="8.4472199693">
				<ele>2005.0</ele>
				<time>1970-01-01T01:00:00+01:00</time>
				<extensions>
					<swisstopo:routepoint_id>2107722834</swisstopo:routepoint_id>
				</extensions>
			</trkpt>
			<trkpt lat="46.8465260178" lon="8.4472609689">
				<ele>2005.2</ele>
				<time>1970-01-01T01:00:00+01:00</time>
				<extensions>
					<swisstopo:routepoint_id>925243205</swisstopo:routepoint_id>
				</extensions>
			</trkpt>
			<trkpt lat="46.8465099267" lon="8.4472892252">
				<ele>2005.5</ele>
				<time>1970-01-01T01:00:00+01:00</time>
				<extensions>
					<swisstopo:routepoint_id>1693573253</swisstopo:routepoint_id>
				</extensions>
			</trkpt>
			<trkpt lat="46.8464932778" lon="8.4473174573">
				<ele>2005.8</ele>
				<time>1970-01-01T01:00:00+01:00</time>
				<extensions>
					<swisstopo:routepoint_id>1706433918</swisstopo:routepoint_id>
				</extensions>
			</trkpt>
			<trkpt lat="46.8464879819" lon="8.4473570075">
				<ele>2005.9</ele>
				<time>1970-01-01T01:00:00+01:00</time>
				<extensions>
					<swisstopo:routepoint_id>1237408889</swisstopo:routepoint_id>
				</extensions>
			</trkpt>
			<trkpt lat="46.8464816913" lon="8.4473746037">
				<ele>2005.9</ele>
				<time>1970-01-01T01:00:00+01:00</time>
				<extensions>
					<swisstopo:routepoint_id>293342159</swisstopo:routepoint_id>
				</extensions>
			</trkpt>
			<trkpt lat="46.8464690202" lon="8.4474209908">
				<ele>2005.6</ele>
				<time>1970-01-01T01:00:00+01:00</time>
				<extensions>
					<swisstopo:routepoint_id>14371529</swisstopo:routepoint_id>
				</extensions>
			</trkpt>
			<trkpt lat="46.8464563161" lon="8.4474721110">
				<ele>2005.9</ele>
				<time>1970-01-01T01:00:00+01:00</time>
				<extensions>
					<swisstopo:routepoint_id>64282965</swisstopo:routepoint_id>
				</extensions>
			</trkpt>
			<trkpt lat="46.8464474095" lon="8.4474996887">
				<ele>2006.1</ele>
				<time>1970-01-01T01:00:00+01:00</time>
				<extensions>
					<swisstopo:routepoint_id>1919843276</swisstopo:routepoint_id>
				</extensions>
			</trkpt>
			<trkpt lat="46.8464273254" lon="8.4475288135">
				<ele>2006.3</ele>
				<time>1970-01-01T01:00:00+01:00</time>
				<extensions>
					<swisstopo:routepoint_id>1014755061</swisstopo:routepoint_id>
				</extensions>
			</trkpt>
			<trkpt lat="46.8464112254" lon="8.4475550759">
				<ele>2006.3</ele>
				<time>1970-01-01T01:00:00+01:00</time>
				<extensions>
					<swisstopo:routepoint_id>72317864</swisstopo:routepoint_id>
				</extensions>
			</trkpt>
			<trkpt lat="46.8463985750" lon="8.4475991034">
				<ele>2006.3</ele>
				<time>1970-01-01T01:00:00+01:00</time>
				<extensions>
					<swisstopo:routepoint_id>908200587</swisstopo:routepoint_id>
				</extensions>
			</trkpt>
			<trkpt lat="46.8463953906" lon="8.4476326886">
				<ele>2006.3</ele>
				<time>1970-01-01T01:00:00+01:00</time>
				<extensions>
					<swisstopo:routepoint_id>496219035</swisstopo:routepoint_id>
				</extensions>
			</trkpt>
			<trkpt lat="46.8463992110" lon="8.4476912120">
				<ele>2006.1</ele>
				<time>1970-01-01T01:00:00+01:00</time>
				<extensions>
					<swisstopo:routepoint_id>1733324579</swisstopo:routepoint_id>
				</extensions>
			</trkpt>
			<trkpt lat="46.8464090689" lon="8.4477586987">
				<ele>2005.8</ele>
				<time>1970-01-01T01:00:00+01:00</time>
				<extensions>
					<swisstopo:routepoint_id>1292336470</swisstopo:routepoint_id>
				</extensions>
			</trkpt>
			<trkpt lat="46.8464169385" lon="8.4478078443">
				<ele>2005.6</ele>
				<time>1970-01-01T01:00:00+01:00</time>
				<extensions>
					<swisstopo:routepoint_id>1969752523</swisstopo:routepoint_id>
				</extensions>
			</trkpt>
			<trkpt lat="46.8464153124" lon="8.4478697924">
				<ele>2005.4</ele>
				<time>1970-01-01T01:00:00+01:00</time>
				<extensions>
					<swisstopo:routepoint_id>1922727866</swisstopo:routepoint_id>
				</extensions>
			</trkpt>
			<trkpt lat="46.8464109288" lon="8.4479169381">
				<ele>2005.3</ele>
				<time>1970-01-01T01:00:00+01:00</time>
				<extensions>
					<swisstopo:routepoint_id>208478444</swisstopo:routepoint_id>
				</extensions>
			</trkpt>
			<trkpt lat="46.8463929987" lon="8.4479874307">
				<ele>2005.7</ele>
				<time>1970-01-01T01:00:00+01:00</time>
				<extensions>
					<swisstopo:routepoint_id>644753504</swisstopo:routepoint_id>
				</extensions>
			</trkpt>
			<trkpt lat="46.8463804159" lon="8.4480237895">
				<ele>2005.9</ele>
				<time>1970-01-01T01:00:00+01:00</time>
				<extensions>
					<swisstopo:routepoint_id>45946871</swisstopo:routepoint_id>
				</extensions>
			</trkpt>
			<trkpt lat="46.8463690749" lon="8.4480418678">
				<ele>2005.9</ele>
				<time>1970-01-01T01:00:00+01:00</time>
				<extensions>
					<swisstopo:routepoint_id>2111860544</swisstopo:routepoint_id>
				</extensions>
			</trkpt>
			<trkpt lat="46.8463424804" lon="8.4480726533">
				<ele>2005.7</ele>
				<time>1970-01-01T01:00:00+01:00</time>
				<extensions>
					<swisstopo:routepoint_id>651193238</swisstopo:routepoint_id>
				</extensions>
			</trkpt>
			<trkpt lat="46.8463239767" lon="8.4480846969">
				<ele>2005.8</ele>
				<time>1970-01-01T01:00:00+01:00</time>
				<extensions>
					<swisstopo:routepoint_id>2033566817</swisstopo:routepoint_id>
				</extensions>
			</trkpt>
			<trkpt lat="46.8463003862" lon="8.4481013652">
				<ele>2005.9</ele>
				<time>1970-01-01T01:00:00+01:00</time>
				<extensions>
					<swisstopo:routepoint_id>1263366245</swisstopo:routepoint_id>
				</extensions>
			</trkpt>
			<trkpt lat="46.8462854981" lon="8.4481134765">
				<ele>2006.0</ele>
				<time>1970-01-01T01:00:00+01:00</time>
				<extensions>
					<swisstopo:routepoint_id>270516129</swisstopo:routepoint_id>
				</extensions>
			</trkpt>
			<trkpt lat="46.8462705243" lon="8.4481344365">
				<ele>2006.1</ele>
				<time>1970-01-01T01:00:00+01:00</time>
				<extensions>
					<swisstopo:routepoint_id>700410792</swisstopo:routepoint_id>
				</extensions>
			</trkpt>
			<trkpt lat="46.8462513310" lon="8.4481441072">
				<ele>2006.4</ele>
				<time>1970-01-01T01:00:00+01:00</time>
				<extensions>
					<swisstopo:routepoint_id>2131740662</swisstopo:routepoint_id>
				</extensions>
			</trkpt>
			<trkpt lat="46.8462018140" lon="8.4481555556">
				<ele>2007.1</ele>
				<time>1970-01-01T01:00:00+01:00</time>
				<extensions>
					<swisstopo:routepoint_id>1085332396</swisstopo:routepoint_id>
				</extensions>
			</trkpt>
			<trkpt lat="46.8461562427" lon="8.4481706183">
				<ele>2007.8</ele>
				<time>1970-01-01T01:00:00+01:00</time>
				<extensions>
					<swisstopo:routepoint_id>1803864811</swisstopo:routepoint_id>
				</extensions>
			</trkpt>
			<trkpt lat="46.8461236909" lon="8.4481812189">
				<ele>2008.6</ele>
				<time>1970-01-01T01:00:00+01:00</time>
				<extensions>
					<swisstopo:routepoint_id>1931774499</swisstopo:routepoint_id>
				</extensions>
			</trkpt>
			<trkpt lat="46.8460937866" lon="8.4481782845">
				<ele>2009.3</ele>
				<time>1970-01-01T01:00:00+01:00</time>
				<extensions>
					<swisstopo:routepoint_id>513720647</swisstopo:routepoint_id>
				</extensions>
			</trkpt>
			<trkpt lat="46.8460592341" lon="8.4481699532">
				<ele>2010.3</ele>
				<time>1970-01-01T01:00:00+01:00</time>
				<extensions>
					<swisstopo:routepoint_id>401288916</swisstopo:routepoint_id>
				</extensions>
			</trkpt>
			<trkpt lat="46.8460297421" lon="8.4481611135">
				<ele>2011.1</ele>
				<time>1970-01-01T01:00:00+01:00</time>
				<extensions>
					<swisstopo:routepoint_id>1835317964</swisstopo:routepoint_id>
				</extensions>
			</trkpt>
			<trkpt lat="46.8459898520" lon="8.4481450124">
				<ele>2012.1</ele>
				<time>1970-01-01T01:00:00+01:00</time>
				<extensions>
					<swisstopo:routepoint_id>1400231094</swisstopo:routepoint_id>
				</extensions>
			</trkpt>
			<trkpt lat="46.8459560762" lon="8.4481301920">
				<ele>2012.9</ele>
				<time>1970-01-01T01:00:00+01:00</time>
				<extensions>
					<swisstopo:routepoint_id>1692062389</swisstopo:routepoint_id>
				</extensions>
			</trkpt>
			<trkpt lat="46.8459262083" lon="8.4481231290">
				<ele>2013.6</ele>
				<time>1970-01-01T01:00:00+01:00</time>
				<extensions>
					<swisstopo:routepoint_id>1173125923</swisstopo:routepoint_id>
				</extensions>
			</trkpt>
			<trkpt lat="46.8458908794" lon="8.4481212734">
				<ele>2014.4</ele>
				<time>1970-01-01T01:00:00+01:00</time>
				<extensions>
					<swisstopo:routepoint_id>520982531</swisstopo:routepoint_id>
				</extensions>
			</trkpt>
			<trkpt lat="46.8458562108" lon="8.4481271006">
				<ele>2015.0</ele>
				<time>1970-01-01T01:00:00+01:00</time>
				<extensions>
					<swisstopo:routepoint_id>1147100116</swisstopo:routepoint_id>
				</extensions>
			</trkpt>
			<trkpt lat="46.8458193226" lon="8.4481387986">
				<ele>2015.7</ele>
				<time>1970-01-01T01:00:00+01:00</time>
				<extensions>
					<swisstopo:routepoint_id>2139448749</swisstopo:routepoint_id>
				</extensions>
			</trkpt>
			<trkpt lat="46.8457751792" lon="8.4481550684">
				<ele>2016.6</ele>
				<time>1970-01-01T01:00:00+01:00</time>
				<extensions>
					<swisstopo:routepoint_id>1011642688</swisstopo:routepoint_id>
				</extensions>
			</trkpt>
			<trkpt lat="46.8457320421" lon="8.4481796302">
				<ele>2017.7</ele>
				<time>1970-01-01T01:00:00+01:00</time>
				<extensions>
					<swisstopo:routepoint_id>518536025</swisstopo:routepoint_id>
				</extensions>
			</trkpt>
			<trkpt lat="46.8457012153" lon="8.4481997028">
				<ele>2018.7</ele>
				<time>1970-01-01T01:00:00+01:00</time>
				<extensions>
					<swisstopo:routepoint_id>486476933</swisstopo:routepoint_id>
				</extensions>
			</trkpt>
			<trkpt lat="46.8456873874" lon="8.4482130135">
				<ele>2018.9</ele>
				<time>1970-01-01T01:00:00+01:00</time>
				<extensions>
					<swisstopo:routepoint_id>1763347765</swisstopo:routepoint_id>
				</extensions>
			</trkpt>
			<trkpt lat="46.8456781773" lon="8.4482352617">
				<ele>2019.2</ele>
				<time>1970-01-01T01:00:00+01:00</time>
				<extensions>
					<swisstopo:routepoint_id>673950160</swisstopo:routepoint_id>
				</extensions>
			</trkpt>
			<trkpt lat="46.8456652343" lon="8.4482716132">
				<ele>2019.7</ele>
				<time>1970-01-01T01:00:00+01:00</time>
				<extensions>
					<swisstopo:routepoint_id>1958080360</swisstopo:routepoint_id>
				</extensions>
			</trkpt>
			<trkpt lat="46.8456511660" lon="8.4483132669">
				<ele>2020.4</ele>
				<time>1970-01-01T01:00:00+01:00</time>
				<extensions>
					<swisstopo:routepoint_id>1083858026</swisstopo:routepoint_id>
				</extensions>
			</trkpt>
			<trkpt lat="46.8456351065" lon="8.4483347960">
				<ele>2020.9</ele>
				<time>1970-01-01T01:00:00+01:00</time>
				<extensions>
					<swisstopo:routepoint_id>1324999018</swisstopo:routepoint_id>
				</extensions>
			</trkpt>
			<trkpt lat="46.8456209282" lon="8.4483481001">
				<ele>2021.2</ele>
				<time>1970-01-01T01:00:00+01:00</time>
				<extensions>
					<swisstopo:routepoint_id>1876780995</swisstopo:routepoint_id>
				</extensions>
			</trkpt>
			<trkpt lat="46.8456138663" lon="8.4483715817">
				<ele>2021.7</ele>
				<time>1970-01-01T01:00:00+01:00</time>
				<extensions>
					<swisstopo:routepoint_id>244101547</swisstopo:routepoint_id>
				</extensions>
			</trkpt>
			<trkpt lat="46.8456122758" lon="8.4483886621">
				<ele>2022.1</ele>
				<time>1970-01-01T01:00:00+01:00</time>
				<extensions>
					<swisstopo:routepoint_id>2141043914</swisstopo:routepoint_id>
				</extensions>
			</trkpt>
			<trkpt lat="46.8456160030" lon="8.4484158992">
				<ele>2022.7</ele>
				<time>1970-01-01T01:00:00+01:00</time>
				<extensions>
					<swisstopo:routepoint_id>159863702</swisstopo:routepoint_id>
				</extensions>
			</trkpt>
			<trkpt lat="46.8456146944" lon="8.4484418479">
				<ele>2023.2</ele>
				<time>1970-01-01T01:00:00+01:00</time>
				<extensions>
					<swisstopo:routepoint_id>848494299</swisstopo:routepoint_id>
				</extensions>
			</trkpt>
			<trkpt lat="46.8456076158" lon="8.4484670857">
				<ele>2023.5</ele>
				<time>1970-01-01T01:00:00+01:00</time>
				<extensions>
					<swisstopo:routepoint_id>380677109</swisstopo:routepoint_id>
				</extensions>
			</trkpt>
			<trkpt lat="46.8456070535" lon="8.4484900986">
				<ele>2023.6</ele>
				<time>1970-01-01T01:00:00+01:00</time>
				<extensions>
					<swisstopo:routepoint_id>1333156025</swisstopo:routepoint_id>
				</extensions>
			</trkpt>
			<trkpt lat="46.8456186302" lon="8.4485269228">
				<ele>2024.1</ele>
				<time>1970-01-01T01:00:00+01:00</time>
				<extensions>
					<swisstopo:routepoint_id>1279109230</swisstopo:routepoint_id>
				</extensions>
			</trkpt>
			<trkpt lat="46.8456284751" lon="8.4485560320">
				<ele>2024.5</ele>
				<time>1970-01-01T01:00:00+01:00</time>
				<extensions>
					<swisstopo:routepoint_id>1332667380</swisstopo:routepoint_id>
				</extensions>
			</trkpt>
			<trkpt lat="46.8456365179" lon="8.4485845296">
				<ele>2024.9</ele>
				<time>1970-01-01T01:00:00+01:00</time>
				<extensions>
					<swisstopo:routepoint_id>1044029628</swisstopo:routepoint_id>
				</extensions>
			</trkpt>
			<trkpt lat="46.8456391137" lon="8.4486176322">
				<ele>2025.4</ele>
				<time>1970-01-01T01:00:00+01:00</time>
				<extensions>
					<swisstopo:routepoint_id>199966163</swisstopo:routepoint_id>
				</extensions>
			</trkpt>
			<trkpt lat="46.8456377791" lon="8.4486465317">
				<ele>2026.1</ele>
				<time>1970-01-01T01:00:00+01:00</time>
				<extensions>
					<swisstopo:routepoint_id>571611749</swisstopo:routepoint_id>
				</extensions>
			</trkpt>
			<trkpt lat="46.8456239406" lon="8.4486610225">
				<ele>2026.6</ele>
				<time>1970-01-01T01:00:00+01:00</time>
				<extensions>
					<swisstopo:routepoint_id>1402575895</swisstopo:routepoint_id>
				</extensions>
			</trkpt>
			<trkpt lat="46.8456014120" lon="8.4486806591">
				<ele>2027.3</ele>
				<time>1970-01-01T01:00:00+01:00</time>
				<extensions>
					<swisstopo:routepoint_id>96456534</swisstopo:routepoint_id>
				</extensions>
			</trkpt>
			<trkpt lat="46.8455879494" lon="8.4486933867">
				<ele>2027.7</ele>
				<time>1970-01-01T01:00:00+01:00</time>
				<extensions>
					<swisstopo:routepoint_id>1260973200</swisstopo:routepoint_id>
				</extensions>
			</trkpt>
			<trkpt lat="46.8455728382" lon="8.4487308786">
				<ele>2028.6</ele>
				<time>1970-01-01T01:00:00+01:00</time>
				<extensions>
					<swisstopo:routepoint_id>856710175</swisstopo:routepoint_id>
				</extensions>
			</trkpt>
			<trkpt lat="46.8455631688" lon="8.4487643400">
				<ele>2029.2</ele>
				<time>1970-01-01T01:00:00+01:00</time>
				<extensions>
					<swisstopo:routepoint_id>662192041</swisstopo:routepoint_id>
				</extensions>
			</trkpt>
			<trkpt lat="46.8455629237" lon="8.4487920931">
				<ele>2029.8</ele>
				<time>1970-01-01T01:00:00+01:00</time>
				<extensions>
					<swisstopo:routepoint_id>879248563</swisstopo:routepoint_id>
				</extensions>
			</trkpt>
			<trkpt lat="46.8455680320" lon="8.4488258318">
				<ele>2030.5</ele>
				<time>1970-01-01T01:00:00+01:00</time>
				<extensions>
					<swisstopo:routepoint_id>544962273</swisstopo:routepoint_id>
				</extensions>
			</trkpt>
			<trkpt lat="46.8455688125" lon="8.4488606705">
				<ele>2031.3</ele>
				<time>1970-01-01T01:00:00+01:00</time>
				<extensions>
					<swisstopo:routepoint_id>1181160822</swisstopo:routepoint_id>
				</extensions>
			</trkpt>
			<trkpt lat="46.8455615315" lon="8.4489089414">
				<ele>2032.1</ele>
				<time>1970-01-01T01:00:00+01:00</time>
				<extensions>
					<swisstopo:routepoint_id>1656823490</swisstopo:routepoint_id>
				</extensions>
			</trkpt>
			<trkpt lat="46.8455483860" lon="8.4489683123">
				<ele>2032.7</ele>
				<time>1970-01-01T01:00:00+01:00</time>
				<extensions>
					<swisstopo:routepoint_id>628564090</swisstopo:routepoint_id>
				</extensions>
			</trkpt>
			<trkpt lat="46.8455253152" lon="8.4490493280">
				<ele>2033.5</ele>
				<time>1970-01-01T01:00:00+01:00</time>
				<extensions>
					<swisstopo:routepoint_id>1652971815</swisstopo:routepoint_id>
				</extensions>
			</trkpt>
			<trkpt lat="46.8455015191" lon="8.4491716568">
				<ele>2035.6</ele>
				<time>1970-01-01T01:00:00+01:00</time>
				<extensions>
					<swisstopo:routepoint_id>1395778571</swisstopo:routepoint_id>
				</extensions>
			</trkpt>
			<trkpt lat="46.8454785203" lon="8.4492851496">
				<ele>2037.6</ele>
				<time>1970-01-01T01:00:00+01:00</time>
				<extensions>
					<swisstopo:routepoint_id>1992069513</swisstopo:routepoint_id>
				</extensions>
			</trkpt>
			<trkpt lat="46.8454621270" lon="8.4493851844">
				<ele>2039.4</ele>
				<time>1970-01-01T01:00:00+01:00</time>
				<extensions>
					<swisstopo:routepoint_id>675880221</swisstopo:routepoint_id>
				</extensions>
			</trkpt>
			<trkpt lat="46.8454445761" lon="8.4494940594">
				<ele>2041.0</ele>
				<time>1970-01-01T01:00:00+01:00</time>
				<extensions>
					<swisstopo:routepoint_id>679489738</swisstopo:routepoint_id>
				</extensions>
			</trkpt>
			<trkpt lat="46.8454271748" lon="8.4495869929">
				<ele>2042.1</ele>
				<time>1970-01-01T01:00:00+01:00</time>
				<extensions>
					<swisstopo:routepoint_id>1496434790</swisstopo:routepoint_id>
				</extensions>
			</trkpt>
			<trkpt lat="46.8454116320" lon="8.4496722932">
				<ele>2043.1</ele>
				<time>1970-01-01T01:00:00+01:00</time>
				<extensions>
					<swisstopo:routepoint_id>81299365</swisstopo:routepoint_id>
				</extensions>
			</trkpt>
			<trkpt lat="46.8453892903" lon="8.4497928786">
				<ele>2044.8</ele>
				<time>1970-01-01T01:00:00+01:00</time>
				<extensions>
					<swisstopo:routepoint_id>839756479</swisstopo:routepoint_id>
				</extensions>
			</trkpt>
			<trkpt lat="46.8453757164" lon="8.4498599107">
				<ele>2045.6</ele>
				<time>1970-01-01T01:00:00+01:00</time>
				<extensions>
					<swisstopo:routepoint_id>1331438752</swisstopo:routepoint_id>
				</extensions>
			</trkpt>
			<trkpt lat="46.8453661134" lon="8.4499264412">
				<ele>2046.6</ele>
				<time>1970-01-01T01:00:00+01:00</time>
				<extensions>
					<swisstopo:routepoint_id>1716917293</swisstopo:routepoint_id>
				</extensions>
			</trkpt>
			<trkpt lat="46.8453566457" lon="8.4500195250">
				<ele>2047.7</ele>
				<time>1970-01-01T01:00:00+01:00</time>
				<extensions>
					<swisstopo:routepoint_id>1543090896</swisstopo:routepoint_id>
				</extensions>
			</trkpt>
			<trkpt lat="46.8453524074" lon="8.4500908634">
				<ele>2048.7</ele>
				<time>1970-01-01T01:00:00+01:00</time>
				<extensions>
					<swisstopo:routepoint_id>1760366804</swisstopo:routepoint_id>
				</extensions>
			</trkpt>
			<trkpt lat="46.8453522184" lon="8.4501528491">
				<ele>2049.3</ele>
				<time>1970-01-01T01:00:00+01:00</time>
				<extensions>
					<swisstopo:routepoint_id>974191325</swisstopo:routepoint_id>
				</extensions>
			</trkpt>
			<trkpt lat="46.8453465469" lon="8.4502235699">
				<ele>2049.9</ele>
				<time>1970-01-01T01:00:00+01:00</time>
				<extensions>
					<swisstopo:routepoint_id>1716868717</swisstopo:routepoint_id>
				</extensions>
			</trkpt>
			<trkpt lat="46.8453414379" lon="8.4502712923">
				<ele>2050.9</ele>
				<time>1970-01-01T01:00:00+01:00</time>
				<extensions>
					<swisstopo:routepoint_id>1195493377</swisstopo:routepoint_id>
				</extensions>
			</trkpt>
			<trkpt lat="46.8453263147" lon="8.4503099613">
				<ele>2051.6</ele>
				<time>1970-01-01T01:00:00+01:00</time>
				<extensions>
					<swisstopo:routepoint_id>289126396</swisstopo:routepoint_id>
				</extensions>
			</trkpt>
			<trkpt lat="46.8453108758" lon="8.4503427249">
				<ele>2052.4</ele>
				<time>1970-01-01T01:00:00+01:00</time>
				<extensions>
					<swisstopo:routepoint_id>1079143067</swisstopo:routepoint_id>
				</extensions>
			</trkpt>
			<trkpt lat="46.8453005013" lon="8.4503744041">
				<ele>2053.2</ele>
				<time>1970-01-01T01:00:00+01:00</time>
				<extensions>
					<swisstopo:routepoint_id>761055631</swisstopo:routepoint_id>
				</extensions>
			</trkpt>
			<trkpt lat="46.8452840198" lon="8.4504030043">
				<ele>2054.2</ele>
				<time>1970-01-01T01:00:00+01:00</time>
				<extensions>
					<swisstopo:routepoint_id>1788937381</swisstopo:routepoint_id>
				</extensions>
			</trkpt>
			<trkpt lat="46.8452739339" lon="8.4504417823">
				<ele>2054.8</ele>
				<time>1970-01-01T01:00:00+01:00</time>
				<extensions>
					<swisstopo:routepoint_id>103509629</swisstopo:routepoint_id>
				</extensions>
			</trkpt>
			<trkpt lat="46.8452706646" lon="8.4504859845">
				<ele>2055.8</ele>
				<time>1970-01-01T01:00:00+01:00</time>
				<extensions>
					<swisstopo:routepoint_id>1458122197</swisstopo:routepoint_id>
				</extensions>
			</trkpt>
			<trkpt lat="46.8452678917" lon="8.4505136756">
				<ele>2056.6</ele>
				<time>1970-01-01T01:00:00+01:00</time>
				<extensions>
					<swisstopo:routepoint_id>545865719</swisstopo:routepoint_id>
				</extensions>
			</trkpt>
			<trkpt lat="46.8452533164" lon="8.4505311161">
				<ele>2057.4</ele>
				<time>1970-01-01T01:00:00+01:00</time>
				<extensions>
					<swisstopo:routepoint_id>1581748141</swisstopo:routepoint_id>
				</extensions>
			</trkpt>
			<trkpt lat="46.8452412704" lon="8.4505474101">
				<ele>2057.8</ele>
				<time>1970-01-01T01:00:00+01:00</time>
				<extensions>
					<swisstopo:routepoint_id>381724637</swisstopo:routepoint_id>
				</extensions>
			</trkpt>
			<trkpt lat="46.8452236833" lon="8.4505789520">
				<ele>2058.1</ele>
				<time>1970-01-01T01:00:00+01:00</time>
				<extensions>
					<swisstopo:routepoint_id>311747902</swisstopo:routepoint_id>
				</extensions>
			</trkpt>
			<trkpt lat="46.8452122730" lon="8.4506046993">
				<ele>2058.5</ele>
				<time>1970-01-01T01:00:00+01:00</time>
				<extensions>
					<swisstopo:routepoint_id>1628514866</swisstopo:routepoint_id>
				</extensions>
			</trkpt>
			<trkpt lat="46.8451907346" lon="8.4506343968">
				<ele>2058.8</ele>
				<time>1970-01-01T01:00:00+01:00</time>
				<extensions>
					<swisstopo:routepoint_id>1369908721</swisstopo:routepoint_id>
				</extensions>
			</trkpt>
			<trkpt lat="46.8451718496" lon="8.4506487920">
				<ele>2059.0</ele>
				<time>1970-01-01T01:00:00+01:00</time>
				<extensions>
					<swisstopo:routepoint_id>2063881830</swisstopo:routepoint_id>
				</extensions>
			</trkpt>
			<trkpt lat="46.8451549451" lon="8.4506844792">
				<ele>2059.4</ele>
				<time>1970-01-01T01:00:00+01:00</time>
				<extensions>
					<swisstopo:routepoint_id>1675672655</swisstopo:routepoint_id>
				</extensions>
			</trkpt>
			<trkpt lat="46.8451383015" lon="8.4507313796">
				<ele>2060.3</ele>
				<time>1970-01-01T01:00:00+01:00</time>
				<extensions>
					<swisstopo:routepoint_id>261044919</swisstopo:routepoint_id>
				</extensions>
			</trkpt>
			<trkpt lat="46.8451267073" lon="8.4507789654">
				<ele>2061.5</ele>
				<time>1970-01-01T01:00:00+01:00</time>
				<extensions>
					<swisstopo:routepoint_id>783978225</swisstopo:routepoint_id>
				</extensions>
			</trkpt>
			<trkpt lat="46.8451209881" lon="8.4508142850">
				<ele>2062.1</ele>
				<time>1970-01-01T01:00:00+01:00</time>
				<extensions>
					<swisstopo:routepoint_id>977091594</swisstopo:routepoint_id>
				</extensions>
			</trkpt>
			<trkpt lat="46.8451164215" lon="8.4508413517">
				<ele>2062.8</ele>
				<time>1970-01-01T01:00:00+01:00</time>
				<extensions>
					<swisstopo:routepoint_id>716288833</swisstopo:routepoint_id>
				</extensions>
			</trkpt>
			<trkpt lat="46.8451033812" lon="8.4508469948">
				<ele>2063.2</ele>
				<time>1970-01-01T01:00:00+01:00</time>
				<extensions>
					<swisstopo:routepoint_id>495634723</swisstopo:routepoint_id>
				</extensions>
			</trkpt>
			<trkpt lat="46.8450796113" lon="8.4508441871">
				<ele>2063.8</ele>
				<time>1970-01-01T01:00:00+01:00</time>
				<extensions>
					<swisstopo:routepoint_id>594580856</swisstopo:routepoint_id>
				</extensions>
			</trkpt>
			<trkpt lat="46.8450550869" lon="8.4508443038">
				<ele>2064.3</ele>
				<time>1970-01-01T01:00:00+01:00</time>
				<extensions>
					<swisstopo:routepoint_id>1987216907</swisstopo:routepoint_id>
				</extensions>
			</trkpt>
			<trkpt lat="46.8450284523" lon="8.4508378892">
				<ele>2064.8</ele>
				<time>1970-01-01T01:00:00+01:00</time>
				<extensions>
					<swisstopo:routepoint_id>164996037</swisstopo:routepoint_id>
				</extensions>
			</trkpt>
			<trkpt lat="46.8450024902" lon="8.4508367977">
				<ele>2065.1</ele>
				<time>1970-01-01T01:00:00+01:00</time>
				<extensions>
					<swisstopo:routepoint_id>511865719</swisstopo:routepoint_id>
				</extensions>
			</trkpt>
			<trkpt lat="46.8449746963" lon="8.4508404061">
				<ele>2065.6</ele>
				<time>1970-01-01T01:00:00+01:00</time>
				<extensions>
					<swisstopo:routepoint_id>1444149231</swisstopo:routepoint_id>
				</extensions>
			</trkpt>
			<trkpt lat="46.8449508863" lon="8.4508411252">
				<ele>2066.5</ele>
				<time>1970-01-01T01:00:00+01:00</time>
				<extensions>
					<swisstopo:routepoint_id>1718555596</swisstopo:routepoint_id>
				</extensions>
			</trkpt>
			<trkpt lat="46.8449271545" lon="8.4508329950">
				<ele>2067.1</ele>
				<time>1970-01-01T01:00:00+01:00</time>
				<extensions>
					<swisstopo:routepoint_id>742725968</swisstopo:routepoint_id>
				</extensions>
			</trkpt>
			<trkpt lat="46.8448883491" lon="8.4508163101">
				<ele>2068.3</ele>
				<time>1970-01-01T01:00:00+01:00</time>
				<extensions>
					<swisstopo:routepoint_id>1973705827</swisstopo:routepoint_id>
				</extensions>
			</trkpt>
			<trkpt lat="46.8448495174" lon="8.4508025856">
				<ele>2069.4</ele>
				<time>1970-01-01T01:00:00+01:00</time>
				<extensions>
					<swisstopo:routepoint_id>564873427</swisstopo:routepoint_id>
				</extensions>
			</trkpt>
			<trkpt lat="46.8448358031" lon="8.4508040851">
				<ele>2069.7</ele>
				<time>1970-01-01T01:00:00+01:00</time>
				<extensions>
					<swisstopo:routepoint_id>685064928</swisstopo:routepoint_id>
				</extensions>
			</trkpt>
			<trkpt lat="46.8448230688" lon="8.4508168257">
				<ele>2070.0</ele>
				<time>1970-01-01T01:00:00+01:00</time>
				<extensions>
					<swisstopo:routepoint_id>637725650</swisstopo:routepoint_id>
				</extensions>
			</trkpt>
			<trkpt lat="46.8448160634" lon="8.4508338177">
				<ele>2070.3</ele>
				<time>1970-01-01T01:00:00+01:00</time>
				<extensions>
					<swisstopo:routepoint_id>434437746</swisstopo:routepoint_id>
				</extensions>
			</trkpt>
			<trkpt lat="46.8448110743" lon="8.4508679568">
				<ele>2071.0</ele>
				<time>1970-01-01T01:00:00+01:00</time>
				<extensions>
					<swisstopo:routepoint_id>647672663</swisstopo:routepoint_id>
				</extensions>
			</trkpt>
			<trkpt lat="46.8448039735" lon="8.4508967475">
				<ele>2071.6</ele>
				<time>1970-01-01T01:00:00+01:00</time>
				<extensions>
					<swisstopo:routepoint_id>975633438</swisstopo:routepoint_id>
				</extensions>
			</trkpt>
			<trkpt lat="46.8447849168" lon="8.4509306221">
				<ele>2072.3</ele>
				<time>1970-01-01T01:00:00+01:00</time>
				<extensions>
					<swisstopo:routepoint_id>1450417082</swisstopo:routepoint_id>
				</extensions>
			</trkpt>
			<trkpt lat="46.8447630081" lon="8.4509614806">
				<ele>2072.6</ele>
				<time>1970-01-01T01:00:00+01:00</time>
				<extensions>
					<swisstopo:routepoint_id>1243071662</swisstopo:routepoint_id>
				</extensions>
			</trkpt>
			<trkpt lat="46.8447430026" lon="8.4509805872">
				<ele>2072.9</ele>
				<time>1970-01-01T01:00:00+01:00</time>
				<extensions>
					<swisstopo:routepoint_id>669245135</swisstopo:routepoint_id>
				</extensions>
			</trkpt>
			<trkpt lat="46.8447252694" lon="8.4509879105">
				<ele>2073.3</ele>
				<time>1970-01-01T01:00:00+01:00</time>
				<extensions>
					<swisstopo:routepoint_id>1076397560</swisstopo:routepoint_id>
				</extensions>
			</trkpt>
			<trkpt lat="46.8447000201" lon="8.4509886169">
				<ele>2073.8</ele>
				<time>1970-01-01T01:00:00+01:00</time>
				<extensions>
					<swisstopo:routepoint_id>234117817</swisstopo:routepoint_id>
				</extensions>
			</trkpt>
			<trkpt lat="46.8446815949" lon="8.4509917963">
				<ele>2074.4</ele>
				<time>1970-01-01T01:00:00+01:00</time>
				<extensions>
					<swisstopo:routepoint_id>2100716923</swisstopo:routepoint_id>
				</extensions>
			</trkpt>
			<trkpt lat="46.8446663279" lon="8.4510050798">
				<ele>2074.9</ele>
				<time>1970-01-01T01:00:00+01:00</time>
				<extensions>
					<swisstopo:routepoint_id>1159299564</swisstopo:routepoint_id>
				</extensions>
			</trkpt>
			<trkpt lat="46.8446563816" lon="8.4510290953">
				<ele>2075.5</ele>
				<time>1970-01-01T01:00:00+01:00</time>
				<extensions>
					<swisstopo:routepoint_id>395349720</swisstopo:routepoint_id>
				</extensions>
			</trkpt>
			<trkpt lat="46.8446481767" lon="8.4510596352">
				<ele>2075.5</ele>
				<time>1970-01-01T01:00:00+01:00</time>
				<extensions>
					<swisstopo:routepoint_id>2100325859</swisstopo:routepoint_id>
				</extensions>
			</trkpt>
			<trkpt lat="46.8446431562" lon="8.4510973139">
				<ele>2075.3</ele>
				<time>1970-01-01T01:00:00+01:00</time>
				<extensions>
					<swisstopo:routepoint_id>1108863802</swisstopo:routepoint_id>
				</extensions>
			</trkpt>
			<trkpt lat="46.8446323283" lon="8.4511396177">
				<ele>2075.5</ele>
				<time>1970-01-01T01:00:00+01:00</time>
				<extensions>
					<swisstopo:routepoint_id>1279903605</swisstopo:routepoint_id>
				</extensions>
			</trkpt>
			<trkpt lat="46.8446216012" lon="8.4511695051">
				<ele>2075.8</ele>
				<time>1970-01-01T01:00:00+01:00</time>
				<extensions>
					<swisstopo:routepoint_id>698581060</swisstopo:routepoint_id>
				</extensions>
			</trkpt>
			<trkpt lat="46.8446018980" lon="8.4511951089">
				<ele>2076.1</ele>
				<time>1970-01-01T01:00:00+01:00</time>
				<extensions>
					<swisstopo:routepoint_id>1692239734</swisstopo:routepoint_id>
				</extensions>
			</trkpt>
			<trkpt lat="46.8445783156" lon="8.4512117745">
				<ele>2076.5</ele>
				<time>1970-01-01T01:00:00+01:00</time>
				<extensions>
					<swisstopo:routepoint_id>288343502</swisstopo:routepoint_id>
				</extensions>
			</trkpt>
			<trkpt lat="46.8445514876" lon="8.4512271996">
				<ele>2077.1</ele>
				<time>1970-01-01T01:00:00+01:00</time>
				<extensions>
					<swisstopo:routepoint_id>382510738</swisstopo:routepoint_id>
				</extensions>
			</trkpt>
			<trkpt lat="46.8445249030" lon="8.4512567903">
				<ele>2078.1</ele>
				<time>1970-01-01T01:00:00+01:00</time>
				<extensions>
					<swisstopo:routepoint_id>876555573</swisstopo:routepoint_id>
				</extensions>
			</trkpt>
			<trkpt lat="46.8444949840" lon="8.4512951802">
				<ele>2079.6</ele>
				<time>1970-01-01T01:00:00+01:00</time>
				<extensions>
					<swisstopo:routepoint_id>330638685</swisstopo:routepoint_id>
				</extensions>
			</trkpt>
			<trkpt lat="46.8444705723" lon="8.4513242211">
				<ele>2080.5</ele>
				<time>1970-01-01T01:00:00+01:00</time>
				<extensions>
					<swisstopo:routepoint_id>82715136</swisstopo:routepoint_id>
				</extensions>
			</trkpt>
			<trkpt lat="46.8444399650" lon="8.4513590593">
				<ele>2081.7</ele>
				<time>1970-01-01T01:00:00+01:00</time>
				<extensions>
					<swisstopo:routepoint_id>543067676</swisstopo:routepoint_id>
				</extensions>
			</trkpt>
			<trkpt lat="46.8444114785" lon="8.4513992333">
				<ele>2082.9</ele>
				<time>1970-01-01T01:00:00+01:00</time>
				<extensions>
					<swisstopo:routepoint_id>593924089</swisstopo:routepoint_id>
				</extensions>
			</trkpt>
			<trkpt lat="46.8443873690" lon="8.4514347826">
				<ele>2084.0</ele>
				<time>1970-01-01T01:00:00+01:00</time>
				<extensions>
					<swisstopo:routepoint_id>1916623399</swisstopo:routepoint_id>
				</extensions>
			</trkpt>
			<trkpt lat="46.8443665708" lon="8.4514621229">
				<ele>2084.7</ele>
				<time>1970-01-01T01:00:00+01:00</time>
				<extensions>
					<swisstopo:routepoint_id>1617927052</swisstopo:routepoint_id>
				</extensions>
			</trkpt>
			<trkpt lat="46.8443454806" lon="8.4514817977">
				<ele>2085.3</ele>
				<time>1970-01-01T01:00:00+01:00</time>
				<extensions>
					<swisstopo:routepoint_id>1153682168</swisstopo:routepoint_id>
				</extensions>
			</trkpt>
			<trkpt lat="46.8443232865" lon="8.4515032107">
				<ele>2085.9</ele>
				<time>1970-01-01T01:00:00+01:00</time>
				<extensions>
					<swisstopo:routepoint_id>57661040</swisstopo:routepoint_id>
				</extensions>
			</trkpt>
			<trkpt lat="46.8443050472" lon="8.4515270572">
				<ele>2086.2</ele>
				<time>1970-01-01T01:00:00+01:00</time>
				<extensions>
					<swisstopo:routepoint_id>1335980177</swisstopo:routepoint_id>
				</extensions>
			</trkpt>
			<trkpt lat="46.8442921351" lon="8.4515598674">
				<ele>2086.5</ele>
				<time>1970-01-01T01:00:00+01:00</time>
				<extensions>
					<swisstopo:routepoint_id>130435681</swisstopo:routepoint_id>
				</extensions>
			</trkpt>
			<trkpt lat="46.8442852751" lon="8.4516010659">
				<ele>2086.9</ele>
				<time>1970-01-01T01:00:00+01:00</time>
				<extensions>
					<swisstopo:routepoint_id>37392265</swisstopo:routepoint_id>
				</extensions>
			</trkpt>
			<trkpt lat="46.8442842158" lon="8.4516394078">
				<ele>2087.6</ele>
				<time>1970-01-01T01:00:00+01:00</time>
				<extensions>
					<swisstopo:routepoint_id>1809575860</swisstopo:routepoint_id>
				</extensions>
			</trkpt>
			<trkpt lat="46.8442891862" lon="8.4516896779">
				<ele>2088.4</ele>
				<time>1970-01-01T01:00:00+01:00</time>
				<extensions>
					<swisstopo:routepoint_id>1131504312</swisstopo:routepoint_id>
				</extensions>
			</trkpt>
			<trkpt lat="46.8442985524" lon="8.4517311801">
				<ele>2089.5</ele>
				<time>1970-01-01T01:00:00+01:00</time>
				<extensions>
					<swisstopo:routepoint_id>1552084649</swisstopo:routepoint_id>
				</extensions>
			</trkpt>
			<trkpt lat="46.8443069319" lon="8.4517632113">
				<ele>2090.0</ele>
				<time>1970-01-01T01:00:00+01:00</time>
				<extensions>
					<swisstopo:routepoint_id>306388302</swisstopo:routepoint_id>
				</extensions>
			</trkpt>
			<trkpt lat="46.8443203692" lon="8.4517929914">
				<ele>2090.4</ele>
				<time>1970-01-01T01:00:00+01:00</time>
				<extensions>
					<swisstopo:routepoint_id>374019522</swisstopo:routepoint_id>
				</extensions>
			</trkpt>
			<trkpt lat="46.8443260078" lon="8.4518084499">
				<ele>2090.5</ele>
				<time>1970-01-01T01:00:00+01:00</time>
				<extensions>
					<swisstopo:routepoint_id>1008953845</swisstopo:routepoint_id>
				</extensions>
			</trkpt>
			<trkpt lat="46.8443232346" lon="8.4518361408">
				<ele>2090.6</ele>
				<time>1970-01-01T01:00:00+01:00</time>
				<extensions>
					<swisstopo:routepoint_id>716011860</swisstopo:routepoint_id>
				</extensions>
			</trkpt>
			<trkpt lat="46.8443188811" lon="8.4518797321">
				<ele>2091.1</ele>
				<time>1970-01-01T01:00:00+01:00</time>
				<extensions>
					<swisstopo:routepoint_id>2064581644</swisstopo:routepoint_id>
				</extensions>
			</trkpt>
			<trkpt lat="46.8443161065" lon="8.4519086030">
				<ele>2091.5</ele>
				<time>1970-01-01T01:00:00+01:00</time>
				<extensions>
					<swisstopo:routepoint_id>1986251745</swisstopo:routepoint_id>
				</extensions>
			</trkpt>
			<trkpt lat="46.8443176962" lon="8.4519322461">
				<ele>2091.7</ele>
				<time>1970-01-01T01:00:00+01:00</time>
				<extensions>
					<swisstopo:routepoint_id>391063</swisstopo:routepoint_id>
				</extensions>
			</trkpt>
			<trkpt lat="46.8443222151" lon="8.4519512242">
				<ele>2092.0</ele>
				<time>1970-01-01T01:00:00+01:00</time>
				<extensions>
					<swisstopo:routepoint_id>50435762</swisstopo:routepoint_id>
				</extensions>
			</trkpt>
			<trkpt lat="46.8443339476" lon="8.4519703382">
				<ele>2092.4</ele>
				<time>1970-01-01T01:00:00+01:00</time>
				<extensions>
					<swisstopo:routepoint_id>1262929763</swisstopo:routepoint_id>
				</extensions>
			</trkpt>
			<trkpt lat="46.8443456173" lon="8.4519965310">
				<ele>2092.5</ele>
				<time>1970-01-01T01:00:00+01:00</time>
				<extensions>
					<swisstopo:routepoint_id>1401744799</swisstopo:routepoint_id>
				</extensions>
			</trkpt>
			<trkpt lat="46.8443547528" lon="8.4520244592">
				<ele>2092.4</ele>
				<time>1970-01-01T01:00:00+01:00</time>
				<extensions>
					<swisstopo:routepoint_id>1564107716</swisstopo:routepoint_id>
				</extensions>
			</trkpt>
			<trkpt lat="46.8443616057" lon="8.4520653114">
				<ele>2092.1</ele>
				<time>1970-01-01T01:00:00+01:00</time>
				<extensions>
					<swisstopo:routepoint_id>991560102</swisstopo:routepoint_id>
				</extensions>
			</trkpt>
			<trkpt lat="46.8443627101" lon="8.4521031185">
				<ele>2091.9</ele>
				<time>1970-01-01T01:00:00+01:00</time>
				<extensions>
					<swisstopo:routepoint_id>316070322</swisstopo:routepoint_id>
				</extensions>
			</trkpt>
			<trkpt lat="46.8443710125" lon="8.4521428311">
				<ele>2092.3</ele>
				<time>1970-01-01T01:00:00+01:00</time>
				<extensions>
					<swisstopo:routepoint_id>815684160</swisstopo:routepoint_id>
				</extensions>
			</trkpt>
			<trkpt lat="46.8443752683" lon="8.4521924975">
				<ele>2093.0</ele>
				<time>1970-01-01T01:00:00+01:00</time>
				<extensions>
					<swisstopo:routepoint_id>2105188465</swisstopo:routepoint_id>
				</extensions>
			</trkpt>
			<trkpt lat="46.8443796042" lon="8.4522321224">
				<ele>2093.4</ele>
				<time>1970-01-01T01:00:00+01:00</time>
				<extensions>
					<swisstopo:routepoint_id>299795602</swisstopo:routepoint_id>
				</extensions>
			</trkpt>
			<trkpt lat="46.8444008161" lon="8.4522809412">
				<ele>2094.4</ele>
				<time>1970-01-01T01:00:00+01:00</time>
				<extensions>
					<swisstopo:routepoint_id>333487897</swisstopo:routepoint_id>
				</extensions>
			</trkpt>
			<trkpt lat="46.8444256470" lon="8.4523274550">
				<ele>2095.2</ele>
				<time>1970-01-01T01:00:00+01:00</time>
				<extensions>
					<swisstopo:routepoint_id>1884198244</swisstopo:routepoint_id>
				</extensions>
			</trkpt>
			<trkpt lat="46.8444530417" lon="8.4523699003">
				<ele>2096.2</ele>
				<time>1970-01-01T01:00:00+01:00</time>
				<extensions>
					<swisstopo:routepoint_id>313575385</swisstopo:routepoint_id>
				</extensions>
			</trkpt>
			<trkpt lat="46.8444750779" lon="8.4524069216">
				<ele>2096.9</ele>
				<time>1970-01-01T01:00:00+01:00</time>
				<extensions>
					<swisstopo:routepoint_id>1072624272</swisstopo:routepoint_id>
				</extensions>
			</trkpt>
			<trkpt lat="46.8444948889" lon="8.4524503911">
				<ele>2097.7</ele>
				<time>1970-01-01T01:00:00+01:00</time>
				<extensions>
					<swisstopo:routepoint_id>1587725569</swisstopo:routepoint_id>
				</extensions>
			</trkpt>
			<trkpt lat="46.8445081900" lon="8.4524955080">
				<ele>2098.6</ele>
				<time>1970-01-01T01:00:00+01:00</time>
				<extensions>
					<swisstopo:routepoint_id>1858962359</swisstopo:routepoint_id>
				</extensions>
			</trkpt>
			<trkpt lat="46.8445185972" lon="8.4525423404">
				<ele>2099.3</ele>
				<time>1970-01-01T01:00:00+01:00</time>
				<extensions>
					<swisstopo:routepoint_id>281946875</swisstopo:routepoint_id>
				</extensions>
			</trkpt>
			<trkpt lat="46.8445235097" lon="8.4525990995">
				<ele>2100.3</ele>
				<time>1970-01-01T01:00:00+01:00</time>
				<extensions>
					<swisstopo:routepoint_id>1023246487</swisstopo:routepoint_id>
				</extensions>
			</trkpt>
			<trkpt lat="46.8445232532" lon="8.4526280310">
				<ele>2100.9</ele>
				<time>1970-01-01T01:00:00+01:00</time>
				<extensions>
					<swisstopo:routepoint_id>20268774</swisstopo:routepoint_id>
				</extensions>
			</trkpt>
			<trkpt lat="46.8445544380" lon="8.4526498716">
				<ele>2101.6</ele>
				<time>1970-01-01T01:00:00+01:00</time>
				<extensions>
					<swisstopo:routepoint_id>1673887965</swisstopo:routepoint_id>
				</extensions>
			</trkpt>
			<trkpt lat="46.8445853638" lon="8.4526593172">
				<ele>2102.3</ele>
				<time>1970-01-01T01:00:00+01:00</time>
				<extensions>
					<swisstopo:routepoint_id>1146415017</swisstopo:routepoint_id>
				</extensions>
			</trkpt>
			<trkpt lat="46.8446123895" lon="8.4526621993">
				<ele>2102.8</ele>
				<time>1970-01-01T01:00:00+01:00</time>
				<extensions>
					<swisstopo:routepoint_id>632791264</swisstopo:routepoint_id>
				</extensions>
			</trkpt>
			<trkpt lat="46.8446317529" lon="8.4526749672">
				<ele>2103.3</ele>
				<time>1970-01-01T01:00:00+01:00</time>
				<extensions>
					<swisstopo:routepoint_id>1503187557</swisstopo:routepoint_id>
				</extensions>
			</trkpt>
			<trkpt lat="46.8446460075" lon="8.4526947190">
				<ele>2103.6</ele>
				<time>1970-01-01T01:00:00+01:00</time>
				<extensions>
					<swisstopo:routepoint_id>757484790</swisstopo:routepoint_id>
				</extensions>
			</trkpt>
			<trkpt lat="46.8446565939" lon="8.4527203148">
				<ele>2104.0</ele>
				<time>1970-01-01T01:00:00+01:00</time>
				<extensions>
					<swisstopo:routepoint_id>543130804</swisstopo:routepoint_id>
				</extensions>
			</trkpt>
			<trkpt lat="46.8446667145" lon="8.4527588819">
				<ele>2104.7</ele>
				<time>1970-01-01T01:00:00+01:00</time>
				<extensions>
					<swisstopo:routepoint_id>1737860090</swisstopo:routepoint_id>
				</extensions>
			</trkpt>
			<trkpt lat="46.8446725191" lon="8.4527961747">
				<ele>2105.4</ele>
				<time>1970-01-01T01:00:00+01:00</time>
				<extensions>
					<swisstopo:routepoint_id>456921526</swisstopo:routepoint_id>
				</extensions>
			</trkpt>
			<trkpt lat="46.8446837138" lon="8.4528353522">
				<ele>2106.1</ele>
				<time>1970-01-01T01:00:00+01:00</time>
				<extensions>
					<swisstopo:routepoint_id>1170185748</swisstopo:routepoint_id>
				</extensions>
			</trkpt>
			<trkpt lat="46.8447123801" lon="8.4528967020">
				<ele>2107.2</ele>
				<time>1970-01-01T01:00:00+01:00</time>
				<extensions>
					<swisstopo:routepoint_id>715620797</swisstopo:routepoint_id>
				</extensions>
			</trkpt>
			<trkpt lat="46.8447386116" lon="8.4529485660">
				<ele>2107.8</ele>
				<time>1970-01-01T01:00:00+01:00</time>
				<extensions>
					<swisstopo:routepoint_id>2014145882</swisstopo:routepoint_id>
				</extensions>
			</trkpt>
			<trkpt lat="46.8447537990" lon="8.4529848686">
				<ele>2108.3</ele>
				<time>1970-01-01T01:00:00+01:00</time>
				<extensions>
					<swisstopo:routepoint_id>723321982</swisstopo:routepoint_id>
				</extensions>
			</trkpt>
			<trkpt lat="46.8447745110" lon="8.4530484288">
				<ele>2109.0</ele>
				<time>1970-01-01T01:00:00+01:00</time>
				<extensions>
					<swisstopo:routepoint_id>746129912</swisstopo:routepoint_id>
				</extensions>
			</trkpt>
			<trkpt lat="46.8448029297" lon="8.4531386977">
				<ele>2110.4</ele>
				<time>1970-01-01T01:00:00+01:00</time>
				<extensions>
					<swisstopo:routepoint_id>633811694</swisstopo:routepoint_id>
				</extensions>
			</trkpt>
			<trkpt lat="46.8448313551" lon="8.4532271967">
				<ele>2112.2</ele>
				<time>1970-01-01T01:00:00+01:00</time>
				<extensions>
					<swisstopo:routepoint_id>271369660</swisstopo:routepoint_id>
				</extensions>
			</trkpt>
			<trkpt lat="46.8448442423" lon="8.4532793864">
				<ele>2112.8</ele>
				<time>1970-01-01T01:00:00+01:00</time>
				<extensions>
					<swisstopo:routepoint_id>1085674477</swisstopo:routepoint_id>
				</extensions>
			</trkpt>
			<trkpt lat="46.8448557390" lon="8.4533250598">
				<ele>2113.3</ele>
				<time>1970-01-01T01:00:00+01:00</time>
				<extensions>
					<swisstopo:routepoint_id>748423555</swisstopo:routepoint_id>
				</extensions>
			</trkpt>
			<trkpt lat="46.8448708844" lon="8.4533660820">
				<ele>2113.9</ele>
				<time>1970-01-01T01:00:00+01:00</time>
				<extensions>
					<swisstopo:routepoint_id>1033855285</swisstopo:routepoint_id>
				</extensions>
			</trkpt>
			<trkpt lat="46.8448921572" lon="8.4534485463">
				<ele>2114.9</ele>
				<time>1970-01-01T01:00:00+01:00</time>
				<extensions>
					<swisstopo:routepoint_id>16274720</swisstopo:routepoint_id>
				</extensions>
			</trkpt>
			<trkpt lat="46.8449081200" lon="8.4535190975">
				<ele>2116.2</ele>
				<time>1970-01-01T01:00:00+01:00</time>
				<extensions>
					<swisstopo:routepoint_id>482196263</swisstopo:routepoint_id>
				</extensions>
			</trkpt>
			<trkpt lat="46.8449238696" lon="8.4535731243">
				<ele>2117.5</ele>
				<time>1970-01-01T01:00:00+01:00</time>
				<extensions>
					<swisstopo:routepoint_id>220990221</swisstopo:routepoint_id>
				</extensions>
			</trkpt>
			<trkpt lat="46.8449386499" lon="8.4536147298">
				<ele>2118.4</ele>
				<time>1970-01-01T01:00:00+01:00</time>
				<extensions>
					<swisstopo:routepoint_id>2133703864</swisstopo:routepoint_id>
				</extensions>
			</trkpt>
			<trkpt lat="46.8449495143" lon="8.4536910850">
				<ele>2119.7</ele>
				<time>1970-01-01T01:00:00+01:00</time>
				<extensions>
					<swisstopo:routepoint_id>1408347272</swisstopo:routepoint_id>
				</extensions>
			</trkpt>
			<trkpt lat="46.8449696518" lon="8.4538608887">
				<ele>2123.0</ele>
				<time>1970-01-01T01:00:00+01:00</time>
				<extensions>
					<swisstopo:routepoint_id>296472675</swisstopo:routepoint_id>
				</extensions>
			</trkpt>
			<trkpt lat="46.8449860495" lon="8.4539645149">
				<ele>2125.4</ele>
				<time>1970-01-01T01:00:00+01:00</time>
				<extensions>
					<swisstopo:routepoint_id>602096674</swisstopo:routepoint_id>
				</extensions>
			</trkpt>
			<trkpt lat="46.8450050321" lon="8.4541012303">
				<ele>2128.6</ele>
				<time>1970-01-01T01:00:00+01:00</time>
				<extensions>
					<swisstopo:routepoint_id>790677397</swisstopo:routepoint_id>
				</extensions>
			</trkpt>
			<trkpt lat="46.8450278256" lon="8.4542150075">
				<ele>2131.1</ele>
				<time>1970-01-01T01:00:00+01:00</time>
				<extensions>
					<swisstopo:routepoint_id>564479082</swisstopo:routepoint_id>
				</extensions>
			</trkpt>
			<trkpt lat="46.8450368715" lon="8.4542529648">
				<ele>2131.6</ele>
				<time>1970-01-01T01:00:00+01:00</time>
				<extensions>
					<swisstopo:routepoint_id>1838693584</swisstopo:routepoint_id>
				</extensions>
			</trkpt>
			<trkpt lat="46.8450541438" lon="8.4542975677">
				<ele>2132.5</ele>
				<time>1970-01-01T01:00:00+01:00</time>
				<extensions>
					<swisstopo:routepoint_id>755542558</swisstopo:routepoint_id>
				</extensions>
			</trkpt>
			<trkpt lat="46.8450805824" lon="8.4543665600">
				<ele>2133.8</ele>
				<time>1970-01-01T01:00:00+01:00</time>
				<extensions>
					<swisstopo:routepoint_id>2024315117</swisstopo:routepoint_id>
				</extensions>
			</trkpt>
			<trkpt lat="46.8451053638" lon="8.4544195645">
				<ele>2134.6</ele>
				<time>1970-01-01T01:00:00+01:00</time>
				<extensions>
					<swisstopo:routepoint_id>1534961158</swisstopo:routepoint_id>
				</extensions>
			</trkpt>
			<trkpt lat="46.8451395244" lon="8.4544709892">
				<ele>2135.7</ele>
				<time>1970-01-01T01:00:00+01:00</time>
				<extensions>
					<swisstopo:routepoint_id>170700407</swisstopo:routepoint_id>
				</extensions>
			</trkpt>
			<trkpt lat="46.8451665533" lon="8.4545140192">
				<ele>2136.4</ele>
				<time>1970-01-01T01:00:00+01:00</time>
				<extensions>
					<swisstopo:routepoint_id>388930227</swisstopo:routepoint_id>
				</extensions>
			</trkpt>
			<trkpt lat="46.8452006649" lon="8.4545719334">
				<ele>2137.5</ele>
				<time>1970-01-01T01:00:00+01:00</time>
				<extensions>
					<swisstopo:routepoint_id>89660460</swisstopo:routepoint_id>
				</extensions>
			</trkpt>
			<trkpt lat="46.8452234611" lon="8.4546042503">
				<ele>2138.3</ele>
				<time>1970-01-01T01:00:00+01:00</time>
				<extensions>
					<swisstopo:routepoint_id>1912811115</swisstopo:routepoint_id>
				</extensions>
			</trkpt>
			<trkpt lat="46.8452346926" lon="8.4546392861">
				<ele>2138.9</ele>
				<time>1970-01-01T01:00:00+01:00</time>
				<extensions>
					<swisstopo:routepoint_id>300563264</swisstopo:routepoint_id>
				</extensions>
			</trkpt>
			<trkpt lat="46.8452465425" lon="8.4546855567">
				<ele>2139.9</ele>
				<time>1970-01-01T01:00:00+01:00</time>
				<extensions>
					<swisstopo:routepoint_id>1520428704</swisstopo:routepoint_id>
				</extensions>
			</trkpt>
			<trkpt lat="46.8452587064" lon="8.4547371566">
				<ele>2140.9</ele>
				<time>1970-01-01T01:00:00+01:00</time>
				<extensions>
					<swisstopo:routepoint_id>1022239293</swisstopo:routepoint_id>
				</extensions>
			</trkpt>
			<trkpt lat="46.8452706307" lon="8.4547751686">
				<ele>2141.8</ele>
				<time>1970-01-01T01:00:00+01:00</time>
				<extensions>
					<swisstopo:routepoint_id>590259292</swisstopo:routepoint_id>
				</extensions>
			</trkpt>
			<trkpt lat="46.8452900003" lon="8.4548286615">
				<ele>2142.9</ele>
				<time>1970-01-01T01:00:00+01:00</time>
				<extensions>
					<swisstopo:routepoint_id>446863766</swisstopo:routepoint_id>
				</extensions>
			</trkpt>
			<trkpt lat="46.8453165553" lon="8.4548834832">
				<ele>2143.8</ele>
				<time>1970-01-01T01:00:00+01:00</time>
				<extensions>
					<swisstopo:routepoint_id>2116974532</swisstopo:routepoint_id>
				</extensions>
			</trkpt>
			<trkpt lat="46.8453488630" lon="8.4549419535">
				<ele>2144.9</ele>
				<time>1970-01-01T01:00:00+01:00</time>
				<extensions>
					<swisstopo:routepoint_id>1380334188</swisstopo:routepoint_id>
				</extensions>
			</trkpt>
			<trkpt lat="46.8453712389" lon="8.4549801630">
				<ele>2145.8</ele>
				<time>1970-01-01T01:00:00+01:00</time>
				<extensions>
					<swisstopo:routepoint_id>451952321</swisstopo:routepoint_id>
				</extensions>
			</trkpt>
			<trkpt lat="46.8453850123" lon="8.4550134900">
				<ele>2146.7</ele>
				<time>1970-01-01T01:00:00+01:00</time>
				<extensions>
					<swisstopo:routepoint_id>1807939083</swisstopo:routepoint_id>
				</extensions>
			</trkpt>
			<trkpt lat="46.8453966657" lon="8.4550414537">
				<ele>2147.4</ele>
				<time>1970-01-01T01:00:00+01:00</time>
				<extensions>
					<swisstopo:routepoint_id>2032871786</swisstopo:routepoint_id>
				</extensions>
			</trkpt>
			<trkpt lat="46.8454156533" lon="8.4550559855">
				<ele>2147.9</ele>
				<time>1970-01-01T01:00:00+01:00</time>
				<extensions>
					<swisstopo:routepoint_id>1384998023</swisstopo:routepoint_id>
				</extensions>
			</trkpt>
			<trkpt lat="46.8454436844" lon="8.4550671611">
				<ele>2148.6</ele>
				<time>1970-01-01T01:00:00+01:00</time>
				<extensions>
					<swisstopo:routepoint_id>1069399757</swisstopo:routepoint_id>
				</extensions>
			</trkpt>
			<trkpt lat="46.8454728641" lon="8.4550706754">
				<ele>2149.4</ele>
				<time>1970-01-01T01:00:00+01:00</time>
				<extensions>
					<swisstopo:routepoint_id>266227292</swisstopo:routepoint_id>
				</extensions>
			</trkpt>
			<trkpt lat="46.8454933531" lon="8.4550781423">
				<ele>2149.8</ele>
				<time>1970-01-01T01:00:00+01:00</time>
				<extensions>
					<swisstopo:routepoint_id>812865064</swisstopo:routepoint_id>
				</extensions>
			</trkpt>
			<trkpt lat="46.8455245481" lon="8.4550988179">
				<ele>2150.5</ele>
				<time>1970-01-01T01:00:00+01:00</time>
				<extensions>
					<swisstopo:routepoint_id>30054503</swisstopo:routepoint_id>
				</extensions>
			</trkpt>
			<trkpt lat="46.8455481694" lon="8.4551193376">
				<ele>2150.9</ele>
				<time>1970-01-01T01:00:00+01:00</time>
				<extensions>
					<swisstopo:routepoint_id>1221332639</swisstopo:routepoint_id>
				</extensions>
			</trkpt>
			<trkpt lat="46.8455735168" lon="8.4551481631">
				<ele>2151.3</ele>
				<time>1970-01-01T01:00:00+01:00</time>
				<extensions>
					<swisstopo:routepoint_id>2072001194</swisstopo:routepoint_id>
				</extensions>
			</trkpt>
			<trkpt lat="46.8455931081" lon="8.4551756998">
				<ele>2151.6</ele>
				<time>1970-01-01T01:00:00+01:00</time>
				<extensions>
					<swisstopo:routepoint_id>1531607190</swisstopo:routepoint_id>
				</extensions>
			</trkpt>
			<trkpt lat="46.8456076490" lon="8.4552037184">
				<ele>2152.0</ele>
				<time>1970-01-01T01:00:00+01:00</time>
				<extensions>
					<swisstopo:routepoint_id>617669875</swisstopo:routepoint_id>
				</extensions>
			</trkpt>
			<trkpt lat="46.8456227937" lon="8.4552447416">
				<ele>2152.7</ele>
				<time>1970-01-01T01:00:00+01:00</time>
				<extensions>
					<swisstopo:routepoint_id>1879477241</swisstopo:routepoint_id>
				</extensions>
			</trkpt>
			<trkpt lat="46.8456427789" lon="8.4553088800">
				<ele>2153.8</ele>
				<time>1970-01-01T01:00:00+01:00</time>
				<extensions>
					<swisstopo:routepoint_id>910886738</swisstopo:routepoint_id>
				</extensions>
			</trkpt>
			<trkpt lat="46.8456574385" lon="8.4553640675">
				<ele>2154.9</ele>
				<time>1970-01-01T01:00:00+01:00</time>
				<extensions>
					<swisstopo:routepoint_id>35134839</swisstopo:routepoint_id>
				</extensions>
			</trkpt>
			<trkpt lat="46.8456693190" lon="8.4554079793">
				<ele>2155.8</ele>
				<time>1970-01-01T01:00:00+01:00</time>
				<extensions>
					<swisstopo:routepoint_id>687647612</swisstopo:routepoint_id>
				</extensions>
			</trkpt>
			<trkpt lat="46.8456834006" lon="8.4554460323">
				<ele>2156.7</ele>
				<time>1970-01-01T01:00:00+01:00</time>
				<extensions>
					<swisstopo:routepoint_id>303732426</swisstopo:routepoint_id>
				</extensions>
			</trkpt>
			<trkpt lat="46.8457070935" lon="8.4554990177">
				<ele>2157.7</ele>
				<time>1970-01-01T01:00:00+01:00</time>
				<extensions>
					<swisstopo:routepoint_id>584842150</swisstopo:routepoint_id>
				</extensions>
			</trkpt>
			<trkpt lat="46.8457289866" lon="8.4555519820">
				<ele>2158.7</ele>
				<time>1970-01-01T01:00:00+01:00</time>
				<extensions>
					<swisstopo:routepoint_id>1635384890</swisstopo:routepoint_id>
				</extensions>
			</trkpt>
			<trkpt lat="46.8457530394" lon="8.4556049871">
				<ele>2159.6</ele>
				<time>1970-01-01T01:00:00+01:00</time>
				<extensions>
					<swisstopo:routepoint_id>1445300697</swisstopo:routepoint_id>
				</extensions>
			</trkpt>
			<trkpt lat="46.8457650358" lon="8.4556347277">
				<ele>2160.3</ele>
				<time>1970-01-01T01:00:00+01:00</time>
				<extensions>
					<swisstopo:routepoint_id>405372940</swisstopo:routepoint_id>
				</extensions>
			</trkpt>
			<trkpt lat="46.8457786896" lon="8.4556816233">
				<ele>2161.2</ele>
				<time>1970-01-01T01:00:00+01:00</time>
				<extensions>
					<swisstopo:routepoint_id>88366963</swisstopo:routepoint_id>
				</extensions>
			</trkpt>
			<trkpt lat="46.8457954681" lon="8.4557421612">
				<ele>2162.5</ele>
				<time>1970-01-01T01:00:00+01:00</time>
				<extensions>
					<swisstopo:routepoint_id>716715404</swisstopo:routepoint_id>
				</extensions>
			</trkpt>
			<trkpt lat="46.8458108362" lon="8.4557985428">
				<ele>2163.8</ele>
				<time>1970-01-01T01:00:00+01:00</time>
				<extensions>
					<swisstopo:routepoint_id>890571822</swisstopo:routepoint_id>
				</extensions>
			</trkpt>
			<trkpt lat="46.8458273571" lon="8.4558466722">
				<ele>2164.7</ele>
				<time>1970-01-01T01:00:00+01:00</time>
				<extensions>
					<swisstopo:routepoint_id>1857787620</swisstopo:routepoint_id>
				</extensions>
			</trkpt>
			<trkpt lat="46.8458534186" lon="8.4559174293">
				<ele>2166.3</ele>
				<time>1970-01-01T01:00:00+01:00</time>
				<extensions>
					<swisstopo:routepoint_id>1073564938</swisstopo:routepoint_id>
				</extensions>
			</trkpt>
			<trkpt lat="46.8458819475" lon="8.4559941202">
				<ele>2167.6</ele>
				<time>1970-01-01T01:00:00+01:00</time>
				<extensions>
					<swisstopo:routepoint_id>1052748408</swisstopo:routepoint_id>
				</extensions>
			</trkpt>
			<trkpt lat="46.8459185878" lon="8.4560922312">
				<ele>2169.0</ele>
				<time>1970-01-01T01:00:00+01:00</time>
				<extensions>
					<swisstopo:routepoint_id>1357408752</swisstopo:routepoint_id>
				</extensions>
			</trkpt>
			<trkpt lat="46.8459417952" lon="8.4561593810">
				<ele>2170.0</ele>
				<time>1970-01-01T01:00:00+01:00</time>
				<extensions>
					<swisstopo:routepoint_id>2142395092</swisstopo:routepoint_id>
				</extensions>
			</trkpt>
			<trkpt lat="46.8459720996" lon="8.4562396589">
				<ele>2171.4</ele>
				<time>1970-01-01T01:00:00+01:00</time>
				<extensions>
					<swisstopo:routepoint_id>309035449</swisstopo:routepoint_id>
				</extensions>
			</trkpt>
			<trkpt lat="46.8460073598" lon="8.4563300740">
				<ele>2173.0</ele>
				<time>1970-01-01T01:00:00+01:00</time>
				<extensions>
					<swisstopo:routepoint_id>1494946049</swisstopo:routepoint_id>
				</extensions>
			</trkpt>
			<trkpt lat="46.8460298730" lon="8.4563942611">
				<ele>2173.6</ele>
				<time>1970-01-01T01:00:00+01:00</time>
				<extensions>
					<swisstopo:routepoint_id>1214437946</swisstopo:routepoint_id>
				</extensions>
			</trkpt>
			<trkpt lat="46.8460464830" lon="8.4564323625">
				<ele>2174.1</ele>
				<time>1970-01-01T01:00:00+01:00</time>
				<extensions>
					<swisstopo:routepoint_id>738539326</swisstopo:routepoint_id>
				</extensions>
			</trkpt>
			<trkpt lat="46.8460636288" lon="8.4564515805">
				<ele>2174.3</ele>
				<time>1970-01-01T01:00:00+01:00</time>
				<extensions>
					<swisstopo:routepoint_id>1766644494</swisstopo:routepoint_id>
				</extensions>
			</trkpt>
			<trkpt lat="46.8460771549" lon="8.4564713199">
				<ele>2174.3</ele>
				<time>1970-01-01T01:00:00+01:00</time>
				<extensions>
					<swisstopo:routepoint_id>572132958</swisstopo:routepoint_id>
				</extensions>
			</trkpt>
			<trkpt lat="46.8460859920" lon="8.4564921511">
				<ele>2174.5</ele>
				<time>1970-01-01T01:00:00+01:00</time>
				<extensions>
					<swisstopo:routepoint_id>1039345253</swisstopo:routepoint_id>
				</extensions>
			</trkpt>
			<trkpt lat="46.8460960653" lon="8.4565348489">
				<ele>2174.5</ele>
				<time>1970-01-01T01:00:00+01:00</time>
				<extensions>
					<swisstopo:routepoint_id>1192378301</swisstopo:routepoint_id>
				</extensions>
			</trkpt>
			<trkpt lat="46.8461038856" lon="8.4565881248">
				<ele>2174.6</ele>
				<time>1970-01-01T01:00:00+01:00</time>
				<extensions>
					<swisstopo:routepoint_id>888347518</swisstopo:routepoint_id>
				</extensions>
			</trkpt>
			<trkpt lat="46.8461129964" lon="8.4566591391">
				<ele>2175.1</ele>
				<time>1970-01-01T01:00:00+01:00</time>
				<extensions>
					<swisstopo:routepoint_id>645930961</swisstopo:routepoint_id>
				</extensions>
			</trkpt>
			<trkpt lat="46.8461189130" lon="8.4567241927">
				<ele>2175.8</ele>
				<time>1970-01-01T01:00:00+01:00</time>
				<extensions>
					<swisstopo:routepoint_id>603662764</swisstopo:routepoint_id>
				</extensions>
			</trkpt>
			<trkpt lat="46.8461300534" lon="8.4567692712">
				<ele>2176.0</ele>
				<time>1970-01-01T01:00:00+01:00</time>
				<extensions>
					<swisstopo:routepoint_id>192523953</swisstopo:routepoint_id>
				</extensions>
			</trkpt>
			<trkpt lat="46.8461495036" lon="8.4568127366">
				<ele>2176.5</ele>
				<time>1970-01-01T01:00:00+01:00</time>
				<extensions>
					<swisstopo:routepoint_id>620720452</swisstopo:routepoint_id>
				</extensions>
			</trkpt>
			<trkpt lat="46.8461683543" lon="8.4568426206">
				<ele>2177.2</ele>
				<time>1970-01-01T01:00:00+01:00</time>
				<extensions>
					<swisstopo:routepoint_id>582535035</swisstopo:routepoint_id>
				</extensions>
			</trkpt>
			<trkpt lat="46.8461890141" lon="8.4568713452">
				<ele>2177.7</ele>
				<time>1970-01-01T01:00:00+01:00</time>
				<extensions>
					<swisstopo:routepoint_id>1191829628</swisstopo:routepoint_id>
				</extensions>
			</trkpt>
			<trkpt lat="46.8462089966" lon="8.4568953503">
				<ele>2178.2</ele>
				<time>1970-01-01T01:00:00+01:00</time>
				<extensions>
					<swisstopo:routepoint_id>607154311</swisstopo:routepoint_id>
				</extensions>
			</trkpt>
			<trkpt lat="46.8462380334" lon="8.4569147934">
				<ele>2178.8</ele>
				<time>1970-01-01T01:00:00+01:00</time>
				<extensions>
					<swisstopo:routepoint_id>1597776337</swisstopo:routepoint_id>
				</extensions>
			</trkpt>
			<trkpt lat="46.8462545189" lon="8.4569275090">
				<ele>2179.2</ele>
				<time>1970-01-01T01:00:00+01:00</time>
				<extensions>
					<swisstopo:routepoint_id>1199746370</swisstopo:routepoint_id>
				</extensions>
			</trkpt>
			<trkpt lat="46.8462691546" lon="8.4569437296">
				<ele>2179.7</ele>
				<time>1970-01-01T01:00:00+01:00</time>
				<extensions>
					<swisstopo:routepoint_id>1005915377</swisstopo:routepoint_id>
				</extensions>
			</trkpt>
			<trkpt lat="46.8462958026" lon="8.4569891144">
				<ele>2180.7</ele>
				<time>1970-01-01T01:00:00+01:00</time>
				<extensions>
					<swisstopo:routepoint_id>179469210</swisstopo:routepoint_id>
				</extensions>
			</trkpt>
			<trkpt lat="46.8463117498" lon="8.4570207138">
				<ele>2181.2</ele>
				<time>1970-01-01T01:00:00+01:00</time>
				<extensions>
					<swisstopo:routepoint_id>1547017926</swisstopo:routepoint_id>
				</extensions>
			</trkpt>
			<trkpt lat="46.8463278337" lon="8.4570369614">
				<ele>2181.6</ele>
				<time>1970-01-01T01:00:00+01:00</time>
				<extensions>
					<swisstopo:routepoint_id>728585293</swisstopo:routepoint_id>
				</extensions>
			</trkpt>
			<trkpt lat="46.8463507565" lon="8.4570551090">
				<ele>2182.3</ele>
				<time>1970-01-01T01:00:00+01:00</time>
				<extensions>
					<swisstopo:routepoint_id>1662284765</swisstopo:routepoint_id>
				</extensions>
			</trkpt>
			<trkpt lat="46.8463664761" lon="8.4570719400">
				<ele>2182.6</ele>
				<time>1970-01-01T01:00:00+01:00</time>
				<extensions>
					<swisstopo:routepoint_id>378062991</swisstopo:routepoint_id>
				</extensions>
			</trkpt>
			<trkpt lat="46.8463957556" lon="8.4571055615">
				<ele>2183.1</ele>
				<time>1970-01-01T01:00:00+01:00</time>
				<extensions>
					<swisstopo:routepoint_id>1790634114</swisstopo:routepoint_id>
				</extensions>
			</trkpt>
			<trkpt lat="46.8464161824" lon="8.4571201219">
				<ele>2183.3</ele>
				<time>1970-01-01T01:00:00+01:00</time>
				<extensions>
					<swisstopo:routepoint_id>1985307062</swisstopo:routepoint_id>
				</extensions>
			</trkpt>
			<trkpt lat="46.8464309546" lon="8.4571210044">
				<ele>2183.5</ele>
				<time>1970-01-01T01:00:00+01:00</time>
				<extensions>
					<swisstopo:routepoint_id>500378868</swisstopo:routepoint_id>
				</extensions>
			</trkpt>
			<trkpt lat="46.8464498026" lon="8.4571107406">
				<ele>2183.7</ele>
				<time>1970-01-01T01:00:00+01:00</time>
				<extensions>
					<swisstopo:routepoint_id>1078653493</swisstopo:routepoint_id>
				</extensions>
			</trkpt>
			<trkpt lat="46.8464636595" lon="8.4570933019">
				<ele>2183.7</ele>
				<time>1970-01-01T01:00:00+01:00</time>
				<extensions>
					<swisstopo:routepoint_id>743712959</swisstopo:routepoint_id>
				</extensions>
			</trkpt>
			<trkpt lat="46.8464900049" lon="8.4570513054">
				<ele>2183.2</ele>
				<time>1970-01-01T01:00:00+01:00</time>
				<extensions>
					<swisstopo:routepoint_id>2009946350</swisstopo:routepoint_id>
				</extensions>
			</trkpt>
			<trkpt lat="46.8465068589" lon="8.4570215200">
				<ele>2183.1</ele>
				<time>1970-01-01T01:00:00+01:00</time>
				<extensions>
					<swisstopo:routepoint_id>927957146</swisstopo:routepoint_id>
				</extensions>
			</trkpt>
			<trkpt lat="46.8465275536" lon="8.4570059808">
				<ele>2183.3</ele>
				<time>1970-01-01T01:00:00+01:00</time>
				<extensions>
					<swisstopo:routepoint_id>1717979770</swisstopo:routepoint_id>
				</extensions>
			</trkpt>
			<trkpt lat="46.8465562128" lon="8.4569870519">
				<ele>2184.0</ele>
				<time>1970-01-01T01:00:00+01:00</time>
				<extensions>
					<swisstopo:routepoint_id>1875785203</swisstopo:routepoint_id>
				</extensions>
			</trkpt>
			<trkpt lat="46.8465699426" lon="8.4569837716">
				<ele>2184.3</ele>
				<time>1970-01-01T01:00:00+01:00</time>
				<extensions>
					<swisstopo:routepoint_id>642304988</swisstopo:routepoint_id>
				</extensions>
			</trkpt>
			<trkpt lat="46.8465838381" lon="8.4570023383">
				<ele>2184.6</ele>
				<time>1970-01-01T01:00:00+01:00</time>
				<extensions>
					<swisstopo:routepoint_id>1846677721</swisstopo:routepoint_id>
				</extensions>
			</trkpt>
			<trkpt lat="46.8465899384" lon="8.4570467316">
				<ele>2185.2</ele>
				<time>1970-01-01T01:00:00+01:00</time>
				<extensions>
					<swisstopo:routepoint_id>574266193</swisstopo:routepoint_id>
				</extensions>
			</trkpt>
			<trkpt lat="46.8466002806" lon="8.4571006593">
				<ele>2186.1</ele>
				<time>1970-01-01T01:00:00+01:00</time>
				<extensions>
					<swisstopo:routepoint_id>1831269088</swisstopo:routepoint_id>
				</extensions>
			</trkpt>
			<trkpt lat="46.8466117547" lon="8.4571486944">
				<ele>2186.8</ele>
				<time>1970-01-01T01:00:00+01:00</time>
				<extensions>
					<swisstopo:routepoint_id>393414292</swisstopo:routepoint_id>
				</extensions>
			</trkpt>
			<trkpt lat="46.8466325574" lon="8.4572028068">
				<ele>2187.5</ele>
				<time>1970-01-01T01:00:00+01:00</time>
				<extensions>
					<swisstopo:routepoint_id>588715537</swisstopo:routepoint_id>
				</extensions>
			</trkpt>
			<trkpt lat="46.8466473639" lon="8.4572402849">
				<ele>2188.1</ele>
				<time>1970-01-01T01:00:00+01:00</time>
				<extensions>
					<swisstopo:routepoint_id>695823565</swisstopo:routepoint_id>
				</extensions>
			</trkpt>
			<trkpt lat="46.8466556736" lon="8.4572800001">
				<ele>2188.7</ele>
				<time>1970-01-01T01:00:00+01:00</time>
				<extensions>
					<swisstopo:routepoint_id>25210509</swisstopo:routepoint_id>
				</extensions>
			</trkpt>
			<trkpt lat="46.8466684976" lon="8.4573381047">
				<ele>2189.8</ele>
				<time>1970-01-01T01:00:00+01:00</time>
				<extensions>
					<swisstopo:routepoint_id>21127728</swisstopo:routepoint_id>
				</extensions>
			</trkpt>
			<trkpt lat="46.8466792630" lon="8.4573849468">
				<ele>2190.5</ele>
				<time>1970-01-01T01:00:00+01:00</time>
				<extensions>
					<swisstopo:routepoint_id>1148177972</swisstopo:routepoint_id>
				</extensions>
			</trkpt>
			<trkpt lat="46.8466912328" lon="8.4574176377">
				<ele>2190.9</ele>
				<time>1970-01-01T01:00:00+01:00</time>
				<extensions>
					<swisstopo:routepoint_id>13566140</swisstopo:routepoint_id>
				</extensions>
			</trkpt>
			<trkpt lat="46.8467096717" lon="8.4574534149">
				<ele>2191.3</ele>
				<time>1970-01-01T01:00:00+01:00</time>
				<extensions>
					<swisstopo:routepoint_id>1132242346</swisstopo:routepoint_id>
				</extensions>
			</trkpt>
			<trkpt lat="46.8467338066" lon="8.4574969829">
				<ele>2192.0</ele>
				<time>1970-01-01T01:00:00+01:00</time>
				<extensions>
					<swisstopo:routepoint_id>2139566906</swisstopo:routepoint_id>
				</extensions>
			</trkpt>
			<trkpt lat="46.8467612104" lon="8.4575382396">
				<ele>2193.1</ele>
				<time>1970-01-01T01:00:00+01:00</time>
				<extensions>
					<swisstopo:routepoint_id>1748722582</swisstopo:routepoint_id>
				</extensions>
			</trkpt>
			<trkpt lat="46.8467777838" lon="8.4575672156">
				<ele>2193.7</ele>
				<time>1970-01-01T01:00:00+01:00</time>
				<extensions>
					<swisstopo:routepoint_id>1418307126</swisstopo:routepoint_id>
				</extensions>
			</trkpt>
			<trkpt lat="46.8467915119" lon="8.4576045555">
				<ele>2194.5</ele>
				<time>1970-01-01T01:00:00+01:00</time>
				<extensions>
					<swisstopo:routepoint_id>1800212092</swisstopo:routepoint_id>
				</extensions>
			</trkpt>
			<trkpt lat="46.8468095562" lon="8.4576451894">
				<ele>2195.4</ele>
				<time>1970-01-01T01:00:00+01:00</time>
				<extensions>
					<swisstopo:routepoint_id>277330084</swisstopo:routepoint_id>
				</extensions>
			</trkpt>
			<trkpt lat="46.8468280657" lon="8.4576890576">
				<ele>2196.6</ele>
				<time>1970-01-01T01:00:00+01:00</time>
				<extensions>
					<swisstopo:routepoint_id>664668093</swisstopo:routepoint_id>
				</extensions>
			</trkpt>
			<trkpt lat="46.8468458963" lon="8.4577587168">
				<ele>2197.9</ele>
				<time>1970-01-01T01:00:00+01:00</time>
				<extensions>
					<swisstopo:routepoint_id>1168954935</swisstopo:routepoint_id>
				</extensions>
			</trkpt>
			<trkpt lat="46.8468570809" lon="8.4578129621">
				<ele>2198.6</ele>
				<time>1970-01-01T01:00:00+01:00</time>
				<extensions>
					<swisstopo:routepoint_id>1085434826</swisstopo:routepoint_id>
				</extensions>
			</trkpt>
			<trkpt lat="46.8468764155" lon="8.4578753993">
				<ele>2199.3</ele>
				<time>1970-01-01T01:00:00+01:00</time>
				<extensions>
					<swisstopo:routepoint_id>1824461351</swisstopo:routepoint_id>
				</extensions>
			</trkpt>
			<trkpt lat="46.8469040568" lon="8.4579242527">
				<ele>2199.6</ele>
				<time>1970-01-01T01:00:00+01:00</time>
				<extensions>
					<swisstopo:routepoint_id>2025167771</swisstopo:routepoint_id>
				</extensions>
			</trkpt>
			<trkpt lat="46.8469442731" lon="8.4579692792">
				<ele>2199.7</ele>
				<time>1970-01-01T01:00:00+01:00</time>
				<extensions>
					<swisstopo:routepoint_id>711980621</swisstopo:routepoint_id>
				</extensions>
			</trkpt>
			<trkpt lat="46.8469591163" lon="8.4579864745">
				<ele>2199.7</ele>
				<time>1970-01-01T01:00:00+01:00</time>
				<extensions>
					<swisstopo:routepoint_id>1241594102</swisstopo:routepoint_id>
				</extensions>
			</trkpt>
			<trkpt lat="46.8469868549" lon="8.4580224278">
				<ele>2199.8</ele>
				<time>1970-01-01T01:00:00+01:00</time>
				<extensions>
					<swisstopo:routepoint_id>637916165</swisstopo:routepoint_id>
				</extensions>
			</trkpt>
			<trkpt lat="46.8470306467" lon="8.4580417054">
				<ele>2199.7</ele>
				<time>1970-01-01T01:00:00+01:00</time>
				<extensions>
					<swisstopo:routepoint_id>150696347</swisstopo:routepoint_id>
				</extensions>
			</trkpt>
			<trkpt lat="46.8470811690" lon="8.4580659355">
				<ele>2200.3</ele>
				<time>1970-01-01T01:00:00+01:00</time>
				<extensions>
					<swisstopo:routepoint_id>1173216837</swisstopo:routepoint_id>
				</extensions>
			</trkpt>
			<trkpt lat="46.8471153023" lon="8.4580858562">
				<ele>2200.5</ele>
				<time>1970-01-01T01:00:00+01:00</time>
				<extensions>
					<swisstopo:routepoint_id>134161147</swisstopo:routepoint_id>
				</extensions>
			</trkpt>
			<trkpt lat="46.8471550476" lon="8.4581292615">
				<ele>2200.5</ele>
				<time>1970-01-01T01:00:00+01:00</time>
				<extensions>
					<swisstopo:routepoint_id>285652158</swisstopo:routepoint_id>
				</extensions>
			</trkpt>
			<trkpt lat="46.8472014749" lon="8.4581848957">
				<ele>2201.4</ele>
				<time>1970-01-01T01:00:00+01:00</time>
				<extensions>
					<swisstopo:routepoint_id>2018785697</swisstopo:routepoint_id>
				</extensions>
			</trkpt>
			<trkpt lat="46.8472200387" lon="8.4582206887">
				<ele>2201.5</ele>
				<time>1970-01-01T01:00:00+01:00</time>
				<extensions>
					<swisstopo:routepoint_id>1301519009</swisstopo:routepoint_id>
				</extensions>
			</trkpt>
			<trkpt lat="46.8472447699" lon="8.4582711132">
				<ele>2201.8</ele>
				<time>1970-01-01T01:00:00+01:00</time>
				<extensions>
					<swisstopo:routepoint_id>958519548</swisstopo:routepoint_id>
				</extensions>
			</trkpt>
			<trkpt lat="46.8472758344" lon="8.4583143807">
				<ele>2202.1</ele>
				<time>1970-01-01T01:00:00+01:00</time>
				<extensions>
					<swisstopo:routepoint_id>1453263429</swisstopo:routepoint_id>
				</extensions>
			</trkpt>
			<trkpt lat="46.8473006204" lon="8.4583575558">
				<ele>2202.6</ele>
				<time>1970-01-01T01:00:00+01:00</time>
				<extensions>
					<swisstopo:routepoint_id>2133034304</swisstopo:routepoint_id>
				</extensions>
			</trkpt>
			<trkpt lat="46.8473342827" lon="8.4584403915">
				<ele>2204.2</ele>
				<time>1970-01-01T01:00:00+01:00</time>
				<extensions>
					<swisstopo:routepoint_id>1135445522</swisstopo:routepoint_id>
				</extensions>
			</trkpt>
			<trkpt lat="46.8473608382" lon="8.4585061786">
				<ele>2205.5</ele>
				<time>1970-01-01T01:00:00+01:00</time>
				<extensions>
					<swisstopo:routepoint_id>368203782</swisstopo:routepoint_id>
				</extensions>
			</trkpt>
			<trkpt lat="46.8473916794" lon="8.4585784850">
				<ele>2206.9</ele>
				<time>1970-01-01T01:00:00+01:00</time>
				<extensions>
					<swisstopo:routepoint_id>567587808</swisstopo:routepoint_id>
				</extensions>
			</trkpt>
			<trkpt lat="46.8474106119" lon="8.4586304261">
				<ele>2207.3</ele>
				<time>1970-01-01T01:00:00+01:00</time>
				<extensions>
					<swisstopo:routepoint_id>1695129241</swisstopo:routepoint_id>
				</extensions>
			</trkpt>
			<trkpt lat="46.8474179700" lon="8.4586789485">
				<ele>2208.0</ele>
				<time>1970-01-01T01:00:00+01:00</time>
				<extensions>
					<swisstopo:routepoint_id>11644369</swisstopo:routepoint_id>
				</extensions>
			</trkpt>
			<trkpt lat="46.8474200642" lon="8.4587225453">
				<ele>2208.6</ele>
				<time>1970-01-01T01:00:00+01:00</time>
				<extensions>
					<swisstopo:routepoint_id>1036369030</swisstopo:routepoint_id>
				</extensions>
			</trkpt>
			<trkpt lat="46.8474303270" lon="8.4587711227">
				<ele>2209.5</ele>
				<time>1970-01-01T01:00:00+01:00</time>
				<extensions>
					<swisstopo:routepoint_id>1156094714</swisstopo:routepoint_id>
				</extensions>
			</trkpt>
			<trkpt lat="46.8474352816" lon="8.4588188001">
				<ele>2210.0</ele>
				<time>1970-01-01T01:00:00+01:00</time>
				<extensions>
					<swisstopo:routepoint_id>412327206</swisstopo:routepoint_id>
				</extensions>
			</trkpt>
			<trkpt lat="46.8474302155" lon="8.4588501722">
				<ele>2210.5</ele>
				<time>1970-01-01T01:00:00+01:00</time>
				<extensions>
					<swisstopo:routepoint_id>1861418868</swisstopo:routepoint_id>
				</extensions>
			</trkpt>
			<trkpt lat="46.8474213341" lon="8.4588766478">
				<ele>2211.1</ele>
				<time>1970-01-01T01:00:00+01:00</time>
				<extensions>
					<swisstopo:routepoint_id>339354814</swisstopo:routepoint_id>
				</extensions>
			</trkpt>
			<trkpt lat="46.8473912614" lon="8.4588947093">
				<ele>2212.0</ele>
				<time>1970-01-01T01:00:00+01:00</time>
				<extensions>
					<swisstopo:routepoint_id>1471392498</swisstopo:routepoint_id>
				</extensions>
			</trkpt>
			<trkpt lat="46.8473660593" lon="8.4589071996">
				<ele>2212.5</ele>
				<time>1970-01-01T01:00:00+01:00</time>
				<extensions>
					<swisstopo:routepoint_id>753639033</swisstopo:routepoint_id>
				</extensions>
			</trkpt>
			<trkpt lat="46.8473533661" lon="8.4589263515">
				<ele>2212.8</ele>
				<time>1970-01-01T01:00:00+01:00</time>
				<extensions>
					<swisstopo:routepoint_id>631257157</swisstopo:routepoint_id>
				</extensions>
			</trkpt>
			<trkpt lat="46.8473308393" lon="8.4589687351">
				<ele>2213.4</ele>
				<time>1970-01-01T01:00:00+01:00</time>
				<extensions>
					<swisstopo:routepoint_id>1339378905</swisstopo:routepoint_id>
				</extensions>
			</trkpt>
			<trkpt lat="46.8473053699" lon="8.4590183262">
				<ele>2214.0</ele>
				<time>1970-01-01T01:00:00+01:00</time>
				<extensions>
					<swisstopo:routepoint_id>987690389</swisstopo:routepoint_id>
				</extensions>
			</trkpt>
			<trkpt lat="46.8472726098" lon="8.4590734571">
				<ele>2214.7</ele>
				<time>1970-01-01T01:00:00+01:00</time>
				<extensions>
					<swisstopo:routepoint_id>1291270811</swisstopo:routepoint_id>
				</extensions>
			</trkpt>
			<trkpt lat="46.8472485931" lon="8.4591214630">
				<ele>2215.3</ele>
				<time>1970-01-01T01:00:00+01:00</time>
				<extensions>
					<swisstopo:routepoint_id>373454205</swisstopo:routepoint_id>
				</extensions>
			</trkpt>
			<trkpt lat="46.8472268640" lon="8.4591864399">
				<ele>2216.0</ele>
				<time>1970-01-01T01:00:00+01:00</time>
				<extensions>
					<swisstopo:routepoint_id>582867249</swisstopo:routepoint_id>
				</extensions>
			</trkpt>
			<trkpt lat="46.8472167700" lon="8.4592459730">
				<ele>2216.7</ele>
				<time>1970-01-01T01:00:00+01:00</time>
				<extensions>
					<swisstopo:routepoint_id>1387251606</swisstopo:routepoint_id>
				</extensions>
			</trkpt>
			<trkpt lat="46.8472187864" lon="8.4592992461">
				<ele>2217.3</ele>
				<time>1970-01-01T01:00:00+01:00</time>
				<extensions>
					<swisstopo:routepoint_id>561284273</swisstopo:routepoint_id>
				</extensions>
			</trkpt>
			<trkpt lat="46.8472177952" lon="8.4593670017">
				<ele>2218.3</ele>
				<time>1970-01-01T01:00:00+01:00</time>
				<extensions>
					<swisstopo:routepoint_id>68377265</swisstopo:routepoint_id>
				</extensions>
			</trkpt>
			<trkpt lat="46.8472128342" lon="8.4594500107">
				<ele>2219.6</ele>
				<time>1970-01-01T01:00:00+01:00</time>
				<extensions>
					<swisstopo:routepoint_id>503755018</swisstopo:routepoint_id>
				</extensions>
			</trkpt>
			<trkpt lat="46.8472012775" lon="8.4595111293">
				<ele>2220.3</ele>
				<time>1970-01-01T01:00:00+01:00</time>
				<extensions>
					<swisstopo:routepoint_id>2012527837</swisstopo:routepoint_id>
				</extensions>
			</trkpt>
			<trkpt lat="46.8471790988" lon="8.4595720720">
				<ele>2220.9</ele>
				<time>1970-01-01T01:00:00+01:00</time>
				<extensions>
					<swisstopo:routepoint_id>1301914787</swisstopo:routepoint_id>
				</extensions>
			</trkpt>
			<trkpt lat="46.8471544801" lon="8.4596361936">
				<ele>2221.7</ele>
				<time>1970-01-01T01:00:00+01:00</time>
				<extensions>
					<swisstopo:routepoint_id>980125786</swisstopo:routepoint_id>
				</extensions>
			</trkpt>
			<trkpt lat="46.8471332691" lon="8.4596963551">
				<ele>2222.5</ele>
				<time>1970-01-01T01:00:00+01:00</time>
				<extensions>
					<swisstopo:routepoint_id>1474616258</swisstopo:routepoint_id>
				</extensions>
			</trkpt>
			<trkpt lat="46.8471188214" lon="8.4597558053">
				<ele>2223.3</ele>
				<time>1970-01-01T01:00:00+01:00</time>
				<extensions>
					<swisstopo:routepoint_id>565522268</swisstopo:routepoint_id>
				</extensions>
			</trkpt>
			<trkpt lat="46.8470994429" lon="8.4598305162">
				<ele>2224.8</ele>
				<time>1970-01-01T01:00:00+01:00</time>
				<extensions>
					<swisstopo:routepoint_id>1315968353</swisstopo:routepoint_id>
				</extensions>
			</trkpt>
			<trkpt lat="46.8470811630" lon="8.4598858683">
				<ele>2225.7</ele>
				<time>1970-01-01T01:00:00+01:00</time>
				<extensions>
					<swisstopo:routepoint_id>1970557673</swisstopo:routepoint_id>
				</extensions>
			</trkpt>
			<trkpt lat="46.8470459091" lon="8.4599522535">
				<ele>2227.1</ele>
				<time>1970-01-01T01:00:00+01:00</time>
				<extensions>
					<swisstopo:routepoint_id>1085059646</swisstopo:routepoint_id>
				</extensions>
			</trkpt>
			<trkpt lat="46.8470127861" lon="8.4599904227">
				<ele>2228.2</ele>
				<time>1970-01-01T01:00:00+01:00</time>
				<extensions>
					<swisstopo:routepoint_id>1565446496</swisstopo:routepoint_id>
				</extensions>
			</trkpt>
			<trkpt lat="46.8469687171" lon="8.4600082452">
				<ele>2229.4</ele>
				<time>1970-01-01T01:00:00+01:00</time>
				<extensions>
					<swisstopo:routepoint_id>1587799929</swisstopo:routepoint_id>
				</extensions>
			</trkpt>
			<trkpt lat="46.8469259714" lon="8.4600430323">
				<ele>2230.5</ele>
				<time>1970-01-01T01:00:00+01:00</time>
				<extensions>
					<swisstopo:routepoint_id>356559413</swisstopo:routepoint_id>
				</extensions>
			</trkpt>
			<trkpt lat="46.8468711770" lon="8.4600752050">
				<ele>2231.8</ele>
				<time>1970-01-01T01:00:00+01:00</time>
				<extensions>
					<swisstopo:routepoint_id>1678702426</swisstopo:routepoint_id>
				</extensions>
			</trkpt>
			<trkpt lat="46.8468391567" lon="8.4600956416">
				<ele>2232.8</ele>
				<time>1970-01-01T01:00:00+01:00</time>
				<extensions>
					<swisstopo:routepoint_id>539034526</swisstopo:routepoint_id>
				</extensions>
			</trkpt>
			<trkpt lat="46.8468162274" lon="8.4601267271">
				<ele>2233.6</ele>
				<time>1970-01-01T01:00:00+01:00</time>
				<extensions>
					<swisstopo:routepoint_id>1746800811</swisstopo:routepoint_id>
				</extensions>
			</trkpt>
			<trkpt lat="46.8468044415" lon="8.4601539594">
				<ele>2234.1</ele>
				<time>1970-01-01T01:00:00+01:00</time>
				<extensions>
					<swisstopo:routepoint_id>1322433810</swisstopo:routepoint_id>
				</extensions>
			</trkpt>
			<trkpt lat="46.8467944287" lon="8.4602013915">
				<ele>2235.0</ele>
				<time>1970-01-01T01:00:00+01:00</time>
				<extensions>
					<swisstopo:routepoint_id>816739900</swisstopo:routepoint_id>
				</extensions>
			</trkpt>
			<trkpt lat="46.8467959465" lon="8.4602570796">
				<ele>2235.7</ele>
				<time>1970-01-01T01:00:00+01:00</time>
				<extensions>
					<swisstopo:routepoint_id>1088418355</swisstopo:routepoint_id>
				</extensions>
			</trkpt>
			<trkpt lat="46.8467902084" lon="8.4603142690">
				<ele>2236.2</ele>
				<time>1970-01-01T01:00:00+01:00</time>
				<extensions>
					<swisstopo:routepoint_id>1107779834</swisstopo:routepoint_id>
				</extensions>
			</trkpt>
			<trkpt lat="46.8467780971" lon="8.4603850526">
				<ele>2237.0</ele>
				<time>1970-01-01T01:00:00+01:00</time>
				<extensions>
					<swisstopo:routepoint_id>1855581305</swisstopo:routepoint_id>
				</extensions>
			</trkpt>
			<trkpt lat="46.8467591114" lon="8.4604710589">
				<ele>2238.5</ele>
				<time>1970-01-01T01:00:00+01:00</time>
				<extensions>
					<swisstopo:routepoint_id>132013593</swisstopo:routepoint_id>
				</extensions>
			</trkpt>
			<trkpt lat="46.8467504635" lon="8.4605298064">
				<ele>2239.5</ele>
				<time>1970-01-01T01:00:00+01:00</time>
				<extensions>
					<swisstopo:routepoint_id>1913432292</swisstopo:routepoint_id>
				</extensions>
			</trkpt>
			<trkpt lat="46.8467441913" lon="8.4605934230">
				<ele>2240.6</ele>
				<time>1970-01-01T01:00:00+01:00</time>
				<extensions>
					<swisstopo:routepoint_id>1487469993</swisstopo:routepoint_id>
				</extensions>
			</trkpt>
			<trkpt lat="46.8467418420" lon="8.4607144002">
				<ele>2242.3</ele>
				<time>1970-01-01T01:00:00+01:00</time>
				<extensions>
					<swisstopo:routepoint_id>965924700</swisstopo:routepoint_id>
				</extensions>
			</trkpt>
			<trkpt lat="46.8467323291" lon="8.4608255645">
				<ele>2243.9</ele>
				<time>1970-01-01T01:00:00+01:00</time>
				<extensions>
					<swisstopo:routepoint_id>404823140</swisstopo:routepoint_id>
				</extensions>
			</trkpt>
			<trkpt lat="46.8467264608" lon="8.4609004911">
				<ele>2245.0</ele>
				<time>1970-01-01T01:00:00+01:00</time>
				<extensions>
					<swisstopo:routepoint_id>2051502853</swisstopo:routepoint_id>
				</extensions>
			</trkpt>
			<trkpt lat="46.8467163433" lon="8.4609624356">
				<ele>2246.2</ele>
				<time>1970-01-01T01:00:00+01:00</time>
				<extensions>
					<swisstopo:routepoint_id>1959653580</swisstopo:routepoint_id>
				</extensions>
			</trkpt>
			<trkpt lat="46.8467029083" lon="8.4610162663">
				<ele>2247.1</ele>
				<time>1970-01-01T01:00:00+01:00</time>
				<extensions>
					<swisstopo:routepoint_id>514489983</swisstopo:routepoint_id>
				</extensions>
			</trkpt>
			<trkpt lat="46.8466938226" lon="8.4610685535">
				<ele>2247.8</ele>
				<time>1970-01-01T01:00:00+01:00</time>
				<extensions>
					<swisstopo:routepoint_id>883496588</swisstopo:routepoint_id>
				</extensions>
			</trkpt>
			<trkpt lat="46.8466899973" lon="8.4611281791">
				<ele>2248.5</ele>
				<time>1970-01-01T01:00:00+01:00</time>
				<extensions>
					<swisstopo:routepoint_id>696240084</swisstopo:routepoint_id>
				</extensions>
			</trkpt>
			<trkpt lat="46.8466828595" lon="8.4611788906">
				<ele>2249.2</ele>
				<time>1970-01-01T01:00:00+01:00</time>
				<extensions>
					<swisstopo:routepoint_id>913946126</swisstopo:routepoint_id>
				</extensions>
			</trkpt>
			<trkpt lat="46.8466637019" lon="8.4612237487">
				<ele>2250.0</ele>
				<time>1970-01-01T01:00:00+01:00</time>
				<extensions>
					<swisstopo:routepoint_id>1671112880</swisstopo:routepoint_id>
				</extensions>
			</trkpt>
			<trkpt lat="46.8466522538" lon="8.4612695407">
				<ele>2250.6</ele>
				<time>1970-01-01T01:00:00+01:00</time>
				<extensions>
					<swisstopo:routepoint_id>537911579</swisstopo:routepoint_id>
				</extensions>
			</trkpt>
			<trkpt lat="46.8466335800" lon="8.4613135949">
				<ele>2251.3</ele>
				<time>1970-01-01T01:00:00+01:00</time>
				<extensions>
					<swisstopo:routepoint_id>736392519</swisstopo:routepoint_id>
				</extensions>
			</trkpt>
			<trkpt lat="46.8466066251" lon="8.4613672078">
				<ele>2252.2</ele>
				<time>1970-01-01T01:00:00+01:00</time>
				<extensions>
					<swisstopo:routepoint_id>1811641081</swisstopo:routepoint_id>
				</extensions>
			</trkpt>
			<trkpt lat="46.8465709664" lon="8.4614222687">
				<ele>2253.8</ele>
				<time>1970-01-01T01:00:00+01:00</time>
				<extensions>
					<swisstopo:routepoint_id>1651542232</swisstopo:routepoint_id>
				</extensions>
			</trkpt>
			<trkpt lat="46.8465348640" lon="8.4614716952">
				<ele>2255.4</ele>
				<time>1970-01-01T01:00:00+01:00</time>
				<extensions>
					<swisstopo:routepoint_id>1627946270</swisstopo:routepoint_id>
				</extensions>
			</trkpt>
			<trkpt lat="46.8464925554" lon="8.4615129409">
				<ele>2257.1</ele>
				<time>1970-01-01T01:00:00+01:00</time>
				<extensions>
					<swisstopo:routepoint_id>1898005505</swisstopo:routepoint_id>
				</extensions>
			</trkpt>
			<trkpt lat="46.8464454712" lon="8.4615460451">
				<ele>2258.7</ele>
				<time>1970-01-01T01:00:00+01:00</time>
				<extensions>
					<swisstopo:routepoint_id>382757744</swisstopo:routepoint_id>
				</extensions>
			</trkpt>
			<trkpt lat="46.8464081239" lon="8.4615696181">
				<ele>2259.9</ele>
				<time>1970-01-01T01:00:00+01:00</time>
				<extensions>
					<swisstopo:routepoint_id>728500233</swisstopo:routepoint_id>
				</extensions>
			</trkpt>
			<trkpt lat="46.8463577618" lon="8.4615889577">
				<ele>2261.1</ele>
				<time>1970-01-01T01:00:00+01:00</time>
				<extensions>
					<swisstopo:routepoint_id>2034227717</swisstopo:routepoint_id>
				</extensions>
			</trkpt>
			<trkpt lat="46.8463084323" lon="8.4615994274">
				<ele>2262.4</ele>
				<time>1970-01-01T01:00:00+01:00</time>
				<extensions>
					<swisstopo:routepoint_id>1048765403</swisstopo:routepoint_id>
				</extensions>
			</trkpt>
			<trkpt lat="46.8462798161" lon="8.4616175156">
				<ele>2263.1</ele>
				<time>1970-01-01T01:00:00+01:00</time>
				<extensions>
					<swisstopo:routepoint_id>757242250</swisstopo:routepoint_id>
				</extensions>
			</trkpt>
			<trkpt lat="46.8462535612" lon="8.4616420859">
				<ele>2263.9</ele>
				<time>1970-01-01T01:00:00+01:00</time>
				<extensions>
					<swisstopo:routepoint_id>356268616</swisstopo:routepoint_id>
				</extensions>
			</trkpt>
			<trkpt lat="46.8462231684" lon="8.4617028843">
				<ele>2265.7</ele>
				<time>1970-01-01T01:00:00+01:00</time>
				<extensions>
					<swisstopo:routepoint_id>1869778274</swisstopo:routepoint_id>
				</extensions>
			</trkpt>
			<trkpt lat="46.8461999838" lon="8.4617694566">
				<ele>2267.4</ele>
				<time>1970-01-01T01:00:00+01:00</time>
				<extensions>
					<swisstopo:routepoint_id>658382455</swisstopo:routepoint_id>
				</extensions>
			</trkpt>
			<trkpt lat="46.8461873717" lon="8.4618418557">
				<ele>2269.1</ele>
				<time>1970-01-01T01:00:00+01:00</time>
				<extensions>
					<swisstopo:routepoint_id>214653975</swisstopo:routepoint_id>
				</extensions>
			</trkpt>
			<trkpt lat="46.8461935161" lon="8.4618588990">
				<ele>2269.5</ele>
				<time>1970-01-01T01:00:00+01:00</time>
				<extensions>
					<swisstopo:routepoint_id>1108642243</swisstopo:routepoint_id>
				</extensions>
			</trkpt>
			<trkpt lat="46.8462156969" lon="8.4618632939">
				<ele>2269.9</ele>
				<time>1970-01-01T01:00:00+01:00</time>
				<extensions>
					<swisstopo:routepoint_id>956404762</swisstopo:routepoint_id>
				</extensions>
			</trkpt>
			<trkpt lat="46.8462469757" lon="8.4618775378">
				<ele>2270.5</ele>
				<time>1970-01-01T01:00:00+01:00</time>
				<extensions>
					<swisstopo:routepoint_id>1341831190</swisstopo:routepoint_id>
				</extensions>
			</trkpt>
			<trkpt lat="46.8462885705" lon="8.4618677336">
				<ele>2271.2</ele>
				<time>1970-01-01T01:00:00+01:00</time>
				<extensions>
					<swisstopo:routepoint_id>368111311</swisstopo:routepoint_id>
				</extensions>
			</trkpt>
			<trkpt lat="46.8463175752" lon="8.4618625685">
				<ele>2271.9</ele>
				<time>1970-01-01T01:00:00+01:00</time>
				<extensions>
					<swisstopo:routepoint_id>1313572541</swisstopo:routepoint_id>
				</extensions>
			</trkpt>
			<trkpt lat="46.8462958805" lon="8.4619235185">
				<ele>2273.0</ele>
				<time>1970-01-01T01:00:00+01:00</time>
				<extensions>
					<swisstopo:routepoint_id>1508609151</swisstopo:routepoint_id>
				</extensions>
			</trkpt>
			<trkpt lat="46.8462689528" lon="8.4619730796">
				<ele>2274.1</ele>
				<time>1970-01-01T01:00:00+01:00</time>
				<extensions>
					<swisstopo:routepoint_id>1583450788</swisstopo:routepoint_id>
				</extensions>
			</trkpt>
			<trkpt lat="46.8462189931" lon="8.4620690641">
				<ele>2276.4</ele>
				<time>1970-01-01T01:00:00+01:00</time>
				<extensions>
					<swisstopo:routepoint_id>1153754768</swisstopo:routepoint_id>
				</extensions>
			</trkpt>
			<trkpt lat="46.8461855376" lon="8.4621524083">
				<ele>2278.4</ele>
				<time>1970-01-01T01:00:00+01:00</time>
				<extensions>
					<swisstopo:routepoint_id>2037816805</swisstopo:routepoint_id>
				</extensions>
			</trkpt>
			<trkpt lat="46.8461766260" lon="8.4621821073">
				<ele>2279.2</ele>
				<time>1970-01-01T01:00:00+01:00</time>
				<extensions>
					<swisstopo:routepoint_id>1168006265</swisstopo:routepoint_id>
				</extensions>
			</trkpt>
			<trkpt lat="46.8462099065" lon="8.4621866862">
				<ele>2280.0</ele>
				<time>1970-01-01T01:00:00+01:00</time>
				<extensions>
					<swisstopo:routepoint_id>1263413496</swisstopo:routepoint_id>
				</extensions>
			</trkpt>
			<trkpt lat="46.8462528755" lon="8.4621873983">
				<ele>2281.1</ele>
				<time>1970-01-01T01:00:00+01:00</time>
				<extensions>
					<swisstopo:routepoint_id>1748027505</swisstopo:routepoint_id>
				</extensions>
			</trkpt>
			<trkpt lat="46.8462876458" lon="8.4621863684">
				<ele>2282.2</ele>
				<time>1970-01-01T01:00:00+01:00</time>
				<extensions>
					<swisstopo:routepoint_id>1359867356</swisstopo:routepoint_id>
				</extensions>
			</trkpt>
			<trkpt lat="46.8462595864" lon="8.4622576992">
				<ele>2283.7</ele>
				<time>1970-01-01T01:00:00+01:00</time>
				<extensions>
					<swisstopo:routepoint_id>158328504</swisstopo:routepoint_id>
				</extensions>
			</trkpt>
			<trkpt lat="46.8462389168" lon="8.4623105921">
				<ele>2284.7</ele>
				<time>1970-01-01T01:00:00+01:00</time>
				<extensions>
					<swisstopo:routepoint_id>177553607</swisstopo:routepoint_id>
				</extensions>
			</trkpt>
			<trkpt lat="46.8462246769" lon="8.4623426282">
				<ele>2285.3</ele>
				<time>1970-01-01T01:00:00+01:00</time>
				<extensions>
					<swisstopo:routepoint_id>2006955447</swisstopo:routepoint_id>
				</extensions>
			</trkpt>
			<trkpt lat="46.8462122448" lon="8.4623908265">
				<ele>2286.1</ele>
				<time>1970-01-01T01:00:00+01:00</time>
				<extensions>
					<swisstopo:routepoint_id>1033852995</swisstopo:routepoint_id>
				</extensions>
			</trkpt>
			<trkpt lat="46.8462008319" lon="8.4624317793">
				<ele>2286.6</ele>
				<time>1970-01-01T01:00:00+01:00</time>
				<extensions>
					<swisstopo:routepoint_id>1255929897</swisstopo:routepoint_id>
				</extensions>
			</trkpt>
			<trkpt lat="46.8461817635" lon="8.4624645366">
				<ele>2287.0</ele>
				<time>1970-01-01T01:00:00+01:00</time>
				<extensions>
					<swisstopo:routepoint_id>2061119224</swisstopo:routepoint_id>
				</extensions>
			</trkpt>
			<trkpt lat="46.8461589160" lon="8.4624843201">
				<ele>2287.0</ele>
				<time>1970-01-01T01:00:00+01:00</time>
				<extensions>
					<swisstopo:routepoint_id>1268784488</swisstopo:routepoint_id>
				</extensions>
			</trkpt>
			<trkpt lat="46.8461351979" lon="8.4624927984">
				<ele>2287.3</ele>
				<time>1970-01-01T01:00:00+01:00</time>
				<extensions>
					<swisstopo:routepoint_id>899446037</swisstopo:routepoint_id>
				</extensions>
			</trkpt>
			<trkpt lat="46.8461173345" lon="8.4624925107">
				<ele>2287.3</ele>
				<time>1970-01-01T01:00:00+01:00</time>
				<extensions>
					<swisstopo:routepoint_id>2011261435</swisstopo:routepoint_id>
				</extensions>
			</trkpt>
			<trkpt lat="46.8461031709" lon="8.4625140462">
				<ele>2287.5</ele>
				<time>1970-01-01T01:00:00+01:00</time>
				<extensions>
					<swisstopo:routepoint_id>1481475989</swisstopo:routepoint_id>
				</extensions>
			</trkpt>
			<trkpt lat="46.8460849674" lon="8.4625597346">
				<ele>2287.9</ele>
				<time>1970-01-01T01:00:00+01:00</time>
				<extensions>
					<swisstopo:routepoint_id>2118741630</swisstopo:routepoint_id>
				</extensions>
			</trkpt>
			<trkpt lat="46.8460658149" lon="8.4626029793">
				<ele>2287.8</ele>
				<time>1970-01-01T01:00:00+01:00</time>
				<extensions>
					<swisstopo:routepoint_id>1677959101</swisstopo:routepoint_id>
				</extensions>
			</trkpt>
			<trkpt lat="46.8460207874" lon="8.4626845167">
				<ele>2287.6</ele>
				<time>1970-01-01T01:00:00+01:00</time>
				<extensions>
					<swisstopo:routepoint_id>1326470777</swisstopo:routepoint_id>
				</extensions>
			</trkpt>
			<trkpt lat="46.8459933338" lon="8.4627405309">
				<ele>2287.7</ele>
				<time>1970-01-01T01:00:00+01:00</time>
				<extensions>
					<swisstopo:routepoint_id>98859795</swisstopo:routepoint_id>
				</extensions>
			</trkpt>
			<trkpt lat="46.8459848580" lon="8.4627758759">
				<ele>2287.7</ele>
				<time>1970-01-01T01:00:00+01:00</time>
				<extensions>
					<swisstopo:routepoint_id>141614641</swisstopo:routepoint_id>
				</extensions>
			</trkpt>
			<trkpt lat="46.8459909414" lon="8.4628017954">
				<ele>2287.8</ele>
				<time>1970-01-01T01:00:00+01:00</time>
				<extensions>
					<swisstopo:routepoint_id>761136030</swisstopo:routepoint_id>
				</extensions>
			</trkpt>
			<trkpt lat="46.8459789455" lon="8.4628564518">
				<ele>2289.2</ele>
				<time>1970-01-01T01:00:00+01:00</time>
				<extensions>
					<swisstopo:routepoint_id>1849461341</swisstopo:routepoint_id>
				</extensions>
			</trkpt>
			<trkpt lat="46.8459671038" lon="8.4628909460">
				<ele>2290.1</ele>
				<time>1970-01-01T01:00:00+01:00</time>
				<extensions>
					<swisstopo:routepoint_id>1020306433</swisstopo:routepoint_id>
				</extensions>
			</trkpt>
			<trkpt lat="46.8459951945" lon="8.4628793132">
				<ele>2290.0</ele>
				<time>1970-01-01T01:00:00+01:00</time>
				<extensions>
					<swisstopo:routepoint_id>740530932</swisstopo:routepoint_id>
				</extensions>
			</trkpt>
			<trkpt lat="46.8460228619" lon="8.4628587958">
				<ele>2290.1</ele>
				<time>1970-01-01T01:00:00+01:00</time>
				<extensions>
					<swisstopo:routepoint_id>1790315869</swisstopo:routepoint_id>
				</extensions>
			</trkpt>
			<trkpt lat="46.8460489572" lon="8.4628560007">
				<ele>2290.2</ele>
				<time>1970-01-01T01:00:00+01:00</time>
				<extensions>
					<swisstopo:routepoint_id>1980705687</swisstopo:routepoint_id>
				</extensions>
			</trkpt>
			<trkpt lat="46.8460744631" lon="8.4628669095">
				<ele>2290.2</ele>
				<time>1970-01-01T01:00:00+01:00</time>
				<extensions>
					<swisstopo:routepoint_id>932144171</swisstopo:routepoint_id>
				</extensions>
			</trkpt>
			<trkpt lat="46.8461003852" lon="8.4628875029">
				<ele>2290.3</ele>
				<time>1970-01-01T01:00:00+01:00</time>
				<extensions>
					<swisstopo:routepoint_id>159817773</swisstopo:routepoint_id>
				</extensions>
			</trkpt>
			<trkpt lat="46.8461194961" lon="8.4629152565">
				<ele>2290.4</ele>
				<time>1970-01-01T01:00:00+01:00</time>
				<extensions>
					<swisstopo:routepoint_id>1618275994</swisstopo:routepoint_id>
				</extensions>
			</trkpt>
			<trkpt lat="46.8461528230" lon="8.4629779218">
				<ele>2290.7</ele>
				<time>1970-01-01T01:00:00+01:00</time>
				<extensions>
					<swisstopo:routepoint_id>415444522</swisstopo:routepoint_id>
				</extensions>
			</trkpt>
			<trkpt lat="46.8461762700" lon="8.4630057315">
				<ele>2291.4</ele>
				<time>1970-01-01T01:00:00+01:00</time>
				<extensions>
					<swisstopo:routepoint_id>2037824920</swisstopo:routepoint_id>
				</extensions>
			</trkpt>
			<trkpt lat="46.8462119141" lon="8.4630176207">
				<ele>2292.2</ele>
				<time>1970-01-01T01:00:00+01:00</time>
				<extensions>
					<swisstopo:routepoint_id>289789299</swisstopo:routepoint_id>
				</extensions>
			</trkpt>
			<trkpt lat="46.8462597033" lon="8.4630184116">
				<ele>2292.6</ele>
				<time>1970-01-01T01:00:00+01:00</time>
				<extensions>
					<swisstopo:routepoint_id>1955622557</swisstopo:routepoint_id>
				</extensions>
			</trkpt>
			<trkpt lat="46.8462996359" lon="8.4630376328">
				<ele>2292.9</ele>
				<time>1970-01-01T01:00:00+01:00</time>
				<extensions>
					<swisstopo:routepoint_id>1105084991</swisstopo:routepoint_id>
				</extensions>
			</trkpt>
			<trkpt lat="46.8463308038" lon="8.4630671893">
				<ele>2293.0</ele>
				<time>1970-01-01T01:00:00+01:00</time>
				<extensions>
					<swisstopo:routepoint_id>1570473898</swisstopo:routepoint_id>
				</extensions>
			</trkpt>
			<trkpt lat="46.8463674644" lon="8.4631363694">
				<ele>2292.6</ele>
				<time>1970-01-01T01:00:00+01:00</time>
				<extensions>
					<swisstopo:routepoint_id>1500395557</swisstopo:routepoint_id>
				</extensions>
			</trkpt>
			<trkpt lat="46.8463806265" lon="8.4631833757">
				<ele>2292.6</ele>
				<time>1970-01-01T01:00:00+01:00</time>
				<extensions>
					<swisstopo:routepoint_id>1271959157</swisstopo:routepoint_id>
				</extensions>
			</trkpt>
			<trkpt lat="46.8463928985" lon="8.4632215021">
				<ele>2292.8</ele>
				<time>1970-01-01T01:00:00+01:00</time>
				<extensions>
					<swisstopo:routepoint_id>1069107358</swisstopo:routepoint_id>
				</extensions>
			</trkpt>
			<trkpt lat="46.8464142807" lon="8.4632678391">
				<ele>2292.7</ele>
				<time>1970-01-01T01:00:00+01:00</time>
				<extensions>
					<swisstopo:routepoint_id>2093319871</swisstopo:routepoint_id>
				</extensions>
			</trkpt>
			<trkpt lat="46.8464279710" lon="8.4633092049">
				<ele>2293.0</ele>
				<time>1970-01-01T01:00:00+01:00</time>
				<extensions>
					<swisstopo:routepoint_id>1912552154</swisstopo:routepoint_id>
				</extensions>
			</trkpt>
			<trkpt lat="46.8464489169" lon="8.4633490826">
				<ele>2292.9</ele>
				<time>1970-01-01T01:00:00+01:00</time>
				<extensions>
					<swisstopo:routepoint_id>356483860</swisstopo:routepoint_id>
				</extensions>
			</trkpt>
			<trkpt lat="46.8464781862" lon="8.4633745778">
				<ele>2293.1</ele>
				<time>1970-01-01T01:00:00+01:00</time>
				<extensions>
					<swisstopo:routepoint_id>49857788</swisstopo:routepoint_id>
				</extensions>
			</trkpt>
			<trkpt lat="46.8464841771" lon="8.4634117853">
				<ele>2293.1</ele>
				<time>1970-01-01T01:00:00+01:00</time>
				<extensions>
					<swisstopo:routepoint_id>1934792147</swisstopo:routepoint_id>
				</extensions>
			</trkpt>
			<trkpt lat="46.8464839347" lon="8.4634448480">
				<ele>2292.6</ele>
				<time>1970-01-01T01:00:00+01:00</time>
				<extensions>
					<swisstopo:routepoint_id>928188054</swisstopo:routepoint_id>
				</extensions>
			</trkpt>
			<trkpt lat="46.8464763034" lon="8.4634963500">
				<ele>2292.2</ele>
				<time>1970-01-01T01:00:00+01:00</time>
				<extensions>
					<swisstopo:routepoint_id>333302334</swisstopo:routepoint_id>
				</extensions>
			</trkpt>
			<trkpt lat="46.8464833785" lon="8.4635190628">
				<ele>2291.8</ele>
				<time>1970-01-01T01:00:00+01:00</time>
				<extensions>
					<swisstopo:routepoint_id>155005212</swisstopo:routepoint_id>
				</extensions>
			</trkpt>
			<trkpt lat="46.8465111705" lon="8.4635477559">
				<ele>2291.4</ele>
				<time>1970-01-01T01:00:00+01:00</time>
				<extensions>
					<swisstopo:routepoint_id>2019881835</swisstopo:routepoint_id>
				</extensions>
			</trkpt>
			<trkpt lat="46.8465462931" lon="8.4635636738">
				<ele>2291.1</ele>
				<time>1970-01-01T01:00:00+01:00</time>
				<extensions>
					<swisstopo:routepoint_id>1536344460</swisstopo:routepoint_id>
				</extensions>
			</trkpt>
			<trkpt lat="46.8465709139" lon="8.4635648892">
				<ele>2290.8</ele>
				<time>1970-01-01T01:00:00+01:00</time>
				<extensions>
					<swisstopo:routepoint_id>565334746</swisstopo:routepoint_id>
				</extensions>
			</trkpt>
			<trkpt lat="46.8465967925" lon="8.4635903208">
				<ele>2290.2</ele>
				<time>1970-01-01T01:00:00+01:00</time>
				<extensions>
					<swisstopo:routepoint_id>396882102</swisstopo:routepoint_id>
				</extensions>
			</trkpt>
			<trkpt lat="46.8466347976" lon="8.4636087057">
				<ele>2289.6</ele>
				<time>1970-01-01T01:00:00+01:00</time>
				<extensions>
					<swisstopo:routepoint_id>1268791856</swisstopo:routepoint_id>
				</extensions>
			</trkpt>
			<trkpt lat="46.8466782792" lon="8.4636053905">
				<ele>2288.7</ele>
				<time>1970-01-01T01:00:00+01:00</time>
				<extensions>
					<swisstopo:routepoint_id>20605098</swisstopo:routepoint_id>
				</extensions>
			</trkpt>
			<trkpt lat="46.8467146093" lon="8.4635898630">
				<ele>2287.6</ele>
				<time>1970-01-01T01:00:00+01:00</time>
				<extensions>
					<swisstopo:routepoint_id>59145471</swisstopo:routepoint_id>
				</extensions>
			</trkpt>
			<trkpt lat="46.8467399364" lon="8.4635604236">
				<ele>2286.8</ele>
				<time>1970-01-01T01:00:00+01:00</time>
				<extensions>
					<swisstopo:routepoint_id>1187084394</swisstopo:routepoint_id>
				</extensions>
			</trkpt>
			<trkpt lat="46.8467783166" lon="8.4635279948">
				<ele>2285.8</ele>
				<time>1970-01-01T01:00:00+01:00</time>
				<extensions>
					<swisstopo:routepoint_id>1955870408</swisstopo:routepoint_id>
				</extensions>
			</trkpt>
			<trkpt lat="46.8468075381" lon="8.4634945921">
				<ele>2285.1</ele>
				<time>1970-01-01T01:00:00+01:00</time>
				<extensions>
					<swisstopo:routepoint_id>1630498096</swisstopo:routepoint_id>
				</extensions>
			</trkpt>
			<trkpt lat="46.8468496394" lon="8.4634815863">
				<ele>2284.7</ele>
				<time>1970-01-01T01:00:00+01:00</time>
				<extensions>
					<swisstopo:routepoint_id>362429692</swisstopo:routepoint_id>
				</extensions>
			</trkpt>
			<trkpt lat="46.8468771279" lon="8.4634860694">
				<ele>2284.7</ele>
				<time>1970-01-01T01:00:00+01:00</time>
				<extensions>
					<swisstopo:routepoint_id>516699649</swisstopo:routepoint_id>
				</extensions>
			</trkpt>
			<trkpt lat="46.8469006180" lon="8.4635090556">
				<ele>2284.7</ele>
				<time>1970-01-01T01:00:00+01:00</time>
				<extensions>
					<swisstopo:routepoint_id>269476501</swisstopo:routepoint_id>
				</extensions>
			</trkpt>
			<trkpt lat="46.8469229069" lon="8.4635626618">
				<ele>2285.1</ele>
				<time>1970-01-01T01:00:00+01:00</time>
				<extensions>
					<swisstopo:routepoint_id>1328486695</swisstopo:routepoint_id>
				</extensions>
			</trkpt>
			<trkpt lat="46.8469293501" lon="8.4636055290">
				<ele>2285.4</ele>
				<time>1970-01-01T01:00:00+01:00</time>
				<extensions>
					<swisstopo:routepoint_id>607305613</swisstopo:routepoint_id>
				</extensions>
			</trkpt>
			<trkpt lat="46.8469348500" lon="8.4636443392">
				<ele>2285.5</ele>
				<time>1970-01-01T01:00:00+01:00</time>
				<extensions>
					<swisstopo:routepoint_id>932739928</swisstopo:routepoint_id>
				</extensions>
			</trkpt>
			<trkpt lat="46.8469474037" lon="8.4637090889">
				<ele>2285.5</ele>
				<time>1970-01-01T01:00:00+01:00</time>
				<extensions>
					<swisstopo:routepoint_id>866799049</swisstopo:routepoint_id>
				</extensions>
			</trkpt>
			<trkpt lat="46.8469734626" lon="8.4637756682">
				<ele>2285.6</ele>
				<time>1970-01-01T01:00:00+01:00</time>
				<extensions>
					<swisstopo:routepoint_id>455227000</swisstopo:routepoint_id>
				</extensions>
			</trkpt>
			<trkpt lat="46.8469857416" lon="8.4638129823">
				<ele>2285.1</ele>
				<time>1970-01-01T01:00:00+01:00</time>
				<extensions>
					<swisstopo:routepoint_id>1980609482</swisstopo:routepoint_id>
				</extensions>
			</trkpt>
			<trkpt lat="46.8470057781" lon="8.4638447796">
				<ele>2284.9</ele>
				<time>1970-01-01T01:00:00+01:00</time>
				<extensions>
					<swisstopo:routepoint_id>501366540</swisstopo:routepoint_id>
				</extensions>
			</trkpt>
			<trkpt lat="46.8470575450" lon="8.4638956558">
				<ele>2285.1</ele>
				<time>1970-01-01T01:00:00+01:00</time>
				<extensions>
					<swisstopo:routepoint_id>1554559334</swisstopo:routepoint_id>
				</extensions>
			</trkpt>
			<trkpt lat="46.8471059218" lon="8.4639472807">
				<ele>2284.8</ele>
				<time>1970-01-01T01:00:00+01:00</time>
				<extensions>
					<swisstopo:routepoint_id>1506890651</swisstopo:routepoint_id>
				</extensions>
			</trkpt>
			<trkpt lat="46.8471487017" lon="8.4639729946">
				<ele>2284.7</ele>
				<time>1970-01-01T01:00:00+01:00</time>
				<extensions>
					<swisstopo:routepoint_id>712623498</swisstopo:routepoint_id>
				</extensions>
			</trkpt>
			<trkpt lat="46.8472021683" lon="8.4639908229">
				<ele>2284.9</ele>
				<time>1970-01-01T01:00:00+01:00</time>
				<extensions>
					<swisstopo:routepoint_id>2043462082</swisstopo:routepoint_id>
				</extensions>
			</trkpt>
			<trkpt lat="46.8472394019" lon="8.4639959112">
				<ele>2285.0</ele>
				<time>1970-01-01T01:00:00+01:00</time>
				<extensions>
					<swisstopo:routepoint_id>2125243655</swisstopo:routepoint_id>
				</extensions>
			</trkpt>
			<trkpt lat="46.8472733097" lon="8.4640199222">
				<ele>2284.8</ele>
				<time>1970-01-01T01:00:00+01:00</time>
				<extensions>
					<swisstopo:routepoint_id>1575779453</swisstopo:routepoint_id>
				</extensions>
			</trkpt>
			<trkpt lat="46.8473235154" lon="8.4640762630">
				<ele>2285.6</ele>
				<time>1970-01-01T01:00:00+01:00</time>
				<extensions>
					<swisstopo:routepoint_id>1864039102</swisstopo:routepoint_id>
				</extensions>
			</trkpt>
			<trkpt lat="46.8473776706" lon="8.4641135620">
				<ele>2285.7</ele>
				<time>1970-01-01T01:00:00+01:00</time>
				<extensions>
					<swisstopo:routepoint_id>1779786935</swisstopo:routepoint_id>
				</extensions>
			</trkpt>
			<trkpt lat="46.8474320094" lon="8.4641293351">
				<ele>2285.7</ele>
				<time>1970-01-01T01:00:00+01:00</time>
				<extensions>
					<swisstopo:routepoint_id>1055789867</swisstopo:routepoint_id>
				</extensions>
			</trkpt>
			<trkpt lat="46.8474853183" lon="8.4641546466">
				<ele>2285.2</ele>
				<time>1970-01-01T01:00:00+01:00</time>
				<extensions>
					<swisstopo:routepoint_id>944441522</swisstopo:routepoint_id>
				</extensions>
			</trkpt>
			<trkpt lat="46.8475283659" lon="8.4641605412">
				<ele>2285.0</ele>
				<time>1970-01-01T01:00:00+01:00</time>
				<extensions>
					<swisstopo:routepoint_id>1737154113</swisstopo:routepoint_id>
				</extensions>
			</trkpt>
			<trkpt lat="46.8475565459" lon="8.4641891898">
				<ele>2284.4</ele>
				<time>1970-01-01T01:00:00+01:00</time>
				<extensions>
					<swisstopo:routepoint_id>1622999733</swisstopo:routepoint_id>
				</extensions>
			</trkpt>
			<trkpt lat="46.8475906524" lon="8.4642451196">
				<ele>2284.3</ele>
				<time>1970-01-01T01:00:00+01:00</time>
				<extensions>
					<swisstopo:routepoint_id>267552604</swisstopo:routepoint_id>
				</extensions>
			</trkpt>
			<trkpt lat="46.8476083405" lon="8.4642830750">
				<ele>2285.0</ele>
				<time>1970-01-01T01:00:00+01:00</time>
				<extensions>
					<swisstopo:routepoint_id>544729648</swisstopo:routepoint_id>
				</extensions>
			</trkpt>
			<trkpt lat="46.8476254674" lon="8.4643313907">
				<ele>2285.8</ele>
				<time>1970-01-01T01:00:00+01:00</time>
				<extensions>
					<swisstopo:routepoint_id>337736630</swisstopo:routepoint_id>
				</extensions>
			</trkpt>
			<trkpt lat="46.8476312690" lon="8.4643746137">
				<ele>2285.8</ele>
				<time>1970-01-01T01:00:00+01:00</time>
				<extensions>
					<swisstopo:routepoint_id>724734721</swisstopo:routepoint_id>
				</extensions>
			</trkpt>
			<trkpt lat="46.8476312690" lon="8.4643746137">
				<ele>2285.8</ele>
				<extensions>
					<swisstopo:waypoint_id>212218338</swisstopo:waypoint_id>
					<swisstopo:waypoint_is_controlpoint>1</swisstopo:waypoint_is_controlpoint>
					<swisstopo:waypoint_routepoint_id>724734721</swisstopo:waypoint_routepoint_id>
					<swisstopo:waypoint_meters_into_tour>5412.949658</swisstopo:waypoint_meters_into_tour>
					<swisstopo:waypoint_trackpoint_id>swisstopo-04</swisstopo:waypoint_trackpoint_id>
					<swisstopo:waypoint_original_name>Waypoint</swisstopo:waypoint_original_name>
				</extensions>
				<name>swisstopo-04</name>
			</trkpt>
			<trkpt lat="46.8476312690" lon="8.4643746137">
				<ele>2285.8</ele>
				<time>1970-01-01T01:00:00+01:00</time>
				<extensions>
					<swisstopo:routepoint_id>1020316751</swisstopo:routepoint_id>
				</extensions>
			</trkpt>
			<trkpt lat="46.8476513567" lon="8.4644078420">
				<ele>2285.9</ele>
				<time>1970-01-01T01:00:00+01:00</time>
				<extensions>
					<swisstopo:routepoint_id>432469796</swisstopo:routepoint_id>
				</extensions>
			</trkpt>
			<trkpt lat="46.8476923167" lon="8.4644368263">
				<ele>2286.1</ele>
				<time>1970-01-01T01:00:00+01:00</time>
				<extensions>
					<swisstopo:routepoint_id>342618908</swisstopo:routepoint_id>
				</extensions>
			</trkpt>
			<trkpt lat="46.8477105727" lon="8.4644636206">
				<ele>2286.2</ele>
				<time>1970-01-01T01:00:00+01:00</time>
				<extensions>
					<swisstopo:routepoint_id>1949294220</swisstopo:routepoint_id>
				</extensions>
			</trkpt>
			<trkpt lat="46.8477420765" lon="8.4644907602">
				<ele>2286.6</ele>
				<time>1970-01-01T01:00:00+01:00</time>
				<extensions>
					<swisstopo:routepoint_id>1861215380</swisstopo:routepoint_id>
				</extensions>
			</trkpt>
			<trkpt lat="46.8477820780" lon="8.4645213126">
				<ele>2286.9</ele>
				<time>1970-01-01T01:00:00+01:00</time>
				<extensions>
					<swisstopo:routepoint_id>1170765626</swisstopo:routepoint_id>
				</extensions>
			</trkpt>
			<trkpt lat="46.8478453176" lon="8.4646059235">
				<ele>2286.4</ele>
				<time>1970-01-01T01:00:00+01:00</time>
				<extensions>
					<swisstopo:routepoint_id>79632541</swisstopo:routepoint_id>
				</extensions>
			</trkpt>
			<trkpt lat="46.8478750787" lon="8.4646729031">
				<ele>2286.5</ele>
				<time>1970-01-01T01:00:00+01:00</time>
				<extensions>
					<swisstopo:routepoint_id>1484887117</swisstopo:routepoint_id>
				</extensions>
			</trkpt>
			<trkpt lat="46.8479125518" lon="8.4647225377">
				<ele>2286.9</ele>
				<time>1970-01-01T01:00:00+01:00</time>
				<extensions>
					<swisstopo:routepoint_id>435078095</swisstopo:routepoint_id>
				</extensions>
			</trkpt>
			<trkpt lat="46.8479251852" lon="8.4647994580">
				<ele>2287.1</ele>
				<time>1970-01-01T01:00:00+01:00</time>
				<extensions>
					<swisstopo:routepoint_id>261012656</swisstopo:routepoint_id>
				</extensions>
			</trkpt>
			<trkpt lat="46.8479427367" lon="8.4648525552">
				<ele>2287.1</ele>
				<time>1970-01-01T01:00:00+01:00</time>
				<extensions>
					<swisstopo:routepoint_id>55273947</swisstopo:routepoint_id>
				</extensions>
			</trkpt>
			<trkpt lat="46.8479556580" lon="8.4648943800">
				<ele>2286.6</ele>
				<time>1970-01-01T01:00:00+01:00</time>
				<extensions>
					<swisstopo:routepoint_id>808857861</swisstopo:routepoint_id>
				</extensions>
			</trkpt>
			<trkpt lat="46.8479856998" lon="8.4649270638">
				<ele>2286.1</ele>
				<time>1970-01-01T01:00:00+01:00</time>
				<extensions>
					<swisstopo:routepoint_id>43142466</swisstopo:routepoint_id>
				</extensions>
			</trkpt>
			<trkpt lat="46.8480134024" lon="8.4649557047">
				<ele>2285.6</ele>
				<time>1970-01-01T01:00:00+01:00</time>
				<extensions>
					<swisstopo:routepoint_id>81622443</swisstopo:routepoint_id>
				</extensions>
			</trkpt>
			<trkpt lat="46.8480278413" lon="8.4649848003">
				<ele>2285.2</ele>
				<time>1970-01-01T01:00:00+01:00</time>
				<extensions>
					<swisstopo:routepoint_id>1235240816</swisstopo:routepoint_id>
				</extensions>
			</trkpt>
			<trkpt lat="46.8480666346" lon="8.4649905874">
				<ele>2284.1</ele>
				<time>1970-01-01T01:00:00+01:00</time>
				<extensions>
					<swisstopo:routepoint_id>395258265</swisstopo:routepoint_id>
				</extensions>
			</trkpt>
			<trkpt lat="46.8481093180" lon="8.4649829180">
				<ele>2282.9</ele>
				<time>1970-01-01T01:00:00+01:00</time>
				<extensions>
					<swisstopo:routepoint_id>1074008284</swisstopo:routepoint_id>
				</extensions>
			</trkpt>
			<trkpt lat="46.8481418160" lon="8.4650045038">
				<ele>2282.4</ele>
				<time>1970-01-01T01:00:00+01:00</time>
				<extensions>
					<swisstopo:routepoint_id>376998812</swisstopo:routepoint_id>
				</extensions>
			</trkpt>
			<trkpt lat="46.8481595468" lon="8.4650376748">
				<ele>2282.1</ele>
				<time>1970-01-01T01:00:00+01:00</time>
				<extensions>
					<swisstopo:routepoint_id>162629444</swisstopo:routepoint_id>
				</extensions>
			</trkpt>
			<trkpt lat="46.8481742705" lon="8.4650891187">
				<ele>2282.1</ele>
				<time>1970-01-01T01:00:00+01:00</time>
				<extensions>
					<swisstopo:routepoint_id>356714346</swisstopo:routepoint_id>
				</extensions>
			</trkpt>
			<trkpt lat="46.8481775797" lon="8.4651474387">
				<ele>2282.7</ele>
				<time>1970-01-01T01:00:00+01:00</time>
				<extensions>
					<swisstopo:routepoint_id>1504979175</swisstopo:routepoint_id>
				</extensions>
			</trkpt>
			<trkpt lat="46.8481739457" lon="8.4651864304">
				<ele>2283.2</ele>
				<time>1970-01-01T01:00:00+01:00</time>
				<extensions>
					<swisstopo:routepoint_id>259545456</swisstopo:routepoint_id>
				</extensions>
			</trkpt>
			<trkpt lat="46.8481670991" lon="8.4652125768">
				<ele>2283.1</ele>
				<time>1970-01-01T01:00:00+01:00</time>
				<extensions>
					<swisstopo:routepoint_id>704241980</swisstopo:routepoint_id>
				</extensions>
			</trkpt>
			<trkpt lat="46.8481694618" lon="8.4652700785">
				<ele>2283.4</ele>
				<time>1970-01-01T01:00:00+01:00</time>
				<extensions>
					<swisstopo:routepoint_id>214743550</swisstopo:routepoint_id>
				</extensions>
			</trkpt>
			<trkpt lat="46.8481821913" lon="8.4653342292">
				<ele>2283.8</ele>
				<time>1970-01-01T01:00:00+01:00</time>
				<extensions>
					<swisstopo:routepoint_id>813479740</swisstopo:routepoint_id>
				</extensions>
			</trkpt>
			<trkpt lat="46.8481872008" lon="8.4654165378">
				<ele>2283.5</ele>
				<time>1970-01-01T01:00:00+01:00</time>
				<extensions>
					<swisstopo:routepoint_id>448002656</swisstopo:routepoint_id>
				</extensions>
			</trkpt>
			<trkpt lat="46.8481797024" lon="8.4654642015">
				<ele>2283.9</ele>
				<time>1970-01-01T01:00:00+01:00</time>
				<extensions>
					<swisstopo:routepoint_id>1449961080</swisstopo:routepoint_id>
				</extensions>
			</trkpt>
			<trkpt lat="46.8481844872" lon="8.4655153918">
				<ele>2284.2</ele>
				<time>1970-01-01T01:00:00+01:00</time>
				<extensions>
					<swisstopo:routepoint_id>441765587</swisstopo:routepoint_id>
				</extensions>
			</trkpt>
			<trkpt lat="46.8481911846" lon="8.4655650165">
				<ele>2284.3</ele>
				<time>1970-01-01T01:00:00+01:00</time>
				<extensions>
					<swisstopo:routepoint_id>946485378</swisstopo:routepoint_id>
				</extensions>
			</trkpt>
			<trkpt lat="46.8482068887" lon="8.4656124937">
				<ele>2284.7</ele>
				<time>1970-01-01T01:00:00+01:00</time>
				<extensions>
					<swisstopo:routepoint_id>751107431</swisstopo:routepoint_id>
				</extensions>
			</trkpt>
			<trkpt lat="46.8482230565" lon="8.4656623790">
				<ele>2285.3</ele>
				<time>1970-01-01T01:00:00+01:00</time>
				<extensions>
					<swisstopo:routepoint_id>382115813</swisstopo:routepoint_id>
				</extensions>
			</trkpt>
			<trkpt lat="46.8482411133" lon="8.4657123005">
				<ele>2286.0</ele>
				<time>1970-01-01T01:00:00+01:00</time>
				<extensions>
					<swisstopo:routepoint_id>1218506178</swisstopo:routepoint_id>
				</extensions>
			</trkpt>
			<trkpt lat="46.8482516882" lon="8.4657508686">
				<ele>2287.0</ele>
				<time>1970-01-01T01:00:00+01:00</time>
				<extensions>
					<swisstopo:routepoint_id>718738064</swisstopo:routepoint_id>
				</extensions>
			</trkpt>
			<trkpt lat="46.8482512302" lon="8.4658059045">
				<ele>2287.9</ele>
				<time>1970-01-01T01:00:00+01:00</time>
				<extensions>
					<swisstopo:routepoint_id>1319336930</swisstopo:routepoint_id>
				</extensions>
			</trkpt>
			<trkpt lat="46.8482437955" lon="8.4658463971">
				<ele>2288.5</ele>
				<time>1970-01-01T01:00:00+01:00</time>
				<extensions>
					<swisstopo:routepoint_id>1869661679</swisstopo:routepoint_id>
				</extensions>
			</trkpt>
			<trkpt lat="46.8482353858" lon="8.4658892575">
				<ele>2288.4</ele>
				<time>1970-01-01T01:00:00+01:00</time>
				<extensions>
					<swisstopo:routepoint_id>376328263</swisstopo:routepoint_id>
				</extensions>
			</trkpt>
			<trkpt lat="46.8482465286" lon="8.4659166772">
				<ele>2288.5</ele>
				<time>1970-01-01T01:00:00+01:00</time>
				<extensions>
					<swisstopo:routepoint_id>735687530</swisstopo:routepoint_id>
				</extensions>
			</trkpt>
			<trkpt lat="46.8482693878" lon="8.4659587450">
				<ele>2288.8</ele>
				<time>1970-01-01T01:00:00+01:00</time>
				<extensions>
					<swisstopo:routepoint_id>1966103533</swisstopo:routepoint_id>
				</extensions>
			</trkpt>
			<trkpt lat="46.8482845826" lon="8.4660117972">
				<ele>2289.0</ele>
				<time>1970-01-01T01:00:00+01:00</time>
				<extensions>
					<swisstopo:routepoint_id>1429613170</swisstopo:routepoint_id>
				</extensions>
			</trkpt>
			<trkpt lat="46.8483050046" lon="8.4660617912">
				<ele>2288.5</ele>
				<time>1970-01-01T01:00:00+01:00</time>
				<extensions>
					<swisstopo:routepoint_id>1773703882</swisstopo:routepoint_id>
				</extensions>
			</trkpt>
			<trkpt lat="46.8483154526" lon="8.4661155131">
				<ele>2288.3</ele>
				<time>1970-01-01T01:00:00+01:00</time>
				<extensions>
					<swisstopo:routepoint_id>217870190</swisstopo:routepoint_id>
				</extensions>
			</trkpt>
			<trkpt lat="46.8483379032" lon="8.4662070319">
				<ele>2288.4</ele>
				<time>1970-01-01T01:00:00+01:00</time>
				<extensions>
					<swisstopo:routepoint_id>2121135152</swisstopo:routepoint_id>
				</extensions>
			</trkpt>
			<trkpt lat="46.8483454463" lon="8.4662686598">
				<ele>2288.5</ele>
				<time>1970-01-01T01:00:00+01:00</time>
				<extensions>
					<swisstopo:routepoint_id>1721100693</swisstopo:routepoint_id>
				</extensions>
			</trkpt>
			<trkpt lat="46.8483701027" lon="8.4663219584">
				<ele>2288.7</ele>
				<time>1970-01-01T01:00:00+01:00</time>
				<extensions>
					<swisstopo:routepoint_id>1795367849</swisstopo:routepoint_id>
				</extensions>
			</trkpt>
			<trkpt lat="46.8483887417" lon="8.4663630928">
				<ele>2289.0</ele>
				<time>1970-01-01T01:00:00+01:00</time>
				<extensions>
					<swisstopo:routepoint_id>1155097806</swisstopo:routepoint_id>
				</extensions>
			</trkpt>
			<trkpt lat="46.8484001473" lon="8.4664112887">
				<ele>2289.7</ele>
				<time>1970-01-01T01:00:00+01:00</time>
				<extensions>
					<swisstopo:routepoint_id>858242004</swisstopo:routepoint_id>
				</extensions>
			</trkpt>
			<trkpt lat="46.8483941696" lon="8.4664478220">
				<ele>2290.3</ele>
				<time>1970-01-01T01:00:00+01:00</time>
				<extensions>
					<swisstopo:routepoint_id>232628821</swisstopo:routepoint_id>
				</extensions>
			</trkpt>
			<trkpt lat="46.8483786975" lon="8.4664857234">
				<ele>2290.7</ele>
				<time>1970-01-01T01:00:00+01:00</time>
				<extensions>
					<swisstopo:routepoint_id>717293938</swisstopo:routepoint_id>
				</extensions>
			</trkpt>
			<trkpt lat="46.8483733077" lon="8.4665079105">
				<ele>2291.0</ele>
				<time>1970-01-01T01:00:00+01:00</time>
				<extensions>
					<swisstopo:routepoint_id>1019503284</swisstopo:routepoint_id>
				</extensions>
			</trkpt>
			<trkpt lat="46.8483740334" lon="8.4665342671">
				<ele>2291.5</ele>
				<time>1970-01-01T01:00:00+01:00</time>
				<extensions>
					<swisstopo:routepoint_id>2050567636</swisstopo:routepoint_id>
				</extensions>
			</trkpt>
			<trkpt lat="46.8483755423" lon="8.4665805678">
				<ele>2292.7</ele>
				<time>1970-01-01T01:00:00+01:00</time>
				<extensions>
					<swisstopo:routepoint_id>1799956014</swisstopo:routepoint_id>
				</extensions>
			</trkpt>
			<trkpt lat="46.8483680356" lon="8.4666290444">
				<ele>2293.6</ele>
				<time>1970-01-01T01:00:00+01:00</time>
				<extensions>
					<swisstopo:routepoint_id>1290235625</swisstopo:routepoint_id>
				</extensions>
			</trkpt>
			<trkpt lat="46.8483586836" lon="8.4666726743">
				<ele>2294.3</ele>
				<time>1970-01-01T01:00:00+01:00</time>
				<extensions>
					<swisstopo:routepoint_id>1593549363</swisstopo:routepoint_id>
				</extensions>
			</trkpt>
			<trkpt lat="46.8483656326" lon="8.4666912027">
				<ele>2294.8</ele>
				<time>1970-01-01T01:00:00+01:00</time>
				<extensions>
					<swisstopo:routepoint_id>256239323</swisstopo:routepoint_id>
				</extensions>
			</trkpt>
			<trkpt lat="46.8483961808" lon="8.4666624806">
				<ele>2295.9</ele>
				<time>1970-01-01T01:00:00+01:00</time>
				<extensions>
					<swisstopo:routepoint_id>912266118</swisstopo:routepoint_id>
				</extensions>
			</trkpt>
			<trkpt lat="46.8484170758" lon="8.4666558386">
				<ele>2296.6</ele>
				<time>1970-01-01T01:00:00+01:00</time>
				<extensions>
					<swisstopo:routepoint_id>371714153</swisstopo:routepoint_id>
				</extensions>
			</trkpt>
			<trkpt lat="46.8484225412" lon="8.4666823113">
				<ele>2297.3</ele>
				<time>1970-01-01T01:00:00+01:00</time>
				<extensions>
					<swisstopo:routepoint_id>1649000926</swisstopo:routepoint_id>
				</extensions>
			</trkpt>
			<trkpt lat="46.8484274513" lon="8.4667175320">
				<ele>2298.3</ele>
				<time>1970-01-01T01:00:00+01:00</time>
				<extensions>
					<swisstopo:routepoint_id>698853649</swisstopo:routepoint_id>
				</extensions>
			</trkpt>
			<trkpt lat="46.8484384670" lon="8.4667601088">
				<ele>2299.5</ele>
				<time>1970-01-01T01:00:00+01:00</time>
				<extensions>
					<swisstopo:routepoint_id>59649773</swisstopo:routepoint_id>
				</extensions>
			</trkpt>
			<trkpt lat="46.8484495467" lon="8.4667955001">
				<ele>2300.0</ele>
				<time>1970-01-01T01:00:00+01:00</time>
				<extensions>
					<swisstopo:routepoint_id>1875462848</swisstopo:routepoint_id>
				</extensions>
			</trkpt>
			<trkpt lat="46.8484633685" lon="8.4668421289">
				<ele>2300.3</ele>
				<time>1970-01-01T01:00:00+01:00</time>
				<extensions>
					<swisstopo:routepoint_id>32369367</swisstopo:routepoint_id>
				</extensions>
			</trkpt>
			<trkpt lat="46.8484838403" lon="8.4668865366">
				<ele>2300.9</ele>
				<time>1970-01-01T01:00:00+01:00</time>
				<extensions>
					<swisstopo:routepoint_id>1210262531</swisstopo:routepoint_id>
				</extensions>
			</trkpt>
			<trkpt lat="46.8484939025" lon="8.4669290824">
				<ele>2301.1</ele>
				<time>1970-01-01T01:00:00+01:00</time>
				<extensions>
					<swisstopo:routepoint_id>1496328147</swisstopo:routepoint_id>
				</extensions>
			</trkpt>
			<trkpt lat="46.8484924921" lon="8.4669848863">
				<ele>2301.5</ele>
				<time>1970-01-01T01:00:00+01:00</time>
				<extensions>
					<swisstopo:routepoint_id>342409800</swisstopo:routepoint_id>
				</extensions>
			</trkpt>
			<trkpt lat="46.8484985721" lon="8.4670520583">
				<ele>2302.6</ele>
				<time>1970-01-01T01:00:00+01:00</time>
				<extensions>
					<swisstopo:routepoint_id>583649399</swisstopo:routepoint_id>
				</extensions>
			</trkpt>
			<trkpt lat="46.8485127290" lon="8.4671154503">
				<ele>2303.2</ele>
				<time>1970-01-01T01:00:00+01:00</time>
				<extensions>
					<swisstopo:routepoint_id>2051041794</swisstopo:routepoint_id>
				</extensions>
			</trkpt>
			<trkpt lat="46.8485281168" lon="8.4672019963">
				<ele>2303.3</ele>
				<time>1970-01-01T01:00:00+01:00</time>
				<extensions>
					<swisstopo:routepoint_id>1094198741</swisstopo:routepoint_id>
				</extensions>
			</trkpt>
			<trkpt lat="46.8485352253" lon="8.4672588288">
				<ele>2303.6</ele>
				<time>1970-01-01T01:00:00+01:00</time>
				<extensions>
					<swisstopo:routepoint_id>1109467296</swisstopo:routepoint_id>
				</extensions>
			</trkpt>
			<trkpt lat="46.8485446783" lon="8.4673181072">
				<ele>2304.2</ele>
				<time>1970-01-01T01:00:00+01:00</time>
				<extensions>
					<swisstopo:routepoint_id>1748233342</swisstopo:routepoint_id>
				</extensions>
			</trkpt>
			<trkpt lat="46.8485434360" lon="8.4673531848">
				<ele>2304.5</ele>
				<time>1970-01-01T01:00:00+01:00</time>
				<extensions>
					<swisstopo:routepoint_id>1455961666</swisstopo:routepoint_id>
				</extensions>
			</trkpt>
			<trkpt lat="46.8485430993" lon="8.4673946517">
				<ele>2304.4</ele>
				<time>1970-01-01T01:00:00+01:00</time>
				<extensions>
					<swisstopo:routepoint_id>52603188</swisstopo:routepoint_id>
				</extensions>
			</trkpt>
			<trkpt lat="46.8485484818" lon="8.4674873402">
				<ele>2304.5</ele>
				<time>1970-01-01T01:00:00+01:00</time>
				<extensions>
					<swisstopo:routepoint_id>569985989</swisstopo:routepoint_id>
				</extensions>
			</trkpt>
			<trkpt lat="46.8485510311" lon="8.4675799474">
				<ele>2304.5</ele>
				<time>1970-01-01T01:00:00+01:00</time>
				<extensions>
					<swisstopo:routepoint_id>966037345</swisstopo:routepoint_id>
				</extensions>
			</trkpt>
			<trkpt lat="46.8485482284" lon="8.4676325266">
				<ele>2304.6</ele>
				<time>1970-01-01T01:00:00+01:00</time>
				<extensions>
					<swisstopo:routepoint_id>862858689</swisstopo:routepoint_id>
				</extensions>
			</trkpt>
			<trkpt lat="46.8485374260" lon="8.4676793140">
				<ele>2305.1</ele>
				<time>1970-01-01T01:00:00+01:00</time>
				<extensions>
					<swisstopo:routepoint_id>1562739028</swisstopo:routepoint_id>
				</extensions>
			</trkpt>
			<trkpt lat="46.8485357861" lon="8.4677055983">
				<ele>2305.3</ele>
				<time>1970-01-01T01:00:00+01:00</time>
				<extensions>
					<swisstopo:routepoint_id>437803868</swisstopo:routepoint_id>
				</extensions>
			</trkpt>
			<trkpt lat="46.8485404860" lon="8.4677671451">
				<ele>2305.7</ele>
				<time>1970-01-01T01:00:00+01:00</time>
				<extensions>
					<swisstopo:routepoint_id>1986222367</swisstopo:routepoint_id>
				</extensions>
			</trkpt>
			<trkpt lat="46.8485348551" lon="8.4678180569">
				<ele>2306.1</ele>
				<time>1970-01-01T01:00:00+01:00</time>
				<extensions>
					<swisstopo:routepoint_id>329544833</swisstopo:routepoint_id>
				</extensions>
			</trkpt>
			<trkpt lat="46.8485338367" lon="8.4678842418">
				<ele>2306.7</ele>
				<time>1970-01-01T01:00:00+01:00</time>
				<extensions>
					<swisstopo:routepoint_id>1064821572</swisstopo:routepoint_id>
				</extensions>
			</trkpt>
			<trkpt lat="46.8485385005" lon="8.4679497863">
				<ele>2307.1</ele>
				<time>1970-01-01T01:00:00+01:00</time>
				<extensions>
					<swisstopo:routepoint_id>1876751307</swisstopo:routepoint_id>
				</extensions>
			</trkpt>
			<trkpt lat="46.8485508023" lon="8.4680083445">
				<ele>2307.8</ele>
				<time>1970-01-01T01:00:00+01:00</time>
				<extensions>
					<swisstopo:routepoint_id>457018272</swisstopo:routepoint_id>
				</extensions>
			</trkpt>
			<trkpt lat="46.8485673816" lon="8.4680654112">
				<ele>2308.6</ele>
				<time>1970-01-01T01:00:00+01:00</time>
				<extensions>
					<swisstopo:routepoint_id>1543716690</swisstopo:routepoint_id>
				</extensions>
			</trkpt>
			<trkpt lat="46.8485594889" lon="8.4681027081">
				<ele>2309.7</ele>
				<time>1970-01-01T01:00:00+01:00</time>
				<extensions>
					<swisstopo:routepoint_id>377969507</swisstopo:routepoint_id>
				</extensions>
			</trkpt>
			<trkpt lat="46.8485484072" lon="8.4681255482">
				<ele>2310.3</ele>
				<time>1970-01-01T01:00:00+01:00</time>
				<extensions>
					<swisstopo:routepoint_id>1221835210</swisstopo:routepoint_id>
				</extensions>
			</trkpt>
			<trkpt lat="46.8485456539" lon="8.4681725422">
				<ele>2310.2</ele>
				<time>1970-01-01T01:00:00+01:00</time>
				<extensions>
					<swisstopo:routepoint_id>754722045</swisstopo:routepoint_id>
				</extensions>
			</trkpt>
			<trkpt lat="46.8485500891" lon="8.4682085671">
				<ele>2310.3</ele>
				<time>1970-01-01T01:00:00+01:00</time>
				<extensions>
					<swisstopo:routepoint_id>213412469</swisstopo:routepoint_id>
				</extensions>
			</trkpt>
			<trkpt lat="46.8485653598" lon="8.4682520372">
				<ele>2310.6</ele>
				<time>1970-01-01T01:00:00+01:00</time>
				<extensions>
					<swisstopo:routepoint_id>312064380</swisstopo:routepoint_id>
				</extensions>
			</trkpt>
			<trkpt lat="46.8485803900" lon="8.4683242321">
				<ele>2310.9</ele>
				<time>1970-01-01T01:00:00+01:00</time>
				<extensions>
					<swisstopo:routepoint_id>1921021726</swisstopo:routepoint_id>
				</extensions>
			</trkpt>
			<trkpt lat="46.8485940211" lon="8.4683939882">
				<ele>2311.3</ele>
				<time>1970-01-01T01:00:00+01:00</time>
				<extensions>
					<swisstopo:routepoint_id>666484282</swisstopo:routepoint_id>
				</extensions>
			</trkpt>
			<trkpt lat="46.8486081070" lon="8.4684661523">
				<ele>2311.5</ele>
				<time>1970-01-01T01:00:00+01:00</time>
				<extensions>
					<swisstopo:routepoint_id>996870890</swisstopo:routepoint_id>
				</extensions>
			</trkpt>
			<trkpt lat="46.8486138136" lon="8.4685197587">
				<ele>2311.9</ele>
				<time>1970-01-01T01:00:00+01:00</time>
				<extensions>
					<swisstopo:routepoint_id>379134700</swisstopo:routepoint_id>
				</extensions>
			</trkpt>
			<trkpt lat="46.8486085461" lon="8.4685842362">
				<ele>2312.2</ele>
				<time>1970-01-01T01:00:00+01:00</time>
				<extensions>
					<swisstopo:routepoint_id>1837443214</swisstopo:routepoint_id>
				</extensions>
			</trkpt>
			<trkpt lat="46.8486185805" lon="8.4686307658">
				<ele>2312.9</ele>
				<time>1970-01-01T01:00:00+01:00</time>
				<extensions>
					<swisstopo:routepoint_id>626613132</swisstopo:routepoint_id>
				</extensions>
			</trkpt>
			<trkpt lat="46.8486298388" lon="8.4687012630">
				<ele>2313.3</ele>
				<time>1970-01-01T01:00:00+01:00</time>
				<extensions>
					<swisstopo:routepoint_id>1592770001</swisstopo:routepoint_id>
				</extensions>
			</trkpt>
			<trkpt lat="46.8486307591" lon="8.4687619246">
				<ele>2313.4</ele>
				<time>1970-01-01T01:00:00+01:00</time>
				<extensions>
					<swisstopo:routepoint_id>1395694707</swisstopo:routepoint_id>
				</extensions>
			</trkpt>
			<trkpt lat="46.8486435707" lon="8.4688157070">
				<ele>2313.8</ele>
				<time>1970-01-01T01:00:00+01:00</time>
				<extensions>
					<swisstopo:routepoint_id>1621665751</swisstopo:routepoint_id>
				</extensions>
			</trkpt>
			<trkpt lat="46.8486524756" lon="8.4688837462">
				<ele>2314.4</ele>
				<time>1970-01-01T01:00:00+01:00</time>
				<extensions>
					<swisstopo:routepoint_id>302808451</swisstopo:routepoint_id>
				</extensions>
			</trkpt>
			<trkpt lat="46.8486577867" lon="8.4689293604">
				<ele>2314.5</ele>
				<time>1970-01-01T01:00:00+01:00</time>
				<extensions>
					<swisstopo:routepoint_id>1785720723</swisstopo:routepoint_id>
				</extensions>
			</trkpt>
			<trkpt lat="46.8486772772" lon="8.4689777241">
				<ele>2315.0</ele>
				<time>1970-01-01T01:00:00+01:00</time>
				<extensions>
					<swisstopo:routepoint_id>1056864108</swisstopo:routepoint_id>
				</extensions>
			</trkpt>
			<trkpt lat="46.8487105289" lon="8.4690224701">
				<ele>2315.3</ele>
				<time>1970-01-01T01:00:00+01:00</time>
				<extensions>
					<swisstopo:routepoint_id>1178247353</swisstopo:routepoint_id>
				</extensions>
			</trkpt>
			<trkpt lat="46.8487316666" lon="8.4690437625">
				<ele>2315.3</ele>
				<time>1970-01-01T01:00:00+01:00</time>
				<extensions>
					<swisstopo:routepoint_id>489924320</swisstopo:routepoint_id>
				</extensions>
			</trkpt>
			<trkpt lat="46.8487404920" lon="8.4690647274">
				<ele>2315.3</ele>
				<time>1970-01-01T01:00:00+01:00</time>
				<extensions>
					<swisstopo:routepoint_id>1337228147</swisstopo:routepoint_id>
				</extensions>
			</trkpt>
			<trkpt lat="46.8487340850" lon="8.4690948809">
				<ele>2315.4</ele>
				<time>1970-01-01T01:00:00+01:00</time>
				<extensions>
					<swisstopo:routepoint_id>1154730609</swisstopo:routepoint_id>
				</extensions>
			</trkpt>
			<trkpt lat="46.8487262789" lon="8.4691225950">
				<ele>2315.5</ele>
				<time>1970-01-01T01:00:00+01:00</time>
				<extensions>
					<swisstopo:routepoint_id>528233477</swisstopo:routepoint_id>
				</extensions>
			</trkpt>
			<trkpt lat="46.8487429754" lon="8.4691645198">
				<ele>2315.4</ele>
				<time>1970-01-01T01:00:00+01:00</time>
				<extensions>
					<swisstopo:routepoint_id>1024119970</swisstopo:routepoint_id>
				</extensions>
			</trkpt>
			<trkpt lat="46.8487624734" lon="8.4692120972">
				<ele>2315.5</ele>
				<time>1970-01-01T01:00:00+01:00</time>
				<extensions>
					<swisstopo:routepoint_id>1233194195</swisstopo:routepoint_id>
				</extensions>
			</trkpt>
			<trkpt lat="46.8487725777" lon="8.4692498572">
				<ele>2315.5</ele>
				<time>1970-01-01T01:00:00+01:00</time>
				<extensions>
					<swisstopo:routepoint_id>1520465943</swisstopo:routepoint_id>
				</extensions>
			</trkpt>
			<trkpt lat="46.8487755572" lon="8.4692906146">
				<ele>2315.1</ele>
				<time>1970-01-01T01:00:00+01:00</time>
				<extensions>
					<swisstopo:routepoint_id>109471060</swisstopo:routepoint_id>
				</extensions>
			</trkpt>
			<trkpt lat="46.8487675939" lon="8.4693366829">
				<ele>2315.3</ele>
				<time>1970-01-01T01:00:00+01:00</time>
				<extensions>
					<swisstopo:routepoint_id>2020010208</swisstopo:routepoint_id>
				</extensions>
			</trkpt>
			<trkpt lat="46.8487582264" lon="8.4693819112">
				<ele>2315.9</ele>
				<time>1970-01-01T01:00:00+01:00</time>
				<extensions>
					<swisstopo:routepoint_id>1668588530</swisstopo:routepoint_id>
				</extensions>
			</trkpt>
			<trkpt lat="46.8487519545" lon="8.4694519547">
				<ele>2316.2</ele>
				<time>1970-01-01T01:00:00+01:00</time>
				<extensions>
					<swisstopo:routepoint_id>1498781799</swisstopo:routepoint_id>
				</extensions>
			</trkpt>
			<trkpt lat="46.8487385670" lon="8.4695249958">
				<ele>2316.4</ele>
				<time>1970-01-01T01:00:00+01:00</time>
				<extensions>
					<swisstopo:routepoint_id>1382666710</swisstopo:routepoint_id>
				</extensions>
			</trkpt>
			<trkpt lat="46.8487240907" lon="8.4696139736">
				<ele>2316.8</ele>
				<time>1970-01-01T01:00:00+01:00</time>
				<extensions>
					<swisstopo:routepoint_id>788994645</swisstopo:routepoint_id>
				</extensions>
			</trkpt>
			<trkpt lat="46.8487161151" lon="8.4696624279">
				<ele>2316.7</ele>
				<time>1970-01-01T01:00:00+01:00</time>
				<extensions>
					<swisstopo:routepoint_id>164557038</swisstopo:routepoint_id>
				</extensions>
			</trkpt>
			<trkpt lat="46.8487102930" lon="8.4697364661">
				<ele>2316.7</ele>
				<time>1970-01-01T01:00:00+01:00</time>
				<extensions>
					<swisstopo:routepoint_id>909770830</swisstopo:routepoint_id>
				</extensions>
			</trkpt>
			<trkpt lat="46.8487041702" lon="8.4697889682">
				<ele>2316.7</ele>
				<time>1970-01-01T01:00:00+01:00</time>
				<extensions>
					<swisstopo:routepoint_id>981183967</swisstopo:routepoint_id>
				</extensions>
			</trkpt>
			<trkpt lat="46.8487015785" lon="8.4698160216">
				<ele>2316.7</ele>
				<time>1970-01-01T01:00:00+01:00</time>
				<extensions>
					<swisstopo:routepoint_id>1694411835</swisstopo:routepoint_id>
				</extensions>
			</trkpt>
			<trkpt lat="46.8487218803" lon="8.4698811719">
				<ele>2317.0</ele>
				<time>1970-01-01T01:00:00+01:00</time>
				<extensions>
					<swisstopo:routepoint_id>1462677138</swisstopo:routepoint_id>
				</extensions>
			</trkpt>
			<trkpt lat="46.8487323332" lon="8.4699340964">
				<ele>2317.4</ele>
				<time>1970-01-01T01:00:00+01:00</time>
				<extensions>
					<swisstopo:routepoint_id>1541887025</swisstopo:routepoint_id>
				</extensions>
			</trkpt>
			<trkpt lat="46.8487437523" lon="8.4699846530">
				<ele>2317.8</ele>
				<time>1970-01-01T01:00:00+01:00</time>
				<extensions>
					<swisstopo:routepoint_id>976524715</swisstopo:routepoint_id>
				</extensions>
			</trkpt>
			<trkpt lat="46.8487659713" lon="8.4700466539">
				<ele>2318.2</ele>
				<time>1970-01-01T01:00:00+01:00</time>
				<extensions>
					<swisstopo:routepoint_id>370257758</swisstopo:routepoint_id>
				</extensions>
			</trkpt>
			<trkpt lat="46.8487910814" lon="8.4701023507">
				<ele>2318.5</ele>
				<time>1970-01-01T01:00:00+01:00</time>
				<extensions>
					<swisstopo:routepoint_id>933848347</swisstopo:routepoint_id>
				</extensions>
			</trkpt>
			<trkpt lat="46.8488100748" lon="8.4701539048">
				<ele>2318.8</ele>
				<time>1970-01-01T01:00:00+01:00</time>
				<extensions>
					<swisstopo:routepoint_id>441748507</swisstopo:routepoint_id>
				</extensions>
			</trkpt>
			<trkpt lat="46.8488172830" lon="8.4702554139">
				<ele>2319.1</ele>
				<time>1970-01-01T01:00:00+01:00</time>
				<extensions>
					<swisstopo:routepoint_id>1152431029</swisstopo:routepoint_id>
				</extensions>
			</trkpt>
			<trkpt lat="46.8488192889" lon="8.4703551841">
				<ele>2319.6</ele>
				<time>1970-01-01T01:00:00+01:00</time>
				<extensions>
					<swisstopo:routepoint_id>1289961550</swisstopo:routepoint_id>
				</extensions>
			</trkpt>
			<trkpt lat="46.8488250666" lon="8.4704008076">
				<ele>2319.6</ele>
				<time>1970-01-01T01:00:00+01:00</time>
				<extensions>
					<swisstopo:routepoint_id>1757457631</swisstopo:routepoint_id>
				</extensions>
			</trkpt>
			<trkpt lat="46.8488361672" lon="8.4704338141">
				<ele>2319.7</ele>
				<time>1970-01-01T01:00:00+01:00</time>
				<extensions>
					<swisstopo:routepoint_id>564801643</swisstopo:routepoint_id>
				</extensions>
			</trkpt>
			<trkpt lat="46.8488846666" lon="8.4705244186">
				<ele>2320.1</ele>
				<time>1970-01-01T01:00:00+01:00</time>
				<extensions>
					<swisstopo:routepoint_id>1272044746</swisstopo:routepoint_id>
				</extensions>
			</trkpt>
			<trkpt lat="46.8489593976" lon="8.4706500245">
				<ele>2320.6</ele>
				<time>1970-01-01T01:00:00+01:00</time>
				<extensions>
					<swisstopo:routepoint_id>1295796403</swisstopo:routepoint_id>
				</extensions>
			</trkpt>
			<trkpt lat="46.8490041317" lon="8.4707381445">
				<ele>2320.6</ele>
				<time>1970-01-01T01:00:00+01:00</time>
				<extensions>
					<swisstopo:routepoint_id>1867119609</swisstopo:routepoint_id>
				</extensions>
			</trkpt>
			<trkpt lat="46.8490515503" lon="8.4707880411">
				<ele>2320.9</ele>
				<time>1970-01-01T01:00:00+01:00</time>
				<extensions>
					<swisstopo:routepoint_id>23516743</swisstopo:routepoint_id>
				</extensions>
			</trkpt>
			<trkpt lat="46.8490867832" lon="8.4708224679">
				<ele>2321.4</ele>
				<time>1970-01-01T01:00:00+01:00</time>
				<extensions>
					<swisstopo:routepoint_id>2109174491</swisstopo:routepoint_id>
				</extensions>
			</trkpt>
			<trkpt lat="46.8491067011" lon="8.4708772267">
				<ele>2322.0</ele>
				<time>1970-01-01T01:00:00+01:00</time>
				<extensions>
					<swisstopo:routepoint_id>313108177</swisstopo:routepoint_id>
				</extensions>
			</trkpt>
			<trkpt lat="46.8491338703" lon="8.4709130461">
				<ele>2322.1</ele>
				<time>1970-01-01T01:00:00+01:00</time>
				<extensions>
					<swisstopo:routepoint_id>2069020062</swisstopo:routepoint_id>
				</extensions>
			</trkpt>
			<trkpt lat="46.8491626238" lon="8.4709297386">
				<ele>2322.9</ele>
				<time>1970-01-01T01:00:00+01:00</time>
				<extensions>
					<swisstopo:routepoint_id>1155251182</swisstopo:routepoint_id>
				</extensions>
			</trkpt>
			<trkpt lat="46.8491793778" lon="8.4709652797">
				<ele>2323.0</ele>
				<time>1970-01-01T01:00:00+01:00</time>
				<extensions>
					<swisstopo:routepoint_id>914648909</swisstopo:routepoint_id>
				</extensions>
			</trkpt>
			<trkpt lat="46.8491986123" lon="8.4710439687">
				<ele>2322.9</ele>
				<time>1970-01-01T01:00:00+01:00</time>
				<extensions>
					<swisstopo:routepoint_id>1360667634</swisstopo:routepoint_id>
				</extensions>
			</trkpt>
			<trkpt lat="46.8492125903" lon="8.4711288901">
				<ele>2322.9</ele>
				<time>1970-01-01T01:00:00+01:00</time>
				<extensions>
					<swisstopo:routepoint_id>1999361061</swisstopo:routepoint_id>
				</extensions>
			</trkpt>
			<trkpt lat="46.8492194630" lon="8.4712136361">
				<ele>2323.8</ele>
				<time>1970-01-01T01:00:00+01:00</time>
				<extensions>
					<swisstopo:routepoint_id>758172909</swisstopo:routepoint_id>
				</extensions>
			</trkpt>
			<trkpt lat="46.8492356124" lon="8.4712643235">
				<ele>2324.0</ele>
				<time>1970-01-01T01:00:00+01:00</time>
				<extensions>
					<swisstopo:routepoint_id>637343498</swisstopo:routepoint_id>
				</extensions>
			</trkpt>
			<trkpt lat="46.8492669527" lon="8.4713114080">
				<ele>2324.7</ele>
				<time>1970-01-01T01:00:00+01:00</time>
				<extensions>
					<swisstopo:routepoint_id>879593885</swisstopo:routepoint_id>
				</extensions>
			</trkpt>
			<trkpt lat="46.8492982370" lon="8.4713656641">
				<ele>2324.5</ele>
				<time>1970-01-01T01:00:00+01:00</time>
				<extensions>
					<swisstopo:routepoint_id>1334224761</swisstopo:routepoint_id>
				</extensions>
			</trkpt>
			<trkpt lat="46.8493304011" lon="8.4714271357">
				<ele>2324.2</ele>
				<time>1970-01-01T01:00:00+01:00</time>
				<extensions>
					<swisstopo:routepoint_id>472895880</swisstopo:routepoint_id>
				</extensions>
			</trkpt>
			<trkpt lat="46.8493702613" lon="8.4715318818">
				<ele>2324.2</ele>
				<time>1970-01-01T01:00:00+01:00</time>
				<extensions>
					<swisstopo:routepoint_id>1955294325</swisstopo:routepoint_id>
				</extensions>
			</trkpt>
			<trkpt lat="46.8494405394" lon="8.4716813088">
				<ele>2325.3</ele>
				<time>1970-01-01T01:00:00+01:00</time>
				<extensions>
					<swisstopo:routepoint_id>617628851</swisstopo:routepoint_id>
				</extensions>
			</trkpt>
			<trkpt lat="46.8494968242" lon="8.4718032331">
				<ele>2325.8</ele>
				<time>1970-01-01T01:00:00+01:00</time>
				<extensions>
					<swisstopo:routepoint_id>1594577340</swisstopo:routepoint_id>
				</extensions>
			</trkpt>
			<trkpt lat="46.8495367638" lon="8.4718992089">
				<ele>2326.8</ele>
				<time>1970-01-01T01:00:00+01:00</time>
				<extensions>
					<swisstopo:routepoint_id>1586780590</swisstopo:routepoint_id>
				</extensions>
			</trkpt>
			<trkpt lat="46.8495490635" lon="8.4719577693">
				<ele>2327.3</ele>
				<time>1970-01-01T01:00:00+01:00</time>
				<extensions>
					<swisstopo:routepoint_id>717887119</swisstopo:routepoint_id>
				</extensions>
			</trkpt>
			<trkpt lat="46.8495617460" lon="8.4720267088">
				<ele>2328.3</ele>
				<time>1970-01-01T01:00:00+01:00</time>
				<extensions>
					<swisstopo:routepoint_id>1092419380</swisstopo:routepoint_id>
				</extensions>
			</trkpt>
			<trkpt lat="46.8495904931" lon="8.4721008607">
				<ele>2330.0</ele>
				<time>1970-01-01T01:00:00+01:00</time>
				<extensions>
					<swisstopo:routepoint_id>608038678</swisstopo:routepoint_id>
				</extensions>
			</trkpt>
			<trkpt lat="46.8496146164" lon="8.4721621135">
				<ele>2331.0</ele>
				<time>1970-01-01T01:00:00+01:00</time>
				<extensions>
					<swisstopo:routepoint_id>534776208</swisstopo:routepoint_id>
				</extensions>
			</trkpt>
			<trkpt lat="46.8496354041" lon="8.4722240885">
				<ele>2331.9</ele>
				<time>1970-01-01T01:00:00+01:00</time>
				<extensions>
					<swisstopo:routepoint_id>1365310377</swisstopo:routepoint_id>
				</extensions>
			</trkpt>
			<trkpt lat="46.8496550068" lon="8.4722589115">
				<ele>2332.2</ele>
				<time>1970-01-01T01:00:00+01:00</time>
				<extensions>
					<swisstopo:routepoint_id>1791370445</swisstopo:routepoint_id>
				</extensions>
			</trkpt>
			<trkpt lat="46.8496812165" lon="8.4722962868">
				<ele>2332.4</ele>
				<time>1970-01-01T01:00:00+01:00</time>
				<extensions>
					<swisstopo:routepoint_id>831774524</swisstopo:routepoint_id>
				</extensions>
			</trkpt>
			<trkpt lat="46.8497327854" lon="8.4723606498">
				<ele>2332.9</ele>
				<time>1970-01-01T01:00:00+01:00</time>
				<extensions>
					<swisstopo:routepoint_id>587629386</swisstopo:routepoint_id>
				</extensions>
			</trkpt>
			<trkpt lat="46.8497660285" lon="8.4724061983">
				<ele>2333.2</ele>
				<time>1970-01-01T01:00:00+01:00</time>
				<extensions>
					<swisstopo:routepoint_id>17916803</swisstopo:routepoint_id>
				</extensions>
			</trkpt>
			<trkpt lat="46.8497973179" lon="8.4724588690">
				<ele>2333.4</ele>
				<time>1970-01-01T01:00:00+01:00</time>
				<extensions>
					<swisstopo:routepoint_id>461661228</swisstopo:routepoint_id>
				</extensions>
			</trkpt>
			<trkpt lat="46.8498476779" lon="8.4724976791">
				<ele>2334.1</ele>
				<time>1970-01-01T01:00:00+01:00</time>
				<extensions>
					<swisstopo:routepoint_id>845165682</swisstopo:routepoint_id>
				</extensions>
			</trkpt>
			<trkpt lat="46.8498876346" lon="8.4725330241">
				<ele>2334.5</ele>
				<time>1970-01-01T01:00:00+01:00</time>
				<extensions>
					<swisstopo:routepoint_id>1248528003</swisstopo:routepoint_id>
				</extensions>
			</trkpt>
			<trkpt lat="46.8499327707" lon="8.4725724943">
				<ele>2335.4</ele>
				<time>1970-01-01T01:00:00+01:00</time>
				<extensions>
					<swisstopo:routepoint_id>1334105560</swisstopo:routepoint_id>
				</extensions>
			</trkpt>
			<trkpt lat="46.8499537946" lon="8.4726073446">
				<ele>2335.7</ele>
				<time>1970-01-01T01:00:00+01:00</time>
				<extensions>
					<swisstopo:routepoint_id>1554011432</swisstopo:routepoint_id>
				</extensions>
			</trkpt>
			<trkpt lat="46.8499793094" lon="8.4726718371">
				<ele>2336.3</ele>
				<time>1970-01-01T01:00:00+01:00</time>
				<extensions>
					<swisstopo:routepoint_id>101980329</swisstopo:routepoint_id>
				</extensions>
			</trkpt>
			<trkpt lat="46.8500072170" lon="8.4727323893">
				<ele>2336.5</ele>
				<time>1970-01-01T01:00:00+01:00</time>
				<extensions>
					<swisstopo:routepoint_id>953923309</swisstopo:routepoint_id>
				</extensions>
			</trkpt>
			<trkpt lat="46.8500457050" lon="8.4727748790">
				<ele>2336.8</ele>
				<time>1970-01-01T01:00:00+01:00</time>
				<extensions>
					<swisstopo:routepoint_id>1545942915</swisstopo:routepoint_id>
				</extensions>
			</trkpt>
			<trkpt lat="46.8500997001" lon="8.4728305434">
				<ele>2338.2</ele>
				<time>1970-01-01T01:00:00+01:00</time>
				<extensions>
					<swisstopo:routepoint_id>708352428</swisstopo:routepoint_id>
				</extensions>
			</trkpt>
			<trkpt lat="46.8501406025" lon="8.4728667070">
				<ele>2339.1</ele>
				<time>1970-01-01T01:00:00+01:00</time>
				<extensions>
					<swisstopo:routepoint_id>1303373768</swisstopo:routepoint_id>
				</extensions>
			</trkpt>
			<trkpt lat="46.8501766462" lon="8.4729179091">
				<ele>2340.0</ele>
				<time>1970-01-01T01:00:00+01:00</time>
				<extensions>
					<swisstopo:routepoint_id>156476000</swisstopo:routepoint_id>
				</extensions>
			</trkpt>
			<trkpt lat="46.8502039865" lon="8.4729904228">
				<ele>2341.0</ele>
				<time>1970-01-01T01:00:00+01:00</time>
				<extensions>
					<swisstopo:routepoint_id>723324136</swisstopo:routepoint_id>
				</extensions>
			</trkpt>
			<trkpt lat="46.8502251386" lon="8.4730667642">
				<ele>2341.9</ele>
				<time>1970-01-01T01:00:00+01:00</time>
				<extensions>
					<swisstopo:routepoint_id>1119767176</swisstopo:routepoint_id>
				</extensions>
			</trkpt>
			<trkpt lat="46.8502384880" lon="8.4731125871">
				<ele>2342.0</ele>
				<time>1970-01-01T01:00:00+01:00</time>
				<extensions>
					<swisstopo:routepoint_id>1571431796</swisstopo:routepoint_id>
				</extensions>
			</trkpt>
			<trkpt lat="46.8502598315" lon="8.4731658019">
				<ele>2341.9</ele>
				<time>1970-01-01T01:00:00+01:00</time>
				<extensions>
					<swisstopo:routepoint_id>164447617</swisstopo:routepoint_id>
				</extensions>
			</trkpt>
			<trkpt lat="46.8502871351" lon="8.4731856546">
				<ele>2341.8</ele>
				<time>1970-01-01T01:00:00+01:00</time>
				<extensions>
					<swisstopo:routepoint_id>1071783207</swisstopo:routepoint_id>
				</extensions>
			</trkpt>
			<trkpt lat="46.8503138987" lon="8.4732134823">
				<ele>2341.9</ele>
				<time>1970-01-01T01:00:00+01:00</time>
				<extensions>
					<swisstopo:routepoint_id>716595909</swisstopo:routepoint_id>
				</extensions>
			</trkpt>
			<trkpt lat="46.8503331024" lon="8.4732387129">
				<ele>2341.8</ele>
				<time>1970-01-01T01:00:00+01:00</time>
				<extensions>
					<swisstopo:routepoint_id>1025802188</swisstopo:routepoint_id>
				</extensions>
			</trkpt>
			<trkpt lat="46.8503614877" lon="8.4733000881">
				<ele>2342.4</ele>
				<time>1970-01-01T01:00:00+01:00</time>
				<extensions>
					<swisstopo:routepoint_id>368513735</swisstopo:routepoint_id>
				</extensions>
			</trkpt>
			<trkpt lat="46.8503905955" lon="8.4733870075">
				<ele>2343.7</ele>
				<time>1970-01-01T01:00:00+01:00</time>
				<extensions>
					<swisstopo:routepoint_id>2047225380</swisstopo:routepoint_id>
				</extensions>
			</trkpt>
			<trkpt lat="46.8504032499" lon="8.4734599342">
				<ele>2345.2</ele>
				<time>1970-01-01T01:00:00+01:00</time>
				<extensions>
					<swisstopo:routepoint_id>502157960</swisstopo:routepoint_id>
				</extensions>
			</trkpt>
			<trkpt lat="46.8504081672" lon="8.4734951709">
				<ele>2346.1</ele>
				<time>1970-01-01T01:00:00+01:00</time>
				<extensions>
					<swisstopo:routepoint_id>978741911</swisstopo:routepoint_id>
				</extensions>
			</trkpt>
			<trkpt lat="46.8503958619" lon="8.4735506891">
				<ele>2347.2</ele>
				<time>1970-01-01T01:00:00+01:00</time>
				<extensions>
					<swisstopo:routepoint_id>183110911</swisstopo:routepoint_id>
				</extensions>
			</trkpt>
			<trkpt lat="46.8503898529" lon="8.4735904230">
				<ele>2348.2</ele>
				<time>1970-01-01T01:00:00+01:00</time>
				<extensions>
					<swisstopo:routepoint_id>1874592651</swisstopo:routepoint_id>
				</extensions>
			</trkpt>
			<trkpt lat="46.8503953167" lon="8.4736168974">
				<ele>2348.8</ele>
				<time>1970-01-01T01:00:00+01:00</time>
				<extensions>
					<swisstopo:routepoint_id>964151881</swisstopo:routepoint_id>
				</extensions>
			</trkpt>
			<trkpt lat="46.8504139444" lon="8.4736540761">
				<ele>2350.1</ele>
				<time>1970-01-01T01:00:00+01:00</time>
				<extensions>
					<swisstopo:routepoint_id>1850485332</swisstopo:routepoint_id>
				</extensions>
			</trkpt>
			<trkpt lat="46.8504268186" lon="8.4737006901">
				<ele>2351.5</ele>
				<time>1970-01-01T01:00:00+01:00</time>
				<extensions>
					<swisstopo:routepoint_id>777680991</swisstopo:routepoint_id>
				</extensions>
			</trkpt>
			<trkpt lat="46.8504428552" lon="8.4737657227">
				<ele>2353.4</ele>
				<time>1970-01-01T01:00:00+01:00</time>
				<extensions>
					<swisstopo:routepoint_id>1773453641</swisstopo:routepoint_id>
				</extensions>
			</trkpt>
			<trkpt lat="46.8504674954" lon="8.4738780603">
				<ele>2356.1</ele>
				<time>1970-01-01T01:00:00+01:00</time>
				<extensions>
					<swisstopo:routepoint_id>370113295</swisstopo:routepoint_id>
				</extensions>
			</trkpt>
			<trkpt lat="46.8504976772" lon="8.4740072893">
				<ele>2359.2</ele>
				<time>1970-01-01T01:00:00+01:00</time>
				<extensions>
					<swisstopo:routepoint_id>1889947352</swisstopo:routepoint_id>
				</extensions>
			</trkpt>
			<trkpt lat="46.8505217685" lon="8.4741275896">
				<ele>2361.6</ele>
				<time>1970-01-01T01:00:00+01:00</time>
				<extensions>
					<swisstopo:routepoint_id>916872448</swisstopo:routepoint_id>
				</extensions>
			</trkpt>
			<trkpt lat="46.8505388701" lon="8.4742349442">
				<ele>2363.6</ele>
				<time>1970-01-01T01:00:00+01:00</time>
				<extensions>
					<swisstopo:routepoint_id>1275039316</swisstopo:routepoint_id>
				</extensions>
			</trkpt>
			<trkpt lat="46.8505542597" lon="8.4743207089">
				<ele>2365.3</ele>
				<time>1970-01-01T01:00:00+01:00</time>
				<extensions>
					<swisstopo:routepoint_id>1438637898</swisstopo:routepoint_id>
				</extensions>
			</trkpt>
			<trkpt lat="46.8505775416" lon="8.4743683890">
				<ele>2366.4</ele>
				<time>1970-01-01T01:00:00+01:00</time>
				<extensions>
					<swisstopo:routepoint_id>1146547674</swisstopo:routepoint_id>
				</extensions>
			</trkpt>
			<trkpt lat="46.8506046825" lon="8.4744081837">
				<ele>2367.3</ele>
				<time>1970-01-01T01:00:00+01:00</time>
				<extensions>
					<swisstopo:routepoint_id>380182251</swisstopo:routepoint_id>
				</extensions>
			</trkpt>
			<trkpt lat="46.8506161986" lon="8.4744467862">
				<ele>2368.3</ele>
				<time>1970-01-01T01:00:00+01:00</time>
				<extensions>
					<swisstopo:routepoint_id>8068516</swisstopo:routepoint_id>
				</extensions>
			</trkpt>
			<trkpt lat="46.8506426427" lon="8.4745128979">
				<ele>2369.8</ele>
				<time>1970-01-01T01:00:00+01:00</time>
				<extensions>
					<swisstopo:routepoint_id>1541111549</swisstopo:routepoint_id>
				</extensions>
			</trkpt>
			<trkpt lat="46.8506605615" lon="8.4745795798">
				<ele>2371.4</ele>
				<time>1970-01-01T01:00:00+01:00</time>
				<extensions>
					<swisstopo:routepoint_id>1798033188</swisstopo:routepoint_id>
				</extensions>
			</trkpt>
			<trkpt lat="46.8506750679" lon="8.4746565421">
				<ele>2373.0</ele>
				<time>1970-01-01T01:00:00+01:00</time>
				<extensions>
					<swisstopo:routepoint_id>1389466915</swisstopo:routepoint_id>
				</extensions>
			</trkpt>
			<trkpt lat="46.8506798080" lon="8.4747133068">
				<ele>2373.7</ele>
				<time>1970-01-01T01:00:00+01:00</time>
				<extensions>
					<swisstopo:routepoint_id>2132511939</swisstopo:routepoint_id>
				</extensions>
			</trkpt>
			<trkpt lat="46.8506766381" lon="8.4748089685">
				<ele>2375.2</ele>
				<time>1970-01-01T01:00:00+01:00</time>
				<extensions>
					<swisstopo:routepoint_id>183606592</swisstopo:routepoint_id>
				</extensions>
			</trkpt>
			<trkpt lat="46.8506731223" lon="8.4748902523">
				<ele>2375.8</ele>
				<time>1970-01-01T01:00:00+01:00</time>
				<extensions>
					<swisstopo:routepoint_id>732527852</swisstopo:routepoint_id>
				</extensions>
			</trkpt>
			<trkpt lat="46.8506706993" lon="8.4749412140">
				<ele>2376.1</ele>
				<time>1970-01-01T01:00:00+01:00</time>
				<extensions>
					<swisstopo:routepoint_id>558876519</swisstopo:routepoint_id>
				</extensions>
			</trkpt>
			<trkpt lat="46.8506757835" lon="8.4749936711">
				<ele>2376.8</ele>
				<time>1970-01-01T01:00:00+01:00</time>
				<extensions>
					<swisstopo:routepoint_id>47983969</swisstopo:routepoint_id>
				</extensions>
			</trkpt>
			<trkpt lat="46.8506742711" lon="8.4750672698">
				<ele>2377.5</ele>
				<time>1970-01-01T01:00:00+01:00</time>
				<extensions>
					<swisstopo:routepoint_id>854835886</swisstopo:routepoint_id>
				</extensions>
			</trkpt>
			<trkpt lat="46.8506807760" lon="8.4751148503">
				<ele>2377.4</ele>
				<time>1970-01-01T01:00:00+01:00</time>
				<extensions>
					<swisstopo:routepoint_id>1286129077</swisstopo:routepoint_id>
				</extensions>
			</trkpt>
			<trkpt lat="46.8506977885" lon="8.4751683759">
				<ele>2377.6</ele>
				<time>1970-01-01T01:00:00+01:00</time>
				<extensions>
					<swisstopo:routepoint_id>703269472</swisstopo:routepoint_id>
				</extensions>
			</trkpt>
			<trkpt lat="46.8507136749" lon="8.4752488664">
				<ele>2378.4</ele>
				<time>1970-01-01T01:00:00+01:00</time>
				<extensions>
					<swisstopo:routepoint_id>816854177</swisstopo:routepoint_id>
				</extensions>
			</trkpt>
			<trkpt lat="46.8507268151" lon="8.4753276646">
				<ele>2379.7</ele>
				<time>1970-01-01T01:00:00+01:00</time>
				<extensions>
					<swisstopo:routepoint_id>523644228</swisstopo:routepoint_id>
				</extensions>
			</trkpt>
			<trkpt lat="46.8507335518" lon="8.4754022486">
				<ele>2380.8</ele>
				<time>1970-01-01T01:00:00+01:00</time>
				<extensions>
					<swisstopo:routepoint_id>1537255472</swisstopo:routepoint_id>
				</extensions>
			</trkpt>
			<trkpt lat="46.8507503181" lon="8.4754868600">
				<ele>2382.2</ele>
				<time>1970-01-01T01:00:00+01:00</time>
				<extensions>
					<swisstopo:routepoint_id>1864114468</swisstopo:routepoint_id>
				</extensions>
			</trkpt>
			<trkpt lat="46.8507617180" lon="8.4755541648">
				<ele>2382.9</ele>
				<time>1970-01-01T01:00:00+01:00</time>
				<extensions>
					<swisstopo:routepoint_id>775048957</swisstopo:routepoint_id>
				</extensions>
			</trkpt>
			<trkpt lat="46.8507684551" lon="8.4756287484">
				<ele>2383.0</ele>
				<time>1970-01-01T01:00:00+01:00</time>
				<extensions>
					<swisstopo:routepoint_id>14590030</swisstopo:routepoint_id>
				</extensions>
			</trkpt>
			<trkpt lat="46.8507696013" lon="8.4757146589">
				<ele>2383.8</ele>
				<time>1970-01-01T01:00:00+01:00</time>
				<extensions>
					<swisstopo:routepoint_id>480109227</swisstopo:routepoint_id>
				</extensions>
			</trkpt>
			<trkpt lat="46.8507691434" lon="8.4757711003">
				<ele>2384.2</ele>
				<time>1970-01-01T01:00:00+01:00</time>
				<extensions>
					<swisstopo:routepoint_id>1096911660</swisstopo:routepoint_id>
				</extensions>
			</trkpt>
			<trkpt lat="46.8507811390" lon="8.4758212518">
				<ele>2384.4</ele>
				<time>1970-01-01T01:00:00+01:00</time>
				<extensions>
					<swisstopo:routepoint_id>1338181888</swisstopo:routepoint_id>
				</extensions>
			</trkpt>
			<trkpt lat="46.8508012469" lon="8.4758895632">
				<ele>2385.3</ele>
				<time>1970-01-01T01:00:00+01:00</time>
				<extensions>
					<swisstopo:routepoint_id>1480372036</swisstopo:routepoint_id>
				</extensions>
			</trkpt>
			<trkpt lat="46.8508131703" lon="8.4759487092">
				<ele>2386.2</ele>
				<time>1970-01-01T01:00:00+01:00</time>
				<extensions>
					<swisstopo:routepoint_id>1035217287</swisstopo:routepoint_id>
				</extensions>
			</trkpt>
			<trkpt lat="46.8508169282" lon="8.4759945978">
				<ele>2386.8</ele>
				<time>1970-01-01T01:00:00+01:00</time>
				<extensions>
					<swisstopo:routepoint_id>856581193</swisstopo:routepoint_id>
				</extensions>
			</trkpt>
			<trkpt lat="46.8508113296" lon="8.4760623739">
				<ele>2387.6</ele>
				<time>1970-01-01T01:00:00+01:00</time>
				<extensions>
					<swisstopo:routepoint_id>1242557627</swisstopo:routepoint_id>
				</extensions>
			</trkpt>
			<trkpt lat="46.8508070066" lon="8.4761432625">
				<ele>2388.0</ele>
				<time>1970-01-01T01:00:00+01:00</time>
				<extensions>
					<swisstopo:routepoint_id>451309454</swisstopo:routepoint_id>
				</extensions>
			</trkpt>
			<trkpt lat="46.8508110783" lon="8.4762071609">
				<ele>2388.9</ele>
				<time>1970-01-01T01:00:00+01:00</time>
				<extensions>
					<swisstopo:routepoint_id>1917808422</swisstopo:routepoint_id>
				</extensions>
			</trkpt>
			<trkpt lat="46.8508254128" lon="8.4763088906">
				<ele>2390.1</ele>
				<time>1970-01-01T01:00:00+01:00</time>
				<extensions>
					<swisstopo:routepoint_id>894857065</swisstopo:routepoint_id>
				</extensions>
			</trkpt>
			<trkpt lat="46.8508284289" lon="8.4763899327">
				<ele>2391.2</ele>
				<time>1970-01-01T01:00:00+01:00</time>
				<extensions>
					<swisstopo:routepoint_id>1430569381</swisstopo:routepoint_id>
				</extensions>
			</trkpt>
			<trkpt lat="46.8508334476" lon="8.4764505712">
				<ele>2392.1</ele>
				<time>1970-01-01T01:00:00+01:00</time>
				<extensions>
					<swisstopo:routepoint_id>1752919773</swisstopo:routepoint_id>
				</extensions>
			</trkpt>
			<trkpt lat="46.8508302948" lon="8.4764995912">
				<ele>2393.0</ele>
				<time>1970-01-01T01:00:00+01:00</time>
				<extensions>
					<swisstopo:routepoint_id>729632710</swisstopo:routepoint_id>
				</extensions>
			</trkpt>
			<trkpt lat="46.8508333911" lon="8.4765708140">
				<ele>2393.8</ele>
				<time>1970-01-01T01:00:00+01:00</time>
				<extensions>
					<swisstopo:routepoint_id>766085249</swisstopo:routepoint_id>
				</extensions>
			</trkpt>
			<trkpt lat="46.8508338297" lon="8.4766305518">
				<ele>2394.5</ele>
				<time>1970-01-01T01:00:00+01:00</time>
				<extensions>
					<swisstopo:routepoint_id>1556083257</swisstopo:routepoint_id>
				</extensions>
			</trkpt>
			<trkpt lat="46.8508275462" lon="8.4766696769">
				<ele>2394.6</ele>
				<time>1970-01-01T01:00:00+01:00</time>
				<extensions>
					<swisstopo:routepoint_id>1614426596</swisstopo:routepoint_id>
				</extensions>
			</trkpt>
			<trkpt lat="46.8508276637" lon="8.4767122172">
				<ele>2394.4</ele>
				<time>1970-01-01T01:00:00+01:00</time>
				<extensions>
					<swisstopo:routepoint_id>656939062</swisstopo:routepoint_id>
				</extensions>
			</trkpt>
			<trkpt lat="46.8508354273" lon="8.4767737346">
				<ele>2394.3</ele>
				<time>1970-01-01T01:00:00+01:00</time>
				<extensions>
					<swisstopo:routepoint_id>1573635420</swisstopo:routepoint_id>
				</extensions>
			</trkpt>
			<trkpt lat="46.8508358431" lon="8.4768359098">
				<ele>2394.4</ele>
				<time>1970-01-01T01:00:00+01:00</time>
				<extensions>
					<swisstopo:routepoint_id>135622623</swisstopo:routepoint_id>
				</extensions>
			</trkpt>
			<trkpt lat="46.8508288755" lon="8.4769028471">
				<ele>2393.8</ele>
				<time>1970-01-01T01:00:00+01:00</time>
				<extensions>
					<swisstopo:routepoint_id>2025175614</swisstopo:routepoint_id>
				</extensions>
			</trkpt>
			<trkpt lat="46.8508215794" lon="8.4769534135">
				<ele>2394.1</ele>
				<time>1970-01-01T01:00:00+01:00</time>
				<extensions>
					<swisstopo:routepoint_id>1420231090</swisstopo:routepoint_id>
				</extensions>
			</trkpt>
			<trkpt lat="46.8508312649" lon="8.4770043211">
				<ele>2394.3</ele>
				<time>1970-01-01T01:00:00+01:00</time>
				<extensions>
					<swisstopo:routepoint_id>1492198145</swisstopo:routepoint_id>
				</extensions>
			</trkpt>
			<trkpt lat="46.8508655225" lon="8.4770835665">
				<ele>2394.6</ele>
				<time>1970-01-01T01:00:00+01:00</time>
				<extensions>
					<swisstopo:routepoint_id>37981709</swisstopo:routepoint_id>
				</extensions>
			</trkpt>
			<trkpt lat="46.8508871004" lon="8.4771404596">
				<ele>2394.4</ele>
				<time>1970-01-01T01:00:00+01:00</time>
				<extensions>
					<swisstopo:routepoint_id>762484848</swisstopo:routepoint_id>
				</extensions>
			</trkpt>
			<trkpt lat="46.8508895489" lon="8.4771789664">
				<ele>2393.9</ele>
				<time>1970-01-01T01:00:00+01:00</time>
				<extensions>
					<swisstopo:routepoint_id>1313497648</swisstopo:routepoint_id>
				</extensions>
			</trkpt>
			<trkpt lat="46.8509065308" lon="8.4772357581">
				<ele>2393.8</ele>
				<time>1970-01-01T01:00:00+01:00</time>
				<extensions>
					<swisstopo:routepoint_id>1100223357</swisstopo:routepoint_id>
				</extensions>
			</trkpt>
			<trkpt lat="46.8509194655" lon="8.4772834759">
				<ele>2394.0</ele>
				<time>1970-01-01T01:00:00+01:00</time>
				<extensions>
					<swisstopo:routepoint_id>1896078919</swisstopo:routepoint_id>
				</extensions>
			</trkpt>
			<trkpt lat="46.8509342566" lon="8.4773844018">
				<ele>2394.5</ele>
				<time>1970-01-01T01:00:00+01:00</time>
				<extensions>
					<swisstopo:routepoint_id>1522665442</swisstopo:routepoint_id>
				</extensions>
			</trkpt>
			<trkpt lat="46.8509386122" lon="8.4774139368">
				<ele>2394.5</ele>
				<time>1970-01-01T01:00:00+01:00</time>
				<extensions>
					<swisstopo:routepoint_id>1384005241</swisstopo:routepoint_id>
				</extensions>
			</trkpt>
			<trkpt lat="46.8509601250" lon="8.4774790116">
				<ele>2394.9</ele>
				<time>1970-01-01T01:00:00+01:00</time>
				<extensions>
					<swisstopo:routepoint_id>1825620945</swisstopo:routepoint_id>
				</extensions>
			</trkpt>
			<trkpt lat="46.8509806470" lon="8.4775530623">
				<ele>2394.9</ele>
				<time>1970-01-01T01:00:00+01:00</time>
				<extensions>
					<swisstopo:routepoint_id>823891790</swisstopo:routepoint_id>
				</extensions>
			</trkpt>
			<trkpt lat="46.8510088745" lon="8.4776395350">
				<ele>2395.5</ele>
				<time>1970-01-01T01:00:00+01:00</time>
				<extensions>
					<swisstopo:routepoint_id>1147220839</swisstopo:routepoint_id>
				</extensions>
			</trkpt>
			<trkpt lat="46.8510258932" lon="8.4776922492">
				<ele>2395.7</ele>
				<time>1970-01-01T01:00:00+01:00</time>
				<extensions>
					<swisstopo:routepoint_id>61694373</swisstopo:routepoint_id>
				</extensions>
			</trkpt>
			<trkpt lat="46.8510494806" lon="8.4777279124">
				<ele>2395.5</ele>
				<time>1970-01-01T01:00:00+01:00</time>
				<extensions>
					<swisstopo:routepoint_id>481600695</swisstopo:routepoint_id>
				</extensions>
			</trkpt>
			<trkpt lat="46.8510680939" lon="8.4777536585">
				<ele>2395.4</ele>
				<time>1970-01-01T01:00:00+01:00</time>
				<extensions>
					<swisstopo:routepoint_id>237814409</swisstopo:routepoint_id>
				</extensions>
			</trkpt>
			<trkpt lat="46.8510720411" lon="8.4777766422">
				<ele>2395.6</ele>
				<time>1970-01-01T01:00:00+01:00</time>
				<extensions>
					<swisstopo:routepoint_id>583907833</swisstopo:routepoint_id>
				</extensions>
			</trkpt>
			<trkpt lat="46.8510670029" lon="8.4778321696">
				<ele>2396.0</ele>
				<time>1970-01-01T01:00:00+01:00</time>
				<extensions>
					<swisstopo:routepoint_id>1086256418</swisstopo:routepoint_id>
				</extensions>
			</trkpt>
			<trkpt lat="46.8510610896" lon="8.4778819368">
				<ele>2396.5</ele>
				<time>1970-01-01T01:00:00+01:00</time>
				<extensions>
					<swisstopo:routepoint_id>347700561</swisstopo:routepoint_id>
				</extensions>
			</trkpt>
			<trkpt lat="46.8510442094" lon="8.4779249487">
				<ele>2397.1</ele>
				<time>1970-01-01T01:00:00+01:00</time>
				<extensions>
					<swisstopo:routepoint_id>1168223720</swisstopo:routepoint_id>
				</extensions>
			</trkpt>
			<trkpt lat="46.8510424263" lon="8.4779756216">
				<ele>2397.5</ele>
				<time>1970-01-01T01:00:00+01:00</time>
				<extensions>
					<swisstopo:routepoint_id>164888649</swisstopo:routepoint_id>
				</extensions>
			</trkpt>
			<trkpt lat="46.8510432786" lon="8.4780402714">
				<ele>2397.5</ele>
				<time>1970-01-01T01:00:00+01:00</time>
				<extensions>
					<swisstopo:routepoint_id>165224355</swisstopo:routepoint_id>
				</extensions>
			</trkpt>
			<trkpt lat="46.8510457263" lon="8.4780787656">
				<ele>2397.9</ele>
				<time>1970-01-01T01:00:00+01:00</time>
				<extensions>
					<swisstopo:routepoint_id>664484132</swisstopo:routepoint_id>
				</extensions>
			</trkpt>
			<trkpt lat="46.8510615573" lon="8.4781077227">
				<ele>2398.5</ele>
				<time>1970-01-01T01:00:00+01:00</time>
				<extensions>
					<swisstopo:routepoint_id>196836515</swisstopo:routepoint_id>
				</extensions>
			</trkpt>
			<trkpt lat="46.8510801421" lon="8.4781375591">
				<ele>2399.3</ele>
				<time>1970-01-01T01:00:00+01:00</time>
				<extensions>
					<swisstopo:routepoint_id>1262689762</swisstopo:routepoint_id>
				</extensions>
			</trkpt>
			<trkpt lat="46.8510863531" lon="8.4781638655">
				<ele>2399.9</ele>
				<time>1970-01-01T01:00:00+01:00</time>
				<extensions>
					<swisstopo:routepoint_id>109146187</swisstopo:routepoint_id>
				</extensions>
			</trkpt>
			<trkpt lat="46.8510843073" lon="8.4782464502">
				<ele>2401.5</ele>
				<time>1970-01-01T01:00:00+01:00</time>
				<extensions>
					<swisstopo:routepoint_id>2129931485</swisstopo:routepoint_id>
				</extensions>
			</trkpt>
			<trkpt lat="46.8510779502" lon="8.4782945826">
				<ele>2402.6</ele>
				<time>1970-01-01T01:00:00+01:00</time>
				<extensions>
					<swisstopo:routepoint_id>1478803973</swisstopo:routepoint_id>
				</extensions>
			</trkpt>
			<trkpt lat="46.8510622720" lon="8.4783596863">
				<ele>2403.8</ele>
				<time>1970-01-01T01:00:00+01:00</time>
				<extensions>
					<swisstopo:routepoint_id>779247096</swisstopo:routepoint_id>
				</extensions>
			</trkpt>
			<trkpt lat="46.8510491577" lon="8.4783921366">
				<ele>2404.3</ele>
				<time>1970-01-01T01:00:00+01:00</time>
				<extensions>
					<swisstopo:routepoint_id>153404330</swisstopo:routepoint_id>
				</extensions>
			</trkpt>
			<trkpt lat="46.8510470092" lon="8.4784305420">
				<ele>2404.7</ele>
				<time>1970-01-01T01:00:00+01:00</time>
				<extensions>
					<swisstopo:routepoint_id>790908126</swisstopo:routepoint_id>
				</extensions>
			</trkpt>
			<trkpt lat="46.8510679529" lon="8.4785086919">
				<ele>2405.5</ele>
				<time>1970-01-01T01:00:00+01:00</time>
				<extensions>
					<swisstopo:routepoint_id>1987193905</swisstopo:routepoint_id>
				</extensions>
			</trkpt>
			<trkpt lat="46.8510940964" lon="8.4785689522">
				<ele>2406.6</ele>
				<time>1970-01-01T01:00:00+01:00</time>
				<extensions>
					<swisstopo:routepoint_id>657746241</swisstopo:routepoint_id>
				</extensions>
			</trkpt>
			<trkpt lat="46.8511070887" lon="8.4786093029">
				<ele>2407.1</ele>
				<time>1970-01-01T01:00:00+01:00</time>
				<extensions>
					<swisstopo:routepoint_id>178700497</swisstopo:routepoint_id>
				</extensions>
			</trkpt>
			<trkpt lat="46.8511210041" lon="8.4787044821">
				<ele>2407.9</ele>
				<time>1970-01-01T01:00:00+01:00</time>
				<extensions>
					<swisstopo:routepoint_id>1085242000</swisstopo:routepoint_id>
				</extensions>
			</trkpt>
			<trkpt lat="46.8511230875" lon="8.4787879727">
				<ele>2408.4</ele>
				<time>1970-01-01T01:00:00+01:00</time>
				<extensions>
					<swisstopo:routepoint_id>1013889577</swisstopo:routepoint_id>
				</extensions>
			</trkpt>
			<trkpt lat="46.8511284475" lon="8.4788633439">
				<ele>2408.8</ele>
				<time>1970-01-01T01:00:00+01:00</time>
				<extensions>
					<swisstopo:routepoint_id>1938315854</swisstopo:routepoint_id>
				</extensions>
			</trkpt>
			<trkpt lat="46.8511257080" lon="8.4789172766">
				<ele>2409.2</ele>
				<time>1970-01-01T01:00:00+01:00</time>
				<extensions>
					<swisstopo:routepoint_id>1863701764</swisstopo:routepoint_id>
				</extensions>
			</trkpt>
			<trkpt lat="46.8511267798" lon="8.4789557442">
				<ele>2409.5</ele>
				<time>1970-01-01T01:00:00+01:00</time>
				<extensions>
					<swisstopo:routepoint_id>70457974</swisstopo:routepoint_id>
				</extensions>
			</trkpt>
			<trkpt lat="46.8511381182" lon="8.4790295919">
				<ele>2409.9</ele>
				<time>1970-01-01T01:00:00+01:00</time>
				<extensions>
					<swisstopo:routepoint_id>698773652</swisstopo:routepoint_id>
				</extensions>
			</trkpt>
			<trkpt lat="46.8511545820" lon="8.4790937432">
				<ele>2410.0</ele>
				<time>1970-01-01T01:00:00+01:00</time>
				<extensions>
					<swisstopo:routepoint_id>236784402</swisstopo:routepoint_id>
				</extensions>
			</trkpt>
			<trkpt lat="46.8511757228" lon="8.4791481767">
				<ele>2410.0</ele>
				<time>1970-01-01T01:00:00+01:00</time>
				<extensions>
					<swisstopo:routepoint_id>1763926572</swisstopo:routepoint_id>
				</extensions>
			</trkpt>
			<trkpt lat="46.8511936224" lon="8.4792058130">
				<ele>2410.5</ele>
				<time>1970-01-01T01:00:00+01:00</time>
				<extensions>
					<swisstopo:routepoint_id>342291095</swisstopo:routepoint_id>
				</extensions>
			</trkpt>
			<trkpt lat="46.8512049903" lon="8.4792763960">
				<ele>2411.1</ele>
				<time>1970-01-01T01:00:00+01:00</time>
				<extensions>
					<swisstopo:routepoint_id>909406429</swisstopo:routepoint_id>
				</extensions>
			</trkpt>
			<trkpt lat="46.8512284242" lon="8.4793308747">
				<ele>2411.6</ele>
				<time>1970-01-01T01:00:00+01:00</time>
				<extensions>
					<swisstopo:routepoint_id>1625270188</swisstopo:routepoint_id>
				</extensions>
			</trkpt>
			<trkpt lat="46.8512505906" lon="8.4793714286">
				<ele>2411.2</ele>
				<time>1970-01-01T01:00:00+01:00</time>
				<extensions>
					<swisstopo:routepoint_id>1542827924</swisstopo:routepoint_id>
				</extensions>
			</trkpt>
			<trkpt lat="46.8512744778" lon="8.4794275546">
				<ele>2411.7</ele>
				<time>1970-01-01T01:00:00+01:00</time>
				<extensions>
					<swisstopo:routepoint_id>2037597496</swisstopo:routepoint_id>
				</extensions>
			</trkpt>
			<trkpt lat="46.8512872870" lon="8.4794899836">
				<ele>2412.8</ele>
				<time>1970-01-01T01:00:00+01:00</time>
				<extensions>
					<swisstopo:routepoint_id>1563167760</swisstopo:routepoint_id>
				</extensions>
			</trkpt>
			<trkpt lat="46.8512930900" lon="8.4795670028">
				<ele>2414.0</ele>
				<time>1970-01-01T01:00:00+01:00</time>
				<extensions>
					<swisstopo:routepoint_id>921367769</swisstopo:routepoint_id>
				</extensions>
			</trkpt>
			<trkpt lat="46.8512985361" lon="8.4796309286">
				<ele>2414.6</ele>
				<time>1970-01-01T01:00:00+01:00</time>
				<extensions>
					<swisstopo:routepoint_id>182476206</swisstopo:routepoint_id>
				</extensions>
			</trkpt>
			<trkpt lat="46.8513041496" lon="8.4796744015">
				<ele>2414.7</ele>
				<time>1970-01-01T01:00:00+01:00</time>
				<extensions>
					<swisstopo:routepoint_id>503739588</swisstopo:routepoint_id>
				</extensions>
			</trkpt>
			<trkpt lat="46.8513221092" lon="8.4797254821">
				<ele>2415.0</ele>
				<time>1970-01-01T01:00:00+01:00</time>
				<extensions>
					<swisstopo:routepoint_id>2115535782</swisstopo:routepoint_id>
				</extensions>
			</trkpt>
			<trkpt lat="46.8513328283" lon="8.4797625238">
				<ele>2415.2</ele>
				<time>1970-01-01T01:00:00+01:00</time>
				<extensions>
					<swisstopo:routepoint_id>1050018241</swisstopo:routepoint_id>
				</extensions>
			</trkpt>
			<trkpt lat="46.8513270882" lon="8.4797902121">
				<ele>2415.1</ele>
				<time>1970-01-01T01:00:00+01:00</time>
				<extensions>
					<swisstopo:routepoint_id>555337945</swisstopo:routepoint_id>
				</extensions>
			</trkpt>
			<trkpt lat="46.8513103828" lon="8.4798119577">
				<ele>2414.9</ele>
				<time>1970-01-01T01:00:00+01:00</time>
				<extensions>
					<swisstopo:routepoint_id>214388678</swisstopo:routepoint_id>
				</extensions>
			</trkpt>
			<trkpt lat="46.8513099899" lon="8.4798610322">
				<ele>2415.4</ele>
				<time>1970-01-01T01:00:00+01:00</time>
				<extensions>
					<swisstopo:routepoint_id>1931369436</swisstopo:routepoint_id>
				</extensions>
			</trkpt>
			<trkpt lat="46.8513188521" lon="8.4799004767">
				<ele>2416.8</ele>
				<time>1970-01-01T01:00:00+01:00</time>
				<extensions>
					<swisstopo:routepoint_id>1477382738</swisstopo:routepoint_id>
				</extensions>
			</trkpt>
			<trkpt lat="46.8513421548" lon="8.4799713172">
				<ele>2419.5</ele>
				<time>1970-01-01T01:00:00+01:00</time>
				<extensions>
					<swisstopo:routepoint_id>1976527154</swisstopo:routepoint_id>
				</extensions>
			</trkpt>
			<trkpt lat="46.8513541623" lon="8.4800190054">
				<ele>2420.0</ele>
				<time>1970-01-01T01:00:00+01:00</time>
				<extensions>
					<swisstopo:routepoint_id>687895847</swisstopo:routepoint_id>
				</extensions>
			</trkpt>
			<trkpt lat="46.8513712172" lon="8.4800676299">
				<ele>2420.5</ele>
				<time>1970-01-01T01:00:00+01:00</time>
				<extensions>
					<swisstopo:routepoint_id>939536839</swisstopo:routepoint_id>
				</extensions>
			</trkpt>
			<trkpt lat="46.8513749301" lon="8.4801192482">
				<ele>2421.6</ele>
				<time>1970-01-01T01:00:00+01:00</time>
				<extensions>
					<swisstopo:routepoint_id>1643141737</swisstopo:routepoint_id>
				</extensions>
			</trkpt>
			<trkpt lat="46.8513748919" lon="8.4801797770">
				<ele>2421.7</ele>
				<time>1970-01-01T01:00:00+01:00</time>
				<extensions>
					<swisstopo:routepoint_id>612207629</swisstopo:routepoint_id>
				</extensions>
			</trkpt>
			<trkpt lat="46.8513808496" lon="8.4802387955">
				<ele>2422.3</ele>
				<time>1970-01-01T01:00:00+01:00</time>
				<extensions>
					<swisstopo:routepoint_id>901951905</swisstopo:routepoint_id>
				</extensions>
			</trkpt>
			<trkpt lat="46.8513855803" lon="8.4803337852">
				<ele>2424.0</ele>
				<time>1970-01-01T01:00:00+01:00</time>
				<extensions>
					<swisstopo:routepoint_id>1791340312</swisstopo:routepoint_id>
				</extensions>
			</trkpt>
			<trkpt lat="46.8513863804" lon="8.4804049773">
				<ele>2425.1</ele>
				<time>1970-01-01T01:00:00+01:00</time>
				<extensions>
					<swisstopo:routepoint_id>387868291</swisstopo:routepoint_id>
				</extensions>
			</trkpt>
			<trkpt lat="46.8514001722" lon="8.4805165079">
				<ele>2426.0</ele>
				<time>1970-01-01T01:00:00+01:00</time>
				<extensions>
					<swisstopo:routepoint_id>1369023884</swisstopo:routepoint_id>
				</extensions>
			</trkpt>
			<trkpt lat="46.8514027121" lon="8.4805991810">
				<ele>2427.8</ele>
				<time>1970-01-01T01:00:00+01:00</time>
				<extensions>
					<swisstopo:routepoint_id>943431602</swisstopo:routepoint_id>
				</extensions>
			</trkpt>
			<trkpt lat="46.8514008327" lon="8.4806613134">
				<ele>2428.9</ele>
				<time>1970-01-01T01:00:00+01:00</time>
				<extensions>
					<swisstopo:routepoint_id>1239542202</swisstopo:routepoint_id>
				</extensions>
			</trkpt>
			<trkpt lat="46.8514160731" lon="8.4807638890">
				<ele>2429.2</ele>
				<time>1970-01-01T01:00:00+01:00</time>
				<extensions>
					<swisstopo:routepoint_id>1626917362</swisstopo:routepoint_id>
				</extensions>
			</trkpt>
			<trkpt lat="46.8514333588" lon="8.4808967687">
				<ele>2431.1</ele>
				<time>1970-01-01T01:00:00+01:00</time>
				<extensions>
					<swisstopo:routepoint_id>454015050</swisstopo:routepoint_id>
				</extensions>
			</trkpt>
			<trkpt lat="46.8514397508" lon="8.4809574349">
				<ele>2432.4</ele>
				<time>1970-01-01T01:00:00+01:00</time>
				<extensions>
					<swisstopo:routepoint_id>356482557</swisstopo:routepoint_id>
				</extensions>
			</trkpt>
			<trkpt lat="46.8514298466" lon="8.4809899598">
				<ele>2432.9</ele>
				<time>1970-01-01T01:00:00+01:00</time>
				<extensions>
					<swisstopo:routepoint_id>1474861620</swisstopo:routepoint_id>
				</extensions>
			</trkpt>
			<trkpt lat="46.8514414677" lon="8.4810859098">
				<ele>2434.3</ele>
				<time>1970-01-01T01:00:00+01:00</time>
				<extensions>
					<swisstopo:routepoint_id>138656384</swisstopo:routepoint_id>
				</extensions>
			</trkpt>
			<trkpt lat="46.8514474579" lon="8.4811956497">
				<ele>2436.2</ele>
				<time>1970-01-01T01:00:00+01:00</time>
				<extensions>
					<swisstopo:routepoint_id>946946818</swisstopo:routepoint_id>
				</extensions>
			</trkpt>
			<trkpt lat="46.8514505879" lon="8.4812627956">
				<ele>2436.9</ele>
				<time>1970-01-01T01:00:00+01:00</time>
				<extensions>
					<swisstopo:routepoint_id>1019292581</swisstopo:routepoint_id>
				</extensions>
			</trkpt>
			<trkpt lat="46.8514585157" lon="8.4813602997">
				<ele>2437.6</ele>
				<time>1970-01-01T01:00:00+01:00</time>
				<extensions>
					<swisstopo:routepoint_id>62102427</swisstopo:routepoint_id>
				</extensions>
			</trkpt>
			<trkpt lat="46.8514597564" lon="8.4814205645">
				<ele>2437.9</ele>
				<time>1970-01-01T01:00:00+01:00</time>
				<extensions>
					<swisstopo:routepoint_id>621460155</swisstopo:routepoint_id>
				</extensions>
			</trkpt>
			<trkpt lat="46.8514636197" lon="8.4814674790">
				<ele>2437.4</ele>
				<time>1970-01-01T01:00:00+01:00</time>
				<extensions>
					<swisstopo:routepoint_id>1855121289</swisstopo:routepoint_id>
				</extensions>
			</trkpt>
			<trkpt lat="46.8514753264" lon="8.4815145455">
				<ele>2435.9</ele>
				<time>1970-01-01T01:00:00+01:00</time>
				<extensions>
					<swisstopo:routepoint_id>1059428172</swisstopo:routepoint_id>
				</extensions>
			</trkpt>
			<trkpt lat="46.8514926973" lon="8.4815669272">
				<ele>2433.6</ele>
				<time>1970-01-01T01:00:00+01:00</time>
				<extensions>
					<swisstopo:routepoint_id>953315635</swisstopo:routepoint_id>
				</extensions>
			</trkpt>
			<trkpt lat="46.8515050573" lon="8.4816212832">
				<ele>2432.6</ele>
				<time>1970-01-01T01:00:00+01:00</time>
				<extensions>
					<swisstopo:routepoint_id>1279941613</swisstopo:routepoint_id>
				</extensions>
			</trkpt>
			<trkpt lat="46.8515158353" lon="8.4816922758">
				<ele>2432.3</ele>
				<time>1970-01-01T01:00:00+01:00</time>
				<extensions>
					<swisstopo:routepoint_id>2095885291</swisstopo:routepoint_id>
				</extensions>
			</trkpt>
			<trkpt lat="46.8515256082" lon="8.4817955071">
				<ele>2431.0</ele>
				<time>1970-01-01T01:00:00+01:00</time>
				<extensions>
					<swisstopo:routepoint_id>1901147103</swisstopo:routepoint_id>
				</extensions>
			</trkpt>
			<trkpt lat="46.8515384982" lon="8.4818696485">
				<ele>2432.8</ele>
				<time>1970-01-01T01:00:00+01:00</time>
				<extensions>
					<swisstopo:routepoint_id>1266132452</swisstopo:routepoint_id>
				</extensions>
			</trkpt>
			<trkpt lat="46.8515478839" lon="8.4819364437">
				<ele>2433.3</ele>
				<time>1970-01-01T01:00:00+01:00</time>
				<extensions>
					<swisstopo:routepoint_id>1225438854</swisstopo:routepoint_id>
				</extensions>
			</trkpt>
			<trkpt lat="46.8515586327" lon="8.4820105564">
				<ele>2432.5</ele>
				<time>1970-01-01T01:00:00+01:00</time>
				<extensions>
					<swisstopo:routepoint_id>385345172</swisstopo:routepoint_id>
				</extensions>
			</trkpt>
			<trkpt lat="46.8515623257" lon="8.4820751571">
				<ele>2431.1</ele>
				<time>1970-01-01T01:00:00+01:00</time>
				<extensions>
					<swisstopo:routepoint_id>1243473589</swisstopo:routepoint_id>
				</extensions>
			</trkpt>
			<trkpt lat="46.8515708389" lon="8.4821596384">
				<ele>2430.9</ele>
				<time>1970-01-01T01:00:00+01:00</time>
				<extensions>
					<swisstopo:routepoint_id>537845899</swisstopo:routepoint_id>
				</extensions>
			</trkpt>
			<trkpt lat="46.8515852732" lon="8.4822213260">
				<ele>2431.4</ele>
				<time>1970-01-01T01:00:00+01:00</time>
				<extensions>
					<swisstopo:routepoint_id>333385417</swisstopo:routepoint_id>
				</extensions>
			</trkpt>
			<trkpt lat="46.8515969409" lon="8.4822735975">
				<ele>2431.1</ele>
				<time>1970-01-01T01:00:00+01:00</time>
				<extensions>
					<swisstopo:routepoint_id>75688218</swisstopo:routepoint_id>
				</extensions>
			</trkpt>
			<trkpt lat="46.8516200701" lon="8.4823297760">
				<ele>2430.8</ele>
				<time>1970-01-01T01:00:00+01:00</time>
				<extensions>
					<swisstopo:routepoint_id>37584934</swisstopo:routepoint_id>
				</extensions>
			</trkpt>
			<trkpt lat="46.8516415227" lon="8.4823449441">
				<ele>2431.0</ele>
				<time>1970-01-01T01:00:00+01:00</time>
				<extensions>
					<swisstopo:routepoint_id>1999285072</swisstopo:routepoint_id>
				</extensions>
			</trkpt>
			<trkpt lat="46.8516847136" lon="8.4823409426">
				<ele>2431.7</ele>
				<time>1970-01-01T01:00:00+01:00</time>
				<extensions>
					<swisstopo:routepoint_id>224339338</swisstopo:routepoint_id>
				</extensions>
			</trkpt>
			<trkpt lat="46.8517210672" lon="8.4823310667">
				<ele>2431.5</ele>
				<time>1970-01-01T01:00:00+01:00</time>
				<extensions>
					<swisstopo:routepoint_id>1680411669</swisstopo:routepoint_id>
				</extensions>
			</trkpt>
			<trkpt lat="46.8517611498" lon="8.4823147307">
				<ele>2432.6</ele>
				<time>1970-01-01T01:00:00+01:00</time>
				<extensions>
					<swisstopo:routepoint_id>847908710</swisstopo:routepoint_id>
				</extensions>
			</trkpt>
			<trkpt lat="46.8517803743" lon="8.4823216728">
				<ele>2432.6</ele>
				<time>1970-01-01T01:00:00+01:00</time>
				<extensions>
					<swisstopo:routepoint_id>1295809737</swisstopo:routepoint_id>
				</extensions>
			</trkpt>
			<trkpt lat="46.8517953105" lon="8.4823489887">
				<ele>2432.5</ele>
				<time>1970-01-01T01:00:00+01:00</time>
				<extensions>
					<swisstopo:routepoint_id>1889590170</swisstopo:routepoint_id>
				</extensions>
			</trkpt>
			<trkpt lat="46.8518115410" lon="8.4823853114">
				<ele>2431.9</ele>
				<time>1970-01-01T01:00:00+01:00</time>
				<extensions>
					<swisstopo:routepoint_id>489416552</swisstopo:routepoint_id>
				</extensions>
			</trkpt>
			<trkpt lat="46.8518334214" lon="8.4824610315">
				<ele>2432.4</ele>
				<time>1970-01-01T01:00:00+01:00</time>
				<extensions>
					<swisstopo:routepoint_id>883059645</swisstopo:routepoint_id>
				</extensions>
			</trkpt>
			<trkpt lat="46.8518552884" lon="8.4825392021">
				<ele>2432.7</ele>
				<time>1970-01-01T01:00:00+01:00</time>
				<extensions>
					<swisstopo:routepoint_id>152055741</swisstopo:routepoint_id>
				</extensions>
			</trkpt>
			<trkpt lat="46.8518755023" lon="8.4825944329">
				<ele>2433.7</ele>
				<time>1970-01-01T01:00:00+01:00</time>
				<extensions>
					<swisstopo:routepoint_id>315358666</swisstopo:routepoint_id>
				</extensions>
			</trkpt>
			<trkpt lat="46.8519105707" lon="8.4826859727">
				<ele>2435.0</ele>
				<time>1970-01-01T01:00:00+01:00</time>
				<extensions>
					<swisstopo:routepoint_id>1557019386</swisstopo:routepoint_id>
				</extensions>
			</trkpt>
			<trkpt lat="46.8519456090" lon="8.4827807775">
				<ele>2436.6</ele>
				<time>1970-01-01T01:00:00+01:00</time>
				<extensions>
					<swisstopo:routepoint_id>455569039</swisstopo:routepoint_id>
				</extensions>
			</trkpt>
			<trkpt lat="46.8519675788" lon="8.4828466777">
				<ele>2437.2</ele>
				<time>1970-01-01T01:00:00+01:00</time>
				<extensions>
					<swisstopo:routepoint_id>76553956</swisstopo:routepoint_id>
				</extensions>
			</trkpt>
			<trkpt lat="46.8519905074" lon="8.4829060656">
				<ele>2436.5</ele>
				<time>1970-01-01T01:00:00+01:00</time>
				<extensions>
					<swisstopo:routepoint_id>325486663</swisstopo:routepoint_id>
				</extensions>
			</trkpt>
			<trkpt lat="46.8520061478" lon="8.4829587429">
				<ele>2436.9</ele>
				<time>1970-01-01T01:00:00+01:00</time>
				<extensions>
					<swisstopo:routepoint_id>1311654940</swisstopo:routepoint_id>
				</extensions>
			</trkpt>
			<trkpt lat="46.8520247734" lon="8.4830401165">
				<ele>2437.9</ele>
				<time>1970-01-01T01:00:00+01:00</time>
				<extensions>
					<swisstopo:routepoint_id>1150157903</swisstopo:routepoint_id>
				</extensions>
			</trkpt>
			<trkpt lat="46.8520467340" lon="8.4831060167">
				<ele>2438.2</ele>
				<time>1970-01-01T01:00:00+01:00</time>
				<extensions>
					<swisstopo:routepoint_id>1815628168</swisstopo:routepoint_id>
				</extensions>
			</trkpt>
			<trkpt lat="46.8520628329" lon="8.4831587158">
				<ele>2438.7</ele>
				<time>1970-01-01T01:00:00+01:00</time>
				<extensions>
					<swisstopo:routepoint_id>575179676</swisstopo:routepoint_id>
				</extensions>
			</trkpt>
			<trkpt lat="46.8520766229" lon="8.4832129964">
				<ele>2438.5</ele>
				<time>1970-01-01T01:00:00+01:00</time>
				<extensions>
					<swisstopo:routepoint_id>1111026528</swisstopo:routepoint_id>
				</extensions>
			</trkpt>
			<trkpt lat="46.8520947900" lon="8.4832943614">
				<ele>2438.7</ele>
				<time>1970-01-01T01:00:00+01:00</time>
				<extensions>
					<swisstopo:routepoint_id>1199652179</swisstopo:routepoint_id>
				</extensions>
			</trkpt>
			<trkpt lat="46.8521136051" lon="8.4833520178">
				<ele>2439.5</ele>
				<time>1970-01-01T01:00:00+01:00</time>
				<extensions>
					<swisstopo:routepoint_id>13809161</swisstopo:routepoint_id>
				</extensions>
			</trkpt>
			<trkpt lat="46.8521332793" lon="8.4834170592">
				<ele>2441.1</ele>
				<time>1970-01-01T01:00:00+01:00</time>
				<extensions>
					<swisstopo:routepoint_id>870446437</swisstopo:routepoint_id>
				</extensions>
			</trkpt>
			<trkpt lat="46.8521492839" lon="8.4834820181">
				<ele>2442.2</ele>
				<time>1970-01-01T01:00:00+01:00</time>
				<extensions>
					<swisstopo:routepoint_id>1515801931</swisstopo:routepoint_id>
				</extensions>
			</trkpt>
			<trkpt lat="46.8521612375" lon="8.4835354373">
				<ele>2441.6</ele>
				<time>1970-01-01T01:00:00+01:00</time>
				<extensions>
					<swisstopo:routepoint_id>22658863</swisstopo:routepoint_id>
				</extensions>
			</trkpt>
			<trkpt lat="46.8521753190" lon="8.4836109926">
				<ele>2441.0</ele>
				<time>1970-01-01T01:00:00+01:00</time>
				<extensions>
					<swisstopo:routepoint_id>687592955</swisstopo:routepoint_id>
				</extensions>
			</trkpt>
			<trkpt lat="46.8521970851" lon="8.4836449854">
				<ele>2440.9</ele>
				<time>1970-01-01T01:00:00+01:00</time>
				<extensions>
					<swisstopo:routepoint_id>51959754</swisstopo:routepoint_id>
				</extensions>
			</trkpt>
			<trkpt lat="46.8522236923" lon="8.4837044454">
				<ele>2441.9</ele>
				<time>1970-01-01T01:00:00+01:00</time>
				<extensions>
					<swisstopo:routepoint_id>1167785370</swisstopo:routepoint_id>
				</extensions>
			</trkpt>
			<trkpt lat="46.8522488336" lon="8.4837736846">
				<ele>2442.2</ele>
				<time>1970-01-01T01:00:00+01:00</time>
				<extensions>
					<swisstopo:routepoint_id>500260964</swisstopo:routepoint_id>
				</extensions>
			</trkpt>
			<trkpt lat="46.8522613071" lon="8.4838213962">
				<ele>2442.5</ele>
				<time>1970-01-01T01:00:00+01:00</time>
				<extensions>
					<swisstopo:routepoint_id>481583993</swisstopo:routepoint_id>
				</extensions>
			</trkpt>
			<trkpt lat="46.8522650038" lon="8.4838746425">
				<ele>2443.0</ele>
				<time>1970-01-01T01:00:00+01:00</time>
				<extensions>
					<swisstopo:routepoint_id>1998832528</swisstopo:routepoint_id>
				</extensions>
			</trkpt>
			<trkpt lat="46.8522622710" lon="8.4839285754">
				<ele>2443.7</ele>
				<time>1970-01-01T01:00:00+01:00</time>
				<extensions>
					<swisstopo:routepoint_id>504656913</swisstopo:routepoint_id>
				</extensions>
			</trkpt>
			<trkpt lat="46.8522448920" lon="8.4839756562">
				<ele>2444.4</ele>
				<time>1970-01-01T01:00:00+01:00</time>
				<extensions>
					<swisstopo:routepoint_id>1151376362</swisstopo:routepoint_id>
				</extensions>
			</trkpt>
			<trkpt lat="46.8522424714" lon="8.4840476001">
				<ele>2445.3</ele>
				<time>1970-01-01T01:00:00+01:00</time>
				<extensions>
					<swisstopo:routepoint_id>1076013249</swisstopo:routepoint_id>
				</extensions>
			</trkpt>
			<trkpt lat="46.8522438386" lon="8.4841057041">
				<ele>2445.7</ele>
				<time>1970-01-01T01:00:00+01:00</time>
				<extensions>
					<swisstopo:routepoint_id>1938305147</swisstopo:routepoint_id>
				</extensions>
			</trkpt>
			<trkpt lat="46.8522533459" lon="8.4841787057">
				<ele>2446.4</ele>
				<time>1970-01-01T01:00:00+01:00</time>
				<extensions>
					<swisstopo:routepoint_id>358492158</swisstopo:routepoint_id>
				</extensions>
			</trkpt>
			<trkpt lat="46.8522594240" lon="8.4842213758">
				<ele>2446.6</ele>
				<time>1970-01-01T01:00:00+01:00</time>
				<extensions>
					<swisstopo:routepoint_id>412750092</swisstopo:routepoint_id>
				</extensions>
			</trkpt>
			<trkpt lat="46.8522616638" lon="8.4842844158">
				<ele>2446.6</ele>
				<time>1970-01-01T01:00:00+01:00</time>
				<extensions>
					<swisstopo:routepoint_id>1737534428</swisstopo:routepoint_id>
				</extensions>
			</trkpt>
			<trkpt lat="46.8522672833" lon="8.4843270627">
				<ele>2446.7</ele>
				<time>1970-01-01T01:00:00+01:00</time>
				<extensions>
					<swisstopo:routepoint_id>174057885</swisstopo:routepoint_id>
				</extensions>
			</trkpt>
			<trkpt lat="46.8522614200" lon="8.4843711143">
				<ele>2446.8</ele>
				<time>1970-01-01T01:00:00+01:00</time>
				<extensions>
					<swisstopo:routepoint_id>1473523906</swisstopo:routepoint_id>
				</extensions>
			</trkpt>
			<trkpt lat="46.8522431231" lon="8.4844181899">
				<ele>2446.5</ele>
				<time>1970-01-01T01:00:00+01:00</time>
				<extensions>
					<swisstopo:routepoint_id>1843970350</swisstopo:routepoint_id>
				</extensions>
			</trkpt>
			<trkpt lat="46.8522368012" lon="8.4844622183">
				<ele>2446.8</ele>
				<time>1970-01-01T01:00:00+01:00</time>
				<extensions>
					<swisstopo:routepoint_id>238804710</swisstopo:routepoint_id>
				</extensions>
			</trkpt>
			<trkpt lat="46.8522360195" lon="8.4845014768">
				<ele>2447.0</ele>
				<time>1970-01-01T01:00:00+01:00</time>
				<extensions>
					<swisstopo:routepoint_id>1231532723</swisstopo:routepoint_id>
				</extensions>
			</trkpt>
			<trkpt lat="46.8522270602" lon="8.4845299157">
				<ele>2446.8</ele>
				<time>1970-01-01T01:00:00+01:00</time>
				<extensions>
					<swisstopo:routepoint_id>1291397747</swisstopo:routepoint_id>
				</extensions>
			</trkpt>
			<trkpt lat="46.8522122542" lon="8.4845435143">
				<ele>2446.3</ele>
				<time>1970-01-01T01:00:00+01:00</time>
				<extensions>
					<swisstopo:routepoint_id>1073879701</swisstopo:routepoint_id>
				</extensions>
			</trkpt>
			<trkpt lat="46.8522158714" lon="8.4846073942">
				<ele>2448.1</ele>
				<time>1970-01-01T01:00:00+01:00</time>
				<extensions>
					<swisstopo:routepoint_id>657342142</swisstopo:routepoint_id>
				</extensions>
			</trkpt>
			<trkpt lat="46.8522208497" lon="8.4846729381">
				<ele>2450.2</ele>
				<time>1970-01-01T01:00:00+01:00</time>
				<extensions>
					<swisstopo:routepoint_id>736475264</swisstopo:routepoint_id>
				</extensions>
			</trkpt>
			<trkpt lat="46.8522163382" lon="8.4847186551">
				<ele>2450.3</ele>
				<time>1970-01-01T01:00:00+01:00</time>
				<extensions>
					<swisstopo:routepoint_id>39131375</swisstopo:routepoint_id>
				</extensions>
			</trkpt>
			<trkpt lat="46.8522094976" lon="8.4847692299">
				<ele>2450.6</ele>
				<time>1970-01-01T01:00:00+01:00</time>
				<extensions>
					<swisstopo:routepoint_id>615975989</swisstopo:routepoint_id>
				</extensions>
			</trkpt>
			<trkpt lat="46.8521975789" lon="8.4848159347">
				<ele>2450.5</ele>
				<time>1970-01-01T01:00:00+01:00</time>
				<extensions>
					<swisstopo:routepoint_id>1211052949</swisstopo:routepoint_id>
				</extensions>
			</trkpt>
			<trkpt lat="46.8521975789" lon="8.4848159347">
				<ele>2450.5</ele>
				<extensions>
					<swisstopo:waypoint_id>2138633945</swisstopo:waypoint_id>
					<swisstopo:waypoint_is_controlpoint>1</swisstopo:waypoint_is_controlpoint>
					<swisstopo:waypoint_routepoint_id>1211052949</swisstopo:waypoint_routepoint_id>
					<swisstopo:waypoint_meters_into_tour>7171.563088</swisstopo:waypoint_meters_into_tour>
					<swisstopo:waypoint_trackpoint_id>swisstopo-05</swisstopo:waypoint_trackpoint_id>
					<swisstopo:waypoint_original_name>Waypoint</swisstopo:waypoint_original_name>
				</extensions>
				<name>swisstopo-05</name>
			</trkpt>
			<trkpt lat="46.8521970972" lon="8.4848178221">
				<ele>2450.5</ele>
				<time>1970-01-01T01:00:00+01:00</time>
				<extensions>
					<swisstopo:routepoint_id>1168184700</swisstopo:routepoint_id>
				</extensions>
			</trkpt>
			<trkpt lat="46.8521923501" lon="8.4848676916">
				<ele>2450.3</ele>
				<time>1970-01-01T01:00:00+01:00</time>
				<extensions>
					<swisstopo:routepoint_id>202138855</swisstopo:routepoint_id>
				</extensions>
			</trkpt>
			<trkpt lat="46.8521875166" lon="8.4849279561">
				<ele>2450.1</ele>
				<time>1970-01-01T01:00:00+01:00</time>
				<extensions>
					<swisstopo:routepoint_id>237022696</swisstopo:routepoint_id>
				</extensions>
			</trkpt>
			<trkpt lat="46.8521928475" lon="8.4849696945">
				<ele>2449.4</ele>
				<time>1970-01-01T01:00:00+01:00</time>
				<extensions>
					<swisstopo:routepoint_id>1511309188</swisstopo:routepoint_id>
				</extensions>
			</trkpt>
			<trkpt lat="46.8521867740" lon="8.4850091383">
				<ele>2448.5</ele>
				<time>1970-01-01T01:00:00+01:00</time>
				<extensions>
					<swisstopo:routepoint_id>1748416832</swisstopo:routepoint_id>
				</extensions>
			</trkpt>
			<trkpt lat="46.8521589231" lon="8.4850876950">
				<ele>2447.2</ele>
				<time>1970-01-01T01:00:00+01:00</time>
				<extensions>
					<swisstopo:routepoint_id>626249943</swisstopo:routepoint_id>
				</extensions>
			</trkpt>
			<trkpt lat="46.8521543750" lon="8.4851167573">
				<ele>2447.0</ele>
				<time>1970-01-01T01:00:00+01:00</time>
				<extensions>
					<swisstopo:routepoint_id>1081846851</swisstopo:routepoint_id>
				</extensions>
			</trkpt>
			<trkpt lat="46.8521652461" lon="8.4851773287">
				<ele>2446.5</ele>
				<time>1970-01-01T01:00:00+01:00</time>
				<extensions>
					<swisstopo:routepoint_id>1110900678</swisstopo:routepoint_id>
				</extensions>
			</trkpt>
			<trkpt lat="46.8521776141" lon="8.4852296150">
				<ele>2446.3</ele>
				<time>1970-01-01T01:00:00+01:00</time>
				<extensions>
					<swisstopo:routepoint_id>273932194</swisstopo:routepoint_id>
				</extensions>
			</trkpt>
			<trkpt lat="46.8521798461" lon="8.4852983582">
				<ele>2446.7</ele>
				<time>1970-01-01T01:00:00+01:00</time>
				<extensions>
					<swisstopo:routepoint_id>114775479</swisstopo:routepoint_id>
				</extensions>
			</trkpt>
			<trkpt lat="46.8521880089" lon="8.4853422358">
				<ele>2447.3</ele>
				<time>1970-01-01T01:00:00+01:00</time>
				<extensions>
					<swisstopo:routepoint_id>1892930638</swisstopo:routepoint_id>
				</extensions>
			</trkpt>
			<trkpt lat="46.8522119234" lon="8.4853822499">
				<ele>2448.0</ele>
				<time>1970-01-01T01:00:00+01:00</time>
				<extensions>
					<swisstopo:routepoint_id>1472452492</swisstopo:routepoint_id>
				</extensions>
			</trkpt>
			<trkpt lat="46.8522157666" lon="8.4854302007">
				<ele>2448.8</ele>
				<time>1970-01-01T01:00:00+01:00</time>
				<extensions>
					<swisstopo:routepoint_id>1996603354</swisstopo:routepoint_id>
				</extensions>
			</trkpt>
			<trkpt lat="46.8522150428" lon="8.4855092975">
				<ele>2449.9</ele>
				<time>1970-01-01T01:00:00+01:00</time>
				<extensions>
					<swisstopo:routepoint_id>347079733</swisstopo:routepoint_id>
				</extensions>
			</trkpt>
			<trkpt lat="46.8522288691" lon="8.4855595281">
				<ele>2450.4</ele>
				<time>1970-01-01T01:00:00+01:00</time>
				<extensions>
					<swisstopo:routepoint_id>731127490</swisstopo:routepoint_id>
				</extensions>
			</trkpt>
			<trkpt lat="46.8522252848" lon="8.4856385568">
				<ele>2451.1</ele>
				<time>1970-01-01T01:00:00+01:00</time>
				<extensions>
					<swisstopo:routepoint_id>590199710</swisstopo:routepoint_id>
				</extensions>
			</trkpt>
			<trkpt lat="46.8522104964" lon="8.4856944720">
				<ele>2451.7</ele>
				<time>1970-01-01T01:00:00+01:00</time>
				<extensions>
					<swisstopo:routepoint_id>1521305719</swisstopo:routepoint_id>
				</extensions>
			</trkpt>
			<trkpt lat="46.8522023107" lon="8.4857533480">
				<ele>2452.2</ele>
				<time>1970-01-01T01:00:00+01:00</time>
				<extensions>
					<swisstopo:routepoint_id>1932007377</swisstopo:routepoint_id>
				</extensions>
			</trkpt>
			<trkpt lat="46.8521810492" lon="8.4858048362">
				<ele>2452.7</ele>
				<time>1970-01-01T01:00:00+01:00</time>
				<extensions>
					<swisstopo:routepoint_id>942645541</swisstopo:routepoint_id>
				</extensions>
			</trkpt>
			<trkpt lat="46.8521425439" lon="8.4858423774">
				<ele>2452.9</ele>
				<time>1970-01-01T01:00:00+01:00</time>
				<extensions>
					<swisstopo:routepoint_id>1124997207</swisstopo:routepoint_id>
				</extensions>
			</trkpt>
			<trkpt lat="46.8520940823" lon="8.4859081409">
				<ele>2453.6</ele>
				<time>1970-01-01T01:00:00+01:00</time>
				<extensions>
					<swisstopo:routepoint_id>905791854</swisstopo:routepoint_id>
				</extensions>
			</trkpt>
			<trkpt lat="46.8520432025" lon="8.4859747096">
				<ele>2454.3</ele>
				<time>1970-01-01T01:00:00+01:00</time>
				<extensions>
					<swisstopo:routepoint_id>1773456836</swisstopo:routepoint_id>
				</extensions>
			</trkpt>
			<trkpt lat="46.8520202500" lon="8.4860359732">
				<ele>2455.6</ele>
				<time>1970-01-01T01:00:00+01:00</time>
				<extensions>
					<swisstopo:routepoint_id>2015770823</swisstopo:routepoint_id>
				</extensions>
			</trkpt>
			<trkpt lat="46.8519933509" lon="8.4861117023">
				<ele>2456.8</ele>
				<time>1970-01-01T01:00:00+01:00</time>
				<extensions>
					<swisstopo:routepoint_id>127791127</swisstopo:routepoint_id>
				</extensions>
			</trkpt>
			<trkpt lat="46.8519812058" lon="8.4861883611">
				<ele>2457.7</ele>
				<time>1970-01-01T01:00:00+01:00</time>
				<extensions>
					<swisstopo:routepoint_id>246502158</swisstopo:routepoint_id>
				</extensions>
			</trkpt>
			<trkpt lat="46.8519793669" lon="8.4862821099">
				<ele>2458.9</ele>
				<time>1970-01-01T01:00:00+01:00</time>
				<extensions>
					<swisstopo:routepoint_id>664639746</swisstopo:routepoint_id>
				</extensions>
			</trkpt>
			<trkpt lat="46.8519809519" lon="8.4863673495">
				<ele>2460.3</ele>
				<time>1970-01-01T01:00:00+01:00</time>
				<extensions>
					<swisstopo:routepoint_id>2020672858</swisstopo:routepoint_id>
				</extensions>
			</trkpt>
			<trkpt lat="46.8519828025" lon="8.4864236143">
				<ele>2461.7</ele>
				<time>1970-01-01T01:00:00+01:00</time>
				<extensions>
					<swisstopo:routepoint_id>124644689</swisstopo:routepoint_id>
				</extensions>
			</trkpt>
			<trkpt lat="46.8519916013" lon="8.4864500774">
				<ele>2462.5</ele>
				<time>1970-01-01T01:00:00+01:00</time>
				<extensions>
					<swisstopo:routepoint_id>1933727951</swisstopo:routepoint_id>
				</extensions>
			</trkpt>
			<trkpt lat="46.8520154894" lon="8.4864919403">
				<ele>2463.5</ele>
				<time>1970-01-01T01:00:00+01:00</time>
				<extensions>
					<swisstopo:routepoint_id>1183733762</swisstopo:routepoint_id>
				</extensions>
			</trkpt>
			<trkpt lat="46.8520322818" lon="8.4865286691">
				<ele>2464.4</ele>
				<time>1970-01-01T01:00:00+01:00</time>
				<extensions>
					<swisstopo:routepoint_id>974030253</swisstopo:routepoint_id>
				</extensions>
			</trkpt>
			<trkpt lat="46.8520385560" lon="8.4865704647">
				<ele>2465.5</ele>
				<time>1970-01-01T01:00:00+01:00</time>
				<extensions>
					<swisstopo:routepoint_id>1804359160</swisstopo:routepoint_id>
				</extensions>
			</trkpt>
			<trkpt lat="46.8520266371" lon="8.4866223964">
				<ele>2466.7</ele>
				<time>1970-01-01T01:00:00+01:00</time>
				<extensions>
					<swisstopo:routepoint_id>601205670</swisstopo:routepoint_id>
				</extensions>
			</trkpt>
			<trkpt lat="46.8520063273" lon="8.4866563966">
				<ele>2467.4</ele>
				<time>1970-01-01T01:00:00+01:00</time>
				<extensions>
					<swisstopo:routepoint_id>1758256400</swisstopo:routepoint_id>
				</extensions>
			</trkpt>
			<trkpt lat="46.8519809778" lon="8.4867013793">
				<ele>2467.2</ele>
				<time>1970-01-01T01:00:00+01:00</time>
				<extensions>
					<swisstopo:routepoint_id>429462337</swisstopo:routepoint_id>
				</extensions>
			</trkpt>
			<trkpt lat="46.8519531674" lon="8.4868058078">
				<ele>2467.1</ele>
				<time>1970-01-01T01:00:00+01:00</time>
				<extensions>
					<swisstopo:routepoint_id>637516154</swisstopo:routepoint_id>
				</extensions>
			</trkpt>
			<trkpt lat="46.8519482758" lon="8.4868693897">
				<ele>2467.1</ele>
				<time>1970-01-01T01:00:00+01:00</time>
				<extensions>
					<swisstopo:routepoint_id>352317749</swisstopo:routepoint_id>
				</extensions>
			</trkpt>
			<trkpt lat="46.8519652508" lon="8.4870029620">
				<ele>2466.3</ele>
				<time>1970-01-01T01:00:00+01:00</time>
				<extensions>
					<swisstopo:routepoint_id>967071372</swisstopo:routepoint_id>
				</extensions>
			</trkpt>
			<trkpt lat="46.8519573166" lon="8.4871609380">
				<ele>2465.2</ele>
				<time>1970-01-01T01:00:00+01:00</time>
				<extensions>
					<swisstopo:routepoint_id>1365453688</swisstopo:routepoint_id>
				</extensions>
			</trkpt>
			<trkpt lat="46.8519354915" lon="8.4873278356">
				<ele>2462.9</ele>
				<time>1970-01-01T01:00:00+01:00</time>
				<extensions>
					<swisstopo:routepoint_id>948963350</swisstopo:routepoint_id>
				</extensions>
			</trkpt>
			<trkpt lat="46.8519094717" lon="8.4874459100">
				<ele>2464.2</ele>
				<time>1970-01-01T01:00:00+01:00</time>
				<extensions>
					<swisstopo:routepoint_id>265655773</swisstopo:routepoint_id>
				</extensions>
			</trkpt>
			<trkpt lat="46.8519120018" lon="8.4875202317">
				<ele>2465.2</ele>
				<time>1970-01-01T01:00:00+01:00</time>
				<extensions>
					<swisstopo:routepoint_id>1545850904</swisstopo:routepoint_id>
				</extensions>
			</trkpt>
			<trkpt lat="46.8519062534" lon="8.4875928183">
				<ele>2466.5</ele>
				<time>1970-01-01T01:00:00+01:00</time>
				<extensions>
					<swisstopo:routepoint_id>741325002</swisstopo:routepoint_id>
				</extensions>
			</trkpt>
			<trkpt lat="46.8518916857" lon="8.4876205964">
				<ele>2467.8</ele>
				<time>1970-01-01T01:00:00+01:00</time>
				<extensions>
					<swisstopo:routepoint_id>1406403643</swisstopo:routepoint_id>
				</extensions>
			</trkpt>
			<trkpt lat="46.8518866130" lon="8.4876695534">
				<ele>2468.7</ele>
				<time>1970-01-01T01:00:00+01:00</time>
				<extensions>
					<swisstopo:routepoint_id>973257662</swisstopo:routepoint_id>
				</extensions>
			</trkpt>
			<trkpt lat="46.8518694643" lon="8.4877766937">
				<ele>2471.2</ele>
				<time>1970-01-01T01:00:00+01:00</time>
				<extensions>
					<swisstopo:routepoint_id>946603761</swisstopo:routepoint_id>
				</extensions>
			</trkpt>
			<trkpt lat="46.8518604074" lon="8.4878568608">
				<ele>2472.9</ele>
				<time>1970-01-01T01:00:00+01:00</time>
				<extensions>
					<swisstopo:routepoint_id>1795037817</swisstopo:routepoint_id>
				</extensions>
			</trkpt>
			<trkpt lat="46.8518673431" lon="8.4879539932">
				<ele>2476.2</ele>
				<time>1970-01-01T01:00:00+01:00</time>
				<extensions>
					<swisstopo:routepoint_id>396308511</swisstopo:routepoint_id>
				</extensions>
			</trkpt>
			<trkpt lat="46.8518676093" lon="8.4880730519">
				<ele>2479.0</ele>
				<time>1970-01-01T01:00:00+01:00</time>
				<extensions>
					<swisstopo:routepoint_id>1026215522</swisstopo:routepoint_id>
				</extensions>
			</trkpt>
			<trkpt lat="46.8518594330" lon="8.4882072618">
				<ele>2480.7</ele>
				<time>1970-01-01T01:00:00+01:00</time>
				<extensions>
					<swisstopo:routepoint_id>1316672353</swisstopo:routepoint_id>
				</extensions>
			</trkpt>
			<trkpt lat="46.8518647426" lon="8.4882815852">
				<ele>2482.5</ele>
				<time>1970-01-01T01:00:00+01:00</time>
				<extensions>
					<swisstopo:routepoint_id>1256710032</swisstopo:routepoint_id>
				</extensions>
			</trkpt>
			<trkpt lat="46.8518639726" lon="8.4883145101">
				<ele>2483.2</ele>
				<time>1970-01-01T01:00:00+01:00</time>
				<extensions>
					<swisstopo:routepoint_id>778000727</swisstopo:routepoint_id>
				</extensions>
			</trkpt>
			<trkpt lat="46.8518495922" lon="8.4883718615">
				<ele>2484.1</ele>
				<time>1970-01-01T01:00:00+01:00</time>
				<extensions>
					<swisstopo:routepoint_id>1526954678</swisstopo:routepoint_id>
				</extensions>
			</trkpt>
			<trkpt lat="46.8518128231" lon="8.4884544123">
				<ele>2485.8</ele>
				<time>1970-01-01T01:00:00+01:00</time>
				<extensions>
					<swisstopo:routepoint_id>1351131076</swisstopo:routepoint_id>
				</extensions>
			</trkpt>
			<trkpt lat="46.8518011050" lon="8.4885235911">
				<ele>2487.5</ele>
				<time>1970-01-01T01:00:00+01:00</time>
				<extensions>
					<swisstopo:routepoint_id>254601917</swisstopo:routepoint_id>
				</extensions>
			</trkpt>
			<trkpt lat="46.8518028392" lon="8.4885522244">
				<ele>2489.0</ele>
				<time>1970-01-01T01:00:00+01:00</time>
				<extensions>
					<swisstopo:routepoint_id>121857468</swisstopo:routepoint_id>
				</extensions>
			</trkpt>
			<trkpt lat="46.8518102713" lon="8.4885981731">
				<ele>2490.2</ele>
				<time>1970-01-01T01:00:00+01:00</time>
				<extensions>
					<swisstopo:routepoint_id>878395443</swisstopo:routepoint_id>
				</extensions>
			</trkpt>
			<trkpt lat="46.8518148902" lon="8.4886398972">
				<ele>2491.5</ele>
				<time>1970-01-01T01:00:00+01:00</time>
				<extensions>
					<swisstopo:routepoint_id>836939096</swisstopo:routepoint_id>
				</extensions>
			</trkpt>
			<trkpt lat="46.8518058598" lon="8.4886896816">
				<ele>2493.3</ele>
				<time>1970-01-01T01:00:00+01:00</time>
				<extensions>
					<swisstopo:routepoint_id>1298098084</swisstopo:routepoint_id>
				</extensions>
			</trkpt>
			<trkpt lat="46.8517904361" lon="8.4887362204">
				<ele>2494.5</ele>
				<time>1970-01-01T01:00:00+01:00</time>
				<extensions>
					<swisstopo:routepoint_id>129368790</swisstopo:routepoint_id>
				</extensions>
			</trkpt>
			<trkpt lat="46.8517736866" lon="8.4887723216">
				<ele>2494.9</ele>
				<time>1970-01-01T01:00:00+01:00</time>
				<extensions>
					<swisstopo:routepoint_id>582528091</swisstopo:routepoint_id>
				</extensions>
			</trkpt>
			<trkpt lat="46.8517613911" lon="8.4887887353">
				<ele>2495.5</ele>
				<time>1970-01-01T01:00:00+01:00</time>
				<extensions>
					<swisstopo:routepoint_id>1363257501</swisstopo:routepoint_id>
				</extensions>
			</trkpt>
			<trkpt lat="46.8517420298" lon="8.4887977204">
				<ele>2496.4</ele>
				<time>1970-01-01T01:00:00+01:00</time>
				<extensions>
					<swisstopo:routepoint_id>1374896823</swisstopo:routepoint_id>
				</extensions>
			</trkpt>
			<trkpt lat="46.8517262011" lon="8.4888109442">
				<ele>2496.8</ele>
				<time>1970-01-01T01:00:00+01:00</time>
				<extensions>
					<swisstopo:routepoint_id>2111173164</swisstopo:routepoint_id>
				</extensions>
			</trkpt>
			<trkpt lat="46.8517103532" lon="8.4888262525">
				<ele>2497.4</ele>
				<time>1970-01-01T01:00:00+01:00</time>
				<extensions>
					<swisstopo:routepoint_id>1405938651</swisstopo:routepoint_id>
				</extensions>
			</trkpt>
			<trkpt lat="46.8517037120" lon="8.4888490183">
				<ele>2498.3</ele>
				<time>1970-01-01T01:00:00+01:00</time>
				<extensions>
					<swisstopo:routepoint_id>1609874613</swisstopo:routepoint_id>
				</extensions>
			</trkpt>
			<trkpt lat="46.8517063432" lon="8.4888740499">
				<ele>2499.1</ele>
				<time>1970-01-01T01:00:00+01:00</time>
				<extensions>
					<swisstopo:routepoint_id>1419546113</swisstopo:routepoint_id>
				</extensions>
			</trkpt>
			<trkpt lat="46.8517175369" lon="8.4888992486">
				<ele>2499.7</ele>
				<time>1970-01-01T01:00:00+01:00</time>
				<extensions>
					<swisstopo:routepoint_id>1550838047</swisstopo:routepoint_id>
				</extensions>
			</trkpt>
			<trkpt lat="46.8517365637" lon="8.4889266850">
				<ele>2500.8</ele>
				<time>1970-01-01T01:00:00+01:00</time>
				<extensions>
					<swisstopo:routepoint_id>701415599</swisstopo:routepoint_id>
				</extensions>
			</trkpt>
			<trkpt lat="46.8517541126" lon="8.4889592857">
				<ele>2502.3</ele>
				<time>1970-01-01T01:00:00+01:00</time>
				<extensions>
					<swisstopo:routepoint_id>1967086432</swisstopo:routepoint_id>
				</extensions>
			</trkpt>
			<trkpt lat="46.8517694157" lon="8.4890033029">
				<ele>2503.9</ele>
				<time>1970-01-01T01:00:00+01:00</time>
				<extensions>
					<swisstopo:routepoint_id>207638347</swisstopo:routepoint_id>
				</extensions>
			</trkpt>
			<trkpt lat="46.8517756652" lon="8.4890231993">
				<ele>2504.4</ele>
				<time>1970-01-01T01:00:00+01:00</time>
				<extensions>
					<swisstopo:routepoint_id>1006735777</swisstopo:routepoint_id>
				</extensions>
			</trkpt>
			<trkpt lat="46.8517760510" lon="8.4890585989">
				<ele>2505.1</ele>
				<time>1970-01-01T01:00:00+01:00</time>
				<extensions>
					<swisstopo:routepoint_id>572593242</swisstopo:routepoint_id>
				</extensions>
			</trkpt>
			<trkpt lat="46.8517671729" lon="8.4890927685">
				<ele>2505.9</ele>
				<time>1970-01-01T01:00:00+01:00</time>
				<extensions>
					<swisstopo:routepoint_id>1942204889</swisstopo:routepoint_id>
				</extensions>
			</trkpt>
			<trkpt lat="46.8517575655" lon="8.4891279731">
				<ele>2506.7</ele>
				<time>1970-01-01T01:00:00+01:00</time>
				<extensions>
					<swisstopo:routepoint_id>1758849474</swisstopo:routepoint_id>
				</extensions>
			</trkpt>
			<trkpt lat="46.8517500704" lon="8.4891663400">
				<ele>2507.0</ele>
				<time>1970-01-01T01:00:00+01:00</time>
				<extensions>
					<swisstopo:routepoint_id>576949151</swisstopo:routepoint_id>
				</extensions>
			</trkpt>
			<trkpt lat="46.8517512520" lon="8.4891934282">
				<ele>2507.8</ele>
				<time>1970-01-01T01:00:00+01:00</time>
				<extensions>
					<swisstopo:routepoint_id>2067871886</swisstopo:routepoint_id>
				</extensions>
			</trkpt>
			<trkpt lat="46.8517623786" lon="8.4892259165">
				<ele>2509.2</ele>
				<time>1970-01-01T01:00:00+01:00</time>
				<extensions>
					<swisstopo:routepoint_id>478365463</swisstopo:routepoint_id>
				</extensions>
			</trkpt>
			<trkpt lat="46.8517888340" lon="8.4892222630">
				<ele>2510.9</ele>
				<time>1970-01-01T01:00:00+01:00</time>
				<extensions>
					<swisstopo:routepoint_id>1287082127</swisstopo:routepoint_id>
				</extensions>
			</trkpt>
			<trkpt lat="46.8518110369" lon="8.4892143694">
				<ele>2511.7</ele>
				<time>1970-01-01T01:00:00+01:00</time>
				<extensions>
					<swisstopo:routepoint_id>248214795</swisstopo:routepoint_id>
				</extensions>
			</trkpt>
			<trkpt lat="46.8518388649" lon="8.4892169974">
				<ele>2512.1</ele>
				<time>1970-01-01T01:00:00+01:00</time>
				<extensions>
					<swisstopo:routepoint_id>1937201323</swisstopo:routepoint_id>
				</extensions>
			</trkpt>
			<trkpt lat="46.8518551264" lon="8.4892350043">
				<ele>2512.7</ele>
				<time>1970-01-01T01:00:00+01:00</time>
				<extensions>
					<swisstopo:routepoint_id>2053062604</swisstopo:routepoint_id>
				</extensions>
			</trkpt>
			<trkpt lat="46.8518819801" lon="8.4892790638">
				<ele>2513.5</ele>
				<time>1970-01-01T01:00:00+01:00</time>
				<extensions>
					<swisstopo:routepoint_id>523398810</swisstopo:routepoint_id>
				</extensions>
			</trkpt>
			<trkpt lat="46.8519063279" lon="8.4893598958">
				<ele>2513.6</ele>
				<time>1970-01-01T01:00:00+01:00</time>
				<extensions>
					<swisstopo:routepoint_id>1405097209</swisstopo:routepoint_id>
				</extensions>
			</trkpt>
			<trkpt lat="46.8519094277" lon="8.4894984041">
				<ele>2516.0</ele>
				<time>1970-01-01T01:00:00+01:00</time>
				<extensions>
					<swisstopo:routepoint_id>472735633</swisstopo:routepoint_id>
				</extensions>
			</trkpt>
			<trkpt lat="46.8518962044" lon="8.4896481202">
				<ele>2518.6</ele>
				<time>1970-01-01T01:00:00+01:00</time>
				<extensions>
					<swisstopo:routepoint_id>1565146469</swisstopo:routepoint_id>
				</extensions>
			</trkpt>
			<trkpt lat="46.8518900430" lon="8.4897322119">
				<ele>2520.2</ele>
				<time>1970-01-01T01:00:00+01:00</time>
				<extensions>
					<swisstopo:routepoint_id>971243032</swisstopo:routepoint_id>
				</extensions>
			</trkpt>
			<trkpt lat="46.8518562878" lon="8.4897852635">
				<ele>2517.8</ele>
				<time>1970-01-01T01:00:00+01:00</time>
				<extensions>
					<swisstopo:routepoint_id>749026653</swisstopo:routepoint_id>
				</extensions>
			</trkpt>
			<trkpt lat="46.8518379756" lon="8.4899062016">
				<ele>2516.3</ele>
				<time>1970-01-01T01:00:00+01:00</time>
				<extensions>
					<swisstopo:routepoint_id>254411004</swisstopo:routepoint_id>
				</extensions>
			</trkpt>
			<trkpt lat="46.8518066593" lon="8.4900413756">
				<ele>2515.0</ele>
				<time>1970-01-01T01:00:00+01:00</time>
				<extensions>
					<swisstopo:routepoint_id>2082324231</swisstopo:routepoint_id>
				</extensions>
			</trkpt>
			<trkpt lat="46.8517820785" lon="8.4901523430">
				<ele>2513.6</ele>
				<time>1970-01-01T01:00:00+01:00</time>
				<extensions>
					<swisstopo:routepoint_id>901955615</swisstopo:routepoint_id>
				</extensions>
			</trkpt>
			<trkpt lat="46.8517582661" lon="8.4901865489">
				<ele>2512.6</ele>
				<time>1970-01-01T01:00:00+01:00</time>
				<extensions>
					<swisstopo:routepoint_id>618838575</swisstopo:routepoint_id>
				</extensions>
			</trkpt>
			<trkpt lat="46.8517497503" lon="8.4902380214">
				<ele>2511.6</ele>
				<time>1970-01-01T01:00:00+01:00</time>
				<extensions>
					<swisstopo:routepoint_id>2104802497</swisstopo:routepoint_id>
				</extensions>
			</trkpt>
			<trkpt lat="46.8517519248" lon="8.4903341954">
				<ele>2511.1</ele>
				<time>1970-01-01T01:00:00+01:00</time>
				<extensions>
					<swisstopo:routepoint_id>1912505858</swisstopo:routepoint_id>
				</extensions>
			</trkpt>
			<trkpt lat="46.8517461592" lon="8.4904211666">
				<ele>2511.5</ele>
				<time>1970-01-01T01:00:00+01:00</time>
				<extensions>
					<swisstopo:routepoint_id>691627051</swisstopo:routepoint_id>
				</extensions>
			</trkpt>
			<trkpt lat="46.8517127065" lon="8.4905606515">
				<ele>2512.4</ele>
				<time>1970-01-01T01:00:00+01:00</time>
				<extensions>
					<swisstopo:routepoint_id>2002584252</swisstopo:routepoint_id>
				</extensions>
			</trkpt>
			<trkpt lat="46.8516782676" lon="8.4906508388">
				<ele>2514.3</ele>
				<time>1970-01-01T01:00:00+01:00</time>
				<extensions>
					<swisstopo:routepoint_id>908459014</swisstopo:routepoint_id>
				</extensions>
			</trkpt>
			<trkpt lat="46.8516670571" lon="8.4907047368">
				<ele>2515.6</ele>
				<time>1970-01-01T01:00:00+01:00</time>
				<extensions>
					<swisstopo:routepoint_id>1599943329</swisstopo:routepoint_id>
				</extensions>
			</trkpt>
			<trkpt lat="46.8516638808" lon="8.4907400668">
				<ele>2516.5</ele>
				<time>1970-01-01T01:00:00+01:00</time>
				<extensions>
					<swisstopo:routepoint_id>1343199699</swisstopo:routepoint_id>
				</extensions>
			</trkpt>
			<trkpt lat="46.8516669919" lon="8.4907900881">
				<ele>2517.6</ele>
				<time>1970-01-01T01:00:00+01:00</time>
				<extensions>
					<swisstopo:routepoint_id>1842163469</swisstopo:routepoint_id>
				</extensions>
			</trkpt>
			<trkpt lat="46.8516613403" lon="8.4908607618">
				<ele>2518.6</ele>
				<time>1970-01-01T01:00:00+01:00</time>
				<extensions>
					<swisstopo:routepoint_id>1394493190</swisstopo:routepoint_id>
				</extensions>
			</trkpt>
			<trkpt lat="46.8516566568" lon="8.4909043759">
				<ele>2519.4</ele>
				<time>1970-01-01T01:00:00+01:00</time>
				<extensions>
					<swisstopo:routepoint_id>412917106</swisstopo:routepoint_id>
				</extensions>
			</trkpt>
			<trkpt lat="46.8516483260" lon="8.4909562585">
				<ele>2519.5</ele>
				<time>1970-01-01T01:00:00+01:00</time>
				<extensions>
					<swisstopo:routepoint_id>1395369951</swisstopo:routepoint_id>
				</extensions>
			</trkpt>
			<trkpt lat="46.8516377305" lon="8.4910205803">
				<ele>2519.8</ele>
				<time>1970-01-01T01:00:00+01:00</time>
				<extensions>
					<swisstopo:routepoint_id>2143127739</swisstopo:routepoint_id>
				</extensions>
			</trkpt>
			<trkpt lat="46.8516344962" lon="8.4910621511">
				<ele>2519.7</ele>
				<time>1970-01-01T01:00:00+01:00</time>
				<extensions>
					<swisstopo:routepoint_id>2021816651</swisstopo:routepoint_id>
				</extensions>
			</trkpt>
			<trkpt lat="46.8516305803" lon="8.4910995515">
				<ele>2519.2</ele>
				<time>1970-01-01T01:00:00+01:00</time>
				<extensions>
					<swisstopo:routepoint_id>1280484011</swisstopo:routepoint_id>
				</extensions>
			</trkpt>
			<trkpt lat="46.8516407857" lon="8.4911549174">
				<ele>2519.6</ele>
				<time>1970-01-01T01:00:00+01:00</time>
				<extensions>
					<swisstopo:routepoint_id>1437350672</swisstopo:routepoint_id>
				</extensions>
			</trkpt>
			<trkpt lat="46.8516510966" lon="8.4911977887">
				<ele>2520.3</ele>
				<time>1970-01-01T01:00:00+01:00</time>
				<extensions>
					<swisstopo:routepoint_id>1819657091</swisstopo:routepoint_id>
				</extensions>
			</trkpt>
			<trkpt lat="46.8516527104" lon="8.4912550716">
				<ele>2520.0</ele>
				<time>1970-01-01T01:00:00+01:00</time>
				<extensions>
					<swisstopo:routepoint_id>688647788</swisstopo:routepoint_id>
				</extensions>
			</trkpt>
			<trkpt lat="46.8516551205" lon="8.4913040431">
				<ele>2520.0</ele>
				<time>1970-01-01T01:00:00+01:00</time>
				<extensions>
					<swisstopo:routepoint_id>1381503171</swisstopo:routepoint_id>
				</extensions>
			</trkpt>
			<trkpt lat="46.8516646636" lon="8.4913531414">
				<ele>2520.4</ele>
				<time>1970-01-01T01:00:00+01:00</time>
				<extensions>
					<swisstopo:routepoint_id>1872299632</swisstopo:routepoint_id>
				</extensions>
			</trkpt>
			<trkpt lat="46.8516671023" lon="8.4913989926">
				<ele>2520.8</ele>
				<time>1970-01-01T01:00:00+01:00</time>
				<extensions>
					<swisstopo:routepoint_id>532104114</swisstopo:routepoint_id>
				</extensions>
			</trkpt>
			<trkpt lat="46.8516782095" lon="8.4914335530">
				<ele>2521.1</ele>
				<time>1970-01-01T01:00:00+01:00</time>
				<extensions>
					<swisstopo:routepoint_id>1580326971</swisstopo:routepoint_id>
				</extensions>
			</trkpt>
			<trkpt lat="46.8516913803" lon="8.4914764803">
				<ele>2521.3</ele>
				<time>1970-01-01T01:00:00+01:00</time>
				<extensions>
					<swisstopo:routepoint_id>1105735989</swisstopo:routepoint_id>
				</extensions>
			</trkpt>
			<trkpt lat="46.8517005670" lon="8.4914870718">
				<ele>2521.6</ele>
				<time>1970-01-01T01:00:00+01:00</time>
				<extensions>
					<swisstopo:routepoint_id>433854177</swisstopo:routepoint_id>
				</extensions>
			</trkpt>
			<trkpt lat="46.8517171173" lon="8.4915508885">
				<ele>2523.4</ele>
				<time>1970-01-01T01:00:00+01:00</time>
				<extensions>
					<swisstopo:routepoint_id>1871192628</swisstopo:routepoint_id>
				</extensions>
			</trkpt>
			<trkpt lat="46.8517243758" lon="8.4916155599">
				<ele>2524.9</ele>
				<time>1970-01-01T01:00:00+01:00</time>
				<extensions>
					<swisstopo:routepoint_id>1310735464</swisstopo:routepoint_id>
				</extensions>
			</trkpt>
			<trkpt lat="46.8517409260" lon="8.4916793766">
				<ele>2525.6</ele>
				<time>1970-01-01T01:00:00+01:00</time>
				<extensions>
					<swisstopo:routepoint_id>1036402449</swisstopo:routepoint_id>
				</extensions>
			</trkpt>
			<trkpt lat="46.8517630437" lon="8.4917589205">
				<ele>2527.3</ele>
				<time>1970-01-01T01:00:00+01:00</time>
				<extensions>
					<swisstopo:routepoint_id>1994554686</swisstopo:routepoint_id>
				</extensions>
			</trkpt>
			<trkpt lat="46.8517929276" lon="8.4918479785">
				<ele>2528.9</ele>
				<time>1970-01-01T01:00:00+01:00</time>
				<extensions>
					<swisstopo:routepoint_id>1783056077</swisstopo:routepoint_id>
				</extensions>
			</trkpt>
			<trkpt lat="46.8518303094" lon="8.4919756837">
				<ele>2530.7</ele>
				<time>1970-01-01T01:00:00+01:00</time>
				<extensions>
					<swisstopo:routepoint_id>2125005381</swisstopo:routepoint_id>
				</extensions>
			</trkpt>
			<trkpt lat="46.8518501715" lon="8.4920676668">
				<ele>2531.8</ele>
				<time>1970-01-01T01:00:00+01:00</time>
				<extensions>
					<swisstopo:routepoint_id>1136933404</swisstopo:routepoint_id>
				</extensions>
			</trkpt>
			<trkpt lat="46.8518651763" lon="8.4921439508">
				<ele>2532.7</ele>
				<time>1970-01-01T01:00:00+01:00</time>
				<extensions>
					<swisstopo:routepoint_id>2074695172</swisstopo:routepoint_id>
				</extensions>
			</trkpt>
			<trkpt lat="46.8518844140" lon="8.4922265460">
				<ele>2534.5</ele>
				<time>1970-01-01T01:00:00+01:00</time>
				<extensions>
					<swisstopo:routepoint_id>102218245</swisstopo:routepoint_id>
				</extensions>
			</trkpt>
			<trkpt lat="46.8518980269" lon="8.4922986330">
				<ele>2534.8</ele>
				<time>1970-01-01T01:00:00+01:00</time>
				<extensions>
					<swisstopo:routepoint_id>1004046844</swisstopo:routepoint_id>
				</extensions>
			</trkpt>
			<trkpt lat="46.8519088172" lon="8.4923675437">
				<ele>2536.5</ele>
				<time>1970-01-01T01:00:00+01:00</time>
				<extensions>
					<swisstopo:routepoint_id>1239167369</swisstopo:routepoint_id>
				</extensions>
			</trkpt>
			<trkpt lat="46.8519238980" lon="8.4924365377">
				<ele>2538.1</ele>
				<time>1970-01-01T01:00:00+01:00</time>
				<extensions>
					<swisstopo:routepoint_id>659384553</swisstopo:routepoint_id>
				</extensions>
			</trkpt>
			<trkpt lat="46.8519397380" lon="8.4924992925">
				<ele>2539.4</ele>
				<time>1970-01-01T01:00:00+01:00</time>
				<extensions>
					<swisstopo:routepoint_id>1213779192</swisstopo:routepoint_id>
				</extensions>
			</trkpt>
			<trkpt lat="46.8519600023" lon="8.4925475779">
				<ele>2538.5</ele>
				<time>1970-01-01T01:00:00+01:00</time>
				<extensions>
					<swisstopo:routepoint_id>205450139</swisstopo:routepoint_id>
				</extensions>
			</trkpt>
			<trkpt lat="46.8519867462" lon="8.4925897362">
				<ele>2537.5</ele>
				<time>1970-01-01T01:00:00+01:00</time>
				<extensions>
					<swisstopo:routepoint_id>930282593</swisstopo:routepoint_id>
				</extensions>
			</trkpt>
			<trkpt lat="46.8520128661" lon="8.4926225053">
				<ele>2536.5</ele>
				<time>1970-01-01T01:00:00+01:00</time>
				<extensions>
					<swisstopo:routepoint_id>446793518</swisstopo:routepoint_id>
				</extensions>
			</trkpt>
			<trkpt lat="46.8520275913" lon="8.4926519443">
				<ele>2536.3</ele>
				<time>1970-01-01T01:00:00+01:00</time>
				<extensions>
					<swisstopo:routepoint_id>1398849099</swisstopo:routepoint_id>
				</extensions>
			</trkpt>
			<trkpt lat="46.8520421249" lon="8.4927021898">
				<ele>2536.4</ele>
				<time>1970-01-01T01:00:00+01:00</time>
				<extensions>
					<swisstopo:routepoint_id>538584103</swisstopo:routepoint_id>
				</extensions>
			</trkpt>
			<trkpt lat="46.8520502269" lon="8.4927533450">
				<ele>2537.4</ele>
				<time>1970-01-01T01:00:00+01:00</time>
				<extensions>
					<swisstopo:routepoint_id>114885940</swisstopo:routepoint_id>
				</extensions>
			</trkpt>
			<trkpt lat="46.8520655765" lon="8.4927921589">
				<ele>2538.7</ele>
				<time>1970-01-01T01:00:00+01:00</time>
				<extensions>
					<swisstopo:routepoint_id>705777067</swisstopo:routepoint_id>
				</extensions>
			</trkpt>
			<trkpt lat="46.8520823946" lon="8.4928268318">
				<ele>2539.9</ele>
				<time>1970-01-01T01:00:00+01:00</time>
				<extensions>
					<swisstopo:routepoint_id>202159559</swisstopo:routepoint_id>
				</extensions>
			</trkpt>
			<trkpt lat="46.8520898919" lon="8.4928654919">
				<ele>2540.5</ele>
				<time>1970-01-01T01:00:00+01:00</time>
				<extensions>
					<swisstopo:routepoint_id>591836223</swisstopo:routepoint_id>
				</extensions>
			</trkpt>
			<trkpt lat="46.8520916202" lon="8.4929102804">
				<ele>2540.6</ele>
				<time>1970-01-01T01:00:00+01:00</time>
				<extensions>
					<swisstopo:routepoint_id>55847501</swisstopo:routepoint_id>
				</extensions>
			</trkpt>
			<trkpt lat="46.8520933773" lon="8.4929519487">
				<ele>2540.9</ele>
				<time>1970-01-01T01:00:00+01:00</time>
				<extensions>
					<swisstopo:routepoint_id>2094841107</swisstopo:routepoint_id>
				</extensions>
			</trkpt>
			<trkpt lat="46.8521001354" lon="8.4929937159">
				<ele>2541.5</ele>
				<time>1970-01-01T01:00:00+01:00</time>
				<extensions>
					<swisstopo:routepoint_id>156543674</swisstopo:routepoint_id>
				</extensions>
			</trkpt>
			<trkpt lat="46.8521089283" lon="8.4930469825">
				<ele>2542.5</ele>
				<time>1970-01-01T01:00:00+01:00</time>
				<extensions>
					<swisstopo:routepoint_id>1948659848</swisstopo:routepoint_id>
				</extensions>
			</trkpt>
			<trkpt lat="46.8521170882" lon="8.4930908484">
				<ele>2543.8</ele>
				<time>1970-01-01T01:00:00+01:00</time>
				<extensions>
					<swisstopo:routepoint_id>766563643</swisstopo:routepoint_id>
				</extensions>
			</trkpt>
			<trkpt lat="46.8521266752" lon="8.4931224160">
				<ele>2544.9</ele>
				<time>1970-01-01T01:00:00+01:00</time>
				<extensions>
					<swisstopo:routepoint_id>98249937</swisstopo:routepoint_id>
				</extensions>
			</trkpt>
			<trkpt lat="46.8521270641" lon="8.4931885535">
				<ele>2545.9</ele>
				<time>1970-01-01T01:00:00+01:00</time>
				<extensions>
					<swisstopo:routepoint_id>1856617991</swisstopo:routepoint_id>
				</extensions>
			</trkpt>
			<trkpt lat="46.8521231027" lon="8.4932552348">
				<ele>2547.1</ele>
				<time>1970-01-01T01:00:00+01:00</time>
				<extensions>
					<swisstopo:routepoint_id>1942484173</swisstopo:routepoint_id>
				</extensions>
			</trkpt>
			<trkpt lat="46.8521118795" lon="8.4933192167">
				<ele>2548.0</ele>
				<time>1970-01-01T01:00:00+01:00</time>
				<extensions>
					<swisstopo:routepoint_id>1544935375</swisstopo:routepoint_id>
				</extensions>
			</trkpt>
			<trkpt lat="46.8521147952" lon="8.4933835012">
				<ele>2549.4</ele>
				<time>1970-01-01T01:00:00+01:00</time>
				<extensions>
					<swisstopo:routepoint_id>2024121590</swisstopo:routepoint_id>
				</extensions>
			</trkpt>
			<trkpt lat="46.8521160459" lon="8.4934342214">
				<ele>2550.1</ele>
				<time>1970-01-01T01:00:00+01:00</time>
				<extensions>
					<swisstopo:routepoint_id>1675163035</swisstopo:routepoint_id>
				</extensions>
			</trkpt>
			<trkpt lat="46.8521107897" lon="8.4934949635">
				<ele>2550.8</ele>
				<time>1970-01-01T01:00:00+01:00</time>
				<extensions>
					<swisstopo:routepoint_id>1058880716</swisstopo:routepoint_id>
				</extensions>
			</trkpt>
			<trkpt lat="46.8520966635" lon="8.4935732605">
				<ele>2551.2</ele>
				<time>1970-01-01T01:00:00+01:00</time>
				<extensions>
					<swisstopo:routepoint_id>857621281</swisstopo:routepoint_id>
				</extensions>
			</trkpt>
			<trkpt lat="46.8520918894" lon="8.4936314676">
				<ele>2551.7</ele>
				<time>1970-01-01T01:00:00+01:00</time>
				<extensions>
					<swisstopo:routepoint_id>1855844553</swisstopo:routepoint_id>
				</extensions>
			</trkpt>
			<trkpt lat="46.8521038955" lon="8.4937001530">
				<ele>2553.5</ele>
				<time>1970-01-01T01:00:00+01:00</time>
				<extensions>
					<swisstopo:routepoint_id>2022787136</swisstopo:routepoint_id>
				</extensions>
			</trkpt>
			<trkpt lat="46.8521076727" lon="8.4937695303">
				<ele>2554.8</ele>
				<time>1970-01-01T01:00:00+01:00</time>
				<extensions>
					<swisstopo:routepoint_id>132886560</swisstopo:routepoint_id>
				</extensions>
			</trkpt>
			<trkpt lat="46.8521037069" lon="8.4938776094">
				<ele>2556.4</ele>
				<time>1970-01-01T01:00:00+01:00</time>
				<extensions>
					<swisstopo:routepoint_id>835527802</swisstopo:routepoint_id>
				</extensions>
			</trkpt>
			<trkpt lat="46.8520958707" lon="8.4939644742">
				<ele>2558.1</ele>
				<time>1970-01-01T01:00:00+01:00</time>
				<extensions>
					<swisstopo:routepoint_id>1590317340</swisstopo:routepoint_id>
				</extensions>
			</trkpt>
			<trkpt lat="46.8520921435" lon="8.4940505936">
				<ele>2559.9</ele>
				<time>1970-01-01T01:00:00+01:00</time>
				<extensions>
					<swisstopo:routepoint_id>1937751300</swisstopo:routepoint_id>
				</extensions>
			</trkpt>
			<trkpt lat="46.8520827052" lon="8.4941180070">
				<ele>2560.7</ele>
				<time>1970-01-01T01:00:00+01:00</time>
				<extensions>
					<swisstopo:routepoint_id>1033717230</swisstopo:routepoint_id>
				</extensions>
			</trkpt>
			<trkpt lat="46.8520827268" lon="8.4941965941">
				<ele>2561.4</ele>
				<time>1970-01-01T01:00:00+01:00</time>
				<extensions>
					<swisstopo:routepoint_id>1876585607</swisstopo:routepoint_id>
				</extensions>
			</trkpt>
			<trkpt lat="46.8520753141" lon="8.4942462920">
				<ele>2562.4</ele>
				<time>1970-01-01T01:00:00+01:00</time>
				<extensions>
					<swisstopo:routepoint_id>766985674</swisstopo:routepoint_id>
				</extensions>
			</trkpt>
			<trkpt lat="46.8520650701" lon="8.4943035394">
				<ele>2562.5</ele>
				<time>1970-01-01T01:00:00+01:00</time>
				<extensions>
					<swisstopo:routepoint_id>954084688</swisstopo:routepoint_id>
				</extensions>
			</trkpt>
			<trkpt lat="46.8520584061" lon="8.4943676240">
				<ele>2563.8</ele>
				<time>1970-01-01T01:00:00+01:00</time>
				<extensions>
					<swisstopo:routepoint_id>391698490</swisstopo:routepoint_id>
				</extensions>
			</trkpt>
			<trkpt lat="46.8520492790" lon="8.4944071509">
				<ele>2564.3</ele>
				<time>1970-01-01T01:00:00+01:00</time>
				<extensions>
					<swisstopo:routepoint_id>331907578</swisstopo:routepoint_id>
				</extensions>
			</trkpt>
			<trkpt lat="46.8520272435" lon="8.4944582531">
				<ele>2565.4</ele>
				<time>1970-01-01T01:00:00+01:00</time>
				<extensions>
					<swisstopo:routepoint_id>693072032</swisstopo:routepoint_id>
				</extensions>
			</trkpt>
			<trkpt lat="46.8520146265" lon="8.4945230597">
				<ele>2567.7</ele>
				<time>1970-01-01T01:00:00+01:00</time>
				<extensions>
					<swisstopo:routepoint_id>336424543</swisstopo:routepoint_id>
				</extensions>
			</trkpt>
			<trkpt lat="46.8519907174" lon="8.4945783349">
				<ele>2569.4</ele>
				<time>1970-01-01T01:00:00+01:00</time>
				<extensions>
					<swisstopo:routepoint_id>1670533365</swisstopo:routepoint_id>
				</extensions>
			</trkpt>
			<trkpt lat="46.8519719384" lon="8.4946235870">
				<ele>2570.6</ele>
				<time>1970-01-01T01:00:00+01:00</time>
				<extensions>
					<swisstopo:routepoint_id>649929566</swisstopo:routepoint_id>
				</extensions>
			</trkpt>
			<trkpt lat="46.8519626237" lon="8.4946735564">
				<ele>2571.8</ele>
				<time>1970-01-01T01:00:00+01:00</time>
				<extensions>
					<swisstopo:routepoint_id>1607233716</swisstopo:routepoint_id>
				</extensions>
			</trkpt>
			<trkpt lat="46.8519626237" lon="8.4946735564">
				<ele>2571.8</ele>
				<extensions>
					<swisstopo:waypoint_id>92041857</swisstopo:waypoint_id>
					<swisstopo:waypoint_is_controlpoint>1</swisstopo:waypoint_is_controlpoint>
					<swisstopo:waypoint_routepoint_id>1607233716</swisstopo:waypoint_routepoint_id>
					<swisstopo:waypoint_meters_into_tour>7986.870548</swisstopo:waypoint_meters_into_tour>
					<swisstopo:waypoint_trackpoint_id>swisstopo-06</swisstopo:waypoint_trackpoint_id>
					<swisstopo:waypoint_original_name>Waypoint</swisstopo:waypoint_original_name>
				</extensions>
				<name>swisstopo-06</name>
			</trkpt>
			<trkpt lat="46.8519622086" lon="8.4946757829">
				<ele>2571.8</ele>
				<time>1970-01-01T01:00:00+01:00</time>
				<extensions>
					<swisstopo:routepoint_id>2086082742</swisstopo:routepoint_id>
				</extensions>
			</trkpt>
			<trkpt lat="46.8519499039" lon="8.4947135561">
				<ele>2571.4</ele>
				<time>1970-01-01T01:00:00+01:00</time>
				<extensions>
					<swisstopo:routepoint_id>1352103504</swisstopo:routepoint_id>
				</extensions>
			</trkpt>
			<trkpt lat="46.8519417903" lon="8.4947446453">
				<ele>2573.1</ele>
				<time>1970-01-01T01:00:00+01:00</time>
				<extensions>
					<swisstopo:routepoint_id>1298362363</swisstopo:routepoint_id>
				</extensions>
			</trkpt>
			<trkpt lat="46.8519110516" lon="8.4947981073">
				<ele>2573.1</ele>
				<time>1970-01-01T01:00:00+01:00</time>
				<extensions>
					<swisstopo:routepoint_id>270818151</swisstopo:routepoint_id>
				</extensions>
			</trkpt>
			<trkpt lat="46.8518925862" lon="8.4948551803">
				<ele>2574.8</ele>
				<time>1970-01-01T01:00:00+01:00</time>
				<extensions>
					<swisstopo:routepoint_id>150882014</swisstopo:routepoint_id>
				</extensions>
			</trkpt>
			<trkpt lat="46.8518840003" lon="8.4949276843">
				<ele>2576.9</ele>
				<time>1970-01-01T01:00:00+01:00</time>
				<extensions>
					<swisstopo:routepoint_id>1017743904</swisstopo:routepoint_id>
				</extensions>
			</trkpt>
			<trkpt lat="46.8518593517" lon="8.4950074525">
				<ele>2578.8</ele>
				<time>1970-01-01T01:00:00+01:00</time>
				<extensions>
					<swisstopo:routepoint_id>1815990142</swisstopo:routepoint_id>
				</extensions>
			</trkpt>
			<trkpt lat="46.8518272234" lon="8.4951022726">
				<ele>2580.5</ele>
				<time>1970-01-01T01:00:00+01:00</time>
				<extensions>
					<swisstopo:routepoint_id>147952233</swisstopo:routepoint_id>
				</extensions>
			</trkpt>
			<trkpt lat="46.8517993728" lon="8.4951819778">
				<ele>2582.6</ele>
				<time>1970-01-01T01:00:00+01:00</time>
				<extensions>
					<swisstopo:routepoint_id>1361486386</swisstopo:routepoint_id>
				</extensions>
			</trkpt>
			<trkpt lat="46.8517753427" lon="8.4952473987">
				<ele>2583.6</ele>
				<time>1970-01-01T01:00:00+01:00</time>
				<extensions>
					<swisstopo:routepoint_id>588734142</swisstopo:routepoint_id>
				</extensions>
			</trkpt>
			<trkpt lat="46.8517653567" lon="8.4953224065">
				<ele>2585.1</ele>
				<time>1970-01-01T01:00:00+01:00</time>
				<extensions>
					<swisstopo:routepoint_id>1509222159</swisstopo:routepoint_id>
				</extensions>
			</trkpt>
			<trkpt lat="46.8517476567" lon="8.4953930266">
				<ele>2586.2</ele>
				<time>1970-01-01T01:00:00+01:00</time>
				<extensions>
					<swisstopo:routepoint_id>871464848</swisstopo:routepoint_id>
				</extensions>
			</trkpt>
			<trkpt lat="46.8517448126" lon="8.4954428130">
				<ele>2587.6</ele>
				<time>1970-01-01T01:00:00+01:00</time>
				<extensions>
					<swisstopo:routepoint_id>1850460971</swisstopo:routepoint_id>
				</extensions>
			</trkpt>
			<trkpt lat="46.8517446304" lon="8.4954985790">
				<ele>2589.2</ele>
				<time>1970-01-01T01:00:00+01:00</time>
				<extensions>
					<swisstopo:routepoint_id>126625861</swisstopo:routepoint_id>
				</extensions>
			</trkpt>
			<trkpt lat="46.8517331312" lon="8.4955465179">
				<ele>2589.9</ele>
				<time>1970-01-01T01:00:00+01:00</time>
				<extensions>
					<swisstopo:routepoint_id>491597062</swisstopo:routepoint_id>
				</extensions>
			</trkpt>
			<trkpt lat="46.8517165561" lon="8.4955985661">
				<ele>2590.7</ele>
				<time>1970-01-01T01:00:00+01:00</time>
				<extensions>
					<swisstopo:routepoint_id>852335465</swisstopo:routepoint_id>
				</extensions>
			</trkpt>
			<trkpt lat="46.8517020411" lon="8.4956700874">
				<ele>2592.5</ele>
				<time>1970-01-01T01:00:00+01:00</time>
				<extensions>
					<swisstopo:routepoint_id>499690481</swisstopo:routepoint_id>
				</extensions>
			</trkpt>
			<trkpt lat="46.8516860129" lon="8.4957145541">
				<ele>2593.6</ele>
				<time>1970-01-01T01:00:00+01:00</time>
				<extensions>
					<swisstopo:routepoint_id>955490398</swisstopo:routepoint_id>
				</extensions>
			</trkpt>
			<trkpt lat="46.8516755260" lon="8.4957532022">
				<ele>2594.4</ele>
				<time>1970-01-01T01:00:00+01:00</time>
				<extensions>
					<swisstopo:routepoint_id>2017468153</swisstopo:routepoint_id>
				</extensions>
			</trkpt>
			<trkpt lat="46.8516694161" lon="8.4958088517">
				<ele>2596.1</ele>
				<time>1970-01-01T01:00:00+01:00</time>
				<extensions>
					<swisstopo:routepoint_id>1642461366</swisstopo:routepoint_id>
				</extensions>
			</trkpt>
			<trkpt lat="46.8516609568" lon="8.4958695166">
				<ele>2597.9</ele>
				<time>1970-01-01T01:00:00+01:00</time>
				<extensions>
					<swisstopo:routepoint_id>1299085904</swisstopo:routepoint_id>
				</extensions>
			</trkpt>
			<trkpt lat="46.8516398540" lon="8.4959189450">
				<ele>2599.1</ele>
				<time>1970-01-01T01:00:00+01:00</time>
				<extensions>
					<swisstopo:routepoint_id>374193116</swisstopo:routepoint_id>
				</extensions>
			</trkpt>
			<trkpt lat="46.8516313232" lon="8.4959863618">
				<ele>2601.4</ele>
				<time>1970-01-01T01:00:00+01:00</time>
				<extensions>
					<swisstopo:routepoint_id>1943753215</swisstopo:routepoint_id>
				</extensions>
			</trkpt>
			<trkpt lat="46.8516288244" lon="8.4960454653">
				<ele>2603.4</ele>
				<time>1970-01-01T01:00:00+01:00</time>
				<extensions>
					<swisstopo:routepoint_id>1536556847</swisstopo:routepoint_id>
				</extensions>
			</trkpt>
			<trkpt lat="46.8516208640" lon="8.4961027567">
				<ele>2604.8</ele>
				<time>1970-01-01T01:00:00+01:00</time>
				<extensions>
					<swisstopo:routepoint_id>1771842643</swisstopo:routepoint_id>
				</extensions>
			</trkpt>
			<trkpt lat="46.8516133141" lon="8.4961642925">
				<ele>2606.5</ele>
				<time>1970-01-01T01:00:00+01:00</time>
				<extensions>
					<swisstopo:routepoint_id>2126419731</swisstopo:routepoint_id>
				</extensions>
			</trkpt>
			<trkpt lat="46.8516081454" lon="8.4962174161">
				<ele>2608.2</ele>
				<time>1970-01-01T01:00:00+01:00</time>
				<extensions>
					<swisstopo:routepoint_id>1705879712</swisstopo:routepoint_id>
				</extensions>
			</trkpt>
			<trkpt lat="46.8515975217" lon="8.4962679026">
				<ele>2609.7</ele>
				<time>1970-01-01T01:00:00+01:00</time>
				<extensions>
					<swisstopo:routepoint_id>20038129</swisstopo:routepoint_id>
				</extensions>
			</trkpt>
			<trkpt lat="46.8515687062" lon="8.4963526629">
				<ele>2612.0</ele>
				<time>1970-01-01T01:00:00+01:00</time>
				<extensions>
					<swisstopo:routepoint_id>1888817031</swisstopo:routepoint_id>
				</extensions>
			</trkpt>
			<trkpt lat="46.8515416589" lon="8.4964416798">
				<ele>2614.4</ele>
				<time>1970-01-01T01:00:00+01:00</time>
				<extensions>
					<swisstopo:routepoint_id>700649501</swisstopo:routepoint_id>
				</extensions>
			</trkpt>
			<trkpt lat="46.8515240309" lon="8.4965063741">
				<ele>2616.4</ele>
				<time>1970-01-01T01:00:00+01:00</time>
				<extensions>
					<swisstopo:routepoint_id>308871353</swisstopo:routepoint_id>
				</extensions>
			</trkpt>
			<trkpt lat="46.8514878372" lon="8.4965571831">
				<ele>2618.3</ele>
				<time>1970-01-01T01:00:00+01:00</time>
				<extensions>
					<swisstopo:routepoint_id>1815264590</swisstopo:routepoint_id>
				</extensions>
			</trkpt>
			<trkpt lat="46.8514468824" lon="8.4966247890">
				<ele>2619.9</ele>
				<time>1970-01-01T01:00:00+01:00</time>
				<extensions>
					<swisstopo:routepoint_id>1201221489</swisstopo:routepoint_id>
				</extensions>
			</trkpt>
			<trkpt lat="46.8514244508" lon="8.4966699546">
				<ele>2621.0</ele>
				<time>1970-01-01T01:00:00+01:00</time>
				<extensions>
					<swisstopo:routepoint_id>280618459</swisstopo:routepoint_id>
				</extensions>
			</trkpt>
			<trkpt lat="46.8514068788" lon="8.4967295883">
				<ele>2622.4</ele>
				<time>1970-01-01T01:00:00+01:00</time>
				<extensions>
					<swisstopo:routepoint_id>602311657</swisstopo:routepoint_id>
				</extensions>
			</trkpt>
			<trkpt lat="46.8513892334" lon="8.4967951336">
				<ele>2624.7</ele>
				<time>1970-01-01T01:00:00+01:00</time>
				<extensions>
					<swisstopo:routepoint_id>2929781</swisstopo:routepoint_id>
				</extensions>
			</trkpt>
			<trkpt lat="46.8513611398" lon="8.4968562515">
				<ele>2626.4</ele>
				<time>1970-01-01T01:00:00+01:00</time>
				<extensions>
					<swisstopo:routepoint_id>1803741166</swisstopo:routepoint_id>
				</extensions>
			</trkpt>
			<trkpt lat="46.8513285020" lon="8.4969155754">
				<ele>2628.6</ele>
				<time>1970-01-01T01:00:00+01:00</time>
				<extensions>
					<swisstopo:routepoint_id>1227255999</swisstopo:routepoint_id>
				</extensions>
			</trkpt>
			<trkpt lat="46.8512982209" lon="8.4969690316">
				<ele>2630.9</ele>
				<time>1970-01-01T01:00:00+01:00</time>
				<extensions>
					<swisstopo:routepoint_id>786213721</swisstopo:routepoint_id>
				</extensions>
			</trkpt>
			<trkpt lat="46.8512812839" lon="8.4970523464">
				<ele>2633.0</ele>
				<time>1970-01-01T01:00:00+01:00</time>
				<extensions>
					<swisstopo:routepoint_id>490021538</swisstopo:routepoint_id>
				</extensions>
			</trkpt>
			<trkpt lat="46.8512779259" lon="8.4971469160">
				<ele>2635.8</ele>
				<time>1970-01-01T01:00:00+01:00</time>
				<extensions>
					<swisstopo:routepoint_id>885756819</swisstopo:routepoint_id>
				</extensions>
			</trkpt>
			<trkpt lat="46.8512870907" lon="8.4972239906">
				<ele>2638.7</ele>
				<time>1970-01-01T01:00:00+01:00</time>
				<extensions>
					<swisstopo:routepoint_id>1382596298</swisstopo:routepoint_id>
				</extensions>
			</trkpt>
			<trkpt lat="46.8513120525" lon="8.4972777456">
				<ele>2640.8</ele>
				<time>1970-01-01T01:00:00+01:00</time>
				<extensions>
					<swisstopo:routepoint_id>379867786</swisstopo:routepoint_id>
				</extensions>
			</trkpt>
			<trkpt lat="46.8513534142" lon="8.4973343547">
				<ele>2643.4</ele>
				<time>1970-01-01T01:00:00+01:00</time>
				<extensions>
					<swisstopo:routepoint_id>998125506</swisstopo:routepoint_id>
				</extensions>
			</trkpt>
			<trkpt lat="46.8513897811" lon="8.4973883349">
				<ele>2645.4</ele>
				<time>1970-01-01T01:00:00+01:00</time>
				<extensions>
					<swisstopo:routepoint_id>1774419028</swisstopo:routepoint_id>
				</extensions>
			</trkpt>
			<trkpt lat="46.8514261174" lon="8.4974854167">
				<ele>2647.8</ele>
				<time>1970-01-01T01:00:00+01:00</time>
				<extensions>
					<swisstopo:routepoint_id>1683590311</swisstopo:routepoint_id>
				</extensions>
			</trkpt>
			<trkpt lat="46.8514611430" lon="8.4975773986">
				<ele>2650.5</ele>
				<time>1970-01-01T01:00:00+01:00</time>
				<extensions>
					<swisstopo:routepoint_id>982350960</swisstopo:routepoint_id>
				</extensions>
			</trkpt>
			<trkpt lat="46.8514845593" lon="8.4976454698">
				<ele>2652.4</ele>
				<time>1970-01-01T01:00:00+01:00</time>
				<extensions>
					<swisstopo:routepoint_id>1004712762</swisstopo:routepoint_id>
				</extensions>
			</trkpt>
			<trkpt lat="46.8515317695" lon="8.4977098130">
				<ele>2655.2</ele>
				<time>1970-01-01T01:00:00+01:00</time>
				<extensions>
					<swisstopo:routepoint_id>1803888142</swisstopo:routepoint_id>
				</extensions>
			</trkpt>
			<trkpt lat="46.8515740331" lon="8.4977681443">
				<ele>2657.7</ele>
				<time>1970-01-01T01:00:00+01:00</time>
				<extensions>
					<swisstopo:routepoint_id>1643275036</swisstopo:routepoint_id>
				</extensions>
			</trkpt>
			<trkpt lat="46.8516054602" lon="8.4978144220">
				<ele>2660.0</ele>
				<time>1970-01-01T01:00:00+01:00</time>
				<extensions>
					<swisstopo:routepoint_id>1846191799</swisstopo:routepoint_id>
				</extensions>
			</trkpt>
			<trkpt lat="46.8516314987" lon="8.4978538276">
				<ele>2662.0</ele>
				<time>1970-01-01T01:00:00+01:00</time>
				<extensions>
					<swisstopo:routepoint_id>1910012705</swisstopo:routepoint_id>
				</extensions>
			</trkpt>
			<trkpt lat="46.8516602473" lon="8.4978949785">
				<ele>2663.5</ele>
				<time>1970-01-01T01:00:00+01:00</time>
				<extensions>
					<swisstopo:routepoint_id>749834121</swisstopo:routepoint_id>
				</extensions>
			</trkpt>
			<trkpt lat="46.8516859182" lon="8.4980061968">
				<ele>2665.7</ele>
				<time>1970-01-01T01:00:00+01:00</time>
				<extensions>
					<swisstopo:routepoint_id>1964817131</swisstopo:routepoint_id>
				</extensions>
			</trkpt>
			<trkpt lat="46.8517019514" lon="8.4980817290">
				<ele>2667.1</ele>
				<time>1970-01-01T01:00:00+01:00</time>
				<extensions>
					<swisstopo:routepoint_id>1978160783</swisstopo:routepoint_id>
				</extensions>
			</trkpt>
			<trkpt lat="46.8517145432" lon="8.4981791568">
				<ele>2668.6</ele>
				<time>1970-01-01T01:00:00+01:00</time>
				<extensions>
					<swisstopo:routepoint_id>1751804514</swisstopo:routepoint_id>
				</extensions>
			</trkpt>
			<trkpt lat="46.8517361503" lon="8.4982463671">
				<ele>2670.8</ele>
				<time>1970-01-01T01:00:00+01:00</time>
				<extensions>
					<swisstopo:routepoint_id>237602700</swisstopo:routepoint_id>
				</extensions>
			</trkpt>
			<trkpt lat="46.8517448474" lon="8.4983242857">
				<ele>2672.2</ele>
				<time>1970-01-01T01:00:00+01:00</time>
				<extensions>
					<swisstopo:routepoint_id>1005230211</swisstopo:routepoint_id>
				</extensions>
			</trkpt>
			<trkpt lat="46.8517552910" lon="8.4984098437">
				<ele>2673.7</ele>
				<time>1970-01-01T01:00:00+01:00</time>
				<extensions>
					<swisstopo:routepoint_id>1858650424</swisstopo:routepoint_id>
				</extensions>
			</trkpt>
			<trkpt lat="46.8517767762" lon="8.4984474553">
				<ele>2675.4</ele>
				<time>1970-01-01T01:00:00+01:00</time>
				<extensions>
					<swisstopo:routepoint_id>73552440</swisstopo:routepoint_id>
				</extensions>
			</trkpt>
			<trkpt lat="46.8517887214" lon="8.4984806572">
				<ele>2676.5</ele>
				<time>1970-01-01T01:00:00+01:00</time>
				<extensions>
					<swisstopo:routepoint_id>1646911660</swisstopo:routepoint_id>
				</extensions>
			</trkpt>
			<trkpt lat="46.8517898175" lon="8.4985449066">
				<ele>2677.3</ele>
				<time>1970-01-01T01:00:00+01:00</time>
				<extensions>
					<swisstopo:routepoint_id>28252894</swisstopo:routepoint_id>
				</extensions>
			</trkpt>
			<trkpt lat="46.8517948774" lon="8.4985813424">
				<ele>2678.0</ele>
				<time>1970-01-01T01:00:00+01:00</time>
				<extensions>
					<swisstopo:routepoint_id>1212952933</swisstopo:routepoint_id>
				</extensions>
			</trkpt>
			<trkpt lat="46.8518138612" lon="8.4985986318">
				<ele>2679.3</ele>
				<time>1970-01-01T01:00:00+01:00</time>
				<extensions>
					<swisstopo:routepoint_id>1198291708</swisstopo:routepoint_id>
				</extensions>
			</trkpt>
			<trkpt lat="46.8518261451" lon="8.4986428285">
				<ele>2680.3</ele>
				<time>1970-01-01T01:00:00+01:00</time>
				<extensions>
					<swisstopo:routepoint_id>624360941</swisstopo:routepoint_id>
				</extensions>
			</trkpt>
			<trkpt lat="46.8518336833" lon="8.4987021298">
				<ele>2681.2</ele>
				<time>1970-01-01T01:00:00+01:00</time>
				<extensions>
					<swisstopo:routepoint_id>1522539306</swisstopo:routepoint_id>
				</extensions>
			</trkpt>
			<trkpt lat="46.8518317462" lon="8.4987519475">
				<ele>2681.6</ele>
				<time>1970-01-01T01:00:00+01:00</time>
				<extensions>
					<swisstopo:routepoint_id>1364199708</swisstopo:routepoint_id>
				</extensions>
			</trkpt>
			<trkpt lat="46.8518410864" lon="8.4988138287">
				<ele>2682.9</ele>
				<time>1970-01-01T01:00:00+01:00</time>
				<extensions>
					<swisstopo:routepoint_id>1313719628</swisstopo:routepoint_id>
				</extensions>
			</trkpt>
			<trkpt lat="46.8518488493" lon="8.4988537009">
				<ele>2683.6</ele>
				<time>1970-01-01T01:00:00+01:00</time>
				<extensions>
					<swisstopo:routepoint_id>341499180</swisstopo:routepoint_id>
				</extensions>
			</trkpt>
			<trkpt lat="46.8518571194" lon="8.4988893613">
				<ele>2684.1</ele>
				<time>1970-01-01T01:00:00+01:00</time>
				<extensions>
					<swisstopo:routepoint_id>1551101071</swisstopo:routepoint_id>
				</extensions>
			</trkpt>
			<trkpt lat="46.8518762822" lon="8.4988426625">
				<ele>2685.1</ele>
				<time>1970-01-01T01:00:00+01:00</time>
				<extensions>
					<swisstopo:routepoint_id>110153751</swisstopo:routepoint_id>
				</extensions>
			</trkpt>
			<trkpt lat="46.8518975031" lon="8.4987883991">
				<ele>2686.3</ele>
				<time>1970-01-01T01:00:00+01:00</time>
				<extensions>
					<swisstopo:routepoint_id>2035114961</swisstopo:routepoint_id>
				</extensions>
			</trkpt>
			<trkpt lat="46.8519155511" lon="8.4987367744">
				<ele>2687.5</ele>
				<time>1970-01-01T01:00:00+01:00</time>
				<extensions>
					<swisstopo:routepoint_id>1755660918</swisstopo:routepoint_id>
				</extensions>
			</trkpt>
			<trkpt lat="46.8519348356" lon="8.4987041354">
				<ele>2688.4</ele>
				<time>1970-01-01T01:00:00+01:00</time>
				<extensions>
					<swisstopo:routepoint_id>843761123</swisstopo:routepoint_id>
				</extensions>
			</trkpt>
			<trkpt lat="46.8519488778" lon="8.4986508055">
				<ele>2689.2</ele>
				<time>1970-01-01T01:00:00+01:00</time>
				<extensions>
					<swisstopo:routepoint_id>15774546</swisstopo:routepoint_id>
				</extensions>
			</trkpt>
			<trkpt lat="46.8519605876" lon="8.4986006686">
				<ele>2689.8</ele>
				<time>1970-01-01T01:00:00+01:00</time>
				<extensions>
					<swisstopo:routepoint_id>769706265</swisstopo:routepoint_id>
				</extensions>
			</trkpt>
			<trkpt lat="46.8519678386" lon="8.4985385242">
				<ele>2691.0</ele>
				<time>1970-01-01T01:00:00+01:00</time>
				<extensions>
					<swisstopo:routepoint_id>2027185817</swisstopo:routepoint_id>
				</extensions>
			</trkpt>
			<trkpt lat="46.8519813394" lon="8.4984824695">
				<ele>2691.1</ele>
				<time>1970-01-01T01:00:00+01:00</time>
				<extensions>
					<swisstopo:routepoint_id>1486559571</swisstopo:routepoint_id>
				</extensions>
			</trkpt>
			<trkpt lat="46.8519900746" lon="8.4984154889">
				<ele>2691.4</ele>
				<time>1970-01-01T01:00:00+01:00</time>
				<extensions>
					<swisstopo:routepoint_id>1306004611</swisstopo:routepoint_id>
				</extensions>
			</trkpt>
			<trkpt lat="46.8520036456" lon="8.4983518433">
				<ele>2691.9</ele>
				<time>1970-01-01T01:00:00+01:00</time>
				<extensions>
					<swisstopo:routepoint_id>2041359085</swisstopo:routepoint_id>
				</extensions>
			</trkpt>
			<trkpt lat="46.8520166310" lon="8.4983174537">
				<ele>2693.2</ele>
				<time>1970-01-01T01:00:00+01:00</time>
				<extensions>
					<swisstopo:routepoint_id>893440915</swisstopo:routepoint_id>
				</extensions>
			</trkpt>
			<trkpt lat="46.8520379398" lon="8.4982837794">
				<ele>2695.3</ele>
				<time>1970-01-01T01:00:00+01:00</time>
				<extensions>
					<swisstopo:routepoint_id>2028858316</swisstopo:routepoint_id>
				</extensions>
			</trkpt>
			<trkpt lat="46.8520552947" lon="8.4982700507">
				<ele>2697.1</ele>
				<time>1970-01-01T01:00:00+01:00</time>
				<extensions>
					<swisstopo:routepoint_id>2079335570</swisstopo:routepoint_id>
				</extensions>
			</trkpt>
			<trkpt lat="46.8520787598" lon="8.4982765049">
				<ele>2699.2</ele>
				<time>1970-01-01T01:00:00+01:00</time>
				<extensions>
					<swisstopo:routepoint_id>1145513255</swisstopo:routepoint_id>
				</extensions>
			</trkpt>
			<trkpt lat="46.8520850498" lon="8.4983064350">
				<ele>2699.7</ele>
				<time>1970-01-01T01:00:00+01:00</time>
				<extensions>
					<swisstopo:routepoint_id>1727214431</swisstopo:routepoint_id>
				</extensions>
			</trkpt>
			<trkpt lat="46.8520851340" lon="8.4983264865">
				<ele>2700.2</ele>
				<time>1970-01-01T01:00:00+01:00</time>
				<extensions>
					<swisstopo:routepoint_id>972930572</swisstopo:routepoint_id>
				</extensions>
			</trkpt>
			<trkpt lat="46.8520970540" lon="8.4983662839">
				<ele>2701.4</ele>
				<time>1970-01-01T01:00:00+01:00</time>
				<extensions>
					<swisstopo:routepoint_id>2040637738</swisstopo:routepoint_id>
				</extensions>
			</trkpt>
			<trkpt lat="46.8521076672" lon="8.4983946728">
				<ele>2702.5</ele>
				<time>1970-01-01T01:00:00+01:00</time>
				<extensions>
					<swisstopo:routepoint_id>164050260</swisstopo:routepoint_id>
				</extensions>
			</trkpt>
			<trkpt lat="46.8521219932" lon="8.4983971446">
				<ele>2703.3</ele>
				<time>1970-01-01T01:00:00+01:00</time>
				<extensions>
					<swisstopo:routepoint_id>1505802199</swisstopo:routepoint_id>
				</extensions>
			</trkpt>
			<trkpt lat="46.8521555303" lon="8.4983729424">
				<ele>2705.3</ele>
				<time>1970-01-01T01:00:00+01:00</time>
				<extensions>
					<swisstopo:routepoint_id>1830397530</swisstopo:routepoint_id>
				</extensions>
			</trkpt>
			<trkpt lat="46.8521651551" lon="8.4983585108">
				<ele>2705.9</ele>
				<time>1970-01-01T01:00:00+01:00</time>
				<extensions>
					<swisstopo:routepoint_id>1008083155</swisstopo:routepoint_id>
				</extensions>
			</trkpt>
			<trkpt lat="46.8521823894" lon="8.4983296209">
				<ele>2706.9</ele>
				<time>1970-01-01T01:00:00+01:00</time>
				<extensions>
					<swisstopo:routepoint_id>448619952</swisstopo:routepoint_id>
				</extensions>
			</trkpt>
			<trkpt lat="46.8521979119" lon="8.4982990709">
				<ele>2707.8</ele>
				<time>1970-01-01T01:00:00+01:00</time>
				<extensions>
					<swisstopo:routepoint_id>1551375601</swisstopo:routepoint_id>
				</extensions>
			</trkpt>
			<trkpt lat="46.8522246424" lon="8.4982676802">
				<ele>2709.6</ele>
				<time>1970-01-01T01:00:00+01:00</time>
				<extensions>
					<swisstopo:routepoint_id>1837897275</swisstopo:routepoint_id>
				</extensions>
			</trkpt>
			<trkpt lat="46.8522604971" lon="8.4982418971">
				<ele>2711.7</ele>
				<time>1970-01-01T01:00:00+01:00</time>
				<extensions>
					<swisstopo:routepoint_id>1981575648</swisstopo:routepoint_id>
				</extensions>
			</trkpt>
			<trkpt lat="46.8522981779" lon="8.4982063943">
				<ele>2714.0</ele>
				<time>1970-01-01T01:00:00+01:00</time>
				<extensions>
					<swisstopo:routepoint_id>1458124961</swisstopo:routepoint_id>
				</extensions>
			</trkpt>
			<trkpt lat="46.8523190066" lon="8.4981905833">
				<ele>2715.3</ele>
				<time>1970-01-01T01:00:00+01:00</time>
				<extensions>
					<swisstopo:routepoint_id>1181040126</swisstopo:routepoint_id>
				</extensions>
			</trkpt>
			<trkpt lat="46.8523437967" lon="8.4981520983">
				<ele>2716.7</ele>
				<time>1970-01-01T01:00:00+01:00</time>
				<extensions>
					<swisstopo:routepoint_id>1960582285</swisstopo:routepoint_id>
				</extensions>
			</trkpt>
			<trkpt lat="46.8523730933" lon="8.4981223835">
				<ele>2718.5</ele>
				<time>1970-01-01T01:00:00+01:00</time>
				<extensions>
					<swisstopo:routepoint_id>1203565876</swisstopo:routepoint_id>
				</extensions>
			</trkpt>
			<trkpt lat="46.8524133609" lon="8.4980863936">
				<ele>2720.8</ele>
				<time>1970-01-01T01:00:00+01:00</time>
				<extensions>
					<swisstopo:routepoint_id>453867866</swisstopo:routepoint_id>
				</extensions>
			</trkpt>
			<trkpt lat="46.8524437899" lon="8.4980577895">
				<ele>2722.9</ele>
				<time>1970-01-01T01:00:00+01:00</time>
				<extensions>
					<swisstopo:routepoint_id>1942923800</swisstopo:routepoint_id>
				</extensions>
			</trkpt>
			<trkpt lat="46.8524601605" lon="8.4980288823">
				<ele>2723.8</ele>
				<time>1970-01-01T01:00:00+01:00</time>
				<extensions>
					<swisstopo:routepoint_id>1413876276</swisstopo:routepoint_id>
				</extensions>
			</trkpt>
			<trkpt lat="46.8524705392" lon="8.4979971431">
				<ele>2724.1</ele>
				<time>1970-01-01T01:00:00+01:00</time>
				<extensions>
					<swisstopo:routepoint_id>2019340415</swisstopo:routepoint_id>
				</extensions>
			</trkpt>
			<trkpt lat="46.8524871629" lon="8.4979720306">
				<ele>2725.0</ele>
				<time>1970-01-01T01:00:00+01:00</time>
				<extensions>
					<swisstopo:routepoint_id>985954653</swisstopo:routepoint_id>
				</extensions>
			</trkpt>
			<trkpt lat="46.8525190171" lon="8.4979439915">
				<ele>2726.8</ele>
				<time>1970-01-01T01:00:00+01:00</time>
				<extensions>
					<swisstopo:routepoint_id>964058953</swisstopo:routepoint_id>
				</extensions>
			</trkpt>
			<trkpt lat="46.8525549106" lon="8.4979149570">
				<ele>2729.0</ele>
				<time>1970-01-01T01:00:00+01:00</time>
				<extensions>
					<swisstopo:routepoint_id>676698622</swisstopo:routepoint_id>
				</extensions>
			</trkpt>
			<trkpt lat="46.8525870076" lon="8.4978917880">
				<ele>2731.0</ele>
				<time>1970-01-01T01:00:00+01:00</time>
				<extensions>
					<swisstopo:routepoint_id>1611185302</swisstopo:routepoint_id>
				</extensions>
			</trkpt>
			<trkpt lat="46.8526318679" lon="8.4978824557">
				<ele>2734.2</ele>
				<time>1970-01-01T01:00:00+01:00</time>
				<extensions>
					<swisstopo:routepoint_id>2133310380</swisstopo:routepoint_id>
				</extensions>
			</trkpt>
			<trkpt lat="46.8526713019" lon="8.4978713646">
				<ele>2737.1</ele>
				<time>1970-01-01T01:00:00+01:00</time>
				<extensions>
					<swisstopo:routepoint_id>593118656</swisstopo:routepoint_id>
				</extensions>
			</trkpt>
			<trkpt lat="46.8527040546" lon="8.4978677207">
				<ele>2739.4</ele>
				<time>1970-01-01T01:00:00+01:00</time>
				<extensions>
					<swisstopo:routepoint_id>1424629943</swisstopo:routepoint_id>
				</extensions>
			</trkpt>
			<trkpt lat="46.8527257718" lon="8.4978773931">
				<ele>2741.3</ele>
				<time>1970-01-01T01:00:00+01:00</time>
				<extensions>
					<swisstopo:routepoint_id>2109507163</swisstopo:routepoint_id>
				</extensions>
			</trkpt>
			<trkpt lat="46.8527412161" lon="8.4979096799">
				<ele>2743.0</ele>
				<time>1970-01-01T01:00:00+01:00</time>
				<extensions>
					<swisstopo:routepoint_id>1895411307</swisstopo:routepoint_id>
				</extensions>
			</trkpt>
			<trkpt lat="46.8527569029" lon="8.4979468505">
				<ele>2745.2</ele>
				<time>1970-01-01T01:00:00+01:00</time>
				<extensions>
					<swisstopo:routepoint_id>301643885</swisstopo:routepoint_id>
				</extensions>
			</trkpt>
			<trkpt lat="46.8527631339" lon="8.4979821950">
				<ele>2746.6</ele>
				<time>1970-01-01T01:00:00+01:00</time>
				<extensions>
					<swisstopo:routepoint_id>1106404998</swisstopo:routepoint_id>
				</extensions>
			</trkpt>
			<trkpt lat="46.8527763538" lon="8.4980079342">
				<ele>2748.5</ele>
				<time>1970-01-01T01:00:00+01:00</time>
				<extensions>
					<swisstopo:routepoint_id>1252359165</swisstopo:routepoint_id>
				</extensions>
			</trkpt>
			<trkpt lat="46.8527809017" lon="8.4980394568">
				<ele>2749.6</ele>
				<time>1970-01-01T01:00:00+01:00</time>
				<extensions>
					<swisstopo:routepoint_id>1563164171</swisstopo:routepoint_id>
				</extensions>
			</trkpt>
			<trkpt lat="46.8527797175" lon="8.4981255614">
				<ele>2751.7</ele>
				<time>1970-01-01T01:00:00+01:00</time>
				<extensions>
					<swisstopo:routepoint_id>1614612021</swisstopo:routepoint_id>
				</extensions>
			</trkpt>
			<trkpt lat="46.8527788549" lon="8.4981808037">
				<ele>2753.2</ele>
				<time>1970-01-01T01:00:00+01:00</time>
				<extensions>
					<swisstopo:routepoint_id>210240208</swisstopo:routepoint_id>
				</extensions>
			</trkpt>
			<trkpt lat="46.8527853887" lon="8.4982426962">
				<ele>2755.5</ele>
				<time>1970-01-01T01:00:00+01:00</time>
				<extensions>
					<swisstopo:routepoint_id>1303450752</swisstopo:routepoint_id>
				</extensions>
			</trkpt>
			<trkpt lat="46.8527983318" lon="8.4982944334">
				<ele>2757.9</ele>
				<time>1970-01-01T01:00:00+01:00</time>
				<extensions>
					<swisstopo:routepoint_id>1057182247</swisstopo:routepoint_id>
				</extensions>
			</trkpt>
			<trkpt lat="46.8528113377" lon="8.4983413079">
				<ele>2759.8</ele>
				<time>1970-01-01T01:00:00+01:00</time>
				<extensions>
					<swisstopo:routepoint_id>279021929</swisstopo:routepoint_id>
				</extensions>
			</trkpt>
			<trkpt lat="46.8528225276" lon="8.4983968003">
				<ele>2761.3</ele>
				<time>1970-01-01T01:00:00+01:00</time>
				<extensions>
					<swisstopo:routepoint_id>1317669528</swisstopo:routepoint_id>
				</extensions>
			</trkpt>
			<trkpt lat="46.8528356924" lon="8.4984003250">
				<ele>2762.3</ele>
				<time>1970-01-01T01:00:00+01:00</time>
				<extensions>
					<swisstopo:routepoint_id>614527952</swisstopo:routepoint_id>
				</extensions>
			</trkpt>
			<trkpt lat="46.8528587756" lon="8.4983878102">
				<ele>2764.5</ele>
				<time>1970-01-01T01:00:00+01:00</time>
				<extensions>
					<swisstopo:routepoint_id>93250640</swisstopo:routepoint_id>
				</extensions>
			</trkpt>
			<trkpt lat="46.8528784278" lon="8.4983746900">
				<ele>2765.9</ele>
				<time>1970-01-01T01:00:00+01:00</time>
				<extensions>
					<swisstopo:routepoint_id>656857149</swisstopo:routepoint_id>
				</extensions>
			</trkpt>
			<trkpt lat="46.8528863353" lon="8.4983873171">
				<ele>2766.6</ele>
				<time>1970-01-01T01:00:00+01:00</time>
				<extensions>
					<swisstopo:routepoint_id>20993363</swisstopo:routepoint_id>
				</extensions>
			</trkpt>
			<trkpt lat="46.8528972176" lon="8.4984168002">
				<ele>2767.7</ele>
				<time>1970-01-01T01:00:00+01:00</time>
				<extensions>
					<swisstopo:routepoint_id>254559084</swisstopo:routepoint_id>
				</extensions>
			</trkpt>
			<trkpt lat="46.8529126707" lon="8.4984209198">
				<ele>2768.9</ele>
				<time>1970-01-01T01:00:00+01:00</time>
				<extensions>
					<swisstopo:routepoint_id>727172259</swisstopo:routepoint_id>
				</extensions>
			</trkpt>
			<trkpt lat="46.8529234377" lon="8.4984065106">
				<ele>2769.7</ele>
				<time>1970-01-01T01:00:00+01:00</time>
				<extensions>
					<swisstopo:routepoint_id>17658484</swisstopo:routepoint_id>
				</extensions>
			</trkpt>
			<trkpt lat="46.8529385770" lon="8.4983862470">
				<ele>2770.7</ele>
				<time>1970-01-01T01:00:00+01:00</time>
				<extensions>
					<swisstopo:routepoint_id>1937173248</swisstopo:routepoint_id>
				</extensions>
			</trkpt>
			<trkpt lat="46.8529568895" lon="8.4983915122">
				<ele>2772.0</ele>
				<time>1970-01-01T01:00:00+01:00</time>
				<extensions>
					<swisstopo:routepoint_id>582011099</swisstopo:routepoint_id>
				</extensions>
			</trkpt>
			<trkpt lat="46.8529713788" lon="8.4983782776">
				<ele>2773.3</ele>
				<time>1970-01-01T01:00:00+01:00</time>
				<extensions>
					<swisstopo:routepoint_id>956969147</swisstopo:routepoint_id>
				</extensions>
			</trkpt>
			<trkpt lat="46.8529957316" lon="8.4983267887">
				<ele>2774.9</ele>
				<time>1970-01-01T01:00:00+01:00</time>
				<extensions>
					<swisstopo:routepoint_id>449817323</swisstopo:routepoint_id>
				</extensions>
			</trkpt>
			<trkpt lat="46.8530100327" lon="8.4983037937">
				<ele>2775.6</ele>
				<time>1970-01-01T01:00:00+01:00</time>
				<extensions>
					<swisstopo:routepoint_id>1342641793</swisstopo:routepoint_id>
				</extensions>
			</trkpt>
			<trkpt lat="46.8530263693" lon="8.4983057681">
				<ele>2777.4</ele>
				<time>1970-01-01T01:00:00+01:00</time>
				<extensions>
					<swisstopo:routepoint_id>1522252998</swisstopo:routepoint_id>
				</extensions>
			</trkpt>
			<trkpt lat="46.8530383127" lon="8.4983168475">
				<ele>2778.6</ele>
				<time>1970-01-01T01:00:00+01:00</time>
				<extensions>
					<swisstopo:routepoint_id>978232221</swisstopo:routepoint_id>
				</extensions>
			</trkpt>
			<trkpt lat="46.8530525245" lon="8.4983025196">
				<ele>2779.5</ele>
				<time>1970-01-01T01:00:00+01:00</time>
				<extensions>
					<swisstopo:routepoint_id>83579966</swisstopo:routepoint_id>
				</extensions>
			</trkpt>
			<trkpt lat="46.8530692131" lon="8.4982703793">
				<ele>2780.5</ele>
				<time>1970-01-01T01:00:00+01:00</time>
				<extensions>
					<swisstopo:routepoint_id>186555359</swisstopo:routepoint_id>
				</extensions>
			</trkpt>
			<trkpt lat="46.8530814243" lon="8.4982554605">
				<ele>2781.5</ele>
				<time>1970-01-01T01:00:00+01:00</time>
				<extensions>
					<swisstopo:routepoint_id>23803217</swisstopo:routepoint_id>
				</extensions>
			</trkpt>
			<trkpt lat="46.8530929713" lon="8.4982762887">
				<ele>2782.7</ele>
				<time>1970-01-01T01:00:00+01:00</time>
				<extensions>
					<swisstopo:routepoint_id>845190997</swisstopo:routepoint_id>
				</extensions>
			</trkpt>
			<trkpt lat="46.8531030230" lon="8.4982759623">
				<ele>2783.5</ele>
				<time>1970-01-01T01:00:00+01:00</time>
				<extensions>
					<swisstopo:routepoint_id>1122986058</swisstopo:routepoint_id>
				</extensions>
			</trkpt>
			<trkpt lat="46.8531181381" lon="8.4982573238">
				<ele>2784.6</ele>
				<time>1970-01-01T01:00:00+01:00</time>
				<extensions>
					<swisstopo:routepoint_id>1003102165</swisstopo:routepoint_id>
				</extensions>
			</trkpt>
			<trkpt lat="46.8531437274" lon="8.4982248216">
				<ele>2786.2</ele>
				<time>1970-01-01T01:00:00+01:00</time>
				<extensions>
					<swisstopo:routepoint_id>643052142</swisstopo:routepoint_id>
				</extensions>
			</trkpt>
			<trkpt lat="46.8531617562" lon="8.4982024505">
				<ele>2787.4</ele>
				<time>1970-01-01T01:00:00+01:00</time>
				<extensions>
					<swisstopo:routepoint_id>885963362</swisstopo:routepoint_id>
				</extensions>
			</trkpt>
			<trkpt lat="46.8531716996" lon="8.4982118650">
				<ele>2788.4</ele>
				<time>1970-01-01T01:00:00+01:00</time>
				<extensions>
					<swisstopo:routepoint_id>1639276625</swisstopo:routepoint_id>
				</extensions>
			</trkpt>
			<trkpt lat="46.8531817171" lon="8.4982424197">
				<ele>2789.8</ele>
				<time>1970-01-01T01:00:00+01:00</time>
				<extensions>
					<swisstopo:routepoint_id>1042118957</swisstopo:routepoint_id>
				</extensions>
			</trkpt>
			<trkpt lat="46.8531903941" lon="8.4982360995">
				<ele>2790.5</ele>
				<time>1970-01-01T01:00:00+01:00</time>
				<extensions>
					<swisstopo:routepoint_id>259713418</swisstopo:routepoint_id>
				</extensions>
			</trkpt>
			<trkpt lat="46.8532067700" lon="8.4982066550">
				<ele>2791.4</ele>
				<time>1970-01-01T01:00:00+01:00</time>
				<extensions>
					<swisstopo:routepoint_id>557429774</swisstopo:routepoint_id>
				</extensions>
			</trkpt>
			<trkpt lat="46.8532291320" lon="8.4981816551">
				<ele>2792.9</ele>
				<time>1970-01-01T01:00:00+01:00</time>
				<extensions>
					<swisstopo:routepoint_id>2078701927</swisstopo:routepoint_id>
				</extensions>
			</trkpt>
			<trkpt lat="46.8532574068" lon="8.4981670917">
				<ele>2795.5</ele>
				<time>1970-01-01T01:00:00+01:00</time>
				<extensions>
					<swisstopo:routepoint_id>2133264872</swisstopo:routepoint_id>
				</extensions>
			</trkpt>
			<trkpt lat="46.8532769750" lon="8.4981620871">
				<ele>2796.7</ele>
				<time>1970-01-01T01:00:00+01:00</time>
				<extensions>
					<swisstopo:routepoint_id>442654295</swisstopo:routepoint_id>
				</extensions>
			</trkpt>
			<trkpt lat="46.8532976803" lon="8.4981576428">
				<ele>2798.2</ele>
				<time>1970-01-01T01:00:00+01:00</time>
				<extensions>
					<swisstopo:routepoint_id>185771289</swisstopo:routepoint_id>
				</extensions>
			</trkpt>
			<trkpt lat="46.8533236816" lon="8.4981408576">
				<ele>2800.3</ele>
				<time>1970-01-01T01:00:00+01:00</time>
				<extensions>
					<swisstopo:routepoint_id>660812379</swisstopo:routepoint_id>
				</extensions>
			</trkpt>
			<trkpt lat="46.8533565627" lon="8.4981253099">
				<ele>2802.4</ele>
				<time>1970-01-01T01:00:00+01:00</time>
				<extensions>
					<swisstopo:routepoint_id>593534589</swisstopo:routepoint_id>
				</extensions>
			</trkpt>
			<trkpt lat="46.8533858155" lon="8.4980993834">
				<ele>2804.2</ele>
				<time>1970-01-01T01:00:00+01:00</time>
				<extensions>
					<swisstopo:routepoint_id>1986175203</swisstopo:routepoint_id>
				</extensions>
			</trkpt>
			<trkpt lat="46.8534009548" lon="8.4980791068">
				<ele>2804.9</ele>
				<time>1970-01-01T01:00:00+01:00</time>
				<extensions>
					<swisstopo:routepoint_id>213902010</swisstopo:routepoint_id>
				</extensions>
			</trkpt>
			<trkpt lat="46.8534009548" lon="8.4980791068">
				<ele>2804.9</ele>
				<extensions>
					<swisstopo:waypoint_id>464869484</swisstopo:waypoint_id>
					<swisstopo:waypoint_is_controlpoint>1</swisstopo:waypoint_is_controlpoint>
					<swisstopo:waypoint_routepoint_id>213902010</swisstopo:waypoint_routepoint_id>
					<swisstopo:waypoint_meters_into_tour>8619.163731</swisstopo:waypoint_meters_into_tour>
					<swisstopo:waypoint_trackpoint_id>swisstopo-07</swisstopo:waypoint_trackpoint_id>
					<swisstopo:waypoint_original_name>Waypoint</swisstopo:waypoint_original_name>
				</extensions>
				<name>swisstopo-07</name>
			</trkpt>
			<trkpt lat="46.8533858155" lon="8.4980993834">
				<ele>2804.2</ele>
				<time>1970-01-01T01:00:00+01:00</time>
				<extensions>
					<swisstopo:routepoint_id>371860006</swisstopo:routepoint_id>
				</extensions>
			</trkpt>
			<trkpt lat="46.8533565627" lon="8.4981253099">
				<ele>2802.4</ele>
				<time>1970-01-01T01:00:00+01:00</time>
				<extensions>
					<swisstopo:routepoint_id>1663635846</swisstopo:routepoint_id>
				</extensions>
			</trkpt>
			<trkpt lat="46.8533236816" lon="8.4981408576">
				<ele>2800.3</ele>
				<time>1970-01-01T01:00:00+01:00</time>
				<extensions>
					<swisstopo:routepoint_id>107994515</swisstopo:routepoint_id>
				</extensions>
			</trkpt>
			<trkpt lat="46.8532976803" lon="8.4981576428">
				<ele>2798.2</ele>
				<time>1970-01-01T01:00:00+01:00</time>
				<extensions>
					<swisstopo:routepoint_id>360993446</swisstopo:routepoint_id>
				</extensions>
			</trkpt>
			<trkpt lat="46.8532769750" lon="8.4981620871">
				<ele>2796.7</ele>
				<time>1970-01-01T01:00:00+01:00</time>
				<extensions>
					<swisstopo:routepoint_id>612989136</swisstopo:routepoint_id>
				</extensions>
			</trkpt>
			<trkpt lat="46.8532574068" lon="8.4981670917">
				<ele>2795.5</ele>
				<time>1970-01-01T01:00:00+01:00</time>
				<extensions>
					<swisstopo:routepoint_id>542388605</swisstopo:routepoint_id>
				</extensions>
			</trkpt>
			<trkpt lat="46.8532291320" lon="8.4981816551">
				<ele>2792.9</ele>
				<time>1970-01-01T01:00:00+01:00</time>
				<extensions>
					<swisstopo:routepoint_id>282659704</swisstopo:routepoint_id>
				</extensions>
			</trkpt>
			<trkpt lat="46.8532067700" lon="8.4982066550">
				<ele>2791.4</ele>
				<time>1970-01-01T01:00:00+01:00</time>
				<extensions>
					<swisstopo:routepoint_id>12818181</swisstopo:routepoint_id>
				</extensions>
			</trkpt>
			<trkpt lat="46.8531903941" lon="8.4982360995">
				<ele>2790.5</ele>
				<time>1970-01-01T01:00:00+01:00</time>
				<extensions>
					<swisstopo:routepoint_id>1389002518</swisstopo:routepoint_id>
				</extensions>
			</trkpt>
			<trkpt lat="46.8531817171" lon="8.4982424197">
				<ele>2789.8</ele>
				<time>1970-01-01T01:00:00+01:00</time>
				<extensions>
					<swisstopo:routepoint_id>1096740015</swisstopo:routepoint_id>
				</extensions>
			</trkpt>
			<trkpt lat="46.8531716996" lon="8.4982118650">
				<ele>2788.4</ele>
				<time>1970-01-01T01:00:00+01:00</time>
				<extensions>
					<swisstopo:routepoint_id>62413080</swisstopo:routepoint_id>
				</extensions>
			</trkpt>
			<trkpt lat="46.8531617562" lon="8.4982024505">
				<ele>2787.4</ele>
				<time>1970-01-01T01:00:00+01:00</time>
				<extensions>
					<swisstopo:routepoint_id>1418736636</swisstopo:routepoint_id>
				</extensions>
			</trkpt>
			<trkpt lat="46.8531437274" lon="8.4982248216">
				<ele>2786.2</ele>
				<time>1970-01-01T01:00:00+01:00</time>
				<extensions>
					<swisstopo:routepoint_id>1653034975</swisstopo:routepoint_id>
				</extensions>
			</trkpt>
			<trkpt lat="46.8531181381" lon="8.4982573238">
				<ele>2784.6</ele>
				<time>1970-01-01T01:00:00+01:00</time>
				<extensions>
					<swisstopo:routepoint_id>1683417672</swisstopo:routepoint_id>
				</extensions>
			</trkpt>
			<trkpt lat="46.8531030230" lon="8.4982759623">
				<ele>2783.5</ele>
				<time>1970-01-01T01:00:00+01:00</time>
				<extensions>
					<swisstopo:routepoint_id>722709287</swisstopo:routepoint_id>
				</extensions>
			</trkpt>
			<trkpt lat="46.8530929713" lon="8.4982762887">
				<ele>2782.7</ele>
				<time>1970-01-01T01:00:00+01:00</time>
				<extensions>
					<swisstopo:routepoint_id>1339989992</swisstopo:routepoint_id>
				</extensions>
			</trkpt>
			<trkpt lat="46.8530814243" lon="8.4982554605">
				<ele>2781.5</ele>
				<time>1970-01-01T01:00:00+01:00</time>
				<extensions>
					<swisstopo:routepoint_id>1688925711</swisstopo:routepoint_id>
				</extensions>
			</trkpt>
			<trkpt lat="46.8530692131" lon="8.4982703793">
				<ele>2780.5</ele>
				<time>1970-01-01T01:00:00+01:00</time>
				<extensions>
					<swisstopo:routepoint_id>661061481</swisstopo:routepoint_id>
				</extensions>
			</trkpt>
			<trkpt lat="46.8530525245" lon="8.4983025196">
				<ele>2779.5</ele>
				<time>1970-01-01T01:00:00+01:00</time>
				<extensions>
					<swisstopo:routepoint_id>1748123724</swisstopo:routepoint_id>
				</extensions>
			</trkpt>
			<trkpt lat="46.8530383127" lon="8.4983168475">
				<ele>2778.6</ele>
				<time>1970-01-01T01:00:00+01:00</time>
				<extensions>
					<swisstopo:routepoint_id>1020649499</swisstopo:routepoint_id>
				</extensions>
			</trkpt>
			<trkpt lat="46.8530263693" lon="8.4983057681">
				<ele>2777.4</ele>
				<time>1970-01-01T01:00:00+01:00</time>
				<extensions>
					<swisstopo:routepoint_id>526175636</swisstopo:routepoint_id>
				</extensions>
			</trkpt>
			<trkpt lat="46.8530100327" lon="8.4983037937">
				<ele>2775.6</ele>
				<time>1970-01-01T01:00:00+01:00</time>
				<extensions>
					<swisstopo:routepoint_id>1725782296</swisstopo:routepoint_id>
				</extensions>
			</trkpt>
			<trkpt lat="46.8529957316" lon="8.4983267887">
				<ele>2774.9</ele>
				<time>1970-01-01T01:00:00+01:00</time>
				<extensions>
					<swisstopo:routepoint_id>555179659</swisstopo:routepoint_id>
				</extensions>
			</trkpt>
			<trkpt lat="46.8529713788" lon="8.4983782776">
				<ele>2773.3</ele>
				<time>1970-01-01T01:00:00+01:00</time>
				<extensions>
					<swisstopo:routepoint_id>1916068303</swisstopo:routepoint_id>
				</extensions>
			</trkpt>
			<trkpt lat="46.8529568895" lon="8.4983915122">
				<ele>2772.0</ele>
				<time>1970-01-01T01:00:00+01:00</time>
				<extensions>
					<swisstopo:routepoint_id>1391319051</swisstopo:routepoint_id>
				</extensions>
			</trkpt>
			<trkpt lat="46.8529385770" lon="8.4983862470">
				<ele>2770.7</ele>
				<time>1970-01-01T01:00:00+01:00</time>
				<extensions>
					<swisstopo:routepoint_id>1999948979</swisstopo:routepoint_id>
				</extensions>
			</trkpt>
			<trkpt lat="46.8529234377" lon="8.4984065106">
				<ele>2769.7</ele>
				<time>1970-01-01T01:00:00+01:00</time>
				<extensions>
					<swisstopo:routepoint_id>472298584</swisstopo:routepoint_id>
				</extensions>
			</trkpt>
			<trkpt lat="46.8529126707" lon="8.4984209198">
				<ele>2768.9</ele>
				<time>1970-01-01T01:00:00+01:00</time>
				<extensions>
					<swisstopo:routepoint_id>862862655</swisstopo:routepoint_id>
				</extensions>
			</trkpt>
			<trkpt lat="46.8528972176" lon="8.4984168002">
				<ele>2767.7</ele>
				<time>1970-01-01T01:00:00+01:00</time>
				<extensions>
					<swisstopo:routepoint_id>297348550</swisstopo:routepoint_id>
				</extensions>
			</trkpt>
			<trkpt lat="46.8528863353" lon="8.4983873171">
				<ele>2766.6</ele>
				<time>1970-01-01T01:00:00+01:00</time>
				<extensions>
					<swisstopo:routepoint_id>1993820415</swisstopo:routepoint_id>
				</extensions>
			</trkpt>
			<trkpt lat="46.8528784278" lon="8.4983746900">
				<ele>2765.9</ele>
				<time>1970-01-01T01:00:00+01:00</time>
				<extensions>
					<swisstopo:routepoint_id>105907494</swisstopo:routepoint_id>
				</extensions>
			</trkpt>
			<trkpt lat="46.8528587756" lon="8.4983878102">
				<ele>2764.5</ele>
				<time>1970-01-01T01:00:00+01:00</time>
				<extensions>
					<swisstopo:routepoint_id>10866560</swisstopo:routepoint_id>
				</extensions>
			</trkpt>
			<trkpt lat="46.8528356924" lon="8.4984003250">
				<ele>2762.3</ele>
				<time>1970-01-01T01:00:00+01:00</time>
				<extensions>
					<swisstopo:routepoint_id>1050646709</swisstopo:routepoint_id>
				</extensions>
			</trkpt>
			<trkpt lat="46.8528225276" lon="8.4983968003">
				<ele>2761.3</ele>
				<time>1970-01-01T01:00:00+01:00</time>
				<extensions>
					<swisstopo:routepoint_id>1713089558</swisstopo:routepoint_id>
				</extensions>
			</trkpt>
			<trkpt lat="46.8528113377" lon="8.4983413079">
				<ele>2759.8</ele>
				<time>1970-01-01T01:00:00+01:00</time>
				<extensions>
					<swisstopo:routepoint_id>78333741</swisstopo:routepoint_id>
				</extensions>
			</trkpt>
			<trkpt lat="46.8527983318" lon="8.4982944334">
				<ele>2757.9</ele>
				<time>1970-01-01T01:00:00+01:00</time>
				<extensions>
					<swisstopo:routepoint_id>600170955</swisstopo:routepoint_id>
				</extensions>
			</trkpt>
			<trkpt lat="46.8527853887" lon="8.4982426962">
				<ele>2755.5</ele>
				<time>1970-01-01T01:00:00+01:00</time>
				<extensions>
					<swisstopo:routepoint_id>1300869735</swisstopo:routepoint_id>
				</extensions>
			</trkpt>
			<trkpt lat="46.8527788549" lon="8.4981808037">
				<ele>2753.2</ele>
				<time>1970-01-01T01:00:00+01:00</time>
				<extensions>
					<swisstopo:routepoint_id>1333403337</swisstopo:routepoint_id>
				</extensions>
			</trkpt>
			<trkpt lat="46.8527797175" lon="8.4981255614">
				<ele>2751.7</ele>
				<time>1970-01-01T01:00:00+01:00</time>
				<extensions>
					<swisstopo:routepoint_id>2097888749</swisstopo:routepoint_id>
				</extensions>
			</trkpt>
			<trkpt lat="46.8527809017" lon="8.4980394568">
				<ele>2749.6</ele>
				<time>1970-01-01T01:00:00+01:00</time>
				<extensions>
					<swisstopo:routepoint_id>2117749530</swisstopo:routepoint_id>
				</extensions>
			</trkpt>
			<trkpt lat="46.8527763538" lon="8.4980079342">
				<ele>2748.5</ele>
				<time>1970-01-01T01:00:00+01:00</time>
				<extensions>
					<swisstopo:routepoint_id>1591188688</swisstopo:routepoint_id>
				</extensions>
			</trkpt>
			<trkpt lat="46.8527631339" lon="8.4979821950">
				<ele>2746.6</ele>
				<time>1970-01-01T01:00:00+01:00</time>
				<extensions>
					<swisstopo:routepoint_id>526479055</swisstopo:routepoint_id>
				</extensions>
			</trkpt>
			<trkpt lat="46.8527569029" lon="8.4979468505">
				<ele>2745.2</ele>
				<time>1970-01-01T01:00:00+01:00</time>
				<extensions>
					<swisstopo:routepoint_id>696027349</swisstopo:routepoint_id>
				</extensions>
			</trkpt>
			<trkpt lat="46.8527412161" lon="8.4979096799">
				<ele>2743.0</ele>
				<time>1970-01-01T01:00:00+01:00</time>
				<extensions>
					<swisstopo:routepoint_id>313044983</swisstopo:routepoint_id>
				</extensions>
			</trkpt>
			<trkpt lat="46.8527257718" lon="8.4978773931">
				<ele>2741.3</ele>
				<time>1970-01-01T01:00:00+01:00</time>
				<extensions>
					<swisstopo:routepoint_id>2141975609</swisstopo:routepoint_id>
				</extensions>
			</trkpt>
			<trkpt lat="46.8527040546" lon="8.4978677207">
				<ele>2739.4</ele>
				<time>1970-01-01T01:00:00+01:00</time>
				<extensions>
					<swisstopo:routepoint_id>61647806</swisstopo:routepoint_id>
				</extensions>
			</trkpt>
			<trkpt lat="46.8526713019" lon="8.4978713646">
				<ele>2737.1</ele>
				<time>1970-01-01T01:00:00+01:00</time>
				<extensions>
					<swisstopo:routepoint_id>1739349916</swisstopo:routepoint_id>
				</extensions>
			</trkpt>
			<trkpt lat="46.8526318679" lon="8.4978824557">
				<ele>2734.2</ele>
				<time>1970-01-01T01:00:00+01:00</time>
				<extensions>
					<swisstopo:routepoint_id>668276212</swisstopo:routepoint_id>
				</extensions>
			</trkpt>
			<trkpt lat="46.8525870076" lon="8.4978917880">
				<ele>2731.0</ele>
				<time>1970-01-01T01:00:00+01:00</time>
				<extensions>
					<swisstopo:routepoint_id>134885845</swisstopo:routepoint_id>
				</extensions>
			</trkpt>
			<trkpt lat="46.8525549106" lon="8.4979149570">
				<ele>2729.0</ele>
				<time>1970-01-01T01:00:00+01:00</time>
				<extensions>
					<swisstopo:routepoint_id>22341428</swisstopo:routepoint_id>
				</extensions>
			</trkpt>
			<trkpt lat="46.8525190171" lon="8.4979439915">
				<ele>2726.8</ele>
				<time>1970-01-01T01:00:00+01:00</time>
				<extensions>
					<swisstopo:routepoint_id>465469839</swisstopo:routepoint_id>
				</extensions>
			</trkpt>
			<trkpt lat="46.8524871629" lon="8.4979720306">
				<ele>2725.0</ele>
				<time>1970-01-01T01:00:00+01:00</time>
				<extensions>
					<swisstopo:routepoint_id>757590981</swisstopo:routepoint_id>
				</extensions>
			</trkpt>
			<trkpt lat="46.8524705392" lon="8.4979971431">
				<ele>2724.1</ele>
				<time>1970-01-01T01:00:00+01:00</time>
				<extensions>
					<swisstopo:routepoint_id>334463244</swisstopo:routepoint_id>
				</extensions>
			</trkpt>
			<trkpt lat="46.8524601605" lon="8.4980288823">
				<ele>2723.8</ele>
				<time>1970-01-01T01:00:00+01:00</time>
				<extensions>
					<swisstopo:routepoint_id>702714328</swisstopo:routepoint_id>
				</extensions>
			</trkpt>
			<trkpt lat="46.8524437899" lon="8.4980577895">
				<ele>2722.9</ele>
				<time>1970-01-01T01:00:00+01:00</time>
				<extensions>
					<swisstopo:routepoint_id>1443769718</swisstopo:routepoint_id>
				</extensions>
			</trkpt>
			<trkpt lat="46.8524133609" lon="8.4980863936">
				<ele>2720.8</ele>
				<time>1970-01-01T01:00:00+01:00</time>
				<extensions>
					<swisstopo:routepoint_id>528456396</swisstopo:routepoint_id>
				</extensions>
			</trkpt>
			<trkpt lat="46.8523730933" lon="8.4981223835">
				<ele>2718.5</ele>
				<time>1970-01-01T01:00:00+01:00</time>
				<extensions>
					<swisstopo:routepoint_id>1702600429</swisstopo:routepoint_id>
				</extensions>
			</trkpt>
			<trkpt lat="46.8523437967" lon="8.4981520983">
				<ele>2716.7</ele>
				<time>1970-01-01T01:00:00+01:00</time>
				<extensions>
					<swisstopo:routepoint_id>625961817</swisstopo:routepoint_id>
				</extensions>
			</trkpt>
			<trkpt lat="46.8523190066" lon="8.4981905833">
				<ele>2715.3</ele>
				<time>1970-01-01T01:00:00+01:00</time>
				<extensions>
					<swisstopo:routepoint_id>756955160</swisstopo:routepoint_id>
				</extensions>
			</trkpt>
			<trkpt lat="46.8522981779" lon="8.4982063943">
				<ele>2714.0</ele>
				<time>1970-01-01T01:00:00+01:00</time>
				<extensions>
					<swisstopo:routepoint_id>286481990</swisstopo:routepoint_id>
				</extensions>
			</trkpt>
			<trkpt lat="46.8522604971" lon="8.4982418971">
				<ele>2711.7</ele>
				<time>1970-01-01T01:00:00+01:00</time>
				<extensions>
					<swisstopo:routepoint_id>943173706</swisstopo:routepoint_id>
				</extensions>
			</trkpt>
			<trkpt lat="46.8522246424" lon="8.4982676802">
				<ele>2709.6</ele>
				<time>1970-01-01T01:00:00+01:00</time>
				<extensions>
					<swisstopo:routepoint_id>540301584</swisstopo:routepoint_id>
				</extensions>
			</trkpt>
			<trkpt lat="46.8521979119" lon="8.4982990709">
				<ele>2707.8</ele>
				<time>1970-01-01T01:00:00+01:00</time>
				<extensions>
					<swisstopo:routepoint_id>2080016467</swisstopo:routepoint_id>
				</extensions>
			</trkpt>
			<trkpt lat="46.8521823894" lon="8.4983296209">
				<ele>2706.9</ele>
				<time>1970-01-01T01:00:00+01:00</time>
				<extensions>
					<swisstopo:routepoint_id>450475754</swisstopo:routepoint_id>
				</extensions>
			</trkpt>
			<trkpt lat="46.8521651551" lon="8.4983585108">
				<ele>2705.9</ele>
				<time>1970-01-01T01:00:00+01:00</time>
				<extensions>
					<swisstopo:routepoint_id>412219823</swisstopo:routepoint_id>
				</extensions>
			</trkpt>
			<trkpt lat="46.8521555303" lon="8.4983729424">
				<ele>2705.3</ele>
				<time>1970-01-01T01:00:00+01:00</time>
				<extensions>
					<swisstopo:routepoint_id>892414052</swisstopo:routepoint_id>
				</extensions>
			</trkpt>
			<trkpt lat="46.8521219932" lon="8.4983971446">
				<ele>2703.3</ele>
				<time>1970-01-01T01:00:00+01:00</time>
				<extensions>
					<swisstopo:routepoint_id>649765853</swisstopo:routepoint_id>
				</extensions>
			</trkpt>
			<trkpt lat="46.8521076672" lon="8.4983946728">
				<ele>2702.5</ele>
				<time>1970-01-01T01:00:00+01:00</time>
				<extensions>
					<swisstopo:routepoint_id>1330603853</swisstopo:routepoint_id>
				</extensions>
			</trkpt>
			<trkpt lat="46.8520970540" lon="8.4983662839">
				<ele>2701.4</ele>
				<time>1970-01-01T01:00:00+01:00</time>
				<extensions>
					<swisstopo:routepoint_id>1889698296</swisstopo:routepoint_id>
				</extensions>
			</trkpt>
			<trkpt lat="46.8520851340" lon="8.4983264865">
				<ele>2700.2</ele>
				<time>1970-01-01T01:00:00+01:00</time>
				<extensions>
					<swisstopo:routepoint_id>1571409694</swisstopo:routepoint_id>
				</extensions>
			</trkpt>
			<trkpt lat="46.8520850498" lon="8.4983064350">
				<ele>2699.7</ele>
				<time>1970-01-01T01:00:00+01:00</time>
				<extensions>
					<swisstopo:routepoint_id>1421722181</swisstopo:routepoint_id>
				</extensions>
			</trkpt>
			<trkpt lat="46.8520787598" lon="8.4982765049">
				<ele>2699.2</ele>
				<time>1970-01-01T01:00:00+01:00</time>
				<extensions>
					<swisstopo:routepoint_id>1278143705</swisstopo:routepoint_id>
				</extensions>
			</trkpt>
			<trkpt lat="46.8520552947" lon="8.4982700507">
				<ele>2697.1</ele>
				<time>1970-01-01T01:00:00+01:00</time>
				<extensions>
					<swisstopo:routepoint_id>531987094</swisstopo:routepoint_id>
				</extensions>
			</trkpt>
			<trkpt lat="46.8520379398" lon="8.4982837794">
				<ele>2695.3</ele>
				<time>1970-01-01T01:00:00+01:00</time>
				<extensions>
					<swisstopo:routepoint_id>634379542</swisstopo:routepoint_id>
				</extensions>
			</trkpt>
			<trkpt lat="46.8520166310" lon="8.4983174537">
				<ele>2693.2</ele>
				<time>1970-01-01T01:00:00+01:00</time>
				<extensions>
					<swisstopo:routepoint_id>721178715</swisstopo:routepoint_id>
				</extensions>
			</trkpt>
			<trkpt lat="46.8520036456" lon="8.4983518433">
				<ele>2691.9</ele>
				<time>1970-01-01T01:00:00+01:00</time>
				<extensions>
					<swisstopo:routepoint_id>1473699396</swisstopo:routepoint_id>
				</extensions>
			</trkpt>
			<trkpt lat="46.8519900746" lon="8.4984154889">
				<ele>2691.4</ele>
				<time>1970-01-01T01:00:00+01:00</time>
				<extensions>
					<swisstopo:routepoint_id>2074245609</swisstopo:routepoint_id>
				</extensions>
			</trkpt>
			<trkpt lat="46.8519813394" lon="8.4984824695">
				<ele>2691.1</ele>
				<time>1970-01-01T01:00:00+01:00</time>
				<extensions>
					<swisstopo:routepoint_id>1717008488</swisstopo:routepoint_id>
				</extensions>
			</trkpt>
			<trkpt lat="46.8519678386" lon="8.4985385242">
				<ele>2691.0</ele>
				<time>1970-01-01T01:00:00+01:00</time>
				<extensions>
					<swisstopo:routepoint_id>202806373</swisstopo:routepoint_id>
				</extensions>
			</trkpt>
			<trkpt lat="46.8519605876" lon="8.4986006686">
				<ele>2689.8</ele>
				<time>1970-01-01T01:00:00+01:00</time>
				<extensions>
					<swisstopo:routepoint_id>1524778512</swisstopo:routepoint_id>
				</extensions>
			</trkpt>
			<trkpt lat="46.8519488778" lon="8.4986508055">
				<ele>2689.2</ele>
				<time>1970-01-01T01:00:00+01:00</time>
				<extensions>
					<swisstopo:routepoint_id>1835361831</swisstopo:routepoint_id>
				</extensions>
			</trkpt>
			<trkpt lat="46.8519348356" lon="8.4987041354">
				<ele>2688.4</ele>
				<time>1970-01-01T01:00:00+01:00</time>
				<extensions>
					<swisstopo:routepoint_id>1910239159</swisstopo:routepoint_id>
				</extensions>
			</trkpt>
			<trkpt lat="46.8519155511" lon="8.4987367744">
				<ele>2687.5</ele>
				<time>1970-01-01T01:00:00+01:00</time>
				<extensions>
					<swisstopo:routepoint_id>1461304910</swisstopo:routepoint_id>
				</extensions>
			</trkpt>
			<trkpt lat="46.8518975031" lon="8.4987883991">
				<ele>2686.3</ele>
				<time>1970-01-01T01:00:00+01:00</time>
				<extensions>
					<swisstopo:routepoint_id>1953490496</swisstopo:routepoint_id>
				</extensions>
			</trkpt>
			<trkpt lat="46.8518762822" lon="8.4988426625">
				<ele>2685.1</ele>
				<time>1970-01-01T01:00:00+01:00</time>
				<extensions>
					<swisstopo:routepoint_id>1147597547</swisstopo:routepoint_id>
				</extensions>
			</trkpt>
			<trkpt lat="46.8518571194" lon="8.4988893613">
				<ele>2684.1</ele>
				<time>1970-01-01T01:00:00+01:00</time>
				<extensions>
					<swisstopo:routepoint_id>817807901</swisstopo:routepoint_id>
				</extensions>
			</trkpt>
			<trkpt lat="46.8518488493" lon="8.4988537009">
				<ele>2683.6</ele>
				<time>1970-01-01T01:00:00+01:00</time>
				<extensions>
					<swisstopo:routepoint_id>1918984884</swisstopo:routepoint_id>
				</extensions>
			</trkpt>
			<trkpt lat="46.8518410864" lon="8.4988138287">
				<ele>2682.9</ele>
				<time>1970-01-01T01:00:00+01:00</time>
				<extensions>
					<swisstopo:routepoint_id>1416118439</swisstopo:routepoint_id>
				</extensions>
			</trkpt>
			<trkpt lat="46.8518317462" lon="8.4987519475">
				<ele>2681.6</ele>
				<time>1970-01-01T01:00:00+01:00</time>
				<extensions>
					<swisstopo:routepoint_id>1830271759</swisstopo:routepoint_id>
				</extensions>
			</trkpt>
			<trkpt lat="46.8518336833" lon="8.4987021298">
				<ele>2681.2</ele>
				<time>1970-01-01T01:00:00+01:00</time>
				<extensions>
					<swisstopo:routepoint_id>216653576</swisstopo:routepoint_id>
				</extensions>
			</trkpt>
			<trkpt lat="46.8518261451" lon="8.4986428285">
				<ele>2680.3</ele>
				<time>1970-01-01T01:00:00+01:00</time>
				<extensions>
					<swisstopo:routepoint_id>353949171</swisstopo:routepoint_id>
				</extensions>
			</trkpt>
			<trkpt lat="46.8518138612" lon="8.4985986318">
				<ele>2679.3</ele>
				<time>1970-01-01T01:00:00+01:00</time>
				<extensions>
					<swisstopo:routepoint_id>492697951</swisstopo:routepoint_id>
				</extensions>
			</trkpt>
			<trkpt lat="46.8517948774" lon="8.4985813424">
				<ele>2678.0</ele>
				<time>1970-01-01T01:00:00+01:00</time>
				<extensions>
					<swisstopo:routepoint_id>128081761</swisstopo:routepoint_id>
				</extensions>
			</trkpt>
			<trkpt lat="46.8517898175" lon="8.4985449066">
				<ele>2677.3</ele>
				<time>1970-01-01T01:00:00+01:00</time>
				<extensions>
					<swisstopo:routepoint_id>1187602414</swisstopo:routepoint_id>
				</extensions>
			</trkpt>
			<trkpt lat="46.8517887214" lon="8.4984806572">
				<ele>2676.5</ele>
				<time>1970-01-01T01:00:00+01:00</time>
				<extensions>
					<swisstopo:routepoint_id>1948193549</swisstopo:routepoint_id>
				</extensions>
			</trkpt>
			<trkpt lat="46.8517767762" lon="8.4984474553">
				<ele>2675.4</ele>
				<time>1970-01-01T01:00:00+01:00</time>
				<extensions>
					<swisstopo:routepoint_id>1229099618</swisstopo:routepoint_id>
				</extensions>
			</trkpt>
			<trkpt lat="46.8517552910" lon="8.4984098437">
				<ele>2673.7</ele>
				<time>1970-01-01T01:00:00+01:00</time>
				<extensions>
					<swisstopo:routepoint_id>1150199404</swisstopo:routepoint_id>
				</extensions>
			</trkpt>
			<trkpt lat="46.8517448474" lon="8.4983242857">
				<ele>2672.2</ele>
				<time>1970-01-01T01:00:00+01:00</time>
				<extensions>
					<swisstopo:routepoint_id>1225839807</swisstopo:routepoint_id>
				</extensions>
			</trkpt>
			<trkpt lat="46.8517361503" lon="8.4982463671">
				<ele>2670.8</ele>
				<time>1970-01-01T01:00:00+01:00</time>
				<extensions>
					<swisstopo:routepoint_id>2056365320</swisstopo:routepoint_id>
				</extensions>
			</trkpt>
			<trkpt lat="46.8517145432" lon="8.4981791568">
				<ele>2668.6</ele>
				<time>1970-01-01T01:00:00+01:00</time>
				<extensions>
					<swisstopo:routepoint_id>611554591</swisstopo:routepoint_id>
				</extensions>
			</trkpt>
			<trkpt lat="46.8517019514" lon="8.4980817290">
				<ele>2667.1</ele>
				<time>1970-01-01T01:00:00+01:00</time>
				<extensions>
					<swisstopo:routepoint_id>1039422599</swisstopo:routepoint_id>
				</extensions>
			</trkpt>
			<trkpt lat="46.8516859182" lon="8.4980061968">
				<ele>2665.7</ele>
				<time>1970-01-01T01:00:00+01:00</time>
				<extensions>
					<swisstopo:routepoint_id>787342638</swisstopo:routepoint_id>
				</extensions>
			</trkpt>
			<trkpt lat="46.8516602473" lon="8.4978949785">
				<ele>2663.5</ele>
				<time>1970-01-01T01:00:00+01:00</time>
				<extensions>
					<swisstopo:routepoint_id>556964990</swisstopo:routepoint_id>
				</extensions>
			</trkpt>
			<trkpt lat="46.8516314987" lon="8.4978538276">
				<ele>2662.0</ele>
				<time>1970-01-01T01:00:00+01:00</time>
				<extensions>
					<swisstopo:routepoint_id>1205771346</swisstopo:routepoint_id>
				</extensions>
			</trkpt>
			<trkpt lat="46.8516054602" lon="8.4978144220">
				<ele>2660.0</ele>
				<time>1970-01-01T01:00:00+01:00</time>
				<extensions>
					<swisstopo:routepoint_id>707617581</swisstopo:routepoint_id>
				</extensions>
			</trkpt>
			<trkpt lat="46.8515740331" lon="8.4977681443">
				<ele>2657.7</ele>
				<time>1970-01-01T01:00:00+01:00</time>
				<extensions>
					<swisstopo:routepoint_id>1151653875</swisstopo:routepoint_id>
				</extensions>
			</trkpt>
			<trkpt lat="46.8515317695" lon="8.4977098130">
				<ele>2655.2</ele>
				<time>1970-01-01T01:00:00+01:00</time>
				<extensions>
					<swisstopo:routepoint_id>1270893023</swisstopo:routepoint_id>
				</extensions>
			</trkpt>
			<trkpt lat="46.8514845593" lon="8.4976454698">
				<ele>2652.4</ele>
				<time>1970-01-01T01:00:00+01:00</time>
				<extensions>
					<swisstopo:routepoint_id>549467097</swisstopo:routepoint_id>
				</extensions>
			</trkpt>
			<trkpt lat="46.8514611430" lon="8.4975773986">
				<ele>2650.5</ele>
				<time>1970-01-01T01:00:00+01:00</time>
				<extensions>
					<swisstopo:routepoint_id>2029130304</swisstopo:routepoint_id>
				</extensions>
			</trkpt>
			<trkpt lat="46.8514261174" lon="8.4974854167">
				<ele>2647.8</ele>
				<time>1970-01-01T01:00:00+01:00</time>
				<extensions>
					<swisstopo:routepoint_id>440050861</swisstopo:routepoint_id>
				</extensions>
			</trkpt>
			<trkpt lat="46.8513897811" lon="8.4973883349">
				<ele>2645.4</ele>
				<time>1970-01-01T01:00:00+01:00</time>
				<extensions>
					<swisstopo:routepoint_id>63473601</swisstopo:routepoint_id>
				</extensions>
			</trkpt>
			<trkpt lat="46.8513534142" lon="8.4973343547">
				<ele>2643.4</ele>
				<time>1970-01-01T01:00:00+01:00</time>
				<extensions>
					<swisstopo:routepoint_id>2029354983</swisstopo:routepoint_id>
				</extensions>
			</trkpt>
			<trkpt lat="46.8513120525" lon="8.4972777456">
				<ele>2640.8</ele>
				<time>1970-01-01T01:00:00+01:00</time>
				<extensions>
					<swisstopo:routepoint_id>762641612</swisstopo:routepoint_id>
				</extensions>
			</trkpt>
			<trkpt lat="46.8512870907" lon="8.4972239906">
				<ele>2638.7</ele>
				<time>1970-01-01T01:00:00+01:00</time>
				<extensions>
					<swisstopo:routepoint_id>643497009</swisstopo:routepoint_id>
				</extensions>
			</trkpt>
			<trkpt lat="46.8512779259" lon="8.4971469160">
				<ele>2635.8</ele>
				<time>1970-01-01T01:00:00+01:00</time>
				<extensions>
					<swisstopo:routepoint_id>34505612</swisstopo:routepoint_id>
				</extensions>
			</trkpt>
			<trkpt lat="46.8512812839" lon="8.4970523464">
				<ele>2633.0</ele>
				<time>1970-01-01T01:00:00+01:00</time>
				<extensions>
					<swisstopo:routepoint_id>1878962756</swisstopo:routepoint_id>
				</extensions>
			</trkpt>
			<trkpt lat="46.8512982209" lon="8.4969690316">
				<ele>2630.9</ele>
				<time>1970-01-01T01:00:00+01:00</time>
				<extensions>
					<swisstopo:routepoint_id>1135019790</swisstopo:routepoint_id>
				</extensions>
			</trkpt>
			<trkpt lat="46.8513285020" lon="8.4969155754">
				<ele>2628.6</ele>
				<time>1970-01-01T01:00:00+01:00</time>
				<extensions>
					<swisstopo:routepoint_id>1702331308</swisstopo:routepoint_id>
				</extensions>
			</trkpt>
			<trkpt lat="46.8513611398" lon="8.4968562515">
				<ele>2626.4</ele>
				<time>1970-01-01T01:00:00+01:00</time>
				<extensions>
					<swisstopo:routepoint_id>1062169268</swisstopo:routepoint_id>
				</extensions>
			</trkpt>
			<trkpt lat="46.8513892334" lon="8.4967951336">
				<ele>2624.7</ele>
				<time>1970-01-01T01:00:00+01:00</time>
				<extensions>
					<swisstopo:routepoint_id>1337573807</swisstopo:routepoint_id>
				</extensions>
			</trkpt>
			<trkpt lat="46.8514068788" lon="8.4967295883">
				<ele>2622.4</ele>
				<time>1970-01-01T01:00:00+01:00</time>
				<extensions>
					<swisstopo:routepoint_id>88571814</swisstopo:routepoint_id>
				</extensions>
			</trkpt>
			<trkpt lat="46.8514244508" lon="8.4966699546">
				<ele>2621.0</ele>
				<time>1970-01-01T01:00:00+01:00</time>
				<extensions>
					<swisstopo:routepoint_id>1313830404</swisstopo:routepoint_id>
				</extensions>
			</trkpt>
			<trkpt lat="46.8514468824" lon="8.4966247890">
				<ele>2619.9</ele>
				<time>1970-01-01T01:00:00+01:00</time>
				<extensions>
					<swisstopo:routepoint_id>691988050</swisstopo:routepoint_id>
				</extensions>
			</trkpt>
			<trkpt lat="46.8514878372" lon="8.4965571831">
				<ele>2618.3</ele>
				<time>1970-01-01T01:00:00+01:00</time>
				<extensions>
					<swisstopo:routepoint_id>1046465791</swisstopo:routepoint_id>
				</extensions>
			</trkpt>
			<trkpt lat="46.8515240309" lon="8.4965063741">
				<ele>2616.4</ele>
				<time>1970-01-01T01:00:00+01:00</time>
				<extensions>
					<swisstopo:routepoint_id>37403010</swisstopo:routepoint_id>
				</extensions>
			</trkpt>
			<trkpt lat="46.8515416589" lon="8.4964416798">
				<ele>2614.4</ele>
				<time>1970-01-01T01:00:00+01:00</time>
				<extensions>
					<swisstopo:routepoint_id>722353741</swisstopo:routepoint_id>
				</extensions>
			</trkpt>
			<trkpt lat="46.8515687062" lon="8.4963526629">
				<ele>2612.0</ele>
				<time>1970-01-01T01:00:00+01:00</time>
				<extensions>
					<swisstopo:routepoint_id>1320217946</swisstopo:routepoint_id>
				</extensions>
			</trkpt>
			<trkpt lat="46.8515975217" lon="8.4962679026">
				<ele>2609.7</ele>
				<time>1970-01-01T01:00:00+01:00</time>
				<extensions>
					<swisstopo:routepoint_id>538644813</swisstopo:routepoint_id>
				</extensions>
			</trkpt>
			<trkpt lat="46.8516081454" lon="8.4962174161">
				<ele>2608.2</ele>
				<time>1970-01-01T01:00:00+01:00</time>
				<extensions>
					<swisstopo:routepoint_id>186417208</swisstopo:routepoint_id>
				</extensions>
			</trkpt>
			<trkpt lat="46.8516133141" lon="8.4961642925">
				<ele>2606.5</ele>
				<time>1970-01-01T01:00:00+01:00</time>
				<extensions>
					<swisstopo:routepoint_id>1269022681</swisstopo:routepoint_id>
				</extensions>
			</trkpt>
			<trkpt lat="46.8516208640" lon="8.4961027567">
				<ele>2604.8</ele>
				<time>1970-01-01T01:00:00+01:00</time>
				<extensions>
					<swisstopo:routepoint_id>54589600</swisstopo:routepoint_id>
				</extensions>
			</trkpt>
			<trkpt lat="46.8516288244" lon="8.4960454653">
				<ele>2603.4</ele>
				<time>1970-01-01T01:00:00+01:00</time>
				<extensions>
					<swisstopo:routepoint_id>1981134901</swisstopo:routepoint_id>
				</extensions>
			</trkpt>
			<trkpt lat="46.8516313232" lon="8.4959863618">
				<ele>2601.4</ele>
				<time>1970-01-01T01:00:00+01:00</time>
				<extensions>
					<swisstopo:routepoint_id>79725057</swisstopo:routepoint_id>
				</extensions>
			</trkpt>
			<trkpt lat="46.8516398540" lon="8.4959189450">
				<ele>2599.1</ele>
				<time>1970-01-01T01:00:00+01:00</time>
				<extensions>
					<swisstopo:routepoint_id>1552794763</swisstopo:routepoint_id>
				</extensions>
			</trkpt>
			<trkpt lat="46.8516609568" lon="8.4958695166">
				<ele>2597.9</ele>
				<time>1970-01-01T01:00:00+01:00</time>
				<extensions>
					<swisstopo:routepoint_id>2082361970</swisstopo:routepoint_id>
				</extensions>
			</trkpt>
			<trkpt lat="46.8516694161" lon="8.4958088517">
				<ele>2596.1</ele>
				<time>1970-01-01T01:00:00+01:00</time>
				<extensions>
					<swisstopo:routepoint_id>158150483</swisstopo:routepoint_id>
				</extensions>
			</trkpt>
			<trkpt lat="46.8516755260" lon="8.4957532022">
				<ele>2594.4</ele>
				<time>1970-01-01T01:00:00+01:00</time>
				<extensions>
					<swisstopo:routepoint_id>1270007218</swisstopo:routepoint_id>
				</extensions>
			</trkpt>
			<trkpt lat="46.8516860129" lon="8.4957145541">
				<ele>2593.6</ele>
				<time>1970-01-01T01:00:00+01:00</time>
				<extensions>
					<swisstopo:routepoint_id>830842162</swisstopo:routepoint_id>
				</extensions>
			</trkpt>
			<trkpt lat="46.8517020411" lon="8.4956700874">
				<ele>2592.5</ele>
				<time>1970-01-01T01:00:00+01:00</time>
				<extensions>
					<swisstopo:routepoint_id>485993496</swisstopo:routepoint_id>
				</extensions>
			</trkpt>
			<trkpt lat="46.8517165561" lon="8.4955985661">
				<ele>2590.7</ele>
				<time>1970-01-01T01:00:00+01:00</time>
				<extensions>
					<swisstopo:routepoint_id>2147258969</swisstopo:routepoint_id>
				</extensions>
			</trkpt>
			<trkpt lat="46.8517331312" lon="8.4955465179">
				<ele>2589.9</ele>
				<time>1970-01-01T01:00:00+01:00</time>
				<extensions>
					<swisstopo:routepoint_id>1824892897</swisstopo:routepoint_id>
				</extensions>
			</trkpt>
			<trkpt lat="46.8517446304" lon="8.4954985790">
				<ele>2589.2</ele>
				<time>1970-01-01T01:00:00+01:00</time>
				<extensions>
					<swisstopo:routepoint_id>1567460240</swisstopo:routepoint_id>
				</extensions>
			</trkpt>
			<trkpt lat="46.8517448126" lon="8.4954428130">
				<ele>2587.6</ele>
				<time>1970-01-01T01:00:00+01:00</time>
				<extensions>
					<swisstopo:routepoint_id>1994849371</swisstopo:routepoint_id>
				</extensions>
			</trkpt>
			<trkpt lat="46.8517476567" lon="8.4953930266">
				<ele>2586.2</ele>
				<time>1970-01-01T01:00:00+01:00</time>
				<extensions>
					<swisstopo:routepoint_id>1031162504</swisstopo:routepoint_id>
				</extensions>
			</trkpt>
			<trkpt lat="46.8517653567" lon="8.4953224065">
				<ele>2585.1</ele>
				<time>1970-01-01T01:00:00+01:00</time>
				<extensions>
					<swisstopo:routepoint_id>1655960866</swisstopo:routepoint_id>
				</extensions>
			</trkpt>
			<trkpt lat="46.8517753427" lon="8.4952473987">
				<ele>2583.6</ele>
				<time>1970-01-01T01:00:00+01:00</time>
				<extensions>
					<swisstopo:routepoint_id>479657952</swisstopo:routepoint_id>
				</extensions>
			</trkpt>
			<trkpt lat="46.8517993728" lon="8.4951819778">
				<ele>2582.6</ele>
				<time>1970-01-01T01:00:00+01:00</time>
				<extensions>
					<swisstopo:routepoint_id>816793488</swisstopo:routepoint_id>
				</extensions>
			</trkpt>
			<trkpt lat="46.8518272234" lon="8.4951022726">
				<ele>2580.5</ele>
				<time>1970-01-01T01:00:00+01:00</time>
				<extensions>
					<swisstopo:routepoint_id>1944929631</swisstopo:routepoint_id>
				</extensions>
			</trkpt>
			<trkpt lat="46.8518593517" lon="8.4950074525">
				<ele>2578.8</ele>
				<time>1970-01-01T01:00:00+01:00</time>
				<extensions>
					<swisstopo:routepoint_id>1613759493</swisstopo:routepoint_id>
				</extensions>
			</trkpt>
			<trkpt lat="46.8518840003" lon="8.4949276843">
				<ele>2576.9</ele>
				<time>1970-01-01T01:00:00+01:00</time>
				<extensions>
					<swisstopo:routepoint_id>1895822511</swisstopo:routepoint_id>
				</extensions>
			</trkpt>
			<trkpt lat="46.8518925862" lon="8.4948551803">
				<ele>2574.8</ele>
				<time>1970-01-01T01:00:00+01:00</time>
				<extensions>
					<swisstopo:routepoint_id>645585757</swisstopo:routepoint_id>
				</extensions>
			</trkpt>
			<trkpt lat="46.8519110516" lon="8.4947981073">
				<ele>2573.1</ele>
				<time>1970-01-01T01:00:00+01:00</time>
				<extensions>
					<swisstopo:routepoint_id>1189589671</swisstopo:routepoint_id>
				</extensions>
			</trkpt>
			<trkpt lat="46.8519417903" lon="8.4947446453">
				<ele>2573.1</ele>
				<time>1970-01-01T01:00:00+01:00</time>
				<extensions>
					<swisstopo:routepoint_id>1276427394</swisstopo:routepoint_id>
				</extensions>
			</trkpt>
			<trkpt lat="46.8519499039" lon="8.4947135561">
				<ele>2571.4</ele>
				<time>1970-01-01T01:00:00+01:00</time>
				<extensions>
					<swisstopo:routepoint_id>2117117957</swisstopo:routepoint_id>
				</extensions>
			</trkpt>
			<trkpt lat="46.8519622086" lon="8.4946757829">
				<ele>2571.8</ele>
				<time>1970-01-01T01:00:00+01:00</time>
				<extensions>
					<swisstopo:routepoint_id>1873731493</swisstopo:routepoint_id>
				</extensions>
			</trkpt>
			<trkpt lat="46.8519719384" lon="8.4946235870">
				<ele>2570.6</ele>
				<time>1970-01-01T01:00:00+01:00</time>
				<extensions>
					<swisstopo:routepoint_id>1646241845</swisstopo:routepoint_id>
				</extensions>
			</trkpt>
			<trkpt lat="46.8519907174" lon="8.4945783349">
				<ele>2569.4</ele>
				<time>1970-01-01T01:00:00+01:00</time>
				<extensions>
					<swisstopo:routepoint_id>535936533</swisstopo:routepoint_id>
				</extensions>
			</trkpt>
			<trkpt lat="46.8520146265" lon="8.4945230597">
				<ele>2567.7</ele>
				<time>1970-01-01T01:00:00+01:00</time>
				<extensions>
					<swisstopo:routepoint_id>51195264</swisstopo:routepoint_id>
				</extensions>
			</trkpt>
			<trkpt lat="46.8520272435" lon="8.4944582531">
				<ele>2565.4</ele>
				<time>1970-01-01T01:00:00+01:00</time>
				<extensions>
					<swisstopo:routepoint_id>484055212</swisstopo:routepoint_id>
				</extensions>
			</trkpt>
			<trkpt lat="46.8520492790" lon="8.4944071509">
				<ele>2564.3</ele>
				<time>1970-01-01T01:00:00+01:00</time>
				<extensions>
					<swisstopo:routepoint_id>352765954</swisstopo:routepoint_id>
				</extensions>
			</trkpt>
			<trkpt lat="46.8520584061" lon="8.4943676240">
				<ele>2563.8</ele>
				<time>1970-01-01T01:00:00+01:00</time>
				<extensions>
					<swisstopo:routepoint_id>1189297624</swisstopo:routepoint_id>
				</extensions>
			</trkpt>
			<trkpt lat="46.8520650701" lon="8.4943035394">
				<ele>2562.5</ele>
				<time>1970-01-01T01:00:00+01:00</time>
				<extensions>
					<swisstopo:routepoint_id>649278485</swisstopo:routepoint_id>
				</extensions>
			</trkpt>
			<trkpt lat="46.8520753141" lon="8.4942462920">
				<ele>2562.4</ele>
				<time>1970-01-01T01:00:00+01:00</time>
				<extensions>
					<swisstopo:routepoint_id>2046256579</swisstopo:routepoint_id>
				</extensions>
			</trkpt>
			<trkpt lat="46.8520827268" lon="8.4941965941">
				<ele>2561.4</ele>
				<time>1970-01-01T01:00:00+01:00</time>
				<extensions>
					<swisstopo:routepoint_id>2069058222</swisstopo:routepoint_id>
				</extensions>
			</trkpt>
			<trkpt lat="46.8520827052" lon="8.4941180070">
				<ele>2560.7</ele>
				<time>1970-01-01T01:00:00+01:00</time>
				<extensions>
					<swisstopo:routepoint_id>282787545</swisstopo:routepoint_id>
				</extensions>
			</trkpt>
			<trkpt lat="46.8520921435" lon="8.4940505936">
				<ele>2559.9</ele>
				<time>1970-01-01T01:00:00+01:00</time>
				<extensions>
					<swisstopo:routepoint_id>1251519808</swisstopo:routepoint_id>
				</extensions>
			</trkpt>
			<trkpt lat="46.8520958707" lon="8.4939644742">
				<ele>2558.1</ele>
				<time>1970-01-01T01:00:00+01:00</time>
				<extensions>
					<swisstopo:routepoint_id>1819640635</swisstopo:routepoint_id>
				</extensions>
			</trkpt>
			<trkpt lat="46.8521037069" lon="8.4938776094">
				<ele>2556.4</ele>
				<time>1970-01-01T01:00:00+01:00</time>
				<extensions>
					<swisstopo:routepoint_id>1270231897</swisstopo:routepoint_id>
				</extensions>
			</trkpt>
			<trkpt lat="46.8521076727" lon="8.4937695303">
				<ele>2554.8</ele>
				<time>1970-01-01T01:00:00+01:00</time>
				<extensions>
					<swisstopo:routepoint_id>1153432913</swisstopo:routepoint_id>
				</extensions>
			</trkpt>
			<trkpt lat="46.8521038955" lon="8.4937001530">
				<ele>2553.5</ele>
				<time>1970-01-01T01:00:00+01:00</time>
				<extensions>
					<swisstopo:routepoint_id>1066016903</swisstopo:routepoint_id>
				</extensions>
			</trkpt>
			<trkpt lat="46.8520918894" lon="8.4936314676">
				<ele>2551.7</ele>
				<time>1970-01-01T01:00:00+01:00</time>
				<extensions>
					<swisstopo:routepoint_id>152409597</swisstopo:routepoint_id>
				</extensions>
			</trkpt>
			<trkpt lat="46.8520966635" lon="8.4935732605">
				<ele>2551.2</ele>
				<time>1970-01-01T01:00:00+01:00</time>
				<extensions>
					<swisstopo:routepoint_id>793730392</swisstopo:routepoint_id>
				</extensions>
			</trkpt>
			<trkpt lat="46.8521107897" lon="8.4934949635">
				<ele>2550.8</ele>
				<time>1970-01-01T01:00:00+01:00</time>
				<extensions>
					<swisstopo:routepoint_id>2058983022</swisstopo:routepoint_id>
				</extensions>
			</trkpt>
			<trkpt lat="46.8521160459" lon="8.4934342214">
				<ele>2550.1</ele>
				<time>1970-01-01T01:00:00+01:00</time>
				<extensions>
					<swisstopo:routepoint_id>1515191419</swisstopo:routepoint_id>
				</extensions>
			</trkpt>
			<trkpt lat="46.8521147952" lon="8.4933835012">
				<ele>2549.4</ele>
				<time>1970-01-01T01:00:00+01:00</time>
				<extensions>
					<swisstopo:routepoint_id>214369016</swisstopo:routepoint_id>
				</extensions>
			</trkpt>
			<trkpt lat="46.8521118795" lon="8.4933192167">
				<ele>2548.0</ele>
				<time>1970-01-01T01:00:00+01:00</time>
				<extensions>
					<swisstopo:routepoint_id>1858514883</swisstopo:routepoint_id>
				</extensions>
			</trkpt>
			<trkpt lat="46.8521231027" lon="8.4932552348">
				<ele>2547.1</ele>
				<time>1970-01-01T01:00:00+01:00</time>
				<extensions>
					<swisstopo:routepoint_id>1013382106</swisstopo:routepoint_id>
				</extensions>
			</trkpt>
			<trkpt lat="46.8521270641" lon="8.4931885535">
				<ele>2545.9</ele>
				<time>1970-01-01T01:00:00+01:00</time>
				<extensions>
					<swisstopo:routepoint_id>1068454624</swisstopo:routepoint_id>
				</extensions>
			</trkpt>
			<trkpt lat="46.8521266752" lon="8.4931224160">
				<ele>2544.9</ele>
				<time>1970-01-01T01:00:00+01:00</time>
				<extensions>
					<swisstopo:routepoint_id>1299343874</swisstopo:routepoint_id>
				</extensions>
			</trkpt>
			<trkpt lat="46.8521348187" lon="8.4931036534">
				<ele>2545.0</ele>
				<time>1970-01-01T01:00:00+01:00</time>
				<extensions>
					<swisstopo:routepoint_id>424169822</swisstopo:routepoint_id>
				</extensions>
			</trkpt>
			<trkpt lat="46.8521417391" lon="8.4930848540">
				<ele>2545.1</ele>
				<time>1970-01-01T01:00:00+01:00</time>
				<extensions>
					<swisstopo:routepoint_id>619395117</swisstopo:routepoint_id>
				</extensions>
			</trkpt>
			<trkpt lat="46.8521466942" lon="8.4930460175">
				<ele>2545.3</ele>
				<time>1970-01-01T01:00:00+01:00</time>
				<extensions>
					<swisstopo:routepoint_id>675951448</swisstopo:routepoint_id>
				</extensions>
			</trkpt>
			<trkpt lat="46.8521505556" lon="8.4929930899">
				<ele>2545.4</ele>
				<time>1970-01-01T01:00:00+01:00</time>
				<extensions>
					<swisstopo:routepoint_id>1463341825</swisstopo:routepoint_id>
				</extensions>
			</trkpt>
			<trkpt lat="46.8521532284" lon="8.4929363630">
				<ele>2545.5</ele>
				<time>1970-01-01T01:00:00+01:00</time>
				<extensions>
					<swisstopo:routepoint_id>1777669196</swisstopo:routepoint_id>
				</extensions>
			</trkpt>
			<trkpt lat="46.8521540226" lon="8.4928833746">
				<ele>2545.6</ele>
				<time>1970-01-01T01:00:00+01:00</time>
				<extensions>
					<swisstopo:routepoint_id>1581181423</swisstopo:routepoint_id>
				</extensions>
			</trkpt>
			<trkpt lat="46.8521486666" lon="8.4928329678">
				<ele>2545.3</ele>
				<time>1970-01-01T01:00:00+01:00</time>
				<extensions>
					<swisstopo:routepoint_id>1822536229</swisstopo:routepoint_id>
				</extensions>
			</trkpt>
			<trkpt lat="46.8521410487" lon="8.4927625061">
				<ele>2544.9</ele>
				<time>1970-01-01T01:00:00+01:00</time>
				<extensions>
					<swisstopo:routepoint_id>1162186633</swisstopo:routepoint_id>
				</extensions>
			</trkpt>
			<trkpt lat="46.8521323844" lon="8.4927050065">
				<ele>2544.7</ele>
				<time>1970-01-01T01:00:00+01:00</time>
				<extensions>
					<swisstopo:routepoint_id>183170579</swisstopo:routepoint_id>
				</extensions>
			</trkpt>
			<trkpt lat="46.8521362874" lon="8.4926807447">
				<ele>2545.1</ele>
				<time>1970-01-01T01:00:00+01:00</time>
				<extensions>
					<swisstopo:routepoint_id>1009381288</swisstopo:routepoint_id>
				</extensions>
			</trkpt>
			<trkpt lat="46.8521450473" lon="8.4926614563">
				<ele>2545.8</ele>
				<time>1970-01-01T01:00:00+01:00</time>
				<extensions>
					<swisstopo:routepoint_id>1982260375</swisstopo:routepoint_id>
				</extensions>
			</trkpt>
			<trkpt lat="46.8521439618" lon="8.4926132965">
				<ele>2545.6</ele>
				<time>1970-01-01T01:00:00+01:00</time>
				<extensions>
					<swisstopo:routepoint_id>453993023</swisstopo:routepoint_id>
				</extensions>
			</trkpt>
			<trkpt lat="46.8521392721" lon="8.4925569496">
				<ele>2546.0</ele>
				<time>1970-01-01T01:00:00+01:00</time>
				<extensions>
					<swisstopo:routepoint_id>1267723050</swisstopo:routepoint_id>
				</extensions>
			</trkpt>
			<trkpt lat="46.8521335463" lon="8.4925124887">
				<ele>2546.4</ele>
				<time>1970-01-01T01:00:00+01:00</time>
				<extensions>
					<swisstopo:routepoint_id>366490940</swisstopo:routepoint_id>
				</extensions>
			</trkpt>
			<trkpt lat="46.8521266612" lon="8.4924620520">
				<ele>2546.8</ele>
				<time>1970-01-01T01:00:00+01:00</time>
				<extensions>
					<swisstopo:routepoint_id>794736770</swisstopo:routepoint_id>
				</extensions>
			</trkpt>
			<trkpt lat="46.8521257229" lon="8.4923646817">
				<ele>2547.1</ele>
				<time>1970-01-01T01:00:00+01:00</time>
				<extensions>
					<swisstopo:routepoint_id>249417586</swisstopo:routepoint_id>
				</extensions>
			</trkpt>
			<trkpt lat="46.8521283907" lon="8.4923084917">
				<ele>2547.4</ele>
				<time>1970-01-01T01:00:00+01:00</time>
				<extensions>
					<swisstopo:routepoint_id>1160039295</swisstopo:routepoint_id>
				</extensions>
			</trkpt>
			<trkpt lat="46.8521337537" lon="8.4922253155">
				<ele>2547.6</ele>
				<time>1970-01-01T01:00:00+01:00</time>
				<extensions>
					<swisstopo:routepoint_id>98086895</swisstopo:routepoint_id>
				</extensions>
			</trkpt>
			<trkpt lat="46.8521341053" lon="8.4921539346">
				<ele>2547.1</ele>
				<time>1970-01-01T01:00:00+01:00</time>
				<extensions>
					<swisstopo:routepoint_id>753623732</swisstopo:routepoint_id>
				</extensions>
			</trkpt>
			<trkpt lat="46.8521378747" lon="8.4920777427">
				<ele>2547.1</ele>
				<time>1970-01-01T01:00:00+01:00</time>
				<extensions>
					<swisstopo:routepoint_id>1117822300</swisstopo:routepoint_id>
				</extensions>
			</trkpt>
			<trkpt lat="46.8521446890" lon="8.4919708073">
				<ele>2548.0</ele>
				<time>1970-01-01T01:00:00+01:00</time>
				<extensions>
					<swisstopo:routepoint_id>359702520</swisstopo:routepoint_id>
				</extensions>
			</trkpt>
			<trkpt lat="46.8521501277" lon="8.4919135830">
				<ele>2549.0</ele>
				<time>1970-01-01T01:00:00+01:00</time>
				<extensions>
					<swisstopo:routepoint_id>1154517529</swisstopo:routepoint_id>
				</extensions>
			</trkpt>
			<trkpt lat="46.8521609145" lon="8.4918402557">
				<ele>2550.8</ele>
				<time>1970-01-01T01:00:00+01:00</time>
				<extensions>
					<swisstopo:routepoint_id>784701826</swisstopo:routepoint_id>
				</extensions>
			</trkpt>
			<trkpt lat="46.8521692920" lon="8.4917960711">
				<ele>2551.9</ele>
				<time>1970-01-01T01:00:00+01:00</time>
				<extensions>
					<swisstopo:routepoint_id>579361376</swisstopo:routepoint_id>
				</extensions>
			</trkpt>
			<trkpt lat="46.8521770306" lon="8.4917215956">
				<ele>2552.9</ele>
				<time>1970-01-01T01:00:00+01:00</time>
				<extensions>
					<swisstopo:routepoint_id>200468138</swisstopo:routepoint_id>
				</extensions>
			</trkpt>
			<trkpt lat="46.8521794091" lon="8.4916967665">
				<ele>2552.9</ele>
				<time>1970-01-01T01:00:00+01:00</time>
				<extensions>
					<swisstopo:routepoint_id>501809313</swisstopo:routepoint_id>
				</extensions>
			</trkpt>
			<trkpt lat="46.8521654422" lon="8.4916494304">
				<ele>2552.9</ele>
				<time>1970-01-01T01:00:00+01:00</time>
				<extensions>
					<swisstopo:routepoint_id>1293398040</swisstopo:routepoint_id>
				</extensions>
			</trkpt>
			<trkpt lat="46.8521419580" lon="8.4916029834">
				<ele>2552.6</ele>
				<time>1970-01-01T01:00:00+01:00</time>
				<extensions>
					<swisstopo:routepoint_id>559171009</swisstopo:routepoint_id>
				</extensions>
			</trkpt>
			<trkpt lat="46.8521359249" lon="8.4915595918">
				<ele>2553.4</ele>
				<time>1970-01-01T01:00:00+01:00</time>
				<extensions>
					<swisstopo:routepoint_id>589212284</swisstopo:routepoint_id>
				</extensions>
			</trkpt>
			<trkpt lat="46.8521357812" lon="8.4915087497">
				<ele>2554.2</ele>
				<time>1970-01-01T01:00:00+01:00</time>
				<extensions>
					<swisstopo:routepoint_id>449059507</swisstopo:routepoint_id>
				</extensions>
			</trkpt>
			<trkpt lat="46.8521437533" lon="8.4914753753">
				<ele>2555.0</ele>
				<time>1970-01-01T01:00:00+01:00</time>
				<extensions>
					<swisstopo:routepoint_id>623392426</swisstopo:routepoint_id>
				</extensions>
			</trkpt>
			<trkpt lat="46.8521562862" lon="8.4914458930">
				<ele>2556.1</ele>
				<time>1970-01-01T01:00:00+01:00</time>
				<extensions>
					<swisstopo:routepoint_id>1108311645</swisstopo:routepoint_id>
				</extensions>
			</trkpt>
			<trkpt lat="46.8521914918" lon="8.4914503845">
				<ele>2557.3</ele>
				<time>1970-01-01T01:00:00+01:00</time>
				<extensions>
					<swisstopo:routepoint_id>989209569</swisstopo:routepoint_id>
				</extensions>
			</trkpt>
			<trkpt lat="46.8522293043" lon="8.4914717113">
				<ele>2558.5</ele>
				<time>1970-01-01T01:00:00+01:00</time>
				<extensions>
					<swisstopo:routepoint_id>1242253672</swisstopo:routepoint_id>
				</extensions>
			</trkpt>
			<trkpt lat="46.8522722600" lon="8.4915001680">
				<ele>2560.4</ele>
				<time>1970-01-01T01:00:00+01:00</time>
				<extensions>
					<swisstopo:routepoint_id>1788289244</swisstopo:routepoint_id>
				</extensions>
			</trkpt>
			<trkpt lat="46.8523024391" lon="8.4915180806">
				<ele>2561.4</ele>
				<time>1970-01-01T01:00:00+01:00</time>
				<extensions>
					<swisstopo:routepoint_id>615482563</swisstopo:routepoint_id>
				</extensions>
			</trkpt>
			<trkpt lat="46.8523460810" lon="8.4915384467">
				<ele>2562.9</ele>
				<time>1970-01-01T01:00:00+01:00</time>
				<extensions>
					<swisstopo:routepoint_id>1398010844</swisstopo:routepoint_id>
				</extensions>
			</trkpt>
			<trkpt lat="46.8523836374" lon="8.4915543402">
				<ele>2563.8</ele>
				<time>1970-01-01T01:00:00+01:00</time>
				<extensions>
					<swisstopo:routepoint_id>813154940</swisstopo:routepoint_id>
				</extensions>
			</trkpt>
			<trkpt lat="46.8524313931" lon="8.4915607292">
				<ele>2565.2</ele>
				<time>1970-01-01T01:00:00+01:00</time>
				<extensions>
					<swisstopo:routepoint_id>1327409905</swisstopo:routepoint_id>
				</extensions>
			</trkpt>
			<trkpt lat="46.8524539018" lon="8.4915460370">
				<ele>2565.9</ele>
				<time>1970-01-01T01:00:00+01:00</time>
				<extensions>
					<swisstopo:routepoint_id>1876661203</swisstopo:routepoint_id>
				</extensions>
			</trkpt>
			<trkpt lat="46.8524901335" lon="8.4915397433">
				<ele>2567.1</ele>
				<time>1970-01-01T01:00:00+01:00</time>
				<extensions>
					<swisstopo:routepoint_id>1889141886</swisstopo:routepoint_id>
				</extensions>
			</trkpt>
			<trkpt lat="46.8525382648" lon="8.4915385605">
				<ele>2569.3</ele>
				<time>1970-01-01T01:00:00+01:00</time>
				<extensions>
					<swisstopo:routepoint_id>1615769435</swisstopo:routepoint_id>
				</extensions>
			</trkpt>
			<trkpt lat="46.8525470274" lon="8.4914857280">
				<ele>2569.5</ele>
				<time>1970-01-01T01:00:00+01:00</time>
				<extensions>
					<swisstopo:routepoint_id>1806739901</swisstopo:routepoint_id>
				</extensions>
			</trkpt>
			<trkpt lat="46.8525541243" lon="8.4914144916">
				<ele>2568.6</ele>
				<time>1970-01-01T01:00:00+01:00</time>
				<extensions>
					<swisstopo:routepoint_id>1018305463</swisstopo:routepoint_id>
				</extensions>
			</trkpt>
			<trkpt lat="46.8525561660" lon="8.4913588268">
				<ele>2568.7</ele>
				<time>1970-01-01T01:00:00+01:00</time>
				<extensions>
					<swisstopo:routepoint_id>1353935292</swisstopo:routepoint_id>
				</extensions>
			</trkpt>
			<trkpt lat="46.8525603412" lon="8.4913059045">
				<ele>2569.3</ele>
				<time>1970-01-01T01:00:00+01:00</time>
				<extensions>
					<swisstopo:routepoint_id>696649875</swisstopo:routepoint_id>
				</extensions>
			</trkpt>
			<trkpt lat="46.8525651094" lon="8.4912540827">
				<ele>2569.7</ele>
				<time>1970-01-01T01:00:00+01:00</time>
				<extensions>
					<swisstopo:routepoint_id>1643277502</swisstopo:routepoint_id>
				</extensions>
			</trkpt>
			<trkpt lat="46.8525648038" lon="8.4911875534">
				<ele>2570.6</ele>
				<time>1970-01-01T01:00:00+01:00</time>
				<extensions>
					<swisstopo:routepoint_id>42216995</swisstopo:routepoint_id>
				</extensions>
			</trkpt>
			<trkpt lat="46.8525634269" lon="8.4911377616">
				<ele>2571.6</ele>
				<time>1970-01-01T01:00:00+01:00</time>
				<extensions>
					<swisstopo:routepoint_id>1885868023</swisstopo:routepoint_id>
				</extensions>
			</trkpt>
			<trkpt lat="46.8525736958" lon="8.4911206660">
				<ele>2572.3</ele>
				<time>1970-01-01T01:00:00+01:00</time>
				<extensions>
					<swisstopo:routepoint_id>1746589850</swisstopo:routepoint_id>
				</extensions>
			</trkpt>
			<trkpt lat="46.8525926622" lon="8.4911243020">
				<ele>2573.2</ele>
				<time>1970-01-01T01:00:00+01:00</time>
				<extensions>
					<swisstopo:routepoint_id>333120474</swisstopo:routepoint_id>
				</extensions>
			</trkpt>
			<trkpt lat="46.8526120928" lon="8.4911117131">
				<ele>2574.4</ele>
				<time>1970-01-01T01:00:00+01:00</time>
				<extensions>
					<swisstopo:routepoint_id>1927824792</swisstopo:routepoint_id>
				</extensions>
			</trkpt>
			<trkpt lat="46.8526227611" lon="8.4910854331">
				<ele>2575.4</ele>
				<time>1970-01-01T01:00:00+01:00</time>
				<extensions>
					<swisstopo:routepoint_id>954049391</swisstopo:routepoint_id>
				</extensions>
			</trkpt>
			<trkpt lat="46.8526391901" lon="8.4910646682">
				<ele>2576.4</ele>
				<time>1970-01-01T01:00:00+01:00</time>
				<extensions>
					<swisstopo:routepoint_id>282892513</swisstopo:routepoint_id>
				</extensions>
			</trkpt>
			<trkpt lat="46.8526433437" lon="8.4910463646">
				<ele>2576.8</ele>
				<time>1970-01-01T01:00:00+01:00</time>
				<extensions>
					<swisstopo:routepoint_id>1433446984</swisstopo:routepoint_id>
				</extensions>
			</trkpt>
			<trkpt lat="46.8526445639" lon="8.4910144837">
				<ele>2577.6</ele>
				<time>1970-01-01T01:00:00+01:00</time>
				<extensions>
					<swisstopo:routepoint_id>1788780777</swisstopo:routepoint_id>
				</extensions>
			</trkpt>
			<trkpt lat="46.8526650809" lon="8.4909835312">
				<ele>2578.6</ele>
				<time>1970-01-01T01:00:00+01:00</time>
				<extensions>
					<swisstopo:routepoint_id>2060080677</swisstopo:routepoint_id>
				</extensions>
			</trkpt>
			<trkpt lat="46.8526899379" lon="8.4909472606">
				<ele>2579.7</ele>
				<time>1970-01-01T01:00:00+01:00</time>
				<extensions>
					<swisstopo:routepoint_id>844338533</swisstopo:routepoint_id>
				</extensions>
			</trkpt>
			<trkpt lat="46.8527132225" lon="8.4909147361">
				<ele>2581.0</ele>
				<time>1970-01-01T01:00:00+01:00</time>
				<extensions>
					<swisstopo:routepoint_id>2083262231</swisstopo:routepoint_id>
				</extensions>
			</trkpt>
			<trkpt lat="46.8527312739" lon="8.4908848234">
				<ele>2582.6</ele>
				<time>1970-01-01T01:00:00+01:00</time>
				<extensions>
					<swisstopo:routepoint_id>1628384287</swisstopo:routepoint_id>
				</extensions>
			</trkpt>
			<trkpt lat="46.8527446962" lon="8.4908261417">
				<ele>2583.3</ele>
				<time>1970-01-01T01:00:00+01:00</time>
				<extensions>
					<swisstopo:routepoint_id>1607333586</swisstopo:routepoint_id>
				</extensions>
			</trkpt>
			<trkpt lat="46.8527683633" lon="8.4907519898">
				<ele>2584.1</ele>
				<time>1970-01-01T01:00:00+01:00</time>
				<extensions>
					<swisstopo:routepoint_id>1528622401</swisstopo:routepoint_id>
				</extensions>
			</trkpt>
			<trkpt lat="46.8527819670" lon="8.4907068314">
				<ele>2584.7</ele>
				<time>1970-01-01T01:00:00+01:00</time>
				<extensions>
					<swisstopo:routepoint_id>1467506048</swisstopo:routepoint_id>
				</extensions>
			</trkpt>
			<trkpt lat="46.8527851670" lon="8.4906582174">
				<ele>2584.3</ele>
				<time>1970-01-01T01:00:00+01:00</time>
				<extensions>
					<swisstopo:routepoint_id>373727005</swisstopo:routepoint_id>
				</extensions>
			</trkpt>
			<trkpt lat="46.8527965438" lon="8.4905881396">
				<ele>2584.2</ele>
				<time>1970-01-01T01:00:00+01:00</time>
				<extensions>
					<swisstopo:routepoint_id>1991726476</swisstopo:routepoint_id>
				</extensions>
			</trkpt>
			<trkpt lat="46.8528197673" lon="8.4904966692">
				<ele>2584.5</ele>
				<time>1970-01-01T01:00:00+01:00</time>
				<extensions>
					<swisstopo:routepoint_id>975134304</swisstopo:routepoint_id>
				</extensions>
			</trkpt>
			<trkpt lat="46.8528306801" lon="8.4904428033">
				<ele>2584.6</ele>
				<time>1970-01-01T01:00:00+01:00</time>
				<extensions>
					<swisstopo:routepoint_id>1435556306</swisstopo:routepoint_id>
				</extensions>
			</trkpt>
			<trkpt lat="46.8528441568" lon="8.4903781821">
				<ele>2584.5</ele>
				<time>1970-01-01T01:00:00+01:00</time>
				<extensions>
					<swisstopo:routepoint_id>1668833289</swisstopo:routepoint_id>
				</extensions>
			</trkpt>
			<trkpt lat="46.8528698169" lon="8.4902878345">
				<ele>2584.7</ele>
				<time>1970-01-01T01:00:00+01:00</time>
				<extensions>
					<swisstopo:routepoint_id>1071496702</swisstopo:routepoint_id>
				</extensions>
			</trkpt>
			<trkpt lat="46.8528921412" lon="8.4902266383">
				<ele>2584.6</ele>
				<time>1970-01-01T01:00:00+01:00</time>
				<extensions>
					<swisstopo:routepoint_id>1859124118</swisstopo:routepoint_id>
				</extensions>
			</trkpt>
			<trkpt lat="46.8529190856" lon="8.4901639061">
				<ele>2584.3</ele>
				<time>1970-01-01T01:00:00+01:00</time>
				<extensions>
					<swisstopo:routepoint_id>69921302</swisstopo:routepoint_id>
				</extensions>
			</trkpt>
			<trkpt lat="46.8529567710" lon="8.4900992329">
				<ele>2584.0</ele>
				<time>1970-01-01T01:00:00+01:00</time>
				<extensions>
					<swisstopo:routepoint_id>870836423</swisstopo:routepoint_id>
				</extensions>
			</trkpt>
			<trkpt lat="46.8530028558" lon="8.4900212038">
				<ele>2583.7</ele>
				<time>1970-01-01T01:00:00+01:00</time>
				<extensions>
					<swisstopo:routepoint_id>261834143</swisstopo:routepoint_id>
				</extensions>
			</trkpt>
			<trkpt lat="46.8530441042" lon="8.4899349632">
				<ele>2583.1</ele>
				<time>1970-01-01T01:00:00+01:00</time>
				<extensions>
					<swisstopo:routepoint_id>1110090026</swisstopo:routepoint_id>
				</extensions>
			</trkpt>
			<trkpt lat="46.8530877621" lon="8.4898547230">
				<ele>2582.9</ele>
				<time>1970-01-01T01:00:00+01:00</time>
				<extensions>
					<swisstopo:routepoint_id>1522511609</swisstopo:routepoint_id>
				</extensions>
			</trkpt>
			<trkpt lat="46.8531198207" lon="8.4898012829">
				<ele>2582.9</ele>
				<time>1970-01-01T01:00:00+01:00</time>
				<extensions>
					<swisstopo:routepoint_id>1311718297</swisstopo:routepoint_id>
				</extensions>
			</trkpt>
			<trkpt lat="46.8531533526" lon="8.4897549132">
				<ele>2583.1</ele>
				<time>1970-01-01T01:00:00+01:00</time>
				<extensions>
					<swisstopo:routepoint_id>958265500</swisstopo:routepoint_id>
				</extensions>
			</trkpt>
			<trkpt lat="46.8531769612" lon="8.4897213186">
				<ele>2582.9</ele>
				<time>1970-01-01T01:00:00+01:00</time>
				<extensions>
					<swisstopo:routepoint_id>2044171300</swisstopo:routepoint_id>
				</extensions>
			</trkpt>
			<trkpt lat="46.8531954317" lon="8.4896643739">
				<ele>2582.5</ele>
				<time>1970-01-01T01:00:00+01:00</time>
				<extensions>
					<swisstopo:routepoint_id>1856580169</swisstopo:routepoint_id>
				</extensions>
			</trkpt>
			<trkpt lat="46.8532057154" lon="8.4896211695">
				<ele>2582.1</ele>
				<time>1970-01-01T01:00:00+01:00</time>
				<extensions>
					<swisstopo:routepoint_id>2105526878</swisstopo:routepoint_id>
				</extensions>
			</trkpt>
			<trkpt lat="46.8532053523" lon="8.4895539823">
				<ele>2580.9</ele>
				<time>1970-01-01T01:00:00+01:00</time>
				<extensions>
					<swisstopo:routepoint_id>792540459</swisstopo:routepoint_id>
				</extensions>
			</trkpt>
			<trkpt lat="46.8532185956" lon="8.4894960963">
				<ele>2579.5</ele>
				<time>1970-01-01T01:00:00+01:00</time>
				<extensions>
					<swisstopo:routepoint_id>50227961</swisstopo:routepoint_id>
				</extensions>
			</trkpt>
			<trkpt lat="46.8532424317" lon="8.4894671089">
				<ele>2578.7</ele>
				<time>1970-01-01T01:00:00+01:00</time>
				<extensions>
					<swisstopo:routepoint_id>494377808</swisstopo:routepoint_id>
				</extensions>
			</trkpt>
			<trkpt lat="46.8532614497" lon="8.4894494757">
				<ele>2578.1</ele>
				<time>1970-01-01T01:00:00+01:00</time>
				<extensions>
					<swisstopo:routepoint_id>1312752262</swisstopo:routepoint_id>
				</extensions>
			</trkpt>
			<trkpt lat="46.8532750794" lon="8.4894014318">
				<ele>2576.3</ele>
				<time>1970-01-01T01:00:00+01:00</time>
				<extensions>
					<swisstopo:routepoint_id>370295484</swisstopo:routepoint_id>
				</extensions>
			</trkpt>
			<trkpt lat="46.8532782692" lon="8.4893597147">
				<ele>2575.2</ele>
				<time>1970-01-01T01:00:00+01:00</time>
				<extensions>
					<swisstopo:routepoint_id>589108451</swisstopo:routepoint_id>
				</extensions>
			</trkpt>
			<trkpt lat="46.8532667906" lon="8.4893234288">
				<ele>2574.4</ele>
				<time>1970-01-01T01:00:00+01:00</time>
				<extensions>
					<swisstopo:routepoint_id>1853002193</swisstopo:routepoint_id>
				</extensions>
			</trkpt>
			<trkpt lat="46.8532590144" lon="8.4892954111">
				<ele>2573.6</ele>
				<time>1970-01-01T01:00:00+01:00</time>
				<extensions>
					<swisstopo:routepoint_id>431696390</swisstopo:routepoint_id>
				</extensions>
			</trkpt>
			<trkpt lat="46.8532759977" lon="8.4892417027">
				<ele>2572.1</ele>
				<time>1970-01-01T01:00:00+01:00</time>
				<extensions>
					<swisstopo:routepoint_id>1384488595</swisstopo:routepoint_id>
				</extensions>
			</trkpt>
			<trkpt lat="46.8532946591" lon="8.4892109618">
				<ele>2570.8</ele>
				<time>1970-01-01T01:00:00+01:00</time>
				<extensions>
					<swisstopo:routepoint_id>554639830</swisstopo:routepoint_id>
				</extensions>
			</trkpt>
			<trkpt lat="46.8533074690" lon="8.4892022160">
				<ele>2570.4</ele>
				<time>1970-01-01T01:00:00+01:00</time>
				<extensions>
					<swisstopo:routepoint_id>160878238</swisstopo:routepoint_id>
				</extensions>
			</trkpt>
			<trkpt lat="46.8533023110" lon="8.4891447574">
				<ele>2569.0</ele>
				<time>1970-01-01T01:00:00+01:00</time>
				<extensions>
					<swisstopo:routepoint_id>1233606580</swisstopo:routepoint_id>
				</extensions>
			</trkpt>
			<trkpt lat="46.8533031744" lon="8.4890997297">
				<ele>2567.8</ele>
				<time>1970-01-01T01:00:00+01:00</time>
				<extensions>
					<swisstopo:routepoint_id>1684379573</swisstopo:routepoint_id>
				</extensions>
			</trkpt>
			<trkpt lat="46.8533045431" lon="8.4890505940">
				<ele>2566.4</ele>
				<time>1970-01-01T01:00:00+01:00</time>
				<extensions>
					<swisstopo:routepoint_id>492371744</swisstopo:routepoint_id>
				</extensions>
			</trkpt>
			<trkpt lat="46.8533184160" lon="8.4890279559">
				<ele>2565.7</ele>
				<time>1970-01-01T01:00:00+01:00</time>
				<extensions>
					<swisstopo:routepoint_id>1085654347</swisstopo:routepoint_id>
				</extensions>
			</trkpt>
			<trkpt lat="46.8533286559" lon="8.4889904807">
				<ele>2564.4</ele>
				<time>1970-01-01T01:00:00+01:00</time>
				<extensions>
					<swisstopo:routepoint_id>322893187</swisstopo:routepoint_id>
				</extensions>
			</trkpt>
			<trkpt lat="46.8533341362" lon="8.4889570041">
				<ele>2563.6</ele>
				<time>1970-01-01T01:00:00+01:00</time>
				<extensions>
					<swisstopo:routepoint_id>2051121250</swisstopo:routepoint_id>
				</extensions>
			</trkpt>
			<trkpt lat="46.8533633622" lon="8.4889043734">
				<ele>2561.6</ele>
				<time>1970-01-01T01:00:00+01:00</time>
				<extensions>
					<swisstopo:routepoint_id>1723915836</swisstopo:routepoint_id>
				</extensions>
			</trkpt>
			<trkpt lat="46.8533803433" lon="8.4888527300">
				<ele>2559.8</ele>
				<time>1970-01-01T01:00:00+01:00</time>
				<extensions>
					<swisstopo:routepoint_id>257320783</swisstopo:routepoint_id>
				</extensions>
			</trkpt>
			<trkpt lat="46.8533803433" lon="8.4888527300">
				<ele>2559.8</ele>
				<extensions>
					<swisstopo:waypoint_id>1107314924</swisstopo:waypoint_id>
					<swisstopo:waypoint_is_controlpoint>1</swisstopo:waypoint_is_controlpoint>
					<swisstopo:waypoint_routepoint_id>257320783</swisstopo:waypoint_routepoint_id>
					<swisstopo:waypoint_meters_into_tour>9787.031982</swisstopo:waypoint_meters_into_tour>
					<swisstopo:waypoint_trackpoint_id>swisstopo-08</swisstopo:waypoint_trackpoint_id>
					<swisstopo:waypoint_original_name>Waypoint</swisstopo:waypoint_original_name>
				</extensions>
				<name>swisstopo-08</name>
			</trkpt>
			<trkpt lat="46.8533812880" lon="8.4888498567">
				<ele>2559.7</ele>
				<time>1970-01-01T01:00:00+01:00</time>
				<extensions>
					<swisstopo:routepoint_id>183714526</swisstopo:routepoint_id>
				</extensions>
			</trkpt>
			<trkpt lat="46.8533837800" lon="8.4887802731">
				<ele>2558.2</ele>
				<time>1970-01-01T01:00:00+01:00</time>
				<extensions>
					<swisstopo:routepoint_id>643101374</swisstopo:routepoint_id>
				</extensions>
			</trkpt>
			<trkpt lat="46.8533837816" lon="8.4887262065">
				<ele>2556.9</ele>
				<time>1970-01-01T01:00:00+01:00</time>
				<extensions>
					<swisstopo:routepoint_id>1258252866</swisstopo:routepoint_id>
				</extensions>
			</trkpt>
			<trkpt lat="46.8534030384" lon="8.4886815506">
				<ele>2555.4</ele>
				<time>1970-01-01T01:00:00+01:00</time>
				<extensions>
					<swisstopo:routepoint_id>119268657</swisstopo:routepoint_id>
				</extensions>
			</trkpt>
			<trkpt lat="46.8534250684" lon="8.4886435055">
				<ele>2554.2</ele>
				<time>1970-01-01T01:00:00+01:00</time>
				<extensions>
					<swisstopo:routepoint_id>1077987867</swisstopo:routepoint_id>
				</extensions>
			</trkpt>
			<trkpt lat="46.8534474849" lon="8.4886153032">
				<ele>2552.5</ele>
				<time>1970-01-01T01:00:00+01:00</time>
				<extensions>
					<swisstopo:routepoint_id>1763735154</swisstopo:routepoint_id>
				</extensions>
			</trkpt>
			<trkpt lat="46.8534702651" lon="8.4885993950">
				<ele>2550.9</ele>
				<time>1970-01-01T01:00:00+01:00</time>
				<extensions>
					<swisstopo:routepoint_id>1138878661</swisstopo:routepoint_id>
				</extensions>
			</trkpt>
			<trkpt lat="46.8534889414" lon="8.4885670151">
				<ele>2549.5</ele>
				<time>1970-01-01T01:00:00+01:00</time>
				<extensions>
					<swisstopo:routepoint_id>186923922</swisstopo:routepoint_id>
				</extensions>
			</trkpt>
			<trkpt lat="46.8535209930" lon="8.4885701448">
				<ele>2547.2</ele>
				<time>1970-01-01T01:00:00+01:00</time>
				<extensions>
					<swisstopo:routepoint_id>1197239400</swisstopo:routepoint_id>
				</extensions>
			</trkpt>
			<trkpt lat="46.8535491783" lon="8.4885838343">
				<ele>2545.7</ele>
				<time>1970-01-01T01:00:00+01:00</time>
				<extensions>
					<swisstopo:routepoint_id>1275404275</swisstopo:routepoint_id>
				</extensions>
			</trkpt>
			<trkpt lat="46.8535810282" lon="8.4886098957">
				<ele>2543.9</ele>
				<time>1970-01-01T01:00:00+01:00</time>
				<extensions>
					<swisstopo:routepoint_id>1285818644</swisstopo:routepoint_id>
				</extensions>
			</trkpt>
			<trkpt lat="46.8536232579" lon="8.4886361728">
				<ele>2541.6</ele>
				<time>1970-01-01T01:00:00+01:00</time>
				<extensions>
					<swisstopo:routepoint_id>964508556</swisstopo:routepoint_id>
				</extensions>
			</trkpt>
			<trkpt lat="46.8536817486" lon="8.4886373924">
				<ele>2538.6</ele>
				<time>1970-01-01T01:00:00+01:00</time>
				<extensions>
					<swisstopo:routepoint_id>1785953547</swisstopo:routepoint_id>
				</extensions>
			</trkpt>
			<trkpt lat="46.8537438951" lon="8.4886509838">
				<ele>2535.3</ele>
				<time>1970-01-01T01:00:00+01:00</time>
				<extensions>
					<swisstopo:routepoint_id>1917338747</swisstopo:routepoint_id>
				</extensions>
			</trkpt>
			<trkpt lat="46.8538173732" lon="8.4886639963">
				<ele>2531.6</ele>
				<time>1970-01-01T01:00:00+01:00</time>
				<extensions>
					<swisstopo:routepoint_id>1833774538</swisstopo:routepoint_id>
				</extensions>
			</trkpt>
			<trkpt lat="46.8538707177" lon="8.4886593720">
				<ele>2529.3</ele>
				<time>1970-01-01T01:00:00+01:00</time>
				<extensions>
					<swisstopo:routepoint_id>1994052888</swisstopo:routepoint_id>
				</extensions>
			</trkpt>
			<trkpt lat="46.8539229556" lon="8.4886195028">
				<ele>2527.1</ele>
				<time>1970-01-01T01:00:00+01:00</time>
				<extensions>
					<swisstopo:routepoint_id>2143494603</swisstopo:routepoint_id>
				</extensions>
			</trkpt>
			<trkpt lat="46.8539403190" lon="8.4886076460">
				<ele>2525.7</ele>
				<time>1970-01-01T01:00:00+01:00</time>
				<extensions>
					<swisstopo:routepoint_id>1941937813</swisstopo:routepoint_id>
				</extensions>
			</trkpt>
			<trkpt lat="46.8540175666" lon="8.4885775096">
				<ele>2522.1</ele>
				<time>1970-01-01T01:00:00+01:00</time>
				<extensions>
					<swisstopo:routepoint_id>1331223223</swisstopo:routepoint_id>
				</extensions>
			</trkpt>
			<trkpt lat="46.8540789114" lon="8.4885667205">
				<ele>2519.3</ele>
				<time>1970-01-01T01:00:00+01:00</time>
				<extensions>
					<swisstopo:routepoint_id>239806380</swisstopo:routepoint_id>
				</extensions>
			</trkpt>
			<trkpt lat="46.8541525620" lon="8.4885668062">
				<ele>2516.0</ele>
				<time>1970-01-01T01:00:00+01:00</time>
				<extensions>
					<swisstopo:routepoint_id>38887986</swisstopo:routepoint_id>
				</extensions>
			</trkpt>
			<trkpt lat="46.8542113231" lon="8.4885650412">
				<ele>2512.3</ele>
				<time>1970-01-01T01:00:00+01:00</time>
				<extensions>
					<swisstopo:routepoint_id>1918857732</swisstopo:routepoint_id>
				</extensions>
			</trkpt>
			<trkpt lat="46.8542611248" lon="8.4885494633">
				<ele>2509.2</ele>
				<time>1970-01-01T01:00:00+01:00</time>
				<extensions>
					<swisstopo:routepoint_id>1206904895</swisstopo:routepoint_id>
				</extensions>
			</trkpt>
			<trkpt lat="46.8542955748" lon="8.4885166954">
				<ele>2507.1</ele>
				<time>1970-01-01T01:00:00+01:00</time>
				<extensions>
					<swisstopo:routepoint_id>1329783784</swisstopo:routepoint_id>
				</extensions>
			</trkpt>
			<trkpt lat="46.8543567936" lon="8.4884745489">
				<ele>2504.2</ele>
				<time>1970-01-01T01:00:00+01:00</time>
				<extensions>
					<swisstopo:routepoint_id>824901169</swisstopo:routepoint_id>
				</extensions>
			</trkpt>
			<trkpt lat="46.8544355591" lon="8.4884221223">
				<ele>2500.0</ele>
				<time>1970-01-01T01:00:00+01:00</time>
				<extensions>
					<swisstopo:routepoint_id>404742741</swisstopo:routepoint_id>
				</extensions>
			</trkpt>
			<trkpt lat="46.8544825108" lon="8.4883936109">
				<ele>2497.5</ele>
				<time>1970-01-01T01:00:00+01:00</time>
				<extensions>
					<swisstopo:routepoint_id>344778778</swisstopo:routepoint_id>
				</extensions>
			</trkpt>
			<trkpt lat="46.8545250005" lon="8.4883895875">
				<ele>2495.5</ele>
				<time>1970-01-01T01:00:00+01:00</time>
				<extensions>
					<swisstopo:routepoint_id>831002220</swisstopo:routepoint_id>
				</extensions>
			</trkpt>
			<trkpt lat="46.8545754607" lon="8.4883914632">
				<ele>2492.6</ele>
				<time>1970-01-01T01:00:00+01:00</time>
				<extensions>
					<swisstopo:routepoint_id>1288758428</swisstopo:routepoint_id>
				</extensions>
			</trkpt>
			<trkpt lat="46.8546456889" lon="8.4883978423">
				<ele>2490.0</ele>
				<time>1970-01-01T01:00:00+01:00</time>
				<extensions>
					<swisstopo:routepoint_id>1887378800</swisstopo:routepoint_id>
				</extensions>
			</trkpt>
			<trkpt lat="46.8546890705" lon="8.4883995670">
				<ele>2487.5</ele>
				<time>1970-01-01T01:00:00+01:00</time>
				<extensions>
					<swisstopo:routepoint_id>1146551564</swisstopo:routepoint_id>
				</extensions>
			</trkpt>
			<trkpt lat="46.8547127966" lon="8.4883845030">
				<ele>2486.8</ele>
				<time>1970-01-01T01:00:00+01:00</time>
				<extensions>
					<swisstopo:routepoint_id>64445869</swisstopo:routepoint_id>
				</extensions>
			</trkpt>
			<trkpt lat="46.8547387365" lon="8.4883301541">
				<ele>2484.8</ele>
				<time>1970-01-01T01:00:00+01:00</time>
				<extensions>
					<swisstopo:routepoint_id>1712597155</swisstopo:routepoint_id>
				</extensions>
			</trkpt>
			<trkpt lat="46.8547659110" lon="8.4882971261">
				<ele>2482.6</ele>
				<time>1970-01-01T01:00:00+01:00</time>
				<extensions>
					<swisstopo:routepoint_id>1642001360</swisstopo:routepoint_id>
				</extensions>
			</trkpt>
			<trkpt lat="46.8548206329" lon="8.4882433775">
				<ele>2480.5</ele>
				<time>1970-01-01T01:00:00+01:00</time>
				<extensions>
					<swisstopo:routepoint_id>1127873643</swisstopo:routepoint_id>
				</extensions>
			</trkpt>
			<trkpt lat="46.8548609209" lon="8.4882204667">
				<ele>2479.2</ele>
				<time>1970-01-01T01:00:00+01:00</time>
				<extensions>
					<swisstopo:routepoint_id>891063944</swisstopo:routepoint_id>
				</extensions>
			</trkpt>
			<trkpt lat="46.8548942297" lon="8.4881875711">
				<ele>2477.6</ele>
				<time>1970-01-01T01:00:00+01:00</time>
				<extensions>
					<swisstopo:routepoint_id>566495754</swisstopo:routepoint_id>
				</extensions>
			</trkpt>
			<trkpt lat="46.8549452414" lon="8.4881263801">
				<ele>2475.5</ele>
				<time>1970-01-01T01:00:00+01:00</time>
				<extensions>
					<swisstopo:routepoint_id>2010958034</swisstopo:routepoint_id>
				</extensions>
			</trkpt>
			<trkpt lat="46.8549946832" lon="8.4880823506">
				<ele>2473.1</ele>
				<time>1970-01-01T01:00:00+01:00</time>
				<extensions>
					<swisstopo:routepoint_id>1048588926</swisstopo:routepoint_id>
				</extensions>
			</trkpt>
			<trkpt lat="46.8550431507" lon="8.4880415805">
				<ele>2471.1</ele>
				<time>1970-01-01T01:00:00+01:00</time>
				<extensions>
					<swisstopo:routepoint_id>232730844</swisstopo:routepoint_id>
				</extensions>
			</trkpt>
			<trkpt lat="46.8550835740" lon="8.4880039188">
				<ele>2470.0</ele>
				<time>1970-01-01T01:00:00+01:00</time>
				<extensions>
					<swisstopo:routepoint_id>1636934376</swisstopo:routepoint_id>
				</extensions>
			</trkpt>
			<trkpt lat="46.8551375439" lon="8.4879821135">
				<ele>2469.1</ele>
				<time>1970-01-01T01:00:00+01:00</time>
				<extensions>
					<swisstopo:routepoint_id>1515963544</swisstopo:routepoint_id>
				</extensions>
			</trkpt>
			<trkpt lat="46.8551767929" lon="8.4879714565">
				<ele>2467.6</ele>
				<time>1970-01-01T01:00:00+01:00</time>
				<extensions>
					<swisstopo:routepoint_id>1278217666</swisstopo:routepoint_id>
				</extensions>
			</trkpt>
			<trkpt lat="46.8552213789" lon="8.4879428981">
				<ele>2467.2</ele>
				<time>1970-01-01T01:00:00+01:00</time>
				<extensions>
					<swisstopo:routepoint_id>1939384307</swisstopo:routepoint_id>
				</extensions>
			</trkpt>
			<trkpt lat="46.8552708431" lon="8.4878964165">
				<ele>2466.2</ele>
				<time>1970-01-01T01:00:00+01:00</time>
				<extensions>
					<swisstopo:routepoint_id>1921327792</swisstopo:routepoint_id>
				</extensions>
			</trkpt>
			<trkpt lat="46.8553048809" lon="8.4878340417">
				<ele>2467.1</ele>
				<time>1970-01-01T01:00:00+01:00</time>
				<extensions>
					<swisstopo:routepoint_id>2039320372</swisstopo:routepoint_id>
				</extensions>
			</trkpt>
			<trkpt lat="46.8553562400" lon="8.4877859573">
				<ele>2467.4</ele>
				<time>1970-01-01T01:00:00+01:00</time>
				<extensions>
					<swisstopo:routepoint_id>662829665</swisstopo:routepoint_id>
				</extensions>
			</trkpt>
			<trkpt lat="46.8554137198" lon="8.4877404578">
				<ele>2467.2</ele>
				<time>1970-01-01T01:00:00+01:00</time>
				<extensions>
					<swisstopo:routepoint_id>1903688223</swisstopo:routepoint_id>
				</extensions>
			</trkpt>
			<trkpt lat="46.8554761640" lon="8.4877196434">
				<ele>2465.6</ele>
				<time>1970-01-01T01:00:00+01:00</time>
				<extensions>
					<swisstopo:routepoint_id>1903049827</swisstopo:routepoint_id>
				</extensions>
			</trkpt>
			<trkpt lat="46.8554881924" lon="8.4878010006">
				<ele>2463.2</ele>
				<time>1970-01-01T01:00:00+01:00</time>
				<extensions>
					<swisstopo:routepoint_id>1559849139</swisstopo:routepoint_id>
				</extensions>
			</trkpt>
			<trkpt lat="46.8554937992" lon="8.4878625618">
				<ele>2461.7</ele>
				<time>1970-01-01T01:00:00+01:00</time>
				<extensions>
					<swisstopo:routepoint_id>1180385133</swisstopo:routepoint_id>
				</extensions>
			</trkpt>
			<trkpt lat="46.8555081101" lon="8.4878980909">
				<ele>2460.5</ele>
				<time>1970-01-01T01:00:00+01:00</time>
				<extensions>
					<swisstopo:routepoint_id>856587849</swisstopo:routepoint_id>
				</extensions>
			</trkpt>
			<trkpt lat="46.8555164069" lon="8.4879203890">
				<ele>2460.6</ele>
				<time>1970-01-01T01:00:00+01:00</time>
				<extensions>
					<swisstopo:routepoint_id>1093956563</swisstopo:routepoint_id>
				</extensions>
			</trkpt>
			<trkpt lat="46.8555356475" lon="8.4879863338">
				<ele>2459.5</ele>
				<time>1970-01-01T01:00:00+01:00</time>
				<extensions>
					<swisstopo:routepoint_id>802162154</swisstopo:routepoint_id>
				</extensions>
			</trkpt>
			<trkpt lat="46.8555760937" lon="8.4880011019">
				<ele>2457.7</ele>
				<time>1970-01-01T01:00:00+01:00</time>
				<extensions>
					<swisstopo:routepoint_id>985005006</swisstopo:routepoint_id>
				</extensions>
			</trkpt>
			<trkpt lat="46.8556085904" lon="8.4880066924">
				<ele>2455.4</ele>
				<time>1970-01-01T01:00:00+01:00</time>
				<extensions>
					<swisstopo:routepoint_id>2141382596</swisstopo:routepoint_id>
				</extensions>
			</trkpt>
			<trkpt lat="46.8556547826" lon="8.4880109370">
				<ele>2452.9</ele>
				<time>1970-01-01T01:00:00+01:00</time>
				<extensions>
					<swisstopo:routepoint_id>1263467960</swisstopo:routepoint_id>
				</extensions>
			</trkpt>
			<trkpt lat="46.8556893771" lon="8.4879928192">
				<ele>2449.3</ele>
				<time>1970-01-01T01:00:00+01:00</time>
				<extensions>
					<swisstopo:routepoint_id>604883626</swisstopo:routepoint_id>
				</extensions>
			</trkpt>
			<trkpt lat="46.8557216736" lon="8.4879672733">
				<ele>2448.3</ele>
				<time>1970-01-01T01:00:00+01:00</time>
				<extensions>
					<swisstopo:routepoint_id>1831934304</swisstopo:routepoint_id>
				</extensions>
			</trkpt>
			<trkpt lat="46.8557729156" lon="8.4879339398">
				<ele>2447.6</ele>
				<time>1970-01-01T01:00:00+01:00</time>
				<extensions>
					<swisstopo:routepoint_id>1224312559</swisstopo:routepoint_id>
				</extensions>
			</trkpt>
			<trkpt lat="46.8557930629" lon="8.4879137829">
				<ele>2447.1</ele>
				<time>1970-01-01T01:00:00+01:00</time>
				<extensions>
					<swisstopo:routepoint_id>174781644</swisstopo:routepoint_id>
				</extensions>
			</trkpt>
			<trkpt lat="46.8558081522" lon="8.4879036645">
				<ele>2446.9</ele>
				<time>1970-01-01T01:00:00+01:00</time>
				<extensions>
					<swisstopo:routepoint_id>1652033852</swisstopo:routepoint_id>
				</extensions>
			</trkpt>
			<trkpt lat="46.8558231748" lon="8.4879008363">
				<ele>2446.2</ele>
				<time>1970-01-01T01:00:00+01:00</time>
				<extensions>
					<swisstopo:routepoint_id>1084055874</swisstopo:routepoint_id>
				</extensions>
			</trkpt>
			<trkpt lat="46.8558359808" lon="8.4879052431">
				<ele>2444.4</ele>
				<time>1970-01-01T01:00:00+01:00</time>
				<extensions>
					<swisstopo:routepoint_id>821533211</swisstopo:routepoint_id>
				</extensions>
			</trkpt>
			<trkpt lat="46.8558510034" lon="8.4879024147">
				<ele>2441.0</ele>
				<time>1970-01-01T01:00:00+01:00</time>
				<extensions>
					<swisstopo:routepoint_id>1075505606</swisstopo:routepoint_id>
				</extensions>
			</trkpt>
			<trkpt lat="46.8558624837" lon="8.4878963962">
				<ele>2440.4</ele>
				<time>1970-01-01T01:00:00+01:00</time>
				<extensions>
					<swisstopo:routepoint_id>1264399257</swisstopo:routepoint_id>
				</extensions>
			</trkpt>
			<trkpt lat="46.8558812966" lon="8.4878696957">
				<ele>2440.1</ele>
				<time>1970-01-01T01:00:00+01:00</time>
				<extensions>
					<swisstopo:routepoint_id>1989958666</swisstopo:routepoint_id>
				</extensions>
			</trkpt>
			<trkpt lat="46.8559161003" lon="8.4878120822">
				<ele>2439.3</ele>
				<time>1970-01-01T01:00:00+01:00</time>
				<extensions>
					<swisstopo:routepoint_id>333764909</swisstopo:routepoint_id>
				</extensions>
			</trkpt>
			<trkpt lat="46.8559609361" lon="8.4877395962">
				<ele>2439.2</ele>
				<time>1970-01-01T01:00:00+01:00</time>
				<extensions>
					<swisstopo:routepoint_id>374023658</swisstopo:routepoint_id>
				</extensions>
			</trkpt>
			<trkpt lat="46.8560043858" lon="8.4876249870">
				<ele>2438.6</ele>
				<time>1970-01-01T01:00:00+01:00</time>
				<extensions>
					<swisstopo:routepoint_id>1680109030</swisstopo:routepoint_id>
				</extensions>
			</trkpt>
			<trkpt lat="46.8560639161" lon="8.4875049863">
				<ele>2435.2</ele>
				<time>1970-01-01T01:00:00+01:00</time>
				<extensions>
					<swisstopo:routepoint_id>1101996826</swisstopo:routepoint_id>
				</extensions>
			</trkpt>
			<trkpt lat="46.8561439358" lon="8.4874148124">
				<ele>2432.0</ele>
				<time>1970-01-01T01:00:00+01:00</time>
				<extensions>
					<swisstopo:routepoint_id>1845033716</swisstopo:routepoint_id>
				</extensions>
			</trkpt>
			<trkpt lat="46.8561892225" lon="8.4873843783">
				<ele>2431.4</ele>
				<time>1970-01-01T01:00:00+01:00</time>
				<extensions>
					<swisstopo:routepoint_id>1742119400</swisstopo:routepoint_id>
				</extensions>
			</trkpt>
			<trkpt lat="46.8562199585" lon="8.4873818561">
				<ele>2429.1</ele>
				<time>1970-01-01T01:00:00+01:00</time>
				<extensions>
					<swisstopo:routepoint_id>1386380941</swisstopo:routepoint_id>
				</extensions>
			</trkpt>
			<trkpt lat="46.8562665139" lon="8.4873661082">
				<ele>2426.7</ele>
				<time>1970-01-01T01:00:00+01:00</time>
				<extensions>
					<swisstopo:routepoint_id>1276554642</swisstopo:routepoint_id>
				</extensions>
			</trkpt>
			<trkpt lat="46.8563123111" lon="8.4873555519">
				<ele>2425.1</ele>
				<time>1970-01-01T01:00:00+01:00</time>
				<extensions>
					<swisstopo:routepoint_id>17639569</swisstopo:routepoint_id>
				</extensions>
			</trkpt>
			<trkpt lat="46.8563957244" lon="8.4873669741">
				<ele>2422.9</ele>
				<time>1970-01-01T01:00:00+01:00</time>
				<extensions>
					<swisstopo:routepoint_id>136270545</swisstopo:routepoint_id>
				</extensions>
			</trkpt>
			<trkpt lat="46.8564581727" lon="8.4874098289">
				<ele>2422.2</ele>
				<time>1970-01-01T01:00:00+01:00</time>
				<extensions>
					<swisstopo:routepoint_id>1250464174</swisstopo:routepoint_id>
				</extensions>
			</trkpt>
			<trkpt lat="46.8565017095" lon="8.4874384392">
				<ele>2416.6</ele>
				<time>1970-01-01T01:00:00+01:00</time>
				<extensions>
					<swisstopo:routepoint_id>723303090</swisstopo:routepoint_id>
				</extensions>
			</trkpt>
			<trkpt lat="46.8565622773" lon="8.4874784753">
				<ele>2416.2</ele>
				<time>1970-01-01T01:00:00+01:00</time>
				<extensions>
					<swisstopo:routepoint_id>1046461978</swisstopo:routepoint_id>
				</extensions>
			</trkpt>
			<trkpt lat="46.8566022054" lon="8.4874848147">
				<ele>2416.1</ele>
				<time>1970-01-01T01:00:00+01:00</time>
				<extensions>
					<swisstopo:routepoint_id>465892576</swisstopo:routepoint_id>
				</extensions>
			</trkpt>
			<trkpt lat="46.8566634812" lon="8.4874471368">
				<ele>2414.9</ele>
				<time>1970-01-01T01:00:00+01:00</time>
				<extensions>
					<swisstopo:routepoint_id>378222978</swisstopo:routepoint_id>
				</extensions>
			</trkpt>
			<trkpt lat="46.8567192089" lon="8.4873927113">
				<ele>2415.1</ele>
				<time>1970-01-01T01:00:00+01:00</time>
				<extensions>
					<swisstopo:routepoint_id>2019066491</swisstopo:routepoint_id>
				</extensions>
			</trkpt>
			<trkpt lat="46.8567693158" lon="8.4873270662">
				<ele>2415.2</ele>
				<time>1970-01-01T01:00:00+01:00</time>
				<extensions>
					<swisstopo:routepoint_id>1100057614</swisstopo:routepoint_id>
				</extensions>
			</trkpt>
			<trkpt lat="46.8567889906" lon="8.4872580491">
				<ele>2414.8</ele>
				<time>1970-01-01T01:00:00+01:00</time>
				<extensions>
					<swisstopo:routepoint_id>1686177842</swisstopo:routepoint_id>
				</extensions>
			</trkpt>
			<trkpt lat="46.8568125493" lon="8.4871807927">
				<ele>2414.7</ele>
				<time>1970-01-01T01:00:00+01:00</time>
				<extensions>
					<swisstopo:routepoint_id>380121380</swisstopo:routepoint_id>
				</extensions>
			</trkpt>
			<trkpt lat="46.8568518986" lon="8.4870427581">
				<ele>2414.0</ele>
				<time>1970-01-01T01:00:00+01:00</time>
				<extensions>
					<swisstopo:routepoint_id>309448292</swisstopo:routepoint_id>
				</extensions>
			</trkpt>
			<trkpt lat="46.8568810394" lon="8.4869794866">
				<ele>2412.7</ele>
				<time>1970-01-01T01:00:00+01:00</time>
				<extensions>
					<swisstopo:routepoint_id>39155401</swisstopo:routepoint_id>
				</extensions>
			</trkpt>
			<trkpt lat="46.8569158201" lon="8.4869124026">
				<ele>2412.5</ele>
				<time>1970-01-01T01:00:00+01:00</time>
				<extensions>
					<swisstopo:routepoint_id>430101981</swisstopo:routepoint_id>
				</extensions>
			</trkpt>
			<trkpt lat="46.8569434583" lon="8.4868261388">
				<ele>2412.6</ele>
				<time>1970-01-01T01:00:00+01:00</time>
				<extensions>
					<swisstopo:routepoint_id>179900451</swisstopo:routepoint_id>
				</extensions>
			</trkpt>
			<trkpt lat="46.8569571742" lon="8.4867674301">
				<ele>2412.0</ele>
				<time>1970-01-01T01:00:00+01:00</time>
				<extensions>
					<swisstopo:routepoint_id>140256685</swisstopo:routepoint_id>
				</extensions>
			</trkpt>
			<trkpt lat="46.8569643477" lon="8.4867012235">
				<ele>2410.8</ele>
				<time>1970-01-01T01:00:00+01:00</time>
				<extensions>
					<swisstopo:routepoint_id>1500732081</swisstopo:routepoint_id>
				</extensions>
			</trkpt>
			<trkpt lat="46.8569896991" lon="8.4866607894">
				<ele>2408.6</ele>
				<time>1970-01-01T01:00:00+01:00</time>
				<extensions>
					<swisstopo:routepoint_id>576528246</swisstopo:routepoint_id>
				</extensions>
			</trkpt>
			<trkpt lat="46.8570108831" lon="8.4866120745">
				<ele>2407.8</ele>
				<time>1970-01-01T01:00:00+01:00</time>
				<extensions>
					<swisstopo:routepoint_id>1967140264</swisstopo:routepoint_id>
				</extensions>
			</trkpt>
			<trkpt lat="46.8570204045" lon="8.4865475401">
				<ele>2407.6</ele>
				<time>1970-01-01T01:00:00+01:00</time>
				<extensions>
					<swisstopo:routepoint_id>979058193</swisstopo:routepoint_id>
				</extensions>
			</trkpt>
			<trkpt lat="46.8570347087" lon="8.4864749311">
				<ele>2407.2</ele>
				<time>1970-01-01T01:00:00+01:00</time>
				<extensions>
					<swisstopo:routepoint_id>741740696</swisstopo:routepoint_id>
				</extensions>
			</trkpt>
			<trkpt lat="46.8570701724" lon="8.4864109400">
				<ele>2404.7</ele>
				<time>1970-01-01T01:00:00+01:00</time>
				<extensions>
					<swisstopo:routepoint_id>890375599</swisstopo:routepoint_id>
				</extensions>
			</trkpt>
			<trkpt lat="46.8571750813" lon="8.4862690383">
				<ele>2398.6</ele>
				<time>1970-01-01T01:00:00+01:00</time>
				<extensions>
					<swisstopo:routepoint_id>309849636</swisstopo:routepoint_id>
				</extensions>
			</trkpt>
			<trkpt lat="46.8572537478" lon="8.4862039507">
				<ele>2395.7</ele>
				<time>1970-01-01T01:00:00+01:00</time>
				<extensions>
					<swisstopo:routepoint_id>1379251731</swisstopo:routepoint_id>
				</extensions>
			</trkpt>
			<trkpt lat="46.8573110927" lon="8.4861800835">
				<ele>2394.4</ele>
				<time>1970-01-01T01:00:00+01:00</time>
				<extensions>
					<swisstopo:routepoint_id>676473589</swisstopo:routepoint_id>
				</extensions>
			</trkpt>
			<trkpt lat="46.8573798056" lon="8.4861619862">
				<ele>2395.1</ele>
				<time>1970-01-01T01:00:00+01:00</time>
				<extensions>
					<swisstopo:routepoint_id>2085473277</swisstopo:routepoint_id>
				</extensions>
			</trkpt>
			<trkpt lat="46.8574312886" lon="8.4861546604">
				<ele>2395.6</ele>
				<time>1970-01-01T01:00:00+01:00</time>
				<extensions>
					<swisstopo:routepoint_id>1863099533</swisstopo:routepoint_id>
				</extensions>
			</trkpt>
			<trkpt lat="46.8574810224" lon="8.4861306450">
				<ele>2394.7</ele>
				<time>1970-01-01T01:00:00+01:00</time>
				<extensions>
					<swisstopo:routepoint_id>568479074</swisstopo:routepoint_id>
				</extensions>
			</trkpt>
			<trkpt lat="46.8575365584" lon="8.4860956483">
				<ele>2392.6</ele>
				<time>1970-01-01T01:00:00+01:00</time>
				<extensions>
					<swisstopo:routepoint_id>1724479831</swisstopo:routepoint_id>
				</extensions>
			</trkpt>
			<trkpt lat="46.8576077408" lon="8.4860165219">
				<ele>2392.0</ele>
				<time>1970-01-01T01:00:00+01:00</time>
				<extensions>
					<swisstopo:routepoint_id>1250110396</swisstopo:routepoint_id>
				</extensions>
			</trkpt>
			<trkpt lat="46.8576674658" lon="8.4859399547">
				<ele>2391.4</ele>
				<time>1970-01-01T01:00:00+01:00</time>
				<extensions>
					<swisstopo:routepoint_id>26090468</swisstopo:routepoint_id>
				</extensions>
			</trkpt>
			<trkpt lat="46.8577139462" lon="8.4858548179">
				<ele>2391.1</ele>
				<time>1970-01-01T01:00:00+01:00</time>
				<extensions>
					<swisstopo:routepoint_id>1441820127</swisstopo:routepoint_id>
				</extensions>
			</trkpt>
			<trkpt lat="46.8577717992" lon="8.4857754316">
				<ele>2391.3</ele>
				<time>1970-01-01T01:00:00+01:00</time>
				<extensions>
					<swisstopo:routepoint_id>1237292215</swisstopo:routepoint_id>
				</extensions>
			</trkpt>
			<trkpt lat="46.8578333371" lon="8.4857100093">
				<ele>2391.5</ele>
				<time>1970-01-01T01:00:00+01:00</time>
				<extensions>
					<swisstopo:routepoint_id>784571598</swisstopo:routepoint_id>
				</extensions>
			</trkpt>
			<trkpt lat="46.8578948409" lon="8.4856473622">
				<ele>2391.9</ele>
				<time>1970-01-01T01:00:00+01:00</time>
				<extensions>
					<swisstopo:routepoint_id>345080111</swisstopo:routepoint_id>
				</extensions>
			</trkpt>
			<trkpt lat="46.8579734814" lon="8.4855850509">
				<ele>2392.8</ele>
				<time>1970-01-01T01:00:00+01:00</time>
				<extensions>
					<swisstopo:routepoint_id>534866986</swisstopo:routepoint_id>
				</extensions>
			</trkpt>
			<trkpt lat="46.8579734814" lon="8.4855850509">
				<ele>2392.8</ele>
				<extensions>
					<swisstopo:waypoint_id>839528784</swisstopo:waypoint_id>
					<swisstopo:waypoint_is_controlpoint>1</swisstopo:waypoint_is_controlpoint>
					<swisstopo:waypoint_routepoint_id>534866986</swisstopo:waypoint_routepoint_id>
					<swisstopo:waypoint_meters_into_tour>10441.171894</swisstopo:waypoint_meters_into_tour>
					<swisstopo:waypoint_trackpoint_id>swisstopo-09</swisstopo:waypoint_trackpoint_id>
					<swisstopo:waypoint_original_name>Waypoint</swisstopo:waypoint_original_name>
				</extensions>
				<name>swisstopo-09</name>
			</trkpt>
			<trkpt lat="46.8580079546" lon="8.4855635048">
				<ele>2392.8</ele>
				<time>1970-01-01T01:00:00+01:00</time>
				<extensions>
					<swisstopo:routepoint_id>12701638</swisstopo:routepoint_id>
				</extensions>
			</trkpt>
			<trkpt lat="46.8580577390" lon="8.4855339441">
				<ele>2393.0</ele>
				<time>1970-01-01T01:00:00+01:00</time>
				<extensions>
					<swisstopo:routepoint_id>1442867740</swisstopo:routepoint_id>
				</extensions>
			</trkpt>
			<trkpt lat="46.8581342406" lon="8.4854965718">
				<ele>2393.5</ele>
				<time>1970-01-01T01:00:00+01:00</time>
				<extensions>
					<swisstopo:routepoint_id>718474719</swisstopo:routepoint_id>
				</extensions>
			</trkpt>
			<trkpt lat="46.8582297942" lon="8.4854595604">
				<ele>2393.7</ele>
				<time>1970-01-01T01:00:00+01:00</time>
				<extensions>
					<swisstopo:routepoint_id>1533832956</swisstopo:routepoint_id>
				</extensions>
			</trkpt>
			<trkpt lat="46.8583100107" lon="8.4854333705">
				<ele>2393.1</ele>
				<time>1970-01-01T01:00:00+01:00</time>
				<extensions>
					<swisstopo:routepoint_id>2054984254</swisstopo:routepoint_id>
				</extensions>
			</trkpt>
			<trkpt lat="46.8583617178" lon="8.4854010645">
				<ele>2393.0</ele>
				<time>1970-01-01T01:00:00+01:00</time>
				<extensions>
					<swisstopo:routepoint_id>1720697523</swisstopo:routepoint_id>
				</extensions>
			</trkpt>
			<trkpt lat="46.8584342892" lon="8.4853774921">
				<ele>2393.2</ele>
				<time>1970-01-01T01:00:00+01:00</time>
				<extensions>
					<swisstopo:routepoint_id>437159150</swisstopo:routepoint_id>
				</extensions>
			</trkpt>
			<trkpt lat="46.8584799821" lon="8.4853783807">
				<ele>2393.4</ele>
				<time>1970-01-01T01:00:00+01:00</time>
				<extensions>
					<swisstopo:routepoint_id>682936321</swisstopo:routepoint_id>
				</extensions>
			</trkpt>
			<trkpt lat="46.8585219479" lon="8.4853708689">
				<ele>2393.6</ele>
				<time>1970-01-01T01:00:00+01:00</time>
				<extensions>
					<swisstopo:routepoint_id>1316659262</swisstopo:routepoint_id>
				</extensions>
			</trkpt>
			<trkpt lat="46.8585469289" lon="8.4853463709">
				<ele>2393.8</ele>
				<time>1970-01-01T01:00:00+01:00</time>
				<extensions>
					<swisstopo:routepoint_id>667180094</swisstopo:routepoint_id>
				</extensions>
			</trkpt>
			<trkpt lat="46.8585873651" lon="8.4852971896">
				<ele>2393.6</ele>
				<time>1970-01-01T01:00:00+01:00</time>
				<extensions>
					<swisstopo:routepoint_id>193659213</swisstopo:routepoint_id>
				</extensions>
			</trkpt>
			<trkpt lat="46.8586472165" lon="8.4852067491">
				<ele>2393.0</ele>
				<time>1970-01-01T01:00:00+01:00</time>
				<extensions>
					<swisstopo:routepoint_id>123923886</swisstopo:routepoint_id>
				</extensions>
			</trkpt>
			<trkpt lat="46.8587107530" lon="8.4851302537">
				<ele>2393.2</ele>
				<time>1970-01-01T01:00:00+01:00</time>
				<extensions>
					<swisstopo:routepoint_id>1817788401</swisstopo:routepoint_id>
				</extensions>
			</trkpt>
			<trkpt lat="46.8587920671" lon="8.4850949943">
				<ele>2393.0</ele>
				<time>1970-01-01T01:00:00+01:00</time>
				<extensions>
					<swisstopo:routepoint_id>1062951531</swisstopo:routepoint_id>
				</extensions>
			</trkpt>
			<trkpt lat="46.8588318971" lon="8.4850712458">
				<ele>2393.4</ele>
				<time>1970-01-01T01:00:00+01:00</time>
				<extensions>
					<swisstopo:routepoint_id>662524764</swisstopo:routepoint_id>
				</extensions>
			</trkpt>
			<trkpt lat="46.8588802554" lon="8.4850443940">
				<ele>2393.9</ele>
				<time>1970-01-01T01:00:00+01:00</time>
				<extensions>
					<swisstopo:routepoint_id>786483456</swisstopo:routepoint_id>
				</extensions>
			</trkpt>
			<trkpt lat="46.8589058344" lon="8.4850318310">
				<ele>2394.2</ele>
				<time>1970-01-01T01:00:00+01:00</time>
				<extensions>
					<swisstopo:routepoint_id>660606973</swisstopo:routepoint_id>
				</extensions>
			</trkpt>
			<trkpt lat="46.8589348829" lon="8.4849996601">
				<ele>2394.6</ele>
				<time>1970-01-01T01:00:00+01:00</time>
				<extensions>
					<swisstopo:routepoint_id>786164946</swisstopo:routepoint_id>
				</extensions>
			</trkpt>
			<trkpt lat="46.8589784781" lon="8.4849768075">
				<ele>2395.1</ele>
				<time>1970-01-01T01:00:00+01:00</time>
				<extensions>
					<swisstopo:routepoint_id>1800135760</swisstopo:routepoint_id>
				</extensions>
			</trkpt>
			<trkpt lat="46.8590083909" lon="8.4849553059">
				<ele>2395.6</ele>
				<time>1970-01-01T01:00:00+01:00</time>
				<extensions>
					<swisstopo:routepoint_id>1162331948</swisstopo:routepoint_id>
				</extensions>
			</trkpt>
			<trkpt lat="46.8590520597" lon="8.4849234447">
				<ele>2396.0</ele>
				<time>1970-01-01T01:00:00+01:00</time>
				<extensions>
					<swisstopo:routepoint_id>436273281</swisstopo:routepoint_id>
				</extensions>
			</trkpt>
			<trkpt lat="46.8590882190" lon="8.4848889624">
				<ele>2396.4</ele>
				<time>1970-01-01T01:00:00+01:00</time>
				<extensions>
					<swisstopo:routepoint_id>35320184</swisstopo:routepoint_id>
				</extensions>
			</trkpt>
			<trkpt lat="46.8591376642" lon="8.4848441114">
				<ele>2396.9</ele>
				<time>1970-01-01T01:00:00+01:00</time>
				<extensions>
					<swisstopo:routepoint_id>1905147470</swisstopo:routepoint_id>
				</extensions>
			</trkpt>
			<trkpt lat="46.8591623621" lon="8.4848241476">
				<ele>2396.8</ele>
				<time>1970-01-01T01:00:00+01:00</time>
				<extensions>
					<swisstopo:routepoint_id>1306634365</swisstopo:routepoint_id>
				</extensions>
			</trkpt>
			<trkpt lat="46.8591911373" lon="8.4848247453">
				<ele>2396.7</ele>
				<time>1970-01-01T01:00:00+01:00</time>
				<extensions>
					<swisstopo:routepoint_id>1763963687</swisstopo:routepoint_id>
				</extensions>
			</trkpt>
			<trkpt lat="46.8592236612" lon="8.4848270553">
				<ele>2396.4</ele>
				<time>1970-01-01T01:00:00+01:00</time>
				<extensions>
					<swisstopo:routepoint_id>804441830</swisstopo:routepoint_id>
				</extensions>
			</trkpt>
			<trkpt lat="46.8592531178" lon="8.4848030920">
				<ele>2396.4</ele>
				<time>1970-01-01T01:00:00+01:00</time>
				<extensions>
					<swisstopo:routepoint_id>989044344</swisstopo:routepoint_id>
				</extensions>
			</trkpt>
			<trkpt lat="46.8592961650" lon="8.4847892385">
				<ele>2396.1</ele>
				<time>1970-01-01T01:00:00+01:00</time>
				<extensions>
					<swisstopo:routepoint_id>988429684</swisstopo:routepoint_id>
				</extensions>
			</trkpt>
			<trkpt lat="46.8593421109" lon="8.4847672606">
				<ele>2395.7</ele>
				<time>1970-01-01T01:00:00+01:00</time>
				<extensions>
					<swisstopo:routepoint_id>209966457</swisstopo:routepoint_id>
				</extensions>
			</trkpt>
			<trkpt lat="46.8593814349" lon="8.4847484167">
				<ele>2395.2</ele>
				<time>1970-01-01T01:00:00+01:00</time>
				<extensions>
					<swisstopo:routepoint_id>1116402671</swisstopo:routepoint_id>
				</extensions>
			</trkpt>
			<trkpt lat="46.8594107941" lon="8.4847351008">
				<ele>2394.9</ele>
				<time>1970-01-01T01:00:00+01:00</time>
				<extensions>
					<swisstopo:routepoint_id>1963875915</swisstopo:routepoint_id>
				</extensions>
			</trkpt>
			<trkpt lat="46.8594472628" lon="8.4847186540">
				<ele>2394.3</ele>
				<time>1970-01-01T01:00:00+01:00</time>
				<extensions>
					<swisstopo:routepoint_id>626352330</swisstopo:routepoint_id>
				</extensions>
			</trkpt>
			<trkpt lat="46.8594723602" lon="8.4847068785">
				<ele>2393.9</ele>
				<time>1970-01-01T01:00:00+01:00</time>
				<extensions>
					<swisstopo:routepoint_id>1535367134</swisstopo:routepoint_id>
				</extensions>
			</trkpt>
			<trkpt lat="46.8594955072" lon="8.4847032780">
				<ele>2393.4</ele>
				<time>1970-01-01T01:00:00+01:00</time>
				<extensions>
					<swisstopo:routepoint_id>1145260843</swisstopo:routepoint_id>
				</extensions>
			</trkpt>
			<trkpt lat="46.8595213942" lon="8.4847103642">
				<ele>2392.5</ele>
				<time>1970-01-01T01:00:00+01:00</time>
				<extensions>
					<swisstopo:routepoint_id>1096673805</swisstopo:routepoint_id>
				</extensions>
			</trkpt>
			<trkpt lat="46.8595408573" lon="8.4846960267">
				<ele>2391.9</ele>
				<time>1970-01-01T01:00:00+01:00</time>
				<extensions>
					<swisstopo:routepoint_id>1372047933</swisstopo:routepoint_id>
				</extensions>
			</trkpt>
			<trkpt lat="46.8595735791" lon="8.4846762154">
				<ele>2391.8</ele>
				<time>1970-01-01T01:00:00+01:00</time>
				<extensions>
					<swisstopo:routepoint_id>404038261</swisstopo:routepoint_id>
				</extensions>
			</trkpt>
			<trkpt lat="46.8596047757" lon="8.4846694926">
				<ele>2392.6</ele>
				<time>1970-01-01T01:00:00+01:00</time>
				<extensions>
					<swisstopo:routepoint_id>1917462704</swisstopo:routepoint_id>
				</extensions>
			</trkpt>
			<trkpt lat="46.8596467301" lon="8.4846728247">
				<ele>2393.1</ele>
				<time>1970-01-01T01:00:00+01:00</time>
				<extensions>
					<swisstopo:routepoint_id>489277107</swisstopo:routepoint_id>
				</extensions>
			</trkpt>
			<trkpt lat="46.8597088685" lon="8.4846872273">
				<ele>2392.9</ele>
				<time>1970-01-01T01:00:00+01:00</time>
				<extensions>
					<swisstopo:routepoint_id>1192735376</swisstopo:routepoint_id>
				</extensions>
			</trkpt>
			<trkpt lat="46.8597613087" lon="8.4846784871">
				<ele>2392.8</ele>
				<time>1970-01-01T01:00:00+01:00</time>
				<extensions>
					<swisstopo:routepoint_id>996875341</swisstopo:routepoint_id>
				</extensions>
			</trkpt>
			<trkpt lat="46.8597977505" lon="8.4846645083">
				<ele>2392.7</ele>
				<time>1970-01-01T01:00:00+01:00</time>
				<extensions>
					<swisstopo:routepoint_id>1278191330</swisstopo:routepoint_id>
				</extensions>
			</trkpt>
			<trkpt lat="46.8598396539" lon="8.4846743840">
				<ele>2392.3</ele>
				<time>1970-01-01T01:00:00+01:00</time>
				<extensions>
					<swisstopo:routepoint_id>1608882769</swisstopo:routepoint_id>
				</extensions>
			</trkpt>
			<trkpt lat="46.8598870300" lon="8.4846958450">
				<ele>2391.7</ele>
				<time>1970-01-01T01:00:00+01:00</time>
				<extensions>
					<swisstopo:routepoint_id>1031304944</swisstopo:routepoint_id>
				</extensions>
			</trkpt>
			<trkpt lat="46.8599223857" lon="8.4846997565">
				<ele>2391.2</ele>
				<time>1970-01-01T01:00:00+01:00</time>
				<extensions>
					<swisstopo:routepoint_id>402344558</swisstopo:routepoint_id>
				</extensions>
			</trkpt>
			<trkpt lat="46.8599655919" lon="8.4846973431">
				<ele>2390.2</ele>
				<time>1970-01-01T01:00:00+01:00</time>
				<extensions>
					<swisstopo:routepoint_id>2023843466</swisstopo:routepoint_id>
				</extensions>
			</trkpt>
			<trkpt lat="46.8599809250" lon="8.4846811833">
				<ele>2389.9</ele>
				<time>1970-01-01T01:00:00+01:00</time>
				<extensions>
					<swisstopo:routepoint_id>1133831344</swisstopo:routepoint_id>
				</extensions>
			</trkpt>
			<trkpt lat="46.8600021382" lon="8.4846445463">
				<ele>2389.3</ele>
				<time>1970-01-01T01:00:00+01:00</time>
				<extensions>
					<swisstopo:routepoint_id>1645758673</swisstopo:routepoint_id>
				</extensions>
			</trkpt>
			<trkpt lat="46.8600364785" lon="8.4846254739">
				<ele>2388.4</ele>
				<time>1970-01-01T01:00:00+01:00</time>
				<extensions>
					<swisstopo:routepoint_id>349891665</swisstopo:routepoint_id>
				</extensions>
			</trkpt>
			<trkpt lat="46.8600570894" lon="8.4846028303">
				<ele>2387.9</ele>
				<time>1970-01-01T01:00:00+01:00</time>
				<extensions>
					<swisstopo:routepoint_id>1764815576</swisstopo:routepoint_id>
				</extensions>
			</trkpt>
			<trkpt lat="46.8600804074" lon="8.4845958998">
				<ele>2387.5</ele>
				<time>1970-01-01T01:00:00+01:00</time>
				<extensions>
					<swisstopo:routepoint_id>1404668125</swisstopo:routepoint_id>
				</extensions>
			</trkpt>
			<trkpt lat="46.8601221291" lon="8.4845992177">
				<ele>2386.3</ele>
				<time>1970-01-01T01:00:00+01:00</time>
				<extensions>
					<swisstopo:routepoint_id>1277122564</swisstopo:routepoint_id>
				</extensions>
			</trkpt>
			<trkpt lat="46.8601777007" lon="8.4845929397">
				<ele>2384.2</ele>
				<time>1970-01-01T01:00:00+01:00</time>
				<extensions>
					<swisstopo:routepoint_id>418840144</swisstopo:routepoint_id>
				</extensions>
			</trkpt>
			<trkpt lat="46.8602247843" lon="8.4845815401">
				<ele>2382.4</ele>
				<time>1970-01-01T01:00:00+01:00</time>
				<extensions>
					<swisstopo:routepoint_id>1100705640</swisstopo:routepoint_id>
				</extensions>
			</trkpt>
			<trkpt lat="46.8602618984" lon="8.4845699340">
				<ele>2380.8</ele>
				<time>1970-01-01T01:00:00+01:00</time>
				<extensions>
					<swisstopo:routepoint_id>317590021</swisstopo:routepoint_id>
				</extensions>
			</trkpt>
			<trkpt lat="46.8602960623" lon="8.4845706363">
				<ele>2379.4</ele>
				<time>1970-01-01T01:00:00+01:00</time>
				<extensions>
					<swisstopo:routepoint_id>775534003</swisstopo:routepoint_id>
				</extensions>
			</trkpt>
			<trkpt lat="46.8603323226" lon="8.4845491228">
				<ele>2377.7</ele>
				<time>1970-01-01T01:00:00+01:00</time>
				<extensions>
					<swisstopo:routepoint_id>594475372</swisstopo:routepoint_id>
				</extensions>
			</trkpt>
			<trkpt lat="46.8603691279" lon="8.4845193972">
				<ele>2376.0</ele>
				<time>1970-01-01T01:00:00+01:00</time>
				<extensions>
					<swisstopo:routepoint_id>2020125320</swisstopo:routepoint_id>
				</extensions>
			</trkpt>
			<trkpt lat="46.8604097743" lon="8.4844856286">
				<ele>2374.4</ele>
				<time>1970-01-01T01:00:00+01:00</time>
				<extensions>
					<swisstopo:routepoint_id>1172037416</swisstopo:routepoint_id>
				</extensions>
			</trkpt>
			<trkpt lat="46.8604432669" lon="8.4844550158">
				<ele>2374.0</ele>
				<time>1970-01-01T01:00:00+01:00</time>
				<extensions>
					<swisstopo:routepoint_id>1731097775</swisstopo:routepoint_id>
				</extensions>
			</trkpt>
			<trkpt lat="46.8604838650" lon="8.4844270032">
				<ele>2373.9</ele>
				<time>1970-01-01T01:00:00+01:00</time>
				<extensions>
					<swisstopo:routepoint_id>1728519185</swisstopo:routepoint_id>
				</extensions>
			</trkpt>
			<trkpt lat="46.8605219383" lon="8.4844137761">
				<ele>2374.0</ele>
				<time>1970-01-01T01:00:00+01:00</time>
				<extensions>
					<swisstopo:routepoint_id>818615072</swisstopo:routepoint_id>
				</extensions>
			</trkpt>
			<trkpt lat="46.8605636914" lon="8.4844146258">
				<ele>2373.2</ele>
				<time>1970-01-01T01:00:00+01:00</time>
				<extensions>
					<swisstopo:routepoint_id>1677162172</swisstopo:routepoint_id>
				</extensions>
			</trkpt>
			<trkpt lat="46.8606125291" lon="8.4844189176">
				<ele>2372.4</ele>
				<time>1970-01-01T01:00:00+01:00</time>
				<extensions>
					<swisstopo:routepoint_id>163319201</swisstopo:routepoint_id>
				</extensions>
			</trkpt>
			<trkpt lat="46.8606532269" lon="8.4844304509">
				<ele>2371.9</ele>
				<time>1970-01-01T01:00:00+01:00</time>
				<extensions>
					<swisstopo:routepoint_id>741222582</swisstopo:routepoint_id>
				</extensions>
			</trkpt>
			<trkpt lat="46.8606924490" lon="8.4844477255">
				<ele>2371.3</ele>
				<time>1970-01-01T01:00:00+01:00</time>
				<extensions>
					<swisstopo:routepoint_id>1326694749</swisstopo:routepoint_id>
				</extensions>
			</trkpt>
			<trkpt lat="46.8607298912" lon="8.4844526092">
				<ele>2371.0</ele>
				<time>1970-01-01T01:00:00+01:00</time>
				<extensions>
					<swisstopo:routepoint_id>882770825</swisstopo:routepoint_id>
				</extensions>
			</trkpt>
			<trkpt lat="46.8607795044" lon="8.4844239584">
				<ele>2371.3</ele>
				<time>1970-01-01T01:00:00+01:00</time>
				<extensions>
					<swisstopo:routepoint_id>1358786533</swisstopo:routepoint_id>
				</extensions>
			</trkpt>
			<trkpt lat="46.8608163549" lon="8.4843892896">
				<ele>2372.9</ele>
				<time>1970-01-01T01:00:00+01:00</time>
				<extensions>
					<swisstopo:routepoint_id>920587362</swisstopo:routepoint_id>
				</extensions>
			</trkpt>
			<trkpt lat="46.8608469157" lon="8.4843684943">
				<ele>2373.8</ele>
				<time>1970-01-01T01:00:00+01:00</time>
				<extensions>
					<swisstopo:routepoint_id>1358569425</swisstopo:routepoint_id>
				</extensions>
			</trkpt>
			<trkpt lat="46.8608911219" lon="8.4843595168">
				<ele>2374.1</ele>
				<time>1970-01-01T01:00:00+01:00</time>
				<extensions>
					<swisstopo:routepoint_id>1731336254</swisstopo:routepoint_id>
				</extensions>
			</trkpt>
			<trkpt lat="46.8609399822" lon="8.4843613306">
				<ele>2373.2</ele>
				<time>1970-01-01T01:00:00+01:00</time>
				<extensions>
					<swisstopo:routepoint_id>2113054045</swisstopo:routepoint_id>
				</extensions>
			</trkpt>
			<trkpt lat="46.8609901707" lon="8.4843730612">
				<ele>2371.9</ele>
				<time>1970-01-01T01:00:00+01:00</time>
				<extensions>
					<swisstopo:routepoint_id>875846772</swisstopo:routepoint_id>
				</extensions>
			</trkpt>
			<trkpt lat="46.8610376716" lon="8.4843674265">
				<ele>2370.8</ele>
				<time>1970-01-01T01:00:00+01:00</time>
				<extensions>
					<swisstopo:routepoint_id>1732522951</swisstopo:routepoint_id>
				</extensions>
			</trkpt>
			<trkpt lat="46.8610876881" lon="8.4843470347">
				<ele>2370.1</ele>
				<time>1970-01-01T01:00:00+01:00</time>
				<extensions>
					<swisstopo:routepoint_id>2044957248</swisstopo:routepoint_id>
				</extensions>
			</trkpt>
			<trkpt lat="46.8611243611" lon="8.4843312987">
				<ele>2369.9</ele>
				<time>1970-01-01T01:00:00+01:00</time>
				<extensions>
					<swisstopo:routepoint_id>904069533</swisstopo:routepoint_id>
				</extensions>
			</trkpt>
			<trkpt lat="46.8611837166" lon="8.4843267460">
				<ele>2370.2</ele>
				<time>1970-01-01T01:00:00+01:00</time>
				<extensions>
					<swisstopo:routepoint_id>1673951801</swisstopo:routepoint_id>
				</extensions>
			</trkpt>
			<trkpt lat="46.8612221645" lon="8.4843258824">
				<ele>2370.5</ele>
				<time>1970-01-01T01:00:00+01:00</time>
				<extensions>
					<swisstopo:routepoint_id>1516499415</swisstopo:routepoint_id>
				</extensions>
			</trkpt>
			<trkpt lat="46.8612530899" lon="8.4843166180">
				<ele>2370.1</ele>
				<time>1970-01-01T01:00:00+01:00</time>
				<extensions>
					<swisstopo:routepoint_id>241090547</swisstopo:routepoint_id>
				</extensions>
			</trkpt>
			<trkpt lat="46.8612898060" lon="8.4842976071">
				<ele>2369.6</ele>
				<time>1970-01-01T01:00:00+01:00</time>
				<extensions>
					<swisstopo:routepoint_id>1220252748</swisstopo:routepoint_id>
				</extensions>
			</trkpt>
			<trkpt lat="46.8613302780" lon="8.4842819480">
				<ele>2368.6</ele>
				<time>1970-01-01T01:00:00+01:00</time>
				<extensions>
					<swisstopo:routepoint_id>1345975432</swisstopo:routepoint_id>
				</extensions>
			</trkpt>
			<trkpt lat="46.8613792392" lon="8.4842722366">
				<ele>2368.1</ele>
				<time>1970-01-01T01:00:00+01:00</time>
				<extensions>
					<swisstopo:routepoint_id>303962485</swisstopo:routepoint_id>
				</extensions>
			</trkpt>
			<trkpt lat="46.8614144830" lon="8.4842581249">
				<ele>2368.2</ele>
				<time>1970-01-01T01:00:00+01:00</time>
				<extensions>
					<swisstopo:routepoint_id>959532543</swisstopo:routepoint_id>
				</extensions>
			</trkpt>
			<trkpt lat="46.8614752733" lon="8.4842527739">
				<ele>2368.2</ele>
				<time>1970-01-01T01:00:00+01:00</time>
				<extensions>
					<swisstopo:routepoint_id>1790789789</swisstopo:routepoint_id>
				</extensions>
			</trkpt>
			<trkpt lat="46.8615436741" lon="8.4842442822">
				<ele>2368.3</ele>
				<time>1970-01-01T01:00:00+01:00</time>
				<extensions>
					<swisstopo:routepoint_id>506230268</swisstopo:routepoint_id>
				</extensions>
			</trkpt>
			<trkpt lat="46.8615835587" lon="8.4842409777">
				<ele>2368.4</ele>
				<time>1970-01-01T01:00:00+01:00</time>
				<extensions>
					<swisstopo:routepoint_id>444948348</swisstopo:routepoint_id>
				</extensions>
			</trkpt>
			<trkpt lat="46.8616199589" lon="8.4842565422">
				<ele>2367.9</ele>
				<time>1970-01-01T01:00:00+01:00</time>
				<extensions>
					<swisstopo:routepoint_id>1750980235</swisstopo:routepoint_id>
				</extensions>
			</trkpt>
			<trkpt lat="46.8616615074" lon="8.4842788093">
				<ele>2367.2</ele>
				<time>1970-01-01T01:00:00+01:00</time>
				<extensions>
					<swisstopo:routepoint_id>1010861245</swisstopo:routepoint_id>
				</extensions>
			</trkpt>
			<trkpt lat="46.8617144506" lon="8.4842885698">
				<ele>2366.9</ele>
				<time>1970-01-01T01:00:00+01:00</time>
				<extensions>
					<swisstopo:routepoint_id>291606135</swisstopo:routepoint_id>
				</extensions>
			</trkpt>
			<trkpt lat="46.8617511279" lon="8.4842925484">
				<ele>2366.9</ele>
				<time>1970-01-01T01:00:00+01:00</time>
				<extensions>
					<swisstopo:routepoint_id>353422344</swisstopo:routepoint_id>
				</extensions>
			</trkpt>
			<trkpt lat="46.8617916591" lon="8.4842901114">
				<ele>2367.1</ele>
				<time>1970-01-01T01:00:00+01:00</time>
				<extensions>
					<swisstopo:routepoint_id>53935603</swisstopo:routepoint_id>
				</extensions>
			</trkpt>
			<trkpt lat="46.8618270475" lon="8.4842962264">
				<ele>2366.8</ele>
				<time>1970-01-01T01:00:00+01:00</time>
				<extensions>
					<swisstopo:routepoint_id>1565199983</swisstopo:routepoint_id>
				</extensions>
			</trkpt>
			<trkpt lat="46.8618540950" lon="8.4843113787">
				<ele>2366.4</ele>
				<time>1970-01-01T01:00:00+01:00</time>
				<extensions>
					<swisstopo:routepoint_id>77392490</swisstopo:routepoint_id>
				</extensions>
			</trkpt>
			<trkpt lat="46.8618847358" lon="8.4843174015">
				<ele>2366.2</ele>
				<time>1970-01-01T01:00:00+01:00</time>
				<extensions>
					<swisstopo:routepoint_id>350467423</swisstopo:routepoint_id>
				</extensions>
			</trkpt>
			<trkpt lat="46.8619226445" lon="8.4843241066">
				<ele>2365.8</ele>
				<time>1970-01-01T01:00:00+01:00</time>
				<extensions>
					<swisstopo:routepoint_id>1428032024</swisstopo:routepoint_id>
				</extensions>
			</trkpt>
			<trkpt lat="46.8619467133" lon="8.4843229732">
				<ele>2365.5</ele>
				<time>1970-01-01T01:00:00+01:00</time>
				<extensions>
					<swisstopo:routepoint_id>1529919696</swisstopo:routepoint_id>
				</extensions>
			</trkpt>
			<trkpt lat="46.8619655236" lon="8.4843103673">
				<ele>2365.3</ele>
				<time>1970-01-01T01:00:00+01:00</time>
				<extensions>
					<swisstopo:routepoint_id>406107387</swisstopo:routepoint_id>
				</extensions>
			</trkpt>
			<trkpt lat="46.8619816192" lon="8.4842852751">
				<ele>2365.4</ele>
				<time>1970-01-01T01:00:00+01:00</time>
				<extensions>
					<swisstopo:routepoint_id>1671685048</swisstopo:routepoint_id>
				</extensions>
			</trkpt>
			<trkpt lat="46.8620053768" lon="8.4842835881">
				<ele>2364.8</ele>
				<time>1970-01-01T01:00:00+01:00</time>
				<extensions>
					<swisstopo:routepoint_id>1774933927</swisstopo:routepoint_id>
				</extensions>
			</trkpt>
			<trkpt lat="46.8620214976" lon="8.4842855280">
				<ele>2364.3</ele>
				<time>1970-01-01T01:00:00+01:00</time>
				<extensions>
					<swisstopo:routepoint_id>955016965</swisstopo:routepoint_id>
				</extensions>
			</trkpt>
			<trkpt lat="46.8620505272" lon="8.4842650130">
				<ele>2364.1</ele>
				<time>1970-01-01T01:00:00+01:00</time>
				<extensions>
					<swisstopo:routepoint_id>482722652</swisstopo:routepoint_id>
				</extensions>
			</trkpt>
			<trkpt lat="46.8620907164" lon="8.4842360757">
				<ele>2364.0</ele>
				<time>1970-01-01T01:00:00+01:00</time>
				<extensions>
					<swisstopo:routepoint_id>2146296951</swisstopo:routepoint_id>
				</extensions>
			</trkpt>
			<trkpt lat="46.8621516701" lon="8.4841902540">
				<ele>2363.3</ele>
				<time>1970-01-01T01:00:00+01:00</time>
				<extensions>
					<swisstopo:routepoint_id>68096796</swisstopo:routepoint_id>
				</extensions>
			</trkpt>
			<trkpt lat="46.8622046219" lon="8.4841529191">
				<ele>2362.6</ele>
				<time>1970-01-01T01:00:00+01:00</time>
				<extensions>
					<swisstopo:routepoint_id>2119260887</swisstopo:routepoint_id>
				</extensions>
			</trkpt>
			<trkpt lat="46.8622559983" lon="8.4841144648">
				<ele>2361.8</ele>
				<time>1970-01-01T01:00:00+01:00</time>
				<extensions>
					<swisstopo:routepoint_id>58571150</swisstopo:routepoint_id>
				</extensions>
			</trkpt>
			<trkpt lat="46.8622926553" lon="8.4840908605">
				<ele>2360.9</ele>
				<time>1970-01-01T01:00:00+01:00</time>
				<extensions>
					<swisstopo:routepoint_id>528457833</swisstopo:routepoint_id>
				</extensions>
			</trkpt>
			<trkpt lat="46.8623256347" lon="8.4840558271">
				<ele>2360.5</ele>
				<time>1970-01-01T01:00:00+01:00</time>
				<extensions>
					<swisstopo:routepoint_id>662978985</swisstopo:routepoint_id>
				</extensions>
			</trkpt>
			<trkpt lat="46.8623612223" lon="8.4840430218">
				<ele>2359.5</ele>
				<time>1970-01-01T01:00:00+01:00</time>
				<extensions>
					<swisstopo:routepoint_id>453699052</swisstopo:routepoint_id>
				</extensions>
			</trkpt>
			<trkpt lat="46.8623931751" lon="8.4840155348">
				<ele>2359.2</ele>
				<time>1970-01-01T01:00:00+01:00</time>
				<extensions>
					<swisstopo:routepoint_id>170523983</swisstopo:routepoint_id>
				</extensions>
			</trkpt>
			<trkpt lat="46.8624228227" lon="8.4839961235">
				<ele>2358.9</ele>
				<time>1970-01-01T01:00:00+01:00</time>
				<extensions>
					<swisstopo:routepoint_id>2084611710</swisstopo:routepoint_id>
				</extensions>
			</trkpt>
			<trkpt lat="46.8624548304" lon="8.4839924320">
				<ele>2357.6</ele>
				<time>1970-01-01T01:00:00+01:00</time>
				<extensions>
					<swisstopo:routepoint_id>260720205</swisstopo:routepoint_id>
				</extensions>
			</trkpt>
			<trkpt lat="46.8624940183" lon="8.4839980827">
				<ele>2356.1</ele>
				<time>1970-01-01T01:00:00+01:00</time>
				<extensions>
					<swisstopo:routepoint_id>1702669291</swisstopo:routepoint_id>
				</extensions>
			</trkpt>
			<trkpt lat="46.8625175376" lon="8.4839888213">
				<ele>2355.6</ele>
				<time>1970-01-01T01:00:00+01:00</time>
				<extensions>
					<swisstopo:routepoint_id>1945215865</swisstopo:routepoint_id>
				</extensions>
			</trkpt>
			<trkpt lat="46.8625660959" lon="8.4839381152">
				<ele>2354.8</ele>
				<time>1970-01-01T01:00:00+01:00</time>
				<extensions>
					<swisstopo:routepoint_id>514584195</swisstopo:routepoint_id>
				</extensions>
			</trkpt>
			<trkpt lat="46.8625922675" lon="8.4839015468">
				<ele>2355.0</ele>
				<time>1970-01-01T01:00:00+01:00</time>
				<extensions>
					<swisstopo:routepoint_id>39809554</swisstopo:routepoint_id>
				</extensions>
			</trkpt>
			<trkpt lat="46.8626212379" lon="8.4838725993">
				<ele>2354.9</ele>
				<time>1970-01-01T01:00:00+01:00</time>
				<extensions>
					<swisstopo:routepoint_id>1642852671</swisstopo:routepoint_id>
				</extensions>
			</trkpt>
			<trkpt lat="46.8626418554" lon="8.4838501657">
				<ele>2354.6</ele>
				<time>1970-01-01T01:00:00+01:00</time>
				<extensions>
					<swisstopo:routepoint_id>153342213</swisstopo:routepoint_id>
				</extensions>
			</trkpt>
			<trkpt lat="46.8626704318" lon="8.4838229940">
				<ele>2354.3</ele>
				<time>1970-01-01T01:00:00+01:00</time>
				<extensions>
					<swisstopo:routepoint_id>1397557890</swisstopo:routepoint_id>
				</extensions>
			</trkpt>
			<trkpt lat="46.8626897800" lon="8.4837947753">
				<ele>2354.5</ele>
				<time>1970-01-01T01:00:00+01:00</time>
				<extensions>
					<swisstopo:routepoint_id>956925642</swisstopo:routepoint_id>
				</extensions>
			</trkpt>
			<trkpt lat="46.8627188209" lon="8.4837504078">
				<ele>2355.2</ele>
				<time>1970-01-01T01:00:00+01:00</time>
				<extensions>
					<swisstopo:routepoint_id>873889800</swisstopo:routepoint_id>
				</extensions>
			</trkpt>
			<trkpt lat="46.8627547203" lon="8.4837299072">
				<ele>2355.3</ele>
				<time>1970-01-01T01:00:00+01:00</time>
				<extensions>
					<swisstopo:routepoint_id>276029854</swisstopo:routepoint_id>
				</extensions>
			</trkpt>
			<trkpt lat="46.8627872267" lon="8.4837158633">
				<ele>2354.3</ele>
				<time>1970-01-01T01:00:00+01:00</time>
				<extensions>
					<swisstopo:routepoint_id>1850951828</swisstopo:routepoint_id>
				</extensions>
			</trkpt>
			<trkpt lat="46.8628237657" lon="8.4836806488">
				<ele>2353.7</ele>
				<time>1970-01-01T01:00:00+01:00</time>
				<extensions>
					<swisstopo:routepoint_id>137167959</swisstopo:routepoint_id>
				</extensions>
			</trkpt>
			<trkpt lat="46.8628568044" lon="8.4836496826">
				<ele>2352.9</ele>
				<time>1970-01-01T01:00:00+01:00</time>
				<extensions>
					<swisstopo:routepoint_id>694956441</swisstopo:routepoint_id>
				</extensions>
			</trkpt>
			<trkpt lat="46.8628825067" lon="8.4836178374">
				<ele>2352.3</ele>
				<time>1970-01-01T01:00:00+01:00</time>
				<extensions>
					<swisstopo:routepoint_id>2091843684</swisstopo:routepoint_id>
				</extensions>
			</trkpt>
			<trkpt lat="46.8629020904" lon="8.4835768116">
				<ele>2351.6</ele>
				<time>1970-01-01T01:00:00+01:00</time>
				<extensions>
					<swisstopo:routepoint_id>1903830623</swisstopo:routepoint_id>
				</extensions>
			</trkpt>
			<trkpt lat="46.8629163760" lon="8.4835372966">
				<ele>2351.3</ele>
				<time>1970-01-01T01:00:00+01:00</time>
				<extensions>
					<swisstopo:routepoint_id>1902469417</swisstopo:routepoint_id>
				</extensions>
			</trkpt>
			<trkpt lat="46.8629320249" lon="8.4834571866">
				<ele>2349.1</ele>
				<time>1970-01-01T01:00:00+01:00</time>
				<extensions>
					<swisstopo:routepoint_id>1598574069</swisstopo:routepoint_id>
				</extensions>
			</trkpt>
			<trkpt lat="46.8629432188" lon="8.4833916139">
				<ele>2347.7</ele>
				<time>1970-01-01T01:00:00+01:00</time>
				<extensions>
					<swisstopo:routepoint_id>1188962396</swisstopo:routepoint_id>
				</extensions>
			</trkpt>
			<trkpt lat="46.8629570876" lon="8.4832976618">
				<ele>2346.1</ele>
				<time>1970-01-01T01:00:00+01:00</time>
				<extensions>
					<swisstopo:routepoint_id>1776120624</swisstopo:routepoint_id>
				</extensions>
			</trkpt>
			<trkpt lat="46.8629693025" lon="8.4832256054">
				<ele>2344.7</ele>
				<time>1970-01-01T01:00:00+01:00</time>
				<extensions>
					<swisstopo:routepoint_id>886920169</swisstopo:routepoint_id>
				</extensions>
			</trkpt>
			<trkpt lat="46.8629876709" lon="8.4831617985">
				<ele>2343.1</ele>
				<time>1970-01-01T01:00:00+01:00</time>
				<extensions>
					<swisstopo:routepoint_id>510945413</swisstopo:routepoint_id>
				</extensions>
			</trkpt>
			<trkpt lat="46.8630094153" lon="8.4830948198">
				<ele>2341.3</ele>
				<time>1970-01-01T01:00:00+01:00</time>
				<extensions>
					<swisstopo:routepoint_id>2087725800</swisstopo:routepoint_id>
				</extensions>
			</trkpt>
			<trkpt lat="46.8630162591" lon="8.4830332163">
				<ele>2340.3</ele>
				<time>1970-01-01T01:00:00+01:00</time>
				<extensions>
					<swisstopo:routepoint_id>1687122611</swisstopo:routepoint_id>
				</extensions>
			</trkpt>
			<trkpt lat="46.8630203877" lon="8.4829553096">
				<ele>2339.0</ele>
				<time>1970-01-01T01:00:00+01:00</time>
				<extensions>
					<swisstopo:routepoint_id>1456281902</swisstopo:routepoint_id>
				</extensions>
			</trkpt>
			<trkpt lat="46.8630248527" lon="8.4828920333">
				<ele>2337.6</ele>
				<time>1970-01-01T01:00:00+01:00</time>
				<extensions>
					<swisstopo:routepoint_id>1752355746</swisstopo:routepoint_id>
				</extensions>
			</trkpt>
			<trkpt lat="46.8630341004" lon="8.4828288498">
				<ele>2335.7</ele>
				<time>1970-01-01T01:00:00+01:00</time>
				<extensions>
					<swisstopo:routepoint_id>357933849</swisstopo:routepoint_id>
				</extensions>
			</trkpt>
			<trkpt lat="46.8630460588" lon="8.4827819855">
				<ele>2334.1</ele>
				<time>1970-01-01T01:00:00+01:00</time>
				<extensions>
					<swisstopo:routepoint_id>725850923</swisstopo:routepoint_id>
				</extensions>
			</trkpt>
			<trkpt lat="46.8630583032" lon="8.4827562413">
				<ele>2333.0</ele>
				<time>1970-01-01T01:00:00+01:00</time>
				<extensions>
					<swisstopo:routepoint_id>192978847</swisstopo:routepoint_id>
				</extensions>
			</trkpt>
			<trkpt lat="46.8630721290" lon="8.4827150873">
				<ele>2331.7</ele>
				<time>1970-01-01T01:00:00+01:00</time>
				<extensions>
					<swisstopo:routepoint_id>615338340</swisstopo:routepoint_id>
				</extensions>
			</trkpt>
			<trkpt lat="46.8630833033" lon="8.4826511309">
				<ele>2330.2</ele>
				<time>1970-01-01T01:00:00+01:00</time>
				<extensions>
					<swisstopo:routepoint_id>139395845</swisstopo:routepoint_id>
				</extensions>
			</trkpt>
			<trkpt lat="46.8630958172" lon="8.4825977675">
				<ele>2328.6</ele>
				<time>1970-01-01T01:00:00+01:00</time>
				<extensions>
					<swisstopo:routepoint_id>1893619658</swisstopo:routepoint_id>
				</extensions>
			</trkpt>
			<trkpt lat="46.8631261350" lon="8.4825366480">
				<ele>2325.9</ele>
				<time>1970-01-01T01:00:00+01:00</time>
				<extensions>
					<swisstopo:routepoint_id>1662859737</swisstopo:routepoint_id>
				</extensions>
			</trkpt>
			<trkpt lat="46.8631510286" lon="8.4824908574">
				<ele>2323.9</ele>
				<time>1970-01-01T01:00:00+01:00</time>
				<extensions>
					<swisstopo:routepoint_id>302363194</swisstopo:routepoint_id>
				</extensions>
			</trkpt>
			<trkpt lat="46.8631793178" lon="8.4823906361">
				<ele>2321.5</ele>
				<time>1970-01-01T01:00:00+01:00</time>
				<extensions>
					<swisstopo:routepoint_id>361241982</swisstopo:routepoint_id>
				</extensions>
			</trkpt>
			<trkpt lat="46.8632014990" lon="8.4823031782">
				<ele>2319.7</ele>
				<time>1970-01-01T01:00:00+01:00</time>
				<extensions>
					<swisstopo:routepoint_id>789735311</swisstopo:routepoint_id>
				</extensions>
			</trkpt>
			<trkpt lat="46.8632305620" lon="8.4822336895">
				<ele>2318.0</ele>
				<time>1970-01-01T01:00:00+01:00</time>
				<extensions>
					<swisstopo:routepoint_id>685927029</swisstopo:routepoint_id>
				</extensions>
			</trkpt>
			<trkpt lat="46.8632473979" lon="8.4821817897">
				<ele>2316.7</ele>
				<time>1970-01-01T01:00:00+01:00</time>
				<extensions>
					<swisstopo:routepoint_id>1426936061</swisstopo:routepoint_id>
				</extensions>
			</trkpt>
			<trkpt lat="46.8632458888" lon="8.4821257045">
				<ele>2315.9</ele>
				<time>1970-01-01T01:00:00+01:00</time>
				<extensions>
					<swisstopo:routepoint_id>1121528036</swisstopo:routepoint_id>
				</extensions>
			</trkpt>
			<trkpt lat="46.8632449631" lon="8.4820798196">
				<ele>2314.8</ele>
				<time>1970-01-01T01:00:00+01:00</time>
				<extensions>
					<swisstopo:routepoint_id>1253457462</swisstopo:routepoint_id>
				</extensions>
			</trkpt>
			<trkpt lat="46.8632696686" lon="8.4820204385">
				<ele>2312.3</ele>
				<time>1970-01-01T01:00:00+01:00</time>
				<extensions>
					<swisstopo:routepoint_id>736721840</swisstopo:routepoint_id>
				</extensions>
			</trkpt>
			<trkpt lat="46.8632992102" lon="8.4819726274">
				<ele>2311.0</ele>
				<time>1970-01-01T01:00:00+01:00</time>
				<extensions>
					<swisstopo:routepoint_id>1728557061</swisstopo:routepoint_id>
				</extensions>
			</trkpt>
			<trkpt lat="46.8633222572" lon="8.4819361379">
				<ele>2310.2</ele>
				<time>1970-01-01T01:00:00+01:00</time>
				<extensions>
					<swisstopo:routepoint_id>1906591792</swisstopo:routepoint_id>
				</extensions>
			</trkpt>
			<trkpt lat="46.8633413727" lon="8.4818702761">
				<ele>2309.4</ele>
				<time>1970-01-01T01:00:00+01:00</time>
				<extensions>
					<swisstopo:routepoint_id>380820984</swisstopo:routepoint_id>
				</extensions>
			</trkpt>
			<trkpt lat="46.8633705096" lon="8.4817931418">
				<ele>2307.2</ele>
				<time>1970-01-01T01:00:00+01:00</time>
				<extensions>
					<swisstopo:routepoint_id>939970672</swisstopo:routepoint_id>
				</extensions>
			</trkpt>
			<trkpt lat="46.8633870016" lon="8.4817081156">
				<ele>2305.6</ele>
				<time>1970-01-01T01:00:00+01:00</time>
				<extensions>
					<swisstopo:routepoint_id>493269614</swisstopo:routepoint_id>
				</extensions>
			</trkpt>
			<trkpt lat="46.8634022175" lon="8.4816103171">
				<ele>2304.1</ele>
				<time>1970-01-01T01:00:00+01:00</time>
				<extensions>
					<swisstopo:routepoint_id>714868227</swisstopo:routepoint_id>
				</extensions>
			</trkpt>
			<trkpt lat="46.8634146050" lon="8.4815124637">
				<ele>2301.9</ele>
				<time>1970-01-01T01:00:00+01:00</time>
				<extensions>
					<swisstopo:routepoint_id>126348793</swisstopo:routepoint_id>
				</extensions>
			</trkpt>
			<trkpt lat="46.8634297058" lon="8.4814248679">
				<ele>2299.9</ele>
				<time>1970-01-01T01:00:00+01:00</time>
				<extensions>
					<swisstopo:routepoint_id>711653900</swisstopo:routepoint_id>
				</extensions>
			</trkpt>
			<trkpt lat="46.8634444638" lon="8.4813690977">
				<ele>2298.6</ele>
				<time>1970-01-01T01:00:00+01:00</time>
				<extensions>
					<swisstopo:routepoint_id>678016983</swisstopo:routepoint_id>
				</extensions>
			</trkpt>
			<trkpt lat="46.8634506102" lon="8.4813246338">
				<ele>2297.8</ele>
				<time>1970-01-01T01:00:00+01:00</time>
				<extensions>
					<swisstopo:routepoint_id>1835878471</swisstopo:routepoint_id>
				</extensions>
			</trkpt>
			<trkpt lat="46.8634377770" lon="8.4812670449">
				<ele>2297.1</ele>
				<time>1970-01-01T01:00:00+01:00</time>
				<extensions>
					<swisstopo:routepoint_id>1347281205</swisstopo:routepoint_id>
				</extensions>
			</trkpt>
			<trkpt lat="46.8634135910" lon="8.4812130627">
				<ele>2296.8</ele>
				<time>1970-01-01T01:00:00+01:00</time>
				<extensions>
					<swisstopo:routepoint_id>1202147159</swisstopo:routepoint_id>
				</extensions>
			</trkpt>
			<trkpt lat="46.8633984986" lon="8.4811681618">
				<ele>2296.3</ele>
				<time>1970-01-01T01:00:00+01:00</time>
				<extensions>
					<swisstopo:routepoint_id>335370054</swisstopo:routepoint_id>
				</extensions>
			</trkpt>
			<trkpt lat="46.8633904613" lon="8.4810609948">
				<ele>2294.8</ele>
				<time>1970-01-01T01:00:00+01:00</time>
				<extensions>
					<swisstopo:routepoint_id>1329188762</swisstopo:routepoint_id>
				</extensions>
			</trkpt>
			<trkpt lat="46.8633929376" lon="8.4808967009">
				<ele>2293.2</ele>
				<time>1970-01-01T01:00:00+01:00</time>
				<extensions>
					<swisstopo:routepoint_id>730430979</swisstopo:routepoint_id>
				</extensions>
			</trkpt>
			<trkpt lat="46.8633928480" lon="8.4807743946">
				<ele>2292.9</ele>
				<time>1970-01-01T01:00:00+01:00</time>
				<extensions>
					<swisstopo:routepoint_id>1559376898</swisstopo:routepoint_id>
				</extensions>
			</trkpt>
			<trkpt lat="46.8633962663" lon="8.4806547019">
				<ele>2291.5</ele>
				<time>1970-01-01T01:00:00+01:00</time>
				<extensions>
					<swisstopo:routepoint_id>1890079157</swisstopo:routepoint_id>
				</extensions>
			</trkpt>
			<trkpt lat="46.8634002258" lon="8.4805503226">
				<ele>2290.5</ele>
				<time>1970-01-01T01:00:00+01:00</time>
				<extensions>
					<swisstopo:routepoint_id>586455077</swisstopo:routepoint_id>
				</extensions>
			</trkpt>
			<trkpt lat="46.8634030005" lon="8.4804892160">
				<ele>2289.5</ele>
				<time>1970-01-01T01:00:00+01:00</time>
				<extensions>
					<swisstopo:routepoint_id>446842837</swisstopo:routepoint_id>
				</extensions>
			</trkpt>
			<trkpt lat="46.8633879643" lon="8.4804405155">
				<ele>2289.0</ele>
				<time>1970-01-01T01:00:00+01:00</time>
				<extensions>
					<swisstopo:routepoint_id>1099962251</swisstopo:routepoint_id>
				</extensions>
			</trkpt>
			<trkpt lat="46.8633692489" lon="8.4804031944">
				<ele>2288.8</ele>
				<time>1970-01-01T01:00:00+01:00</time>
				<extensions>
					<swisstopo:routepoint_id>1984516299</swisstopo:routepoint_id>
				</extensions>
			</trkpt>
			<trkpt lat="46.8633796142" lon="8.4803613578">
				<ele>2287.8</ele>
				<time>1970-01-01T01:00:00+01:00</time>
				<extensions>
					<swisstopo:routepoint_id>1532377676</swisstopo:routepoint_id>
				</extensions>
			</trkpt>
			<trkpt lat="46.8633928311" lon="8.4803170339">
				<ele>2287.2</ele>
				<time>1970-01-01T01:00:00+01:00</time>
				<extensions>
					<swisstopo:routepoint_id>873124425</swisstopo:routepoint_id>
				</extensions>
			</trkpt>
			<trkpt lat="46.8634023862" lon="8.4802840994">
				<ele>2286.9</ele>
				<time>1970-01-01T01:00:00+01:00</time>
				<extensions>
					<swisstopo:routepoint_id>1763919813</swisstopo:routepoint_id>
				</extensions>
			</trkpt>
			<trkpt lat="46.8634161883" lon="8.4802512503">
				<ele>2286.8</ele>
				<time>1970-01-01T01:00:00+01:00</time>
				<extensions>
					<swisstopo:routepoint_id>1081789569</swisstopo:routepoint_id>
				</extensions>
			</trkpt>
			<trkpt lat="46.8634414592" lon="8.4802058852">
				<ele>2285.7</ele>
				<time>1970-01-01T01:00:00+01:00</time>
				<extensions>
					<swisstopo:routepoint_id>1815690923</swisstopo:routepoint_id>
				</extensions>
			</trkpt>
			<trkpt lat="46.8634599592" lon="8.4800868909">
				<ele>2283.7</ele>
				<time>1970-01-01T01:00:00+01:00</time>
				<extensions>
					<swisstopo:routepoint_id>1579953215</swisstopo:routepoint_id>
				</extensions>
			</trkpt>
			<trkpt lat="46.8634654735" lon="8.4800355556">
				<ele>2282.6</ele>
				<time>1970-01-01T01:00:00+01:00</time>
				<extensions>
					<swisstopo:routepoint_id>690214220</swisstopo:routepoint_id>
				</extensions>
			</trkpt>
			<trkpt lat="46.8634757530" lon="8.4798694464">
				<ele>2279.2</ele>
				<time>1970-01-01T01:00:00+01:00</time>
				<extensions>
					<swisstopo:routepoint_id>1540454623</swisstopo:routepoint_id>
				</extensions>
			</trkpt>
			<trkpt lat="46.8634596333" lon="8.4797124263">
				<ele>2277.8</ele>
				<time>1970-01-01T01:00:00+01:00</time>
				<extensions>
					<swisstopo:routepoint_id>1494349318</swisstopo:routepoint_id>
				</extensions>
			</trkpt>
			<trkpt lat="46.8634782260" lon="8.4795976668">
				<ele>2276.6</ele>
				<time>1970-01-01T01:00:00+01:00</time>
				<extensions>
					<swisstopo:routepoint_id>355900856</swisstopo:routepoint_id>
				</extensions>
			</trkpt>
			<trkpt lat="46.8635443159" lon="8.4795669560">
				<ele>2272.3</ele>
				<time>1970-01-01T01:00:00+01:00</time>
				<extensions>
					<swisstopo:routepoint_id>788586389</swisstopo:routepoint_id>
				</extensions>
			</trkpt>
			<trkpt lat="46.8635868002" lon="8.4794782496">
				<ele>2270.2</ele>
				<time>1970-01-01T01:00:00+01:00</time>
				<extensions>
					<swisstopo:routepoint_id>1413322177</swisstopo:routepoint_id>
				</extensions>
			</trkpt>
			<trkpt lat="46.8636412312" lon="8.4792810140">
				<ele>2268.1</ele>
				<time>1970-01-01T01:00:00+01:00</time>
				<extensions>
					<swisstopo:routepoint_id>1813436404</swisstopo:routepoint_id>
				</extensions>
			</trkpt>
			<trkpt lat="46.8637028760" lon="8.4791995495">
				<ele>2266.5</ele>
				<time>1970-01-01T01:00:00+01:00</time>
				<extensions>
					<swisstopo:routepoint_id>813621878</swisstopo:routepoint_id>
				</extensions>
			</trkpt>
			<trkpt lat="46.8637449832" lon="8.4791672600">
				<ele>2265.1</ele>
				<time>1970-01-01T01:00:00+01:00</time>
				<extensions>
					<swisstopo:routepoint_id>1929099362</swisstopo:routepoint_id>
				</extensions>
			</trkpt>
			<trkpt lat="46.8637924345" lon="8.4790994117">
				<ele>2262.9</ele>
				<time>1970-01-01T01:00:00+01:00</time>
				<extensions>
					<swisstopo:routepoint_id>36851244</swisstopo:routepoint_id>
				</extensions>
			</trkpt>
			<trkpt lat="46.8638223012" lon="8.4790210181">
				<ele>2262.2</ele>
				<time>1970-01-01T01:00:00+01:00</time>
				<extensions>
					<swisstopo:routepoint_id>437953970</swisstopo:routepoint_id>
				</extensions>
			</trkpt>
			<trkpt lat="46.8638466171" lon="8.4789323247">
				<ele>2260.0</ele>
				<time>1970-01-01T01:00:00+01:00</time>
				<extensions>
					<swisstopo:routepoint_id>1511856343</swisstopo:routepoint_id>
				</extensions>
			</trkpt>
			<trkpt lat="46.8638582704" lon="8.4788357270">
				<ele>2257.6</ele>
				<time>1970-01-01T01:00:00+01:00</time>
				<extensions>
					<swisstopo:routepoint_id>1623353472</swisstopo:routepoint_id>
				</extensions>
			</trkpt>
			<trkpt lat="46.8638750474" lon="8.4787239508">
				<ele>2256.9</ele>
				<time>1970-01-01T01:00:00+01:00</time>
				<extensions>
					<swisstopo:routepoint_id>1500508417</swisstopo:routepoint_id>
				</extensions>
			</trkpt>
			<trkpt lat="46.8639148284" lon="8.4786339166">
				<ele>2255.8</ele>
				<time>1970-01-01T01:00:00+01:00</time>
				<extensions>
					<swisstopo:routepoint_id>18092443</swisstopo:routepoint_id>
				</extensions>
			</trkpt>
			<trkpt lat="46.8639262796" lon="8.4785996572">
				<ele>2255.5</ele>
				<time>1970-01-01T01:00:00+01:00</time>
				<extensions>
					<swisstopo:routepoint_id>471716180</swisstopo:routepoint_id>
				</extensions>
			</trkpt>
			<trkpt lat="46.8639352591" lon="8.4785565346">
				<ele>2255.3</ele>
				<time>1970-01-01T01:00:00+01:00</time>
				<extensions>
					<swisstopo:routepoint_id>923476804</swisstopo:routepoint_id>
				</extensions>
			</trkpt>
			<trkpt lat="46.8639567185" lon="8.4785365677">
				<ele>2254.6</ele>
				<time>1970-01-01T01:00:00+01:00</time>
				<extensions>
					<swisstopo:routepoint_id>1586593253</swisstopo:routepoint_id>
				</extensions>
			</trkpt>
			<trkpt lat="46.8639798893" lon="8.4784945582">
				<ele>2253.8</ele>
				<time>1970-01-01T01:00:00+01:00</time>
				<extensions>
					<swisstopo:routepoint_id>143975901</swisstopo:routepoint_id>
				</extensions>
			</trkpt>
			<trkpt lat="46.8639885197" lon="8.4784337753">
				<ele>2253.1</ele>
				<time>1970-01-01T01:00:00+01:00</time>
				<extensions>
					<swisstopo:routepoint_id>1112534061</swisstopo:routepoint_id>
				</extensions>
			</trkpt>
			<trkpt lat="46.8639959154" lon="8.4783976924">
				<ele>2252.9</ele>
				<time>1970-01-01T01:00:00+01:00</time>
				<extensions>
					<swisstopo:routepoint_id>790116905</swisstopo:routepoint_id>
				</extensions>
			</trkpt>
			<trkpt lat="46.8640133815" lon="8.4783714840">
				<ele>2252.4</ele>
				<time>1970-01-01T01:00:00+01:00</time>
				<extensions>
					<swisstopo:routepoint_id>749422426</swisstopo:routepoint_id>
				</extensions>
			</trkpt>
			<trkpt lat="46.8640505707" lon="8.4783491182">
				<ele>2251.6</ele>
				<time>1970-01-01T01:00:00+01:00</time>
				<extensions>
					<swisstopo:routepoint_id>1061948809</swisstopo:routepoint_id>
				</extensions>
			</trkpt>
			<trkpt lat="46.8640746919" lon="8.4783141813">
				<ele>2250.5</ele>
				<time>1970-01-01T01:00:00+01:00</time>
				<extensions>
					<swisstopo:routepoint_id>226837826</swisstopo:routepoint_id>
				</extensions>
			</trkpt>
			<trkpt lat="46.8640934188" lon="8.4782579739">
				<ele>2249.6</ele>
				<time>1970-01-01T01:00:00+01:00</time>
				<extensions>
					<swisstopo:routepoint_id>220596486</swisstopo:routepoint_id>
				</extensions>
			</trkpt>
			<trkpt lat="46.8641156588" lon="8.4782062437">
				<ele>2248.9</ele>
				<time>1970-01-01T01:00:00+01:00</time>
				<extensions>
					<swisstopo:routepoint_id>450588107</swisstopo:routepoint_id>
				</extensions>
			</trkpt>
			<trkpt lat="46.8641312109" lon="8.4781658703">
				<ele>2248.4</ele>
				<time>1970-01-01T01:00:00+01:00</time>
				<extensions>
					<swisstopo:routepoint_id>1204917150</swisstopo:routepoint_id>
				</extensions>
			</trkpt>
			<trkpt lat="46.8641370599" lon="8.4781341764">
				<ele>2248.4</ele>
				<time>1970-01-01T01:00:00+01:00</time>
				<extensions>
					<swisstopo:routepoint_id>183966598</swisstopo:routepoint_id>
				</extensions>
			</trkpt>
			<trkpt lat="46.8641422406" lon="8.4780609728">
				<ele>2249.2</ele>
				<time>1970-01-01T01:00:00+01:00</time>
				<extensions>
					<swisstopo:routepoint_id>391575348</swisstopo:routepoint_id>
				</extensions>
			</trkpt>
			<trkpt lat="46.8641417487" lon="8.4780000391">
				<ele>2249.1</ele>
				<time>1970-01-01T01:00:00+01:00</time>
				<extensions>
					<swisstopo:routepoint_id>275236300</swisstopo:routepoint_id>
				</extensions>
			</trkpt>
			<trkpt lat="46.8641461734" lon="8.4779568539">
				<ele>2249.4</ele>
				<time>1970-01-01T01:00:00+01:00</time>
				<extensions>
					<swisstopo:routepoint_id>85603897</swisstopo:routepoint_id>
				</extensions>
			</trkpt>
			<trkpt lat="46.8641600383" lon="8.4779358721">
				<ele>2249.7</ele>
				<time>1970-01-01T01:00:00+01:00</time>
				<extensions>
					<swisstopo:routepoint_id>334313364</swisstopo:routepoint_id>
				</extensions>
			</trkpt>
			<trkpt lat="46.8641764605" lon="8.4779114142">
				<ele>2249.7</ele>
				<time>1970-01-01T01:00:00+01:00</time>
				<extensions>
					<swisstopo:routepoint_id>751868234</swisstopo:routepoint_id>
				</extensions>
			</trkpt>
			<trkpt lat="46.8641849870" lon="8.4778629990">
				<ele>2249.7</ele>
				<time>1970-01-01T01:00:00+01:00</time>
				<extensions>
					<swisstopo:routepoint_id>81027140</swisstopo:routepoint_id>
				</extensions>
			</trkpt>
			<trkpt lat="46.8641976186" lon="8.4778075638">
				<ele>2249.8</ele>
				<time>1970-01-01T01:00:00+01:00</time>
				<extensions>
					<swisstopo:routepoint_id>689948100</swisstopo:routepoint_id>
				</extensions>
			</trkpt>
			<trkpt lat="46.8642111458" lon="8.4777671640">
				<ele>2249.1</ele>
				<time>1970-01-01T01:00:00+01:00</time>
				<extensions>
					<swisstopo:routepoint_id>2122448158</swisstopo:routepoint_id>
				</extensions>
			</trkpt>
			<trkpt lat="46.8642233523" lon="8.4777029083">
				<ele>2248.1</ele>
				<time>1970-01-01T01:00:00+01:00</time>
				<extensions>
					<swisstopo:routepoint_id>1631706463</swisstopo:routepoint_id>
				</extensions>
			</trkpt>
			<trkpt lat="46.8642314488" lon="8.4776447661">
				<ele>2247.7</ele>
				<time>1970-01-01T01:00:00+01:00</time>
				<extensions>
					<swisstopo:routepoint_id>1776585160</swisstopo:routepoint_id>
				</extensions>
			</trkpt>
			<trkpt lat="46.8642216990" lon="8.4775995748">
				<ele>2247.6</ele>
				<time>1970-01-01T01:00:00+01:00</time>
				<extensions>
					<swisstopo:routepoint_id>375667908</swisstopo:routepoint_id>
				</extensions>
			</trkpt>
			<trkpt lat="46.8642083764" lon="8.4775569787">
				<ele>2247.5</ele>
				<time>1970-01-01T01:00:00+01:00</time>
				<extensions>
					<swisstopo:routepoint_id>417243019</swisstopo:routepoint_id>
				</extensions>
			</trkpt>
			<trkpt lat="46.8642006468" lon="8.4775118296">
				<ele>2247.6</ele>
				<time>1970-01-01T01:00:00+01:00</time>
				<extensions>
					<swisstopo:routepoint_id>560981420</swisstopo:routepoint_id>
				</extensions>
			</trkpt>
			<trkpt lat="46.8642050509" lon="8.4774704019">
				<ele>2247.7</ele>
				<time>1970-01-01T01:00:00+01:00</time>
				<extensions>
					<swisstopo:routepoint_id>1084929201</swisstopo:routepoint_id>
				</extensions>
			</trkpt>
			<trkpt lat="46.8642150213" lon="8.4774308268">
				<ele>2247.5</ele>
				<time>1970-01-01T01:00:00+01:00</time>
				<extensions>
					<swisstopo:routepoint_id>1493763899</swisstopo:routepoint_id>
				</extensions>
			</trkpt>
			<trkpt lat="46.8642145772" lon="8.4773645944">
				<ele>2247.8</ele>
				<time>1970-01-01T01:00:00+01:00</time>
				<extensions>
					<swisstopo:routepoint_id>1151637292</swisstopo:routepoint_id>
				</extensions>
			</trkpt>
			<trkpt lat="46.8642185118" lon="8.4773187514">
				<ele>2247.3</ele>
				<time>1970-01-01T01:00:00+01:00</time>
				<extensions>
					<swisstopo:routepoint_id>577031613</swisstopo:routepoint_id>
				</extensions>
			</trkpt>
			<trkpt lat="46.8642149643" lon="8.4772595295">
				<ele>2247.7</ele>
				<time>1970-01-01T01:00:00+01:00</time>
				<extensions>
					<swisstopo:routepoint_id>578982838</swisstopo:routepoint_id>
				</extensions>
			</trkpt>
			<trkpt lat="46.8642169776" lon="8.4772012955">
				<ele>2248.1</ele>
				<time>1970-01-01T01:00:00+01:00</time>
				<extensions>
					<swisstopo:routepoint_id>327740278</swisstopo:routepoint_id>
				</extensions>
			</trkpt>
			<trkpt lat="46.8642303811" lon="8.4771149743">
				<ele>2247.3</ele>
				<time>1970-01-01T01:00:00+01:00</time>
				<extensions>
					<swisstopo:routepoint_id>1958426391</swisstopo:routepoint_id>
				</extensions>
			</trkpt>
			<trkpt lat="46.8642350131" lon="8.4770479496">
				<ele>2247.1</ele>
				<time>1970-01-01T01:00:00+01:00</time>
				<extensions>
					<swisstopo:routepoint_id>796476347</swisstopo:routepoint_id>
				</extensions>
			</trkpt>
			<trkpt lat="46.8642461362" lon="8.4769907272">
				<ele>2246.3</ele>
				<time>1970-01-01T01:00:00+01:00</time>
				<extensions>
					<swisstopo:routepoint_id>1542037123</swisstopo:routepoint_id>
				</extensions>
			</trkpt>
			<trkpt lat="46.8642445337" lon="8.4769412645">
				<ele>2245.5</ele>
				<time>1970-01-01T01:00:00+01:00</time>
				<extensions>
					<swisstopo:routepoint_id>50585251</swisstopo:routepoint_id>
				</extensions>
			</trkpt>
			<trkpt lat="46.8642488628" lon="8.4769095410">
				<ele>2245.3</ele>
				<time>1970-01-01T01:00:00+01:00</time>
				<extensions>
					<swisstopo:routepoint_id>563279079</swisstopo:routepoint_id>
				</extensions>
			</trkpt>
			<trkpt lat="46.8642623336" lon="8.4768753329">
				<ele>2244.9</ele>
				<time>1970-01-01T01:00:00+01:00</time>
				<extensions>
					<swisstopo:routepoint_id>528825939</swisstopo:routepoint_id>
				</extensions>
			</trkpt>
			<trkpt lat="46.8642702944" lon="8.4768330674">
				<ele>2245.2</ele>
				<time>1970-01-01T01:00:00+01:00</time>
				<extensions>
					<swisstopo:routepoint_id>611360702</swisstopo:routepoint_id>
				</extensions>
			</trkpt>
			<trkpt lat="46.8642838133" lon="8.4767935478">
				<ele>2246.3</ele>
				<time>1970-01-01T01:00:00+01:00</time>
				<extensions>
					<swisstopo:routepoint_id>1169404324</swisstopo:routepoint_id>
				</extensions>
			</trkpt>
			<trkpt lat="46.8643074761" lon="8.4767524274">
				<ele>2246.5</ele>
				<time>1970-01-01T01:00:00+01:00</time>
				<extensions>
					<swisstopo:routepoint_id>36629888</swisstopo:routepoint_id>
				</extensions>
			</trkpt>
			<trkpt lat="46.8643199564" lon="8.4767155487">
				<ele>2246.3</ele>
				<time>1970-01-01T01:00:00+01:00</time>
				<extensions>
					<swisstopo:routepoint_id>59012758</swisstopo:routepoint_id>
				</extensions>
			</trkpt>
			<trkpt lat="46.8643270102" lon="8.4766609118">
				<ele>2245.0</ele>
				<time>1970-01-01T01:00:00+01:00</time>
				<extensions>
					<swisstopo:routepoint_id>929680849</swisstopo:routepoint_id>
				</extensions>
			</trkpt>
			<trkpt lat="46.8643499095" lon="8.4766506902">
				<ele>2244.2</ele>
				<time>1970-01-01T01:00:00+01:00</time>
				<extensions>
					<swisstopo:routepoint_id>98362701</swisstopo:routepoint_id>
				</extensions>
			</trkpt>
			<trkpt lat="46.8643671787" lon="8.4766456597">
				<ele>2244.1</ele>
				<time>1970-01-01T01:00:00+01:00</time>
				<extensions>
					<swisstopo:routepoint_id>57261984</swisstopo:routepoint_id>
				</extensions>
			</trkpt>
			<trkpt lat="46.8643826866" lon="8.4766105845">
				<ele>2243.4</ele>
				<time>1970-01-01T01:00:00+01:00</time>
				<extensions>
					<swisstopo:routepoint_id>1670851714</swisstopo:routepoint_id>
				</extensions>
			</trkpt>
			<trkpt lat="46.8643897011" lon="8.4765612591">
				<ele>2242.7</ele>
				<time>1970-01-01T01:00:00+01:00</time>
				<extensions>
					<swisstopo:routepoint_id>4576756</swisstopo:routepoint_id>
				</extensions>
			</trkpt>
			<trkpt lat="46.8643951427" lon="8.4765163096">
				<ele>2241.8</ele>
				<time>1970-01-01T01:00:00+01:00</time>
				<extensions>
					<swisstopo:routepoint_id>1791848912</swisstopo:routepoint_id>
				</extensions>
			</trkpt>
			<trkpt lat="46.8644104679" lon="8.4765033193">
				<ele>2241.0</ele>
				<time>1970-01-01T01:00:00+01:00</time>
				<extensions>
					<swisstopo:routepoint_id>776903723</swisstopo:routepoint_id>
				</extensions>
			</trkpt>
			<trkpt lat="46.8644368993" lon="8.4764940176">
				<ele>2239.7</ele>
				<time>1970-01-01T01:00:00+01:00</time>
				<extensions>
					<swisstopo:routepoint_id>596804325</swisstopo:routepoint_id>
				</extensions>
			</trkpt>
			<trkpt lat="46.8644627906" lon="8.4764900179">
				<ele>2238.3</ele>
				<time>1970-01-01T01:00:00+01:00</time>
				<extensions>
					<swisstopo:routepoint_id>1060846588</swisstopo:routepoint_id>
				</extensions>
			</trkpt>
			<trkpt lat="46.8644761019" lon="8.4764743374">
				<ele>2237.5</ele>
				<time>1970-01-01T01:00:00+01:00</time>
				<extensions>
					<swisstopo:routepoint_id>1746780250</swisstopo:routepoint_id>
				</extensions>
			</trkpt>
			<trkpt lat="46.8644865246" lon="8.4764400702">
				<ele>2236.6</ele>
				<time>1970-01-01T01:00:00+01:00</time>
				<extensions>
					<swisstopo:routepoint_id>1214463444</swisstopo:routepoint_id>
				</extensions>
			</trkpt>
			<trkpt lat="46.8644990289" lon="8.4764005307">
				<ele>2235.1</ele>
				<time>1970-01-01T01:00:00+01:00</time>
				<extensions>
					<swisstopo:routepoint_id>1215603739</swisstopo:routepoint_id>
				</extensions>
			</trkpt>
			<trkpt lat="46.8645150782" lon="8.4763619370">
				<ele>2233.8</ele>
				<time>1970-01-01T01:00:00+01:00</time>
				<extensions>
					<swisstopo:routepoint_id>1438222355</swisstopo:routepoint_id>
				</extensions>
			</trkpt>
			<trkpt lat="46.8645215466" lon="8.4763161297">
				<ele>2233.1</ele>
				<time>1970-01-01T01:00:00+01:00</time>
				<extensions>
					<swisstopo:routepoint_id>1070962767</swisstopo:routepoint_id>
				</extensions>
			</trkpt>
			<trkpt lat="46.8645310348" lon="8.4762730161">
				<ele>2232.2</ele>
				<time>1970-01-01T01:00:00+01:00</time>
				<extensions>
					<swisstopo:routepoint_id>1556827776</swisstopo:routepoint_id>
				</extensions>
			</trkpt>
			<trkpt lat="46.8645624870" lon="8.4762099440">
				<ele>2230.1</ele>
				<time>1970-01-01T01:00:00+01:00</time>
				<extensions>
					<swisstopo:routepoint_id>507897588</swisstopo:routepoint_id>
				</extensions>
			</trkpt>
			<trkpt lat="46.8645985869" lon="8.4761381075">
				<ele>2228.8</ele>
				<time>1970-01-01T01:00:00+01:00</time>
				<extensions>
					<swisstopo:routepoint_id>914781061</swisstopo:routepoint_id>
				</extensions>
			</trkpt>
			<trkpt lat="46.8646444012" lon="8.4760558493">
				<ele>2227.4</ele>
				<time>1970-01-01T01:00:00+01:00</time>
				<extensions>
					<swisstopo:routepoint_id>823897013</swisstopo:routepoint_id>
				</extensions>
			</trkpt>
			<trkpt lat="46.8646723285" lon="8.4759900704">
				<ele>2225.7</ele>
				<time>1970-01-01T01:00:00+01:00</time>
				<extensions>
					<swisstopo:routepoint_id>766088870</swisstopo:routepoint_id>
				</extensions>
			</trkpt>
			<trkpt lat="46.8646916475" lon="8.4759241544">
				<ele>2223.7</ele>
				<time>1970-01-01T01:00:00+01:00</time>
				<extensions>
					<swisstopo:routepoint_id>1929990139</swisstopo:routepoint_id>
				</extensions>
			</trkpt>
			<trkpt lat="46.8647062992" lon="8.4758696378">
				<ele>2222.2</ele>
				<time>1970-01-01T01:00:00+01:00</time>
				<extensions>
					<swisstopo:routepoint_id>933186803</swisstopo:routepoint_id>
				</extensions>
			</trkpt>
			<trkpt lat="46.8647083199" lon="8.4758105100">
				<ele>2221.0</ele>
				<time>1970-01-01T01:00:00+01:00</time>
				<extensions>
					<swisstopo:routepoint_id>1907841139</swisstopo:routepoint_id>
				</extensions>
			</trkpt>
			<trkpt lat="46.8647011995" lon="8.4757547732">
				<ele>2220.0</ele>
				<time>1970-01-01T01:00:00+01:00</time>
				<extensions>
					<swisstopo:routepoint_id>233197268</swisstopo:routepoint_id>
				</extensions>
			</trkpt>
			<trkpt lat="46.8646934176" lon="8.4757158000">
				<ele>2219.1</ele>
				<time>1970-01-01T01:00:00+01:00</time>
				<extensions>
					<swisstopo:routepoint_id>1013211184</swisstopo:routepoint_id>
				</extensions>
			</trkpt>
			<trkpt lat="46.8647048589" lon="8.4756815522">
				<ele>2218.3</ele>
				<time>1970-01-01T01:00:00+01:00</time>
				<extensions>
					<swisstopo:routepoint_id>1586708197</swisstopo:routepoint_id>
				</extensions>
			</trkpt>
			<trkpt lat="46.8647191368" lon="8.4756711768">
				<ele>2217.7</ele>
				<time>1970-01-01T01:00:00+01:00</time>
				<extensions>
					<swisstopo:routepoint_id>1541358403</swisstopo:routepoint_id>
				</extensions>
			</trkpt>
			<trkpt lat="46.8647631692" lon="8.4756798290">
				<ele>2216.4</ele>
				<time>1970-01-01T01:00:00+01:00</time>
				<extensions>
					<swisstopo:routepoint_id>492196051</swisstopo:routepoint_id>
				</extensions>
			</trkpt>
			<trkpt lat="46.8647915459" lon="8.4756802830">
				<ele>2215.3</ele>
				<time>1970-01-01T01:00:00+01:00</time>
				<extensions>
					<swisstopo:routepoint_id>552347944</swisstopo:routepoint_id>
				</extensions>
			</trkpt>
			<trkpt lat="46.8648115048" lon="8.4756576342">
				<ele>2214.9</ele>
				<time>1970-01-01T01:00:00+01:00</time>
				<extensions>
					<swisstopo:routepoint_id>239723474</swisstopo:routepoint_id>
				</extensions>
			</trkpt>
			<trkpt lat="46.8648337640" lon="8.4756041318">
				<ele>2215.0</ele>
				<time>1970-01-01T01:00:00+01:00</time>
				<extensions>
					<swisstopo:routepoint_id>2085750835</swisstopo:routepoint_id>
				</extensions>
			</trkpt>
			<trkpt lat="46.8648598093" lon="8.4755807101">
				<ele>2214.9</ele>
				<time>1970-01-01T01:00:00+01:00</time>
				<extensions>
					<swisstopo:routepoint_id>1750774</swisstopo:routepoint_id>
				</extensions>
			</trkpt>
			<trkpt lat="46.8649018442" lon="8.4755257474">
				<ele>2214.5</ele>
				<time>1970-01-01T01:00:00+01:00</time>
				<extensions>
					<swisstopo:routepoint_id>1406312783</swisstopo:routepoint_id>
				</extensions>
			</trkpt>
			<trkpt lat="46.8649687383" lon="8.4754076134">
				<ele>2214.2</ele>
				<time>1970-01-01T01:00:00+01:00</time>
				<extensions>
					<swisstopo:routepoint_id>93785944</swisstopo:routepoint_id>
				</extensions>
			</trkpt>
			<trkpt lat="46.8649974618" lon="8.4753683345">
				<ele>2214.4</ele>
				<time>1970-01-01T01:00:00+01:00</time>
				<extensions>
					<swisstopo:routepoint_id>412896720</swisstopo:routepoint_id>
				</extensions>
			</trkpt>
			<trkpt lat="46.8650468482" lon="8.4753426340">
				<ele>2214.4</ele>
				<time>1970-01-01T01:00:00+01:00</time>
				<extensions>
					<swisstopo:routepoint_id>893947991</swisstopo:routepoint_id>
				</extensions>
			</trkpt>
			<trkpt lat="46.8650662023" lon="8.4753314628">
				<ele>2214.4</ele>
				<time>1970-01-01T01:00:00+01:00</time>
				<extensions>
					<swisstopo:routepoint_id>1555256079</swisstopo:routepoint_id>
				</extensions>
			</trkpt>
			<trkpt lat="46.8650873669" lon="8.4752867643">
				<ele>2214.7</ele>
				<time>1970-01-01T01:00:00+01:00</time>
				<extensions>
					<swisstopo:routepoint_id>731002324</swisstopo:routepoint_id>
				</extensions>
			</trkpt>
			<trkpt lat="46.8651080452" lon="8.4752385274">
				<ele>2215.4</ele>
				<time>1970-01-01T01:00:00+01:00</time>
				<extensions>
					<swisstopo:routepoint_id>1177607121</swisstopo:routepoint_id>
				</extensions>
			</trkpt>
			<trkpt lat="46.8651140605" lon="8.4751874112">
				<ele>2216.3</ele>
				<time>1970-01-01T01:00:00+01:00</time>
				<extensions>
					<swisstopo:routepoint_id>1529824528</swisstopo:routepoint_id>
				</extensions>
			</trkpt>
			<trkpt lat="46.8651156478" lon="8.4751203267">
				<ele>2217.1</ele>
				<time>1970-01-01T01:00:00+01:00</time>
				<extensions>
					<swisstopo:routepoint_id>1992726496</swisstopo:routepoint_id>
				</extensions>
			</trkpt>
			<trkpt lat="46.8651220722" lon="8.4750798144">
				<ele>2216.7</ele>
				<time>1970-01-01T01:00:00+01:00</time>
				<extensions>
					<swisstopo:routepoint_id>308557894</swisstopo:routepoint_id>
				</extensions>
			</trkpt>
			<trkpt lat="46.8651487504" lon="8.4750422795">
				<ele>2216.4</ele>
				<time>1970-01-01T01:00:00+01:00</time>
				<extensions>
					<swisstopo:routepoint_id>143500677</swisstopo:routepoint_id>
				</extensions>
			</trkpt>
			<trkpt lat="46.8651927778" lon="8.4749908736">
				<ele>2216.4</ele>
				<time>1970-01-01T01:00:00+01:00</time>
				<extensions>
					<swisstopo:routepoint_id>1806259611</swisstopo:routepoint_id>
				</extensions>
			</trkpt>
			<trkpt lat="46.8652265055" lon="8.4749587453">
				<ele>2216.6</ele>
				<time>1970-01-01T01:00:00+01:00</time>
				<extensions>
					<swisstopo:routepoint_id>930324767</swisstopo:routepoint_id>
				</extensions>
			</trkpt>
			<trkpt lat="46.8652652572" lon="8.4749311070">
				<ele>2217.3</ele>
				<time>1970-01-01T01:00:00+01:00</time>
				<extensions>
					<swisstopo:routepoint_id>156181706</swisstopo:routepoint_id>
				</extensions>
			</trkpt>
			<trkpt lat="46.8653034371" lon="8.4749122863">
				<ele>2218.3</ele>
				<time>1970-01-01T01:00:00+01:00</time>
				<extensions>
					<swisstopo:routepoint_id>732930763</swisstopo:routepoint_id>
				</extensions>
			</trkpt>
			<trkpt lat="46.8653288546" lon="8.4749038543">
				<ele>2218.1</ele>
				<time>1970-01-01T01:00:00+01:00</time>
				<extensions>
					<swisstopo:routepoint_id>1889292366</swisstopo:routepoint_id>
				</extensions>
			</trkpt>
			<trkpt lat="46.8653452253" lon="8.4748864644">
				<ele>2218.0</ele>
				<time>1970-01-01T01:00:00+01:00</time>
				<extensions>
					<swisstopo:routepoint_id>1132274570</swisstopo:routepoint_id>
				</extensions>
			</trkpt>
			<trkpt lat="46.8653653032" lon="8.4748496925">
				<ele>2218.2</ele>
				<time>1970-01-01T01:00:00+01:00</time>
				<extensions>
					<swisstopo:routepoint_id>2038193858</swisstopo:routepoint_id>
				</extensions>
			</trkpt>
			<trkpt lat="46.8653829820" lon="8.4747969912">
				<ele>2217.5</ele>
				<time>1970-01-01T01:00:00+01:00</time>
				<extensions>
					<swisstopo:routepoint_id>1005731378</swisstopo:routepoint_id>
				</extensions>
			</trkpt>
			<trkpt lat="46.8654026550" lon="8.4747496248">
				<ele>2217.1</ele>
				<time>1970-01-01T01:00:00+01:00</time>
				<extensions>
					<swisstopo:routepoint_id>1696792871</swisstopo:routepoint_id>
				</extensions>
			</trkpt>
			<trkpt lat="46.8654216623" lon="8.4747190252">
				<ele>2217.1</ele>
				<time>1970-01-01T01:00:00+01:00</time>
				<extensions>
					<swisstopo:routepoint_id>2067459267</swisstopo:routepoint_id>
				</extensions>
			</trkpt>
			<trkpt lat="46.8654426275" lon="8.4746972886">
				<ele>2217.1</ele>
				<time>1970-01-01T01:00:00+01:00</time>
				<extensions>
					<swisstopo:routepoint_id>321132942</swisstopo:routepoint_id>
				</extensions>
			</trkpt>
			<trkpt lat="46.8654504531" lon="8.4746718087">
				<ele>2217.2</ele>
				<time>1970-01-01T01:00:00+01:00</time>
				<extensions>
					<swisstopo:routepoint_id>839322512</swisstopo:routepoint_id>
				</extensions>
			</trkpt>
			<trkpt lat="46.8654553454" lon="8.4746321472">
				<ele>2217.8</ele>
				<time>1970-01-01T01:00:00+01:00</time>
				<extensions>
					<swisstopo:routepoint_id>521015133</swisstopo:routepoint_id>
				</extensions>
			</trkpt>
			<trkpt lat="46.8654566381" lon="8.4745994997">
				<ele>2218.6</ele>
				<time>1970-01-01T01:00:00+01:00</time>
				<extensions>
					<swisstopo:routepoint_id>1034360253</swisstopo:routepoint_id>
				</extensions>
			</trkpt>
			<trkpt lat="46.8654762232" lon="8.4745618374">
				<ele>2219.1</ele>
				<time>1970-01-01T01:00:00+01:00</time>
				<extensions>
					<swisstopo:routepoint_id>1301634929</swisstopo:routepoint_id>
				</extensions>
			</trkpt>
			<trkpt lat="46.8655113710" lon="8.4745412000">
				<ele>2218.9</ele>
				<time>1970-01-01T01:00:00+01:00</time>
				<extensions>
					<swisstopo:routepoint_id>553928863</swisstopo:routepoint_id>
				</extensions>
			</trkpt>
			<trkpt lat="46.8655383718" lon="8.4745257469">
				<ele>2218.6</ele>
				<time>1970-01-01T01:00:00+01:00</time>
				<extensions>
					<swisstopo:routepoint_id>550597170</swisstopo:routepoint_id>
				</extensions>
			</trkpt>
			<trkpt lat="46.8655506444" lon="8.4745126939">
				<ele>2218.8</ele>
				<time>1970-01-01T01:00:00+01:00</time>
				<extensions>
					<swisstopo:routepoint_id>980894339</swisstopo:routepoint_id>
				</extensions>
			</trkpt>
			<trkpt lat="46.8655710609" lon="8.4744962463">
				<ele>2219.4</ele>
				<time>1970-01-01T01:00:00+01:00</time>
				<extensions>
					<swisstopo:routepoint_id>1991964891</swisstopo:routepoint_id>
				</extensions>
			</trkpt>
			<trkpt lat="46.8655773465" lon="8.4744724947">
				<ele>2219.6</ele>
				<time>1970-01-01T01:00:00+01:00</time>
				<extensions>
					<swisstopo:routepoint_id>1736337701</swisstopo:routepoint_id>
				</extensions>
			</trkpt>
			<trkpt lat="46.8656002689" lon="8.4744587307">
				<ele>2219.0</ele>
				<time>1970-01-01T01:00:00+01:00</time>
				<extensions>
					<swisstopo:routepoint_id>512364792</swisstopo:routepoint_id>
				</extensions>
			</trkpt>
			<trkpt lat="46.8656130952" lon="8.4744412852">
				<ele>2219.1</ele>
				<time>1970-01-01T01:00:00+01:00</time>
				<extensions>
					<swisstopo:routepoint_id>686013513</swisstopo:routepoint_id>
				</extensions>
			</trkpt>
			<trkpt lat="46.8656149010" lon="8.4744077541">
				<ele>2218.6</ele>
				<time>1970-01-01T01:00:00+01:00</time>
				<extensions>
					<swisstopo:routepoint_id>1829378044</swisstopo:routepoint_id>
				</extensions>
			</trkpt>
			<trkpt lat="46.8656317404" lon="8.4743938987">
				<ele>2218.8</ele>
				<time>1970-01-01T01:00:00+01:00</time>
				<extensions>
					<swisstopo:routepoint_id>1863824517</swisstopo:routepoint_id>
				</extensions>
			</trkpt>
			<trkpt lat="46.8656541825" lon="8.4743783547">
				<ele>2218.7</ele>
				<time>1970-01-01T01:00:00+01:00</time>
				<extensions>
					<swisstopo:routepoint_id>25431551</swisstopo:routepoint_id>
				</extensions>
			</trkpt>
			<trkpt lat="46.8656650625" lon="8.4743502723">
				<ele>2218.8</ele>
				<time>1970-01-01T01:00:00+01:00</time>
				<extensions>
					<swisstopo:routepoint_id>885759475</swisstopo:routepoint_id>
				</extensions>
			</trkpt>
			<trkpt lat="46.8657010976" lon="8.4743446702">
				<ele>2218.3</ele>
				<time>1970-01-01T01:00:00+01:00</time>
				<extensions>
					<swisstopo:routepoint_id>869049227</swisstopo:routepoint_id>
				</extensions>
			</trkpt>
			<trkpt lat="46.8657284286" lon="8.4743495128">
				<ele>2218.2</ele>
				<time>1970-01-01T01:00:00+01:00</time>
				<extensions>
					<swisstopo:routepoint_id>1386323851</swisstopo:routepoint_id>
				</extensions>
			</trkpt>
			<trkpt lat="46.8657533641" lon="8.4743375455">
				<ele>2217.8</ele>
				<time>1970-01-01T01:00:00+01:00</time>
				<extensions>
					<swisstopo:routepoint_id>186466885</swisstopo:routepoint_id>
				</extensions>
			</trkpt>
			<trkpt lat="46.8657759172" lon="8.4743087687">
				<ele>2216.5</ele>
				<time>1970-01-01T01:00:00+01:00</time>
				<extensions>
					<swisstopo:routepoint_id>1525716775</swisstopo:routepoint_id>
				</extensions>
			</trkpt>
			<trkpt lat="46.8657905013" lon="8.4742630907">
				<ele>2215.8</ele>
				<time>1970-01-01T01:00:00+01:00</time>
				<extensions>
					<swisstopo:routepoint_id>2134802618</swisstopo:routepoint_id>
				</extensions>
			</trkpt>
			<trkpt lat="46.8657985286" lon="8.4742128770">
				<ele>2215.3</ele>
				<time>1970-01-01T01:00:00+01:00</time>
				<extensions>
					<swisstopo:routepoint_id>1073328848</swisstopo:routepoint_id>
				</extensions>
			</trkpt>
			<trkpt lat="46.8658124957" lon="8.4741795541">
				<ele>2214.9</ele>
				<time>1970-01-01T01:00:00+01:00</time>
				<extensions>
					<swisstopo:routepoint_id>1188516049</swisstopo:routepoint_id>
				</extensions>
			</trkpt>
			<trkpt lat="46.8658381432" lon="8.4741437533">
				<ele>2214.1</ele>
				<time>1970-01-01T01:00:00+01:00</time>
				<extensions>
					<swisstopo:routepoint_id>1171390784</swisstopo:routepoint_id>
				</extensions>
			</trkpt>
			<trkpt lat="46.8658612013" lon="8.4741149893">
				<ele>2213.3</ele>
				<time>1970-01-01T01:00:00+01:00</time>
				<extensions>
					<swisstopo:routepoint_id>842220552</swisstopo:routepoint_id>
				</extensions>
			</trkpt>
			<trkpt lat="46.8658957560" lon="8.4741040588">
				<ele>2213.0</ele>
				<time>1970-01-01T01:00:00+01:00</time>
				<extensions>
					<swisstopo:routepoint_id>883560987</swisstopo:routepoint_id>
				</extensions>
			</trkpt>
			<trkpt lat="46.8659387812" lon="8.4741109197">
				<ele>2213.4</ele>
				<time>1970-01-01T01:00:00+01:00</time>
				<extensions>
					<swisstopo:routepoint_id>1582965347</swisstopo:routepoint_id>
				</extensions>
			</trkpt>
			<trkpt lat="46.8659677161" lon="8.4741069644">
				<ele>2213.5</ele>
				<time>1970-01-01T01:00:00+01:00</time>
				<extensions>
					<swisstopo:routepoint_id>2118218239</swisstopo:routepoint_id>
				</extensions>
			</trkpt>
			<trkpt lat="46.8659937213" lon="8.4740879470">
				<ele>2213.9</ele>
				<time>1970-01-01T01:00:00+01:00</time>
				<extensions>
					<swisstopo:routepoint_id>684598436</swisstopo:routepoint_id>
				</extensions>
			</trkpt>
			<trkpt lat="46.8660110266" lon="8.4740793873">
				<ele>2214.3</ele>
				<time>1970-01-01T01:00:00+01:00</time>
				<extensions>
					<swisstopo:routepoint_id>857470358</swisstopo:routepoint_id>
				</extensions>
			</trkpt>
			<trkpt lat="46.8660485655" lon="8.4740755719">
				<ele>2215.3</ele>
				<time>1970-01-01T01:00:00+01:00</time>
				<extensions>
					<swisstopo:routepoint_id>1546444134</swisstopo:routepoint_id>
				</extensions>
			</trkpt>
			<trkpt lat="46.8660781121" lon="8.4740583807">
				<ele>2215.5</ele>
				<time>1970-01-01T01:00:00+01:00</time>
				<extensions>
					<swisstopo:routepoint_id>1434256337</swisstopo:routepoint_id>
				</extensions>
			</trkpt>
			<trkpt lat="46.8661108019" lon="8.4740297601">
				<ele>2215.8</ele>
				<time>1970-01-01T01:00:00+01:00</time>
				<extensions>
					<swisstopo:routepoint_id>1685171231</swisstopo:routepoint_id>
				</extensions>
			</trkpt>
			<trkpt lat="46.8661302198" lon="8.4740115221">
				<ele>2215.9</ele>
				<time>1970-01-01T01:00:00+01:00</time>
				<extensions>
					<swisstopo:routepoint_id>2114569917</swisstopo:routepoint_id>
				</extensions>
			</trkpt>
			<trkpt lat="46.8661398501" lon="8.4739516328">
				<ele>2216.0</ele>
				<time>1970-01-01T01:00:00+01:00</time>
				<extensions>
					<swisstopo:routepoint_id>483763083</swisstopo:routepoint_id>
				</extensions>
			</trkpt>
			<trkpt lat="46.8661473721" lon="8.4739014219">
				<ele>2216.1</ele>
				<time>1970-01-01T01:00:00+01:00</time>
				<extensions>
					<swisstopo:routepoint_id>320740589</swisstopo:routepoint_id>
				</extensions>
			</trkpt>
			<trkpt lat="46.8661534899" lon="8.4738379521">
				<ele>2216.2</ele>
				<time>1970-01-01T01:00:00+01:00</time>
				<extensions>
					<swisstopo:routepoint_id>709447620</swisstopo:routepoint_id>
				</extensions>
			</trkpt>
			<trkpt lat="46.8661589189" lon="8.4737947714">
				<ele>2216.4</ele>
				<time>1970-01-01T01:00:00+01:00</time>
				<extensions>
					<swisstopo:routepoint_id>961743116</swisstopo:routepoint_id>
				</extensions>
			</trkpt>
			<trkpt lat="46.8661733314" lon="8.4737685146">
				<ele>2216.7</ele>
				<time>1970-01-01T01:00:00+01:00</time>
				<extensions>
					<swisstopo:routepoint_id>468529547</swisstopo:routepoint_id>
				</extensions>
			</trkpt>
			<trkpt lat="46.8662025320" lon="8.4737327689">
				<ele>2217.2</ele>
				<time>1970-01-01T01:00:00+01:00</time>
				<extensions>
					<swisstopo:routepoint_id>1305951378</swisstopo:routepoint_id>
				</extensions>
			</trkpt>
			<trkpt lat="46.8662410926" lon="8.4736689239">
				<ele>2217.1</ele>
				<time>1970-01-01T01:00:00+01:00</time>
				<extensions>
					<swisstopo:routepoint_id>2054443305</swisstopo:routepoint_id>
				</extensions>
			</trkpt>
			<trkpt lat="46.8662581147" lon="8.4736338790">
				<ele>2217.4</ele>
				<time>1970-01-01T01:00:00+01:00</time>
				<extensions>
					<swisstopo:routepoint_id>796023922</swisstopo:routepoint_id>
				</extensions>
			</trkpt>
			<trkpt lat="46.8662793062" lon="8.4735856504">
				<ele>2217.9</ele>
				<time>1970-01-01T01:00:00+01:00</time>
				<extensions>
					<swisstopo:routepoint_id>660581962</swisstopo:routepoint_id>
				</extensions>
			</trkpt>
			<trkpt lat="46.8663008641" lon="8.4735542023">
				<ele>2218.1</ele>
				<time>1970-01-01T01:00:00+01:00</time>
				<extensions>
					<swisstopo:routepoint_id>943618569</swisstopo:routepoint_id>
				</extensions>
			</trkpt>
			<trkpt lat="46.8663315478" lon="8.4735220138">
				<ele>2218.1</ele>
				<time>1970-01-01T01:00:00+01:00</time>
				<extensions>
					<swisstopo:routepoint_id>994775290</swisstopo:routepoint_id>
				</extensions>
			</trkpt>
			<trkpt lat="46.8663465133" lon="8.4734904677">
				<ele>2218.2</ele>
				<time>1970-01-01T01:00:00+01:00</time>
				<extensions>
					<swisstopo:routepoint_id>786591347</swisstopo:routepoint_id>
				</extensions>
			</trkpt>
			<trkpt lat="46.8663733952" lon="8.4734891241">
				<ele>2218.0</ele>
				<time>1970-01-01T01:00:00+01:00</time>
				<extensions>
					<swisstopo:routepoint_id>699292590</swisstopo:routepoint_id>
				</extensions>
			</trkpt>
			<trkpt lat="46.8664306589" lon="8.4734909202">
				<ele>2218.3</ele>
				<time>1970-01-01T01:00:00+01:00</time>
				<extensions>
					<swisstopo:routepoint_id>1490816100</swisstopo:routepoint_id>
				</extensions>
			</trkpt>
			<trkpt lat="46.8664778054" lon="8.4734898990">
				<ele>2218.0</ele>
				<time>1970-01-01T01:00:00+01:00</time>
				<extensions>
					<swisstopo:routepoint_id>1399004881</swisstopo:routepoint_id>
				</extensions>
			</trkpt>
			<trkpt lat="46.8665163943" lon="8.4734816810">
				<ele>2217.7</ele>
				<time>1970-01-01T01:00:00+01:00</time>
				<extensions>
					<swisstopo:routepoint_id>1260621685</swisstopo:routepoint_id>
				</extensions>
			</trkpt>
			<trkpt lat="46.8665469954" lon="8.4734600904">
				<ele>2217.6</ele>
				<time>1970-01-01T01:00:00+01:00</time>
				<extensions>
					<swisstopo:routepoint_id>337200725</swisstopo:routepoint_id>
				</extensions>
			</trkpt>
			<trkpt lat="46.8665654066" lon="8.4734409521">
				<ele>2217.6</ele>
				<time>1970-01-01T01:00:00+01:00</time>
				<extensions>
					<swisstopo:routepoint_id>963411834</swisstopo:routepoint_id>
				</extensions>
			</trkpt>
			<trkpt lat="46.8665928565" lon="8.4734316841">
				<ele>2217.7</ele>
				<time>1970-01-01T01:00:00+01:00</time>
				<extensions>
					<swisstopo:routepoint_id>231108295</swisstopo:routepoint_id>
				</extensions>
			</trkpt>
			<trkpt lat="46.8666207123" lon="8.4734338849">
				<ele>2217.8</ele>
				<time>1970-01-01T01:00:00+01:00</time>
				<extensions>
					<swisstopo:routepoint_id>304955062</swisstopo:routepoint_id>
				</extensions>
			</trkpt>
			<trkpt lat="46.8666403102" lon="8.4734545003">
				<ele>2217.5</ele>
				<time>1970-01-01T01:00:00+01:00</time>
				<extensions>
					<swisstopo:routepoint_id>1735909085</swisstopo:routepoint_id>
				</extensions>
			</trkpt>
			<trkpt lat="46.8666615584" lon="8.4734592512">
				<ele>2217.7</ele>
				<time>1970-01-01T01:00:00+01:00</time>
				<extensions>
					<swisstopo:routepoint_id>871485961</swisstopo:routepoint_id>
				</extensions>
			</trkpt>
			<trkpt lat="46.8666849066" lon="8.4734552137">
				<ele>2217.8</ele>
				<time>1970-01-01T01:00:00+01:00</time>
				<extensions>
					<swisstopo:routepoint_id>198962551</swisstopo:routepoint_id>
				</extensions>
			</trkpt>
			<trkpt lat="46.8667123806" lon="8.4734432818">
				<ele>2217.8</ele>
				<time>1970-01-01T01:00:00+01:00</time>
				<extensions>
					<swisstopo:routepoint_id>725494988</swisstopo:routepoint_id>
				</extensions>
			</trkpt>
			<trkpt lat="46.8667341496" lon="8.4734462847">
				<ele>2218.0</ele>
				<time>1970-01-01T01:00:00+01:00</time>
				<extensions>
					<swisstopo:routepoint_id>571774105</swisstopo:routepoint_id>
				</extensions>
			</trkpt>
			<trkpt lat="46.8667756358" lon="8.4734557639">
				<ele>2218.0</ele>
				<time>1970-01-01T01:00:00+01:00</time>
				<extensions>
					<swisstopo:routepoint_id>1397825746</swisstopo:routepoint_id>
				</extensions>
			</trkpt>
			<trkpt lat="46.8668114888" lon="8.4734722343">
				<ele>2217.8</ele>
				<time>1970-01-01T01:00:00+01:00</time>
				<extensions>
					<swisstopo:routepoint_id>1319782775</swisstopo:routepoint_id>
				</extensions>
			</trkpt>
			<trkpt lat="46.8668508305" lon="8.4734949202">
				<ele>2217.2</ele>
				<time>1970-01-01T01:00:00+01:00</time>
				<extensions>
					<swisstopo:routepoint_id>1579357864</swisstopo:routepoint_id>
				</extensions>
			</trkpt>
			<trkpt lat="46.8668825694" lon="8.4735175016">
				<ele>2217.2</ele>
				<time>1970-01-01T01:00:00+01:00</time>
				<extensions>
					<swisstopo:routepoint_id>950493254</swisstopo:routepoint_id>
				</extensions>
			</trkpt>
			<trkpt lat="46.8669117511" lon="8.4735435756">
				<ele>2218.3</ele>
				<time>1970-01-01T01:00:00+01:00</time>
				<extensions>
					<swisstopo:routepoint_id>1364430642</swisstopo:routepoint_id>
				</extensions>
			</trkpt>
			<trkpt lat="46.8669294034" lon="8.4735544475">
				<ele>2218.4</ele>
				<time>1970-01-01T01:00:00+01:00</time>
				<extensions>
					<swisstopo:routepoint_id>1405122297</swisstopo:routepoint_id>
				</extensions>
			</trkpt>
			<trkpt lat="46.8669576655" lon="8.4735690236">
				<ele>2218.1</ele>
				<time>1970-01-01T01:00:00+01:00</time>
				<extensions>
					<swisstopo:routepoint_id>1669503614</swisstopo:routepoint_id>
				</extensions>
			</trkpt>
			<trkpt lat="46.8669944453" lon="8.4735952181">
				<ele>2218.1</ele>
				<time>1970-01-01T01:00:00+01:00</time>
				<extensions>
					<swisstopo:routepoint_id>1999694690</swisstopo:routepoint_id>
				</extensions>
			</trkpt>
			<trkpt lat="46.8670474048" lon="8.4736260759">
				<ele>2218.5</ele>
				<time>1970-01-01T01:00:00+01:00</time>
				<extensions>
					<swisstopo:routepoint_id>1550979890</swisstopo:routepoint_id>
				</extensions>
			</trkpt>
			<trkpt lat="46.8670811896" lon="8.4736478065">
				<ele>2219.2</ele>
				<time>1970-01-01T01:00:00+01:00</time>
				<extensions>
					<swisstopo:routepoint_id>1054783459</swisstopo:routepoint_id>
				</extensions>
			</trkpt>
			<trkpt lat="46.8671028079" lon="8.4736684482">
				<ele>2219.7</ele>
				<time>1970-01-01T01:00:00+01:00</time>
				<extensions>
					<swisstopo:routepoint_id>1819989273</swisstopo:routepoint_id>
				</extensions>
			</trkpt>
			<trkpt lat="46.8671208418" lon="8.4736934658">
				<ele>2220.1</ele>
				<time>1970-01-01T01:00:00+01:00</time>
				<extensions>
					<swisstopo:routepoint_id>645369416</swisstopo:routepoint_id>
				</extensions>
			</trkpt>
			<trkpt lat="46.8671526172" lon="8.4737125063">
				<ele>2220.1</ele>
				<time>1970-01-01T01:00:00+01:00</time>
				<extensions>
					<swisstopo:routepoint_id>1110824736</swisstopo:routepoint_id>
				</extensions>
			</trkpt>
			<trkpt lat="46.8671919747" lon="8.4737334380">
				<ele>2219.7</ele>
				<time>1970-01-01T01:00:00+01:00</time>
				<extensions>
					<swisstopo:routepoint_id>1948732280</swisstopo:routepoint_id>
				</extensions>
			</trkpt>
			<trkpt lat="46.8672201772" lon="8.4737550839">
				<ele>2219.6</ele>
				<time>1970-01-01T01:00:00+01:00</time>
				<extensions>
					<swisstopo:routepoint_id>2021474262</swisstopo:routepoint_id>
				</extensions>
			</trkpt>
			<trkpt lat="46.8672367351" lon="8.4737747637">
				<ele>2219.4</ele>
				<time>1970-01-01T01:00:00+01:00</time>
				<extensions>
					<swisstopo:routepoint_id>244325979</swisstopo:routepoint_id>
				</extensions>
			</trkpt>
			<trkpt lat="46.8672586922" lon="8.4738157308">
				<ele>2219.4</ele>
				<time>1970-01-01T01:00:00+01:00</time>
				<extensions>
					<swisstopo:routepoint_id>1651442838</swisstopo:routepoint_id>
				</extensions>
			</trkpt>
			<trkpt lat="46.8672894015" lon="8.4738409411">
				<ele>2220.0</ele>
				<time>1970-01-01T01:00:00+01:00</time>
				<extensions>
					<swisstopo:routepoint_id>1535070114</swisstopo:routepoint_id>
				</extensions>
			</trkpt>
			<trkpt lat="46.8673160444" lon="8.4738669794">
				<ele>2219.4</ele>
				<time>1970-01-01T01:00:00+01:00</time>
				<extensions>
					<swisstopo:routepoint_id>1586154552</swisstopo:routepoint_id>
				</extensions>
			</trkpt>
			<trkpt lat="46.8673376750" lon="8.4738867409">
				<ele>2218.7</ele>
				<time>1970-01-01T01:00:00+01:00</time>
				<extensions>
					<swisstopo:routepoint_id>1153615374</swisstopo:routepoint_id>
				</extensions>
			</trkpt>
			<trkpt lat="46.8673719837" lon="8.4739049401">
				<ele>2218.2</ele>
				<time>1970-01-01T01:00:00+01:00</time>
				<extensions>
					<swisstopo:routepoint_id>435593047</swisstopo:routepoint_id>
				</extensions>
			</trkpt>
			<trkpt lat="46.8674023148" lon="8.4739151370">
				<ele>2218.2</ele>
				<time>1970-01-01T01:00:00+01:00</time>
				<extensions>
					<swisstopo:routepoint_id>1029513390</swisstopo:routepoint_id>
				</extensions>
			</trkpt>
			<trkpt lat="46.8674412462" lon="8.4739263544">
				<ele>2218.7</ele>
				<time>1970-01-01T01:00:00+01:00</time>
				<extensions>
					<swisstopo:routepoint_id>32245663</swisstopo:routepoint_id>
				</extensions>
			</trkpt>
			<trkpt lat="46.8674833012" lon="8.4739287871">
				<ele>2219.5</ele>
				<time>1970-01-01T01:00:00+01:00</time>
				<extensions>
					<swisstopo:routepoint_id>1374986396</swisstopo:routepoint_id>
				</extensions>
			</trkpt>
			<trkpt lat="46.8675228496" lon="8.4739276489">
				<ele>2220.8</ele>
				<time>1970-01-01T01:00:00+01:00</time>
				<extensions>
					<swisstopo:routepoint_id>1507105982</swisstopo:routepoint_id>
				</extensions>
			</trkpt>
			<trkpt lat="46.8675620031" lon="8.4739123712">
				<ele>2221.8</ele>
				<time>1970-01-01T01:00:00+01:00</time>
				<extensions>
					<swisstopo:routepoint_id>105992510</swisstopo:routepoint_id>
				</extensions>
			</trkpt>
			<trkpt lat="46.8676148234" lon="8.4739008469">
				<ele>2222.7</ele>
				<time>1970-01-01T01:00:00+01:00</time>
				<extensions>
					<swisstopo:routepoint_id>1010414097</swisstopo:routepoint_id>
				</extensions>
			</trkpt>
			<trkpt lat="46.8676544188" lon="8.4738935291">
				<ele>2223.4</ele>
				<time>1970-01-01T01:00:00+01:00</time>
				<extensions>
					<swisstopo:routepoint_id>299711855</swisstopo:routepoint_id>
				</extensions>
			</trkpt>
			<trkpt lat="46.8677121840" lon="8.4738962159">
				<ele>2224.1</ele>
				<time>1970-01-01T01:00:00+01:00</time>
				<extensions>
					<swisstopo:routepoint_id>948620453</swisstopo:routepoint_id>
				</extensions>
			</trkpt>
			<trkpt lat="46.8677567725" lon="8.4738977942">
				<ele>2224.9</ele>
				<time>1970-01-01T01:00:00+01:00</time>
				<extensions>
					<swisstopo:routepoint_id>1553195861</swisstopo:routepoint_id>
				</extensions>
			</trkpt>
			<trkpt lat="46.8678111239" lon="8.4738845284">
				<ele>2225.6</ele>
				<time>1970-01-01T01:00:00+01:00</time>
				<extensions>
					<swisstopo:routepoint_id>1139899889</swisstopo:routepoint_id>
				</extensions>
			</trkpt>
			<trkpt lat="46.8678750785" lon="8.4738740733">
				<ele>2226.7</ele>
				<time>1970-01-01T01:00:00+01:00</time>
				<extensions>
					<swisstopo:routepoint_id>447332492</swisstopo:routepoint_id>
				</extensions>
			</trkpt>
			<trkpt lat="46.8679212983" lon="8.4738633282">
				<ele>2227.7</ele>
				<time>1970-01-01T01:00:00+01:00</time>
				<extensions>
					<swisstopo:routepoint_id>2102835781</swisstopo:routepoint_id>
				</extensions>
			</trkpt>
			<trkpt lat="46.8679562951" lon="8.4738603411">
				<ele>2229.0</ele>
				<time>1970-01-01T01:00:00+01:00</time>
				<extensions>
					<swisstopo:routepoint_id>174235567</swisstopo:routepoint_id>
				</extensions>
			</trkpt>
			<trkpt lat="46.8679857546" lon="8.4738537473">
				<ele>2230.0</ele>
				<time>1970-01-01T01:00:00+01:00</time>
				<extensions>
					<swisstopo:routepoint_id>1428473288</swisstopo:routepoint_id>
				</extensions>
			</trkpt>
			<trkpt lat="46.8680151024" lon="8.4738595061">
				<ele>2231.3</ele>
				<time>1970-01-01T01:00:00+01:00</time>
				<extensions>
					<swisstopo:routepoint_id>1512219600</swisstopo:routepoint_id>
				</extensions>
			</trkpt>
			<trkpt lat="46.8680474502" lon="8.4738706194">
				<ele>2232.2</ele>
				<time>1970-01-01T01:00:00+01:00</time>
				<extensions>
					<swisstopo:routepoint_id>2001626054</swisstopo:routepoint_id>
				</extensions>
			</trkpt>
			<trkpt lat="46.8680797581" lon="8.4738861416">
				<ele>2232.7</ele>
				<time>1970-01-01T01:00:00+01:00</time>
				<extensions>
					<swisstopo:routepoint_id>614720155</swisstopo:routepoint_id>
				</extensions>
			</trkpt>
			<trkpt lat="46.8681127700" lon="8.4738787227">
				<ele>2233.0</ele>
				<time>1970-01-01T01:00:00+01:00</time>
				<extensions>
					<swisstopo:routepoint_id>179705417</swisstopo:routepoint_id>
				</extensions>
			</trkpt>
			<trkpt lat="46.8681777757" lon="8.4738647330">
				<ele>2233.8</ele>
				<time>1970-01-01T01:00:00+01:00</time>
				<extensions>
					<swisstopo:routepoint_id>905610474</swisstopo:routepoint_id>
				</extensions>
			</trkpt>
			<trkpt lat="46.8682382295" lon="8.4738489233">
				<ele>2235.1</ele>
				<time>1970-01-01T01:00:00+01:00</time>
				<extensions>
					<swisstopo:routepoint_id>2091442371</swisstopo:routepoint_id>
				</extensions>
			</trkpt>
			<trkpt lat="46.8682768149" lon="8.4738415859">
				<ele>2235.7</ele>
				<time>1970-01-01T01:00:00+01:00</time>
				<extensions>
					<swisstopo:routepoint_id>2018740641</swisstopo:routepoint_id>
				</extensions>
			</trkpt>
			<trkpt lat="46.8683326381" lon="8.4738336322">
				<ele>2236.6</ele>
				<time>1970-01-01T01:00:00+01:00</time>
				<extensions>
					<swisstopo:routepoint_id>771378801</swisstopo:routepoint_id>
				</extensions>
			</trkpt>
			<trkpt lat="46.8683853943" lon="8.4738291774">
				<ele>2236.5</ele>
				<time>1970-01-01T01:00:00+01:00</time>
				<extensions>
					<swisstopo:routepoint_id>866498757</swisstopo:routepoint_id>
				</extensions>
			</trkpt>
			<trkpt lat="46.8684276351" lon="8.4738086491">
				<ele>2236.6</ele>
				<time>1970-01-01T01:00:00+01:00</time>
				<extensions>
					<swisstopo:routepoint_id>297289441</swisstopo:routepoint_id>
				</extensions>
			</trkpt>
			<trkpt lat="46.8684709665" lon="8.4737802062">
				<ele>2236.4</ele>
				<time>1970-01-01T01:00:00+01:00</time>
				<extensions>
					<swisstopo:routepoint_id>486404148</swisstopo:routepoint_id>
				</extensions>
			</trkpt>
			<trkpt lat="46.8685086004" lon="8.4737649021">
				<ele>2236.0</ele>
				<time>1970-01-01T01:00:00+01:00</time>
				<extensions>
					<swisstopo:routepoint_id>805655074</swisstopo:routepoint_id>
				</extensions>
			</trkpt>
			<trkpt lat="46.8685352027" lon="8.4737361886">
				<ele>2235.9</ele>
				<time>1970-01-01T01:00:00+01:00</time>
				<extensions>
					<swisstopo:routepoint_id>497827464</swisstopo:routepoint_id>
				</extensions>
			</trkpt>
			<trkpt lat="46.8685517040" lon="8.4737028870">
				<ele>2236.5</ele>
				<time>1970-01-01T01:00:00+01:00</time>
				<extensions>
					<swisstopo:routepoint_id>1099477067</swisstopo:routepoint_id>
				</extensions>
			</trkpt>
			<trkpt lat="46.8685767076" lon="8.4736838621">
				<ele>2236.6</ele>
				<time>1970-01-01T01:00:00+01:00</time>
				<extensions>
					<swisstopo:routepoint_id>556641162</swisstopo:routepoint_id>
				</extensions>
			</trkpt>
			<trkpt lat="46.8685896325" lon="8.4736540464">
				<ele>2237.1</ele>
				<time>1970-01-01T01:00:00+01:00</time>
				<extensions>
					<swisstopo:routepoint_id>1121369711</swisstopo:routepoint_id>
				</extensions>
			</trkpt>
			<trkpt lat="46.8685945137" lon="8.4736170307">
				<ele>2237.8</ele>
				<time>1970-01-01T01:00:00+01:00</time>
				<extensions>
					<swisstopo:routepoint_id>1208090298</swisstopo:routepoint_id>
				</extensions>
			</trkpt>
			<trkpt lat="46.8685972929" lon="8.4735870615">
				<ele>2238.6</ele>
				<time>1970-01-01T01:00:00+01:00</time>
				<extensions>
					<swisstopo:routepoint_id>1669891055</swisstopo:routepoint_id>
				</extensions>
			</trkpt>
			<trkpt lat="46.8686133884" lon="8.4735422746">
				<ele>2238.4</ele>
				<time>1970-01-01T01:00:00+01:00</time>
				<extensions>
					<swisstopo:routepoint_id>2073736801</swisstopo:routepoint_id>
				</extensions>
			</trkpt>
			<trkpt lat="46.8686360922" lon="8.4734958439">
				<ele>2237.2</ele>
				<time>1970-01-01T01:00:00+01:00</time>
				<extensions>
					<swisstopo:routepoint_id>364572299</swisstopo:routepoint_id>
				</extensions>
			</trkpt>
			<trkpt lat="46.8686649057" lon="8.4734450824">
				<ele>2235.4</ele>
				<time>1970-01-01T01:00:00+01:00</time>
				<extensions>
					<swisstopo:routepoint_id>1207394127</swisstopo:routepoint_id>
				</extensions>
			</trkpt>
			<trkpt lat="46.8686828945" lon="8.4734153384">
				<ele>2234.3</ele>
				<time>1970-01-01T01:00:00+01:00</time>
				<extensions>
					<swisstopo:routepoint_id>1304855705</swisstopo:routepoint_id>
				</extensions>
			</trkpt>
			<trkpt lat="46.8687104633" lon="8.4733919432">
				<ele>2232.8</ele>
				<time>1970-01-01T01:00:00+01:00</time>
				<extensions>
					<swisstopo:routepoint_id>1604701883</swisstopo:routepoint_id>
				</extensions>
			</trkpt>
			<trkpt lat="46.8687270008" lon="8.4733551131">
				<ele>2232.4</ele>
				<time>1970-01-01T01:00:00+01:00</time>
				<extensions>
					<swisstopo:routepoint_id>1307295614</swisstopo:routepoint_id>
				</extensions>
			</trkpt>
			<trkpt lat="46.8687404147" lon="8.4733270648">
				<ele>2232.3</ele>
				<time>1970-01-01T01:00:00+01:00</time>
				<extensions>
					<swisstopo:routepoint_id>501287961</swisstopo:routepoint_id>
				</extensions>
			</trkpt>
			<trkpt lat="46.8687633377" lon="8.4733141899">
				<ele>2231.8</ele>
				<time>1970-01-01T01:00:00+01:00</time>
				<extensions>
					<swisstopo:routepoint_id>1597843728</swisstopo:routepoint_id>
				</extensions>
			</trkpt>
			<trkpt lat="46.8687888891" lon="8.4732889849">
				<ele>2230.1</ele>
				<time>1970-01-01T01:00:00+01:00</time>
				<extensions>
					<swisstopo:routepoint_id>965664321</swisstopo:routepoint_id>
				</extensions>
			</trkpt>
			<trkpt lat="46.8688185394" lon="8.4732603168">
				<ele>2228.8</ele>
				<time>1970-01-01T01:00:00+01:00</time>
				<extensions>
					<swisstopo:routepoint_id>1166342852</swisstopo:routepoint_id>
				</extensions>
			</trkpt>
			<trkpt lat="46.8688374912" lon="8.4732367687">
				<ele>2228.3</ele>
				<time>1970-01-01T01:00:00+01:00</time>
				<extensions>
					<swisstopo:routepoint_id>590616181</swisstopo:routepoint_id>
				</extensions>
			</trkpt>
			<trkpt lat="46.8688504160" lon="8.4732069527">
				<ele>2228.4</ele>
				<time>1970-01-01T01:00:00+01:00</time>
				<extensions>
					<swisstopo:routepoint_id>320093161</swisstopo:routepoint_id>
				</extensions>
			</trkpt>
			<trkpt lat="46.8688501639" lon="8.4731760444">
				<ele>2229.1</ele>
				<time>1970-01-01T01:00:00+01:00</time>
				<extensions>
					<swisstopo:routepoint_id>813753133</swisstopo:routepoint_id>
				</extensions>
			</trkpt>
			<trkpt lat="46.8688414117" lon="8.4731335209">
				<ele>2230.5</ele>
				<time>1970-01-01T01:00:00+01:00</time>
				<extensions>
					<swisstopo:routepoint_id>1332514183</swisstopo:routepoint_id>
				</extensions>
			</trkpt>
			<trkpt lat="46.8688493035" lon="8.4730992144">
				<ele>2231.5</ele>
				<time>1970-01-01T01:00:00+01:00</time>
				<extensions>
					<swisstopo:routepoint_id>1096015580</swisstopo:routepoint_id>
				</extensions>
			</trkpt>
			<trkpt lat="46.8688751326" lon="8.4730413402">
				<ele>2231.1</ele>
				<time>1970-01-01T01:00:00+01:00</time>
				<extensions>
					<swisstopo:routepoint_id>670761431</swisstopo:routepoint_id>
				</extensions>
			</trkpt>
			<trkpt lat="46.8688907148" lon="8.4729974334">
				<ele>2231.4</ele>
				<time>1970-01-01T01:00:00+01:00</time>
				<extensions>
					<swisstopo:routepoint_id>308448424</swisstopo:routepoint_id>
				</extensions>
			</trkpt>
			<trkpt lat="46.8689116762" lon="8.4729765721">
				<ele>2230.9</ele>
				<time>1970-01-01T01:00:00+01:00</time>
				<extensions>
					<swisstopo:routepoint_id>134231673</swisstopo:routepoint_id>
				</extensions>
			</trkpt>
			<trkpt lat="46.8689295583" lon="8.4729600742">
				<ele>2230.6</ele>
				<time>1970-01-01T01:00:00+01:00</time>
				<extensions>
					<swisstopo:routepoint_id>1224943614</swisstopo:routepoint_id>
				</extensions>
			</trkpt>
			<trkpt lat="46.8689496036" lon="8.4729268404">
				<ele>2230.1</ele>
				<time>1970-01-01T01:00:00+01:00</time>
				<extensions>
					<swisstopo:routepoint_id>1721451199</swisstopo:routepoint_id>
				</extensions>
			</trkpt>
			<trkpt lat="46.8689672104" lon="8.4728829755">
				<ele>2229.8</ele>
				<time>1970-01-01T01:00:00+01:00</time>
				<extensions>
					<swisstopo:routepoint_id>284974653</swisstopo:routepoint_id>
				</extensions>
			</trkpt>
			<trkpt lat="46.8689771038" lon="8.4728522205">
				<ele>2229.7</ele>
				<time>1970-01-01T01:00:00+01:00</time>
				<extensions>
					<swisstopo:routepoint_id>60843682</swisstopo:routepoint_id>
				</extensions>
			</trkpt>
			<trkpt lat="46.8689844861" lon="8.4728179042">
				<ele>2230.0</ele>
				<time>1970-01-01T01:00:00+01:00</time>
				<extensions>
					<swisstopo:routepoint_id>1946945625</swisstopo:routepoint_id>
				</extensions>
			</trkpt>
			<trkpt lat="46.8689848914" lon="8.4727711083">
				<ele>2230.9</ele>
				<time>1970-01-01T01:00:00+01:00</time>
				<extensions>
					<swisstopo:routepoint_id>1534410728</swisstopo:routepoint_id>
				</extensions>
			</trkpt>
			<trkpt lat="46.8689781188" lon="8.4727321390">
				<ele>2232.0</ele>
				<time>1970-01-01T01:00:00+01:00</time>
				<extensions>
					<swisstopo:routepoint_id>249013912</swisstopo:routepoint_id>
				</extensions>
			</trkpt>
			<trkpt lat="46.8689768803" lon="8.4726985761">
				<ele>2232.6</ele>
				<time>1970-01-01T01:00:00+01:00</time>
				<extensions>
					<swisstopo:routepoint_id>1523941401</swisstopo:routepoint_id>
				</extensions>
			</trkpt>
			<trkpt lat="46.8689858149" lon="8.4726616251">
				<ele>2232.8</ele>
				<time>1970-01-01T01:00:00+01:00</time>
				<extensions>
					<swisstopo:routepoint_id>2038870417</swisstopo:routepoint_id>
				</extensions>
			</trkpt>
			<trkpt lat="46.8689996947" lon="8.4726388855">
				<ele>2232.6</ele>
				<time>1970-01-01T01:00:00+01:00</time>
				<extensions>
					<swisstopo:routepoint_id>1034233755</swisstopo:routepoint_id>
				</extensions>
			</trkpt>
			<trkpt lat="46.8690267699" lon="8.4726137094">
				<ele>2232.0</ele>
				<time>1970-01-01T01:00:00+01:00</time>
				<extensions>
					<swisstopo:routepoint_id>1195116558</swisstopo:routepoint_id>
				</extensions>
			</trkpt>
			<trkpt lat="46.8690539126" lon="8.4725805829">
				<ele>2231.2</ele>
				<time>1970-01-01T01:00:00+01:00</time>
				<extensions>
					<swisstopo:routepoint_id>843517999</swisstopo:routepoint_id>
				</extensions>
			</trkpt>
			<trkpt lat="46.8690731028" lon="8.4725296645">
				<ele>2230.8</ele>
				<time>1970-01-01T01:00:00+01:00</time>
				<extensions>
					<swisstopo:routepoint_id>462496928</swisstopo:routepoint_id>
				</extensions>
			</trkpt>
			<trkpt lat="46.8690888435" lon="8.4724672278">
				<ele>2230.8</ele>
				<time>1970-01-01T01:00:00+01:00</time>
				<extensions>
					<swisstopo:routepoint_id>768881095</swisstopo:routepoint_id>
				</extensions>
			</trkpt>
			<trkpt lat="46.8691192391" lon="8.4724085473">
				<ele>2229.8</ele>
				<time>1970-01-01T01:00:00+01:00</time>
				<extensions>
					<swisstopo:routepoint_id>907354064</swisstopo:routepoint_id>
				</extensions>
			</trkpt>
			<trkpt lat="46.8691523399" lon="8.4723304798">
				<ele>2228.9</ele>
				<time>1970-01-01T01:00:00+01:00</time>
				<extensions>
					<swisstopo:routepoint_id>2047582160</swisstopo:routepoint_id>
				</extensions>
			</trkpt>
			<trkpt lat="46.8691757736" lon="8.4722566748">
				<ele>2228.0</ele>
				<time>1970-01-01T01:00:00+01:00</time>
				<extensions>
					<swisstopo:routepoint_id>803567744</swisstopo:routepoint_id>
				</extensions>
			</trkpt>
			<trkpt lat="46.8691919643" lon="8.4722013016">
				<ele>2227.9</ele>
				<time>1970-01-01T01:00:00+01:00</time>
				<extensions>
					<swisstopo:routepoint_id>6858155</swisstopo:routepoint_id>
				</extensions>
			</trkpt>
			<trkpt lat="46.8691949019" lon="8.4721527865">
				<ele>2228.2</ele>
				<time>1970-01-01T01:00:00+01:00</time>
				<extensions>
					<swisstopo:routepoint_id>341631293</swisstopo:routepoint_id>
				</extensions>
			</trkpt>
			<trkpt lat="46.8692038754" lon="8.4721105359">
				<ele>2228.3</ele>
				<time>1970-01-01T01:00:00+01:00</time>
				<extensions>
					<swisstopo:routepoint_id>1482428757</swisstopo:routepoint_id>
				</extensions>
			</trkpt>
			<trkpt lat="46.8692245611" lon="8.4720622944">
				<ele>2228.7</ele>
				<time>1970-01-01T01:00:00+01:00</time>
				<extensions>
					<swisstopo:routepoint_id>1007227547</swisstopo:routepoint_id>
				</extensions>
			</trkpt>
			<trkpt lat="46.8692483224" lon="8.4720105699">
				<ele>2229.6</ele>
				<time>1970-01-01T01:00:00+01:00</time>
				<extensions>
					<swisstopo:routepoint_id>645571160</swisstopo:routepoint_id>
				</extensions>
			</trkpt>
			<trkpt lat="46.8692745726" lon="8.4719624223">
				<ele>2230.0</ele>
				<time>1970-01-01T01:00:00+01:00</time>
				<extensions>
					<swisstopo:routepoint_id>352589719</swisstopo:routepoint_id>
				</extensions>
			</trkpt>
			<trkpt lat="46.8692932299" lon="8.4719150352">
				<ele>2230.0</ele>
				<time>1970-01-01T01:00:00+01:00</time>
				<extensions>
					<swisstopo:routepoint_id>1405585646</swisstopo:routepoint_id>
				</extensions>
			</trkpt>
			<trkpt lat="46.8693033128" lon="8.4718613282">
				<ele>2230.8</ele>
				<time>1970-01-01T01:00:00+01:00</time>
				<extensions>
					<swisstopo:routepoint_id>1371561229</swisstopo:routepoint_id>
				</extensions>
			</trkpt>
			<trkpt lat="46.8693225106" lon="8.4718095320">
				<ele>2231.6</ele>
				<time>1970-01-01T01:00:00+01:00</time>
				<extensions>
					<swisstopo:routepoint_id>142991701</swisstopo:routepoint_id>
				</extensions>
			</trkpt>
			<trkpt lat="46.8693419787" lon="8.4717842349">
				<ele>2231.8</ele>
				<time>1970-01-01T01:00:00+01:00</time>
				<extensions>
					<swisstopo:routepoint_id>1024065759</swisstopo:routepoint_id>
				</extensions>
			</trkpt>
			<trkpt lat="46.8693523928" lon="8.4717517313">
				<ele>2231.1</ele>
				<time>1970-01-01T01:00:00+01:00</time>
				<extensions>
					<swisstopo:routepoint_id>961783907</swisstopo:routepoint_id>
				</extensions>
			</trkpt>
			<trkpt lat="46.8693662804" lon="8.4717280980">
				<ele>2230.3</ele>
				<time>1970-01-01T01:00:00+01:00</time>
				<extensions>
					<swisstopo:routepoint_id>1593301465</swisstopo:routepoint_id>
				</extensions>
			</trkpt>
			<trkpt lat="46.8693831956" lon="8.4717062937">
				<ele>2229.4</ele>
				<time>1970-01-01T01:00:00+01:00</time>
				<extensions>
					<swisstopo:routepoint_id>734480872</swisstopo:routepoint_id>
				</extensions>
			</trkpt>
			<trkpt lat="46.8694099356" lon="8.4716608069">
				<ele>2228.2</ele>
				<time>1970-01-01T01:00:00+01:00</time>
				<extensions>
					<swisstopo:routepoint_id>1996740667</swisstopo:routepoint_id>
				</extensions>
			</trkpt>
			<trkpt lat="46.8694366482" lon="8.4716188454">
				<ele>2227.8</ele>
				<time>1970-01-01T01:00:00+01:00</time>
				<extensions>
					<swisstopo:routepoint_id>1164099932</swisstopo:routepoint_id>
				</extensions>
			</trkpt>
			<trkpt lat="46.8694493529" lon="8.4715554563">
				<ele>2228.7</ele>
				<time>1970-01-01T01:00:00+01:00</time>
				<extensions>
					<swisstopo:routepoint_id>1921989222</swisstopo:routepoint_id>
				</extensions>
			</trkpt>
			<trkpt lat="46.8694675041" lon="8.4715071785">
				<ele>2229.3</ele>
				<time>1970-01-01T01:00:00+01:00</time>
				<extensions>
					<swisstopo:routepoint_id>898047573</swisstopo:routepoint_id>
				</extensions>
			</trkpt>
			<trkpt lat="46.8694825399" lon="8.4714668054">
				<ele>2229.9</ele>
				<time>1970-01-01T01:00:00+01:00</time>
				<extensions>
					<swisstopo:routepoint_id>1959313418</swisstopo:routepoint_id>
				</extensions>
			</trkpt>
			<trkpt lat="46.8695000754" lon="8.4714317515">
				<ele>2230.3</ele>
				<time>1970-01-01T01:00:00+01:00</time>
				<extensions>
					<swisstopo:routepoint_id>423004224</swisstopo:routepoint_id>
				</extensions>
			</trkpt>
			<trkpt lat="46.8695295419" lon="8.4714233949">
				<ele>2229.0</ele>
				<time>1970-01-01T01:00:00+01:00</time>
				<extensions>
					<swisstopo:routepoint_id>1643023959</swisstopo:routepoint_id>
				</extensions>
			</trkpt>
			<trkpt lat="46.8695494840" lon="8.4714025164">
				<ele>2228.7</ele>
				<time>1970-01-01T01:00:00+01:00</time>
				<extensions>
					<swisstopo:routepoint_id>1362263805</swisstopo:routepoint_id>
				</extensions>
			</trkpt>
			<trkpt lat="46.8695819054" lon="8.4713456319">
				<ele>2228.7</ele>
				<time>1970-01-01T01:00:00+01:00</time>
				<extensions>
					<swisstopo:routepoint_id>328824843</swisstopo:routepoint_id>
				</extensions>
			</trkpt>
			<trkpt lat="46.8696172669" lon="8.4713002685">
				<ele>2228.9</ele>
				<time>1970-01-01T01:00:00+01:00</time>
				<extensions>
					<swisstopo:routepoint_id>1195352418</swisstopo:routepoint_id>
				</extensions>
			</trkpt>
			<trkpt lat="46.8696383147" lon="8.4712688110">
				<ele>2228.9</ele>
				<time>1970-01-01T01:00:00+01:00</time>
				<extensions>
					<swisstopo:routepoint_id>571736826</swisstopo:routepoint_id>
				</extensions>
			</trkpt>
			<trkpt lat="46.8696575512" lon="8.4712117245">
				<ele>2229.9</ele>
				<time>1970-01-01T01:00:00+01:00</time>
				<extensions>
					<swisstopo:routepoint_id>426235462</swisstopo:routepoint_id>
				</extensions>
			</trkpt>
			<trkpt lat="46.8696684580" lon="8.4711800980">
				<ele>2230.5</ele>
				<time>1970-01-01T01:00:00+01:00</time>
				<extensions>
					<swisstopo:routepoint_id>2083647583</swisstopo:routepoint_id>
				</extensions>
			</trkpt>
			<trkpt lat="46.8696884043" lon="8.4711592322">
				<ele>2231.0</ele>
				<time>1970-01-01T01:00:00+01:00</time>
				<extensions>
					<swisstopo:routepoint_id>562398416</swisstopo:routepoint_id>
				</extensions>
			</trkpt>
			<trkpt lat="46.8697098668" lon="8.4711392603">
				<ele>2230.5</ele>
				<time>1970-01-01T01:00:00+01:00</time>
				<extensions>
					<swisstopo:routepoint_id>2112796999</swisstopo:routepoint_id>
				</extensions>
			</trkpt>
			<trkpt lat="46.8697222418" lon="8.4711138394">
				<ele>2230.3</ele>
				<time>1970-01-01T01:00:00+01:00</time>
				<extensions>
					<swisstopo:routepoint_id>900495909</swisstopo:routepoint_id>
				</extensions>
			</trkpt>
			<trkpt lat="46.8697303437" lon="8.4710556873">
				<ele>2231.1</ele>
				<time>1970-01-01T01:00:00+01:00</time>
				<extensions>
					<swisstopo:routepoint_id>1705950867</swisstopo:routepoint_id>
				</extensions>
			</trkpt>
			<trkpt lat="46.8697383775" lon="8.4710046049">
				<ele>2232.3</ele>
				<time>1970-01-01T01:00:00+01:00</time>
				<extensions>
					<swisstopo:routepoint_id>1468622635</swisstopo:routepoint_id>
				</extensions>
			</trkpt>
			<trkpt lat="46.8697392660" lon="8.4709586984">
				<ele>2233.2</ele>
				<time>1970-01-01T01:00:00+01:00</time>
				<extensions>
					<swisstopo:routepoint_id>1147114255</swisstopo:routepoint_id>
				</extensions>
			</trkpt>
			<trkpt lat="46.8697529378" lon="8.4709015210">
				<ele>2234.0</ele>
				<time>1970-01-01T01:00:00+01:00</time>
				<extensions>
					<swisstopo:routepoint_id>1843543780</swisstopo:routepoint_id>
				</extensions>
			</trkpt>
			<trkpt lat="46.8697664618" lon="8.4708602250">
				<ele>2234.7</ele>
				<time>1970-01-01T01:00:00+01:00</time>
				<extensions>
					<swisstopo:routepoint_id>1129839038</swisstopo:routepoint_id>
				</extensions>
			</trkpt>
			<trkpt lat="46.8697754109" lon="8.4708206378">
				<ele>2235.1</ele>
				<time>1970-01-01T01:00:00+01:00</time>
				<extensions>
					<swisstopo:routepoint_id>1749125549</swisstopo:routepoint_id>
				</extensions>
			</trkpt>
			<trkpt lat="46.8697862944" lon="8.4707925526">
				<ele>2235.8</ele>
				<time>1970-01-01T01:00:00+01:00</time>
				<extensions>
					<swisstopo:routepoint_id>1421493579</swisstopo:routepoint_id>
				</extensions>
			</trkpt>
			<trkpt lat="46.8698002207" lon="8.4707636323">
				<ele>2236.3</ele>
				<time>1970-01-01T01:00:00+01:00</time>
				<extensions>
					<swisstopo:routepoint_id>209598017</swisstopo:routepoint_id>
				</extensions>
			</trkpt>
			<trkpt lat="46.8698093290" lon="8.4707063800">
				<ele>2237.9</ele>
				<time>1970-01-01T01:00:00+01:00</time>
				<extensions>
					<swisstopo:routepoint_id>381519887</swisstopo:routepoint_id>
				</extensions>
			</trkpt>
			<trkpt lat="46.8698198217" lon="8.4706641579">
				<ele>2239.2</ele>
				<time>1970-01-01T01:00:00+01:00</time>
				<extensions>
					<swisstopo:routepoint_id>409777322</swisstopo:routepoint_id>
				</extensions>
			</trkpt>
			<trkpt lat="46.8698453964" lon="8.4706363032">
				<ele>2239.9</ele>
				<time>1970-01-01T01:00:00+01:00</time>
				<extensions>
					<swisstopo:routepoint_id>697173884</swisstopo:routepoint_id>
				</extensions>
			</trkpt>
			<trkpt lat="46.8698644830" lon="8.4705977494">
				<ele>2240.6</ele>
				<time>1970-01-01T01:00:00+01:00</time>
				<extensions>
					<swisstopo:routepoint_id>289584886</swisstopo:routepoint_id>
				</extensions>
			</trkpt>
			<trkpt lat="46.8698894224" lon="8.4705857795">
				<ele>2240.8</ele>
				<time>1970-01-01T01:00:00+01:00</time>
				<extensions>
					<swisstopo:routepoint_id>1112526887</swisstopo:routepoint_id>
				</extensions>
			</trkpt>
			<trkpt lat="46.8699206387" lon="8.4705509490">
				<ele>2241.8</ele>
				<time>1970-01-01T01:00:00+01:00</time>
				<extensions>
					<swisstopo:routepoint_id>429201533</swisstopo:routepoint_id>
				</extensions>
			</trkpt>
			<trkpt lat="46.8699453298" lon="8.4705080671">
				<ele>2243.0</ele>
				<time>1970-01-01T01:00:00+01:00</time>
				<extensions>
					<swisstopo:routepoint_id>959975298</swisstopo:routepoint_id>
				</extensions>
			</trkpt>
			<trkpt lat="46.8699678492" lon="8.4704819375">
				<ele>2243.1</ele>
				<time>1970-01-01T01:00:00+01:00</time>
				<extensions>
					<swisstopo:routepoint_id>1098693094</swisstopo:routepoint_id>
				</extensions>
			</trkpt>
			<trkpt lat="46.8700153247" lon="8.4704429575">
				<ele>2243.4</ele>
				<time>1970-01-01T01:00:00+01:00</time>
				<extensions>
					<swisstopo:routepoint_id>1352270161</swisstopo:routepoint_id>
				</extensions>
			</trkpt>
			<trkpt lat="46.8700566459" lon="8.4704118080">
				<ele>2244.1</ele>
				<time>1970-01-01T01:00:00+01:00</time>
				<extensions>
					<swisstopo:routepoint_id>1498984997</swisstopo:routepoint_id>
				</extensions>
			</trkpt>
			<trkpt lat="46.8700978324" lon="8.4703965692">
				<ele>2244.1</ele>
				<time>1970-01-01T01:00:00+01:00</time>
				<extensions>
					<swisstopo:routepoint_id>1402507261</swisstopo:routepoint_id>
				</extensions>
			</trkpt>
			<trkpt lat="46.8701471938" lon="8.4703735097">
				<ele>2244.7</ele>
				<time>1970-01-01T01:00:00+01:00</time>
				<extensions>
					<swisstopo:routepoint_id>597049613</swisstopo:routepoint_id>
				</extensions>
			</trkpt>
			<trkpt lat="46.8702013831" lon="8.4703187353">
				<ele>2247.1</ele>
				<time>1970-01-01T01:00:00+01:00</time>
				<extensions>
					<swisstopo:routepoint_id>94179381</swisstopo:routepoint_id>
				</extensions>
			</trkpt>
			<trkpt lat="46.8702330813" lon="8.4702874396">
				<ele>2248.3</ele>
				<time>1970-01-01T01:00:00+01:00</time>
				<extensions>
					<swisstopo:routepoint_id>447671541</swisstopo:routepoint_id>
				</extensions>
			</trkpt>
			<trkpt lat="46.8702636252" lon="8.4702711447">
				<ele>2248.8</ele>
				<time>1970-01-01T01:00:00+01:00</time>
				<extensions>
					<swisstopo:routepoint_id>790526978</swisstopo:routepoint_id>
				</extensions>
			</trkpt>
			<trkpt lat="46.8702916754" lon="8.4702512825">
				<ele>2249.7</ele>
				<time>1970-01-01T01:00:00+01:00</time>
				<extensions>
					<swisstopo:routepoint_id>2050073028</swisstopo:routepoint_id>
				</extensions>
			</trkpt>
			<trkpt lat="46.8703236054" lon="8.4702517761">
				<ele>2249.6</ele>
				<time>1970-01-01T01:00:00+01:00</time>
				<extensions>
					<swisstopo:routepoint_id>1259188483</swisstopo:routepoint_id>
				</extensions>
			</trkpt>
			<trkpt lat="46.8703545843" lon="8.4702452092">
				<ele>2249.6</ele>
				<time>1970-01-01T01:00:00+01:00</time>
				<extensions>
					<swisstopo:routepoint_id>9338410</swisstopo:routepoint_id>
				</extensions>
			</trkpt>
			<trkpt lat="46.8703912111" lon="8.4702290020">
				<ele>2250.3</ele>
				<time>1970-01-01T01:00:00+01:00</time>
				<extensions>
					<swisstopo:routepoint_id>460922111</swisstopo:routepoint_id>
				</extensions>
			</trkpt>
			<trkpt lat="46.8704400834" lon="8.4702041650">
				<ele>2251.4</ele>
				<time>1970-01-01T01:00:00+01:00</time>
				<extensions>
					<swisstopo:routepoint_id>1183151674</swisstopo:routepoint_id>
				</extensions>
			</trkpt>
			<trkpt lat="46.8704893497" lon="8.4702359882">
				<ele>2250.3</ele>
				<time>1970-01-01T01:00:00+01:00</time>
				<extensions>
					<swisstopo:routepoint_id>1003931196</swisstopo:routepoint_id>
				</extensions>
			</trkpt>
			<trkpt lat="46.8705290302" lon="8.4702430835">
				<ele>2249.5</ele>
				<time>1970-01-01T01:00:00+01:00</time>
				<extensions>
					<swisstopo:routepoint_id>644174363</swisstopo:routepoint_id>
				</extensions>
			</trkpt>
			<trkpt lat="46.8705784108" lon="8.4702339678">
				<ele>2249.5</ele>
				<time>1970-01-01T01:00:00+01:00</time>
				<extensions>
					<swisstopo:routepoint_id>1900865301</swisstopo:routepoint_id>
				</extensions>
			</trkpt>
			<trkpt lat="46.8706174331" lon="8.4702322115">
				<ele>2249.5</ele>
				<time>1970-01-01T01:00:00+01:00</time>
				<extensions>
					<swisstopo:routepoint_id>2009890735</swisstopo:routepoint_id>
				</extensions>
			</trkpt>
			<trkpt lat="46.8706262477" lon="8.4701836475">
				<ele>2250.1</ele>
				<time>1970-01-01T01:00:00+01:00</time>
				<extensions>
					<swisstopo:routepoint_id>338783597</swisstopo:routepoint_id>
				</extensions>
			</trkpt>
			<trkpt lat="46.8706348207" lon="8.4701048598">
				<ele>2249.7</ele>
				<time>1970-01-01T01:00:00+01:00</time>
				<extensions>
					<swisstopo:routepoint_id>1545472354</swisstopo:routepoint_id>
				</extensions>
			</trkpt>
			<trkpt lat="46.8706472595" lon="8.4699841128">
				<ele>2249.3</ele>
				<time>1970-01-01T01:00:00+01:00</time>
				<extensions>
					<swisstopo:routepoint_id>422050201</swisstopo:routepoint_id>
				</extensions>
			</trkpt>
			<trkpt lat="46.8706592887" lon="8.4698693275">
				<ele>2248.6</ele>
				<time>1970-01-01T01:00:00+01:00</time>
				<extensions>
					<swisstopo:routepoint_id>920241020</swisstopo:routepoint_id>
				</extensions>
			</trkpt>
			<trkpt lat="46.8706587011" lon="8.4698229083">
				<ele>2248.4</ele>
				<time>1970-01-01T01:00:00+01:00</time>
				<extensions>
					<swisstopo:routepoint_id>1367605662</swisstopo:routepoint_id>
				</extensions>
			</trkpt>
			<trkpt lat="46.8706518175" lon="8.4697439780">
				<ele>2247.8</ele>
				<time>1970-01-01T01:00:00+01:00</time>
				<extensions>
					<swisstopo:routepoint_id>1011716257</swisstopo:routepoint_id>
				</extensions>
			</trkpt>
			<trkpt lat="46.8706473540" lon="8.4696782277">
				<ele>2246.9</ele>
				<time>1970-01-01T01:00:00+01:00</time>
				<extensions>
					<swisstopo:routepoint_id>1659907781</swisstopo:routepoint_id>
				</extensions>
			</trkpt>
			<trkpt lat="46.8706475213" lon="8.4696055462">
				<ele>2245.6</ele>
				<time>1970-01-01T01:00:00+01:00</time>
				<extensions>
					<swisstopo:routepoint_id>91935000</swisstopo:routepoint_id>
				</extensions>
			</trkpt>
			<trkpt lat="46.8706551410" lon="8.4695496382">
				<ele>2244.6</ele>
				<time>1970-01-01T01:00:00+01:00</time>
				<extensions>
					<swisstopo:routepoint_id>1444734082</swisstopo:routepoint_id>
				</extensions>
			</trkpt>
			<trkpt lat="46.8706709715" lon="8.4695102108">
				<ele>2244.1</ele>
				<time>1970-01-01T01:00:00+01:00</time>
				<extensions>
					<swisstopo:routepoint_id>267972351</swisstopo:routepoint_id>
				</extensions>
			</trkpt>
			<trkpt lat="46.8706681045" lon="8.4694807983">
				<ele>2243.7</ele>
				<time>1970-01-01T01:00:00+01:00</time>
				<extensions>
					<swisstopo:routepoint_id>1477093236</swisstopo:routepoint_id>
				</extensions>
			</trkpt>
			<trkpt lat="46.8706707908" lon="8.4694434633">
				<ele>2243.1</ele>
				<time>1970-01-01T01:00:00+01:00</time>
				<extensions>
					<swisstopo:routepoint_id>13833793</swisstopo:routepoint_id>
				</extensions>
			</trkpt>
			<trkpt lat="46.8706721137" lon="8.4693834123">
				<ele>2242.4</ele>
				<time>1970-01-01T01:00:00+01:00</time>
				<extensions>
					<swisstopo:routepoint_id>1224415019</swisstopo:routepoint_id>
				</extensions>
			</trkpt>
			<trkpt lat="46.8706640826" lon="8.4693191917">
				<ele>2241.1</ele>
				<time>1970-01-01T01:00:00+01:00</time>
				<extensions>
					<swisstopo:routepoint_id>1608473949</swisstopo:routepoint_id>
				</extensions>
			</trkpt>
			<trkpt lat="46.8706474015" lon="8.4692575085">
				<ele>2240.0</ele>
				<time>1970-01-01T01:00:00+01:00</time>
				<extensions>
					<swisstopo:routepoint_id>1843669481</swisstopo:routepoint_id>
				</extensions>
			</trkpt>
			<trkpt lat="46.8706237916" lon="8.4691823380">
				<ele>2238.3</ele>
				<time>1970-01-01T01:00:00+01:00</time>
				<extensions>
					<swisstopo:routepoint_id>755220548</swisstopo:routepoint_id>
				</extensions>
			</trkpt>
			<trkpt lat="46.8706195041" lon="8.4691355437">
				<ele>2237.4</ele>
				<time>1970-01-01T01:00:00+01:00</time>
				<extensions>
					<swisstopo:routepoint_id>1404805616</swisstopo:routepoint_id>
				</extensions>
			</trkpt>
			<trkpt lat="46.8706299858" lon="8.4690169113">
				<ele>2235.2</ele>
				<time>1970-01-01T01:00:00+01:00</time>
				<extensions>
					<swisstopo:routepoint_id>954835720</swisstopo:routepoint_id>
				</extensions>
			</trkpt>
			<trkpt lat="46.8706483012" lon="8.4688970933">
				<ele>2232.7</ele>
				<time>1970-01-01T01:00:00+01:00</time>
				<extensions>
					<swisstopo:routepoint_id>1954006283</swisstopo:routepoint_id>
				</extensions>
			</trkpt>
			<trkpt lat="46.8706601496" lon="8.4687998414">
				<ele>2230.4</ele>
				<time>1970-01-01T01:00:00+01:00</time>
				<extensions>
					<swisstopo:routepoint_id>191590001</swisstopo:routepoint_id>
				</extensions>
			</trkpt>
			<trkpt lat="46.8706640709" lon="8.4687131309">
				<ele>2228.7</ele>
				<time>1970-01-01T01:00:00+01:00</time>
				<extensions>
					<swisstopo:routepoint_id>1335966706</swisstopo:routepoint_id>
				</extensions>
			</trkpt>
			<trkpt lat="46.8706852892" lon="8.4686187228">
				<ele>2226.7</ele>
				<time>1970-01-01T01:00:00+01:00</time>
				<extensions>
					<swisstopo:routepoint_id>781188568</swisstopo:routepoint_id>
				</extensions>
			</trkpt>
			<trkpt lat="46.8706905816" lon="8.4685534091">
				<ele>2225.4</ele>
				<time>1970-01-01T01:00:00+01:00</time>
				<extensions>
					<swisstopo:routepoint_id>1589150917</swisstopo:routepoint_id>
				</extensions>
			</trkpt>
			<trkpt lat="46.8706951042" lon="8.4684867388">
				<ele>2223.9</ele>
				<time>1970-01-01T01:00:00+01:00</time>
				<extensions>
					<swisstopo:routepoint_id>76036809</swisstopo:routepoint_id>
				</extensions>
			</trkpt>
			<trkpt lat="46.8707217240" lon="8.4684017597">
				<ele>2222.2</ele>
				<time>1970-01-01T01:00:00+01:00</time>
				<extensions>
					<swisstopo:routepoint_id>1152890862</swisstopo:routepoint_id>
				</extensions>
			</trkpt>
			<trkpt lat="46.8707710720" lon="8.4683171641">
				<ele>2220.4</ele>
				<time>1970-01-01T01:00:00+01:00</time>
				<extensions>
					<swisstopo:routepoint_id>1964231396</swisstopo:routepoint_id>
				</extensions>
			</trkpt>
			<trkpt lat="46.8708125278" lon="8.4682377849">
				<ele>2219.2</ele>
				<time>1970-01-01T01:00:00+01:00</time>
				<extensions>
					<swisstopo:routepoint_id>1429770020</swisstopo:routepoint_id>
				</extensions>
			</trkpt>
			<trkpt lat="46.8708680305" lon="8.4681653228">
				<ele>2217.7</ele>
				<time>1970-01-01T01:00:00+01:00</time>
				<extensions>
					<swisstopo:routepoint_id>1141524109</swisstopo:routepoint_id>
				</extensions>
			</trkpt>
			<trkpt lat="46.8708911463" lon="8.4681216627">
				<ele>2216.5</ele>
				<time>1970-01-01T01:00:00+01:00</time>
				<extensions>
					<swisstopo:routepoint_id>305390766</swisstopo:routepoint_id>
				</extensions>
			</trkpt>
			<trkpt lat="46.8709044058" lon="8.4680417918">
				<ele>2213.9</ele>
				<time>1970-01-01T01:00:00+01:00</time>
				<extensions>
					<swisstopo:routepoint_id>355392947</swisstopo:routepoint_id>
				</extensions>
			</trkpt>
			<trkpt lat="46.8709229979" lon="8.4679780292">
				<ele>2212.1</ele>
				<time>1970-01-01T01:00:00+01:00</time>
				<extensions>
					<swisstopo:routepoint_id>1587840534</swisstopo:routepoint_id>
				</extensions>
			</trkpt>
			<trkpt lat="46.8709469717" lon="8.4679263855">
				<ele>2211.2</ele>
				<time>1970-01-01T01:00:00+01:00</time>
				<extensions>
					<swisstopo:routepoint_id>1566026225</swisstopo:routepoint_id>
				</extensions>
			</trkpt>
			<trkpt lat="46.8709801359" lon="8.4678975820">
				<ele>2210.7</ele>
				<time>1970-01-01T01:00:00+01:00</time>
				<extensions>
					<swisstopo:routepoint_id>177866691</swisstopo:routepoint_id>
				</extensions>
			</trkpt>
			<trkpt lat="46.8710110148" lon="8.4678620734">
				<ele>2210.1</ele>
				<time>1970-01-01T01:00:00+01:00</time>
				<extensions>
					<swisstopo:routepoint_id>1557817591</swisstopo:routepoint_id>
				</extensions>
			</trkpt>
			<trkpt lat="46.8710350607" lon="8.4678024149">
				<ele>2208.5</ele>
				<time>1970-01-01T01:00:00+01:00</time>
				<extensions>
					<swisstopo:routepoint_id>1407816887</swisstopo:routepoint_id>
				</extensions>
			</trkpt>
			<trkpt lat="46.8710655899" lon="8.4677188356">
				<ele>2206.3</ele>
				<time>1970-01-01T01:00:00+01:00</time>
				<extensions>
					<swisstopo:routepoint_id>1275670662</swisstopo:routepoint_id>
				</extensions>
			</trkpt>
			<trkpt lat="46.8710820001" lon="8.4676363504">
				<ele>2203.8</ele>
				<time>1970-01-01T01:00:00+01:00</time>
				<extensions>
					<swisstopo:routepoint_id>1714465823</swisstopo:routepoint_id>
				</extensions>
			</trkpt>
			<trkpt lat="46.8710910340" lon="8.4675911109">
				<ele>2202.7</ele>
				<time>1970-01-01T01:00:00+01:00</time>
				<extensions>
					<swisstopo:routepoint_id>1391935429</swisstopo:routepoint_id>
				</extensions>
			</trkpt>
			<trkpt lat="46.8711252243" lon="8.4675356333">
				<ele>2200.9</ele>
				<time>1970-01-01T01:00:00+01:00</time>
				<extensions>
					<swisstopo:routepoint_id>762325412</swisstopo:routepoint_id>
				</extensions>
			</trkpt>
			<trkpt lat="46.8711436240" lon="8.4674932341">
				<ele>2199.2</ele>
				<time>1970-01-01T01:00:00+01:00</time>
				<extensions>
					<swisstopo:routepoint_id>1430900289</swisstopo:routepoint_id>
				</extensions>
			</trkpt>
			<trkpt lat="46.8711559453" lon="8.4674307027">
				<ele>2197.5</ele>
				<time>1970-01-01T01:00:00+01:00</time>
				<extensions>
					<swisstopo:routepoint_id>1191040980</swisstopo:routepoint_id>
				</extensions>
			</trkpt>
			<trkpt lat="46.8711812305" lon="8.4674071028">
				<ele>2196.7</ele>
				<time>1970-01-01T01:00:00+01:00</time>
				<extensions>
					<swisstopo:routepoint_id>2016102935</swisstopo:routepoint_id>
				</extensions>
			</trkpt>
			<trkpt lat="46.8712087618" lon="8.4673955619">
				<ele>2195.6</ele>
				<time>1970-01-01T01:00:00+01:00</time>
				<extensions>
					<swisstopo:routepoint_id>317647960</swisstopo:routepoint_id>
				</extensions>
			</trkpt>
			<trkpt lat="46.8712167770" lon="8.4673756831">
				<ele>2195.3</ele>
				<time>1970-01-01T01:00:00+01:00</time>
				<extensions>
					<swisstopo:routepoint_id>469194471</swisstopo:routepoint_id>
				</extensions>
			</trkpt>
			<trkpt lat="46.8711738632" lon="8.4673549235">
				<ele>2194.4</ele>
				<time>1970-01-01T01:00:00+01:00</time>
				<extensions>
					<swisstopo:routepoint_id>203668333</swisstopo:routepoint_id>
				</extensions>
			</trkpt>
			<trkpt lat="46.8711410187" lon="8.4673476855">
				<ele>2193.4</ele>
				<time>1970-01-01T01:00:00+01:00</time>
				<extensions>
					<swisstopo:routepoint_id>888833761</swisstopo:routepoint_id>
				</extensions>
			</trkpt>
			<trkpt lat="46.8711758915" lon="8.4673042240">
				<ele>2191.9</ele>
				<time>1970-01-01T01:00:00+01:00</time>
				<extensions>
					<swisstopo:routepoint_id>948697913</swisstopo:routepoint_id>
				</extensions>
			</trkpt>
			<trkpt lat="46.8712082781" lon="8.4672754179">
				<ele>2190.8</ele>
				<time>1970-01-01T01:00:00+01:00</time>
				<extensions>
					<swisstopo:routepoint_id>1213215615</swisstopo:routepoint_id>
				</extensions>
			</trkpt>
			<trkpt lat="46.8712370503" lon="8.4672118237">
				<ele>2188.7</ele>
				<time>1970-01-01T01:00:00+01:00</time>
				<extensions>
					<swisstopo:routepoint_id>1766352661</swisstopo:routepoint_id>
				</extensions>
			</trkpt>
			<trkpt lat="46.8712526108" lon="8.4671373379">
				<ele>2186.2</ele>
				<time>1970-01-01T01:00:00+01:00</time>
				<extensions>
					<swisstopo:routepoint_id>1172817715</swisstopo:routepoint_id>
				</extensions>
			</trkpt>
			<trkpt lat="46.8712569723" lon="8.4670880185">
				<ele>2184.1</ele>
				<time>1970-01-01T01:00:00+01:00</time>
				<extensions>
					<swisstopo:routepoint_id>749922732</swisstopo:routepoint_id>
				</extensions>
			</trkpt>
			<trkpt lat="46.8712668912" lon="8.4670307924">
				<ele>2182.5</ele>
				<time>1970-01-01T01:00:00+01:00</time>
				<extensions>
					<swisstopo:routepoint_id>1259929897</swisstopo:routepoint_id>
				</extensions>
			</trkpt>
			<trkpt lat="46.8712868632" lon="8.4669884101">
				<ele>2180.9</ele>
				<time>1970-01-01T01:00:00+01:00</time>
				<extensions>
					<swisstopo:routepoint_id>1775781354</swisstopo:routepoint_id>
				</extensions>
			</trkpt>
			<trkpt lat="46.8713085829" lon="8.4669260419">
				<ele>2179.1</ele>
				<time>1970-01-01T01:00:00+01:00</time>
				<extensions>
					<swisstopo:routepoint_id>1772403169</swisstopo:routepoint_id>
				</extensions>
			</trkpt>
			<trkpt lat="46.8713285264" lon="8.4668863364">
				<ele>2178.1</ele>
				<time>1970-01-01T01:00:00+01:00</time>
				<extensions>
					<swisstopo:routepoint_id>793750436</swisstopo:routepoint_id>
				</extensions>
			</trkpt>
			<trkpt lat="46.8713664180" lon="8.4668549483">
				<ele>2177.8</ele>
				<time>1970-01-01T01:00:00+01:00</time>
				<extensions>
					<swisstopo:routepoint_id>11366752</swisstopo:routepoint_id>
				</extensions>
			</trkpt>
			<trkpt lat="46.8713777413" lon="8.4668164295">
				<ele>2176.2</ele>
				<time>1970-01-01T01:00:00+01:00</time>
				<extensions>
					<swisstopo:routepoint_id>1658840630</swisstopo:routepoint_id>
				</extensions>
			</trkpt>
			<trkpt lat="46.8713827666" lon="8.4667538350">
				<ele>2174.0</ele>
				<time>1970-01-01T01:00:00+01:00</time>
				<extensions>
					<swisstopo:routepoint_id>1074377073</swisstopo:routepoint_id>
				</extensions>
			</trkpt>
			<trkpt lat="46.8713507576" lon="8.4667508888">
				<ele>2172.8</ele>
				<time>1970-01-01T01:00:00+01:00</time>
				<extensions>
					<swisstopo:routepoint_id>1701167223</swisstopo:routepoint_id>
				</extensions>
			</trkpt>
			<trkpt lat="46.8712637441" lon="8.4667562816">
				<ele>2170.0</ele>
				<time>1970-01-01T01:00:00+01:00</time>
				<extensions>
					<swisstopo:routepoint_id>886848189</swisstopo:routepoint_id>
				</extensions>
			</trkpt>
			<trkpt lat="46.8711817373" lon="8.4667441559">
				<ele>2167.3</ele>
				<time>1970-01-01T01:00:00+01:00</time>
				<extensions>
					<swisstopo:routepoint_id>177526256</swisstopo:routepoint_id>
				</extensions>
			</trkpt>
			<trkpt lat="46.8710390534" lon="8.4667625507">
				<ele>2163.1</ele>
				<time>1970-01-01T01:00:00+01:00</time>
				<extensions>
					<swisstopo:routepoint_id>30022942</swisstopo:routepoint_id>
				</extensions>
			</trkpt>
			<trkpt lat="46.8710006984" lon="8.4667301254">
				<ele>2162.0</ele>
				<time>1970-01-01T01:00:00+01:00</time>
				<extensions>
					<swisstopo:routepoint_id>158209337</swisstopo:routepoint_id>
				</extensions>
			</trkpt>
			<trkpt lat="46.8709168349" lon="8.4667080845">
				<ele>2159.1</ele>
				<time>1970-01-01T01:00:00+01:00</time>
				<extensions>
					<swisstopo:routepoint_id>1049679677</swisstopo:routepoint_id>
				</extensions>
			</trkpt>
			<trkpt lat="46.8708398075" lon="8.4666883391">
				<ele>2156.2</ele>
				<time>1970-01-01T01:00:00+01:00</time>
				<extensions>
					<swisstopo:routepoint_id>1990835416</swisstopo:routepoint_id>
				</extensions>
			</trkpt>
			<trkpt lat="46.8708004529" lon="8.4666850445">
				<ele>2154.9</ele>
				<time>1970-01-01T01:00:00+01:00</time>
				<extensions>
					<swisstopo:routepoint_id>15881458</swisstopo:routepoint_id>
				</extensions>
			</trkpt>
			<trkpt lat="46.8707631223" lon="8.4666896699">
				<ele>2153.7</ele>
				<time>1970-01-01T01:00:00+01:00</time>
				<extensions>
					<swisstopo:routepoint_id>513345249</swisstopo:routepoint_id>
				</extensions>
			</trkpt>
			<trkpt lat="46.8707220692" lon="8.4667003891">
				<ele>2152.4</ele>
				<time>1970-01-01T01:00:00+01:00</time>
				<extensions>
					<swisstopo:routepoint_id>283565533</swisstopo:routepoint_id>
				</extensions>
			</trkpt>
			<trkpt lat="46.8706993572" lon="8.4667157886">
				<ele>2151.7</ele>
				<time>1970-01-01T01:00:00+01:00</time>
				<extensions>
					<swisstopo:routepoint_id>200894449</swisstopo:routepoint_id>
				</extensions>
			</trkpt>
			<trkpt lat="46.8706638834" lon="8.4667494132">
				<ele>2150.7</ele>
				<time>1970-01-01T01:00:00+01:00</time>
				<extensions>
					<swisstopo:routepoint_id>893706125</swisstopo:routepoint_id>
				</extensions>
			</trkpt>
			<trkpt lat="46.8706432890" lon="8.4667613366">
				<ele>2150.1</ele>
				<time>1970-01-01T01:00:00+01:00</time>
				<extensions>
					<swisstopo:routepoint_id>1113252329</swisstopo:routepoint_id>
				</extensions>
			</trkpt>
			<trkpt lat="46.8706154379" lon="8.4667635075">
				<ele>2149.4</ele>
				<time>1970-01-01T01:00:00+01:00</time>
				<extensions>
					<swisstopo:routepoint_id>721846508</swisstopo:routepoint_id>
				</extensions>
			</trkpt>
			<trkpt lat="46.8705893168" lon="8.4667481455">
				<ele>2148.4</ele>
				<time>1970-01-01T01:00:00+01:00</time>
				<extensions>
					<swisstopo:routepoint_id>1812434602</swisstopo:routepoint_id>
				</extensions>
			</trkpt>
			<trkpt lat="46.8705611741" lon="8.4667231180">
				<ele>2147.2</ele>
				<time>1970-01-01T01:00:00+01:00</time>
				<extensions>
					<swisstopo:routepoint_id>1576297847</swisstopo:routepoint_id>
				</extensions>
			</trkpt>
			<trkpt lat="46.8705372425" lon="8.4666972648">
				<ele>2146.1</ele>
				<time>1970-01-01T01:00:00+01:00</time>
				<extensions>
					<swisstopo:routepoint_id>1667980206</swisstopo:routepoint_id>
				</extensions>
			</trkpt>
			<trkpt lat="46.8705142625" lon="8.4666828435">
				<ele>2145.2</ele>
				<time>1970-01-01T01:00:00+01:00</time>
				<extensions>
					<swisstopo:routepoint_id>1137936366</swisstopo:routepoint_id>
				</extensions>
			</trkpt>
			<trkpt lat="46.8704823029" lon="8.4666744124">
				<ele>2144.0</ele>
				<time>1970-01-01T01:00:00+01:00</time>
				<extensions>
					<swisstopo:routepoint_id>1269964747</swisstopo:routepoint_id>
				</extensions>
			</trkpt>
			<trkpt lat="46.8704402351" lon="8.4666807215">
				<ele>2142.4</ele>
				<time>1970-01-01T01:00:00+01:00</time>
				<extensions>
					<swisstopo:routepoint_id>1923363846</swisstopo:routepoint_id>
				</extensions>
			</trkpt>
			<trkpt lat="46.8704176438" lon="8.4666812187">
				<ele>2141.5</ele>
				<time>1970-01-01T01:00:00+01:00</time>
				<extensions>
					<swisstopo:routepoint_id>463292883</swisstopo:routepoint_id>
				</extensions>
			</trkpt>
			<trkpt lat="46.8703978015" lon="8.4666686028">
				<ele>2140.6</ele>
				<time>1970-01-01T01:00:00+01:00</time>
				<extensions>
					<swisstopo:routepoint_id>506422764</swisstopo:routepoint_id>
				</extensions>
			</trkpt>
			<trkpt lat="46.8703660221" lon="8.4666391218">
				<ele>2139.2</ele>
				<time>1970-01-01T01:00:00+01:00</time>
				<extensions>
					<swisstopo:routepoint_id>1544520009</swisstopo:routepoint_id>
				</extensions>
			</trkpt>
			<trkpt lat="46.8703279044" lon="8.4666130393">
				<ele>2137.5</ele>
				<time>1970-01-01T01:00:00+01:00</time>
				<extensions>
					<swisstopo:routepoint_id>1125003211</swisstopo:routepoint_id>
				</extensions>
			</trkpt>
			<trkpt lat="46.8702860889" lon="8.4665912768">
				<ele>2135.6</ele>
				<time>1970-01-01T01:00:00+01:00</time>
				<extensions>
					<swisstopo:routepoint_id>466179461</swisstopo:routepoint_id>
				</extensions>
			</trkpt>
			<trkpt lat="46.8702489001" lon="8.4665801263">
				<ele>2134.0</ele>
				<time>1970-01-01T01:00:00+01:00</time>
				<extensions>
					<swisstopo:routepoint_id>1764414601</swisstopo:routepoint_id>
				</extensions>
			</trkpt>
			<trkpt lat="46.8701974518" lon="8.4665783845">
				<ele>2131.9</ele>
				<time>1970-01-01T01:00:00+01:00</time>
				<extensions>
					<swisstopo:routepoint_id>113562539</swisstopo:routepoint_id>
				</extensions>
			</trkpt>
			<trkpt lat="46.8701580262" lon="8.4665829827">
				<ele>2130.5</ele>
				<time>1970-01-01T01:00:00+01:00</time>
				<extensions>
					<swisstopo:routepoint_id>1866857011</swisstopo:routepoint_id>
				</extensions>
			</trkpt>
			<trkpt lat="46.8701295614" lon="8.4665947814">
				<ele>2129.6</ele>
				<time>1970-01-01T01:00:00+01:00</time>
				<extensions>
					<swisstopo:routepoint_id>457683177</swisstopo:routepoint_id>
				</extensions>
			</trkpt>
			<trkpt lat="46.8701074779" lon="8.4665979144">
				<ele>2129.0</ele>
				<time>1970-01-01T01:00:00+01:00</time>
				<extensions>
					<swisstopo:routepoint_id>771992441</swisstopo:routepoint_id>
				</extensions>
			</trkpt>
			<trkpt lat="46.8700754946" lon="8.4665921218">
				<ele>2127.9</ele>
				<time>1970-01-01T01:00:00+01:00</time>
				<extensions>
					<swisstopo:routepoint_id>896850817</swisstopo:routepoint_id>
				</extensions>
			</trkpt>
			<trkpt lat="46.8700299898" lon="8.4665702922">
				<ele>2126.2</ele>
				<time>1970-01-01T01:00:00+01:00</time>
				<extensions>
					<swisstopo:routepoint_id>1671144281</swisstopo:routepoint_id>
				</extensions>
			</trkpt>
			<trkpt lat="46.8700048317" lon="8.4665646043">
				<ele>2125.3</ele>
				<time>1970-01-01T01:00:00+01:00</time>
				<extensions>
					<swisstopo:routepoint_id>728638851</swisstopo:routepoint_id>
				</extensions>
			</trkpt>
			<trkpt lat="46.8699838214" lon="8.4665651317">
				<ele>2124.8</ele>
				<time>1970-01-01T01:00:00+01:00</time>
				<extensions>
					<swisstopo:routepoint_id>1275330226</swisstopo:routepoint_id>
				</extensions>
			</trkpt>
			<trkpt lat="46.8699539847" lon="8.4665541088">
				<ele>2124.0</ele>
				<time>1970-01-01T01:00:00+01:00</time>
				<extensions>
					<swisstopo:routepoint_id>186671174</swisstopo:routepoint_id>
				</extensions>
			</trkpt>
			<trkpt lat="46.8699251225" lon="8.4665509859">
				<ele>2123.6</ele>
				<time>1970-01-01T01:00:00+01:00</time>
				<extensions>
					<swisstopo:routepoint_id>142327879</swisstopo:routepoint_id>
				</extensions>
			</trkpt>
			<trkpt lat="46.8698947631" lon="8.4665399531">
				<ele>2123.4</ele>
				<time>1970-01-01T01:00:00+01:00</time>
				<extensions>
					<swisstopo:routepoint_id>536334428</swisstopo:routepoint_id>
				</extensions>
			</trkpt>
			<trkpt lat="46.8698864874" lon="8.4665257713">
				<ele>2123.3</ele>
				<time>1970-01-01T01:00:00+01:00</time>
				<extensions>
					<swisstopo:routepoint_id>1707269883</swisstopo:routepoint_id>
				</extensions>
			</trkpt>
			<trkpt lat="46.8698788673" lon="8.4664958234">
				<ele>2123.1</ele>
				<time>1970-01-01T01:00:00+01:00</time>
				<extensions>
					<swisstopo:routepoint_id>1962470656</swisstopo:routepoint_id>
				</extensions>
			</trkpt>
			<trkpt lat="46.8698944558" lon="8.4664431008">
				<ele>2121.3</ele>
				<time>1970-01-01T01:00:00+01:00</time>
				<extensions>
					<swisstopo:routepoint_id>1767122772</swisstopo:routepoint_id>
				</extensions>
			</trkpt>
			<trkpt lat="46.8699023368" lon="8.4664127124">
				<ele>2120.4</ele>
				<time>1970-01-01T01:00:00+01:00</time>
				<extensions>
					<swisstopo:routepoint_id>1317796852</swisstopo:routepoint_id>
				</extensions>
			</trkpt>
			<trkpt lat="46.8699164315" lon="8.4663810559">
				<ele>2119.5</ele>
				<time>1970-01-01T01:00:00+01:00</time>
				<extensions>
					<swisstopo:routepoint_id>1626531589</swisstopo:routepoint_id>
				</extensions>
			</trkpt>
			<trkpt lat="46.8699284912" lon="8.4663632370">
				<ele>2118.8</ele>
				<time>1970-01-01T01:00:00+01:00</time>
				<extensions>
					<swisstopo:routepoint_id>1228755171</swisstopo:routepoint_id>
				</extensions>
			</trkpt>
			<trkpt lat="46.8699363355" lon="8.4663383978">
				<ele>2118.2</ele>
				<time>1970-01-01T01:00:00+01:00</time>
				<extensions>
					<swisstopo:routepoint_id>1684438130</swisstopo:routepoint_id>
				</extensions>
			</trkpt>
			<trkpt lat="46.8699256528" lon="8.4663090319">
				<ele>2117.2</ele>
				<time>1970-01-01T01:00:00+01:00</time>
				<extensions>
					<swisstopo:routepoint_id>1201349950</swisstopo:routepoint_id>
				</extensions>
			</trkpt>
			<trkpt lat="46.8699206083" lon="8.4662867295">
				<ele>2116.5</ele>
				<time>1970-01-01T01:00:00+01:00</time>
				<extensions>
					<swisstopo:routepoint_id>674498236</swisstopo:routepoint_id>
				</extensions>
			</trkpt>
			<trkpt lat="46.8699389495" lon="8.4662586288">
				<ele>2115.5</ele>
				<time>1970-01-01T01:00:00+01:00</time>
				<extensions>
					<swisstopo:routepoint_id>306333099</swisstopo:routepoint_id>
				</extensions>
			</trkpt>
			<trkpt lat="46.8699486749" lon="8.4662365925">
				<ele>2114.8</ele>
				<time>1970-01-01T01:00:00+01:00</time>
				<extensions>
					<swisstopo:routepoint_id>1892100008</swisstopo:routepoint_id>
				</extensions>
			</trkpt>
			<trkpt lat="46.8699478590" lon="8.4662213074">
				<ele>2114.4</ele>
				<time>1970-01-01T01:00:00+01:00</time>
				<extensions>
					<swisstopo:routepoint_id>674643483</swisstopo:routepoint_id>
				</extensions>
			</trkpt>
			<trkpt lat="46.8699404136" lon="8.4662017261">
				<ele>2113.9</ele>
				<time>1970-01-01T01:00:00+01:00</time>
				<extensions>
					<swisstopo:routepoint_id>763541983</swisstopo:routepoint_id>
				</extensions>
			</trkpt>
			<trkpt lat="46.8699253179" lon="8.4661868633">
				<ele>2113.4</ele>
				<time>1970-01-01T01:00:00+01:00</time>
				<extensions>
					<swisstopo:routepoint_id>378843837</swisstopo:routepoint_id>
				</extensions>
			</trkpt>
			<trkpt lat="46.8699025399" lon="8.4661787937">
				<ele>2112.9</ele>
				<time>1970-01-01T01:00:00+01:00</time>
				<extensions>
					<swisstopo:routepoint_id>1485773320</swisstopo:routepoint_id>
				</extensions>
			</trkpt>
			<trkpt lat="46.8698768593" lon="8.4661755235">
				<ele>2112.2</ele>
				<time>1970-01-01T01:00:00+01:00</time>
				<extensions>
					<swisstopo:routepoint_id>40243303</swisstopo:routepoint_id>
				</extensions>
			</trkpt>
			<trkpt lat="46.8698636259" lon="8.4661655641">
				<ele>2111.8</ele>
				<time>1970-01-01T01:00:00+01:00</time>
				<extensions>
					<swisstopo:routepoint_id>1927589055</swisstopo:routepoint_id>
				</extensions>
			</trkpt>
			<trkpt lat="46.8698509267" lon="8.4661479674">
				<ele>2111.5</ele>
				<time>1970-01-01T01:00:00+01:00</time>
				<extensions>
					<swisstopo:routepoint_id>1011440672</swisstopo:routepoint_id>
				</extensions>
			</trkpt>
			<trkpt lat="46.8698416526" lon="8.4661207165">
				<ele>2111.2</ele>
				<time>1970-01-01T01:00:00+01:00</time>
				<extensions>
					<swisstopo:routepoint_id>746806097</swisstopo:routepoint_id>
				</extensions>
			</trkpt>
			<trkpt lat="46.8698313990" lon="8.4660959000">
				<ele>2110.8</ele>
				<time>1970-01-01T01:00:00+01:00</time>
				<extensions>
					<swisstopo:routepoint_id>1306731424</swisstopo:routepoint_id>
				</extensions>
			</trkpt>
			<trkpt lat="46.8698630477" lon="8.4660797649">
				<ele>2109.9</ele>
				<time>1970-01-01T01:00:00+01:00</time>
				<extensions>
					<swisstopo:routepoint_id>1489053746</swisstopo:routepoint_id>
				</extensions>
			</trkpt>
			<trkpt lat="46.8698995202" lon="8.4660523114">
				<ele>2108.8</ele>
				<time>1970-01-01T01:00:00+01:00</time>
				<extensions>
					<swisstopo:routepoint_id>970006194</swisstopo:routepoint_id>
				</extensions>
			</trkpt>
			<trkpt lat="46.8699418390" lon="8.4660170593">
				<ele>2107.7</ele>
				<time>1970-01-01T01:00:00+01:00</time>
				<extensions>
					<swisstopo:routepoint_id>934022544</swisstopo:routepoint_id>
				</extensions>
			</trkpt>
			<trkpt lat="46.8699683294" lon="8.4659903086">
				<ele>2107.0</ele>
				<time>1970-01-01T01:00:00+01:00</time>
				<extensions>
					<swisstopo:routepoint_id>43353589</swisstopo:routepoint_id>
				</extensions>
			</trkpt>
			<trkpt lat="46.8699915606" lon="8.4659757837">
				<ele>2106.3</ele>
				<time>1970-01-01T01:00:00+01:00</time>
				<extensions>
					<swisstopo:routepoint_id>1769004238</swisstopo:routepoint_id>
				</extensions>
			</trkpt>
			<trkpt lat="46.8700215434" lon="8.4659710304">
				<ele>2105.7</ele>
				<time>1970-01-01T01:00:00+01:00</time>
				<extensions>
					<swisstopo:routepoint_id>1484473107</swisstopo:routepoint_id>
				</extensions>
			</trkpt>
			<trkpt lat="46.8700483212" lon="8.4659714775">
				<ele>2105.4</ele>
				<time>1970-01-01T01:00:00+01:00</time>
				<extensions>
					<swisstopo:routepoint_id>586310972</swisstopo:routepoint_id>
				</extensions>
			</trkpt>
			<trkpt lat="46.8700599665" lon="8.4659611540">
				<ele>2105.3</ele>
				<time>1970-01-01T01:00:00+01:00</time>
				<extensions>
					<swisstopo:routepoint_id>738995798</swisstopo:routepoint_id>
				</extensions>
			</trkpt>
			<trkpt lat="46.8700790340" lon="8.4659421685">
				<ele>2104.9</ele>
				<time>1970-01-01T01:00:00+01:00</time>
				<extensions>
					<swisstopo:routepoint_id>626884939</swisstopo:routepoint_id>
				</extensions>
			</trkpt>
			<trkpt lat="46.8700991984" lon="8.4659179455">
				<ele>2104.6</ele>
				<time>1970-01-01T01:00:00+01:00</time>
				<extensions>
					<swisstopo:routepoint_id>327340871</swisstopo:routepoint_id>
				</extensions>
			</trkpt>
			<trkpt lat="46.8701379153" lon="8.4658738624">
				<ele>2104.1</ele>
				<time>1970-01-01T01:00:00+01:00</time>
				<extensions>
					<swisstopo:routepoint_id>916695304</swisstopo:routepoint_id>
				</extensions>
			</trkpt>
			<trkpt lat="46.8701691560" lon="8.4658454408">
				<ele>2103.4</ele>
				<time>1970-01-01T01:00:00+01:00</time>
				<extensions>
					<swisstopo:routepoint_id>389473031</swisstopo:routepoint_id>
				</extensions>
			</trkpt>
			<trkpt lat="46.8702077154" lon="8.4658189075">
				<ele>2102.9</ele>
				<time>1970-01-01T01:00:00+01:00</time>
				<extensions>
					<swisstopo:routepoint_id>335939067</swisstopo:routepoint_id>
				</extensions>
			</trkpt>
			<trkpt lat="46.8702353457" lon="8.4657816422">
				<ele>2102.1</ele>
				<time>1970-01-01T01:00:00+01:00</time>
				<extensions>
					<swisstopo:routepoint_id>538367600</swisstopo:routepoint_id>
				</extensions>
			</trkpt>
			<trkpt lat="46.8702587106" lon="8.4657522215">
				<ele>2101.5</ele>
				<time>1970-01-01T01:00:00+01:00</time>
				<extensions>
					<swisstopo:routepoint_id>1780842369</swisstopo:routepoint_id>
				</extensions>
			</trkpt>
			<trkpt lat="46.8703005845" lon="8.4657073049">
				<ele>2101.1</ele>
				<time>1970-01-01T01:00:00+01:00</time>
				<extensions>
					<swisstopo:routepoint_id>425181639</swisstopo:routepoint_id>
				</extensions>
			</trkpt>
			<trkpt lat="46.8703425493" lon="8.4656527504">
				<ele>2100.8</ele>
				<time>1970-01-01T01:00:00+01:00</time>
				<extensions>
					<swisstopo:routepoint_id>554256935</swisstopo:routepoint_id>
				</extensions>
			</trkpt>
			<trkpt lat="46.8703759907" lon="8.4656120826">
				<ele>2100.5</ele>
				<time>1970-01-01T01:00:00+01:00</time>
				<extensions>
					<swisstopo:routepoint_id>1378105031</swisstopo:routepoint_id>
				</extensions>
			</trkpt>
			<trkpt lat="46.8704031286" lon="8.4655704394">
				<ele>2100.3</ele>
				<time>1970-01-01T01:00:00+01:00</time>
				<extensions>
					<swisstopo:routepoint_id>1456733589</swisstopo:routepoint_id>
				</extensions>
			</trkpt>
			<trkpt lat="46.8704292686" lon="8.4655235057">
				<ele>2099.9</ele>
				<time>1970-01-01T01:00:00+01:00</time>
				<extensions>
					<swisstopo:routepoint_id>2147338401</swisstopo:routepoint_id>
				</extensions>
			</trkpt>
			<trkpt lat="46.8704438857" lon="8.4654737548">
				<ele>2099.5</ele>
				<time>1970-01-01T01:00:00+01:00</time>
				<extensions>
					<swisstopo:routepoint_id>1690274764</swisstopo:routepoint_id>
				</extensions>
			</trkpt>
			<trkpt lat="46.8704641085" lon="8.4654425126">
				<ele>2099.2</ele>
				<time>1970-01-01T01:00:00+01:00</time>
				<extensions>
					<swisstopo:routepoint_id>1513256171</swisstopo:routepoint_id>
				</extensions>
			</trkpt>
			<trkpt lat="46.8705100210" lon="8.4654169711">
				<ele>2098.6</ele>
				<time>1970-01-01T01:00:00+01:00</time>
				<extensions>
					<swisstopo:routepoint_id>1336353811</swisstopo:routepoint_id>
				</extensions>
			</trkpt>
			<trkpt lat="46.8705353322" lon="8.4654051115">
				<ele>2098.6</ele>
				<time>1970-01-01T01:00:00+01:00</time>
				<extensions>
					<swisstopo:routepoint_id>723298680</swisstopo:routepoint_id>
				</extensions>
			</trkpt>
			<trkpt lat="46.8705480936" lon="8.4653869117">
				<ele>2098.6</ele>
				<time>1970-01-01T01:00:00+01:00</time>
				<extensions>
					<swisstopo:routepoint_id>598738429</swisstopo:routepoint_id>
				</extensions>
			</trkpt>
			<trkpt lat="46.8705691764" lon="8.4653170953">
				<ele>2098.4</ele>
				<time>1970-01-01T01:00:00+01:00</time>
				<extensions>
					<swisstopo:routepoint_id>474332648</swisstopo:routepoint_id>
				</extensions>
			</trkpt>
			<trkpt lat="46.8705827551" lon="8.4652655663">
				<ele>2098.0</ele>
				<time>1970-01-01T01:00:00+01:00</time>
				<extensions>
					<swisstopo:routepoint_id>1440920853</swisstopo:routepoint_id>
				</extensions>
			</trkpt>
			<trkpt lat="46.8706232138" lon="8.4652030850">
				<ele>2097.3</ele>
				<time>1970-01-01T01:00:00+01:00</time>
				<extensions>
					<swisstopo:routepoint_id>620857631</swisstopo:routepoint_id>
				</extensions>
			</trkpt>
			<trkpt lat="46.8706705517" lon="8.4651337052">
				<ele>2096.3</ele>
				<time>1970-01-01T01:00:00+01:00</time>
				<extensions>
					<swisstopo:routepoint_id>1669870574</swisstopo:routepoint_id>
				</extensions>
			</trkpt>
			<trkpt lat="46.8707054595" lon="8.4651053401">
				<ele>2095.5</ele>
				<time>1970-01-01T01:00:00+01:00</time>
				<extensions>
					<swisstopo:routepoint_id>1924283551</swisstopo:routepoint_id>
				</extensions>
			</trkpt>
			<trkpt lat="46.8707491231" lon="8.4650964277">
				<ele>2094.7</ele>
				<time>1970-01-01T01:00:00+01:00</time>
				<extensions>
					<swisstopo:routepoint_id>372708880</swisstopo:routepoint_id>
				</extensions>
			</trkpt>
			<trkpt lat="46.8707858896" lon="8.4650988456">
				<ele>2094.3</ele>
				<time>1970-01-01T01:00:00+01:00</time>
				<extensions>
					<swisstopo:routepoint_id>1445700156</swisstopo:routepoint_id>
				</extensions>
			</trkpt>
			<trkpt lat="46.8708106580" lon="8.4650833566">
				<ele>2094.5</ele>
				<time>1970-01-01T01:00:00+01:00</time>
				<extensions>
					<swisstopo:routepoint_id>1348485604</swisstopo:routepoint_id>
				</extensions>
			</trkpt>
			<trkpt lat="46.8708310045" lon="8.4650417401">
				<ele>2094.3</ele>
				<time>1970-01-01T01:00:00+01:00</time>
				<extensions>
					<swisstopo:routepoint_id>1597033085</swisstopo:routepoint_id>
				</extensions>
			</trkpt>
			<trkpt lat="46.8708509191" lon="8.4649885350">
				<ele>2094.0</ele>
				<time>1970-01-01T01:00:00+01:00</time>
				<extensions>
					<swisstopo:routepoint_id>1604526265</swisstopo:routepoint_id>
				</extensions>
			</trkpt>
			<trkpt lat="46.8708731765" lon="8.4649674736">
				<ele>2093.7</ele>
				<time>1970-01-01T01:00:00+01:00</time>
				<extensions>
					<swisstopo:routepoint_id>1030008440</swisstopo:routepoint_id>
				</extensions>
			</trkpt>
			<trkpt lat="46.8708949912" lon="8.4649374943">
				<ele>2093.0</ele>
				<time>1970-01-01T01:00:00+01:00</time>
				<extensions>
					<swisstopo:routepoint_id>857588168</swisstopo:routepoint_id>
				</extensions>
			</trkpt>
			<trkpt lat="46.8709274796" lon="8.4648889356">
				<ele>2091.9</ele>
				<time>1970-01-01T01:00:00+01:00</time>
				<extensions>
					<swisstopo:routepoint_id>258970101</swisstopo:routepoint_id>
				</extensions>
			</trkpt>
			<trkpt lat="46.8709530707" lon="8.4648483157">
				<ele>2091.0</ele>
				<time>1970-01-01T01:00:00+01:00</time>
				<extensions>
					<swisstopo:routepoint_id>1969784142</swisstopo:routepoint_id>
				</extensions>
			</trkpt>
			<trkpt lat="46.8709770533" lon="8.4648112168">
				<ele>2090.3</ele>
				<time>1970-01-01T01:00:00+01:00</time>
				<extensions>
					<swisstopo:routepoint_id>237411908</swisstopo:routepoint_id>
				</extensions>
			</trkpt>
			<trkpt lat="46.8709969241" lon="8.4647633621">
				<ele>2089.9</ele>
				<time>1970-01-01T01:00:00+01:00</time>
				<extensions>
					<swisstopo:routepoint_id>2138885451</swisstopo:routepoint_id>
				</extensions>
			</trkpt>
			<trkpt lat="46.8710174252" lon="8.4647030294">
				<ele>2089.1</ele>
				<time>1970-01-01T01:00:00+01:00</time>
				<extensions>
					<swisstopo:routepoint_id>378327703</swisstopo:routepoint_id>
				</extensions>
			</trkpt>
			<trkpt lat="46.8710425009" lon="8.4646605997">
				<ele>2088.5</ele>
				<time>1970-01-01T01:00:00+01:00</time>
				<extensions>
					<swisstopo:routepoint_id>756114309</swisstopo:routepoint_id>
				</extensions>
			</trkpt>
			<trkpt lat="46.8710787852" lon="8.4645987327">
				<ele>2087.2</ele>
				<time>1970-01-01T01:00:00+01:00</time>
				<extensions>
					<swisstopo:routepoint_id>2058241076</swisstopo:routepoint_id>
				</extensions>
			</trkpt>
			<trkpt lat="46.8711082008" lon="8.4645421023">
				<ele>2085.9</ele>
				<time>1970-01-01T01:00:00+01:00</time>
				<extensions>
					<swisstopo:routepoint_id>2131594313</swisstopo:routepoint_id>
				</extensions>
			</trkpt>
			<trkpt lat="46.8711337715" lon="8.4645032495">
				<ele>2085.0</ele>
				<time>1970-01-01T01:00:00+01:00</time>
				<extensions>
					<swisstopo:routepoint_id>402737338</swisstopo:routepoint_id>
				</extensions>
			</trkpt>
			<trkpt lat="46.8711747743" lon="8.4644432305">
				<ele>2083.6</ele>
				<time>1970-01-01T01:00:00+01:00</time>
				<extensions>
					<swisstopo:routepoint_id>1115931697</swisstopo:routepoint_id>
				</extensions>
			</trkpt>
			<trkpt lat="46.8712166944" lon="8.4643975156">
				<ele>2082.2</ele>
				<time>1970-01-01T01:00:00+01:00</time>
				<extensions>
					<swisstopo:routepoint_id>554402182</swisstopo:routepoint_id>
				</extensions>
			</trkpt>
			<trkpt lat="46.8712363857" lon="8.4643701599">
				<ele>2081.7</ele>
				<time>1970-01-01T01:00:00+01:00</time>
				<extensions>
					<swisstopo:routepoint_id>1835313915</swisstopo:routepoint_id>
				</extensions>
			</trkpt>
			<trkpt lat="46.8712550308" lon="8.4643419164">
				<ele>2081.4</ele>
				<time>1970-01-01T01:00:00+01:00</time>
				<extensions>
					<swisstopo:routepoint_id>2090961066</swisstopo:routepoint_id>
				</extensions>
			</trkpt>
			<trkpt lat="46.8712642636" lon="8.4643081580">
				<ele>2081.1</ele>
				<time>1970-01-01T01:00:00+01:00</time>
				<extensions>
					<swisstopo:routepoint_id>810984590</swisstopo:routepoint_id>
				</extensions>
			</trkpt>
			<trkpt lat="46.8712626715" lon="8.4642510386">
				<ele>2080.6</ele>
				<time>1970-01-01T01:00:00+01:00</time>
				<extensions>
					<swisstopo:routepoint_id>966976083</swisstopo:routepoint_id>
				</extensions>
			</trkpt>
			<trkpt lat="46.8712564291" lon="8.4641849243">
				<ele>2079.6</ele>
				<time>1970-01-01T01:00:00+01:00</time>
				<extensions>
					<swisstopo:routepoint_id>914517742</swisstopo:routepoint_id>
				</extensions>
			</trkpt>
			<trkpt lat="46.8712559177" lon="8.4641233676">
				<ele>2078.3</ele>
				<time>1970-01-01T01:00:00+01:00</time>
				<extensions>
					<swisstopo:routepoint_id>862021163</swisstopo:routepoint_id>
				</extensions>
			</trkpt>
			<trkpt lat="46.8712609396" lon="8.4640315721">
				<ele>2076.4</ele>
				<time>1970-01-01T01:00:00+01:00</time>
				<extensions>
					<swisstopo:routepoint_id>1429861475</swisstopo:routepoint_id>
				</extensions>
			</trkpt>
			<trkpt lat="46.8712738772" lon="8.4639363244">
				<ele>2074.8</ele>
				<time>1970-01-01T01:00:00+01:00</time>
				<extensions>
					<swisstopo:routepoint_id>2125364446</swisstopo:routepoint_id>
				</extensions>
			</trkpt>
			<trkpt lat="46.8712932969" lon="8.4638804317">
				<ele>2073.9</ele>
				<time>1970-01-01T01:00:00+01:00</time>
				<extensions>
					<swisstopo:routepoint_id>951945722</swisstopo:routepoint_id>
				</extensions>
			</trkpt>
			<trkpt lat="46.8713054669" lon="8.4638110332">
				<ele>2072.9</ele>
				<time>1970-01-01T01:00:00+01:00</time>
				<extensions>
					<swisstopo:routepoint_id>1664120950</swisstopo:routepoint_id>
				</extensions>
			</trkpt>
			<trkpt lat="46.8713153384" lon="8.4637647968">
				<ele>2072.2</ele>
				<time>1970-01-01T01:00:00+01:00</time>
				<extensions>
					<swisstopo:routepoint_id>248148750</swisstopo:routepoint_id>
				</extensions>
			</trkpt>
			<trkpt lat="46.8713429169" lon="8.4636778151">
				<ele>2070.3</ele>
				<time>1970-01-01T01:00:00+01:00</time>
				<extensions>
					<swisstopo:routepoint_id>224170417</swisstopo:routepoint_id>
				</extensions>
			</trkpt>
			<trkpt lat="46.8713703596" lon="8.4636059949">
				<ele>2069.1</ele>
				<time>1970-01-01T01:00:00+01:00</time>
				<extensions>
					<swisstopo:routepoint_id>575797947</swisstopo:routepoint_id>
				</extensions>
			</trkpt>
			<trkpt lat="46.8713961529" lon="8.4635412754">
				<ele>2068.1</ele>
				<time>1970-01-01T01:00:00+01:00</time>
				<extensions>
					<swisstopo:routepoint_id>923159443</swisstopo:routepoint_id>
				</extensions>
			</trkpt>
			<trkpt lat="46.8714142041" lon="8.4635219297">
				<ele>2067.6</ele>
				<time>1970-01-01T01:00:00+01:00</time>
				<extensions>
					<swisstopo:routepoint_id>1988657539</swisstopo:routepoint_id>
				</extensions>
			</trkpt>
			<trkpt lat="46.8714403531" lon="8.4634768455">
				<ele>2066.7</ele>
				<time>1970-01-01T01:00:00+01:00</time>
				<extensions>
					<swisstopo:routepoint_id>318477164</swisstopo:routepoint_id>
				</extensions>
			</trkpt>
			<trkpt lat="46.8714586306" lon="8.4634307561">
				<ele>2066.1</ele>
				<time>1970-01-01T01:00:00+01:00</time>
				<extensions>
					<swisstopo:routepoint_id>739444917</swisstopo:routepoint_id>
				</extensions>
			</trkpt>
			<trkpt lat="46.8714856820" lon="8.4633437480">
				<ele>2064.6</ele>
				<time>1970-01-01T01:00:00+01:00</time>
				<extensions>
					<swisstopo:routepoint_id>1345556164</swisstopo:routepoint_id>
				</extensions>
			</trkpt>
			<trkpt lat="46.8715062941" lon="8.4632709327">
				<ele>2063.3</ele>
				<time>1970-01-01T01:00:00+01:00</time>
				<extensions>
					<swisstopo:routepoint_id>1207707945</swisstopo:routepoint_id>
				</extensions>
			</trkpt>
			<trkpt lat="46.8715253020" lon="8.4632016384">
				<ele>2061.7</ele>
				<time>1970-01-01T01:00:00+01:00</time>
				<extensions>
					<swisstopo:routepoint_id>620176260</swisstopo:routepoint_id>
				</extensions>
			</trkpt>
			<trkpt lat="46.8715437232" lon="8.4631394939">
				<ele>2060.8</ele>
				<time>1970-01-01T01:00:00+01:00</time>
				<extensions>
					<swisstopo:routepoint_id>267568297</swisstopo:routepoint_id>
				</extensions>
			</trkpt>
			<trkpt lat="46.8715755204" lon="8.4630507824">
				<ele>2058.5</ele>
				<time>1970-01-01T01:00:00+01:00</time>
				<extensions>
					<swisstopo:routepoint_id>1591456439</swisstopo:routepoint_id>
				</extensions>
			</trkpt>
			<trkpt lat="46.8715982006" lon="8.4629824514">
				<ele>2056.9</ele>
				<time>1970-01-01T01:00:00+01:00</time>
				<extensions>
					<swisstopo:routepoint_id>1628781246</swisstopo:routepoint_id>
				</extensions>
			</trkpt>
			<trkpt lat="46.8716158437" lon="8.4629488238">
				<ele>2056.0</ele>
				<time>1970-01-01T01:00:00+01:00</time>
				<extensions>
					<swisstopo:routepoint_id>80644375</swisstopo:routepoint_id>
				</extensions>
			</trkpt>
			<trkpt lat="46.8716435129" lon="8.4629100095">
				<ele>2054.7</ele>
				<time>1970-01-01T01:00:00+01:00</time>
				<extensions>
					<swisstopo:routepoint_id>2014848190</swisstopo:routepoint_id>
				</extensions>
			</trkpt>
			<trkpt lat="46.8716435129" lon="8.4629100095">
				<ele>2054.7</ele>
				<extensions>
					<swisstopo:waypoint_id>942309379</swisstopo:waypoint_id>
					<swisstopo:waypoint_is_controlpoint>1</swisstopo:waypoint_is_controlpoint>
					<swisstopo:waypoint_routepoint_id>2014848190</swisstopo:waypoint_routepoint_id>
					<swisstopo:waypoint_meters_into_tour>13481.410608</swisstopo:waypoint_meters_into_tour>
					<swisstopo:waypoint_trackpoint_id>swisstopo-10</swisstopo:waypoint_trackpoint_id>
					<swisstopo:waypoint_original_name>Waypoint</swisstopo:waypoint_original_name>
				</extensions>
				<name>swisstopo-10</name>
			</trkpt>
			<trkpt lat="46.8716637826" lon="8.4628764354">
				<ele>2053.8</ele>
				<time>1970-01-01T01:00:00+01:00</time>
				<extensions>
					<swisstopo:routepoint_id>1752079824</swisstopo:routepoint_id>
				</extensions>
			</trkpt>
			<trkpt lat="46.8716704408" lon="8.4628372855">
				<ele>2053.1</ele>
				<time>1970-01-01T01:00:00+01:00</time>
				<extensions>
					<swisstopo:routepoint_id>1925732506</swisstopo:routepoint_id>
				</extensions>
			</trkpt>
			<trkpt lat="46.8716761159" lon="8.4627891977">
				<ele>2052.3</ele>
				<time>1970-01-01T01:00:00+01:00</time>
				<extensions>
					<swisstopo:routepoint_id>1785617638</swisstopo:routepoint_id>
				</extensions>
			</trkpt>
			<trkpt lat="46.8716792772" lon="8.4627294815">
				<ele>2052.0</ele>
				<time>1970-01-01T01:00:00+01:00</time>
				<extensions>
					<swisstopo:routepoint_id>609012243</swisstopo:routepoint_id>
				</extensions>
			</trkpt>
			<trkpt lat="46.8716833320" lon="8.4626867304">
				<ele>2051.8</ele>
				<time>1970-01-01T01:00:00+01:00</time>
				<extensions>
					<swisstopo:routepoint_id>337666695</swisstopo:routepoint_id>
				</extensions>
			</trkpt>
			<trkpt lat="46.8716868729" lon="8.4626439663">
				<ele>2051.6</ele>
				<time>1970-01-01T01:00:00+01:00</time>
				<extensions>
					<swisstopo:routepoint_id>1833587727</swisstopo:routepoint_id>
				</extensions>
			</trkpt>
			<trkpt lat="46.8716912427" lon="8.4625655251">
				<ele>2050.2</ele>
				<time>1970-01-01T01:00:00+01:00</time>
				<extensions>
					<swisstopo:routepoint_id>1134826912</swisstopo:routepoint_id>
				</extensions>
			</trkpt>
			<trkpt lat="46.8716965705" lon="8.4624978212">
				<ele>2048.6</ele>
				<time>1970-01-01T01:00:00+01:00</time>
				<extensions>
					<swisstopo:routepoint_id>1534043034</swisstopo:routepoint_id>
				</extensions>
			</trkpt>
			<trkpt lat="46.8717092195" lon="8.4624346761">
				<ele>2047.2</ele>
				<time>1970-01-01T01:00:00+01:00</time>
				<extensions>
					<swisstopo:routepoint_id>1427042984</swisstopo:routepoint_id>
				</extensions>
			</trkpt>
			<trkpt lat="46.8717139209" lon="8.4623785568">
				<ele>2045.9</ele>
				<time>1970-01-01T01:00:00+01:00</time>
				<extensions>
					<swisstopo:routepoint_id>858648907</swisstopo:routepoint_id>
				</extensions>
			</trkpt>
			<trkpt lat="46.8717249054" lon="8.4623252056">
				<ele>2044.6</ele>
				<time>1970-01-01T01:00:00+01:00</time>
				<extensions>
					<swisstopo:routepoint_id>1249743779</swisstopo:routepoint_id>
				</extensions>
			</trkpt>
			<trkpt lat="46.8717363814" lon="8.4622763105">
				<ele>2043.5</ele>
				<time>1970-01-01T01:00:00+01:00</time>
				<extensions>
					<swisstopo:routepoint_id>911650129</swisstopo:routepoint_id>
				</extensions>
			</trkpt>
			<trkpt lat="46.8717474288" lon="8.4622149332">
				<ele>2042.4</ele>
				<time>1970-01-01T01:00:00+01:00</time>
				<extensions>
					<swisstopo:routepoint_id>858654385</swisstopo:routepoint_id>
				</extensions>
			</trkpt>
			<trkpt lat="46.8717545494" lon="8.4621240572">
				<ele>2041.1</ele>
				<time>1970-01-01T01:00:00+01:00</time>
				<extensions>
					<swisstopo:routepoint_id>793362236</swisstopo:routepoint_id>
				</extensions>
			</trkpt>
			<trkpt lat="46.8717609710" lon="8.4620519000">
				<ele>2040.1</ele>
				<time>1970-01-01T01:00:00+01:00</time>
				<extensions>
					<swisstopo:routepoint_id>1555715518</swisstopo:routepoint_id>
				</extensions>
			</trkpt>
			<trkpt lat="46.8717599837" lon="8.4619849805">
				<ele>2038.9</ele>
				<time>1970-01-01T01:00:00+01:00</time>
				<extensions>
					<swisstopo:routepoint_id>1687230295</swisstopo:routepoint_id>
				</extensions>
			</trkpt>
			<trkpt lat="46.8717624769" lon="8.4618815408">
				<ele>2037.1</ele>
				<time>1970-01-01T01:00:00+01:00</time>
				<extensions>
					<swisstopo:routepoint_id>912829039</swisstopo:routepoint_id>
				</extensions>
			</trkpt>
			<trkpt lat="46.8717703149" lon="8.4617683644">
				<ele>2035.2</ele>
				<time>1970-01-01T01:00:00+01:00</time>
				<extensions>
					<swisstopo:routepoint_id>586745831</swisstopo:routepoint_id>
				</extensions>
			</trkpt>
			<trkpt lat="46.8717756292" lon="8.4616426658">
				<ele>2033.3</ele>
				<time>1970-01-01T01:00:00+01:00</time>
				<extensions>
					<swisstopo:routepoint_id>1667780678</swisstopo:routepoint_id>
				</extensions>
			</trkpt>
			<trkpt lat="46.8717808892" lon="8.4615829877">
				<ele>2031.9</ele>
				<time>1970-01-01T01:00:00+01:00</time>
				<extensions>
					<swisstopo:routepoint_id>1082606070</swisstopo:routepoint_id>
				</extensions>
			</trkpt>
			<trkpt lat="46.8717824412" lon="8.4615268068">
				<ele>2030.7</ele>
				<time>1970-01-01T01:00:00+01:00</time>
				<extensions>
					<swisstopo:routepoint_id>1034824676</swisstopo:routepoint_id>
				</extensions>
			</trkpt>
			<trkpt lat="46.8717927503" lon="8.4614894987">
				<ele>2030.0</ele>
				<time>1970-01-01T01:00:00+01:00</time>
				<extensions>
					<swisstopo:routepoint_id>858667850</swisstopo:routepoint_id>
				</extensions>
			</trkpt>
			<trkpt lat="46.8718175014" lon="8.4614247739">
				<ele>2028.9</ele>
				<time>1970-01-01T01:00:00+01:00</time>
				<extensions>
					<swisstopo:routepoint_id>324209708</swisstopo:routepoint_id>
				</extensions>
			</trkpt>
			<trkpt lat="46.8718283339" lon="8.4613883677">
				<ele>2028.4</ele>
				<time>1970-01-01T01:00:00+01:00</time>
				<extensions>
					<swisstopo:routepoint_id>552780875</swisstopo:routepoint_id>
				</extensions>
			</trkpt>
			<trkpt lat="46.8718414022" lon="8.4613377187">
				<ele>2027.8</ele>
				<time>1970-01-01T01:00:00+01:00</time>
				<extensions>
					<swisstopo:routepoint_id>1350738676</swisstopo:routepoint_id>
				</extensions>
			</trkpt>
			<trkpt lat="46.8718417051" lon="8.4613038281">
				<ele>2027.4</ele>
				<time>1970-01-01T01:00:00+01:00</time>
				<extensions>
					<swisstopo:routepoint_id>62239328</swisstopo:routepoint_id>
				</extensions>
			</trkpt>
			<trkpt lat="46.8718357053" lon="8.4611494096">
				<ele>2025.3</ele>
				<time>1970-01-01T01:00:00+01:00</time>
				<extensions>
					<swisstopo:routepoint_id>536174407</swisstopo:routepoint_id>
				</extensions>
			</trkpt>
			<trkpt lat="46.8718339556" lon="8.4610512535">
				<ele>2023.5</ele>
				<time>1970-01-01T01:00:00+01:00</time>
				<extensions>
					<swisstopo:routepoint_id>96227867</swisstopo:routepoint_id>
				</extensions>
			</trkpt>
			<trkpt lat="46.8718370354" lon="8.4609995627">
				<ele>2022.6</ele>
				<time>1970-01-01T01:00:00+01:00</time>
				<extensions>
					<swisstopo:routepoint_id>1708089861</swisstopo:routepoint_id>
				</extensions>
			</trkpt>
			<trkpt lat="46.8718422242" lon="8.4609487896">
				<ele>2021.8</ele>
				<time>1970-01-01T01:00:00+01:00</time>
				<extensions>
					<swisstopo:routepoint_id>1586072286</swisstopo:routepoint_id>
				</extensions>
			</trkpt>
			<trkpt lat="46.8718410052" lon="8.4609077347">
				<ele>2021.7</ele>
				<time>1970-01-01T01:00:00+01:00</time>
				<extensions>
					<swisstopo:routepoint_id>229230552</swisstopo:routepoint_id>
				</extensions>
			</trkpt>
			<trkpt lat="46.8718318875" lon="8.4608692312">
				<ele>2021.3</ele>
				<time>1970-01-01T01:00:00+01:00</time>
				<extensions>
					<swisstopo:routepoint_id>1143067580</swisstopo:routepoint_id>
				</extensions>
			</trkpt>
			<trkpt lat="46.8718206862" lon="8.4608289170">
				<ele>2020.5</ele>
				<time>1970-01-01T01:00:00+01:00</time>
				<extensions>
					<swisstopo:routepoint_id>1588065810</swisstopo:routepoint_id>
				</extensions>
			</trkpt>
			<trkpt lat="46.8718125544" lon="8.4607975677">
				<ele>2019.8</ele>
				<time>1970-01-01T01:00:00+01:00</time>
				<extensions>
					<swisstopo:routepoint_id>2099513558</swisstopo:routepoint_id>
				</extensions>
			</trkpt>
			<trkpt lat="46.8718155544" lon="8.4607547947">
				<ele>2019.2</ele>
				<time>1970-01-01T01:00:00+01:00</time>
				<extensions>
					<swisstopo:routepoint_id>1621668979</swisstopo:routepoint_id>
				</extensions>
			</trkpt>
			<trkpt lat="46.8718249817" lon="8.4606996296">
				<ele>2018.4</ele>
				<time>1970-01-01T01:00:00+01:00</time>
				<extensions>
					<swisstopo:routepoint_id>951107309</swisstopo:routepoint_id>
				</extensions>
			</trkpt>
			<trkpt lat="46.8718319526" lon="8.4606239148">
				<ele>2017.3</ele>
				<time>1970-01-01T01:00:00+01:00</time>
				<extensions>
					<swisstopo:routepoint_id>406544743</swisstopo:routepoint_id>
				</extensions>
			</trkpt>
			<trkpt lat="46.8718281839" lon="8.4605756874">
				<ele>2016.7</ele>
				<time>1970-01-01T01:00:00+01:00</time>
				<extensions>
					<swisstopo:routepoint_id>276178005</swisstopo:routepoint_id>
				</extensions>
			</trkpt>
			<trkpt lat="46.8718102602" lon="8.4605227715">
				<ele>2015.8</ele>
				<time>1970-01-01T01:00:00+01:00</time>
				<extensions>
					<swisstopo:routepoint_id>284299254</swisstopo:routepoint_id>
				</extensions>
			</trkpt>
			<trkpt lat="46.8717880209" lon="8.4604813944">
				<ele>2015.2</ele>
				<time>1970-01-01T01:00:00+01:00</time>
				<extensions>
					<swisstopo:routepoint_id>515392855</swisstopo:routepoint_id>
				</extensions>
			</trkpt>
			<trkpt lat="46.8717611240" lon="8.4604327950">
				<ele>2014.4</ele>
				<time>1970-01-01T01:00:00+01:00</time>
				<extensions>
					<swisstopo:routepoint_id>2147478169</swisstopo:routepoint_id>
				</extensions>
			</trkpt>
			<trkpt lat="46.8717422199" lon="8.4603718438">
				<ele>2013.4</ele>
				<time>1970-01-01T01:00:00+01:00</time>
				<extensions>
					<swisstopo:routepoint_id>456381543</swisstopo:routepoint_id>
				</extensions>
			</trkpt>
			<trkpt lat="46.8717266299" lon="8.4602921987">
				<ele>2012.0</ele>
				<time>1970-01-01T01:00:00+01:00</time>
				<extensions>
					<swisstopo:routepoint_id>1503418259</swisstopo:routepoint_id>
				</extensions>
			</trkpt>
			<trkpt lat="46.8717198057" lon="8.4602323303">
				<ele>2010.9</ele>
				<time>1970-01-01T01:00:00+01:00</time>
				<extensions>
					<swisstopo:routepoint_id>1318907738</swisstopo:routepoint_id>
				</extensions>
			</trkpt>
			<trkpt lat="46.8717224512" lon="8.4601708187">
				<ele>2009.7</ele>
				<time>1970-01-01T01:00:00+01:00</time>
				<extensions>
					<swisstopo:routepoint_id>2028016844</swisstopo:routepoint_id>
				</extensions>
			</trkpt>
			<trkpt lat="46.8717323583" lon="8.4601201224">
				<ele>2008.8</ele>
				<time>1970-01-01T01:00:00+01:00</time>
				<extensions>
					<swisstopo:routepoint_id>968969687</swisstopo:routepoint_id>
				</extensions>
			</trkpt>
			<trkpt lat="46.8717571963" lon="8.4600455731">
				<ele>2007.4</ele>
				<time>1970-01-01T01:00:00+01:00</time>
				<extensions>
					<swisstopo:routepoint_id>19449617</swisstopo:routepoint_id>
				</extensions>
			</trkpt>
			<trkpt lat="46.8717799134" lon="8.4599727809">
				<ele>2006.2</ele>
				<time>1970-01-01T01:00:00+01:00</time>
				<extensions>
					<swisstopo:routepoint_id>1977706617</swisstopo:routepoint_id>
				</extensions>
			</trkpt>
			<trkpt lat="46.8718036749" lon="8.4599008996">
				<ele>2005.2</ele>
				<time>1970-01-01T01:00:00+01:00</time>
				<extensions>
					<swisstopo:routepoint_id>1699404802</swisstopo:routepoint_id>
				</extensions>
			</trkpt>
			<trkpt lat="46.8718073243" lon="8.4598447593">
				<ele>2004.7</ele>
				<time>1970-01-01T01:00:00+01:00</time>
				<extensions>
					<swisstopo:routepoint_id>809112827</swisstopo:routepoint_id>
				</extensions>
			</trkpt>
			<trkpt lat="46.8718076059" lon="8.4597537660">
				<ele>2003.3</ele>
				<time>1970-01-01T01:00:00+01:00</time>
				<extensions>
					<swisstopo:routepoint_id>758396362</swisstopo:routepoint_id>
				</extensions>
			</trkpt>
			<trkpt lat="46.8718081138" lon="8.4596957950">
				<ele>2002.5</ele>
				<time>1970-01-01T01:00:00+01:00</time>
				<extensions>
					<swisstopo:routepoint_id>482043801</swisstopo:routepoint_id>
				</extensions>
			</trkpt>
			<trkpt lat="46.8718150085" lon="8.4596298906">
				<ele>2001.7</ele>
				<time>1970-01-01T01:00:00+01:00</time>
				<extensions>
					<swisstopo:routepoint_id>1655412822</swisstopo:routepoint_id>
				</extensions>
			</trkpt>
			<trkpt lat="46.8718218376" lon="8.4595702285">
				<ele>2000.7</ele>
				<time>1970-01-01T01:00:00+01:00</time>
				<extensions>
					<swisstopo:routepoint_id>261970379</swisstopo:routepoint_id>
				</extensions>
			</trkpt>
			<trkpt lat="46.8718207331" lon="8.4595175792">
				<ele>1999.8</ele>
				<time>1970-01-01T01:00:00+01:00</time>
				<extensions>
					<swisstopo:routepoint_id>16606468</swisstopo:routepoint_id>
				</extensions>
			</trkpt>
			<trkpt lat="46.8718250398" lon="8.4594462734">
				<ele>1998.7</ele>
				<time>1970-01-01T01:00:00+01:00</time>
				<extensions>
					<swisstopo:routepoint_id>1254510809</swisstopo:routepoint_id>
				</extensions>
			</trkpt>
			<trkpt lat="46.8718317588" lon="8.4593999895">
				<ele>1998.2</ele>
				<time>1970-01-01T01:00:00+01:00</time>
				<extensions>
					<swisstopo:routepoint_id>501633115</swisstopo:routepoint_id>
				</extensions>
			</trkpt>
			<trkpt lat="46.8718478918" lon="8.4593583191">
				<ele>1997.8</ele>
				<time>1970-01-01T01:00:00+01:00</time>
				<extensions>
					<swisstopo:routepoint_id>1097585769</swisstopo:routepoint_id>
				</extensions>
			</trkpt>
			<trkpt lat="46.8718535504" lon="8.4593129071">
				<ele>1997.2</ele>
				<time>1970-01-01T01:00:00+01:00</time>
				<extensions>
					<swisstopo:routepoint_id>2014480963</swisstopo:routepoint_id>
				</extensions>
			</trkpt>
			<trkpt lat="46.8718497145" lon="8.4592709227">
				<ele>1996.6</ele>
				<time>1970-01-01T01:00:00+01:00</time>
				<extensions>
					<swisstopo:routepoint_id>565022280</swisstopo:routepoint_id>
				</extensions>
			</trkpt>
			<trkpt lat="46.8718444876" lon="8.4592083960">
				<ele>1995.9</ele>
				<time>1970-01-01T01:00:00+01:00</time>
				<extensions>
					<swisstopo:routepoint_id>2145490123</swisstopo:routepoint_id>
				</extensions>
			</trkpt>
			<trkpt lat="46.8718437162" lon="8.4591173955">
				<ele>1995.2</ele>
				<time>1970-01-01T01:00:00+01:00</time>
				<extensions>
					<swisstopo:routepoint_id>277200641</swisstopo:routepoint_id>
				</extensions>
			</trkpt>
			<trkpt lat="46.8718475799" lon="8.4590371748">
				<ele>1994.5</ele>
				<time>1970-01-01T01:00:00+01:00</time>
				<extensions>
					<swisstopo:routepoint_id>1668882249</swisstopo:routepoint_id>
				</extensions>
			</trkpt>
			<trkpt lat="46.8718481438" lon="8.4589729474">
				<ele>1993.9</ele>
				<time>1970-01-01T01:00:00+01:00</time>
				<extensions>
					<swisstopo:routepoint_id>636958501</swisstopo:routepoint_id>
				</extensions>
			</trkpt>
			<trkpt lat="46.8718443078" lon="8.4589309630">
				<ele>1993.3</ele>
				<time>1970-01-01T01:00:00+01:00</time>
				<extensions>
					<swisstopo:routepoint_id>1692968815</swisstopo:routepoint_id>
				</extensions>
			</trkpt>
			<trkpt lat="46.8718314854" lon="8.4588959709">
				<ele>1993.0</ele>
				<time>1970-01-01T01:00:00+01:00</time>
				<extensions>
					<swisstopo:routepoint_id>1345490974</swisstopo:routepoint_id>
				</extensions>
			</trkpt>
			<trkpt lat="46.8718192954" lon="8.4588476103">
				<ele>1992.6</ele>
				<time>1970-01-01T01:00:00+01:00</time>
				<extensions>
					<swisstopo:routepoint_id>666808055</swisstopo:routepoint_id>
				</extensions>
			</trkpt>
			<trkpt lat="46.8718095652" lon="8.4588189075">
				<ele>1992.5</ele>
				<time>1970-01-01T01:00:00+01:00</time>
				<extensions>
					<swisstopo:routepoint_id>2038635535</swisstopo:routepoint_id>
				</extensions>
			</trkpt>
			<trkpt lat="46.8717966862" lon="8.4587892663">
				<ele>1992.2</ele>
				<time>1970-01-01T01:00:00+01:00</time>
				<extensions>
					<swisstopo:routepoint_id>276183483</swisstopo:routepoint_id>
				</extensions>
			</trkpt>
			<trkpt lat="46.8717854938" lon="8.4587480609">
				<ele>1991.8</ele>
				<time>1970-01-01T01:00:00+01:00</time>
				<extensions>
					<swisstopo:routepoint_id>1975401359</swisstopo:routepoint_id>
				</extensions>
			</trkpt>
			<trkpt lat="46.8717715483" lon="8.4586604189">
				<ele>1991.4</ele>
				<time>1970-01-01T01:00:00+01:00</time>
				<extensions>
					<swisstopo:routepoint_id>1159458244</swisstopo:routepoint_id>
				</extensions>
			</trkpt>
			<trkpt lat="46.8717556961" lon="8.4586111099">
				<ele>1991.1</ele>
				<time>1970-01-01T01:00:00+01:00</time>
				<extensions>
					<swisstopo:routepoint_id>828570431</swisstopo:routepoint_id>
				</extensions>
			</trkpt>
			<trkpt lat="46.8717345421" lon="8.4585661740">
				<ele>1990.6</ele>
				<time>1970-01-01T01:00:00+01:00</time>
				<extensions>
					<swisstopo:routepoint_id>575848347</swisstopo:routepoint_id>
				</extensions>
			</trkpt>
			<trkpt lat="46.8717088722" lon="8.4584979735">
				<ele>1989.9</ele>
				<time>1970-01-01T01:00:00+01:00</time>
				<extensions>
					<swisstopo:routepoint_id>534448572</swisstopo:routepoint_id>
				</extensions>
			</trkpt>
			<trkpt lat="46.8716652045" lon="8.4583840048">
				<ele>1988.9</ele>
				<time>1970-01-01T01:00:00+01:00</time>
				<extensions>
					<swisstopo:routepoint_id>1299458121</swisstopo:routepoint_id>
				</extensions>
			</trkpt>
			<trkpt lat="46.8716251282" lon="8.4582798903">
				<ele>1987.8</ele>
				<time>1970-01-01T01:00:00+01:00</time>
				<extensions>
					<swisstopo:routepoint_id>50310227</swisstopo:routepoint_id>
				</extensions>
			</trkpt>
			<trkpt lat="46.8715924024" lon="8.4581776858">
				<ele>1986.6</ele>
				<time>1970-01-01T01:00:00+01:00</time>
				<extensions>
					<swisstopo:routepoint_id>1417048532</swisstopo:routepoint_id>
				</extensions>
			</trkpt>
			<trkpt lat="46.8715696741" lon="8.4581327336">
				<ele>1985.7</ele>
				<time>1970-01-01T01:00:00+01:00</time>
				<extensions>
					<swisstopo:routepoint_id>1357820437</swisstopo:routepoint_id>
				</extensions>
			</trkpt>
			<trkpt lat="46.8715500789" lon="8.4580904902">
				<ele>1985.0</ele>
				<time>1970-01-01T01:00:00+01:00</time>
				<extensions>
					<swisstopo:routepoint_id>1219310255</swisstopo:routepoint_id>
				</extensions>
			</trkpt>
			<trkpt lat="46.8715357527" lon="8.4580465628">
				<ele>1984.3</ele>
				<time>1970-01-01T01:00:00+01:00</time>
				<extensions>
					<swisstopo:routepoint_id>1217361001</swisstopo:routepoint_id>
				</extensions>
			</trkpt>
			<trkpt lat="46.8715309673" lon="8.4579929650">
				<ele>1984.0</ele>
				<time>1970-01-01T01:00:00+01:00</time>
				<extensions>
					<swisstopo:routepoint_id>1301183653</swisstopo:routepoint_id>
				</extensions>
			</trkpt>
			<trkpt lat="46.8715335321" lon="8.4579403720">
				<ele>1983.4</ele>
				<time>1970-01-01T01:00:00+01:00</time>
				<extensions>
					<swisstopo:routepoint_id>496425982</swisstopo:routepoint_id>
				</extensions>
			</trkpt>
			<trkpt lat="46.8715277592" lon="8.4578805109">
				<ele>1982.4</ele>
				<time>1970-01-01T01:00:00+01:00</time>
				<extensions>
					<swisstopo:routepoint_id>465437333</swisstopo:routepoint_id>
				</extensions>
			</trkpt>
			<trkpt lat="46.8715115188" lon="8.4578151393">
				<ele>1981.3</ele>
				<time>1970-01-01T01:00:00+01:00</time>
				<extensions>
					<swisstopo:routepoint_id>400902012</swisstopo:routepoint_id>
				</extensions>
			</trkpt>
			<trkpt lat="46.8714883867" lon="8.4577558942">
				<ele>1979.9</ele>
				<time>1970-01-01T01:00:00+01:00</time>
				<extensions>
					<swisstopo:routepoint_id>1907820912</swisstopo:routepoint_id>
				</extensions>
			</trkpt>
			<trkpt lat="46.8714610549" lon="8.4576974880">
				<ele>1978.8</ele>
				<time>1970-01-01T01:00:00+01:00</time>
				<extensions>
					<swisstopo:routepoint_id>1066504347</swisstopo:routepoint_id>
				</extensions>
			</trkpt>
			<trkpt lat="46.8714232240" lon="8.4576371252">
				<ele>1977.6</ele>
				<time>1970-01-01T01:00:00+01:00</time>
				<extensions>
					<swisstopo:routepoint_id>1387513494</swisstopo:routepoint_id>
				</extensions>
			</trkpt>
			<trkpt lat="46.8713894192" lon="8.4575964629">
				<ele>1976.8</ele>
				<time>1970-01-01T01:00:00+01:00</time>
				<extensions>
					<swisstopo:routepoint_id>2084094483</swisstopo:routepoint_id>
				</extensions>
			</trkpt>
			<trkpt lat="46.8713560734" lon="8.4575638242">
				<ele>1976.1</ele>
				<time>1970-01-01T01:00:00+01:00</time>
				<extensions>
					<swisstopo:routepoint_id>1099579293</swisstopo:routepoint_id>
				</extensions>
			</trkpt>
			<trkpt lat="46.8713390487" lon="8.4575278741">
				<ele>1975.5</ele>
				<time>1970-01-01T01:00:00+01:00</time>
				<extensions>
					<swisstopo:routepoint_id>1737280321</swisstopo:routepoint_id>
				</extensions>
			</trkpt>
			<trkpt lat="46.8713206635" lon="8.4574669350">
				<ele>1974.5</ele>
				<time>1970-01-01T01:00:00+01:00</time>
				<extensions>
					<swisstopo:routepoint_id>1043623679</swisstopo:routepoint_id>
				</extensions>
			</trkpt>
			<trkpt lat="46.8712999379" lon="8.4573738267">
				<ele>1973.4</ele>
				<time>1970-01-01T01:00:00+01:00</time>
				<extensions>
					<swisstopo:routepoint_id>1508531622</swisstopo:routepoint_id>
				</extensions>
			</trkpt>
			<trkpt lat="46.8712789897" lon="8.4573057034">
				<ele>1972.7</ele>
				<time>1970-01-01T01:00:00+01:00</time>
				<extensions>
					<swisstopo:routepoint_id>731715474</swisstopo:routepoint_id>
				</extensions>
			</trkpt>
			<trkpt lat="46.8712425450" lon="8.4572079034">
				<ele>1971.5</ele>
				<time>1970-01-01T01:00:00+01:00</time>
				<extensions>
					<swisstopo:routepoint_id>323391274</swisstopo:routepoint_id>
				</extensions>
			</trkpt>
			<trkpt lat="46.8712121972" lon="8.4571324923">
				<ele>1969.9</ele>
				<time>1970-01-01T01:00:00+01:00</time>
				<extensions>
					<swisstopo:routepoint_id>2117634094</swisstopo:routepoint_id>
				</extensions>
			</trkpt>
			<trkpt lat="46.8711673898" lon="8.4570292084">
				<ele>1967.9</ele>
				<time>1970-01-01T01:00:00+01:00</time>
				<extensions>
					<swisstopo:routepoint_id>1801816928</swisstopo:routepoint_id>
				</extensions>
			</trkpt>
			<trkpt lat="46.8711283482" lon="8.4569269124">
				<ele>1966.1</ele>
				<time>1970-01-01T01:00:00+01:00</time>
				<extensions>
					<swisstopo:routepoint_id>1069307491</swisstopo:routepoint_id>
				</extensions>
			</trkpt>
			<trkpt lat="46.8710979705" lon="8.4568559614">
				<ele>1964.8</ele>
				<time>1970-01-01T01:00:00+01:00</time>
				<extensions>
					<swisstopo:routepoint_id>838890344</swisstopo:routepoint_id>
				</extensions>
			</trkpt>
			<trkpt lat="46.8710506231" lon="8.4567428309">
				<ele>1963.2</ele>
				<time>1970-01-01T01:00:00+01:00</time>
				<extensions>
					<swisstopo:routepoint_id>879177291</swisstopo:routepoint_id>
				</extensions>
			</trkpt>
			<trkpt lat="46.8710166522" lon="8.4566611209">
				<ele>1962.2</ele>
				<time>1970-01-01T01:00:00+01:00</time>
				<extensions>
					<swisstopo:routepoint_id>1595096700</swisstopo:routepoint_id>
				</extensions>
			</trkpt>
			<trkpt lat="46.8709909177" lon="8.4566000570">
				<ele>1961.3</ele>
				<time>1970-01-01T01:00:00+01:00</time>
				<extensions>
					<swisstopo:routepoint_id>1399553012</swisstopo:routepoint_id>
				</extensions>
			</trkpt>
			<trkpt lat="46.8709770135" lon="8.4565440044">
				<ele>1960.2</ele>
				<time>1970-01-01T01:00:00+01:00</time>
				<extensions>
					<swisstopo:routepoint_id>625009672</swisstopo:routepoint_id>
				</extensions>
			</trkpt>
			<trkpt lat="46.8709801495" lon="8.4564432944">
				<ele>1958.2</ele>
				<time>1970-01-01T01:00:00+01:00</time>
				<extensions>
					<swisstopo:routepoint_id>1676595957</swisstopo:routepoint_id>
				</extensions>
			</trkpt>
			<trkpt lat="46.8709831462" lon="8.4563005130">
				<ele>1955.6</ele>
				<time>1970-01-01T01:00:00+01:00</time>
				<extensions>
					<swisstopo:routepoint_id>525538120</swisstopo:routepoint_id>
				</extensions>
			</trkpt>
			<trkpt lat="46.8709774174" lon="8.4561698316">
				<ele>1953.1</ele>
				<time>1970-01-01T01:00:00+01:00</time>
				<extensions>
					<swisstopo:routepoint_id>1264883687</swisstopo:routepoint_id>
				</extensions>
			</trkpt>
			<trkpt lat="46.8709694220" lon="8.4559935500">
				<ele>1949.9</ele>
				<time>1970-01-01T01:00:00+01:00</time>
				<extensions>
					<swisstopo:routepoint_id>2089121332</swisstopo:routepoint_id>
				</extensions>
			</trkpt>
			<trkpt lat="46.8709631599" lon="8.4558611144">
				<ele>1947.7</ele>
				<time>1970-01-01T01:00:00+01:00</time>
				<extensions>
					<swisstopo:routepoint_id>978483619</swisstopo:routepoint_id>
				</extensions>
			</trkpt>
			<trkpt lat="46.8709537941" lon="8.4557154758">
				<ele>1945.5</ele>
				<time>1970-01-01T01:00:00+01:00</time>
				<extensions>
					<swisstopo:routepoint_id>199687531</swisstopo:routepoint_id>
				</extensions>
			</trkpt>
			<trkpt lat="46.8709441764" lon="8.4555961205">
				<ele>1943.8</ele>
				<time>1970-01-01T01:00:00+01:00</time>
				<extensions>
					<swisstopo:routepoint_id>56636784</swisstopo:routepoint_id>
				</extensions>
			</trkpt>
			<trkpt lat="46.8709348259" lon="8.4554487246">
				<ele>1941.7</ele>
				<time>1970-01-01T01:00:00+01:00</time>
				<extensions>
					<swisstopo:routepoint_id>722884273</swisstopo:routepoint_id>
				</extensions>
			</trkpt>
			<trkpt lat="46.8709225615" lon="8.4553801502">
				<ele>1940.8</ele>
				<time>1970-01-01T01:00:00+01:00</time>
				<extensions>
					<swisstopo:routepoint_id>751923667</swisstopo:routepoint_id>
				</extensions>
			</trkpt>
			<trkpt lat="46.8709052794" lon="8.4552729150">
				<ele>1939.5</ele>
				<time>1970-01-01T01:00:00+01:00</time>
				<extensions>
					<swisstopo:routepoint_id>900281641</swisstopo:routepoint_id>
				</extensions>
			</trkpt>
			<trkpt lat="46.8708877440" lon="8.4551910973">
				<ele>1938.5</ele>
				<time>1970-01-01T01:00:00+01:00</time>
				<extensions>
					<swisstopo:routepoint_id>736088718</swisstopo:routepoint_id>
				</extensions>
			</trkpt>
			<trkpt lat="46.8708676139" lon="8.4550995889">
				<ele>1937.4</ele>
				<time>1970-01-01T01:00:00+01:00</time>
				<extensions>
					<swisstopo:routepoint_id>1546416634</swisstopo:routepoint_id>
				</extensions>
			</trkpt>
			<trkpt lat="46.8708553577" lon="8.4550301359">
				<ele>1936.4</ele>
				<time>1970-01-01T01:00:00+01:00</time>
				<extensions>
					<swisstopo:routepoint_id>1160872166</swisstopo:routepoint_id>
				</extensions>
			</trkpt>
			<trkpt lat="46.8708410451" lon="8.4549501236">
				<ele>1935.4</ele>
				<time>1970-01-01T01:00:00+01:00</time>
				<extensions>
					<swisstopo:routepoint_id>1971210077</swisstopo:routepoint_id>
				</extensions>
			</trkpt>
			<trkpt lat="46.8708250694" lon="8.4548192624">
				<ele>1933.3</ele>
				<time>1970-01-01T01:00:00+01:00</time>
				<extensions>
					<swisstopo:routepoint_id>2114408701</swisstopo:routepoint_id>
				</extensions>
			</trkpt>
			<trkpt lat="46.8708084519" lon="8.4546988965">
				<ele>1932.0</ele>
				<time>1970-01-01T01:00:00+01:00</time>
				<extensions>
					<swisstopo:routepoint_id>1797716821</swisstopo:routepoint_id>
				</extensions>
			</trkpt>
			<trkpt lat="46.8707893375" lon="8.4546135468">
				<ele>1931.1</ele>
				<time>1970-01-01T01:00:00+01:00</time>
				<extensions>
					<swisstopo:routepoint_id>1040470803</swisstopo:routepoint_id>
				</extensions>
			</trkpt>
			<trkpt lat="46.8707582408" lon="8.4544298252">
				<ele>1929.0</ele>
				<time>1970-01-01T01:00:00+01:00</time>
				<extensions>
					<swisstopo:routepoint_id>1738531319</swisstopo:routepoint_id>
				</extensions>
			</trkpt>
			<trkpt lat="46.8707403786" lon="8.4543269742">
				<ele>1927.8</ele>
				<time>1970-01-01T01:00:00+01:00</time>
				<extensions>
					<swisstopo:routepoint_id>1005564847</swisstopo:routepoint_id>
				</extensions>
			</trkpt>
			<trkpt lat="46.8707170504" lon="8.4542319039">
				<ele>1926.5</ele>
				<time>1970-01-01T01:00:00+01:00</time>
				<extensions>
					<swisstopo:routepoint_id>720232405</swisstopo:routepoint_id>
				</extensions>
			</trkpt>
			<trkpt lat="46.8706957938" lon="8.4541456219">
				<ele>1925.2</ele>
				<time>1970-01-01T01:00:00+01:00</time>
				<extensions>
					<swisstopo:routepoint_id>1538381176</swisstopo:routepoint_id>
				</extensions>
			</trkpt>
			<trkpt lat="46.8706823068" lon="8.4540910477">
				<ele>1924.8</ele>
				<time>1970-01-01T01:00:00+01:00</time>
				<extensions>
					<swisstopo:routepoint_id>1077382194</swisstopo:routepoint_id>
				</extensions>
			</trkpt>
			<trkpt lat="46.8706721531" lon="8.4540268948">
				<ele>1924.5</ele>
				<time>1970-01-01T01:00:00+01:00</time>
				<extensions>
					<swisstopo:routepoint_id>1401567431</swisstopo:routepoint_id>
				</extensions>
			</trkpt>
			<trkpt lat="46.8706495592" lon="8.4539107980">
				<ele>1923.4</ele>
				<time>1970-01-01T01:00:00+01:00</time>
				<extensions>
					<swisstopo:routepoint_id>1278743750</swisstopo:routepoint_id>
				</extensions>
			</trkpt>
			<trkpt lat="46.8706284680" lon="8.4538078865">
				<ele>1922.7</ele>
				<time>1970-01-01T01:00:00+01:00</time>
				<extensions>
					<swisstopo:routepoint_id>922639637</swisstopo:routepoint_id>
				</extensions>
			</trkpt>
			<trkpt lat="46.8706033695" lon="8.4537276846">
				<ele>1922.1</ele>
				<time>1970-01-01T01:00:00+01:00</time>
				<extensions>
					<swisstopo:routepoint_id>1621694438</swisstopo:routepoint_id>
				</extensions>
			</trkpt>
			<trkpt lat="46.8705826444" lon="8.4536422921">
				<ele>1921.9</ele>
				<time>1970-01-01T01:00:00+01:00</time>
				<extensions>
					<swisstopo:routepoint_id>1586820980</swisstopo:routepoint_id>
				</extensions>
			</trkpt>
			<trkpt lat="46.8705624975" lon="8.4535525423">
				<ele>1920.9</ele>
				<time>1970-01-01T01:00:00+01:00</time>
				<extensions>
					<swisstopo:routepoint_id>254167618</swisstopo:routepoint_id>
				</extensions>
			</trkpt>
			<trkpt lat="46.8705213253" lon="8.4534071977">
				<ele>1919.5</ele>
				<time>1970-01-01T01:00:00+01:00</time>
				<extensions>
					<swisstopo:routepoint_id>2065984391</swisstopo:routepoint_id>
				</extensions>
			</trkpt>
			<trkpt lat="46.8705013804" lon="8.4533524888">
				<ele>1918.6</ele>
				<time>1970-01-01T01:00:00+01:00</time>
				<extensions>
					<swisstopo:routepoint_id>874014892</swisstopo:routepoint_id>
				</extensions>
			</trkpt>
			<trkpt lat="46.8704726631" lon="8.4532573176">
				<ele>1917.9</ele>
				<time>1970-01-01T01:00:00+01:00</time>
				<extensions>
					<swisstopo:routepoint_id>1507609633</swisstopo:routepoint_id>
				</extensions>
			</trkpt>
			<trkpt lat="46.8704523036" lon="8.4531894705">
				<ele>1917.6</ele>
				<time>1970-01-01T01:00:00+01:00</time>
				<extensions>
					<swisstopo:routepoint_id>1734958273</swisstopo:routepoint_id>
				</extensions>
			</trkpt>
			<trkpt lat="46.8704315760" lon="8.4530961947">
				<ele>1917.8</ele>
				<time>1970-01-01T01:00:00+01:00</time>
				<extensions>
					<swisstopo:routepoint_id>1694538148</swisstopo:routepoint_id>
				</extensions>
			</trkpt>
			<trkpt lat="46.8704143845" lon="8.4530424300">
				<ele>1917.0</ele>
				<time>1970-01-01T01:00:00+01:00</time>
				<extensions>
					<swisstopo:routepoint_id>1065196156</swisstopo:routepoint_id>
				</extensions>
			</trkpt>
			<trkpt lat="46.8703982796" lon="8.4529807890">
				<ele>1916.2</ele>
				<time>1970-01-01T01:00:00+01:00</time>
				<extensions>
					<swisstopo:routepoint_id>2032484548</swisstopo:routepoint_id>
				</extensions>
			</trkpt>
			<trkpt lat="46.8703809309" lon="8.4528796936">
				<ele>1914.8</ele>
				<time>1970-01-01T01:00:00+01:00</time>
				<extensions>
					<swisstopo:routepoint_id>255599346</swisstopo:routepoint_id>
				</extensions>
			</trkpt>
			<trkpt lat="46.8703688458" lon="8.4527918410">
				<ele>1913.5</ele>
				<time>1970-01-01T01:00:00+01:00</time>
				<extensions>
					<swisstopo:routepoint_id>1595247512</swisstopo:routepoint_id>
				</extensions>
			</trkpt>
			<trkpt lat="46.8703670361" lon="8.4527360708">
				<ele>1912.8</ele>
				<time>1970-01-01T01:00:00+01:00</time>
				<extensions>
					<swisstopo:routepoint_id>1303838791</swisstopo:routepoint_id>
				</extensions>
			</trkpt>
			<trkpt lat="46.8703769630" lon="8.4526636263">
				<ele>1911.8</ele>
				<time>1970-01-01T01:00:00+01:00</time>
				<extensions>
					<swisstopo:routepoint_id>2134279202</swisstopo:routepoint_id>
				</extensions>
			</trkpt>
			<trkpt lat="46.8704104476" lon="8.4525233624">
				<ele>1910.0</ele>
				<time>1970-01-01T01:00:00+01:00</time>
				<extensions>
					<swisstopo:routepoint_id>1352990681</swisstopo:routepoint_id>
				</extensions>
			</trkpt>
			<trkpt lat="46.8704334015" lon="8.4523988770">
				<ele>1908.7</ele>
				<time>1970-01-01T01:00:00+01:00</time>
				<extensions>
					<swisstopo:routepoint_id>1886893123</swisstopo:routepoint_id>
				</extensions>
			</trkpt>
			<trkpt lat="46.8704624190" lon="8.4522682877">
				<ele>1907.0</ele>
				<time>1970-01-01T01:00:00+01:00</time>
				<extensions>
					<swisstopo:routepoint_id>912362289</swisstopo:routepoint_id>
				</extensions>
			</trkpt>
			<trkpt lat="46.8704982932" lon="8.4521050346">
				<ele>1905.0</ele>
				<time>1970-01-01T01:00:00+01:00</time>
				<extensions>
					<swisstopo:routepoint_id>1579491581</swisstopo:routepoint_id>
				</extensions>
			</trkpt>
			<trkpt lat="46.8705245852" lon="8.4519743931">
				<ele>1902.8</ele>
				<time>1970-01-01T01:00:00+01:00</time>
				<extensions>
					<swisstopo:routepoint_id>1510638993</swisstopo:routepoint_id>
				</extensions>
			</trkpt>
			<trkpt lat="46.8705512687" lon="8.4518614687">
				<ele>1901.2</ele>
				<time>1970-01-01T01:00:00+01:00</time>
				<extensions>
					<swisstopo:routepoint_id>930739273</swisstopo:routepoint_id>
				</extensions>
			</trkpt>
			<trkpt lat="46.8705899631" lon="8.4517504757">
				<ele>1900.2</ele>
				<time>1970-01-01T01:00:00+01:00</time>
				<extensions>
					<swisstopo:routepoint_id>375877382</swisstopo:routepoint_id>
				</extensions>
			</trkpt>
			<trkpt lat="46.8706118218" lon="8.4516897063">
				<ele>1899.1</ele>
				<time>1970-01-01T01:00:00+01:00</time>
				<extensions>
					<swisstopo:routepoint_id>792151973</swisstopo:routepoint_id>
				</extensions>
			</trkpt>
			<trkpt lat="46.8706340883" lon="8.4516448834">
				<ele>1898.3</ele>
				<time>1970-01-01T01:00:00+01:00</time>
				<extensions>
					<swisstopo:routepoint_id>320238398</swisstopo:routepoint_id>
				</extensions>
			</trkpt>
			<trkpt lat="46.8706717972" lon="8.4515852128">
				<ele>1896.6</ele>
				<time>1970-01-01T01:00:00+01:00</time>
				<extensions>
					<swisstopo:routepoint_id>200150142</swisstopo:routepoint_id>
				</extensions>
			</trkpt>
			<trkpt lat="46.8706923468" lon="8.4515483206">
				<ele>1896.0</ele>
				<time>1970-01-01T01:00:00+01:00</time>
				<extensions>
					<swisstopo:routepoint_id>2075666301</swisstopo:routepoint_id>
				</extensions>
			</trkpt>
			<trkpt lat="46.8707025163" lon="8.4515112843">
				<ele>1895.5</ele>
				<time>1970-01-01T01:00:00+01:00</time>
				<extensions>
					<swisstopo:routepoint_id>1466148621</swisstopo:routepoint_id>
				</extensions>
			</trkpt>
			<trkpt lat="46.8707029775" lon="8.4514581790">
				<ele>1894.9</ele>
				<time>1970-01-01T01:00:00+01:00</time>
				<extensions>
					<swisstopo:routepoint_id>259637426</swisstopo:routepoint_id>
				</extensions>
			</trkpt>
			<trkpt lat="46.8707062188" lon="8.4513989228">
				<ele>1894.8</ele>
				<time>1970-01-01T01:00:00+01:00</time>
				<extensions>
					<swisstopo:routepoint_id>154742557</swisstopo:routepoint_id>
				</extensions>
			</trkpt>
			<trkpt lat="46.8707138170" lon="8.4513423858">
				<ele>1894.6</ele>
				<time>1970-01-01T01:00:00+01:00</time>
				<extensions>
					<swisstopo:routepoint_id>1927356641</swisstopo:routepoint_id>
				</extensions>
			</trkpt>
			<trkpt lat="46.8707133055" lon="8.4512751087">
				<ele>1894.1</ele>
				<time>1970-01-01T01:00:00+01:00</time>
				<extensions>
					<swisstopo:routepoint_id>1839406418</swisstopo:routepoint_id>
				</extensions>
			</trkpt>
			<trkpt lat="46.8707067704" lon="8.4512095164">
				<ele>1893.2</ele>
				<time>1970-01-01T01:00:00+01:00</time>
				<extensions>
					<swisstopo:routepoint_id>668472018</swisstopo:routepoint_id>
				</extensions>
			</trkpt>
			<trkpt lat="46.8706964722" lon="8.4511350240">
				<ele>1892.3</ele>
				<time>1970-01-01T01:00:00+01:00</time>
				<extensions>
					<swisstopo:routepoint_id>1703193695</swisstopo:routepoint_id>
				</extensions>
			</trkpt>
			<trkpt lat="46.8706958514" lon="8.4510801418">
				<ele>1892.0</ele>
				<time>1970-01-01T01:00:00+01:00</time>
				<extensions>
					<swisstopo:routepoint_id>712806088</swisstopo:routepoint_id>
				</extensions>
			</trkpt>
			<trkpt lat="46.8706939697" lon="8.4510447025">
				<ele>1891.8</ele>
				<time>1970-01-01T01:00:00+01:00</time>
				<extensions>
					<swisstopo:routepoint_id>894041633</swisstopo:routepoint_id>
				</extensions>
			</trkpt>
			<trkpt lat="46.8706837354" lon="8.4509640208">
				<ele>1891.5</ele>
				<time>1970-01-01T01:00:00+01:00</time>
				<extensions>
					<swisstopo:routepoint_id>331026117</swisstopo:routepoint_id>
				</extensions>
			</trkpt>
			<trkpt lat="46.8706706868" lon="8.4508912606">
				<ele>1890.9</ele>
				<time>1970-01-01T01:00:00+01:00</time>
				<extensions>
					<swisstopo:routepoint_id>1326960391</swisstopo:routepoint_id>
				</extensions>
			</trkpt>
			<trkpt lat="46.8706510656" lon="8.4508201749">
				<ele>1890.3</ele>
				<time>1970-01-01T01:00:00+01:00</time>
				<extensions>
					<swisstopo:routepoint_id>442413477</swisstopo:routepoint_id>
				</extensions>
			</trkpt>
			<trkpt lat="46.8706287568" lon="8.4507437402">
				<ele>1889.9</ele>
				<time>1970-01-01T01:00:00+01:00</time>
				<extensions>
					<swisstopo:routepoint_id>1849957373</swisstopo:routepoint_id>
				</extensions>
			</trkpt>
			<trkpt lat="46.8706147373" lon="8.4506576874">
				<ele>1889.1</ele>
				<time>1970-01-01T01:00:00+01:00</time>
				<extensions>
					<swisstopo:routepoint_id>1438938802</swisstopo:routepoint_id>
				</extensions>
			</trkpt>
			<trkpt lat="46.8705974267" lon="8.4505724790">
				<ele>1888.3</ele>
				<time>1970-01-01T01:00:00+01:00</time>
				<extensions>
					<swisstopo:routepoint_id>1617432292</swisstopo:routepoint_id>
				</extensions>
			</trkpt>
			<trkpt lat="46.8705908271" lon="8.4505130890">
				<ele>1887.9</ele>
				<time>1970-01-01T01:00:00+01:00</time>
				<extensions>
					<swisstopo:routepoint_id>728645757</swisstopo:routepoint_id>
				</extensions>
			</trkpt>
			<trkpt lat="46.8705906929" lon="8.4504661648">
				<ele>1887.7</ele>
				<time>1970-01-01T01:00:00+01:00</time>
				<extensions>
					<swisstopo:routepoint_id>268803792</swisstopo:routepoint_id>
				</extensions>
			</trkpt>
			<trkpt lat="46.8705795806" lon="8.4504226417">
				<ele>1887.2</ele>
				<time>1970-01-01T01:00:00+01:00</time>
				<extensions>
					<swisstopo:routepoint_id>242256831</swisstopo:routepoint_id>
				</extensions>
			</trkpt>
			<trkpt lat="46.8705676218" lon="8.4503507829">
				<ele>1886.6</ele>
				<time>1970-01-01T01:00:00+01:00</time>
				<extensions>
					<swisstopo:routepoint_id>1564429316</swisstopo:routepoint_id>
				</extensions>
			</trkpt>
			<trkpt lat="46.8705422402" lon="8.4502504160">
				<ele>1885.8</ele>
				<time>1970-01-01T01:00:00+01:00</time>
				<extensions>
					<swisstopo:routepoint_id>1221916913</swisstopo:routepoint_id>
				</extensions>
			</trkpt>
			<trkpt lat="46.8705173284" lon="8.4501580194">
				<ele>1885.2</ele>
				<time>1970-01-01T01:00:00+01:00</time>
				<extensions>
					<swisstopo:routepoint_id>1920982748</swisstopo:routepoint_id>
				</extensions>
			</trkpt>
			<trkpt lat="46.8705080033" lon="8.4500985800">
				<ele>1884.6</ele>
				<time>1970-01-01T01:00:00+01:00</time>
				<extensions>
					<swisstopo:routepoint_id>376254130</swisstopo:routepoint_id>
				</extensions>
			</trkpt>
			<trkpt lat="46.8705059233" lon="8.4500224331">
				<ele>1884.0</ele>
				<time>1970-01-01T01:00:00+01:00</time>
				<extensions>
					<swisstopo:routepoint_id>2129106664</swisstopo:routepoint_id>
				</extensions>
			</trkpt>
			<trkpt lat="46.8705119308" lon="8.4499605517">
				<ele>1883.6</ele>
				<time>1970-01-01T01:00:00+01:00</time>
				<extensions>
					<swisstopo:routepoint_id>1203614198</swisstopo:routepoint_id>
				</extensions>
			</trkpt>
			<trkpt lat="46.8705177425" lon="8.4499208104">
				<ele>1883.3</ele>
				<time>1970-01-01T01:00:00+01:00</time>
				<extensions>
					<swisstopo:routepoint_id>718487019</swisstopo:routepoint_id>
				</extensions>
			</trkpt>
			<trkpt lat="46.8705101093" lon="8.4498551979">
				<ele>1882.3</ele>
				<time>1970-01-01T01:00:00+01:00</time>
				<extensions>
					<swisstopo:routepoint_id>610500875</swisstopo:routepoint_id>
				</extensions>
			</trkpt>
			<trkpt lat="46.8705010093" lon="8.4497692123">
				<ele>1880.9</ele>
				<time>1970-01-01T01:00:00+01:00</time>
				<extensions>
					<swisstopo:routepoint_id>175727240</swisstopo:routepoint_id>
				</extensions>
			</trkpt>
			<trkpt lat="46.8704927721" lon="8.4497098062">
				<ele>1880.0</ele>
				<time>1970-01-01T01:00:00+01:00</time>
				<extensions>
					<swisstopo:routepoint_id>863969320</swisstopo:routepoint_id>
				</extensions>
			</trkpt>
			<trkpt lat="46.8704937878" lon="8.4496549406">
				<ele>1879.4</ele>
				<time>1970-01-01T01:00:00+01:00</time>
				<extensions>
					<swisstopo:routepoint_id>1001573425</swisstopo:routepoint_id>
				</extensions>
			</trkpt>
			<trkpt lat="46.8704914270" lon="8.4496115294">
				<ele>1878.8</ele>
				<time>1970-01-01T01:00:00+01:00</time>
				<extensions>
					<swisstopo:routepoint_id>2087996364</swisstopo:routepoint_id>
				</extensions>
			</trkpt>
			<trkpt lat="46.8704940572" lon="8.4495602377">
				<ele>1878.0</ele>
				<time>1970-01-01T01:00:00+01:00</time>
				<extensions>
					<swisstopo:routepoint_id>1920923744</swisstopo:routepoint_id>
				</extensions>
			</trkpt>
			<trkpt lat="46.8704983497" lon="8.4495071790">
				<ele>1877.1</ele>
				<time>1970-01-01T01:00:00+01:00</time>
				<extensions>
					<swisstopo:routepoint_id>1686275628</swisstopo:routepoint_id>
				</extensions>
			</trkpt>
			<trkpt lat="46.8705011426" lon="8.4494364111">
				<ele>1876.0</ele>
				<time>1970-01-01T01:00:00+01:00</time>
				<extensions>
					<swisstopo:routepoint_id>567714656</swisstopo:routepoint_id>
				</extensions>
			</trkpt>
			<trkpt lat="46.8705067263" lon="8.4493603682">
				<ele>1874.8</ele>
				<time>1970-01-01T01:00:00+01:00</time>
				<extensions>
					<swisstopo:routepoint_id>1633754186</swisstopo:routepoint_id>
				</extensions>
			</trkpt>
			<trkpt lat="46.8705193142" lon="8.4492959218">
				<ele>1873.7</ele>
				<time>1970-01-01T01:00:00+01:00</time>
				<extensions>
					<swisstopo:routepoint_id>224162945</swisstopo:routepoint_id>
				</extensions>
			</trkpt>
			<trkpt lat="46.8705261764" lon="8.4492615003">
				<ele>1873.4</ele>
				<time>1970-01-01T01:00:00+01:00</time>
				<extensions>
					<swisstopo:routepoint_id>1126600330</swisstopo:routepoint_id>
				</extensions>
			</trkpt>
			<trkpt lat="46.8705365468" lon="8.4492005670">
				<ele>1872.7</ele>
				<time>1970-01-01T01:00:00+01:00</time>
				<extensions>
					<swisstopo:routepoint_id>1921914033</swisstopo:routepoint_id>
				</extensions>
			</trkpt>
			<trkpt lat="46.8705507874" lon="8.4491343806">
				<ele>1871.9</ele>
				<time>1970-01-01T01:00:00+01:00</time>
				<extensions>
					<swisstopo:routepoint_id>1372167578</swisstopo:routepoint_id>
				</extensions>
			</trkpt>
			<trkpt lat="46.8705699183" lon="8.4490726942">
				<ele>1870.9</ele>
				<time>1970-01-01T01:00:00+01:00</time>
				<extensions>
					<swisstopo:routepoint_id>1533329344</swisstopo:routepoint_id>
				</extensions>
			</trkpt>
			<trkpt lat="46.8705808064" lon="8.4490153126">
				<ele>1870.0</ele>
				<time>1970-01-01T01:00:00+01:00</time>
				<extensions>
					<swisstopo:routepoint_id>451628156</swisstopo:routepoint_id>
				</extensions>
			</trkpt>
			<trkpt lat="46.8705874389" lon="8.4489437103">
				<ele>1868.5</ele>
				<time>1970-01-01T01:00:00+01:00</time>
				<extensions>
					<swisstopo:routepoint_id>628552392</swisstopo:routepoint_id>
				</extensions>
			</trkpt>
			<trkpt lat="46.8705852815" lon="8.4488772951">
				<ele>1867.1</ele>
				<time>1970-01-01T01:00:00+01:00</time>
				<extensions>
					<swisstopo:routepoint_id>2035505237</swisstopo:routepoint_id>
				</extensions>
			</trkpt>
			<trkpt lat="46.8705760715" lon="8.4488036909">
				<ele>1865.9</ele>
				<time>1970-01-01T01:00:00+01:00</time>
				<extensions>
					<swisstopo:routepoint_id>972464833</swisstopo:routepoint_id>
				</extensions>
			</trkpt>
			<trkpt lat="46.8705640876" lon="8.4487344941">
				<ele>1864.8</ele>
				<time>1970-01-01T01:00:00+01:00</time>
				<extensions>
					<swisstopo:routepoint_id>1121311616</swisstopo:routepoint_id>
				</extensions>
			</trkpt>
			<trkpt lat="46.8705618129" lon="8.4486813512">
				<ele>1864.2</ele>
				<time>1970-01-01T01:00:00+01:00</time>
				<extensions>
					<swisstopo:routepoint_id>1170135010</swisstopo:routepoint_id>
				</extensions>
			</trkpt>
			<trkpt lat="46.8705700902" lon="8.4486088879">
				<ele>1863.7</ele>
				<time>1970-01-01T01:00:00+01:00</time>
				<extensions>
					<swisstopo:routepoint_id>1375175461</swisstopo:routepoint_id>
				</extensions>
			</trkpt>
			<trkpt lat="46.8705781589" lon="8.4485620920">
				<ele>1863.4</ele>
				<time>1970-01-01T01:00:00+01:00</time>
				<extensions>
					<swisstopo:routepoint_id>1311700089</swisstopo:routepoint_id>
				</extensions>
			</trkpt>
			<trkpt lat="46.8705719115" lon="8.4485248263">
				<ele>1862.9</ele>
				<time>1970-01-01T01:00:00+01:00</time>
				<extensions>
					<swisstopo:routepoint_id>1194370527</swisstopo:routepoint_id>
				</extensions>
			</trkpt>
			<trkpt lat="46.8705646307" lon="8.4484813492">
				<ele>1862.3</ele>
				<time>1970-01-01T01:00:00+01:00</time>
				<extensions>
					<swisstopo:routepoint_id>468757731</swisstopo:routepoint_id>
				</extensions>
			</trkpt>
			<trkpt lat="46.8705610936" lon="8.4483848294">
				<ele>1860.6</ele>
				<time>1970-01-01T01:00:00+01:00</time>
				<extensions>
					<swisstopo:routepoint_id>1188175186</swisstopo:routepoint_id>
				</extensions>
			</trkpt>
			<trkpt lat="46.8705630043" lon="8.4482892516">
				<ele>1859.1</ele>
				<time>1970-01-01T01:00:00+01:00</time>
				<extensions>
					<swisstopo:routepoint_id>1240293897</swisstopo:routepoint_id>
				</extensions>
			</trkpt>
			<trkpt lat="46.8705674145" lon="8.4482220415">
				<ele>1858.2</ele>
				<time>1970-01-01T01:00:00+01:00</time>
				<extensions>
					<swisstopo:routepoint_id>717368549</swisstopo:routepoint_id>
				</extensions>
			</trkpt>
			<trkpt lat="46.8705760161" lon="8.4481761346">
				<ele>1857.6</ele>
				<time>1970-01-01T01:00:00+01:00</time>
				<extensions>
					<swisstopo:routepoint_id>1805250758</swisstopo:routepoint_id>
				</extensions>
			</trkpt>
			<trkpt lat="46.8705809396" lon="8.4481124760">
				<ele>1856.7</ele>
				<time>1970-01-01T01:00:00+01:00</time>
				<extensions>
					<swisstopo:routepoint_id>1518605789</swisstopo:routepoint_id>
				</extensions>
			</trkpt>
			<trkpt lat="46.8705879341" lon="8.4480630098">
				<ele>1856.2</ele>
				<time>1970-01-01T01:00:00+01:00</time>
				<extensions>
					<swisstopo:routepoint_id>1027886958</swisstopo:routepoint_id>
				</extensions>
			</trkpt>
			<trkpt lat="46.8705836488" lon="8.4479885926">
				<ele>1855.2</ele>
				<time>1970-01-01T01:00:00+01:00</time>
				<extensions>
					<swisstopo:routepoint_id>2002001347</swisstopo:routepoint_id>
				</extensions>
			</trkpt>
			<trkpt lat="46.8705786480" lon="8.4479345331">
				<ele>1854.5</ele>
				<time>1970-01-01T01:00:00+01:00</time>
				<extensions>
					<swisstopo:routepoint_id>1756411098</swisstopo:routepoint_id>
				</extensions>
			</trkpt>
			<trkpt lat="46.8705714835" lon="8.4478777830">
				<ele>1853.7</ele>
				<time>1970-01-01T01:00:00+01:00</time>
				<extensions>
					<swisstopo:routepoint_id>235214524</swisstopo:routepoint_id>
				</extensions>
			</trkpt>
			<trkpt lat="46.8705617498" lon="8.4478015327">
				<ele>1852.5</ele>
				<time>1970-01-01T01:00:00+01:00</time>
				<extensions>
					<swisstopo:routepoint_id>1090529223</swisstopo:routepoint_id>
				</extensions>
			</trkpt>
			<trkpt lat="46.8705595891" lon="8.4477342385">
				<ele>1851.7</ele>
				<time>1970-01-01T01:00:00+01:00</time>
				<extensions>
					<swisstopo:routepoint_id>1462781444</swisstopo:routepoint_id>
				</extensions>
			</trkpt>
			<trkpt lat="46.8705595542" lon="8.4476749336">
				<ele>1851.0</ele>
				<time>1970-01-01T01:00:00+01:00</time>
				<extensions>
					<swisstopo:routepoint_id>1520281707</swisstopo:routepoint_id>
				</extensions>
			</trkpt>
			<trkpt lat="46.8705699577" lon="8.4476104594">
				<ele>1850.8</ele>
				<time>1970-01-01T01:00:00+01:00</time>
				<extensions>
					<swisstopo:routepoint_id>287169558</swisstopo:routepoint_id>
				</extensions>
			</trkpt>
			<trkpt lat="46.8705869698" lon="8.4475407697">
				<ele>1850.7</ele>
				<time>1970-01-01T01:00:00+01:00</time>
				<extensions>
					<swisstopo:routepoint_id>1462112683</swisstopo:routepoint_id>
				</extensions>
			</trkpt>
			<trkpt lat="46.8706046000" lon="8.4474622382">
				<ele>1850.2</ele>
				<time>1970-01-01T01:00:00+01:00</time>
				<extensions>
					<swisstopo:routepoint_id>1588597974</swisstopo:routepoint_id>
				</extensions>
			</trkpt>
			<trkpt lat="46.8706192792" lon="8.4473656796">
				<ele>1848.9</ele>
				<time>1970-01-01T01:00:00+01:00</time>
				<extensions>
					<swisstopo:routepoint_id>1859323801</swisstopo:routepoint_id>
				</extensions>
			</trkpt>
			<trkpt lat="46.8706267488" lon="8.4472697472">
				<ele>1847.4</ele>
				<time>1970-01-01T01:00:00+01:00</time>
				<extensions>
					<swisstopo:routepoint_id>999479015</swisstopo:routepoint_id>
				</extensions>
			</trkpt>
			<trkpt lat="46.8706390839" lon="8.4470568577">
				<ele>1842.9</ele>
				<time>1970-01-01T01:00:00+01:00</time>
				<extensions>
					<swisstopo:routepoint_id>1740754633</swisstopo:routepoint_id>
				</extensions>
			</trkpt>
			<trkpt lat="46.8706459062" lon="8.4469067368">
				<ele>1839.6</ele>
				<time>1970-01-01T01:00:00+01:00</time>
				<extensions>
					<swisstopo:routepoint_id>1470285876</swisstopo:routepoint_id>
				</extensions>
			</trkpt>
			<trkpt lat="46.8706558368" lon="8.4468475401">
				<ele>1838.2</ele>
				<time>1970-01-01T01:00:00+01:00</time>
				<extensions>
					<swisstopo:routepoint_id>743615186</swisstopo:routepoint_id>
				</extensions>
			</trkpt>
			<trkpt lat="46.8706682538" lon="8.4468207114">
				<ele>1837.5</ele>
				<time>1970-01-01T01:00:00+01:00</time>
				<extensions>
					<swisstopo:routepoint_id>1645307755</swisstopo:routepoint_id>
				</extensions>
			</trkpt>
			<trkpt lat="46.8706922565" lon="8.4468011045">
				<ele>1836.8</ele>
				<time>1970-01-01T01:00:00+01:00</time>
				<extensions>
					<swisstopo:routepoint_id>1626646971</swisstopo:routepoint_id>
				</extensions>
			</trkpt>
			<trkpt lat="46.8707211746" lon="8.4467894599">
				<ele>1836.2</ele>
				<time>1970-01-01T01:00:00+01:00</time>
				<extensions>
					<swisstopo:routepoint_id>1654724423</swisstopo:routepoint_id>
				</extensions>
			</trkpt>
			<trkpt lat="46.8707468483" lon="8.4467681397">
				<ele>1835.6</ele>
				<time>1970-01-01T01:00:00+01:00</time>
				<extensions>
					<swisstopo:routepoint_id>865370227</swisstopo:routepoint_id>
				</extensions>
			</trkpt>
			<trkpt lat="46.8708152904" lon="8.4466708039">
				<ele>1833.9</ele>
				<time>1970-01-01T01:00:00+01:00</time>
				<extensions>
					<swisstopo:routepoint_id>1744773020</swisstopo:routepoint_id>
				</extensions>
			</trkpt>
			<trkpt lat="46.8708574295" lon="8.4466043921">
				<ele>1832.9</ele>
				<time>1970-01-01T01:00:00+01:00</time>
				<extensions>
					<swisstopo:routepoint_id>1957095175</swisstopo:routepoint_id>
				</extensions>
			</trkpt>
			<trkpt lat="46.8708765352" lon="8.4465742122">
				<ele>1832.8</ele>
				<time>1970-01-01T01:00:00+01:00</time>
				<extensions>
					<swisstopo:routepoint_id>2123248131</swisstopo:routepoint_id>
				</extensions>
			</trkpt>
			<trkpt lat="46.8709075421" lon="8.4465119327">
				<ele>1832.2</ele>
				<time>1970-01-01T01:00:00+01:00</time>
				<extensions>
					<swisstopo:routepoint_id>906417730</swisstopo:routepoint_id>
				</extensions>
			</trkpt>
			<trkpt lat="46.8709368899" lon="8.4464505021">
				<ele>1831.0</ele>
				<time>1970-01-01T01:00:00+01:00</time>
				<extensions>
					<swisstopo:routepoint_id>123524903</swisstopo:routepoint_id>
				</extensions>
			</trkpt>
			<trkpt lat="46.8709615710" lon="8.4464151927">
				<ele>1830.0</ele>
				<time>1970-01-01T01:00:00+01:00</time>
				<extensions>
					<swisstopo:routepoint_id>2101560278</swisstopo:routepoint_id>
				</extensions>
			</trkpt>
			<trkpt lat="46.8710018236" lon="8.4463749412">
				<ele>1828.6</ele>
				<time>1970-01-01T01:00:00+01:00</time>
				<extensions>
					<swisstopo:routepoint_id>1898872829</swisstopo:routepoint_id>
				</extensions>
			</trkpt>
			<trkpt lat="46.8710494185" lon="8.4463179569">
				<ele>1827.2</ele>
				<time>1970-01-01T01:00:00+01:00</time>
				<extensions>
					<swisstopo:routepoint_id>1530408075</swisstopo:routepoint_id>
				</extensions>
			</trkpt>
			<trkpt lat="46.8710985831" lon="8.4462493278">
				<ele>1825.2</ele>
				<time>1970-01-01T01:00:00+01:00</time>
				<extensions>
					<swisstopo:routepoint_id>1869171756</swisstopo:routepoint_id>
				</extensions>
			</trkpt>
			<trkpt lat="46.8711379778" lon="8.4461992346">
				<ele>1823.7</ele>
				<time>1970-01-01T01:00:00+01:00</time>
				<extensions>
					<swisstopo:routepoint_id>1836965239</swisstopo:routepoint_id>
				</extensions>
			</trkpt>
			<trkpt lat="46.8711587876" lon="8.4461461176">
				<ele>1822.9</ele>
				<time>1970-01-01T01:00:00+01:00</time>
				<extensions>
					<swisstopo:routepoint_id>1950733059</swisstopo:routepoint_id>
				</extensions>
			</trkpt>
			<trkpt lat="46.8711694374" lon="8.4460910000">
				<ele>1822.2</ele>
				<time>1970-01-01T01:00:00+01:00</time>
				<extensions>
					<swisstopo:routepoint_id>1909678339</swisstopo:routepoint_id>
				</extensions>
			</trkpt>
			<trkpt lat="46.8711802931" lon="8.4460144781">
				<ele>1821.2</ele>
				<time>1970-01-01T01:00:00+01:00</time>
				<extensions>
					<swisstopo:routepoint_id>792672434</swisstopo:routepoint_id>
				</extensions>
			</trkpt>
			<trkpt lat="46.8711995132" lon="8.4459488293">
				<ele>1820.5</ele>
				<time>1970-01-01T01:00:00+01:00</time>
				<extensions>
					<swisstopo:routepoint_id>911472124</swisstopo:routepoint_id>
				</extensions>
			</trkpt>
			<trkpt lat="46.8712387548" lon="8.4458532413">
				<ele>1819.9</ele>
				<time>1970-01-01T01:00:00+01:00</time>
				<extensions>
					<swisstopo:routepoint_id>293629653</swisstopo:routepoint_id>
				</extensions>
			</trkpt>
			<trkpt lat="46.8712698520" lon="8.4457851389">
				<ele>1819.5</ele>
				<time>1970-01-01T01:00:00+01:00</time>
				<extensions>
					<swisstopo:routepoint_id>862416464</swisstopo:routepoint_id>
				</extensions>
			</trkpt>
			<trkpt lat="46.8713156493" lon="8.4457137703">
				<ele>1819.0</ele>
				<time>1970-01-01T01:00:00+01:00</time>
				<extensions>
					<swisstopo:routepoint_id>803359665</swisstopo:routepoint_id>
				</extensions>
			</trkpt>
			<trkpt lat="46.8713749875" lon="8.4456435597">
				<ele>1818.4</ele>
				<time>1970-01-01T01:00:00+01:00</time>
				<extensions>
					<swisstopo:routepoint_id>668761</swisstopo:routepoint_id>
				</extensions>
			</trkpt>
			<trkpt lat="46.8714320011" lon="8.4455804415">
				<ele>1817.7</ele>
				<time>1970-01-01T01:00:00+01:00</time>
				<extensions>
					<swisstopo:routepoint_id>2079167381</swisstopo:routepoint_id>
				</extensions>
			</trkpt>
			<trkpt lat="46.8714514448" lon="8.4455522609">
				<ele>1817.5</ele>
				<time>1970-01-01T01:00:00+01:00</time>
				<extensions>
					<swisstopo:routepoint_id>575329404</swisstopo:routepoint_id>
				</extensions>
			</trkpt>
			<trkpt lat="46.8714678877" lon="8.4454812081">
				<ele>1816.9</ele>
				<time>1970-01-01T01:00:00+01:00</time>
				<extensions>
					<swisstopo:routepoint_id>462633667</swisstopo:routepoint_id>
				</extensions>
			</trkpt>
			<trkpt lat="46.8714931754" lon="8.4454308500">
				<ele>1816.3</ele>
				<time>1970-01-01T01:00:00+01:00</time>
				<extensions>
					<swisstopo:routepoint_id>1995326989</swisstopo:routepoint_id>
				</extensions>
			</trkpt>
			<trkpt lat="46.8715275755" lon="8.4453717424">
				<ele>1815.8</ele>
				<time>1970-01-01T01:00:00+01:00</time>
				<extensions>
					<swisstopo:routepoint_id>389037925</swisstopo:routepoint_id>
				</extensions>
			</trkpt>
			<trkpt lat="46.8715548921" lon="8.4453463990">
				<ele>1815.5</ele>
				<time>1970-01-01T01:00:00+01:00</time>
				<extensions>
					<swisstopo:routepoint_id>255863829</swisstopo:routepoint_id>
				</extensions>
			</trkpt>
			<trkpt lat="46.8715868150" lon="8.4453122339">
				<ele>1814.8</ele>
				<time>1970-01-01T01:00:00+01:00</time>
				<extensions>
					<swisstopo:routepoint_id>95446878</swisstopo:routepoint_id>
				</extensions>
			</trkpt>
			<trkpt lat="46.8716093616" lon="8.4452528907">
				<ele>1814.3</ele>
				<time>1970-01-01T01:00:00+01:00</time>
				<extensions>
					<swisstopo:routepoint_id>1991122553</swisstopo:routepoint_id>
				</extensions>
			</trkpt>
			<trkpt lat="46.8716365764" lon="8.4451766876">
				<ele>1813.3</ele>
				<time>1970-01-01T01:00:00+01:00</time>
				<extensions>
					<swisstopo:routepoint_id>1236374410</swisstopo:routepoint_id>
				</extensions>
			</trkpt>
			<trkpt lat="46.8716756570" lon="8.4450998264">
				<ele>1812.0</ele>
				<time>1970-01-01T01:00:00+01:00</time>
				<extensions>
					<swisstopo:routepoint_id>779937527</swisstopo:routepoint_id>
				</extensions>
			</trkpt>
			<trkpt lat="46.8717261255" lon="8.4450107041">
				<ele>1810.8</ele>
				<time>1970-01-01T01:00:00+01:00</time>
				<extensions>
					<swisstopo:routepoint_id>2029357599</swisstopo:routepoint_id>
				</extensions>
			</trkpt>
			<trkpt lat="46.8717652295" lon="8.4449311673">
				<ele>1809.9</ele>
				<time>1970-01-01T01:00:00+01:00</time>
				<extensions>
					<swisstopo:routepoint_id>1845112896</swisstopo:routepoint_id>
				</extensions>
			</trkpt>
			<trkpt lat="46.8717993541" lon="8.4448399288">
				<ele>1808.6</ele>
				<time>1970-01-01T01:00:00+01:00</time>
				<extensions>
					<swisstopo:routepoint_id>889605744</swisstopo:routepoint_id>
				</extensions>
			</trkpt>
			<trkpt lat="46.8718352801" lon="8.4447371400">
				<ele>1807.3</ele>
				<time>1970-01-01T01:00:00+01:00</time>
				<extensions>
					<swisstopo:routepoint_id>838355290</swisstopo:routepoint_id>
				</extensions>
			</trkpt>
			<trkpt lat="46.8718556037" lon="8.4446732952">
				<ele>1806.6</ele>
				<time>1970-01-01T01:00:00+01:00</time>
				<extensions>
					<swisstopo:routepoint_id>1833570272</swisstopo:routepoint_id>
				</extensions>
			</trkpt>
			<trkpt lat="46.8718853162" lon="8.4446337230">
				<ele>1805.5</ele>
				<time>1970-01-01T01:00:00+01:00</time>
				<extensions>
					<swisstopo:routepoint_id>21687853</swisstopo:routepoint_id>
				</extensions>
			</trkpt>
			<trkpt lat="46.8719145875" lon="8.4445798709">
				<ele>1804.3</ele>
				<time>1970-01-01T01:00:00+01:00</time>
				<extensions>
					<swisstopo:routepoint_id>1155028548</swisstopo:routepoint_id>
				</extensions>
			</trkpt>
			<trkpt lat="46.8719335986" lon="8.4445374092">
				<ele>1803.7</ele>
				<time>1970-01-01T01:00:00+01:00</time>
				<extensions>
					<swisstopo:routepoint_id>740600475</swisstopo:routepoint_id>
				</extensions>
			</trkpt>
			<trkpt lat="46.8719588500" lon="8.4444906180">
				<ele>1803.3</ele>
				<time>1970-01-01T01:00:00+01:00</time>
				<extensions>
					<swisstopo:routepoint_id>232388522</swisstopo:routepoint_id>
				</extensions>
			</trkpt>
			<trkpt lat="46.8719745734" lon="8.4444373909">
				<ele>1802.8</ele>
				<time>1970-01-01T01:00:00+01:00</time>
				<extensions>
					<swisstopo:routepoint_id>61907590</swisstopo:routepoint_id>
				</extensions>
			</trkpt>
			<trkpt lat="46.8720054806" lon="8.4443898135">
				<ele>1802.0</ele>
				<time>1970-01-01T01:00:00+01:00</time>
				<extensions>
					<swisstopo:routepoint_id>1727158664</swisstopo:routepoint_id>
				</extensions>
			</trkpt>
			<trkpt lat="46.8720333164" lon="8.4443698435">
				<ele>1801.8</ele>
				<time>1970-01-01T01:00:00+01:00</time>
				<extensions>
					<swisstopo:routepoint_id>2106977065</swisstopo:routepoint_id>
				</extensions>
			</trkpt>
			<trkpt lat="46.8720673936" lon="8.4443464216">
				<ele>1801.3</ele>
				<time>1970-01-01T01:00:00+01:00</time>
				<extensions>
					<swisstopo:routepoint_id>1044292804</swisstopo:routepoint_id>
				</extensions>
			</trkpt>
			<trkpt lat="46.8721044281" lon="8.4443078786">
				<ele>1801.0</ele>
				<time>1970-01-01T01:00:00+01:00</time>
				<extensions>
					<swisstopo:routepoint_id>1039260935</swisstopo:routepoint_id>
				</extensions>
			</trkpt>
			<trkpt lat="46.8721165256" lon="8.4442813573">
				<ele>1801.0</ele>
				<time>1970-01-01T01:00:00+01:00</time>
				<extensions>
					<swisstopo:routepoint_id>1616048685</swisstopo:routepoint_id>
				</extensions>
			</trkpt>
			<trkpt lat="46.8721245710" lon="8.4442020918">
				<ele>1800.5</ele>
				<time>1970-01-01T01:00:00+01:00</time>
				<extensions>
					<swisstopo:routepoint_id>2077739618</swisstopo:routepoint_id>
				</extensions>
			</trkpt>
			<trkpt lat="46.8721323854" lon="8.4441496093">
				<ele>1800.1</ele>
				<time>1970-01-01T01:00:00+01:00</time>
				<extensions>
					<swisstopo:routepoint_id>108112458</swisstopo:routepoint_id>
				</extensions>
			</trkpt>
			<trkpt lat="46.8721583723" lon="8.4440840851">
				<ele>1799.5</ele>
				<time>1970-01-01T01:00:00+01:00</time>
				<extensions>
					<swisstopo:routepoint_id>292960892</swisstopo:routepoint_id>
				</extensions>
			</trkpt>
			<trkpt lat="46.8721955878" lon="8.4440259341">
				<ele>1798.9</ele>
				<time>1970-01-01T01:00:00+01:00</time>
				<extensions>
					<swisstopo:routepoint_id>930732731</swisstopo:routepoint_id>
				</extensions>
			</trkpt>
			<trkpt lat="46.8722272349" lon="8.4439596235">
				<ele>1798.4</ele>
				<time>1970-01-01T01:00:00+01:00</time>
				<extensions>
					<swisstopo:routepoint_id>228030261</swisstopo:routepoint_id>
				</extensions>
			</trkpt>
			<trkpt lat="46.8722509800" lon="8.4438922742">
				<ele>1798.0</ele>
				<time>1970-01-01T01:00:00+01:00</time>
				<extensions>
					<swisstopo:routepoint_id>1685518742</swisstopo:routepoint_id>
				</extensions>
			</trkpt>
			<trkpt lat="46.8722759878" lon="8.4438106751">
				<ele>1797.8</ele>
				<time>1970-01-01T01:00:00+01:00</time>
				<extensions>
					<swisstopo:routepoint_id>83840392</swisstopo:routepoint_id>
				</extensions>
			</trkpt>
			<trkpt lat="46.8723100252" lon="8.4437292590">
				<ele>1797.0</ele>
				<time>1970-01-01T01:00:00+01:00</time>
				<extensions>
					<swisstopo:routepoint_id>186291479</swisstopo:routepoint_id>
				</extensions>
			</trkpt>
			<trkpt lat="46.8723525649" lon="8.4436435403">
				<ele>1796.1</ele>
				<time>1970-01-01T01:00:00+01:00</time>
				<extensions>
					<swisstopo:routepoint_id>206769838</swisstopo:routepoint_id>
				</extensions>
			</trkpt>
			<trkpt lat="46.8724002486" lon="8.4435507821">
				<ele>1794.8</ele>
				<time>1970-01-01T01:00:00+01:00</time>
				<extensions>
					<swisstopo:routepoint_id>1899880110</swisstopo:routepoint_id>
				</extensions>
			</trkpt>
			<trkpt lat="46.8724341439" lon="8.4434845266">
				<ele>1794.4</ele>
				<time>1970-01-01T01:00:00+01:00</time>
				<extensions>
					<swisstopo:routepoint_id>545399020</swisstopo:routepoint_id>
				</extensions>
			</trkpt>
			<trkpt lat="46.8724588807" lon="8.4434332645">
				<ele>1794.1</ele>
				<time>1970-01-01T01:00:00+01:00</time>
				<extensions>
					<swisstopo:routepoint_id>1166973067</swisstopo:routepoint_id>
				</extensions>
			</trkpt>
			<trkpt lat="46.8724837933" lon="8.4433614760">
				<ele>1793.9</ele>
				<time>1970-01-01T01:00:00+01:00</time>
				<extensions>
					<swisstopo:routepoint_id>1462992999</swisstopo:routepoint_id>
				</extensions>
			</trkpt>
			<trkpt lat="46.8725114637" lon="8.4432977799">
				<ele>1793.6</ele>
				<time>1970-01-01T01:00:00+01:00</time>
				<extensions>
					<swisstopo:routepoint_id>2109248601</swisstopo:routepoint_id>
				</extensions>
			</trkpt>
			<trkpt lat="46.8725411747" lon="8.4432573145">
				<ele>1793.5</ele>
				<time>1970-01-01T01:00:00+01:00</time>
				<extensions>
					<swisstopo:routepoint_id>1538745162</swisstopo:routepoint_id>
				</extensions>
			</trkpt>
			<trkpt lat="46.8725680001" lon="8.4432248233">
				<ele>1793.0</ele>
				<time>1970-01-01T01:00:00+01:00</time>
				<extensions>
					<swisstopo:routepoint_id>2037815431</swisstopo:routepoint_id>
				</extensions>
			</trkpt>
			<trkpt lat="46.8725898100" lon="8.4431842111">
				<ele>1792.5</ele>
				<time>1970-01-01T01:00:00+01:00</time>
				<extensions>
					<swisstopo:routepoint_id>1191002309</swisstopo:routepoint_id>
				</extensions>
			</trkpt>
			<trkpt lat="46.8726244528" lon="8.4430983314">
				<ele>1791.3</ele>
				<time>1970-01-01T01:00:00+01:00</time>
				<extensions>
					<swisstopo:routepoint_id>11542623</swisstopo:routepoint_id>
				</extensions>
			</trkpt>
			<trkpt lat="46.8726585054" lon="8.4430151299">
				<ele>1790.5</ele>
				<time>1970-01-01T01:00:00+01:00</time>
				<extensions>
					<swisstopo:routepoint_id>867917891</swisstopo:routepoint_id>
				</extensions>
			</trkpt>
			<trkpt lat="46.8726850739" lon="8.4429478315">
				<ele>1789.5</ele>
				<time>1970-01-01T01:00:00+01:00</time>
				<extensions>
					<swisstopo:routepoint_id>1830810389</swisstopo:routepoint_id>
				</extensions>
			</trkpt>
			<trkpt lat="46.8727066592" lon="8.4428697360">
				<ele>1788.8</ele>
				<time>1970-01-01T01:00:00+01:00</time>
				<extensions>
					<swisstopo:routepoint_id>1092969797</swisstopo:routepoint_id>
				</extensions>
			</trkpt>
			<trkpt lat="46.8727212565" lon="8.4428155947">
				<ele>1788.6</ele>
				<time>1970-01-01T01:00:00+01:00</time>
				<extensions>
					<swisstopo:routepoint_id>1936782979</swisstopo:routepoint_id>
				</extensions>
			</trkpt>
			<trkpt lat="46.8727436295" lon="8.4427758847">
				<ele>1788.4</ele>
				<time>1970-01-01T01:00:00+01:00</time>
				<extensions>
					<swisstopo:routepoint_id>1093120958</swisstopo:routepoint_id>
				</extensions>
			</trkpt>
			<trkpt lat="46.8727985094" lon="8.4426984367">
				<ele>1787.7</ele>
				<time>1970-01-01T01:00:00+01:00</time>
				<extensions>
					<swisstopo:routepoint_id>1160925459</swisstopo:routepoint_id>
				</extensions>
			</trkpt>
			<trkpt lat="46.8728413878" lon="8.4426386050">
				<ele>1786.6</ele>
				<time>1970-01-01T01:00:00+01:00</time>
				<extensions>
					<swisstopo:routepoint_id>272895105</swisstopo:routepoint_id>
				</extensions>
			</trkpt>
			<trkpt lat="46.8728763834" lon="8.4425750447">
				<ele>1786.1</ele>
				<time>1970-01-01T01:00:00+01:00</time>
				<extensions>
					<swisstopo:routepoint_id>1165098434</swisstopo:routepoint_id>
				</extensions>
			</trkpt>
			<trkpt lat="46.8728943946" lon="8.4425182911">
				<ele>1785.5</ele>
				<time>1970-01-01T01:00:00+01:00</time>
				<extensions>
					<swisstopo:routepoint_id>687897729</swisstopo:routepoint_id>
				</extensions>
			</trkpt>
			<trkpt lat="46.8729166402" lon="8.4424294897">
				<ele>1785.1</ele>
				<time>1970-01-01T01:00:00+01:00</time>
				<extensions>
					<swisstopo:routepoint_id>490928379</swisstopo:routepoint_id>
				</extensions>
			</trkpt>
			<trkpt lat="46.8729434362" lon="8.4423372190">
				<ele>1784.5</ele>
				<time>1970-01-01T01:00:00+01:00</time>
				<extensions>
					<swisstopo:routepoint_id>1114036834</swisstopo:routepoint_id>
				</extensions>
			</trkpt>
			<trkpt lat="46.8729670561" lon="8.4422795201">
				<ele>1783.9</ele>
				<time>1970-01-01T01:00:00+01:00</time>
				<extensions>
					<swisstopo:routepoint_id>931148476</swisstopo:routepoint_id>
				</extensions>
			</trkpt>
			<trkpt lat="46.8729925846" lon="8.4422365882">
				<ele>1783.4</ele>
				<time>1970-01-01T01:00:00+01:00</time>
				<extensions>
					<swisstopo:routepoint_id>1323087793</swisstopo:routepoint_id>
				</extensions>
			</trkpt>
			<trkpt lat="46.8730306803" lon="8.4421956750">
				<ele>1782.6</ele>
				<time>1970-01-01T01:00:00+01:00</time>
				<extensions>
					<swisstopo:routepoint_id>1147006886</swisstopo:routepoint_id>
				</extensions>
			</trkpt>
			<trkpt lat="46.8730778288" lon="8.4421638114">
				<ele>1781.7</ele>
				<time>1970-01-01T01:00:00+01:00</time>
				<extensions>
					<swisstopo:routepoint_id>2027565845</swisstopo:routepoint_id>
				</extensions>
			</trkpt>
			<trkpt lat="46.8731151150" lon="8.4421485816">
				<ele>1781.0</ele>
				<time>1970-01-01T01:00:00+01:00</time>
				<extensions>
					<swisstopo:routepoint_id>754925798</swisstopo:routepoint_id>
				</extensions>
			</trkpt>
			<trkpt lat="46.8731569973" lon="8.4421316795">
				<ele>1780.5</ele>
				<time>1970-01-01T01:00:00+01:00</time>
				<extensions>
					<swisstopo:routepoint_id>846892339</swisstopo:routepoint_id>
				</extensions>
			</trkpt>
			<trkpt lat="46.8732090678" lon="8.4421256059">
				<ele>1779.7</ele>
				<time>1970-01-01T01:00:00+01:00</time>
				<extensions>
					<swisstopo:routepoint_id>41738781</swisstopo:routepoint_id>
				</extensions>
			</trkpt>
			<trkpt lat="46.8732508437" lon="8.4421193407">
				<ele>1778.9</ele>
				<time>1970-01-01T01:00:00+01:00</time>
				<extensions>
					<swisstopo:routepoint_id>1478748904</swisstopo:routepoint_id>
				</extensions>
			</trkpt>
			<trkpt lat="46.8732777984" lon="8.4421101228">
				<ele>1778.6</ele>
				<time>1970-01-01T01:00:00+01:00</time>
				<extensions>
					<swisstopo:routepoint_id>331443929</swisstopo:routepoint_id>
				</extensions>
			</trkpt>
			<trkpt lat="46.8732991006" lon="8.4420928104">
				<ele>1778.3</ele>
				<time>1970-01-01T01:00:00+01:00</time>
				<extensions>
					<swisstopo:routepoint_id>1788376107</swisstopo:routepoint_id>
				</extensions>
			</trkpt>
			<trkpt lat="46.8733153654" lon="8.4420638733">
				<ele>1778.1</ele>
				<time>1970-01-01T01:00:00+01:00</time>
				<extensions>
					<swisstopo:routepoint_id>1187280419</swisstopo:routepoint_id>
				</extensions>
			</trkpt>
			<trkpt lat="46.8733323676" lon="8.4420154564">
				<ele>1777.8</ele>
				<time>1970-01-01T01:00:00+01:00</time>
				<extensions>
					<swisstopo:routepoint_id>436887111</swisstopo:routepoint_id>
				</extensions>
			</trkpt>
			<trkpt lat="46.8733396206" lon="8.4419712785">
				<ele>1777.8</ele>
				<time>1970-01-01T01:00:00+01:00</time>
				<extensions>
					<swisstopo:routepoint_id>583634066</swisstopo:routepoint_id>
				</extensions>
			</trkpt>
			<trkpt lat="46.8733382308" lon="8.4419349022">
				<ele>1777.6</ele>
				<time>1970-01-01T01:00:00+01:00</time>
				<extensions>
					<swisstopo:routepoint_id>1775711552</swisstopo:routepoint_id>
				</extensions>
			</trkpt>
			<trkpt lat="46.8733248957" lon="8.4418912060">
				<ele>1777.5</ele>
				<time>1970-01-01T01:00:00+01:00</time>
				<extensions>
					<swisstopo:routepoint_id>1572661216</swisstopo:routepoint_id>
				</extensions>
			</trkpt>
			<trkpt lat="46.8733009304" lon="8.4418224793">
				<ele>1777.2</ele>
				<time>1970-01-01T01:00:00+01:00</time>
				<extensions>
					<swisstopo:routepoint_id>918246292</swisstopo:routepoint_id>
				</extensions>
			</trkpt>
			<trkpt lat="46.8732836532" lon="8.4417724917">
				<ele>1776.9</ele>
				<time>1970-01-01T01:00:00+01:00</time>
				<extensions>
					<swisstopo:routepoint_id>1527202539</swisstopo:routepoint_id>
				</extensions>
			</trkpt>
			<trkpt lat="46.8732670412" lon="8.4417127700">
				<ele>1776.4</ele>
				<time>1970-01-01T01:00:00+01:00</time>
				<extensions>
					<swisstopo:routepoint_id>1169897539</swisstopo:routepoint_id>
				</extensions>
			</trkpt>
			<trkpt lat="46.8732429970" lon="8.4416520174">
				<ele>1775.9</ele>
				<time>1970-01-01T01:00:00+01:00</time>
				<extensions>
					<swisstopo:routepoint_id>1507675568</swisstopo:routepoint_id>
				</extensions>
			</trkpt>
			<trkpt lat="46.8732087026" lon="8.4415875193">
				<ele>1775.1</ele>
				<time>1970-01-01T01:00:00+01:00</time>
				<extensions>
					<swisstopo:routepoint_id>1066056474</swisstopo:routepoint_id>
				</extensions>
			</trkpt>
			<trkpt lat="46.8731817493" lon="8.4415329174">
				<ele>1774.4</ele>
				<time>1970-01-01T01:00:00+01:00</time>
				<extensions>
					<swisstopo:routepoint_id>1078618560</swisstopo:routepoint_id>
				</extensions>
			</trkpt>
			<trkpt lat="46.8731593213" lon="8.4414837264">
				<ele>1773.7</ele>
				<time>1970-01-01T01:00:00+01:00</time>
				<extensions>
					<swisstopo:routepoint_id>737689431</swisstopo:routepoint_id>
				</extensions>
			</trkpt>
			<trkpt lat="46.8731297473" lon="8.4414033643">
				<ele>1772.5</ele>
				<time>1970-01-01T01:00:00+01:00</time>
				<extensions>
					<swisstopo:routepoint_id>2079527986</swisstopo:routepoint_id>
				</extensions>
			</trkpt>
			<trkpt lat="46.8731091763" lon="8.4413382431">
				<ele>1771.8</ele>
				<time>1970-01-01T01:00:00+01:00</time>
				<extensions>
					<swisstopo:routepoint_id>1663887874</swisstopo:routepoint_id>
				</extensions>
			</trkpt>
			<trkpt lat="46.8731010305" lon="8.4412893315">
				<ele>1771.4</ele>
				<time>1970-01-01T01:00:00+01:00</time>
				<extensions>
					<swisstopo:routepoint_id>2075506172</swisstopo:routepoint_id>
				</extensions>
			</trkpt>
			<trkpt lat="46.8731021660" lon="8.4412264119">
				<ele>1771.1</ele>
				<time>1970-01-01T01:00:00+01:00</time>
				<extensions>
					<swisstopo:routepoint_id>473027729</swisstopo:routepoint_id>
				</extensions>
			</trkpt>
			<trkpt lat="46.8731019410" lon="8.4411874076">
				<ele>1771.0</ele>
				<time>1970-01-01T01:00:00+01:00</time>
				<extensions>
					<swisstopo:routepoint_id>1929450373</swisstopo:routepoint_id>
				</extensions>
			</trkpt>
			<trkpt lat="46.8730988416" lon="8.4411501073">
				<ele>1770.5</ele>
				<time>1970-01-01T01:00:00+01:00</time>
				<extensions>
					<swisstopo:routepoint_id>51061599</swisstopo:routepoint_id>
				</extensions>
			</trkpt>
			<trkpt lat="46.8730906346" lon="8.4411091701">
				<ele>1770.0</ele>
				<time>1970-01-01T01:00:00+01:00</time>
				<extensions>
					<swisstopo:routepoint_id>1904232901</swisstopo:routepoint_id>
				</extensions>
			</trkpt>
			<trkpt lat="46.8730716365" lon="8.4410600432">
				<ele>1769.7</ele>
				<time>1970-01-01T01:00:00+01:00</time>
				<extensions>
					<swisstopo:routepoint_id>1315324234</swisstopo:routepoint_id>
				</extensions>
			</trkpt>
			<trkpt lat="46.8730418471" lon="8.4410027263">
				<ele>1769.4</ele>
				<time>1970-01-01T01:00:00+01:00</time>
				<extensions>
					<swisstopo:routepoint_id>2114513596</swisstopo:routepoint_id>
				</extensions>
			</trkpt>
			<trkpt lat="46.8730077754" lon="8.4409207856">
				<ele>1768.6</ele>
				<time>1970-01-01T01:00:00+01:00</time>
				<extensions>
					<swisstopo:routepoint_id>1051066279</swisstopo:routepoint_id>
				</extensions>
			</trkpt>
			<trkpt lat="46.8729627663" lon="8.4408102275">
				<ele>1768.0</ele>
				<time>1970-01-01T01:00:00+01:00</time>
				<extensions>
					<swisstopo:routepoint_id>568161995</swisstopo:routepoint_id>
				</extensions>
			</trkpt>
			<trkpt lat="46.8729157508" lon="8.4406905021">
				<ele>1767.7</ele>
				<time>1970-01-01T01:00:00+01:00</time>
				<extensions>
					<swisstopo:routepoint_id>300114547</swisstopo:routepoint_id>
				</extensions>
			</trkpt>
			<trkpt lat="46.8728893955" lon="8.4405911407">
				<ele>1767.7</ele>
				<time>1970-01-01T01:00:00+01:00</time>
				<extensions>
					<swisstopo:routepoint_id>1985827064</swisstopo:routepoint_id>
				</extensions>
			</trkpt>
			<trkpt lat="46.8728673551" lon="8.4405061583">
				<ele>1767.7</ele>
				<time>1970-01-01T01:00:00+01:00</time>
				<extensions>
					<swisstopo:routepoint_id>1423660542</swisstopo:routepoint_id>
				</extensions>
			</trkpt>
			<trkpt lat="46.8728501252" lon="8.4403909888">
				<ele>1768.0</ele>
				<time>1970-01-01T01:00:00+01:00</time>
				<extensions>
					<swisstopo:routepoint_id>515448410</swisstopo:routepoint_id>
				</extensions>
			</trkpt>
			<trkpt lat="46.8728380407" lon="8.4402741182">
				<ele>1767.9</ele>
				<time>1970-01-01T01:00:00+01:00</time>
				<extensions>
					<swisstopo:routepoint_id>400846322</swisstopo:routepoint_id>
				</extensions>
			</trkpt>
			<trkpt lat="46.8728210153" lon="8.4402007993">
				<ele>1768.0</ele>
				<time>1970-01-01T01:00:00+01:00</time>
				<extensions>
					<swisstopo:routepoint_id>291468485</swisstopo:routepoint_id>
				</extensions>
			</trkpt>
			<trkpt lat="46.8727873384" lon="8.4400782009">
				<ele>1767.2</ele>
				<time>1970-01-01T01:00:00+01:00</time>
				<extensions>
					<swisstopo:routepoint_id>2042040466</swisstopo:routepoint_id>
				</extensions>
			</trkpt>
			<trkpt lat="46.8727420125" lon="8.4399189046">
				<ele>1766.4</ele>
				<time>1970-01-01T01:00:00+01:00</time>
				<extensions>
					<swisstopo:routepoint_id>1204742041</swisstopo:routepoint_id>
				</extensions>
			</trkpt>
			<trkpt lat="46.8727091811" lon="8.4398301670">
				<ele>1766.1</ele>
				<time>1970-01-01T01:00:00+01:00</time>
				<extensions>
					<swisstopo:routepoint_id>1559052514</swisstopo:routepoint_id>
				</extensions>
			</trkpt>
			<trkpt lat="46.8726772110" lon="8.4397735187">
				<ele>1765.3</ele>
				<time>1970-01-01T01:00:00+01:00</time>
				<extensions>
					<swisstopo:routepoint_id>1011709543</swisstopo:routepoint_id>
				</extensions>
			</trkpt>
			<trkpt lat="46.8726322065" lon="8.4397095050">
				<ele>1764.0</ele>
				<time>1970-01-01T01:00:00+01:00</time>
				<extensions>
					<swisstopo:routepoint_id>1812871422</swisstopo:routepoint_id>
				</extensions>
			</trkpt>
			<trkpt lat="46.8725922028" lon="8.4396598310">
				<ele>1763.1</ele>
				<time>1970-01-01T01:00:00+01:00</time>
				<extensions>
					<swisstopo:routepoint_id>248509013</swisstopo:routepoint_id>
				</extensions>
			</trkpt>
			<trkpt lat="46.8725476635" lon="8.4396074092">
				<ele>1762.3</ele>
				<time>1970-01-01T01:00:00+01:00</time>
				<extensions>
					<swisstopo:routepoint_id>402763676</swisstopo:routepoint_id>
				</extensions>
			</trkpt>
			<trkpt lat="46.8725007635" lon="8.4395647429">
				<ele>1761.6</ele>
				<time>1970-01-01T01:00:00+01:00</time>
				<extensions>
					<swisstopo:routepoint_id>1558054372</swisstopo:routepoint_id>
				</extensions>
			</trkpt>
			<trkpt lat="46.8724673988" lon="8.4395374536">
				<ele>1761.3</ele>
				<time>1970-01-01T01:00:00+01:00</time>
				<extensions>
					<swisstopo:routepoint_id>461146064</swisstopo:routepoint_id>
				</extensions>
			</trkpt>
			<trkpt lat="46.8724210498" lon="8.4394965687">
				<ele>1760.7</ele>
				<time>1970-01-01T01:00:00+01:00</time>
				<extensions>
					<swisstopo:routepoint_id>91278979</swisstopo:routepoint_id>
				</extensions>
			</trkpt>
			<trkpt lat="46.8723827354" lon="8.4394496022">
				<ele>1760.1</ele>
				<time>1970-01-01T01:00:00+01:00</time>
				<extensions>
					<swisstopo:routepoint_id>769986136</swisstopo:routepoint_id>
				</extensions>
			</trkpt>
			<trkpt lat="46.8723434304" lon="8.4393848032">
				<ele>1759.2</ele>
				<time>1970-01-01T01:00:00+01:00</time>
				<extensions>
					<swisstopo:routepoint_id>1134012136</swisstopo:routepoint_id>
				</extensions>
			</trkpt>
			<trkpt lat="46.8723020986" lon="8.4392905825">
				<ele>1757.8</ele>
				<time>1970-01-01T01:00:00+01:00</time>
				<extensions>
					<swisstopo:routepoint_id>1562214334</swisstopo:routepoint_id>
				</extensions>
			</trkpt>
			<trkpt lat="46.8722559124" lon="8.4391813304">
				<ele>1756.2</ele>
				<time>1970-01-01T01:00:00+01:00</time>
				<extensions>
					<swisstopo:routepoint_id>809666907</swisstopo:routepoint_id>
				</extensions>
			</trkpt>
			<trkpt lat="46.8722146344" lon="8.4390874650">
				<ele>1754.6</ele>
				<time>1970-01-01T01:00:00+01:00</time>
				<extensions>
					<swisstopo:routepoint_id>1606500256</swisstopo:routepoint_id>
				</extensions>
			</trkpt>
			<trkpt lat="46.8721789463" lon="8.4390053527">
				<ele>1752.8</ele>
				<time>1970-01-01T01:00:00+01:00</time>
				<extensions>
					<swisstopo:routepoint_id>1881921148</swisstopo:routepoint_id>
				</extensions>
			</trkpt>
			<trkpt lat="46.8721515873" lon="8.4389457740">
				<ele>1751.4</ele>
				<time>1970-01-01T01:00:00+01:00</time>
				<extensions>
					<swisstopo:routepoint_id>2024444572</swisstopo:routepoint_id>
				</extensions>
			</trkpt>
			<trkpt lat="46.8721333015" lon="8.4388899195">
				<ele>1750.1</ele>
				<time>1970-01-01T01:00:00+01:00</time>
				<extensions>
					<swisstopo:routepoint_id>716278476</swisstopo:routepoint_id>
				</extensions>
			</trkpt>
			<trkpt lat="46.8721145854" lon="8.4388179611">
				<ele>1748.7</ele>
				<time>1970-01-01T01:00:00+01:00</time>
				<extensions>
					<swisstopo:routepoint_id>614126139</swisstopo:routepoint_id>
				</extensions>
			</trkpt>
			<trkpt lat="46.8720867894" lon="8.4387440368">
				<ele>1747.5</ele>
				<time>1970-01-01T01:00:00+01:00</time>
				<extensions>
					<swisstopo:routepoint_id>84031651</swisstopo:routepoint_id>
				</extensions>
			</trkpt>
			<trkpt lat="46.8720518199" lon="8.4386440192">
				<ele>1746.1</ele>
				<time>1970-01-01T01:00:00+01:00</time>
				<extensions>
					<swisstopo:routepoint_id>853166622</swisstopo:routepoint_id>
				</extensions>
			</trkpt>
			<trkpt lat="46.8720041665" lon="8.4384990078">
				<ele>1744.3</ele>
				<time>1970-01-01T01:00:00+01:00</time>
				<extensions>
					<swisstopo:routepoint_id>747162238</swisstopo:routepoint_id>
				</extensions>
			</trkpt>
			<trkpt lat="46.8719819293" lon="8.4384404038">
				<ele>1743.7</ele>
				<time>1970-01-01T01:00:00+01:00</time>
				<extensions>
					<swisstopo:routepoint_id>1814399049</swisstopo:routepoint_id>
				</extensions>
			</trkpt>
			<trkpt lat="46.8719567580" lon="8.4383898129">
				<ele>1743.1</ele>
				<time>1970-01-01T01:00:00+01:00</time>
				<extensions>
					<swisstopo:routepoint_id>1212722863</swisstopo:routepoint_id>
				</extensions>
			</trkpt>
			<trkpt lat="46.8719332301" lon="8.4383482121">
				<ele>1742.4</ele>
				<time>1970-01-01T01:00:00+01:00</time>
				<extensions>
					<swisstopo:routepoint_id>1291985101</swisstopo:routepoint_id>
				</extensions>
			</trkpt>
			<trkpt lat="46.8719084308" lon="8.4383209122">
				<ele>1741.7</ele>
				<time>1970-01-01T01:00:00+01:00</time>
				<extensions>
					<swisstopo:routepoint_id>1932149785</swisstopo:routepoint_id>
				</extensions>
			</trkpt>
			<trkpt lat="46.8718672170" lon="8.4382834693">
				<ele>1740.3</ele>
				<time>1970-01-01T01:00:00+01:00</time>
				<extensions>
					<swisstopo:routepoint_id>1584980742</swisstopo:routepoint_id>
				</extensions>
			</trkpt>
			<trkpt lat="46.8718186956" lon="8.4382342681">
				<ele>1738.4</ele>
				<time>1970-01-01T01:00:00+01:00</time>
				<extensions>
					<swisstopo:routepoint_id>1132192057</swisstopo:routepoint_id>
				</extensions>
			</trkpt>
			<trkpt lat="46.8717566582" lon="8.4381704914">
				<ele>1736.2</ele>
				<time>1970-01-01T01:00:00+01:00</time>
				<extensions>
					<swisstopo:routepoint_id>620891592</swisstopo:routepoint_id>
				</extensions>
			</trkpt>
			<trkpt lat="46.8717267960" lon="8.4381359355">
				<ele>1735.1</ele>
				<time>1970-01-01T01:00:00+01:00</time>
				<extensions>
					<swisstopo:routepoint_id>1343587929</swisstopo:routepoint_id>
				</extensions>
			</trkpt>
			<trkpt lat="46.8717021651" lon="8.4380898412">
				<ele>1734.0</ele>
				<time>1970-01-01T01:00:00+01:00</time>
				<extensions>
					<swisstopo:routepoint_id>879899618</swisstopo:routepoint_id>
				</extensions>
			</trkpt>
			<trkpt lat="46.8716730748" lon="8.4380337998">
				<ele>1733.1</ele>
				<time>1970-01-01T01:00:00+01:00</time>
				<extensions>
					<swisstopo:routepoint_id>1030330922</swisstopo:routepoint_id>
				</extensions>
			</trkpt>
			<trkpt lat="46.8716558590" lon="8.4379851410">
				<ele>1732.4</ele>
				<time>1970-01-01T01:00:00+01:00</time>
				<extensions>
					<swisstopo:routepoint_id>1539354266</swisstopo:routepoint_id>
				</extensions>
			</trkpt>
			<trkpt lat="46.8716326471" lon="8.4379068298">
				<ele>1731.3</ele>
				<time>1970-01-01T01:00:00+01:00</time>
				<extensions>
					<swisstopo:routepoint_id>1310543501</swisstopo:routepoint_id>
				</extensions>
			</trkpt>
			<trkpt lat="46.8716175058" lon="8.4378188041">
				<ele>1730.4</ele>
				<time>1970-01-01T01:00:00+01:00</time>
				<extensions>
					<swisstopo:routepoint_id>608945867</swisstopo:routepoint_id>
				</extensions>
			</trkpt>
			<trkpt lat="46.8716097202" lon="8.4377344961">
				<ele>1729.5</ele>
				<time>1970-01-01T01:00:00+01:00</time>
				<extensions>
					<swisstopo:routepoint_id>254817050</swisstopo:routepoint_id>
				</extensions>
			</trkpt>
			<trkpt lat="46.8716092213" lon="8.4376628376">
				<ele>1728.5</ele>
				<time>1970-01-01T01:00:00+01:00</time>
				<extensions>
					<swisstopo:routepoint_id>1934846597</swisstopo:routepoint_id>
				</extensions>
			</trkpt>
			<trkpt lat="46.8716186053" lon="8.4375680787">
				<ele>1726.7</ele>
				<time>1970-01-01T01:00:00+01:00</time>
				<extensions>
					<swisstopo:routepoint_id>311484697</swisstopo:routepoint_id>
				</extensions>
			</trkpt>
			<trkpt lat="46.8716411246" lon="8.4374036983">
				<ele>1723.8</ele>
				<time>1970-01-01T01:00:00+01:00</time>
				<extensions>
					<swisstopo:routepoint_id>788068235</swisstopo:routepoint_id>
				</extensions>
			</trkpt>
			<trkpt lat="46.8716559618" lon="8.4372714321">
				<ele>1722.7</ele>
				<time>1970-01-01T01:00:00+01:00</time>
				<extensions>
					<swisstopo:routepoint_id>1474617576</swisstopo:routepoint_id>
				</extensions>
			</trkpt>
			<trkpt lat="46.8716694238" lon="8.4371668840">
				<ele>1722.1</ele>
				<time>1970-01-01T01:00:00+01:00</time>
				<extensions>
					<swisstopo:routepoint_id>676548292</swisstopo:routepoint_id>
				</extensions>
			</trkpt>
			<trkpt lat="46.8716874815" lon="8.4370561642">
				<ele>1721.6</ele>
				<time>1970-01-01T01:00:00+01:00</time>
				<extensions>
					<swisstopo:routepoint_id>2107802877</swisstopo:routepoint_id>
				</extensions>
			</trkpt>
			<trkpt lat="46.8717008797" lon="8.4369578852">
				<ele>1720.9</ele>
				<time>1970-01-01T01:00:00+01:00</time>
				<extensions>
					<swisstopo:routepoint_id>1674995528</swisstopo:routepoint_id>
				</extensions>
			</trkpt>
			<trkpt lat="46.8717129406" lon="8.4368819865">
				<ele>1720.2</ele>
				<time>1970-01-01T01:00:00+01:00</time>
				<extensions>
					<swisstopo:routepoint_id>1827776834</swisstopo:routepoint_id>
				</extensions>
			</trkpt>
			<trkpt lat="46.8717247985" lon="8.4368293550">
				<ele>1719.9</ele>
				<time>1970-01-01T01:00:00+01:00</time>
				<extensions>
					<swisstopo:routepoint_id>932705983</swisstopo:routepoint_id>
				</extensions>
			</trkpt>
			<trkpt lat="46.8717405921" lon="8.4367812696">
				<ele>1719.7</ele>
				<time>1970-01-01T01:00:00+01:00</time>
				<extensions>
					<swisstopo:routepoint_id>890221780</swisstopo:routepoint_id>
				</extensions>
			</trkpt>
			<trkpt lat="46.8717598649" lon="8.4367260863">
				<ele>1719.5</ele>
				<time>1970-01-01T01:00:00+01:00</time>
				<extensions>
					<swisstopo:routepoint_id>1267795009</swisstopo:routepoint_id>
				</extensions>
			</trkpt>
			<trkpt lat="46.8717711240" lon="8.4366761328">
				<ele>1719.4</ele>
				<time>1970-01-01T01:00:00+01:00</time>
				<extensions>
					<swisstopo:routepoint_id>1940412921</swisstopo:routepoint_id>
				</extensions>
			</trkpt>
			<trkpt lat="46.8717797844" lon="8.4365992789">
				<ele>1719.4</ele>
				<time>1970-01-01T01:00:00+01:00</time>
				<extensions>
					<swisstopo:routepoint_id>2010595502</swisstopo:routepoint_id>
				</extensions>
			</trkpt>
			<trkpt lat="46.8717835414" lon="8.4364963608">
				<ele>1719.3</ele>
				<time>1970-01-01T01:00:00+01:00</time>
				<extensions>
					<swisstopo:routepoint_id>2014447549</swisstopo:routepoint_id>
				</extensions>
			</trkpt>
			<trkpt lat="46.8717850244" lon="8.4363942927">
				<ele>1719.0</ele>
				<time>1970-01-01T01:00:00+01:00</time>
				<extensions>
					<swisstopo:routepoint_id>417116250</swisstopo:routepoint_id>
				</extensions>
			</trkpt>
			<trkpt lat="46.8717865608" lon="8.4362850762">
				<ele>1719.0</ele>
				<time>1970-01-01T01:00:00+01:00</time>
				<extensions>
					<swisstopo:routepoint_id>1787927407</swisstopo:routepoint_id>
				</extensions>
			</trkpt>
			<trkpt lat="46.8717850762" lon="8.4361963855">
				<ele>1719.0</ele>
				<time>1970-01-01T01:00:00+01:00</time>
				<extensions>
					<swisstopo:routepoint_id>1602660785</swisstopo:routepoint_id>
				</extensions>
			</trkpt>
			<trkpt lat="46.8717788531" lon="8.4361282151">
				<ele>1719.3</ele>
				<time>1970-01-01T01:00:00+01:00</time>
				<extensions>
					<swisstopo:routepoint_id>2029732912</swisstopo:routepoint_id>
				</extensions>
			</trkpt>
			<trkpt lat="46.8717665865" lon="8.4360357698">
				<ele>1719.3</ele>
				<time>1970-01-01T01:00:00+01:00</time>
				<extensions>
					<swisstopo:routepoint_id>1775225769</swisstopo:routepoint_id>
				</extensions>
			</trkpt>
			<trkpt lat="46.8717592068" lon="8.4359702671">
				<ele>1719.0</ele>
				<time>1970-01-01T01:00:00+01:00</time>
				<extensions>
					<swisstopo:routepoint_id>159793044</swisstopo:routepoint_id>
				</extensions>
			</trkpt>
			<trkpt lat="46.8717564507" lon="8.4358958906">
				<ele>1718.9</ele>
				<time>1970-01-01T01:00:00+01:00</time>
				<extensions>
					<swisstopo:routepoint_id>1311258193</swisstopo:routepoint_id>
				</extensions>
			</trkpt>
			<trkpt lat="46.8717586651" lon="8.4357894678">
				<ele>1718.5</ele>
				<time>1970-01-01T01:00:00+01:00</time>
				<extensions>
					<swisstopo:routepoint_id>241392813</swisstopo:routepoint_id>
				</extensions>
			</trkpt>
			<trkpt lat="46.8717608960" lon="8.4357445237">
				<ele>1718.3</ele>
				<time>1970-01-01T01:00:00+01:00</time>
				<extensions>
					<swisstopo:routepoint_id>252292438</swisstopo:routepoint_id>
				</extensions>
			</trkpt>
			<trkpt lat="46.8717608960" lon="8.4357445237">
				<ele>1718.3</ele>
				<extensions>
					<swisstopo:waypoint_id>421385055</swisstopo:waypoint_id>
					<swisstopo:waypoint_is_controlpoint>1</swisstopo:waypoint_is_controlpoint>
					<swisstopo:waypoint_routepoint_id>252292438</swisstopo:waypoint_routepoint_id>
					<swisstopo:waypoint_meters_into_tour>15804.849574</swisstopo:waypoint_meters_into_tour>
					<swisstopo:waypoint_stage_before distance="15804.849574" duration="22166.353500" ascent="1134.265869" descent="1275.732910" />
					<swisstopo:waypoint_trackpoint_id>swisstopo-12</swisstopo:waypoint_trackpoint_id>
					<swisstopo:waypoint_original_name>Destination</swisstopo:waypoint_original_name>
				</extensions>
				<name>swisstopo-12</name>
			</trkpt>
		</trkseg>
	</trk>
</gpx>
