<?xml version="1.0"?>
<gpx version="1.1" creator="Generated by Swisstopo App. See https://www.swisstopo.ch/app for more information." xmlns="http://www.topografix.com/GPX/1/1" xmlns:xsi="http://www.w3.org/2001/XMLSchema-instance" xmlns:swisstopo="https://prod-static.swisstopo-app.ch/xmlschemas/SwisstopoExtensions" xsi:schemaLocation="http://www.topografix.com/GPX/1/1 http://www.topografix.com/GPX/1/1/gpx.xsd https://swisstopo-app.ch/xmlschemas/SwisstopoExtensions https://prod-static.swisstopo-app.ch/xmlschemas/SwisstopoExtensions.xsd">
	<metadata>
		<name>Wissberg</name>
		<desc />
		<time>2026-05-30T07:29:55+02:00</time>
		<extensions>
			<swisstopo:tour_type>0</swisstopo:tour_type>
		</extensions>
	</metadata>
	<wpt lat="46.8012823194" lon="8.4682745169">
		<ele>1839.9</ele>
		<name>Startpunkt</name>
		<extensions>
			<swisstopo:waypoint_id>1</swisstopo:waypoint_id>
			<swisstopo:waypoint_routepoint_id>118153352</swisstopo:waypoint_routepoint_id>
			<swisstopo:waypoint_meters_into_tour>0.000000</swisstopo:waypoint_meters_into_tour>
			<swisstopo:waypoint_is_controlpoint>1</swisstopo:waypoint_is_controlpoint>
		</extensions>
	</wpt>
	<wpt lat="46.8047438996" lon="8.4661176510">
		<ele>1903.0</ele>
		<name>Wegpunkt</name>
		<extensions>
			<swisstopo:waypoint_id>1502862606</swisstopo:waypoint_id>
			<swisstopo:waypoint_routepoint_id>1534247636</swisstopo:waypoint_routepoint_id>
			<swisstopo:waypoint_meters_into_tour>619.255472</swisstopo:waypoint_meters_into_tour>
			<swisstopo:waypoint_is_controlpoint>1</swisstopo:waypoint_is_controlpoint>
		</extensions>
	</wpt>
	<wpt lat="46.8137312254" lon="8.4780962001">
		<ele>2625.7</ele>
		<name>Wegpunkt</name>
		<extensions>
			<swisstopo:waypoint_id>1302197949</swisstopo:waypoint_id>
			<swisstopo:waypoint_routepoint_id>518133594</swisstopo:waypoint_routepoint_id>
			<swisstopo:waypoint_meters_into_tour>2987.036659</swisstopo:waypoint_meters_into_tour>
			<swisstopo:waypoint_is_controlpoint>1</swisstopo:waypoint_is_controlpoint>
		</extensions>
	</wpt>
	<wpt lat="46.8012843810" lon="8.4682266701">
		<ele>1839.4</ele>
		<name>Ziel</name>
		<extensions>
			<swisstopo:waypoint_id>1155070002</swisstopo:waypoint_id>
			<swisstopo:waypoint_routepoint_id>809743749</swisstopo:waypoint_routepoint_id>
			<swisstopo:waypoint_meters_into_tour>5970.413583</swisstopo:waypoint_meters_into_tour>
			<swisstopo:waypoint_is_controlpoint>1</swisstopo:waypoint_is_controlpoint>
			<swisstopo:waypoint_stage_before distance="5970.413583" duration="12776.658402" ascent="801.900000" descent="802.400000" />
		</extensions>
	</wpt>
	<trk>
		<name>Swisstopo Route</name>
		<trkseg>
			<trkpt lat="46.8012823194" lon="8.4682745169">
				<ele>1839.9</ele>
				<extensions>
					<swisstopo:routepoint_id>118153352</swisstopo:routepoint_id>
				</extensions>
			</trkpt>
			<trkpt lat="46.8012862404" lon="8.4681835170">
				<ele>1839.0</ele>
				<extensions>
					<swisstopo:routepoint_id>174161859</swisstopo:routepoint_id>
				</extensions>
			</trkpt>
			<trkpt lat="46.8013621916" lon="8.4682667432">
				<ele>1839.1</ele>
				<extensions>
					<swisstopo:routepoint_id>1595130601</swisstopo:routepoint_id>
				</extensions>
			</trkpt>
			<trkpt lat="46.8013731711" lon="8.4682932592">
				<ele>1839.1</ele>
				<extensions>
					<swisstopo:routepoint_id>871124600</swisstopo:routepoint_id>
				</extensions>
			</trkpt>
			<trkpt lat="46.8013844457" lon="8.4683628823">
				<ele>1839.2</ele>
				<extensions>
					<swisstopo:routepoint_id>767074163</swisstopo:routepoint_id>
				</extensions>
			</trkpt>
			<trkpt lat="46.8013922051" lon="8.4683893499">
				<ele>1839.4</ele>
				<extensions>
					<swisstopo:routepoint_id>1521185214</swisstopo:routepoint_id>
				</extensions>
			</trkpt>
			<trkpt lat="46.8014088148" lon="8.4684159998">
				<ele>1839.6</ele>
				<extensions>
					<swisstopo:routepoint_id>1354741644</swisstopo:routepoint_id>
				</extensions>
			</trkpt>
			<trkpt lat="46.8014323546" lon="8.4684702937">
				<ele>1840.1</ele>
				<extensions>
					<swisstopo:routepoint_id>1307200122</swisstopo:routepoint_id>
				</extensions>
			</trkpt>
			<trkpt lat="46.8014423388" lon="8.4685123675">
				<ele>1840.2</ele>
				<extensions>
					<swisstopo:routepoint_id>876090622</swisstopo:routepoint_id>
				</extensions>
			</trkpt>
			<trkpt lat="46.8014482396" lon="8.4685603373">
				<ele>1840.0</ele>
				<extensions>
					<swisstopo:routepoint_id>378260706</swisstopo:routepoint_id>
				</extensions>
			</trkpt>
			<trkpt lat="46.8014637157" lon="8.4686289272">
				<ele>1840.1</ele>
				<extensions>
					<swisstopo:routepoint_id>1296281303</swisstopo:routepoint_id>
				</extensions>
			</trkpt>
			<trkpt lat="46.8015425679" lon="8.4687037598">
				<ele>1839.5</ele>
				<extensions>
					<swisstopo:routepoint_id>176915193</swisstopo:routepoint_id>
				</extensions>
			</trkpt>
			<trkpt lat="46.8015706336" lon="8.4687409392">
				<ele>1839.2</ele>
				<extensions>
					<swisstopo:routepoint_id>136855590</swisstopo:routepoint_id>
				</extensions>
			</trkpt>
			<trkpt lat="46.8015984697" lon="8.4688066477">
				<ele>1838.9</ele>
				<extensions>
					<swisstopo:routepoint_id>1904594996</swisstopo:routepoint_id>
				</extensions>
			</trkpt>
			<trkpt lat="46.8016320085" lon="8.4689013395">
				<ele>1838.4</ele>
				<extensions>
					<swisstopo:routepoint_id>162513019</swisstopo:routepoint_id>
				</extensions>
			</trkpt>
			<trkpt lat="46.8016507371" lon="8.4689543496">
				<ele>1838.0</ele>
				<extensions>
					<swisstopo:routepoint_id>326853435</swisstopo:routepoint_id>
				</extensions>
			</trkpt>
			<trkpt lat="46.8017247712" lon="8.4691005686">
				<ele>1835.7</ele>
				<extensions>
					<swisstopo:routepoint_id>619080450</swisstopo:routepoint_id>
				</extensions>
			</trkpt>
			<trkpt lat="46.8017746414" lon="8.4691769177">
				<ele>1835.0</ele>
				<extensions>
					<swisstopo:routepoint_id>1232281274</swisstopo:routepoint_id>
				</extensions>
			</trkpt>
			<trkpt lat="46.8018399551" lon="8.4692416276">
				<ele>1834.5</ele>
				<extensions>
					<swisstopo:routepoint_id>604695954</swisstopo:routepoint_id>
				</extensions>
			</trkpt>
			<trkpt lat="46.8019213273" lon="8.4693102345">
				<ele>1834.3</ele>
				<extensions>
					<swisstopo:routepoint_id>1295783683</swisstopo:routepoint_id>
				</extensions>
			</trkpt>
			<trkpt lat="46.8020068449" lon="8.4693681651">
				<ele>1833.9</ele>
				<extensions>
					<swisstopo:routepoint_id>1786473770</swisstopo:routepoint_id>
				</extensions>
			</trkpt>
			<trkpt lat="46.8020877495" lon="8.4694068542">
				<ele>1833.2</ele>
				<extensions>
					<swisstopo:routepoint_id>1309014634</swisstopo:routepoint_id>
				</extensions>
			</trkpt>
			<trkpt lat="46.8021766114" lon="8.4694320839">
				<ele>1832.6</ele>
				<extensions>
					<swisstopo:routepoint_id>570201764</swisstopo:routepoint_id>
				</extensions>
			</trkpt>
			<trkpt lat="46.8022450131" lon="8.4694486423">
				<ele>1832.3</ele>
				<extensions>
					<swisstopo:routepoint_id>979543038</swisstopo:routepoint_id>
				</extensions>
			</trkpt>
			<trkpt lat="46.8022721221" lon="8.4694512441">
				<ele>1832.2</ele>
				<extensions>
					<swisstopo:routepoint_id>1396491243</swisstopo:routepoint_id>
				</extensions>
			</trkpt>
			<trkpt lat="46.8022930835" lon="8.4694502565">
				<ele>1832.1</ele>
				<extensions>
					<swisstopo:routepoint_id>686991645</swisstopo:routepoint_id>
				</extensions>
			</trkpt>
			<trkpt lat="46.8023093332" lon="8.4694429427">
				<ele>1832.0</ele>
				<extensions>
					<swisstopo:routepoint_id>781246029</swisstopo:routepoint_id>
				</extensions>
			</trkpt>
			<trkpt lat="46.8023208316" lon="8.4694348438">
				<ele>1832.0</ele>
				<extensions>
					<swisstopo:routepoint_id>1220408018</swisstopo:routepoint_id>
				</extensions>
			</trkpt>
			<trkpt lat="46.8023362159" lon="8.4694178055">
				<ele>1832.0</ele>
				<extensions>
					<swisstopo:routepoint_id>1824162370</swisstopo:routepoint_id>
				</extensions>
			</trkpt>
			<trkpt lat="46.8023488214" lon="8.4693976880">
				<ele>1832.0</ele>
				<extensions>
					<swisstopo:routepoint_id>1497993393</swisstopo:routepoint_id>
				</extensions>
			</trkpt>
			<trkpt lat="46.8024066793" lon="8.4692696198">
				<ele>1832.0</ele>
				<extensions>
					<swisstopo:routepoint_id>207464982</swisstopo:routepoint_id>
				</extensions>
			</trkpt>
			<trkpt lat="46.8025149696" lon="8.4692373672">
				<ele>1832.3</ele>
				<extensions>
					<swisstopo:routepoint_id>1409989261</swisstopo:routepoint_id>
				</extensions>
			</trkpt>
			<trkpt lat="46.8026070564" lon="8.4692012934">
				<ele>1832.2</ele>
				<extensions>
					<swisstopo:routepoint_id>761867525</swisstopo:routepoint_id>
				</extensions>
			</trkpt>
			<trkpt lat="46.8027769519" lon="8.4691062468">
				<ele>1831.8</ele>
				<extensions>
					<swisstopo:routepoint_id>2011706099</swisstopo:routepoint_id>
				</extensions>
			</trkpt>
			<trkpt lat="46.8028338008" lon="8.4690491919">
				<ele>1831.9</ele>
				<extensions>
					<swisstopo:routepoint_id>819784572</swisstopo:routepoint_id>
				</extensions>
			</trkpt>
			<trkpt lat="46.8028429067" lon="8.4690220373">
				<ele>1831.7</ele>
				<extensions>
					<swisstopo:routepoint_id>1877675491</swisstopo:routepoint_id>
				</extensions>
			</trkpt>
			<trkpt lat="46.8028611226" lon="8.4689653438">
				<ele>1832.1</ele>
				<extensions>
					<swisstopo:routepoint_id>276612857</swisstopo:routepoint_id>
				</extensions>
			</trkpt>
			<trkpt lat="46.8028928990" lon="8.4689232160">
				<ele>1833.0</ele>
				<extensions>
					<swisstopo:routepoint_id>70291701</swisstopo:routepoint_id>
				</extensions>
			</trkpt>
			<trkpt lat="46.8029294108" lon="8.4688907031">
				<ele>1834.5</ele>
				<extensions>
					<swisstopo:routepoint_id>218624074</swisstopo:routepoint_id>
				</extensions>
			</trkpt>
			<trkpt lat="46.8029589074" lon="8.4688330460">
				<ele>1835.3</ele>
				<extensions>
					<swisstopo:routepoint_id>210583190</swisstopo:routepoint_id>
				</extensions>
			</trkpt>
			<trkpt lat="46.8030053485" lon="8.4686830098">
				<ele>1835.9</ele>
				<extensions>
					<swisstopo:routepoint_id>288141025</swisstopo:routepoint_id>
				</extensions>
			</trkpt>
			<trkpt lat="46.8030423495" lon="8.4686002240">
				<ele>1837.2</ele>
				<extensions>
					<swisstopo:routepoint_id>96102567</swisstopo:routepoint_id>
				</extensions>
			</trkpt>
			<trkpt lat="46.8030592866" lon="8.4685725639">
				<ele>1838.0</ele>
				<extensions>
					<swisstopo:routepoint_id>913967194</swisstopo:routepoint_id>
				</extensions>
			</trkpt>
			<trkpt lat="46.8030738856" lon="8.4685268712">
				<ele>1838.7</ele>
				<extensions>
					<swisstopo:routepoint_id>83234713</swisstopo:routepoint_id>
				</extensions>
			</trkpt>
			<trkpt lat="46.8030734591" lon="8.4684743277">
				<ele>1838.5</ele>
				<extensions>
					<swisstopo:routepoint_id>695602083</swisstopo:routepoint_id>
				</extensions>
			</trkpt>
			<trkpt lat="46.8030827211" lon="8.4684298561">
				<ele>1838.6</ele>
				<extensions>
					<swisstopo:routepoint_id>782524273</swisstopo:routepoint_id>
				</extensions>
			</trkpt>
			<trkpt lat="46.8030962757" lon="8.4684012142">
				<ele>1839.0</ele>
				<extensions>
					<swisstopo:routepoint_id>826611188</swisstopo:routepoint_id>
				</extensions>
			</trkpt>
			<trkpt lat="46.8031126701" lon="8.4683529226">
				<ele>1839.5</ele>
				<extensions>
					<swisstopo:routepoint_id>715962247</swisstopo:routepoint_id>
				</extensions>
			</trkpt>
			<trkpt lat="46.8031227544" lon="8.4683150304">
				<ele>1840.4</ele>
				<extensions>
					<swisstopo:routepoint_id>1712841926</swisstopo:routepoint_id>
				</extensions>
			</trkpt>
			<trkpt lat="46.8031407285" lon="8.4682890931">
				<ele>1840.7</ele>
				<extensions>
					<swisstopo:routepoint_id>1043242062</swisstopo:routepoint_id>
				</extensions>
			</trkpt>
			<trkpt lat="46.8031621522" lon="8.4682737289">
				<ele>1841.2</ele>
				<extensions>
					<swisstopo:routepoint_id>1004231405</swisstopo:routepoint_id>
				</extensions>
			</trkpt>
			<trkpt lat="46.8031691189" lon="8.4682882995">
				<ele>1841.5</ele>
				<extensions>
					<swisstopo:routepoint_id>239506669</swisstopo:routepoint_id>
				</extensions>
			</trkpt>
			<trkpt lat="46.8031635042" lon="8.4683223468">
				<ele>1842.2</ele>
				<extensions>
					<swisstopo:routepoint_id>878838105</swisstopo:routepoint_id>
				</extensions>
			</trkpt>
			<trkpt lat="46.8031614250" lon="8.4683564486">
				<ele>1842.7</ele>
				<extensions>
					<swisstopo:routepoint_id>349128587</swisstopo:routepoint_id>
				</extensions>
			</trkpt>
			<trkpt lat="46.8031781644" lon="8.4683537029">
				<ele>1843.0</ele>
				<extensions>
					<swisstopo:routepoint_id>1429802531</swisstopo:routepoint_id>
				</extensions>
			</trkpt>
			<trkpt lat="46.8032266393" lon="8.4683333403">
				<ele>1844.2</ele>
				<extensions>
					<swisstopo:routepoint_id>852076561</swisstopo:routepoint_id>
				</extensions>
			</trkpt>
			<trkpt lat="46.8032583318" lon="8.4682995294">
				<ele>1844.6</ele>
				<extensions>
					<swisstopo:routepoint_id>1630564104</swisstopo:routepoint_id>
				</extensions>
			</trkpt>
			<trkpt lat="46.8032764382" lon="8.4682559211">
				<ele>1844.9</ele>
				<extensions>
					<swisstopo:routepoint_id>1862135405</swisstopo:routepoint_id>
				</extensions>
			</trkpt>
			<trkpt lat="46.8032995372" lon="8.4681933723">
				<ele>1845.3</ele>
				<extensions>
					<swisstopo:routepoint_id>263451296</swisstopo:routepoint_id>
				</extensions>
			</trkpt>
			<trkpt lat="46.8033531940" lon="8.4681350757">
				<ele>1846.0</ele>
				<extensions>
					<swisstopo:routepoint_id>1699909912</swisstopo:routepoint_id>
				</extensions>
			</trkpt>
			<trkpt lat="46.8033874345" lon="8.4680870331">
				<ele>1847.1</ele>
				<extensions>
					<swisstopo:routepoint_id>988298830</swisstopo:routepoint_id>
				</extensions>
			</trkpt>
			<trkpt lat="46.8033941744" lon="8.4680538849">
				<ele>1847.5</ele>
				<extensions>
					<swisstopo:routepoint_id>638541327</swisstopo:routepoint_id>
				</extensions>
			</trkpt>
			<trkpt lat="46.8034391003" lon="8.4679811148">
				<ele>1848.7</ele>
				<extensions>
					<swisstopo:routepoint_id>1638984428</swisstopo:routepoint_id>
				</extensions>
			</trkpt>
			<trkpt lat="46.8034624133" lon="8.4678947911">
				<ele>1849.1</ele>
				<extensions>
					<swisstopo:routepoint_id>22841142</swisstopo:routepoint_id>
				</extensions>
			</trkpt>
			<trkpt lat="46.8034884728" lon="8.4678620513">
				<ele>1850.0</ele>
				<extensions>
					<swisstopo:routepoint_id>450529552</swisstopo:routepoint_id>
				</extensions>
			</trkpt>
			<trkpt lat="46.8035010685" lon="8.4678040444">
				<ele>1850.5</ele>
				<extensions>
					<swisstopo:routepoint_id>1300885437</swisstopo:routepoint_id>
				</extensions>
			</trkpt>
			<trkpt lat="46.8035347331" lon="8.4677310317">
				<ele>1851.6</ele>
				<extensions>
					<swisstopo:routepoint_id>149699782</swisstopo:routepoint_id>
				</extensions>
			</trkpt>
			<trkpt lat="46.8035977772" lon="8.4676122556">
				<ele>1854.2</ele>
				<extensions>
					<swisstopo:routepoint_id>1141151077</swisstopo:routepoint_id>
				</extensions>
			</trkpt>
			<trkpt lat="46.8036152222" lon="8.4675601712">
				<ele>1855.2</ele>
				<extensions>
					<swisstopo:routepoint_id>1703539783</swisstopo:routepoint_id>
				</extensions>
			</trkpt>
			<trkpt lat="46.8036341734" lon="8.4675036214">
				<ele>1856.4</ele>
				<extensions>
					<swisstopo:routepoint_id>825516029</swisstopo:routepoint_id>
				</extensions>
			</trkpt>
			<trkpt lat="46.8037075463" lon="8.4674017194">
				<ele>1859.6</ele>
				<extensions>
					<swisstopo:routepoint_id>1845860313</swisstopo:routepoint_id>
				</extensions>
			</trkpt>
			<trkpt lat="46.8037322008" lon="8.4673451729">
				<ele>1861.2</ele>
				<extensions>
					<swisstopo:routepoint_id>387901394</swisstopo:routepoint_id>
				</extensions>
			</trkpt>
			<trkpt lat="46.8037327253" lon="8.4672868957">
				<ele>1862.4</ele>
				<extensions>
					<swisstopo:routepoint_id>395481037</swisstopo:routepoint_id>
				</extensions>
			</trkpt>
			<trkpt lat="46.8037942429" lon="8.4671597701">
				<ele>1865.6</ele>
				<extensions>
					<swisstopo:routepoint_id>766534770</swisstopo:routepoint_id>
				</extensions>
			</trkpt>
			<trkpt lat="46.8038260937" lon="8.4671093086">
				<ele>1866.8</ele>
				<extensions>
					<swisstopo:routepoint_id>489161298</swisstopo:routepoint_id>
				</extensions>
			</trkpt>
			<trkpt lat="46.8038309901" lon="8.4670130695">
				<ele>1868.4</ele>
				<extensions>
					<swisstopo:routepoint_id>1164170445</swisstopo:routepoint_id>
				</extensions>
			</trkpt>
			<trkpt lat="46.8038384878" lon="8.4669846912">
				<ele>1868.7</ele>
				<extensions>
					<swisstopo:routepoint_id>575559619</swisstopo:routepoint_id>
				</extensions>
			</trkpt>
			<trkpt lat="46.8038979276" lon="8.4668194512">
				<ele>1870.4</ele>
				<extensions>
					<swisstopo:routepoint_id>160389572</swisstopo:routepoint_id>
				</extensions>
			</trkpt>
			<trkpt lat="46.8039998074" lon="8.4665897127">
				<ele>1874.5</ele>
				<extensions>
					<swisstopo:routepoint_id>409650322</swisstopo:routepoint_id>
				</extensions>
			</trkpt>
			<trkpt lat="46.8040667316" lon="8.4663984791">
				<ele>1878.1</ele>
				<extensions>
					<swisstopo:routepoint_id>793751298</swisstopo:routepoint_id>
				</extensions>
			</trkpt>
			<trkpt lat="46.8040850959" lon="8.4663251344">
				<ele>1879.5</ele>
				<extensions>
					<swisstopo:routepoint_id>2049528854</swisstopo:routepoint_id>
				</extensions>
			</trkpt>
			<trkpt lat="46.8041145678" lon="8.4662710507">
				<ele>1880.1</ele>
				<extensions>
					<swisstopo:routepoint_id>352264798</swisstopo:routepoint_id>
				</extensions>
			</trkpt>
			<trkpt lat="46.8041448079" lon="8.4662205721">
				<ele>1880.5</ele>
				<extensions>
					<swisstopo:routepoint_id>262467048</swisstopo:routepoint_id>
				</extensions>
			</trkpt>
			<trkpt lat="46.8042380455" lon="8.4661464532">
				<ele>1880.9</ele>
				<extensions>
					<swisstopo:routepoint_id>1189967137</swisstopo:routepoint_id>
				</extensions>
			</trkpt>
			<trkpt lat="46.8042486145" lon="8.4661335935">
				<ele>1881.3</ele>
				<extensions>
					<swisstopo:routepoint_id>1127669016</swisstopo:routepoint_id>
				</extensions>
			</trkpt>
			<trkpt lat="46.8042884003" lon="8.4660059853">
				<ele>1882.8</ele>
				<extensions>
					<swisstopo:routepoint_id>1251605283</swisstopo:routepoint_id>
				</extensions>
			</trkpt>
			<trkpt lat="46.8043255600" lon="8.4659033110">
				<ele>1883.8</ele>
				<extensions>
					<swisstopo:routepoint_id>866121007</swisstopo:routepoint_id>
				</extensions>
			</trkpt>
			<trkpt lat="46.8043813510" lon="8.4657855715">
				<ele>1884.9</ele>
				<extensions>
					<swisstopo:routepoint_id>1550578936</swisstopo:routepoint_id>
				</extensions>
			</trkpt>
			<trkpt lat="46.8044152084" lon="8.4657179575">
				<ele>1885.3</ele>
				<extensions>
					<swisstopo:routepoint_id>1104180209</swisstopo:routepoint_id>
				</extensions>
			</trkpt>
			<trkpt lat="46.8044578808" lon="8.4656925828">
				<ele>1886.4</ele>
				<extensions>
					<swisstopo:routepoint_id>1121786346</swisstopo:routepoint_id>
				</extensions>
			</trkpt>
			<trkpt lat="46.8044923836" lon="8.4657003416">
				<ele>1887.8</ele>
				<extensions>
					<swisstopo:routepoint_id>800310101</swisstopo:routepoint_id>
				</extensions>
			</trkpt>
			<trkpt lat="46.8045631607" lon="8.4657789501">
				<ele>1891.2</ele>
				<extensions>
					<swisstopo:routepoint_id>1736612754</swisstopo:routepoint_id>
				</extensions>
			</trkpt>
			<trkpt lat="46.8046457945" lon="8.4658506313">
				<ele>1894.8</ele>
				<extensions>
					<swisstopo:routepoint_id>1083875344</swisstopo:routepoint_id>
				</extensions>
			</trkpt>
			<trkpt lat="46.8046784204" lon="8.4659761111">
				<ele>1898.2</ele>
				<extensions>
					<swisstopo:routepoint_id>1334655237</swisstopo:routepoint_id>
				</extensions>
			</trkpt>
			<trkpt lat="46.8047438996" lon="8.4661176510">
				<ele>1903.0</ele>
				<extensions>
					<swisstopo:routepoint_id>1534247636</swisstopo:routepoint_id>
				</extensions>
			</trkpt>
			<trkpt lat="46.8047438996" lon="8.4661176510">
				<ele>1903.0</ele>
				<extensions>
					<swisstopo:routepoint_id>407304375</swisstopo:routepoint_id>
				</extensions>
			</trkpt>
			<trkpt lat="46.8047914936" lon="8.4661721964">
				<ele>1905.4</ele>
				<extensions>
					<swisstopo:routepoint_id>1086479488</swisstopo:routepoint_id>
				</extensions>
			</trkpt>
			<trkpt lat="46.8048318032" lon="8.4662195020">
				<ele>1907.6</ele>
				<extensions>
					<swisstopo:routepoint_id>1708008591</swisstopo:routepoint_id>
				</extensions>
			</trkpt>
			<trkpt lat="46.8048708116" lon="8.4662333878">
				<ele>1909.1</ele>
				<extensions>
					<swisstopo:routepoint_id>184989400</swisstopo:routepoint_id>
				</extensions>
			</trkpt>
			<trkpt lat="46.8049130566" lon="8.4662425389">
				<ele>1910.6</ele>
				<extensions>
					<swisstopo:routepoint_id>594667334</swisstopo:routepoint_id>
				</extensions>
			</trkpt>
			<trkpt lat="46.8049463865" lon="8.4662646487">
				<ele>1911.4</ele>
				<extensions>
					<swisstopo:routepoint_id>711731932</swisstopo:routepoint_id>
				</extensions>
			</trkpt>
			<trkpt lat="46.8049613230" lon="8.4662923938">
				<ele>1912.2</ele>
				<extensions>
					<swisstopo:routepoint_id>903143104</swisstopo:routepoint_id>
				</extensions>
			</trkpt>
			<trkpt lat="46.8049730158" lon="8.4663236547">
				<ele>1913.1</ele>
				<extensions>
					<swisstopo:routepoint_id>1369015466</swisstopo:routepoint_id>
				</extensions>
			</trkpt>
			<trkpt lat="46.8049765475" lon="8.4663750665">
				<ele>1914.0</ele>
				<extensions>
					<swisstopo:routepoint_id>1495538622</swisstopo:routepoint_id>
				</extensions>
			</trkpt>
			<trkpt lat="46.8049732662" lon="8.4664728865">
				<ele>1916.1</ele>
				<extensions>
					<swisstopo:routepoint_id>56820270</swisstopo:routepoint_id>
				</extensions>
			</trkpt>
			<trkpt lat="46.8049751168" lon="8.4666422075">
				<ele>1919.2</ele>
				<extensions>
					<swisstopo:routepoint_id>1854630925</swisstopo:routepoint_id>
				</extensions>
			</trkpt>
			<trkpt lat="46.8049893790" lon="8.4667438057">
				<ele>1920.6</ele>
				<extensions>
					<swisstopo:routepoint_id>746944520</swisstopo:routepoint_id>
				</extensions>
			</trkpt>
			<trkpt lat="46.8050000113" lon="8.4669049491">
				<ele>1923.3</ele>
				<extensions>
					<swisstopo:routepoint_id>2036620979</swisstopo:routepoint_id>
				</extensions>
			</trkpt>
			<trkpt lat="46.8050114794" lon="8.4670601462">
				<ele>1925.5</ele>
				<extensions>
					<swisstopo:routepoint_id>578678085</swisstopo:routepoint_id>
				</extensions>
			</trkpt>
			<trkpt lat="46.8050242589" lon="8.4671486036">
				<ele>1926.7</ele>
				<extensions>
					<swisstopo:routepoint_id>1441954640</swisstopo:routepoint_id>
				</extensions>
			</trkpt>
			<trkpt lat="46.8050466668" lon="8.4672217315">
				<ele>1927.9</ele>
				<extensions>
					<swisstopo:routepoint_id>346223309</swisstopo:routepoint_id>
				</extensions>
			</trkpt>
			<trkpt lat="46.8050589871" lon="8.4672672466">
				<ele>1928.6</ele>
				<extensions>
					<swisstopo:routepoint_id>2037747095</swisstopo:routepoint_id>
				</extensions>
			</trkpt>
			<trkpt lat="46.8050618454" lon="8.4673054656">
				<ele>1928.7</ele>
				<extensions>
					<swisstopo:routepoint_id>167504095</swisstopo:routepoint_id>
				</extensions>
			</trkpt>
			<trkpt lat="46.8050552598" lon="8.4673375309">
				<ele>1928.5</ele>
				<extensions>
					<swisstopo:routepoint_id>1901146944</swisstopo:routepoint_id>
				</extensions>
			</trkpt>
			<trkpt lat="46.8050225115" lon="8.4673727124">
				<ele>1929.0</ele>
				<extensions>
					<swisstopo:routepoint_id>1353742066</swisstopo:routepoint_id>
				</extensions>
			</trkpt>
			<trkpt lat="46.8050207391" lon="8.4673977158">
				<ele>1929.8</ele>
				<extensions>
					<swisstopo:routepoint_id>1172016050</swisstopo:routepoint_id>
				</extensions>
			</trkpt>
			<trkpt lat="46.8049767135" lon="8.4674565261">
				<ele>1930.5</ele>
				<extensions>
					<swisstopo:routepoint_id>1532836666</swisstopo:routepoint_id>
				</extensions>
			</trkpt>
			<trkpt lat="46.8049303927" lon="8.4675033696">
				<ele>1931.8</ele>
				<extensions>
					<swisstopo:routepoint_id>835855499</swisstopo:routepoint_id>
				</extensions>
			</trkpt>
			<trkpt lat="46.8049159789" lon="8.4675245682">
				<ele>1932.2</ele>
				<extensions>
					<swisstopo:routepoint_id>1114998403</swisstopo:routepoint_id>
				</extensions>
			</trkpt>
			<trkpt lat="46.8048973035" lon="8.4675814651">
				<ele>1933.2</ele>
				<extensions>
					<swisstopo:routepoint_id>196709248</swisstopo:routepoint_id>
				</extensions>
			</trkpt>
			<trkpt lat="46.8048808866" lon="8.4676562759">
				<ele>1934.8</ele>
				<extensions>
					<swisstopo:routepoint_id>1417527238</swisstopo:routepoint_id>
				</extensions>
			</trkpt>
			<trkpt lat="46.8048684509" lon="8.4677275722">
				<ele>1935.9</ele>
				<extensions>
					<swisstopo:routepoint_id>936406122</swisstopo:routepoint_id>
				</extensions>
			</trkpt>
			<trkpt lat="46.8048574743" lon="8.4678156012">
				<ele>1937.3</ele>
				<extensions>
					<swisstopo:routepoint_id>1495385109</swisstopo:routepoint_id>
				</extensions>
			</trkpt>
			<trkpt lat="46.8048560535" lon="8.4678954545">
				<ele>1938.6</ele>
				<extensions>
					<swisstopo:routepoint_id>321949586</swisstopo:routepoint_id>
				</extensions>
			</trkpt>
			<trkpt lat="46.8048656570" lon="8.4679838508">
				<ele>1940.3</ele>
				<extensions>
					<swisstopo:routepoint_id>1961465069</swisstopo:routepoint_id>
				</extensions>
			</trkpt>
			<trkpt lat="46.8048804434" lon="8.4681200225">
				<ele>1942.7</ele>
				<extensions>
					<swisstopo:routepoint_id>1803634982</swisstopo:routepoint_id>
				</extensions>
			</trkpt>
			<trkpt lat="46.8048870559" lon="8.4681869013">
				<ele>1943.8</ele>
				<extensions>
					<swisstopo:routepoint_id>1756477292</swisstopo:routepoint_id>
				</extensions>
			</trkpt>
			<trkpt lat="46.8048964881" lon="8.4681954273">
				<ele>1944.1</ele>
				<extensions>
					<swisstopo:routepoint_id>1623079298</swisstopo:routepoint_id>
				</extensions>
			</trkpt>
			<trkpt lat="46.8050429718" lon="8.4681027167">
				<ele>1949.0</ele>
				<extensions>
					<swisstopo:routepoint_id>886331270</swisstopo:routepoint_id>
				</extensions>
			</trkpt>
			<trkpt lat="46.8051329896" lon="8.4680375665">
				<ele>1951.7</ele>
				<extensions>
					<swisstopo:routepoint_id>2034073809</swisstopo:routepoint_id>
				</extensions>
			</trkpt>
			<trkpt lat="46.8052405609" lon="8.4679572656">
				<ele>1954.4</ele>
				<extensions>
					<swisstopo:routepoint_id>1270441869</swisstopo:routepoint_id>
				</extensions>
			</trkpt>
			<trkpt lat="46.8054198031" lon="8.4678281674">
				<ele>1958.9</ele>
				<extensions>
					<swisstopo:routepoint_id>891293442</swisstopo:routepoint_id>
				</extensions>
			</trkpt>
			<trkpt lat="46.8055475041" lon="8.4677053034">
				<ele>1963.4</ele>
				<extensions>
					<swisstopo:routepoint_id>190051733</swisstopo:routepoint_id>
				</extensions>
			</trkpt>
			<trkpt lat="46.8055658510" lon="8.4676889361">
				<ele>1963.8</ele>
				<extensions>
					<swisstopo:routepoint_id>47798473</swisstopo:routepoint_id>
				</extensions>
			</trkpt>
			<trkpt lat="46.8056040506" lon="8.4676657815">
				<ele>1964.6</ele>
				<extensions>
					<swisstopo:routepoint_id>1625788643</swisstopo:routepoint_id>
				</extensions>
			</trkpt>
			<trkpt lat="46.8056176707" lon="8.4676457733">
				<ele>1965.2</ele>
				<extensions>
					<swisstopo:routepoint_id>1962948151</swisstopo:routepoint_id>
				</extensions>
			</trkpt>
			<trkpt lat="46.8056354583" lon="8.4675996014">
				<ele>1966.4</ele>
				<extensions>
					<swisstopo:routepoint_id>226914168</swisstopo:routepoint_id>
				</extensions>
			</trkpt>
			<trkpt lat="46.8057394828" lon="8.4674655540">
				<ele>1970.1</ele>
				<extensions>
					<swisstopo:routepoint_id>832072376</swisstopo:routepoint_id>
				</extensions>
			</trkpt>
			<trkpt lat="46.8057650062" lon="8.4674433741">
				<ele>1970.8</ele>
				<extensions>
					<swisstopo:routepoint_id>1726903883</swisstopo:routepoint_id>
				</extensions>
			</trkpt>
			<trkpt lat="46.8058119557" lon="8.4674156172">
				<ele>1972.0</ele>
				<extensions>
					<swisstopo:routepoint_id>1977903628</swisstopo:routepoint_id>
				</extensions>
			</trkpt>
			<trkpt lat="46.8059010568" lon="8.4673683328">
				<ele>1974.7</ele>
				<extensions>
					<swisstopo:routepoint_id>1100116893</swisstopo:routepoint_id>
				</extensions>
			</trkpt>
			<trkpt lat="46.8059830389" lon="8.4673173603">
				<ele>1977.4</ele>
				<extensions>
					<swisstopo:routepoint_id>223540728</swisstopo:routepoint_id>
				</extensions>
			</trkpt>
			<trkpt lat="46.8060627898" lon="8.4672484611">
				<ele>1980.2</ele>
				<extensions>
					<swisstopo:routepoint_id>341934300</swisstopo:routepoint_id>
				</extensions>
			</trkpt>
			<trkpt lat="46.8060763298" lon="8.4672403599">
				<ele>1980.6</ele>
				<extensions>
					<swisstopo:routepoint_id>1320044951</swisstopo:routepoint_id>
				</extensions>
			</trkpt>
			<trkpt lat="46.8060758011" lon="8.4673071304">
				<ele>1981.5</ele>
				<extensions>
					<swisstopo:routepoint_id>1302214904</swisstopo:routepoint_id>
				</extensions>
			</trkpt>
			<trkpt lat="46.8060686506" lon="8.4674118997">
				<ele>1982.8</ele>
				<extensions>
					<swisstopo:routepoint_id>1283942280</swisstopo:routepoint_id>
				</extensions>
			</trkpt>
			<trkpt lat="46.8060596181" lon="8.4675548125">
				<ele>1984.8</ele>
				<extensions>
					<swisstopo:routepoint_id>135388179</swisstopo:routepoint_id>
				</extensions>
			</trkpt>
			<trkpt lat="46.8060625164" lon="8.4675906228">
				<ele>1985.4</ele>
				<extensions>
					<swisstopo:routepoint_id>2088077179</swisstopo:routepoint_id>
				</extensions>
			</trkpt>
			<trkpt lat="46.8060800893" lon="8.4676732113">
				<ele>1987.4</ele>
				<extensions>
					<swisstopo:routepoint_id>1240801707</swisstopo:routepoint_id>
				</extensions>
			</trkpt>
			<trkpt lat="46.8060732546" lon="8.4678387936">
				<ele>1990.0</ele>
				<extensions>
					<swisstopo:routepoint_id>2025278551</swisstopo:routepoint_id>
				</extensions>
			</trkpt>
			<trkpt lat="46.8060734257" lon="8.4679186914">
				<ele>1991.0</ele>
				<extensions>
					<swisstopo:routepoint_id>2049857675</swisstopo:routepoint_id>
				</extensions>
			</trkpt>
			<trkpt lat="46.8060780318" lon="8.4679366634">
				<ele>1991.4</ele>
				<extensions>
					<swisstopo:routepoint_id>1190840124</swisstopo:routepoint_id>
				</extensions>
			</trkpt>
			<trkpt lat="46.8061016725" lon="8.4679537675">
				<ele>1992.1</ele>
				<extensions>
					<swisstopo:routepoint_id>216774148</swisstopo:routepoint_id>
				</extensions>
			</trkpt>
			<trkpt lat="46.8061451355" lon="8.4679664946">
				<ele>1993.2</ele>
				<extensions>
					<swisstopo:routepoint_id>728575506</swisstopo:routepoint_id>
				</extensions>
			</trkpt>
			<trkpt lat="46.8061792112" lon="8.4679647220">
				<ele>1993.9</ele>
				<extensions>
					<swisstopo:routepoint_id>1508788926</swisstopo:routepoint_id>
				</extensions>
			</trkpt>
			<trkpt lat="46.8062181683" lon="8.4679463508">
				<ele>1995.3</ele>
				<extensions>
					<swisstopo:routepoint_id>783467069</swisstopo:routepoint_id>
				</extensions>
			</trkpt>
			<trkpt lat="46.8062756472" lon="8.4678901548">
				<ele>1997.6</ele>
				<extensions>
					<swisstopo:routepoint_id>1735206247</swisstopo:routepoint_id>
				</extensions>
			</trkpt>
			<trkpt lat="46.8063226947" lon="8.4678504771">
				<ele>1999.1</ele>
				<extensions>
					<swisstopo:routepoint_id>437726346</swisstopo:routepoint_id>
				</extensions>
			</trkpt>
			<trkpt lat="46.8064183301" lon="8.4677759082">
				<ele>2002.2</ele>
				<extensions>
					<swisstopo:routepoint_id>670707407</swisstopo:routepoint_id>
				</extensions>
			</trkpt>
			<trkpt lat="46.8064888167" lon="8.4676758445">
				<ele>2005.0</ele>
				<extensions>
					<swisstopo:routepoint_id>456317892</swisstopo:routepoint_id>
				</extensions>
			</trkpt>
			<trkpt lat="46.8065537947" lon="8.4675721008">
				<ele>2007.1</ele>
				<extensions>
					<swisstopo:routepoint_id>937115570</swisstopo:routepoint_id>
				</extensions>
			</trkpt>
			<trkpt lat="46.8065921264" lon="8.4675322557">
				<ele>2008.3</ele>
				<extensions>
					<swisstopo:routepoint_id>742545641</swisstopo:routepoint_id>
				</extensions>
			</trkpt>
			<trkpt lat="46.8066446824" lon="8.4674962472">
				<ele>2010.1</ele>
				<extensions>
					<swisstopo:routepoint_id>1619185775</swisstopo:routepoint_id>
				</extensions>
			</trkpt>
			<trkpt lat="46.8066891998" lon="8.4674767889">
				<ele>2011.6</ele>
				<extensions>
					<swisstopo:routepoint_id>906519199</swisstopo:routepoint_id>
				</extensions>
			</trkpt>
			<trkpt lat="46.8067577489" lon="8.4675399665">
				<ele>2013.4</ele>
				<extensions>
					<swisstopo:routepoint_id>472559115</swisstopo:routepoint_id>
				</extensions>
			</trkpt>
			<trkpt lat="46.8067879259" lon="8.4675455219">
				<ele>2014.4</ele>
				<extensions>
					<swisstopo:routepoint_id>484799519</swisstopo:routepoint_id>
				</extensions>
			</trkpt>
			<trkpt lat="46.8068085793" lon="8.4674997714">
				<ele>2015.4</ele>
				<extensions>
					<swisstopo:routepoint_id>908623848</swisstopo:routepoint_id>
				</extensions>
			</trkpt>
			<trkpt lat="46.8068673780" lon="8.4674588760">
				<ele>2017.0</ele>
				<extensions>
					<swisstopo:routepoint_id>171014562</swisstopo:routepoint_id>
				</extensions>
			</trkpt>
			<trkpt lat="46.8068792077" lon="8.4675408185">
				<ele>2018.6</ele>
				<extensions>
					<swisstopo:routepoint_id>871423186</swisstopo:routepoint_id>
				</extensions>
			</trkpt>
			<trkpt lat="46.8068886154" lon="8.4676030378">
				<ele>2020.1</ele>
				<extensions>
					<swisstopo:routepoint_id>1469954382</swisstopo:routepoint_id>
				</extensions>
			</trkpt>
			<trkpt lat="46.8068985232" lon="8.4676217126">
				<ele>2020.6</ele>
				<extensions>
					<swisstopo:routepoint_id>431066359</swisstopo:routepoint_id>
				</extensions>
			</trkpt>
			<trkpt lat="46.8068937104" lon="8.4676646612">
				<ele>2021.2</ele>
				<extensions>
					<swisstopo:routepoint_id>594426429</swisstopo:routepoint_id>
				</extensions>
			</trkpt>
			<trkpt lat="46.8069013667" lon="8.4677035506">
				<ele>2021.9</ele>
				<extensions>
					<swisstopo:routepoint_id>2016679290</swisstopo:routepoint_id>
				</extensions>
			</trkpt>
			<trkpt lat="46.8069184550" lon="8.4677360292">
				<ele>2022.9</ele>
				<extensions>
					<swisstopo:routepoint_id>1041726862</swisstopo:routepoint_id>
				</extensions>
			</trkpt>
			<trkpt lat="46.8069312729" lon="8.4677432186">
				<ele>2023.5</ele>
				<extensions>
					<swisstopo:routepoint_id>1784286510</swisstopo:routepoint_id>
				</extensions>
			</trkpt>
			<trkpt lat="46.8069347592" lon="8.4677706425">
				<ele>2024.2</ele>
				<extensions>
					<swisstopo:routepoint_id>392880884</swisstopo:routepoint_id>
				</extensions>
			</trkpt>
			<trkpt lat="46.8069401008" lon="8.4678667819">
				<ele>2025.9</ele>
				<extensions>
					<swisstopo:routepoint_id>614867864</swisstopo:routepoint_id>
				</extensions>
			</trkpt>
			<trkpt lat="46.8069390672" lon="8.4679346047">
				<ele>2027.4</ele>
				<extensions>
					<swisstopo:routepoint_id>1220653665</swisstopo:routepoint_id>
				</extensions>
			</trkpt>
			<trkpt lat="46.8069596664" lon="8.4679698106">
				<ele>2028.9</ele>
				<extensions>
					<swisstopo:routepoint_id>1344374136</swisstopo:routepoint_id>
				</extensions>
			</trkpt>
			<trkpt lat="46.8069602828" lon="8.4680032456">
				<ele>2029.4</ele>
				<extensions>
					<swisstopo:routepoint_id>44800598</swisstopo:routepoint_id>
				</extensions>
			</trkpt>
			<trkpt lat="46.8069694277" lon="8.4680117010">
				<ele>2029.9</ele>
				<extensions>
					<swisstopo:routepoint_id>1381486166</swisstopo:routepoint_id>
				</extensions>
			</trkpt>
			<trkpt lat="46.8069677260" lon="8.4680268668">
				<ele>2030.1</ele>
				<extensions>
					<swisstopo:routepoint_id>170403831</swisstopo:routepoint_id>
				</extensions>
			</trkpt>
			<trkpt lat="46.8069738478" lon="8.4680453529">
				<ele>2030.6</ele>
				<extensions>
					<swisstopo:routepoint_id>1755357931</swisstopo:routepoint_id>
				</extensions>
			</trkpt>
			<trkpt lat="46.8069739851" lon="8.4680660567">
				<ele>2031.2</ele>
				<extensions>
					<swisstopo:routepoint_id>1834799372</swisstopo:routepoint_id>
				</extensions>
			</trkpt>
			<trkpt lat="46.8070161259" lon="8.4680987264">
				<ele>2033.0</ele>
				<extensions>
					<swisstopo:routepoint_id>1689653779</swisstopo:routepoint_id>
				</extensions>
			</trkpt>
			<trkpt lat="46.8070201618" lon="8.4681210902">
				<ele>2033.5</ele>
				<extensions>
					<swisstopo:routepoint_id>560641424</swisstopo:routepoint_id>
				</extensions>
			</trkpt>
			<trkpt lat="46.8070523492" lon="8.4681721353">
				<ele>2035.1</ele>
				<extensions>
					<swisstopo:routepoint_id>95735461</swisstopo:routepoint_id>
				</extensions>
			</trkpt>
			<trkpt lat="46.8070797231" lon="8.4682222236">
				<ele>2036.8</ele>
				<extensions>
					<swisstopo:routepoint_id>411051980</swisstopo:routepoint_id>
				</extensions>
			</trkpt>
			<trkpt lat="46.8070834265" lon="8.4682525341">
				<ele>2037.4</ele>
				<extensions>
					<swisstopo:routepoint_id>317157462</swisstopo:routepoint_id>
				</extensions>
			</trkpt>
			<trkpt lat="46.8070751570" lon="8.4682996745">
				<ele>2038.1</ele>
				<extensions>
					<swisstopo:routepoint_id>756819349</swisstopo:routepoint_id>
				</extensions>
			</trkpt>
			<trkpt lat="46.8070821421" lon="8.4683421670">
				<ele>2038.8</ele>
				<extensions>
					<swisstopo:routepoint_id>246136153</swisstopo:routepoint_id>
				</extensions>
			</trkpt>
			<trkpt lat="46.8070791772" lon="8.4683906667">
				<ele>2039.3</ele>
				<extensions>
					<swisstopo:routepoint_id>1519109848</swisstopo:routepoint_id>
				</extensions>
			</trkpt>
			<trkpt lat="46.8070919489" lon="8.4684349077">
				<ele>2040.3</ele>
				<extensions>
					<swisstopo:routepoint_id>1713273032</swisstopo:routepoint_id>
				</extensions>
			</trkpt>
			<trkpt lat="46.8071286601" lon="8.4684771039">
				<ele>2041.6</ele>
				<extensions>
					<swisstopo:routepoint_id>1640198332</swisstopo:routepoint_id>
				</extensions>
			</trkpt>
			<trkpt lat="46.8071514402" lon="8.4685538067">
				<ele>2043.4</ele>
				<extensions>
					<swisstopo:routepoint_id>1961160184</swisstopo:routepoint_id>
				</extensions>
			</trkpt>
			<trkpt lat="46.8071737776" lon="8.4685807525">
				<ele>2044.4</ele>
				<extensions>
					<swisstopo:routepoint_id>1103310226</swisstopo:routepoint_id>
				</extensions>
			</trkpt>
			<trkpt lat="46.8071840056" lon="8.4686477164">
				<ele>2045.8</ele>
				<extensions>
					<swisstopo:routepoint_id>151604624</swisstopo:routepoint_id>
				</extensions>
			</trkpt>
			<trkpt lat="46.8071955055" lon="8.4686813729">
				<ele>2046.5</ele>
				<extensions>
					<swisstopo:routepoint_id>1644449702</swisstopo:routepoint_id>
				</extensions>
			</trkpt>
			<trkpt lat="46.8071935500" lon="8.4687306388">
				<ele>2047.1</ele>
				<extensions>
					<swisstopo:routepoint_id>1840798112</swisstopo:routepoint_id>
				</extensions>
			</trkpt>
			<trkpt lat="46.8071861403" lon="8.4687701964">
				<ele>2047.7</ele>
				<extensions>
					<swisstopo:routepoint_id>2064540613</swisstopo:routepoint_id>
				</extensions>
			</trkpt>
			<trkpt lat="46.8072123671" lon="8.4688866518">
				<ele>2050.9</ele>
				<extensions>
					<swisstopo:routepoint_id>988192752</swisstopo:routepoint_id>
				</extensions>
			</trkpt>
			<trkpt lat="46.8072013547" lon="8.4689536287">
				<ele>2051.5</ele>
				<extensions>
					<swisstopo:routepoint_id>205645825</swisstopo:routepoint_id>
				</extensions>
			</trkpt>
			<trkpt lat="46.8072034013" lon="8.4690060240">
				<ele>2052.4</ele>
				<extensions>
					<swisstopo:routepoint_id>2143918234</swisstopo:routepoint_id>
				</extensions>
			</trkpt>
			<trkpt lat="46.8072050514" lon="8.4690594858">
				<ele>2052.9</ele>
				<extensions>
					<swisstopo:routepoint_id>727795757</swisstopo:routepoint_id>
				</extensions>
			</trkpt>
			<trkpt lat="46.8072233657" lon="8.4690956443">
				<ele>2053.8</ele>
				<extensions>
					<swisstopo:routepoint_id>1502272448</swisstopo:routepoint_id>
				</extensions>
			</trkpt>
			<trkpt lat="46.8072950150" lon="8.4691690769">
				<ele>2057.4</ele>
				<extensions>
					<swisstopo:routepoint_id>1239105801</swisstopo:routepoint_id>
				</extensions>
			</trkpt>
			<trkpt lat="46.8073095130" lon="8.4692173998">
				<ele>2058.5</ele>
				<extensions>
					<swisstopo:routepoint_id>858326100</swisstopo:routepoint_id>
				</extensions>
			</trkpt>
			<trkpt lat="46.8073349522" lon="8.4692345918">
				<ele>2059.6</ele>
				<extensions>
					<swisstopo:routepoint_id>1825290785</swisstopo:routepoint_id>
				</extensions>
			</trkpt>
			<trkpt lat="46.8073427917" lon="8.4692830362">
				<ele>2060.6</ele>
				<extensions>
					<swisstopo:routepoint_id>1078386374</swisstopo:routepoint_id>
				</extensions>
			</trkpt>
			<trkpt lat="46.8073418947" lon="8.4693276451">
				<ele>2061.1</ele>
				<extensions>
					<swisstopo:routepoint_id>65995118</swisstopo:routepoint_id>
				</extensions>
			</trkpt>
			<trkpt lat="46.8073586407" lon="8.4693680974">
				<ele>2061.8</ele>
				<extensions>
					<swisstopo:routepoint_id>11631285</swisstopo:routepoint_id>
				</extensions>
			</trkpt>
			<trkpt lat="46.8073645484" lon="8.4694591656">
				<ele>2063.2</ele>
				<extensions>
					<swisstopo:routepoint_id>592868195</swisstopo:routepoint_id>
				</extensions>
			</trkpt>
			<trkpt lat="46.8073750012" lon="8.4695290690">
				<ele>2064.7</ele>
				<extensions>
					<swisstopo:routepoint_id>1043430971</swisstopo:routepoint_id>
				</extensions>
			</trkpt>
			<trkpt lat="46.8074085095" lon="8.4695413452">
				<ele>2066.1</ele>
				<extensions>
					<swisstopo:routepoint_id>958616395</swisstopo:routepoint_id>
				</extensions>
			</trkpt>
			<trkpt lat="46.8074215189" lon="8.4695761445">
				<ele>2067.1</ele>
				<extensions>
					<swisstopo:routepoint_id>1814563806</swisstopo:routepoint_id>
				</extensions>
			</trkpt>
			<trkpt lat="46.8074890623" lon="8.4696010737">
				<ele>2069.7</ele>
				<extensions>
					<swisstopo:routepoint_id>918797048</swisstopo:routepoint_id>
				</extensions>
			</trkpt>
			<trkpt lat="46.8075233878" lon="8.4696304377">
				<ele>2071.2</ele>
				<extensions>
					<swisstopo:routepoint_id>1375532829</swisstopo:routepoint_id>
				</extensions>
			</trkpt>
			<trkpt lat="46.8075243327" lon="8.4697122003">
				<ele>2071.9</ele>
				<extensions>
					<swisstopo:routepoint_id>1293529630</swisstopo:routepoint_id>
				</extensions>
			</trkpt>
			<trkpt lat="46.8075341237" lon="8.4697417497">
				<ele>2072.7</ele>
				<extensions>
					<swisstopo:routepoint_id>1176995621</swisstopo:routepoint_id>
				</extensions>
			</trkpt>
			<trkpt lat="46.8075419629" lon="8.4697643047">
				<ele>2073.3</ele>
				<extensions>
					<swisstopo:routepoint_id>1957427202</swisstopo:routepoint_id>
				</extensions>
			</trkpt>
			<trkpt lat="46.8075386009" lon="8.4698138713">
				<ele>2074.1</ele>
				<extensions>
					<swisstopo:routepoint_id>555163110</swisstopo:routepoint_id>
				</extensions>
			</trkpt>
			<trkpt lat="46.8075426785" lon="8.4698554834">
				<ele>2074.9</ele>
				<extensions>
					<swisstopo:routepoint_id>1007396694</swisstopo:routepoint_id>
				</extensions>
			</trkpt>
			<trkpt lat="46.8075420892" lon="8.4699168166">
				<ele>2076.1</ele>
				<extensions>
					<swisstopo:routepoint_id>465665366</swisstopo:routepoint_id>
				</extensions>
			</trkpt>
			<trkpt lat="46.8075508252" lon="8.4699386810">
				<ele>2076.8</ele>
				<extensions>
					<swisstopo:routepoint_id>84357998</swisstopo:routepoint_id>
				</extensions>
			</trkpt>
			<trkpt lat="46.8075849464" lon="8.4699528034">
				<ele>2078.8</ele>
				<extensions>
					<swisstopo:routepoint_id>880489925</swisstopo:routepoint_id>
				</extensions>
			</trkpt>
			<trkpt lat="46.8076168069" lon="8.4699871387">
				<ele>2080.6</ele>
				<extensions>
					<swisstopo:routepoint_id>650290044</swisstopo:routepoint_id>
				</extensions>
			</trkpt>
			<trkpt lat="46.8076329480" lon="8.4700696772">
				<ele>2082.4</ele>
				<extensions>
					<swisstopo:routepoint_id>1708621504</swisstopo:routepoint_id>
				</extensions>
			</trkpt>
			<trkpt lat="46.8077020876" lon="8.4702606169">
				<ele>2089.0</ele>
				<extensions>
					<swisstopo:routepoint_id>2098137092</swisstopo:routepoint_id>
				</extensions>
			</trkpt>
			<trkpt lat="46.8077134583" lon="8.4703174885">
				<ele>2090.5</ele>
				<extensions>
					<swisstopo:routepoint_id>929163547</swisstopo:routepoint_id>
				</extensions>
			</trkpt>
			<trkpt lat="46.8077371827" lon="8.4703880795">
				<ele>2092.7</ele>
				<extensions>
					<swisstopo:routepoint_id>1778530020</swisstopo:routepoint_id>
				</extensions>
			</trkpt>
			<trkpt lat="46.8077544959" lon="8.4704234727">
				<ele>2094.1</ele>
				<extensions>
					<swisstopo:routepoint_id>105518685</swisstopo:routepoint_id>
				</extensions>
			</trkpt>
			<trkpt lat="46.8078008753" lon="8.4704937638">
				<ele>2098.0</ele>
				<extensions>
					<swisstopo:routepoint_id>467017210</swisstopo:routepoint_id>
				</extensions>
			</trkpt>
			<trkpt lat="46.8078334061" lon="8.4705684412">
				<ele>2100.2</ele>
				<extensions>
					<swisstopo:routepoint_id>1516695300</swisstopo:routepoint_id>
				</extensions>
			</trkpt>
			<trkpt lat="46.8078630478" lon="8.4706422507">
				<ele>2102.3</ele>
				<extensions>
					<swisstopo:routepoint_id>2000762518</swisstopo:routepoint_id>
				</extensions>
			</trkpt>
			<trkpt lat="46.8078761907" lon="8.4707100842">
				<ele>2103.3</ele>
				<extensions>
					<swisstopo:routepoint_id>1177293247</swisstopo:routepoint_id>
				</extensions>
			</trkpt>
			<trkpt lat="46.8078658188" lon="8.4707418812">
				<ele>2103.8</ele>
				<extensions>
					<swisstopo:routepoint_id>2057601384</swisstopo:routepoint_id>
				</extensions>
			</trkpt>
			<trkpt lat="46.8078695786" lon="8.4708106876">
				<ele>2104.9</ele>
				<extensions>
					<swisstopo:routepoint_id>220275595</swisstopo:routepoint_id>
				</extensions>
			</trkpt>
			<trkpt lat="46.8078830422" lon="8.4708389845">
				<ele>2105.7</ele>
				<extensions>
					<swisstopo:routepoint_id>523116459</swisstopo:routepoint_id>
				</extensions>
			</trkpt>
			<trkpt lat="46.8079167454" lon="8.4709521398">
				<ele>2106.9</ele>
				<extensions>
					<swisstopo:routepoint_id>1741707188</swisstopo:routepoint_id>
				</extensions>
			</trkpt>
			<trkpt lat="46.8079847595" lon="8.4710643806">
				<ele>2108.3</ele>
				<extensions>
					<swisstopo:routepoint_id>1025483309</swisstopo:routepoint_id>
				</extensions>
			</trkpt>
			<trkpt lat="46.8080241217" lon="8.4711864627">
				<ele>2109.4</ele>
				<extensions>
					<swisstopo:routepoint_id>1556721530</swisstopo:routepoint_id>
				</extensions>
			</trkpt>
			<trkpt lat="46.8080835613" lon="8.4713147080">
				<ele>2110.8</ele>
				<extensions>
					<swisstopo:routepoint_id>180763884</swisstopo:routepoint_id>
				</extensions>
			</trkpt>
			<trkpt lat="46.8081611853" lon="8.4714067727">
				<ele>2113.4</ele>
				<extensions>
					<swisstopo:routepoint_id>1390821697</swisstopo:routepoint_id>
				</extensions>
			</trkpt>
			<trkpt lat="46.8082389859" lon="8.4714792924">
				<ele>2115.8</ele>
				<extensions>
					<swisstopo:routepoint_id>80707622</swisstopo:routepoint_id>
				</extensions>
			</trkpt>
			<trkpt lat="46.8082444078" lon="8.4715273903">
				<ele>2116.9</ele>
				<extensions>
					<swisstopo:routepoint_id>954087053</swisstopo:routepoint_id>
				</extensions>
			</trkpt>
			<trkpt lat="46.8082233566" lon="8.4716567919">
				<ele>2118.1</ele>
				<extensions>
					<swisstopo:routepoint_id>139201748</swisstopo:routepoint_id>
				</extensions>
			</trkpt>
			<trkpt lat="46.8081966015" lon="8.4717683169">
				<ele>2119.4</ele>
				<extensions>
					<swisstopo:routepoint_id>131486873</swisstopo:routepoint_id>
				</extensions>
			</trkpt>
			<trkpt lat="46.8081910871" lon="8.4719384634">
				<ele>2121.4</ele>
				<extensions>
					<swisstopo:routepoint_id>472257455</swisstopo:routepoint_id>
				</extensions>
			</trkpt>
			<trkpt lat="46.8081592993" lon="8.4720314565">
				<ele>2121.8</ele>
				<extensions>
					<swisstopo:routepoint_id>1909853652</swisstopo:routepoint_id>
				</extensions>
			</trkpt>
			<trkpt lat="46.8081180266" lon="8.4721207956">
				<ele>2122.7</ele>
				<extensions>
					<swisstopo:routepoint_id>1464266375</swisstopo:routepoint_id>
				</extensions>
			</trkpt>
			<trkpt lat="46.8080460407" lon="8.4721852929">
				<ele>2124.6</ele>
				<extensions>
					<swisstopo:routepoint_id>1546781330</swisstopo:routepoint_id>
				</extensions>
			</trkpt>
			<trkpt lat="46.8080086653" lon="8.4722186810">
				<ele>2125.8</ele>
				<extensions>
					<swisstopo:routepoint_id>392355660</swisstopo:routepoint_id>
				</extensions>
			</trkpt>
			<trkpt lat="46.8079557021" lon="8.4722766642">
				<ele>2127.8</ele>
				<extensions>
					<swisstopo:routepoint_id>1277627259</swisstopo:routepoint_id>
				</extensions>
			</trkpt>
			<trkpt lat="46.8079336448" lon="8.4723272350">
				<ele>2129.2</ele>
				<extensions>
					<swisstopo:routepoint_id>1023411326</swisstopo:routepoint_id>
				</extensions>
			</trkpt>
			<trkpt lat="46.8078908076" lon="8.4723687202">
				<ele>2130.1</ele>
				<extensions>
					<swisstopo:routepoint_id>967814872</swisstopo:routepoint_id>
				</extensions>
			</trkpt>
			<trkpt lat="46.8078634746" lon="8.4724257015">
				<ele>2131.6</ele>
				<extensions>
					<swisstopo:routepoint_id>1744672430</swisstopo:routepoint_id>
				</extensions>
			</trkpt>
			<trkpt lat="46.8078561702" lon="8.4724723626">
				<ele>2132.9</ele>
				<extensions>
					<swisstopo:routepoint_id>1368937763</swisstopo:routepoint_id>
				</extensions>
			</trkpt>
			<trkpt lat="46.8078399249" lon="8.4725586962">
				<ele>2135.2</ele>
				<extensions>
					<swisstopo:routepoint_id>701683920</swisstopo:routepoint_id>
				</extensions>
			</trkpt>
			<trkpt lat="46.8078492861" lon="8.4726217799">
				<ele>2137.0</ele>
				<extensions>
					<swisstopo:routepoint_id>1458828017</swisstopo:routepoint_id>
				</extensions>
			</trkpt>
			<trkpt lat="46.8078391111" lon="8.4726943807">
				<ele>2138.3</ele>
				<extensions>
					<swisstopo:routepoint_id>708972339</swisstopo:routepoint_id>
				</extensions>
			</trkpt>
			<trkpt lat="46.8078506347" lon="8.4727362016">
				<ele>2139.5</ele>
				<extensions>
					<swisstopo:routepoint_id>688995109</swisstopo:routepoint_id>
				</extensions>
			</trkpt>
			<trkpt lat="46.8079074371" lon="8.4727719611">
				<ele>2142.1</ele>
				<extensions>
					<swisstopo:routepoint_id>830311045</swisstopo:routepoint_id>
				</extensions>
			</trkpt>
			<trkpt lat="46.8079592137" lon="8.4728670430">
				<ele>2146.3</ele>
				<extensions>
					<swisstopo:routepoint_id>275911674</swisstopo:routepoint_id>
				</extensions>
			</trkpt>
			<trkpt lat="46.8081446057" lon="8.4728483419">
				<ele>2151.1</ele>
				<extensions>
					<swisstopo:routepoint_id>207136723</swisstopo:routepoint_id>
				</extensions>
			</trkpt>
			<trkpt lat="46.8081678304" lon="8.4728576710">
				<ele>2151.9</ele>
				<extensions>
					<swisstopo:routepoint_id>1411905839</swisstopo:routepoint_id>
				</extensions>
			</trkpt>
			<trkpt lat="46.8081919337" lon="8.4729180381">
				<ele>2154.2</ele>
				<extensions>
					<swisstopo:routepoint_id>1170741779</swisstopo:routepoint_id>
				</extensions>
			</trkpt>
			<trkpt lat="46.8082237393" lon="8.4729852087">
				<ele>2156.4</ele>
				<extensions>
					<swisstopo:routepoint_id>432454061</swisstopo:routepoint_id>
				</extensions>
			</trkpt>
			<trkpt lat="46.8083268847" lon="8.4730404248">
				<ele>2160.6</ele>
				<extensions>
					<swisstopo:routepoint_id>1905506996</swisstopo:routepoint_id>
				</extensions>
			</trkpt>
			<trkpt lat="46.8083707308" lon="8.4730634492">
				<ele>2162.5</ele>
				<extensions>
					<swisstopo:routepoint_id>1502598067</swisstopo:routepoint_id>
				</extensions>
			</trkpt>
			<trkpt lat="46.8083870937" lon="8.4731192392">
				<ele>2163.9</ele>
				<extensions>
					<swisstopo:routepoint_id>116618533</swisstopo:routepoint_id>
				</extensions>
			</trkpt>
			<trkpt lat="46.8083859204" lon="8.4732568047">
				<ele>2166.8</ele>
				<extensions>
					<swisstopo:routepoint_id>378854384</swisstopo:routepoint_id>
				</extensions>
			</trkpt>
			<trkpt lat="46.8083840902" lon="8.4734252011">
				<ele>2170.6</ele>
				<extensions>
					<swisstopo:routepoint_id>2016155371</swisstopo:routepoint_id>
				</extensions>
			</trkpt>
			<trkpt lat="46.8083777526" lon="8.4735498537">
				<ele>2173.7</ele>
				<extensions>
					<swisstopo:routepoint_id>476969425</swisstopo:routepoint_id>
				</extensions>
			</trkpt>
			<trkpt lat="46.8083860950" lon="8.4736151066">
				<ele>2175.3</ele>
				<extensions>
					<swisstopo:routepoint_id>963054752</swisstopo:routepoint_id>
				</extensions>
			</trkpt>
			<trkpt lat="46.8083995944" lon="8.4736880583">
				<ele>2177.2</ele>
				<extensions>
					<swisstopo:routepoint_id>1922787944</swisstopo:routepoint_id>
				</extensions>
			</trkpt>
			<trkpt lat="46.8084004695" lon="8.4737553429">
				<ele>2178.7</ele>
				<extensions>
					<swisstopo:routepoint_id>2014330636</swisstopo:routepoint_id>
				</extensions>
			</trkpt>
			<trkpt lat="46.8084192454" lon="8.4738208096">
				<ele>2180.7</ele>
				<extensions>
					<swisstopo:routepoint_id>388805830</swisstopo:routepoint_id>
				</extensions>
			</trkpt>
			<trkpt lat="46.8084090955" lon="8.4738726967">
				<ele>2181.3</ele>
				<extensions>
					<swisstopo:routepoint_id>1290659911</swisstopo:routepoint_id>
				</extensions>
			</trkpt>
			<trkpt lat="46.8084155408" lon="8.4739834833">
				<ele>2183.3</ele>
				<extensions>
					<swisstopo:routepoint_id>1675055262</swisstopo:routepoint_id>
				</extensions>
			</trkpt>
			<trkpt lat="46.8084412044" lon="8.4740284597">
				<ele>2185.0</ele>
				<extensions>
					<swisstopo:routepoint_id>813248110</swisstopo:routepoint_id>
				</extensions>
			</trkpt>
			<trkpt lat="46.8084765155" lon="8.4741604248">
				<ele>2188.2</ele>
				<extensions>
					<swisstopo:routepoint_id>1204438276</swisstopo:routepoint_id>
				</extensions>
			</trkpt>
			<trkpt lat="46.8085236862" lon="8.4742980424">
				<ele>2191.7</ele>
				<extensions>
					<swisstopo:routepoint_id>88746242</swisstopo:routepoint_id>
				</extensions>
			</trkpt>
			<trkpt lat="46.8085362321" lon="8.4743937614">
				<ele>2193.6</ele>
				<extensions>
					<swisstopo:routepoint_id>761533366</swisstopo:routepoint_id>
				</extensions>
			</trkpt>
			<trkpt lat="46.8085661987" lon="8.4744572685">
				<ele>2195.7</ele>
				<extensions>
					<swisstopo:routepoint_id>1038585626</swisstopo:routepoint_id>
				</extensions>
			</trkpt>
			<trkpt lat="46.8085582203" lon="8.4745156963">
				<ele>2196.5</ele>
				<extensions>
					<swisstopo:routepoint_id>1038346564</swisstopo:routepoint_id>
				</extensions>
			</trkpt>
			<trkpt lat="46.8085732228" lon="8.4745865152">
				<ele>2198.2</ele>
				<extensions>
					<swisstopo:routepoint_id>384275699</swisstopo:routepoint_id>
				</extensions>
			</trkpt>
			<trkpt lat="46.8085766418" lon="8.4746202153">
				<ele>2199.0</ele>
				<extensions>
					<swisstopo:routepoint_id>1354673999</swisstopo:routepoint_id>
				</extensions>
			</trkpt>
			<trkpt lat="46.8085858374" lon="8.4747560158">
				<ele>2201.7</ele>
				<extensions>
					<swisstopo:routepoint_id>568926749</swisstopo:routepoint_id>
				</extensions>
			</trkpt>
			<trkpt lat="46.8086286936" lon="8.4748772649">
				<ele>2205.4</ele>
				<extensions>
					<swisstopo:routepoint_id>539492169</swisstopo:routepoint_id>
				</extensions>
			</trkpt>
			<trkpt lat="46.8086155178" lon="8.4749334309">
				<ele>2205.7</ele>
				<extensions>
					<swisstopo:routepoint_id>1977705205</swisstopo:routepoint_id>
				</extensions>
			</trkpt>
			<trkpt lat="46.8086218549" lon="8.4749736984">
				<ele>2206.6</ele>
				<extensions>
					<swisstopo:routepoint_id>214776595</swisstopo:routepoint_id>
				</extensions>
			</trkpt>
			<trkpt lat="46.8086357467" lon="8.4750032631">
				<ele>2207.4</ele>
				<extensions>
					<swisstopo:routepoint_id>2106609012</swisstopo:routepoint_id>
				</extensions>
			</trkpt>
			<trkpt lat="46.8086563789" lon="8.4751099867">
				<ele>2209.8</ele>
				<extensions>
					<swisstopo:routepoint_id>1695419744</swisstopo:routepoint_id>
				</extensions>
			</trkpt>
			<trkpt lat="46.8086595321" lon="8.4751729782">
				<ele>2210.9</ele>
				<extensions>
					<swisstopo:routepoint_id>566647106</swisstopo:routepoint_id>
				</extensions>
			</trkpt>
			<trkpt lat="46.8086971906" lon="8.4752919660">
				<ele>2214.3</ele>
				<extensions>
					<swisstopo:routepoint_id>1513762445</swisstopo:routepoint_id>
				</extensions>
			</trkpt>
			<trkpt lat="46.8086973468" lon="8.4753570752">
				<ele>2215.2</ele>
				<extensions>
					<swisstopo:routepoint_id>1014481254</swisstopo:routepoint_id>
				</extensions>
			</trkpt>
			<trkpt lat="46.8087195418" lon="8.4753737758">
				<ele>2216.1</ele>
				<extensions>
					<swisstopo:routepoint_id>310038068</swisstopo:routepoint_id>
				</extensions>
			</trkpt>
			<trkpt lat="46.8087424626" lon="8.4754751192">
				<ele>2218.7</ele>
				<extensions>
					<swisstopo:routepoint_id>1533424245</swisstopo:routepoint_id>
				</extensions>
			</trkpt>
			<trkpt lat="46.8087563258" lon="8.4755068453">
				<ele>2219.8</ele>
				<extensions>
					<swisstopo:routepoint_id>1773327273</swisstopo:routepoint_id>
				</extensions>
			</trkpt>
			<trkpt lat="46.8087583095" lon="8.4755350933">
				<ele>2220.1</ele>
				<extensions>
					<swisstopo:routepoint_id>1783946720</swisstopo:routepoint_id>
				</extensions>
			</trkpt>
			<trkpt lat="46.8087903094" lon="8.4756203382">
				<ele>2222.6</ele>
				<extensions>
					<swisstopo:routepoint_id>1300198135</swisstopo:routepoint_id>
				</extensions>
			</trkpt>
			<trkpt lat="46.8088346970" lon="8.4757372946">
				<ele>2225.8</ele>
				<extensions>
					<swisstopo:routepoint_id>297277751</swisstopo:routepoint_id>
				</extensions>
			</trkpt>
			<trkpt lat="46.8088597495" lon="8.4758495283">
				<ele>2227.8</ele>
				<extensions>
					<swisstopo:routepoint_id>406847457</swisstopo:routepoint_id>
				</extensions>
			</trkpt>
			<trkpt lat="46.8089363745" lon="8.4759432329">
				<ele>2232.0</ele>
				<extensions>
					<swisstopo:routepoint_id>954106458</swisstopo:routepoint_id>
				</extensions>
			</trkpt>
			<trkpt lat="46.8089907569" lon="8.4759431927">
				<ele>2234.4</ele>
				<extensions>
					<swisstopo:routepoint_id>119396908</swisstopo:routepoint_id>
				</extensions>
			</trkpt>
			<trkpt lat="46.8090428406" lon="8.4759496202">
				<ele>2236.8</ele>
				<extensions>
					<swisstopo:routepoint_id>1911238162</swisstopo:routepoint_id>
				</extensions>
			</trkpt>
			<trkpt lat="46.8090708022" lon="8.4759881302">
				<ele>2238.4</ele>
				<extensions>
					<swisstopo:routepoint_id>2006152466</swisstopo:routepoint_id>
				</extensions>
			</trkpt>
			<trkpt lat="46.8091079415" lon="8.4759996945">
				<ele>2240.2</ele>
				<extensions>
					<swisstopo:routepoint_id>322618842</swisstopo:routepoint_id>
				</extensions>
			</trkpt>
			<trkpt lat="46.8091158008" lon="8.4760367425">
				<ele>2240.9</ele>
				<extensions>
					<swisstopo:routepoint_id>1458805463</swisstopo:routepoint_id>
				</extensions>
			</trkpt>
			<trkpt lat="46.8091418960" lon="8.4760350707">
				<ele>2242.1</ele>
				<extensions>
					<swisstopo:routepoint_id>360151587</swisstopo:routepoint_id>
				</extensions>
			</trkpt>
			<trkpt lat="46.8091769416" lon="8.4761127755">
				<ele>2244.0</ele>
				<extensions>
					<swisstopo:routepoint_id>1520777683</swisstopo:routepoint_id>
				</extensions>
			</trkpt>
			<trkpt lat="46.8092072124" lon="8.4761426563">
				<ele>2245.5</ele>
				<extensions>
					<swisstopo:routepoint_id>1678263283</swisstopo:routepoint_id>
				</extensions>
			</trkpt>
			<trkpt lat="46.8092441441" lon="8.4761780892">
				<ele>2247.4</ele>
				<extensions>
					<swisstopo:routepoint_id>728534690</swisstopo:routepoint_id>
				</extensions>
			</trkpt>
			<trkpt lat="46.8092751320" lon="8.4762112332">
				<ele>2249.0</ele>
				<extensions>
					<swisstopo:routepoint_id>1689332411</swisstopo:routepoint_id>
				</extensions>
			</trkpt>
			<trkpt lat="46.8093183036" lon="8.4762153279">
				<ele>2250.9</ele>
				<extensions>
					<swisstopo:routepoint_id>681131503</swisstopo:routepoint_id>
				</extensions>
			</trkpt>
			<trkpt lat="46.8093855582" lon="8.4761916625">
				<ele>2254.2</ele>
				<extensions>
					<swisstopo:routepoint_id>586391598</swisstopo:routepoint_id>
				</extensions>
			</trkpt>
			<trkpt lat="46.8094200256" lon="8.4761695416">
				<ele>2255.9</ele>
				<extensions>
					<swisstopo:routepoint_id>1548006829</swisstopo:routepoint_id>
				</extensions>
			</trkpt>
			<trkpt lat="46.8094502286" lon="8.4761256396">
				<ele>2257.2</ele>
				<extensions>
					<swisstopo:routepoint_id>1322288855</swisstopo:routepoint_id>
				</extensions>
			</trkpt>
			<trkpt lat="46.8094874091" lon="8.4760503996">
				<ele>2258.5</ele>
				<extensions>
					<swisstopo:routepoint_id>459039897</swisstopo:routepoint_id>
				</extensions>
			</trkpt>
			<trkpt lat="46.8095365655" lon="8.4759699784">
				<ele>2260.6</ele>
				<extensions>
					<swisstopo:routepoint_id>1237765998</swisstopo:routepoint_id>
				</extensions>
			</trkpt>
			<trkpt lat="46.8095611003" lon="8.4758934206">
				<ele>2261.6</ele>
				<extensions>
					<swisstopo:routepoint_id>1323803674</swisstopo:routepoint_id>
				</extensions>
			</trkpt>
			<trkpt lat="46.8096282177" lon="8.4758035708">
				<ele>2264.3</ele>
				<extensions>
					<swisstopo:routepoint_id>224959542</swisstopo:routepoint_id>
				</extensions>
			</trkpt>
			<trkpt lat="46.8096495693" lon="8.4757486361">
				<ele>2265.1</ele>
				<extensions>
					<swisstopo:routepoint_id>1518341949</swisstopo:routepoint_id>
				</extensions>
			</trkpt>
			<trkpt lat="46.8096766678" lon="8.4757176983">
				<ele>2266.5</ele>
				<extensions>
					<swisstopo:routepoint_id>1026236658</swisstopo:routepoint_id>
				</extensions>
			</trkpt>
			<trkpt lat="46.8097106646" lon="8.4755838139">
				<ele>2267.1</ele>
				<extensions>
					<swisstopo:routepoint_id>1094949343</swisstopo:routepoint_id>
				</extensions>
			</trkpt>
			<trkpt lat="46.8097355718" lon="8.4755484833">
				<ele>2268.1</ele>
				<extensions>
					<swisstopo:routepoint_id>1166634179</swisstopo:routepoint_id>
				</extensions>
			</trkpt>
			<trkpt lat="46.8097613739" lon="8.4754958221">
				<ele>2269.0</ele>
				<extensions>
					<swisstopo:routepoint_id>1268729206</swisstopo:routepoint_id>
				</extensions>
			</trkpt>
			<trkpt lat="46.8098071897" lon="8.4754543825">
				<ele>2271.1</ele>
				<extensions>
					<swisstopo:routepoint_id>1388714286</swisstopo:routepoint_id>
				</extensions>
			</trkpt>
			<trkpt lat="46.8098548920" lon="8.4753695826">
				<ele>2273.3</ele>
				<extensions>
					<swisstopo:routepoint_id>1471262892</swisstopo:routepoint_id>
				</extensions>
			</trkpt>
			<trkpt lat="46.8099154260" lon="8.4752665933">
				<ele>2275.8</ele>
				<extensions>
					<swisstopo:routepoint_id>861278696</swisstopo:routepoint_id>
				</extensions>
			</trkpt>
			<trkpt lat="46.8099924868" lon="8.4751476362">
				<ele>2278.9</ele>
				<extensions>
					<swisstopo:routepoint_id>1177353222</swisstopo:routepoint_id>
				</extensions>
			</trkpt>
			<trkpt lat="46.8100309137" lon="8.4750995544">
				<ele>2279.9</ele>
				<extensions>
					<swisstopo:routepoint_id>1313578226</swisstopo:routepoint_id>
				</extensions>
			</trkpt>
			<trkpt lat="46.8100794608" lon="8.4750039209">
				<ele>2281.3</ele>
				<extensions>
					<swisstopo:routepoint_id>2027455025</swisstopo:routepoint_id>
				</extensions>
			</trkpt>
			<trkpt lat="46.8101278995" lon="8.4749202220">
				<ele>2284.0</ele>
				<extensions>
					<swisstopo:routepoint_id>323770068</swisstopo:routepoint_id>
				</extensions>
			</trkpt>
			<trkpt lat="46.8101838842" lon="8.4748258181">
				<ele>2286.1</ele>
				<extensions>
					<swisstopo:routepoint_id>236271853</swisstopo:routepoint_id>
				</extensions>
			</trkpt>
			<trkpt lat="46.8101842677" lon="8.4747835036">
				<ele>2286.1</ele>
				<extensions>
					<swisstopo:routepoint_id>661112433</swisstopo:routepoint_id>
				</extensions>
			</trkpt>
			<trkpt lat="46.8102557867" lon="8.4747002482">
				<ele>2289.0</ele>
				<extensions>
					<swisstopo:routepoint_id>408530156</swisstopo:routepoint_id>
				</extensions>
			</trkpt>
			<trkpt lat="46.8102915116" lon="8.4746217284">
				<ele>2289.8</ele>
				<extensions>
					<swisstopo:routepoint_id>1696851988</swisstopo:routepoint_id>
				</extensions>
			</trkpt>
			<trkpt lat="46.8103303021" lon="8.4745335058">
				<ele>2291.5</ele>
				<extensions>
					<swisstopo:routepoint_id>399136567</swisstopo:routepoint_id>
				</extensions>
			</trkpt>
			<trkpt lat="46.8103684632" lon="8.4744333347">
				<ele>2292.3</ele>
				<extensions>
					<swisstopo:routepoint_id>1660436076</swisstopo:routepoint_id>
				</extensions>
			</trkpt>
			<trkpt lat="46.8103917295" lon="8.4744142457">
				<ele>2293.9</ele>
				<extensions>
					<swisstopo:routepoint_id>2045874999</swisstopo:routepoint_id>
				</extensions>
			</trkpt>
			<trkpt lat="46.8104164207" lon="8.4743203271">
				<ele>2294.9</ele>
				<extensions>
					<swisstopo:routepoint_id>1527777733</swisstopo:routepoint_id>
				</extensions>
			</trkpt>
			<trkpt lat="46.8104535706" lon="8.4742483465">
				<ele>2297.0</ele>
				<extensions>
					<swisstopo:routepoint_id>743475197</swisstopo:routepoint_id>
				</extensions>
			</trkpt>
			<trkpt lat="46.8104929592" lon="8.4741764092">
				<ele>2299.7</ele>
				<extensions>
					<swisstopo:routepoint_id>747389500</swisstopo:routepoint_id>
				</extensions>
			</trkpt>
			<trkpt lat="46.8105165793" lon="8.4741182669">
				<ele>2300.5</ele>
				<extensions>
					<swisstopo:routepoint_id>1380505784</swisstopo:routepoint_id>
				</extensions>
			</trkpt>
			<trkpt lat="46.8105397073" lon="8.4740329922">
				<ele>2301.7</ele>
				<extensions>
					<swisstopo:routepoint_id>16181558</swisstopo:routepoint_id>
				</extensions>
			</trkpt>
			<trkpt lat="46.8105357386" lon="8.4739775820">
				<ele>2301.0</ele>
				<extensions>
					<swisstopo:routepoint_id>732396766</swisstopo:routepoint_id>
				</extensions>
			</trkpt>
			<trkpt lat="46.8105662068" lon="8.4739033109">
				<ele>2301.1</ele>
				<extensions>
					<swisstopo:routepoint_id>530941093</swisstopo:routepoint_id>
				</extensions>
			</trkpt>
			<trkpt lat="46.8106098108" lon="8.4738596514">
				<ele>2304.5</ele>
				<extensions>
					<swisstopo:routepoint_id>1614828897</swisstopo:routepoint_id>
				</extensions>
			</trkpt>
			<trkpt lat="46.8106573945" lon="8.4737878708">
				<ele>2306.4</ele>
				<extensions>
					<swisstopo:routepoint_id>1958475438</swisstopo:routepoint_id>
				</extensions>
			</trkpt>
			<trkpt lat="46.8107131811" lon="8.4737151600">
				<ele>2308.9</ele>
				<extensions>
					<swisstopo:routepoint_id>1446892117</swisstopo:routepoint_id>
				</extensions>
			</trkpt>
			<trkpt lat="46.8107536914" lon="8.4736833910">
				<ele>2310.9</ele>
				<extensions>
					<swisstopo:routepoint_id>1531447516</swisstopo:routepoint_id>
				</extensions>
			</trkpt>
			<trkpt lat="46.8107616497" lon="8.4737095924">
				<ele>2312.1</ele>
				<extensions>
					<swisstopo:routepoint_id>1317943582</swisstopo:routepoint_id>
				</extensions>
			</trkpt>
			<trkpt lat="46.8107757491" lon="8.4737152881">
				<ele>2312.9</ele>
				<extensions>
					<swisstopo:routepoint_id>1694478407</swisstopo:routepoint_id>
				</extensions>
			</trkpt>
			<trkpt lat="46.8107945739" lon="8.4737753211">
				<ele>2315.8</ele>
				<extensions>
					<swisstopo:routepoint_id>464428515</swisstopo:routepoint_id>
				</extensions>
			</trkpt>
			<trkpt lat="46.8108312018" lon="8.4737619132">
				<ele>2317.7</ele>
				<extensions>
					<swisstopo:routepoint_id>778421777</swisstopo:routepoint_id>
				</extensions>
			</trkpt>
			<trkpt lat="46.8108853487" lon="8.4737054578">
				<ele>2319.9</ele>
				<extensions>
					<swisstopo:routepoint_id>966011471</swisstopo:routepoint_id>
				</extensions>
			</trkpt>
			<trkpt lat="46.8109426383" lon="8.4736316879">
				<ele>2322.4</ele>
				<extensions>
					<swisstopo:routepoint_id>478823540</swisstopo:routepoint_id>
				</extensions>
			</trkpt>
			<trkpt lat="46.8109855654" lon="8.4735804286">
				<ele>2324.0</ele>
				<extensions>
					<swisstopo:routepoint_id>213920774</swisstopo:routepoint_id>
				</extensions>
			</trkpt>
			<trkpt lat="46.8110158064" lon="8.4735310999">
				<ele>2324.9</ele>
				<extensions>
					<swisstopo:routepoint_id>1567406189</swisstopo:routepoint_id>
				</extensions>
			</trkpt>
			<trkpt lat="46.8110225263" lon="8.4735193184">
				<ele>2325.2</ele>
				<extensions>
					<swisstopo:routepoint_id>793564637</swisstopo:routepoint_id>
				</extensions>
			</trkpt>
			<trkpt lat="46.8110513507" lon="8.4734436647">
				<ele>2327.1</ele>
				<extensions>
					<swisstopo:routepoint_id>1162144186</swisstopo:routepoint_id>
				</extensions>
			</trkpt>
			<trkpt lat="46.8110725531" lon="8.4734130967">
				<ele>2327.7</ele>
				<extensions>
					<swisstopo:routepoint_id>229933077</swisstopo:routepoint_id>
				</extensions>
			</trkpt>
			<trkpt lat="46.8110941903" lon="8.4734158841">
				<ele>2329.6</ele>
				<extensions>
					<swisstopo:routepoint_id>649868017</swisstopo:routepoint_id>
				</extensions>
			</trkpt>
			<trkpt lat="46.8111191082" lon="8.4734568381">
				<ele>2332.1</ele>
				<extensions>
					<swisstopo:routepoint_id>1735964937</swisstopo:routepoint_id>
				</extensions>
			</trkpt>
			<trkpt lat="46.8111601271" lon="8.4734730750">
				<ele>2334.1</ele>
				<extensions>
					<swisstopo:routepoint_id>38563012</swisstopo:routepoint_id>
				</extensions>
			</trkpt>
			<trkpt lat="46.8111837820" lon="8.4734925683">
				<ele>2334.9</ele>
				<extensions>
					<swisstopo:routepoint_id>1615566240</swisstopo:routepoint_id>
				</extensions>
			</trkpt>
			<trkpt lat="46.8112000055" lon="8.4735369327">
				<ele>2336.5</ele>
				<extensions>
					<swisstopo:routepoint_id>1617065575</swisstopo:routepoint_id>
				</extensions>
			</trkpt>
			<trkpt lat="46.8112344124" lon="8.4735661452">
				<ele>2337.9</ele>
				<extensions>
					<swisstopo:routepoint_id>1871334270</swisstopo:routepoint_id>
				</extensions>
			</trkpt>
			<trkpt lat="46.8112789950" lon="8.4735872201">
				<ele>2339.4</ele>
				<extensions>
					<swisstopo:routepoint_id>911389582</swisstopo:routepoint_id>
				</extensions>
			</trkpt>
			<trkpt lat="46.8112982161" lon="8.4736185390">
				<ele>2340.7</ele>
				<extensions>
					<swisstopo:routepoint_id>1307940382</swisstopo:routepoint_id>
				</extensions>
			</trkpt>
			<trkpt lat="46.8112928120" lon="8.4736589238">
				<ele>2342.1</ele>
				<extensions>
					<swisstopo:routepoint_id>739756695</swisstopo:routepoint_id>
				</extensions>
			</trkpt>
			<trkpt lat="46.8112771909" lon="8.4737110228">
				<ele>2344.0</ele>
				<extensions>
					<swisstopo:routepoint_id>1594908707</swisstopo:routepoint_id>
				</extensions>
			</trkpt>
			<trkpt lat="46.8112486259" lon="8.4737569245">
				<ele>2345.2</ele>
				<extensions>
					<swisstopo:routepoint_id>1582310044</swisstopo:routepoint_id>
				</extensions>
			</trkpt>
			<trkpt lat="46.8112069974" lon="8.4738109084">
				<ele>2347.2</ele>
				<extensions>
					<swisstopo:routepoint_id>1116320548</swisstopo:routepoint_id>
				</extensions>
			</trkpt>
			<trkpt lat="46.8111882710" lon="8.4738879486">
				<ele>2348.9</ele>
				<extensions>
					<swisstopo:routepoint_id>93979699</swisstopo:routepoint_id>
				</extensions>
			</trkpt>
			<trkpt lat="46.8112089788" lon="8.4739636371">
				<ele>2351.4</ele>
				<extensions>
					<swisstopo:routepoint_id>2145444868</swisstopo:routepoint_id>
				</extensions>
			</trkpt>
			<trkpt lat="46.8112415225" lon="8.4740206847">
				<ele>2353.5</ele>
				<extensions>
					<swisstopo:routepoint_id>2084108034</swisstopo:routepoint_id>
				</extensions>
			</trkpt>
			<trkpt lat="46.8112812856" lon="8.4740743198">
				<ele>2355.6</ele>
				<extensions>
					<swisstopo:routepoint_id>675277426</swisstopo:routepoint_id>
				</extensions>
			</trkpt>
			<trkpt lat="46.8113317091" lon="8.4741399008">
				<ele>2358.6</ele>
				<extensions>
					<swisstopo:routepoint_id>1705045342</swisstopo:routepoint_id>
				</extensions>
			</trkpt>
			<trkpt lat="46.8113598707" lon="8.4742051065">
				<ele>2360.9</ele>
				<extensions>
					<swisstopo:routepoint_id>728152964</swisstopo:routepoint_id>
				</extensions>
			</trkpt>
			<trkpt lat="46.8113688426" lon="8.4742464491">
				<ele>2362.6</ele>
				<extensions>
					<swisstopo:routepoint_id>284466398</swisstopo:routepoint_id>
				</extensions>
			</trkpt>
			<trkpt lat="46.8113844719" lon="8.4742660764">
				<ele>2363.6</ele>
				<extensions>
					<swisstopo:routepoint_id>1142309054</swisstopo:routepoint_id>
				</extensions>
			</trkpt>
			<trkpt lat="46.8114195045" lon="8.4742570015">
				<ele>2364.5</ele>
				<extensions>
					<swisstopo:routepoint_id>1093295198</swisstopo:routepoint_id>
				</extensions>
			</trkpt>
			<trkpt lat="46.8114657974" lon="8.4742481955">
				<ele>2365.7</ele>
				<extensions>
					<swisstopo:routepoint_id>781525750</swisstopo:routepoint_id>
				</extensions>
			</trkpt>
			<trkpt lat="46.8115043184" lon="8.4742274076">
				<ele>2366.4</ele>
				<extensions>
					<swisstopo:routepoint_id>1879462039</swisstopo:routepoint_id>
				</extensions>
			</trkpt>
			<trkpt lat="46.8115835647" lon="8.4741917576">
				<ele>2367.5</ele>
				<extensions>
					<swisstopo:routepoint_id>1213829156</swisstopo:routepoint_id>
				</extensions>
			</trkpt>
			<trkpt lat="46.8116072298" lon="8.4741922782">
				<ele>2368.3</ele>
				<extensions>
					<swisstopo:routepoint_id>659126226</swisstopo:routepoint_id>
				</extensions>
			</trkpt>
			<trkpt lat="46.8116465365" lon="8.4742088888">
				<ele>2370.1</ele>
				<extensions>
					<swisstopo:routepoint_id>306439276</swisstopo:routepoint_id>
				</extensions>
			</trkpt>
			<trkpt lat="46.8116598672" lon="8.4742308308">
				<ele>2371.3</ele>
				<extensions>
					<swisstopo:routepoint_id>205349715</swisstopo:routepoint_id>
				</extensions>
			</trkpt>
			<trkpt lat="46.8116537469" lon="8.4742838206">
				<ele>2373.0</ele>
				<extensions>
					<swisstopo:routepoint_id>1483330934</swisstopo:routepoint_id>
				</extensions>
			</trkpt>
			<trkpt lat="46.8116929822" lon="8.4743083051">
				<ele>2375.2</ele>
				<extensions>
					<swisstopo:routepoint_id>406918026</swisstopo:routepoint_id>
				</extensions>
			</trkpt>
			<trkpt lat="46.8117278365" lon="8.4743189075">
				<ele>2376.6</ele>
				<extensions>
					<swisstopo:routepoint_id>1013776532</swisstopo:routepoint_id>
				</extensions>
			</trkpt>
			<trkpt lat="46.8117321911" lon="8.4743347412">
				<ele>2377.2</ele>
				<extensions>
					<swisstopo:routepoint_id>840041130</swisstopo:routepoint_id>
				</extensions>
			</trkpt>
			<trkpt lat="46.8117062443" lon="8.4744600988">
				<ele>2381.7</ele>
				<extensions>
					<swisstopo:routepoint_id>1081649855</swisstopo:routepoint_id>
				</extensions>
			</trkpt>
			<trkpt lat="46.8117366269" lon="8.4744666842">
				<ele>2382.9</ele>
				<extensions>
					<swisstopo:routepoint_id>127198660</swisstopo:routepoint_id>
				</extensions>
			</trkpt>
			<trkpt lat="46.8117958240" lon="8.4745270101">
				<ele>2387.0</ele>
				<extensions>
					<swisstopo:routepoint_id>1426467224</swisstopo:routepoint_id>
				</extensions>
			</trkpt>
			<trkpt lat="46.8118337837" lon="8.4745671943">
				<ele>2390.0</ele>
				<extensions>
					<swisstopo:routepoint_id>807739073</swisstopo:routepoint_id>
				</extensions>
			</trkpt>
			<trkpt lat="46.8118739749" lon="8.4746113783">
				<ele>2393.1</ele>
				<extensions>
					<swisstopo:routepoint_id>81311795</swisstopo:routepoint_id>
				</extensions>
			</trkpt>
			<trkpt lat="46.8118817198" lon="8.4746273037">
				<ele>2393.9</ele>
				<extensions>
					<swisstopo:routepoint_id>556584761</swisstopo:routepoint_id>
				</extensions>
			</trkpt>
			<trkpt lat="46.8118848610" lon="8.4746529417">
				<ele>2395.0</ele>
				<extensions>
					<swisstopo:routepoint_id>1443869923</swisstopo:routepoint_id>
				</extensions>
			</trkpt>
			<trkpt lat="46.8118788890" lon="8.4747033532">
				<ele>2397.1</ele>
				<extensions>
					<swisstopo:routepoint_id>1026998866</swisstopo:routepoint_id>
				</extensions>
			</trkpt>
			<trkpt lat="46.8118631904" lon="8.4747987312">
				<ele>2400.5</ele>
				<extensions>
					<swisstopo:routepoint_id>806182027</swisstopo:routepoint_id>
				</extensions>
			</trkpt>
			<trkpt lat="46.8118982810" lon="8.4748179080">
				<ele>2402.7</ele>
				<extensions>
					<swisstopo:routepoint_id>686062110</swisstopo:routepoint_id>
				</extensions>
			</trkpt>
			<trkpt lat="46.8119079422" lon="8.4748448506">
				<ele>2404.2</ele>
				<extensions>
					<swisstopo:routepoint_id>1149488246</swisstopo:routepoint_id>
				</extensions>
			</trkpt>
			<trkpt lat="46.8119636011" lon="8.4748458951">
				<ele>2406.0</ele>
				<extensions>
					<swisstopo:routepoint_id>1669424843</swisstopo:routepoint_id>
				</extensions>
			</trkpt>
			<trkpt lat="46.8119489978" lon="8.4748877936">
				<ele>2407.1</ele>
				<extensions>
					<swisstopo:routepoint_id>1871848478</swisstopo:routepoint_id>
				</extensions>
			</trkpt>
			<trkpt lat="46.8118696916" lon="8.4749717011">
				<ele>2408.2</ele>
				<extensions>
					<swisstopo:routepoint_id>258213174</swisstopo:routepoint_id>
				</extensions>
			</trkpt>
			<trkpt lat="46.8118401733" lon="8.4750215547">
				<ele>2410.5</ele>
				<extensions>
					<swisstopo:routepoint_id>507785936</swisstopo:routepoint_id>
				</extensions>
			</trkpt>
			<trkpt lat="46.8118246877" lon="8.4750932853">
				<ele>2413.1</ele>
				<extensions>
					<swisstopo:routepoint_id>1062591884</swisstopo:routepoint_id>
				</extensions>
			</trkpt>
			<trkpt lat="46.8118008951" lon="8.4751247339">
				<ele>2414.5</ele>
				<extensions>
					<swisstopo:routepoint_id>61266571</swisstopo:routepoint_id>
				</extensions>
			</trkpt>
			<trkpt lat="46.8118162071" lon="8.4751425080">
				<ele>2414.9</ele>
				<extensions>
					<swisstopo:routepoint_id>454109487</swisstopo:routepoint_id>
				</extensions>
			</trkpt>
			<trkpt lat="46.8118673907" lon="8.4751599378">
				<ele>2417.1</ele>
				<extensions>
					<swisstopo:routepoint_id>961647887</swisstopo:routepoint_id>
				</extensions>
			</trkpt>
			<trkpt lat="46.8119054737" lon="8.4751904938">
				<ele>2419.4</ele>
				<extensions>
					<swisstopo:routepoint_id>1986929991</swisstopo:routepoint_id>
				</extensions>
			</trkpt>
			<trkpt lat="46.8119070561" lon="8.4752213822">
				<ele>2420.5</ele>
				<extensions>
					<swisstopo:routepoint_id>1363585704</swisstopo:routepoint_id>
				</extensions>
			</trkpt>
			<trkpt lat="46.8118694539" lon="8.4753441437">
				<ele>2423.4</ele>
				<extensions>
					<swisstopo:routepoint_id>2126354433</swisstopo:routepoint_id>
				</extensions>
			</trkpt>
			<trkpt lat="46.8118549903" lon="8.4753706093">
				<ele>2423.8</ele>
				<extensions>
					<swisstopo:routepoint_id>1644056105</swisstopo:routepoint_id>
				</extensions>
			</trkpt>
			<trkpt lat="46.8118552753" lon="8.4754086929">
				<ele>2424.5</ele>
				<extensions>
					<swisstopo:routepoint_id>1620006053</swisstopo:routepoint_id>
				</extensions>
			</trkpt>
			<trkpt lat="46.8118812421" lon="8.4754102012">
				<ele>2425.7</ele>
				<extensions>
					<swisstopo:routepoint_id>456118828</swisstopo:routepoint_id>
				</extensions>
			</trkpt>
			<trkpt lat="46.8118935961" lon="8.4754814330">
				<ele>2428.2</ele>
				<extensions>
					<swisstopo:routepoint_id>1821433659</swisstopo:routepoint_id>
				</extensions>
			</trkpt>
			<trkpt lat="46.8119253709" lon="8.4755240009">
				<ele>2430.7</ele>
				<extensions>
					<swisstopo:routepoint_id>1653493177</swisstopo:routepoint_id>
				</extensions>
			</trkpt>
			<trkpt lat="46.8119422897" lon="8.4755105156">
				<ele>2431.2</ele>
				<extensions>
					<swisstopo:routepoint_id>1949022524</swisstopo:routepoint_id>
				</extensions>
			</trkpt>
			<trkpt lat="46.8119711579" lon="8.4755482195">
				<ele>2433.9</ele>
				<extensions>
					<swisstopo:routepoint_id>169032094</swisstopo:routepoint_id>
				</extensions>
			</trkpt>
			<trkpt lat="46.8120126776" lon="8.4755578899">
				<ele>2437.4</ele>
				<extensions>
					<swisstopo:routepoint_id>591216509</swisstopo:routepoint_id>
				</extensions>
			</trkpt>
			<trkpt lat="46.8120658714" lon="8.4756035832">
				<ele>2441.3</ele>
				<extensions>
					<swisstopo:routepoint_id>392426578</swisstopo:routepoint_id>
				</extensions>
			</trkpt>
			<trkpt lat="46.8120732878" lon="8.4756250716">
				<ele>2442.3</ele>
				<extensions>
					<swisstopo:routepoint_id>842815170</swisstopo:routepoint_id>
				</extensions>
			</trkpt>
			<trkpt lat="46.8121190833" lon="8.4755590212">
				<ele>2444.3</ele>
				<extensions>
					<swisstopo:routepoint_id>1335279760</swisstopo:routepoint_id>
				</extensions>
			</trkpt>
			<trkpt lat="46.8121462414" lon="8.4755195135">
				<ele>2444.8</ele>
				<extensions>
					<swisstopo:routepoint_id>708964988</swisstopo:routepoint_id>
				</extensions>
			</trkpt>
			<trkpt lat="46.8121861113" lon="8.4754898813">
				<ele>2448.3</ele>
				<extensions>
					<swisstopo:routepoint_id>1579063002</swisstopo:routepoint_id>
				</extensions>
			</trkpt>
			<trkpt lat="46.8122353715" lon="8.4755279388">
				<ele>2453.9</ele>
				<extensions>
					<swisstopo:routepoint_id>573539934</swisstopo:routepoint_id>
				</extensions>
			</trkpt>
			<trkpt lat="46.8122733244" lon="8.4755340943">
				<ele>2458.4</ele>
				<extensions>
					<swisstopo:routepoint_id>376326107</swisstopo:routepoint_id>
				</extensions>
			</trkpt>
			<trkpt lat="46.8123236338" lon="8.4755894022">
				<ele>2463.6</ele>
				<extensions>
					<swisstopo:routepoint_id>1364512060</swisstopo:routepoint_id>
				</extensions>
			</trkpt>
			<trkpt lat="46.8123406718" lon="8.4756082976">
				<ele>2466.1</ele>
				<extensions>
					<swisstopo:routepoint_id>2108849564</swisstopo:routepoint_id>
				</extensions>
			</trkpt>
			<trkpt lat="46.8123487351" lon="8.4756456405">
				<ele>2467.5</ele>
				<extensions>
					<swisstopo:routepoint_id>340513196</swisstopo:routepoint_id>
				</extensions>
			</trkpt>
			<trkpt lat="46.8123687870" lon="8.4756397892">
				<ele>2468.5</ele>
				<extensions>
					<swisstopo:routepoint_id>2083745096</swisstopo:routepoint_id>
				</extensions>
			</trkpt>
			<trkpt lat="46.8123932662" lon="8.4755871392">
				<ele>2469.3</ele>
				<extensions>
					<swisstopo:routepoint_id>444774608</swisstopo:routepoint_id>
				</extensions>
			</trkpt>
			<trkpt lat="46.8124419020" lon="8.4755611091">
				<ele>2471.0</ele>
				<extensions>
					<swisstopo:routepoint_id>1881230827</swisstopo:routepoint_id>
				</extensions>
			</trkpt>
			<trkpt lat="46.8124940447" lon="8.4755461536">
				<ele>2472.2</ele>
				<extensions>
					<swisstopo:routepoint_id>664660182</swisstopo:routepoint_id>
				</extensions>
			</trkpt>
			<trkpt lat="46.8124919015" lon="8.4756515419">
				<ele>2475.4</ele>
				<extensions>
					<swisstopo:routepoint_id>187355012</swisstopo:routepoint_id>
				</extensions>
			</trkpt>
			<trkpt lat="46.8125023370" lon="8.4756475888">
				<ele>2475.9</ele>
				<extensions>
					<swisstopo:routepoint_id>1205934314</swisstopo:routepoint_id>
				</extensions>
			</trkpt>
			<trkpt lat="46.8125413202" lon="8.4755827967">
				<ele>2475.7</ele>
				<extensions>
					<swisstopo:routepoint_id>2091590751</swisstopo:routepoint_id>
				</extensions>
			</trkpt>
			<trkpt lat="46.8125549086" lon="8.4755844076">
				<ele>2476.4</ele>
				<extensions>
					<swisstopo:routepoint_id>918941304</swisstopo:routepoint_id>
				</extensions>
			</trkpt>
			<trkpt lat="46.8125530727" lon="8.4756112476">
				<ele>2477.2</ele>
				<extensions>
					<swisstopo:routepoint_id>1175184509</swisstopo:routepoint_id>
				</extensions>
			</trkpt>
			<trkpt lat="46.8125599366" lon="8.4756478861">
				<ele>2478.9</ele>
				<extensions>
					<swisstopo:routepoint_id>1624066897</swisstopo:routepoint_id>
				</extensions>
			</trkpt>
			<trkpt lat="46.8125536335" lon="8.4756822268">
				<ele>2479.4</ele>
				<extensions>
					<swisstopo:routepoint_id>500328586</swisstopo:routepoint_id>
				</extensions>
			</trkpt>
			<trkpt lat="46.8125688929" lon="8.4757197075">
				<ele>2482.1</ele>
				<extensions>
					<swisstopo:routepoint_id>1003304690</swisstopo:routepoint_id>
				</extensions>
			</trkpt>
			<trkpt lat="46.8125688668" lon="8.4757672462">
				<ele>2483.8</ele>
				<extensions>
					<swisstopo:routepoint_id>1707109230</swisstopo:routepoint_id>
				</extensions>
			</trkpt>
			<trkpt lat="46.8125614267" lon="8.4757939912">
				<ele>2483.4</ele>
				<extensions>
					<swisstopo:routepoint_id>719975604</swisstopo:routepoint_id>
				</extensions>
			</trkpt>
			<trkpt lat="46.8125635728" lon="8.4758222836">
				<ele>2483.8</ele>
				<extensions>
					<swisstopo:routepoint_id>122832853</swisstopo:routepoint_id>
				</extensions>
			</trkpt>
			<trkpt lat="46.8125855109" lon="8.4758295466">
				<ele>2485.6</ele>
				<extensions>
					<swisstopo:routepoint_id>404792707</swisstopo:routepoint_id>
				</extensions>
			</trkpt>
			<trkpt lat="46.8125894869" lon="8.4758771622">
				<ele>2486.8</ele>
				<extensions>
					<swisstopo:routepoint_id>887664288</swisstopo:routepoint_id>
				</extensions>
			</trkpt>
			<trkpt lat="46.8126148991" lon="8.4758982761">
				<ele>2488.0</ele>
				<extensions>
					<swisstopo:routepoint_id>339929444</swisstopo:routepoint_id>
				</extensions>
			</trkpt>
			<trkpt lat="46.8126243218" lon="8.4759632150">
				<ele>2491.0</ele>
				<extensions>
					<swisstopo:routepoint_id>289681999</swisstopo:routepoint_id>
				</extensions>
			</trkpt>
			<trkpt lat="46.8126231900" lon="8.4759997124">
				<ele>2492.0</ele>
				<extensions>
					<swisstopo:routepoint_id>1194313044</swisstopo:routepoint_id>
				</extensions>
			</trkpt>
			<trkpt lat="46.8126307703" lon="8.4760467034">
				<ele>2493.5</ele>
				<extensions>
					<swisstopo:routepoint_id>1153735001</swisstopo:routepoint_id>
				</extensions>
			</trkpt>
			<trkpt lat="46.8126709424" lon="8.4761176723">
				<ele>2497.9</ele>
				<extensions>
					<swisstopo:routepoint_id>1257739946</swisstopo:routepoint_id>
				</extensions>
			</trkpt>
			<trkpt lat="46.8127017888" lon="8.4761574858">
				<ele>2500.9</ele>
				<extensions>
					<swisstopo:routepoint_id>423898435</swisstopo:routepoint_id>
				</extensions>
			</trkpt>
			<trkpt lat="46.8127089327" lon="8.4762079011">
				<ele>2503.1</ele>
				<extensions>
					<swisstopo:routepoint_id>408516042</swisstopo:routepoint_id>
				</extensions>
			</trkpt>
			<trkpt lat="46.8127493417" lon="8.4762526943">
				<ele>2507.1</ele>
				<extensions>
					<swisstopo:routepoint_id>114892385</swisstopo:routepoint_id>
				</extensions>
			</trkpt>
			<trkpt lat="46.8127622059" lon="8.4762894486">
				<ele>2508.3</ele>
				<extensions>
					<swisstopo:routepoint_id>2107369708</swisstopo:routepoint_id>
				</extensions>
			</trkpt>
			<trkpt lat="46.8128011622" lon="8.4763624643">
				<ele>2512.5</ele>
				<extensions>
					<swisstopo:routepoint_id>1155322605</swisstopo:routepoint_id>
				</extensions>
			</trkpt>
			<trkpt lat="46.8128267307" lon="8.4763791796">
				<ele>2515.0</ele>
				<extensions>
					<swisstopo:routepoint_id>201822574</swisstopo:routepoint_id>
				</extensions>
			</trkpt>
			<trkpt lat="46.8128629287" lon="8.4764081939">
				<ele>2519.0</ele>
				<extensions>
					<swisstopo:routepoint_id>755534755</swisstopo:routepoint_id>
				</extensions>
			</trkpt>
			<trkpt lat="46.8128972643" lon="8.4764382337">
				<ele>2522.2</ele>
				<extensions>
					<swisstopo:routepoint_id>1865405444</swisstopo:routepoint_id>
				</extensions>
			</trkpt>
			<trkpt lat="46.8129358795" lon="8.4764725484">
				<ele>2526.0</ele>
				<extensions>
					<swisstopo:routepoint_id>1985706032</swisstopo:routepoint_id>
				</extensions>
			</trkpt>
			<trkpt lat="46.8129498050" lon="8.4765043311">
				<ele>2527.5</ele>
				<extensions>
					<swisstopo:routepoint_id>1445232686</swisstopo:routepoint_id>
				</extensions>
			</trkpt>
			<trkpt lat="46.8130006165" lon="8.4765567415">
				<ele>2531.9</ele>
				<extensions>
					<swisstopo:routepoint_id>1196553942</swisstopo:routepoint_id>
				</extensions>
			</trkpt>
			<trkpt lat="46.8130472251" lon="8.4765964522">
				<ele>2535.8</ele>
				<extensions>
					<swisstopo:routepoint_id>1523766231</swisstopo:routepoint_id>
				</extensions>
			</trkpt>
			<trkpt lat="46.8130890867" lon="8.4766139927">
				<ele>2539.1</ele>
				<extensions>
					<swisstopo:routepoint_id>86720871</swisstopo:routepoint_id>
				</extensions>
			</trkpt>
			<trkpt lat="46.8131156767" lon="8.4766361256">
				<ele>2541.3</ele>
				<extensions>
					<swisstopo:routepoint_id>597600270</swisstopo:routepoint_id>
				</extensions>
			</trkpt>
			<trkpt lat="46.8131418628" lon="8.4766551460">
				<ele>2543.4</ele>
				<extensions>
					<swisstopo:routepoint_id>1903216905</swisstopo:routepoint_id>
				</extensions>
			</trkpt>
			<trkpt lat="46.8131587437" lon="8.4766616297">
				<ele>2544.7</ele>
				<extensions>
					<swisstopo:routepoint_id>1035586999</swisstopo:routepoint_id>
				</extensions>
			</trkpt>
			<trkpt lat="46.8131762226" lon="8.4766537904">
				<ele>2546.2</ele>
				<extensions>
					<swisstopo:routepoint_id>930378058</swisstopo:routepoint_id>
				</extensions>
			</trkpt>
			<trkpt lat="46.8131958095" lon="8.4766337128">
				<ele>2547.8</ele>
				<extensions>
					<swisstopo:routepoint_id>1330812909</swisstopo:routepoint_id>
				</extensions>
			</trkpt>
			<trkpt lat="46.8132162589" lon="8.4766267169">
				<ele>2549.7</ele>
				<extensions>
					<swisstopo:routepoint_id>951861516</swisstopo:routepoint_id>
				</extensions>
			</trkpt>
			<trkpt lat="46.8132346919" lon="8.4766386035">
				<ele>2551.8</ele>
				<extensions>
					<swisstopo:routepoint_id>82725875</swisstopo:routepoint_id>
				</extensions>
			</trkpt>
			<trkpt lat="46.8132439338" lon="8.4766561176">
				<ele>2553.1</ele>
				<extensions>
					<swisstopo:routepoint_id>1431831051</swisstopo:routepoint_id>
				</extensions>
			</trkpt>
			<trkpt lat="46.8132499485" lon="8.4766773301">
				<ele>2554.2</ele>
				<extensions>
					<swisstopo:routepoint_id>1384635249</swisstopo:routepoint_id>
				</extensions>
			</trkpt>
			<trkpt lat="46.8132563828" lon="8.4766979349">
				<ele>2555.4</ele>
				<extensions>
					<swisstopo:routepoint_id>301882609</swisstopo:routepoint_id>
				</extensions>
			</trkpt>
			<trkpt lat="46.8132702421" lon="8.4767211071">
				<ele>2557.5</ele>
				<extensions>
					<swisstopo:routepoint_id>1630531368</swisstopo:routepoint_id>
				</extensions>
			</trkpt>
			<trkpt lat="46.8132878773" lon="8.4767377089">
				<ele>2559.4</ele>
				<extensions>
					<swisstopo:routepoint_id>851960731</swisstopo:routepoint_id>
				</extensions>
			</trkpt>
			<trkpt lat="46.8133171269" lon="8.4767472750">
				<ele>2561.1</ele>
				<extensions>
					<swisstopo:routepoint_id>247036226</swisstopo:routepoint_id>
				</extensions>
			</trkpt>
			<trkpt lat="46.8133413363" lon="8.4767570975">
				<ele>2562.8</ele>
				<extensions>
					<swisstopo:routepoint_id>375284495</swisstopo:routepoint_id>
				</extensions>
			</trkpt>
			<trkpt lat="46.8133854796" lon="8.4767383978">
				<ele>2565.4</ele>
				<extensions>
					<swisstopo:routepoint_id>551235779</swisstopo:routepoint_id>
				</extensions>
			</trkpt>
			<trkpt lat="46.8133944386" lon="8.4767444936">
				<ele>2565.9</ele>
				<extensions>
					<swisstopo:routepoint_id>668669790</swisstopo:routepoint_id>
				</extensions>
			</trkpt>
			<trkpt lat="46.8134014766" lon="8.4767857485">
				<ele>2567.1</ele>
				<extensions>
					<swisstopo:routepoint_id>1878560912</swisstopo:routepoint_id>
				</extensions>
			</trkpt>
			<trkpt lat="46.8134099979" lon="8.4768023579">
				<ele>2567.9</ele>
				<extensions>
					<swisstopo:routepoint_id>429812939</swisstopo:routepoint_id>
				</extensions>
			</trkpt>
			<trkpt lat="46.8134324265" lon="8.4767953339">
				<ele>2569.3</ele>
				<extensions>
					<swisstopo:routepoint_id>1308167275</swisstopo:routepoint_id>
				</extensions>
			</trkpt>
			<trkpt lat="46.8134463764" lon="8.4767659621">
				<ele>2569.9</ele>
				<extensions>
					<swisstopo:routepoint_id>1849466679</swisstopo:routepoint_id>
				</extensions>
			</trkpt>
			<trkpt lat="46.8134682233" lon="8.4767218968">
				<ele>2570.6</ele>
				<extensions>
					<swisstopo:routepoint_id>1205266569</swisstopo:routepoint_id>
				</extensions>
			</trkpt>
			<trkpt lat="46.8135104396" lon="8.4766954812">
				<ele>2572.8</ele>
				<extensions>
					<swisstopo:routepoint_id>1437903180</swisstopo:routepoint_id>
				</extensions>
			</trkpt>
			<trkpt lat="46.8135466251" lon="8.4766813059">
				<ele>2575.0</ele>
				<extensions>
					<swisstopo:routepoint_id>771068854</swisstopo:routepoint_id>
				</extensions>
			</trkpt>
			<trkpt lat="46.8135682184" lon="8.4766652249">
				<ele>2576.3</ele>
				<extensions>
					<swisstopo:routepoint_id>842198833</swisstopo:routepoint_id>
				</extensions>
			</trkpt>
			<trkpt lat="46.8135931971" lon="8.4766269847">
				<ele>2577.4</ele>
				<extensions>
					<swisstopo:routepoint_id>636871583</swisstopo:routepoint_id>
				</extensions>
			</trkpt>
			<trkpt lat="46.8136073533" lon="8.4766264058">
				<ele>2578.6</ele>
				<extensions>
					<swisstopo:routepoint_id>920643574</swisstopo:routepoint_id>
				</extensions>
			</trkpt>
			<trkpt lat="46.8136271980" lon="8.4766522614">
				<ele>2580.1</ele>
				<extensions>
					<swisstopo:routepoint_id>1496789676</swisstopo:routepoint_id>
				</extensions>
			</trkpt>
			<trkpt lat="46.8136565461" lon="8.4766371425">
				<ele>2582.0</ele>
				<extensions>
					<swisstopo:routepoint_id>1673917568</swisstopo:routepoint_id>
				</extensions>
			</trkpt>
			<trkpt lat="46.8136700152" lon="8.4766102246">
				<ele>2582.8</ele>
				<extensions>
					<swisstopo:routepoint_id>393513183</swisstopo:routepoint_id>
				</extensions>
			</trkpt>
			<trkpt lat="46.8136726344" lon="8.4765724188">
				<ele>2582.6</ele>
				<extensions>
					<swisstopo:routepoint_id>1532151480</swisstopo:routepoint_id>
				</extensions>
			</trkpt>
			<trkpt lat="46.8136691661" lon="8.4765015788">
				<ele>2583.0</ele>
				<extensions>
					<swisstopo:routepoint_id>1068147079</swisstopo:routepoint_id>
				</extensions>
			</trkpt>
			<trkpt lat="46.8136830713" lon="8.4764771333">
				<ele>2583.7</ele>
				<extensions>
					<swisstopo:routepoint_id>326651773</swisstopo:routepoint_id>
				</extensions>
			</trkpt>
			<trkpt lat="46.8137201728" lon="8.4764621502">
				<ele>2585.3</ele>
				<extensions>
					<swisstopo:routepoint_id>1523203380</swisstopo:routepoint_id>
				</extensions>
			</trkpt>
			<trkpt lat="46.8137308326" lon="8.4764434070">
				<ele>2585.2</ele>
				<extensions>
					<swisstopo:routepoint_id>1771154521</swisstopo:routepoint_id>
				</extensions>
			</trkpt>
			<trkpt lat="46.8137418613" lon="8.4764345524">
				<ele>2585.5</ele>
				<extensions>
					<swisstopo:routepoint_id>876246000</swisstopo:routepoint_id>
				</extensions>
			</trkpt>
			<trkpt lat="46.8137439310" lon="8.4764592665">
				<ele>2586.5</ele>
				<extensions>
					<swisstopo:routepoint_id>1205719756</swisstopo:routepoint_id>
				</extensions>
			</trkpt>
			<trkpt lat="46.8137452400" lon="8.4764944616">
				<ele>2587.5</ele>
				<extensions>
					<swisstopo:routepoint_id>124906125</swisstopo:routepoint_id>
				</extensions>
			</trkpt>
			<trkpt lat="46.8137436878" lon="8.4765336381">
				<ele>2588.4</ele>
				<extensions>
					<swisstopo:routepoint_id>865670650</swisstopo:routepoint_id>
				</extensions>
			</trkpt>
			<trkpt lat="46.8137551899" lon="8.4765598448">
				<ele>2589.5</ele>
				<extensions>
					<swisstopo:routepoint_id>859837159</swisstopo:routepoint_id>
				</extensions>
			</trkpt>
			<trkpt lat="46.8137761070" lon="8.4765835065">
				<ele>2590.9</ele>
				<extensions>
					<swisstopo:routepoint_id>125396638</swisstopo:routepoint_id>
				</extensions>
			</trkpt>
			<trkpt lat="46.8137912957" lon="8.4765653234">
				<ele>2591.4</ele>
				<extensions>
					<swisstopo:routepoint_id>21984446</swisstopo:routepoint_id>
				</extensions>
			</trkpt>
			<trkpt lat="46.8138131464" lon="8.4765377024">
				<ele>2592.1</ele>
				<extensions>
					<swisstopo:routepoint_id>849565107</swisstopo:routepoint_id>
				</extensions>
			</trkpt>
			<trkpt lat="46.8138239612" lon="8.4765365479">
				<ele>2592.5</ele>
				<extensions>
					<swisstopo:routepoint_id>2026916324</swisstopo:routepoint_id>
				</extensions>
			</trkpt>
			<trkpt lat="46.8138389013" lon="8.4765457335">
				<ele>2593.1</ele>
				<extensions>
					<swisstopo:routepoint_id>594138061</swisstopo:routepoint_id>
				</extensions>
			</trkpt>
			<trkpt lat="46.8138386467" lon="8.4765737708">
				<ele>2593.9</ele>
				<extensions>
					<swisstopo:routepoint_id>1111917465</swisstopo:routepoint_id>
				</extensions>
			</trkpt>
			<trkpt lat="46.8138369709" lon="8.4766038242">
				<ele>2594.8</ele>
				<extensions>
					<swisstopo:routepoint_id>267367627</swisstopo:routepoint_id>
				</extensions>
			</trkpt>
			<trkpt lat="46.8138409099" lon="8.4766346808">
				<ele>2596.0</ele>
				<extensions>
					<swisstopo:routepoint_id>948731686</swisstopo:routepoint_id>
				</extensions>
			</trkpt>
			<trkpt lat="46.8138434890" lon="8.4766607285">
				<ele>2596.8</ele>
				<extensions>
					<swisstopo:routepoint_id>712902957</swisstopo:routepoint_id>
				</extensions>
			</trkpt>
			<trkpt lat="46.8138459257" lon="8.4766855944">
				<ele>2597.4</ele>
				<extensions>
					<swisstopo:routepoint_id>234761728</swisstopo:routepoint_id>
				</extensions>
			</trkpt>
			<trkpt lat="46.8138454972" lon="8.4767308463">
				<ele>2599.1</ele>
				<extensions>
					<swisstopo:routepoint_id>723848969</swisstopo:routepoint_id>
				</extensions>
			</trkpt>
			<trkpt lat="46.8138302468" lon="8.4767974202">
				<ele>2600.9</ele>
				<extensions>
					<swisstopo:routepoint_id>998590382</swisstopo:routepoint_id>
				</extensions>
			</trkpt>
			<trkpt lat="46.8138296211" lon="8.4768643161">
				<ele>2602.1</ele>
				<extensions>
					<swisstopo:routepoint_id>1450029334</swisstopo:routepoint_id>
				</extensions>
			</trkpt>
			<trkpt lat="46.8138291029" lon="8.4769213734">
				<ele>2603.1</ele>
				<extensions>
					<swisstopo:routepoint_id>1295450660</swisstopo:routepoint_id>
				</extensions>
			</trkpt>
			<trkpt lat="46.8138348601" lon="8.4769669412">
				<ele>2604.2</ele>
				<extensions>
					<swisstopo:routepoint_id>59108282</swisstopo:routepoint_id>
				</extensions>
			</trkpt>
			<trkpt lat="46.8138532848" lon="8.4770302726">
				<ele>2605.7</ele>
				<extensions>
					<swisstopo:routepoint_id>633886207</swisstopo:routepoint_id>
				</extensions>
			</trkpt>
			<trkpt lat="46.8138761519" lon="8.4770977391">
				<ele>2606.8</ele>
				<extensions>
					<swisstopo:routepoint_id>897644226</swisstopo:routepoint_id>
				</extensions>
			</trkpt>
			<trkpt lat="46.8138896661" lon="8.4771609376">
				<ele>2607.9</ele>
				<extensions>
					<swisstopo:routepoint_id>742926612</swisstopo:routepoint_id>
				</extensions>
			</trkpt>
			<trkpt lat="46.8138829249" lon="8.4772305717">
				<ele>2610.1</ele>
				<extensions>
					<swisstopo:routepoint_id>1084838406</swisstopo:routepoint_id>
				</extensions>
			</trkpt>
			<trkpt lat="46.8138532988" lon="8.4773614312">
				<ele>2612.3</ele>
				<extensions>
					<swisstopo:routepoint_id>905081901</swisstopo:routepoint_id>
				</extensions>
			</trkpt>
			<trkpt lat="46.8138399818" lon="8.4774438981">
				<ele>2613.3</ele>
				<extensions>
					<swisstopo:routepoint_id>853834165</swisstopo:routepoint_id>
				</extensions>
			</trkpt>
			<trkpt lat="46.8138314127" lon="8.4775127371">
				<ele>2614.3</ele>
				<extensions>
					<swisstopo:routepoint_id>824443287</swisstopo:routepoint_id>
				</extensions>
			</trkpt>
			<trkpt lat="46.8138244300" lon="8.4776049180">
				<ele>2615.9</ele>
				<extensions>
					<swisstopo:routepoint_id>1598874714</swisstopo:routepoint_id>
				</extensions>
			</trkpt>
			<trkpt lat="46.8138418541" lon="8.4776674449">
				<ele>2616.8</ele>
				<extensions>
					<swisstopo:routepoint_id>83786557</swisstopo:routepoint_id>
				</extensions>
			</trkpt>
			<trkpt lat="46.8138357045" lon="8.4777244449">
				<ele>2618.1</ele>
				<extensions>
					<swisstopo:routepoint_id>952426185</swisstopo:routepoint_id>
				</extensions>
			</trkpt>
			<trkpt lat="46.8138098424" lon="8.4777440341">
				<ele>2620.2</ele>
				<extensions>
					<swisstopo:routepoint_id>2049538295</swisstopo:routepoint_id>
				</extensions>
			</trkpt>
			<trkpt lat="46.8137873001" lon="8.4778249345">
				<ele>2622.2</ele>
				<extensions>
					<swisstopo:routepoint_id>1602014162</swisstopo:routepoint_id>
				</extensions>
			</trkpt>
			<trkpt lat="46.8137881422" lon="8.4778747711">
				<ele>2622.4</ele>
				<extensions>
					<swisstopo:routepoint_id>754084787</swisstopo:routepoint_id>
				</extensions>
			</trkpt>
			<trkpt lat="46.8137535210" lon="8.4779563420">
				<ele>2625.2</ele>
				<extensions>
					<swisstopo:routepoint_id>1830778829</swisstopo:routepoint_id>
				</extensions>
			</trkpt>
			<trkpt lat="46.8137439510" lon="8.4780224094">
				<ele>2625.7</ele>
				<extensions>
					<swisstopo:routepoint_id>213234575</swisstopo:routepoint_id>
				</extensions>
			</trkpt>
			<trkpt lat="46.8137251888" lon="8.4780526576">
				<ele>2625.7</ele>
				<extensions>
					<swisstopo:routepoint_id>1752038377</swisstopo:routepoint_id>
				</extensions>
			</trkpt>
			<trkpt lat="46.8137312254" lon="8.4780962001">
				<ele>2625.7</ele>
				<extensions>
					<swisstopo:routepoint_id>518133594</swisstopo:routepoint_id>
				</extensions>
			</trkpt>
			<trkpt lat="46.8137251888" lon="8.4780526576">
				<ele>2625.7</ele>
				<extensions>
					<swisstopo:routepoint_id>846272525</swisstopo:routepoint_id>
				</extensions>
			</trkpt>
			<trkpt lat="46.8137439510" lon="8.4780224094">
				<ele>2625.7</ele>
				<extensions>
					<swisstopo:routepoint_id>407902307</swisstopo:routepoint_id>
				</extensions>
			</trkpt>
			<trkpt lat="46.8137535210" lon="8.4779563420">
				<ele>2625.2</ele>
				<extensions>
					<swisstopo:routepoint_id>732420073</swisstopo:routepoint_id>
				</extensions>
			</trkpt>
			<trkpt lat="46.8137881422" lon="8.4778747711">
				<ele>2622.4</ele>
				<extensions>
					<swisstopo:routepoint_id>3621227</swisstopo:routepoint_id>
				</extensions>
			</trkpt>
			<trkpt lat="46.8137873001" lon="8.4778249345">
				<ele>2622.2</ele>
				<extensions>
					<swisstopo:routepoint_id>1667056748</swisstopo:routepoint_id>
				</extensions>
			</trkpt>
			<trkpt lat="46.8138098424" lon="8.4777440341">
				<ele>2620.2</ele>
				<extensions>
					<swisstopo:routepoint_id>2101967814</swisstopo:routepoint_id>
				</extensions>
			</trkpt>
			<trkpt lat="46.8138357045" lon="8.4777244449">
				<ele>2618.1</ele>
				<extensions>
					<swisstopo:routepoint_id>697511020</swisstopo:routepoint_id>
				</extensions>
			</trkpt>
			<trkpt lat="46.8138418541" lon="8.4776674449">
				<ele>2616.8</ele>
				<extensions>
					<swisstopo:routepoint_id>1877029350</swisstopo:routepoint_id>
				</extensions>
			</trkpt>
			<trkpt lat="46.8138244300" lon="8.4776049180">
				<ele>2615.9</ele>
				<extensions>
					<swisstopo:routepoint_id>560908119</swisstopo:routepoint_id>
				</extensions>
			</trkpt>
			<trkpt lat="46.8138314127" lon="8.4775127371">
				<ele>2614.3</ele>
				<extensions>
					<swisstopo:routepoint_id>1717049215</swisstopo:routepoint_id>
				</extensions>
			</trkpt>
			<trkpt lat="46.8138399818" lon="8.4774438981">
				<ele>2613.3</ele>
				<extensions>
					<swisstopo:routepoint_id>653023055</swisstopo:routepoint_id>
				</extensions>
			</trkpt>
			<trkpt lat="46.8138532988" lon="8.4773614312">
				<ele>2612.3</ele>
				<extensions>
					<swisstopo:routepoint_id>807820827</swisstopo:routepoint_id>
				</extensions>
			</trkpt>
			<trkpt lat="46.8138829249" lon="8.4772305717">
				<ele>2610.1</ele>
				<extensions>
					<swisstopo:routepoint_id>1805610712</swisstopo:routepoint_id>
				</extensions>
			</trkpt>
			<trkpt lat="46.8138896661" lon="8.4771609376">
				<ele>2607.9</ele>
				<extensions>
					<swisstopo:routepoint_id>396843121</swisstopo:routepoint_id>
				</extensions>
			</trkpt>
			<trkpt lat="46.8138761519" lon="8.4770977391">
				<ele>2606.8</ele>
				<extensions>
					<swisstopo:routepoint_id>753629761</swisstopo:routepoint_id>
				</extensions>
			</trkpt>
			<trkpt lat="46.8138532848" lon="8.4770302726">
				<ele>2605.7</ele>
				<extensions>
					<swisstopo:routepoint_id>2143567519</swisstopo:routepoint_id>
				</extensions>
			</trkpt>
			<trkpt lat="46.8138348601" lon="8.4769669412">
				<ele>2604.2</ele>
				<extensions>
					<swisstopo:routepoint_id>894284175</swisstopo:routepoint_id>
				</extensions>
			</trkpt>
			<trkpt lat="46.8138291029" lon="8.4769213734">
				<ele>2603.1</ele>
				<extensions>
					<swisstopo:routepoint_id>1323655464</swisstopo:routepoint_id>
				</extensions>
			</trkpt>
			<trkpt lat="46.8138296211" lon="8.4768643161">
				<ele>2602.1</ele>
				<extensions>
					<swisstopo:routepoint_id>748062886</swisstopo:routepoint_id>
				</extensions>
			</trkpt>
			<trkpt lat="46.8138302468" lon="8.4767974202">
				<ele>2600.9</ele>
				<extensions>
					<swisstopo:routepoint_id>1345623749</swisstopo:routepoint_id>
				</extensions>
			</trkpt>
			<trkpt lat="46.8138454972" lon="8.4767308463">
				<ele>2599.1</ele>
				<extensions>
					<swisstopo:routepoint_id>423903664</swisstopo:routepoint_id>
				</extensions>
			</trkpt>
			<trkpt lat="46.8138459257" lon="8.4766855944">
				<ele>2597.4</ele>
				<extensions>
					<swisstopo:routepoint_id>1725090773</swisstopo:routepoint_id>
				</extensions>
			</trkpt>
			<trkpt lat="46.8138434890" lon="8.4766607285">
				<ele>2596.8</ele>
				<extensions>
					<swisstopo:routepoint_id>161991246</swisstopo:routepoint_id>
				</extensions>
			</trkpt>
			<trkpt lat="46.8138409099" lon="8.4766346808">
				<ele>2596.0</ele>
				<extensions>
					<swisstopo:routepoint_id>1274930316</swisstopo:routepoint_id>
				</extensions>
			</trkpt>
			<trkpt lat="46.8138369709" lon="8.4766038242">
				<ele>2594.8</ele>
				<extensions>
					<swisstopo:routepoint_id>1062381982</swisstopo:routepoint_id>
				</extensions>
			</trkpt>
			<trkpt lat="46.8138386467" lon="8.4765737708">
				<ele>2593.9</ele>
				<extensions>
					<swisstopo:routepoint_id>266086948</swisstopo:routepoint_id>
				</extensions>
			</trkpt>
			<trkpt lat="46.8138389013" lon="8.4765457335">
				<ele>2593.1</ele>
				<extensions>
					<swisstopo:routepoint_id>1032934128</swisstopo:routepoint_id>
				</extensions>
			</trkpt>
			<trkpt lat="46.8138239612" lon="8.4765365479">
				<ele>2592.5</ele>
				<extensions>
					<swisstopo:routepoint_id>1455014531</swisstopo:routepoint_id>
				</extensions>
			</trkpt>
			<trkpt lat="46.8138131464" lon="8.4765377024">
				<ele>2592.1</ele>
				<extensions>
					<swisstopo:routepoint_id>1391153060</swisstopo:routepoint_id>
				</extensions>
			</trkpt>
			<trkpt lat="46.8137912957" lon="8.4765653234">
				<ele>2591.4</ele>
				<extensions>
					<swisstopo:routepoint_id>1526461046</swisstopo:routepoint_id>
				</extensions>
			</trkpt>
			<trkpt lat="46.8137761070" lon="8.4765835065">
				<ele>2590.9</ele>
				<extensions>
					<swisstopo:routepoint_id>250781780</swisstopo:routepoint_id>
				</extensions>
			</trkpt>
			<trkpt lat="46.8137551899" lon="8.4765598448">
				<ele>2589.5</ele>
				<extensions>
					<swisstopo:routepoint_id>825940684</swisstopo:routepoint_id>
				</extensions>
			</trkpt>
			<trkpt lat="46.8137436878" lon="8.4765336381">
				<ele>2588.4</ele>
				<extensions>
					<swisstopo:routepoint_id>1079349099</swisstopo:routepoint_id>
				</extensions>
			</trkpt>
			<trkpt lat="46.8137452400" lon="8.4764944616">
				<ele>2587.5</ele>
				<extensions>
					<swisstopo:routepoint_id>1990642416</swisstopo:routepoint_id>
				</extensions>
			</trkpt>
			<trkpt lat="46.8137439310" lon="8.4764592665">
				<ele>2586.5</ele>
				<extensions>
					<swisstopo:routepoint_id>1637787145</swisstopo:routepoint_id>
				</extensions>
			</trkpt>
			<trkpt lat="46.8137418613" lon="8.4764345524">
				<ele>2585.5</ele>
				<extensions>
					<swisstopo:routepoint_id>397088682</swisstopo:routepoint_id>
				</extensions>
			</trkpt>
			<trkpt lat="46.8137308326" lon="8.4764434070">
				<ele>2585.2</ele>
				<extensions>
					<swisstopo:routepoint_id>1620187406</swisstopo:routepoint_id>
				</extensions>
			</trkpt>
			<trkpt lat="46.8137201728" lon="8.4764621502">
				<ele>2585.3</ele>
				<extensions>
					<swisstopo:routepoint_id>489595409</swisstopo:routepoint_id>
				</extensions>
			</trkpt>
			<trkpt lat="46.8136830713" lon="8.4764771333">
				<ele>2583.7</ele>
				<extensions>
					<swisstopo:routepoint_id>1287727125</swisstopo:routepoint_id>
				</extensions>
			</trkpt>
			<trkpt lat="46.8136691661" lon="8.4765015788">
				<ele>2583.0</ele>
				<extensions>
					<swisstopo:routepoint_id>1181722883</swisstopo:routepoint_id>
				</extensions>
			</trkpt>
			<trkpt lat="46.8136726344" lon="8.4765724188">
				<ele>2582.6</ele>
				<extensions>
					<swisstopo:routepoint_id>831234774</swisstopo:routepoint_id>
				</extensions>
			</trkpt>
			<trkpt lat="46.8136700152" lon="8.4766102246">
				<ele>2582.8</ele>
				<extensions>
					<swisstopo:routepoint_id>257767939</swisstopo:routepoint_id>
				</extensions>
			</trkpt>
			<trkpt lat="46.8136565461" lon="8.4766371425">
				<ele>2582.0</ele>
				<extensions>
					<swisstopo:routepoint_id>836035180</swisstopo:routepoint_id>
				</extensions>
			</trkpt>
			<trkpt lat="46.8136271980" lon="8.4766522614">
				<ele>2580.1</ele>
				<extensions>
					<swisstopo:routepoint_id>1154608096</swisstopo:routepoint_id>
				</extensions>
			</trkpt>
			<trkpt lat="46.8136073533" lon="8.4766264058">
				<ele>2578.6</ele>
				<extensions>
					<swisstopo:routepoint_id>2052105788</swisstopo:routepoint_id>
				</extensions>
			</trkpt>
			<trkpt lat="46.8135931971" lon="8.4766269847">
				<ele>2577.4</ele>
				<extensions>
					<swisstopo:routepoint_id>352776044</swisstopo:routepoint_id>
				</extensions>
			</trkpt>
			<trkpt lat="46.8135682184" lon="8.4766652249">
				<ele>2576.3</ele>
				<extensions>
					<swisstopo:routepoint_id>483259114</swisstopo:routepoint_id>
				</extensions>
			</trkpt>
			<trkpt lat="46.8135466251" lon="8.4766813059">
				<ele>2575.0</ele>
				<extensions>
					<swisstopo:routepoint_id>1914709687</swisstopo:routepoint_id>
				</extensions>
			</trkpt>
			<trkpt lat="46.8135104396" lon="8.4766954812">
				<ele>2572.8</ele>
				<extensions>
					<swisstopo:routepoint_id>2033751677</swisstopo:routepoint_id>
				</extensions>
			</trkpt>
			<trkpt lat="46.8134682233" lon="8.4767218968">
				<ele>2570.6</ele>
				<extensions>
					<swisstopo:routepoint_id>1815011095</swisstopo:routepoint_id>
				</extensions>
			</trkpt>
			<trkpt lat="46.8134463764" lon="8.4767659621">
				<ele>2569.9</ele>
				<extensions>
					<swisstopo:routepoint_id>1446116942</swisstopo:routepoint_id>
				</extensions>
			</trkpt>
			<trkpt lat="46.8134324265" lon="8.4767953339">
				<ele>2569.3</ele>
				<extensions>
					<swisstopo:routepoint_id>2083555332</swisstopo:routepoint_id>
				</extensions>
			</trkpt>
			<trkpt lat="46.8134099979" lon="8.4768023579">
				<ele>2567.9</ele>
				<extensions>
					<swisstopo:routepoint_id>1664880585</swisstopo:routepoint_id>
				</extensions>
			</trkpt>
			<trkpt lat="46.8134014766" lon="8.4767857485">
				<ele>2567.1</ele>
				<extensions>
					<swisstopo:routepoint_id>1381454786</swisstopo:routepoint_id>
				</extensions>
			</trkpt>
			<trkpt lat="46.8133944386" lon="8.4767444936">
				<ele>2565.9</ele>
				<extensions>
					<swisstopo:routepoint_id>1004762621</swisstopo:routepoint_id>
				</extensions>
			</trkpt>
			<trkpt lat="46.8133854796" lon="8.4767383978">
				<ele>2565.4</ele>
				<extensions>
					<swisstopo:routepoint_id>1209049505</swisstopo:routepoint_id>
				</extensions>
			</trkpt>
			<trkpt lat="46.8133413363" lon="8.4767570975">
				<ele>2562.8</ele>
				<extensions>
					<swisstopo:routepoint_id>1730887281</swisstopo:routepoint_id>
				</extensions>
			</trkpt>
			<trkpt lat="46.8133171269" lon="8.4767472750">
				<ele>2561.1</ele>
				<extensions>
					<swisstopo:routepoint_id>76511341</swisstopo:routepoint_id>
				</extensions>
			</trkpt>
			<trkpt lat="46.8132878773" lon="8.4767377089">
				<ele>2559.4</ele>
				<extensions>
					<swisstopo:routepoint_id>810725308</swisstopo:routepoint_id>
				</extensions>
			</trkpt>
			<trkpt lat="46.8132702421" lon="8.4767211071">
				<ele>2557.5</ele>
				<extensions>
					<swisstopo:routepoint_id>265560882</swisstopo:routepoint_id>
				</extensions>
			</trkpt>
			<trkpt lat="46.8132563828" lon="8.4766979349">
				<ele>2555.4</ele>
				<extensions>
					<swisstopo:routepoint_id>1842632667</swisstopo:routepoint_id>
				</extensions>
			</trkpt>
			<trkpt lat="46.8132499485" lon="8.4766773301">
				<ele>2554.2</ele>
				<extensions>
					<swisstopo:routepoint_id>41124822</swisstopo:routepoint_id>
				</extensions>
			</trkpt>
			<trkpt lat="46.8132439338" lon="8.4766561176">
				<ele>2553.1</ele>
				<extensions>
					<swisstopo:routepoint_id>2062005844</swisstopo:routepoint_id>
				</extensions>
			</trkpt>
			<trkpt lat="46.8132346919" lon="8.4766386035">
				<ele>2551.8</ele>
				<extensions>
					<swisstopo:routepoint_id>1387867073</swisstopo:routepoint_id>
				</extensions>
			</trkpt>
			<trkpt lat="46.8132162589" lon="8.4766267169">
				<ele>2549.7</ele>
				<extensions>
					<swisstopo:routepoint_id>2112939695</swisstopo:routepoint_id>
				</extensions>
			</trkpt>
			<trkpt lat="46.8131958095" lon="8.4766337128">
				<ele>2547.8</ele>
				<extensions>
					<swisstopo:routepoint_id>1777450495</swisstopo:routepoint_id>
				</extensions>
			</trkpt>
			<trkpt lat="46.8131762226" lon="8.4766537904">
				<ele>2546.2</ele>
				<extensions>
					<swisstopo:routepoint_id>1445220295</swisstopo:routepoint_id>
				</extensions>
			</trkpt>
			<trkpt lat="46.8131587437" lon="8.4766616297">
				<ele>2544.7</ele>
				<extensions>
					<swisstopo:routepoint_id>533027876</swisstopo:routepoint_id>
				</extensions>
			</trkpt>
			<trkpt lat="46.8131418628" lon="8.4766551460">
				<ele>2543.4</ele>
				<extensions>
					<swisstopo:routepoint_id>936992361</swisstopo:routepoint_id>
				</extensions>
			</trkpt>
			<trkpt lat="46.8131156767" lon="8.4766361256">
				<ele>2541.3</ele>
				<extensions>
					<swisstopo:routepoint_id>1636318949</swisstopo:routepoint_id>
				</extensions>
			</trkpt>
			<trkpt lat="46.8130890867" lon="8.4766139927">
				<ele>2539.1</ele>
				<extensions>
					<swisstopo:routepoint_id>1508204070</swisstopo:routepoint_id>
				</extensions>
			</trkpt>
			<trkpt lat="46.8130472251" lon="8.4765964522">
				<ele>2535.8</ele>
				<extensions>
					<swisstopo:routepoint_id>1839640047</swisstopo:routepoint_id>
				</extensions>
			</trkpt>
			<trkpt lat="46.8130006165" lon="8.4765567415">
				<ele>2531.9</ele>
				<extensions>
					<swisstopo:routepoint_id>1205777077</swisstopo:routepoint_id>
				</extensions>
			</trkpt>
			<trkpt lat="46.8129498050" lon="8.4765043311">
				<ele>2527.5</ele>
				<extensions>
					<swisstopo:routepoint_id>27670747</swisstopo:routepoint_id>
				</extensions>
			</trkpt>
			<trkpt lat="46.8129358795" lon="8.4764725484">
				<ele>2526.0</ele>
				<extensions>
					<swisstopo:routepoint_id>1271089129</swisstopo:routepoint_id>
				</extensions>
			</trkpt>
			<trkpt lat="46.8128972643" lon="8.4764382337">
				<ele>2522.2</ele>
				<extensions>
					<swisstopo:routepoint_id>1692047929</swisstopo:routepoint_id>
				</extensions>
			</trkpt>
			<trkpt lat="46.8128629287" lon="8.4764081939">
				<ele>2519.0</ele>
				<extensions>
					<swisstopo:routepoint_id>481549975</swisstopo:routepoint_id>
				</extensions>
			</trkpt>
			<trkpt lat="46.8128267307" lon="8.4763791796">
				<ele>2515.0</ele>
				<extensions>
					<swisstopo:routepoint_id>231170314</swisstopo:routepoint_id>
				</extensions>
			</trkpt>
			<trkpt lat="46.8128011622" lon="8.4763624643">
				<ele>2512.5</ele>
				<extensions>
					<swisstopo:routepoint_id>5763547</swisstopo:routepoint_id>
				</extensions>
			</trkpt>
			<trkpt lat="46.8127622059" lon="8.4762894486">
				<ele>2508.3</ele>
				<extensions>
					<swisstopo:routepoint_id>4600177</swisstopo:routepoint_id>
				</extensions>
			</trkpt>
			<trkpt lat="46.8127493417" lon="8.4762526943">
				<ele>2507.1</ele>
				<extensions>
					<swisstopo:routepoint_id>367475907</swisstopo:routepoint_id>
				</extensions>
			</trkpt>
			<trkpt lat="46.8127089327" lon="8.4762079011">
				<ele>2503.1</ele>
				<extensions>
					<swisstopo:routepoint_id>1030256924</swisstopo:routepoint_id>
				</extensions>
			</trkpt>
			<trkpt lat="46.8127017888" lon="8.4761574858">
				<ele>2500.9</ele>
				<extensions>
					<swisstopo:routepoint_id>1339379654</swisstopo:routepoint_id>
				</extensions>
			</trkpt>
			<trkpt lat="46.8126709424" lon="8.4761176723">
				<ele>2497.9</ele>
				<extensions>
					<swisstopo:routepoint_id>1401112487</swisstopo:routepoint_id>
				</extensions>
			</trkpt>
			<trkpt lat="46.8126307703" lon="8.4760467034">
				<ele>2493.5</ele>
				<extensions>
					<swisstopo:routepoint_id>1984145129</swisstopo:routepoint_id>
				</extensions>
			</trkpt>
			<trkpt lat="46.8126231900" lon="8.4759997124">
				<ele>2492.0</ele>
				<extensions>
					<swisstopo:routepoint_id>1478453617</swisstopo:routepoint_id>
				</extensions>
			</trkpt>
			<trkpt lat="46.8126243218" lon="8.4759632150">
				<ele>2491.0</ele>
				<extensions>
					<swisstopo:routepoint_id>1199878021</swisstopo:routepoint_id>
				</extensions>
			</trkpt>
			<trkpt lat="46.8126148991" lon="8.4758982761">
				<ele>2488.0</ele>
				<extensions>
					<swisstopo:routepoint_id>1650389639</swisstopo:routepoint_id>
				</extensions>
			</trkpt>
			<trkpt lat="46.8125894869" lon="8.4758771622">
				<ele>2486.8</ele>
				<extensions>
					<swisstopo:routepoint_id>1342227561</swisstopo:routepoint_id>
				</extensions>
			</trkpt>
			<trkpt lat="46.8125855109" lon="8.4758295466">
				<ele>2485.6</ele>
				<extensions>
					<swisstopo:routepoint_id>1373513652</swisstopo:routepoint_id>
				</extensions>
			</trkpt>
			<trkpt lat="46.8125635728" lon="8.4758222836">
				<ele>2483.8</ele>
				<extensions>
					<swisstopo:routepoint_id>1497327714</swisstopo:routepoint_id>
				</extensions>
			</trkpt>
			<trkpt lat="46.8125614267" lon="8.4757939912">
				<ele>2483.4</ele>
				<extensions>
					<swisstopo:routepoint_id>121601373</swisstopo:routepoint_id>
				</extensions>
			</trkpt>
			<trkpt lat="46.8125688668" lon="8.4757672462">
				<ele>2483.8</ele>
				<extensions>
					<swisstopo:routepoint_id>442102399</swisstopo:routepoint_id>
				</extensions>
			</trkpt>
			<trkpt lat="46.8125688929" lon="8.4757197075">
				<ele>2482.1</ele>
				<extensions>
					<swisstopo:routepoint_id>103267025</swisstopo:routepoint_id>
				</extensions>
			</trkpt>
			<trkpt lat="46.8125536335" lon="8.4756822268">
				<ele>2479.4</ele>
				<extensions>
					<swisstopo:routepoint_id>1174241565</swisstopo:routepoint_id>
				</extensions>
			</trkpt>
			<trkpt lat="46.8125599366" lon="8.4756478861">
				<ele>2478.9</ele>
				<extensions>
					<swisstopo:routepoint_id>685189597</swisstopo:routepoint_id>
				</extensions>
			</trkpt>
			<trkpt lat="46.8125530727" lon="8.4756112476">
				<ele>2477.2</ele>
				<extensions>
					<swisstopo:routepoint_id>1431866897</swisstopo:routepoint_id>
				</extensions>
			</trkpt>
			<trkpt lat="46.8125549086" lon="8.4755844076">
				<ele>2476.4</ele>
				<extensions>
					<swisstopo:routepoint_id>1551123690</swisstopo:routepoint_id>
				</extensions>
			</trkpt>
			<trkpt lat="46.8125413202" lon="8.4755827967">
				<ele>2475.7</ele>
				<extensions>
					<swisstopo:routepoint_id>287581920</swisstopo:routepoint_id>
				</extensions>
			</trkpt>
			<trkpt lat="46.8125023370" lon="8.4756475888">
				<ele>2475.9</ele>
				<extensions>
					<swisstopo:routepoint_id>718741185</swisstopo:routepoint_id>
				</extensions>
			</trkpt>
			<trkpt lat="46.8124919015" lon="8.4756515419">
				<ele>2475.4</ele>
				<extensions>
					<swisstopo:routepoint_id>1198427314</swisstopo:routepoint_id>
				</extensions>
			</trkpt>
			<trkpt lat="46.8124940447" lon="8.4755461536">
				<ele>2472.2</ele>
				<extensions>
					<swisstopo:routepoint_id>724545172</swisstopo:routepoint_id>
				</extensions>
			</trkpt>
			<trkpt lat="46.8124419020" lon="8.4755611091">
				<ele>2471.0</ele>
				<extensions>
					<swisstopo:routepoint_id>16909168</swisstopo:routepoint_id>
				</extensions>
			</trkpt>
			<trkpt lat="46.8123932662" lon="8.4755871392">
				<ele>2469.3</ele>
				<extensions>
					<swisstopo:routepoint_id>416413763</swisstopo:routepoint_id>
				</extensions>
			</trkpt>
			<trkpt lat="46.8123687870" lon="8.4756397892">
				<ele>2468.5</ele>
				<extensions>
					<swisstopo:routepoint_id>1230352618</swisstopo:routepoint_id>
				</extensions>
			</trkpt>
			<trkpt lat="46.8123487351" lon="8.4756456405">
				<ele>2467.5</ele>
				<extensions>
					<swisstopo:routepoint_id>2048532646</swisstopo:routepoint_id>
				</extensions>
			</trkpt>
			<trkpt lat="46.8123406718" lon="8.4756082976">
				<ele>2466.1</ele>
				<extensions>
					<swisstopo:routepoint_id>297194503</swisstopo:routepoint_id>
				</extensions>
			</trkpt>
			<trkpt lat="46.8123236338" lon="8.4755894022">
				<ele>2463.6</ele>
				<extensions>
					<swisstopo:routepoint_id>147084600</swisstopo:routepoint_id>
				</extensions>
			</trkpt>
			<trkpt lat="46.8122733244" lon="8.4755340943">
				<ele>2458.4</ele>
				<extensions>
					<swisstopo:routepoint_id>2020741415</swisstopo:routepoint_id>
				</extensions>
			</trkpt>
			<trkpt lat="46.8122353715" lon="8.4755279388">
				<ele>2453.9</ele>
				<extensions>
					<swisstopo:routepoint_id>433910140</swisstopo:routepoint_id>
				</extensions>
			</trkpt>
			<trkpt lat="46.8121861113" lon="8.4754898813">
				<ele>2448.3</ele>
				<extensions>
					<swisstopo:routepoint_id>1434790729</swisstopo:routepoint_id>
				</extensions>
			</trkpt>
			<trkpt lat="46.8121462414" lon="8.4755195135">
				<ele>2444.8</ele>
				<extensions>
					<swisstopo:routepoint_id>1286122312</swisstopo:routepoint_id>
				</extensions>
			</trkpt>
			<trkpt lat="46.8121190833" lon="8.4755590212">
				<ele>2444.3</ele>
				<extensions>
					<swisstopo:routepoint_id>1139685415</swisstopo:routepoint_id>
				</extensions>
			</trkpt>
			<trkpt lat="46.8120732878" lon="8.4756250716">
				<ele>2442.3</ele>
				<extensions>
					<swisstopo:routepoint_id>750351857</swisstopo:routepoint_id>
				</extensions>
			</trkpt>
			<trkpt lat="46.8120658714" lon="8.4756035832">
				<ele>2441.3</ele>
				<extensions>
					<swisstopo:routepoint_id>1467391715</swisstopo:routepoint_id>
				</extensions>
			</trkpt>
			<trkpt lat="46.8120126776" lon="8.4755578899">
				<ele>2437.4</ele>
				<extensions>
					<swisstopo:routepoint_id>491247369</swisstopo:routepoint_id>
				</extensions>
			</trkpt>
			<trkpt lat="46.8119711579" lon="8.4755482195">
				<ele>2433.9</ele>
				<extensions>
					<swisstopo:routepoint_id>1095173058</swisstopo:routepoint_id>
				</extensions>
			</trkpt>
			<trkpt lat="46.8119422897" lon="8.4755105156">
				<ele>2431.2</ele>
				<extensions>
					<swisstopo:routepoint_id>1887274864</swisstopo:routepoint_id>
				</extensions>
			</trkpt>
			<trkpt lat="46.8119253709" lon="8.4755240009">
				<ele>2430.7</ele>
				<extensions>
					<swisstopo:routepoint_id>1500169292</swisstopo:routepoint_id>
				</extensions>
			</trkpt>
			<trkpt lat="46.8118935961" lon="8.4754814330">
				<ele>2428.2</ele>
				<extensions>
					<swisstopo:routepoint_id>815920941</swisstopo:routepoint_id>
				</extensions>
			</trkpt>
			<trkpt lat="46.8118812421" lon="8.4754102012">
				<ele>2425.7</ele>
				<extensions>
					<swisstopo:routepoint_id>236684455</swisstopo:routepoint_id>
				</extensions>
			</trkpt>
			<trkpt lat="46.8118552753" lon="8.4754086929">
				<ele>2424.5</ele>
				<extensions>
					<swisstopo:routepoint_id>432015166</swisstopo:routepoint_id>
				</extensions>
			</trkpt>
			<trkpt lat="46.8118549903" lon="8.4753706093">
				<ele>2423.8</ele>
				<extensions>
					<swisstopo:routepoint_id>1963899308</swisstopo:routepoint_id>
				</extensions>
			</trkpt>
			<trkpt lat="46.8118694539" lon="8.4753441437">
				<ele>2423.4</ele>
				<extensions>
					<swisstopo:routepoint_id>365037020</swisstopo:routepoint_id>
				</extensions>
			</trkpt>
			<trkpt lat="46.8119070561" lon="8.4752213822">
				<ele>2420.5</ele>
				<extensions>
					<swisstopo:routepoint_id>821347648</swisstopo:routepoint_id>
				</extensions>
			</trkpt>
			<trkpt lat="46.8119054737" lon="8.4751904938">
				<ele>2419.4</ele>
				<extensions>
					<swisstopo:routepoint_id>562378585</swisstopo:routepoint_id>
				</extensions>
			</trkpt>
			<trkpt lat="46.8118673907" lon="8.4751599378">
				<ele>2417.1</ele>
				<extensions>
					<swisstopo:routepoint_id>577057091</swisstopo:routepoint_id>
				</extensions>
			</trkpt>
			<trkpt lat="46.8118162071" lon="8.4751425080">
				<ele>2414.9</ele>
				<extensions>
					<swisstopo:routepoint_id>2137423901</swisstopo:routepoint_id>
				</extensions>
			</trkpt>
			<trkpt lat="46.8118008951" lon="8.4751247339">
				<ele>2414.5</ele>
				<extensions>
					<swisstopo:routepoint_id>1317979637</swisstopo:routepoint_id>
				</extensions>
			</trkpt>
			<trkpt lat="46.8118246877" lon="8.4750932853">
				<ele>2413.1</ele>
				<extensions>
					<swisstopo:routepoint_id>1860200209</swisstopo:routepoint_id>
				</extensions>
			</trkpt>
			<trkpt lat="46.8118401733" lon="8.4750215547">
				<ele>2410.5</ele>
				<extensions>
					<swisstopo:routepoint_id>1762102677</swisstopo:routepoint_id>
				</extensions>
			</trkpt>
			<trkpt lat="46.8118696916" lon="8.4749717011">
				<ele>2408.2</ele>
				<extensions>
					<swisstopo:routepoint_id>1014496030</swisstopo:routepoint_id>
				</extensions>
			</trkpt>
			<trkpt lat="46.8119489978" lon="8.4748877936">
				<ele>2407.1</ele>
				<extensions>
					<swisstopo:routepoint_id>1766268873</swisstopo:routepoint_id>
				</extensions>
			</trkpt>
			<trkpt lat="46.8119636011" lon="8.4748458951">
				<ele>2406.0</ele>
				<extensions>
					<swisstopo:routepoint_id>1720315262</swisstopo:routepoint_id>
				</extensions>
			</trkpt>
			<trkpt lat="46.8119079422" lon="8.4748448506">
				<ele>2404.2</ele>
				<extensions>
					<swisstopo:routepoint_id>745914343</swisstopo:routepoint_id>
				</extensions>
			</trkpt>
			<trkpt lat="46.8118982810" lon="8.4748179080">
				<ele>2402.7</ele>
				<extensions>
					<swisstopo:routepoint_id>472421786</swisstopo:routepoint_id>
				</extensions>
			</trkpt>
			<trkpt lat="46.8118631904" lon="8.4747987312">
				<ele>2400.5</ele>
				<extensions>
					<swisstopo:routepoint_id>2087969459</swisstopo:routepoint_id>
				</extensions>
			</trkpt>
			<trkpt lat="46.8118788890" lon="8.4747033532">
				<ele>2397.1</ele>
				<extensions>
					<swisstopo:routepoint_id>94676377</swisstopo:routepoint_id>
				</extensions>
			</trkpt>
			<trkpt lat="46.8118848610" lon="8.4746529417">
				<ele>2395.0</ele>
				<extensions>
					<swisstopo:routepoint_id>1942924437</swisstopo:routepoint_id>
				</extensions>
			</trkpt>
			<trkpt lat="46.8118817198" lon="8.4746273037">
				<ele>2393.9</ele>
				<extensions>
					<swisstopo:routepoint_id>1884769841</swisstopo:routepoint_id>
				</extensions>
			</trkpt>
			<trkpt lat="46.8118739749" lon="8.4746113783">
				<ele>2393.1</ele>
				<extensions>
					<swisstopo:routepoint_id>876252760</swisstopo:routepoint_id>
				</extensions>
			</trkpt>
			<trkpt lat="46.8118337837" lon="8.4745671943">
				<ele>2390.0</ele>
				<extensions>
					<swisstopo:routepoint_id>1602199899</swisstopo:routepoint_id>
				</extensions>
			</trkpt>
			<trkpt lat="46.8117958240" lon="8.4745270101">
				<ele>2387.0</ele>
				<extensions>
					<swisstopo:routepoint_id>175527890</swisstopo:routepoint_id>
				</extensions>
			</trkpt>
			<trkpt lat="46.8117366269" lon="8.4744666842">
				<ele>2382.9</ele>
				<extensions>
					<swisstopo:routepoint_id>2143149803</swisstopo:routepoint_id>
				</extensions>
			</trkpt>
			<trkpt lat="46.8117062443" lon="8.4744600988">
				<ele>2381.7</ele>
				<extensions>
					<swisstopo:routepoint_id>628388186</swisstopo:routepoint_id>
				</extensions>
			</trkpt>
			<trkpt lat="46.8117321911" lon="8.4743347412">
				<ele>2377.2</ele>
				<extensions>
					<swisstopo:routepoint_id>1912418405</swisstopo:routepoint_id>
				</extensions>
			</trkpt>
			<trkpt lat="46.8117278365" lon="8.4743189075">
				<ele>2376.6</ele>
				<extensions>
					<swisstopo:routepoint_id>60678269</swisstopo:routepoint_id>
				</extensions>
			</trkpt>
			<trkpt lat="46.8116929822" lon="8.4743083051">
				<ele>2375.2</ele>
				<extensions>
					<swisstopo:routepoint_id>1820899038</swisstopo:routepoint_id>
				</extensions>
			</trkpt>
			<trkpt lat="46.8116537469" lon="8.4742838206">
				<ele>2373.0</ele>
				<extensions>
					<swisstopo:routepoint_id>727265445</swisstopo:routepoint_id>
				</extensions>
			</trkpt>
			<trkpt lat="46.8116598672" lon="8.4742308308">
				<ele>2371.3</ele>
				<extensions>
					<swisstopo:routepoint_id>1762418588</swisstopo:routepoint_id>
				</extensions>
			</trkpt>
			<trkpt lat="46.8116465365" lon="8.4742088888">
				<ele>2370.1</ele>
				<extensions>
					<swisstopo:routepoint_id>749622270</swisstopo:routepoint_id>
				</extensions>
			</trkpt>
			<trkpt lat="46.8116072298" lon="8.4741922782">
				<ele>2368.3</ele>
				<extensions>
					<swisstopo:routepoint_id>1944752230</swisstopo:routepoint_id>
				</extensions>
			</trkpt>
			<trkpt lat="46.8115835647" lon="8.4741917576">
				<ele>2367.5</ele>
				<extensions>
					<swisstopo:routepoint_id>944487201</swisstopo:routepoint_id>
				</extensions>
			</trkpt>
			<trkpt lat="46.8115043184" lon="8.4742274076">
				<ele>2366.4</ele>
				<extensions>
					<swisstopo:routepoint_id>1095711118</swisstopo:routepoint_id>
				</extensions>
			</trkpt>
			<trkpt lat="46.8114657974" lon="8.4742481955">
				<ele>2365.7</ele>
				<extensions>
					<swisstopo:routepoint_id>1239081611</swisstopo:routepoint_id>
				</extensions>
			</trkpt>
			<trkpt lat="46.8114195045" lon="8.4742570015">
				<ele>2364.5</ele>
				<extensions>
					<swisstopo:routepoint_id>1799886579</swisstopo:routepoint_id>
				</extensions>
			</trkpt>
			<trkpt lat="46.8113844719" lon="8.4742660764">
				<ele>2363.6</ele>
				<extensions>
					<swisstopo:routepoint_id>186017052</swisstopo:routepoint_id>
				</extensions>
			</trkpt>
			<trkpt lat="46.8113688426" lon="8.4742464491">
				<ele>2362.6</ele>
				<extensions>
					<swisstopo:routepoint_id>1859877312</swisstopo:routepoint_id>
				</extensions>
			</trkpt>
			<trkpt lat="46.8113598707" lon="8.4742051065">
				<ele>2360.9</ele>
				<extensions>
					<swisstopo:routepoint_id>1323074050</swisstopo:routepoint_id>
				</extensions>
			</trkpt>
			<trkpt lat="46.8113317091" lon="8.4741399008">
				<ele>2358.6</ele>
				<extensions>
					<swisstopo:routepoint_id>157878585</swisstopo:routepoint_id>
				</extensions>
			</trkpt>
			<trkpt lat="46.8112812856" lon="8.4740743198">
				<ele>2355.6</ele>
				<extensions>
					<swisstopo:routepoint_id>1061165560</swisstopo:routepoint_id>
				</extensions>
			</trkpt>
			<trkpt lat="46.8112415225" lon="8.4740206847">
				<ele>2353.5</ele>
				<extensions>
					<swisstopo:routepoint_id>1440066750</swisstopo:routepoint_id>
				</extensions>
			</trkpt>
			<trkpt lat="46.8112089788" lon="8.4739636371">
				<ele>2351.4</ele>
				<extensions>
					<swisstopo:routepoint_id>2092626867</swisstopo:routepoint_id>
				</extensions>
			</trkpt>
			<trkpt lat="46.8111882710" lon="8.4738879486">
				<ele>2348.9</ele>
				<extensions>
					<swisstopo:routepoint_id>375522079</swisstopo:routepoint_id>
				</extensions>
			</trkpt>
			<trkpt lat="46.8112069974" lon="8.4738109084">
				<ele>2347.2</ele>
				<extensions>
					<swisstopo:routepoint_id>1570354587</swisstopo:routepoint_id>
				</extensions>
			</trkpt>
			<trkpt lat="46.8112486259" lon="8.4737569245">
				<ele>2345.2</ele>
				<extensions>
					<swisstopo:routepoint_id>592577618</swisstopo:routepoint_id>
				</extensions>
			</trkpt>
			<trkpt lat="46.8112771909" lon="8.4737110228">
				<ele>2344.0</ele>
				<extensions>
					<swisstopo:routepoint_id>136497002</swisstopo:routepoint_id>
				</extensions>
			</trkpt>
			<trkpt lat="46.8112928120" lon="8.4736589238">
				<ele>2342.1</ele>
				<extensions>
					<swisstopo:routepoint_id>445680934</swisstopo:routepoint_id>
				</extensions>
			</trkpt>
			<trkpt lat="46.8112982161" lon="8.4736185390">
				<ele>2340.7</ele>
				<extensions>
					<swisstopo:routepoint_id>406217421</swisstopo:routepoint_id>
				</extensions>
			</trkpt>
			<trkpt lat="46.8112789950" lon="8.4735872201">
				<ele>2339.4</ele>
				<extensions>
					<swisstopo:routepoint_id>891625341</swisstopo:routepoint_id>
				</extensions>
			</trkpt>
			<trkpt lat="46.8112344124" lon="8.4735661452">
				<ele>2337.9</ele>
				<extensions>
					<swisstopo:routepoint_id>236433413</swisstopo:routepoint_id>
				</extensions>
			</trkpt>
			<trkpt lat="46.8112000055" lon="8.4735369327">
				<ele>2336.5</ele>
				<extensions>
					<swisstopo:routepoint_id>2144047839</swisstopo:routepoint_id>
				</extensions>
			</trkpt>
			<trkpt lat="46.8111837820" lon="8.4734925683">
				<ele>2334.9</ele>
				<extensions>
					<swisstopo:routepoint_id>1084666225</swisstopo:routepoint_id>
				</extensions>
			</trkpt>
			<trkpt lat="46.8111601271" lon="8.4734730750">
				<ele>2334.1</ele>
				<extensions>
					<swisstopo:routepoint_id>1413363556</swisstopo:routepoint_id>
				</extensions>
			</trkpt>
			<trkpt lat="46.8111191082" lon="8.4734568381">
				<ele>2332.1</ele>
				<extensions>
					<swisstopo:routepoint_id>77514634</swisstopo:routepoint_id>
				</extensions>
			</trkpt>
			<trkpt lat="46.8110941903" lon="8.4734158841">
				<ele>2329.6</ele>
				<extensions>
					<swisstopo:routepoint_id>1343283935</swisstopo:routepoint_id>
				</extensions>
			</trkpt>
			<trkpt lat="46.8110725531" lon="8.4734130967">
				<ele>2327.7</ele>
				<extensions>
					<swisstopo:routepoint_id>1115411914</swisstopo:routepoint_id>
				</extensions>
			</trkpt>
			<trkpt lat="46.8110513507" lon="8.4734436647">
				<ele>2327.1</ele>
				<extensions>
					<swisstopo:routepoint_id>1793235016</swisstopo:routepoint_id>
				</extensions>
			</trkpt>
			<trkpt lat="46.8110225263" lon="8.4735193184">
				<ele>2325.2</ele>
				<extensions>
					<swisstopo:routepoint_id>2123568987</swisstopo:routepoint_id>
				</extensions>
			</trkpt>
			<trkpt lat="46.8110158064" lon="8.4735310999">
				<ele>2324.9</ele>
				<extensions>
					<swisstopo:routepoint_id>14309172</swisstopo:routepoint_id>
				</extensions>
			</trkpt>
			<trkpt lat="46.8109855654" lon="8.4735804286">
				<ele>2324.0</ele>
				<extensions>
					<swisstopo:routepoint_id>79220216</swisstopo:routepoint_id>
				</extensions>
			</trkpt>
			<trkpt lat="46.8109426383" lon="8.4736316879">
				<ele>2322.4</ele>
				<extensions>
					<swisstopo:routepoint_id>1704115465</swisstopo:routepoint_id>
				</extensions>
			</trkpt>
			<trkpt lat="46.8108853487" lon="8.4737054578">
				<ele>2319.9</ele>
				<extensions>
					<swisstopo:routepoint_id>707198109</swisstopo:routepoint_id>
				</extensions>
			</trkpt>
			<trkpt lat="46.8108312018" lon="8.4737619132">
				<ele>2317.7</ele>
				<extensions>
					<swisstopo:routepoint_id>734098932</swisstopo:routepoint_id>
				</extensions>
			</trkpt>
			<trkpt lat="46.8107945739" lon="8.4737753211">
				<ele>2315.8</ele>
				<extensions>
					<swisstopo:routepoint_id>483026256</swisstopo:routepoint_id>
				</extensions>
			</trkpt>
			<trkpt lat="46.8107757491" lon="8.4737152881">
				<ele>2312.9</ele>
				<extensions>
					<swisstopo:routepoint_id>672754473</swisstopo:routepoint_id>
				</extensions>
			</trkpt>
			<trkpt lat="46.8107616497" lon="8.4737095924">
				<ele>2312.1</ele>
				<extensions>
					<swisstopo:routepoint_id>807822001</swisstopo:routepoint_id>
				</extensions>
			</trkpt>
			<trkpt lat="46.8107536914" lon="8.4736833910">
				<ele>2310.9</ele>
				<extensions>
					<swisstopo:routepoint_id>856000522</swisstopo:routepoint_id>
				</extensions>
			</trkpt>
			<trkpt lat="46.8107131811" lon="8.4737151600">
				<ele>2308.9</ele>
				<extensions>
					<swisstopo:routepoint_id>1889177231</swisstopo:routepoint_id>
				</extensions>
			</trkpt>
			<trkpt lat="46.8106573945" lon="8.4737878708">
				<ele>2306.4</ele>
				<extensions>
					<swisstopo:routepoint_id>1221368351</swisstopo:routepoint_id>
				</extensions>
			</trkpt>
			<trkpt lat="46.8106098108" lon="8.4738596514">
				<ele>2304.5</ele>
				<extensions>
					<swisstopo:routepoint_id>1692300517</swisstopo:routepoint_id>
				</extensions>
			</trkpt>
			<trkpt lat="46.8105662068" lon="8.4739033109">
				<ele>2301.1</ele>
				<extensions>
					<swisstopo:routepoint_id>1784708538</swisstopo:routepoint_id>
				</extensions>
			</trkpt>
			<trkpt lat="46.8105357386" lon="8.4739775820">
				<ele>2301.0</ele>
				<extensions>
					<swisstopo:routepoint_id>1773214451</swisstopo:routepoint_id>
				</extensions>
			</trkpt>
			<trkpt lat="46.8105397073" lon="8.4740329922">
				<ele>2301.7</ele>
				<extensions>
					<swisstopo:routepoint_id>2002566605</swisstopo:routepoint_id>
				</extensions>
			</trkpt>
			<trkpt lat="46.8105165793" lon="8.4741182669">
				<ele>2300.5</ele>
				<extensions>
					<swisstopo:routepoint_id>1741922987</swisstopo:routepoint_id>
				</extensions>
			</trkpt>
			<trkpt lat="46.8104929592" lon="8.4741764092">
				<ele>2299.7</ele>
				<extensions>
					<swisstopo:routepoint_id>1867636277</swisstopo:routepoint_id>
				</extensions>
			</trkpt>
			<trkpt lat="46.8104535706" lon="8.4742483465">
				<ele>2297.0</ele>
				<extensions>
					<swisstopo:routepoint_id>1036351521</swisstopo:routepoint_id>
				</extensions>
			</trkpt>
			<trkpt lat="46.8104164207" lon="8.4743203271">
				<ele>2294.9</ele>
				<extensions>
					<swisstopo:routepoint_id>273496243</swisstopo:routepoint_id>
				</extensions>
			</trkpt>
			<trkpt lat="46.8103917295" lon="8.4744142457">
				<ele>2293.9</ele>
				<extensions>
					<swisstopo:routepoint_id>908866822</swisstopo:routepoint_id>
				</extensions>
			</trkpt>
			<trkpt lat="46.8103684632" lon="8.4744333347">
				<ele>2292.3</ele>
				<extensions>
					<swisstopo:routepoint_id>1509438519</swisstopo:routepoint_id>
				</extensions>
			</trkpt>
			<trkpt lat="46.8103303021" lon="8.4745335058">
				<ele>2291.5</ele>
				<extensions>
					<swisstopo:routepoint_id>44682646</swisstopo:routepoint_id>
				</extensions>
			</trkpt>
			<trkpt lat="46.8102915116" lon="8.4746217284">
				<ele>2289.8</ele>
				<extensions>
					<swisstopo:routepoint_id>57117265</swisstopo:routepoint_id>
				</extensions>
			</trkpt>
			<trkpt lat="46.8102557867" lon="8.4747002482">
				<ele>2289.0</ele>
				<extensions>
					<swisstopo:routepoint_id>621364318</swisstopo:routepoint_id>
				</extensions>
			</trkpt>
			<trkpt lat="46.8101842677" lon="8.4747835036">
				<ele>2286.1</ele>
				<extensions>
					<swisstopo:routepoint_id>1311117455</swisstopo:routepoint_id>
				</extensions>
			</trkpt>
			<trkpt lat="46.8101838842" lon="8.4748258181">
				<ele>2286.1</ele>
				<extensions>
					<swisstopo:routepoint_id>1867993964</swisstopo:routepoint_id>
				</extensions>
			</trkpt>
			<trkpt lat="46.8101278995" lon="8.4749202220">
				<ele>2284.0</ele>
				<extensions>
					<swisstopo:routepoint_id>1193640313</swisstopo:routepoint_id>
				</extensions>
			</trkpt>
			<trkpt lat="46.8100794608" lon="8.4750039209">
				<ele>2281.3</ele>
				<extensions>
					<swisstopo:routepoint_id>1946567473</swisstopo:routepoint_id>
				</extensions>
			</trkpt>
			<trkpt lat="46.8100309137" lon="8.4750995544">
				<ele>2279.9</ele>
				<extensions>
					<swisstopo:routepoint_id>1005818430</swisstopo:routepoint_id>
				</extensions>
			</trkpt>
			<trkpt lat="46.8099924868" lon="8.4751476362">
				<ele>2278.9</ele>
				<extensions>
					<swisstopo:routepoint_id>182392157</swisstopo:routepoint_id>
				</extensions>
			</trkpt>
			<trkpt lat="46.8099154260" lon="8.4752665933">
				<ele>2275.8</ele>
				<extensions>
					<swisstopo:routepoint_id>1531755599</swisstopo:routepoint_id>
				</extensions>
			</trkpt>
			<trkpt lat="46.8098548920" lon="8.4753695826">
				<ele>2273.3</ele>
				<extensions>
					<swisstopo:routepoint_id>496106579</swisstopo:routepoint_id>
				</extensions>
			</trkpt>
			<trkpt lat="46.8098071897" lon="8.4754543825">
				<ele>2271.1</ele>
				<extensions>
					<swisstopo:routepoint_id>2125663953</swisstopo:routepoint_id>
				</extensions>
			</trkpt>
			<trkpt lat="46.8097613739" lon="8.4754958221">
				<ele>2269.0</ele>
				<extensions>
					<swisstopo:routepoint_id>1402564775</swisstopo:routepoint_id>
				</extensions>
			</trkpt>
			<trkpt lat="46.8097355718" lon="8.4755484833">
				<ele>2268.1</ele>
				<extensions>
					<swisstopo:routepoint_id>1506784657</swisstopo:routepoint_id>
				</extensions>
			</trkpt>
			<trkpt lat="46.8097106646" lon="8.4755838139">
				<ele>2267.1</ele>
				<extensions>
					<swisstopo:routepoint_id>1425782669</swisstopo:routepoint_id>
				</extensions>
			</trkpt>
			<trkpt lat="46.8096766678" lon="8.4757176983">
				<ele>2266.5</ele>
				<extensions>
					<swisstopo:routepoint_id>225987795</swisstopo:routepoint_id>
				</extensions>
			</trkpt>
			<trkpt lat="46.8096495693" lon="8.4757486361">
				<ele>2265.1</ele>
				<extensions>
					<swisstopo:routepoint_id>541388362</swisstopo:routepoint_id>
				</extensions>
			</trkpt>
			<trkpt lat="46.8096282177" lon="8.4758035708">
				<ele>2264.3</ele>
				<extensions>
					<swisstopo:routepoint_id>1567425673</swisstopo:routepoint_id>
				</extensions>
			</trkpt>
			<trkpt lat="46.8095611003" lon="8.4758934206">
				<ele>2261.6</ele>
				<extensions>
					<swisstopo:routepoint_id>311093153</swisstopo:routepoint_id>
				</extensions>
			</trkpt>
			<trkpt lat="46.8095365655" lon="8.4759699784">
				<ele>2260.6</ele>
				<extensions>
					<swisstopo:routepoint_id>1403351222</swisstopo:routepoint_id>
				</extensions>
			</trkpt>
			<trkpt lat="46.8094874091" lon="8.4760503996">
				<ele>2258.5</ele>
				<extensions>
					<swisstopo:routepoint_id>533153158</swisstopo:routepoint_id>
				</extensions>
			</trkpt>
			<trkpt lat="46.8094502286" lon="8.4761256396">
				<ele>2257.2</ele>
				<extensions>
					<swisstopo:routepoint_id>1874847427</swisstopo:routepoint_id>
				</extensions>
			</trkpt>
			<trkpt lat="46.8094200256" lon="8.4761695416">
				<ele>2255.9</ele>
				<extensions>
					<swisstopo:routepoint_id>519126163</swisstopo:routepoint_id>
				</extensions>
			</trkpt>
			<trkpt lat="46.8093855582" lon="8.4761916625">
				<ele>2254.2</ele>
				<extensions>
					<swisstopo:routepoint_id>113237915</swisstopo:routepoint_id>
				</extensions>
			</trkpt>
			<trkpt lat="46.8093183036" lon="8.4762153279">
				<ele>2250.9</ele>
				<extensions>
					<swisstopo:routepoint_id>1641253090</swisstopo:routepoint_id>
				</extensions>
			</trkpt>
			<trkpt lat="46.8092751320" lon="8.4762112332">
				<ele>2249.0</ele>
				<extensions>
					<swisstopo:routepoint_id>1082208619</swisstopo:routepoint_id>
				</extensions>
			</trkpt>
			<trkpt lat="46.8092441441" lon="8.4761780892">
				<ele>2247.4</ele>
				<extensions>
					<swisstopo:routepoint_id>523039970</swisstopo:routepoint_id>
				</extensions>
			</trkpt>
			<trkpt lat="46.8092072124" lon="8.4761426563">
				<ele>2245.5</ele>
				<extensions>
					<swisstopo:routepoint_id>470747474</swisstopo:routepoint_id>
				</extensions>
			</trkpt>
			<trkpt lat="46.8091769416" lon="8.4761127755">
				<ele>2244.0</ele>
				<extensions>
					<swisstopo:routepoint_id>667131723</swisstopo:routepoint_id>
				</extensions>
			</trkpt>
			<trkpt lat="46.8091418960" lon="8.4760350707">
				<ele>2242.1</ele>
				<extensions>
					<swisstopo:routepoint_id>1941041900</swisstopo:routepoint_id>
				</extensions>
			</trkpt>
			<trkpt lat="46.8091158008" lon="8.4760367425">
				<ele>2240.9</ele>
				<extensions>
					<swisstopo:routepoint_id>1258553429</swisstopo:routepoint_id>
				</extensions>
			</trkpt>
			<trkpt lat="46.8091079415" lon="8.4759996945">
				<ele>2240.2</ele>
				<extensions>
					<swisstopo:routepoint_id>1847930449</swisstopo:routepoint_id>
				</extensions>
			</trkpt>
			<trkpt lat="46.8090708022" lon="8.4759881302">
				<ele>2238.4</ele>
				<extensions>
					<swisstopo:routepoint_id>1600085569</swisstopo:routepoint_id>
				</extensions>
			</trkpt>
			<trkpt lat="46.8090428406" lon="8.4759496202">
				<ele>2236.8</ele>
				<extensions>
					<swisstopo:routepoint_id>687259305</swisstopo:routepoint_id>
				</extensions>
			</trkpt>
			<trkpt lat="46.8089907569" lon="8.4759431927">
				<ele>2234.4</ele>
				<extensions>
					<swisstopo:routepoint_id>1453716232</swisstopo:routepoint_id>
				</extensions>
			</trkpt>
			<trkpt lat="46.8089363745" lon="8.4759432329">
				<ele>2232.0</ele>
				<extensions>
					<swisstopo:routepoint_id>1642738352</swisstopo:routepoint_id>
				</extensions>
			</trkpt>
			<trkpt lat="46.8088597495" lon="8.4758495283">
				<ele>2227.8</ele>
				<extensions>
					<swisstopo:routepoint_id>1634699889</swisstopo:routepoint_id>
				</extensions>
			</trkpt>
			<trkpt lat="46.8088346970" lon="8.4757372946">
				<ele>2225.8</ele>
				<extensions>
					<swisstopo:routepoint_id>1641726935</swisstopo:routepoint_id>
				</extensions>
			</trkpt>
			<trkpt lat="46.8087903094" lon="8.4756203382">
				<ele>2222.6</ele>
				<extensions>
					<swisstopo:routepoint_id>484613537</swisstopo:routepoint_id>
				</extensions>
			</trkpt>
			<trkpt lat="46.8087583095" lon="8.4755350933">
				<ele>2220.1</ele>
				<extensions>
					<swisstopo:routepoint_id>203699265</swisstopo:routepoint_id>
				</extensions>
			</trkpt>
			<trkpt lat="46.8087563258" lon="8.4755068453">
				<ele>2219.8</ele>
				<extensions>
					<swisstopo:routepoint_id>1259344471</swisstopo:routepoint_id>
				</extensions>
			</trkpt>
			<trkpt lat="46.8087424626" lon="8.4754751192">
				<ele>2218.7</ele>
				<extensions>
					<swisstopo:routepoint_id>929369186</swisstopo:routepoint_id>
				</extensions>
			</trkpt>
			<trkpt lat="46.8087195418" lon="8.4753737758">
				<ele>2216.1</ele>
				<extensions>
					<swisstopo:routepoint_id>715968361</swisstopo:routepoint_id>
				</extensions>
			</trkpt>
			<trkpt lat="46.8086973468" lon="8.4753570752">
				<ele>2215.2</ele>
				<extensions>
					<swisstopo:routepoint_id>1135562750</swisstopo:routepoint_id>
				</extensions>
			</trkpt>
			<trkpt lat="46.8086971906" lon="8.4752919660">
				<ele>2214.3</ele>
				<extensions>
					<swisstopo:routepoint_id>1333636127</swisstopo:routepoint_id>
				</extensions>
			</trkpt>
			<trkpt lat="46.8086595321" lon="8.4751729782">
				<ele>2210.9</ele>
				<extensions>
					<swisstopo:routepoint_id>1662152729</swisstopo:routepoint_id>
				</extensions>
			</trkpt>
			<trkpt lat="46.8086563789" lon="8.4751099867">
				<ele>2209.8</ele>
				<extensions>
					<swisstopo:routepoint_id>362463603</swisstopo:routepoint_id>
				</extensions>
			</trkpt>
			<trkpt lat="46.8086357467" lon="8.4750032631">
				<ele>2207.4</ele>
				<extensions>
					<swisstopo:routepoint_id>1671039067</swisstopo:routepoint_id>
				</extensions>
			</trkpt>
			<trkpt lat="46.8086218549" lon="8.4749736984">
				<ele>2206.6</ele>
				<extensions>
					<swisstopo:routepoint_id>1735514603</swisstopo:routepoint_id>
				</extensions>
			</trkpt>
			<trkpt lat="46.8086155178" lon="8.4749334309">
				<ele>2205.7</ele>
				<extensions>
					<swisstopo:routepoint_id>1659621177</swisstopo:routepoint_id>
				</extensions>
			</trkpt>
			<trkpt lat="46.8086286936" lon="8.4748772649">
				<ele>2205.4</ele>
				<extensions>
					<swisstopo:routepoint_id>216035401</swisstopo:routepoint_id>
				</extensions>
			</trkpt>
			<trkpt lat="46.8085858374" lon="8.4747560158">
				<ele>2201.7</ele>
				<extensions>
					<swisstopo:routepoint_id>376432609</swisstopo:routepoint_id>
				</extensions>
			</trkpt>
			<trkpt lat="46.8085766418" lon="8.4746202153">
				<ele>2199.0</ele>
				<extensions>
					<swisstopo:routepoint_id>1652001696</swisstopo:routepoint_id>
				</extensions>
			</trkpt>
			<trkpt lat="46.8085732228" lon="8.4745865152">
				<ele>2198.2</ele>
				<extensions>
					<swisstopo:routepoint_id>196613426</swisstopo:routepoint_id>
				</extensions>
			</trkpt>
			<trkpt lat="46.8085582203" lon="8.4745156963">
				<ele>2196.5</ele>
				<extensions>
					<swisstopo:routepoint_id>587384955</swisstopo:routepoint_id>
				</extensions>
			</trkpt>
			<trkpt lat="46.8085661987" lon="8.4744572685">
				<ele>2195.7</ele>
				<extensions>
					<swisstopo:routepoint_id>1962886367</swisstopo:routepoint_id>
				</extensions>
			</trkpt>
			<trkpt lat="46.8085362321" lon="8.4743937614">
				<ele>2193.6</ele>
				<extensions>
					<swisstopo:routepoint_id>1398849668</swisstopo:routepoint_id>
				</extensions>
			</trkpt>
			<trkpt lat="46.8085236862" lon="8.4742980424">
				<ele>2191.7</ele>
				<extensions>
					<swisstopo:routepoint_id>1119120642</swisstopo:routepoint_id>
				</extensions>
			</trkpt>
			<trkpt lat="46.8084765155" lon="8.4741604248">
				<ele>2188.2</ele>
				<extensions>
					<swisstopo:routepoint_id>1238444138</swisstopo:routepoint_id>
				</extensions>
			</trkpt>
			<trkpt lat="46.8084412044" lon="8.4740284597">
				<ele>2185.0</ele>
				<extensions>
					<swisstopo:routepoint_id>1826335587</swisstopo:routepoint_id>
				</extensions>
			</trkpt>
			<trkpt lat="46.8084155408" lon="8.4739834833">
				<ele>2183.3</ele>
				<extensions>
					<swisstopo:routepoint_id>1992986778</swisstopo:routepoint_id>
				</extensions>
			</trkpt>
			<trkpt lat="46.8084090955" lon="8.4738726967">
				<ele>2181.3</ele>
				<extensions>
					<swisstopo:routepoint_id>1412523188</swisstopo:routepoint_id>
				</extensions>
			</trkpt>
			<trkpt lat="46.8084192454" lon="8.4738208096">
				<ele>2180.7</ele>
				<extensions>
					<swisstopo:routepoint_id>509132348</swisstopo:routepoint_id>
				</extensions>
			</trkpt>
			<trkpt lat="46.8084004695" lon="8.4737553429">
				<ele>2178.7</ele>
				<extensions>
					<swisstopo:routepoint_id>1035248506</swisstopo:routepoint_id>
				</extensions>
			</trkpt>
			<trkpt lat="46.8083995944" lon="8.4736880583">
				<ele>2177.2</ele>
				<extensions>
					<swisstopo:routepoint_id>86180712</swisstopo:routepoint_id>
				</extensions>
			</trkpt>
			<trkpt lat="46.8083860950" lon="8.4736151066">
				<ele>2175.3</ele>
				<extensions>
					<swisstopo:routepoint_id>1469268795</swisstopo:routepoint_id>
				</extensions>
			</trkpt>
			<trkpt lat="46.8083777526" lon="8.4735498537">
				<ele>2173.7</ele>
				<extensions>
					<swisstopo:routepoint_id>973080100</swisstopo:routepoint_id>
				</extensions>
			</trkpt>
			<trkpt lat="46.8083840902" lon="8.4734252011">
				<ele>2170.6</ele>
				<extensions>
					<swisstopo:routepoint_id>792634863</swisstopo:routepoint_id>
				</extensions>
			</trkpt>
			<trkpt lat="46.8083859204" lon="8.4732568047">
				<ele>2166.8</ele>
				<extensions>
					<swisstopo:routepoint_id>103032335</swisstopo:routepoint_id>
				</extensions>
			</trkpt>
			<trkpt lat="46.8083870937" lon="8.4731192392">
				<ele>2163.9</ele>
				<extensions>
					<swisstopo:routepoint_id>195882398</swisstopo:routepoint_id>
				</extensions>
			</trkpt>
			<trkpt lat="46.8083707308" lon="8.4730634492">
				<ele>2162.5</ele>
				<extensions>
					<swisstopo:routepoint_id>1974234885</swisstopo:routepoint_id>
				</extensions>
			</trkpt>
			<trkpt lat="46.8083268847" lon="8.4730404248">
				<ele>2160.6</ele>
				<extensions>
					<swisstopo:routepoint_id>2073364901</swisstopo:routepoint_id>
				</extensions>
			</trkpt>
			<trkpt lat="46.8082237393" lon="8.4729852087">
				<ele>2156.4</ele>
				<extensions>
					<swisstopo:routepoint_id>605768183</swisstopo:routepoint_id>
				</extensions>
			</trkpt>
			<trkpt lat="46.8081919337" lon="8.4729180381">
				<ele>2154.2</ele>
				<extensions>
					<swisstopo:routepoint_id>958973674</swisstopo:routepoint_id>
				</extensions>
			</trkpt>
			<trkpt lat="46.8081678304" lon="8.4728576710">
				<ele>2151.9</ele>
				<extensions>
					<swisstopo:routepoint_id>1017770347</swisstopo:routepoint_id>
				</extensions>
			</trkpt>
			<trkpt lat="46.8081446057" lon="8.4728483419">
				<ele>2151.1</ele>
				<extensions>
					<swisstopo:routepoint_id>1839099774</swisstopo:routepoint_id>
				</extensions>
			</trkpt>
			<trkpt lat="46.8079592137" lon="8.4728670430">
				<ele>2146.3</ele>
				<extensions>
					<swisstopo:routepoint_id>516057480</swisstopo:routepoint_id>
				</extensions>
			</trkpt>
			<trkpt lat="46.8079074371" lon="8.4727719611">
				<ele>2142.1</ele>
				<extensions>
					<swisstopo:routepoint_id>529394943</swisstopo:routepoint_id>
				</extensions>
			</trkpt>
			<trkpt lat="46.8078506347" lon="8.4727362016">
				<ele>2139.5</ele>
				<extensions>
					<swisstopo:routepoint_id>792480691</swisstopo:routepoint_id>
				</extensions>
			</trkpt>
			<trkpt lat="46.8078391111" lon="8.4726943807">
				<ele>2138.3</ele>
				<extensions>
					<swisstopo:routepoint_id>421954155</swisstopo:routepoint_id>
				</extensions>
			</trkpt>
			<trkpt lat="46.8078492861" lon="8.4726217799">
				<ele>2137.0</ele>
				<extensions>
					<swisstopo:routepoint_id>686933661</swisstopo:routepoint_id>
				</extensions>
			</trkpt>
			<trkpt lat="46.8078399249" lon="8.4725586962">
				<ele>2135.2</ele>
				<extensions>
					<swisstopo:routepoint_id>1744016852</swisstopo:routepoint_id>
				</extensions>
			</trkpt>
			<trkpt lat="46.8078561702" lon="8.4724723626">
				<ele>2132.9</ele>
				<extensions>
					<swisstopo:routepoint_id>1739224367</swisstopo:routepoint_id>
				</extensions>
			</trkpt>
			<trkpt lat="46.8078634746" lon="8.4724257015">
				<ele>2131.6</ele>
				<extensions>
					<swisstopo:routepoint_id>1316805986</swisstopo:routepoint_id>
				</extensions>
			</trkpt>
			<trkpt lat="46.8078908076" lon="8.4723687202">
				<ele>2130.1</ele>
				<extensions>
					<swisstopo:routepoint_id>1788136072</swisstopo:routepoint_id>
				</extensions>
			</trkpt>
			<trkpt lat="46.8079336448" lon="8.4723272350">
				<ele>2129.2</ele>
				<extensions>
					<swisstopo:routepoint_id>1520351554</swisstopo:routepoint_id>
				</extensions>
			</trkpt>
			<trkpt lat="46.8079557021" lon="8.4722766642">
				<ele>2127.8</ele>
				<extensions>
					<swisstopo:routepoint_id>1998079499</swisstopo:routepoint_id>
				</extensions>
			</trkpt>
			<trkpt lat="46.8080086653" lon="8.4722186810">
				<ele>2125.8</ele>
				<extensions>
					<swisstopo:routepoint_id>1627565734</swisstopo:routepoint_id>
				</extensions>
			</trkpt>
			<trkpt lat="46.8080460407" lon="8.4721852929">
				<ele>2124.6</ele>
				<extensions>
					<swisstopo:routepoint_id>602419556</swisstopo:routepoint_id>
				</extensions>
			</trkpt>
			<trkpt lat="46.8081180266" lon="8.4721207956">
				<ele>2122.7</ele>
				<extensions>
					<swisstopo:routepoint_id>336718143</swisstopo:routepoint_id>
				</extensions>
			</trkpt>
			<trkpt lat="46.8081592993" lon="8.4720314565">
				<ele>2121.8</ele>
				<extensions>
					<swisstopo:routepoint_id>283676469</swisstopo:routepoint_id>
				</extensions>
			</trkpt>
			<trkpt lat="46.8081910871" lon="8.4719384634">
				<ele>2121.4</ele>
				<extensions>
					<swisstopo:routepoint_id>1142309007</swisstopo:routepoint_id>
				</extensions>
			</trkpt>
			<trkpt lat="46.8081966015" lon="8.4717683169">
				<ele>2119.4</ele>
				<extensions>
					<swisstopo:routepoint_id>1504469255</swisstopo:routepoint_id>
				</extensions>
			</trkpt>
			<trkpt lat="46.8082233566" lon="8.4716567919">
				<ele>2118.1</ele>
				<extensions>
					<swisstopo:routepoint_id>147411978</swisstopo:routepoint_id>
				</extensions>
			</trkpt>
			<trkpt lat="46.8082444078" lon="8.4715273903">
				<ele>2116.9</ele>
				<extensions>
					<swisstopo:routepoint_id>953452156</swisstopo:routepoint_id>
				</extensions>
			</trkpt>
			<trkpt lat="46.8082389859" lon="8.4714792924">
				<ele>2115.8</ele>
				<extensions>
					<swisstopo:routepoint_id>1389206620</swisstopo:routepoint_id>
				</extensions>
			</trkpt>
			<trkpt lat="46.8081611853" lon="8.4714067727">
				<ele>2113.4</ele>
				<extensions>
					<swisstopo:routepoint_id>2059402817</swisstopo:routepoint_id>
				</extensions>
			</trkpt>
			<trkpt lat="46.8080835613" lon="8.4713147080">
				<ele>2110.8</ele>
				<extensions>
					<swisstopo:routepoint_id>1431693115</swisstopo:routepoint_id>
				</extensions>
			</trkpt>
			<trkpt lat="46.8080241217" lon="8.4711864627">
				<ele>2109.4</ele>
				<extensions>
					<swisstopo:routepoint_id>1078874048</swisstopo:routepoint_id>
				</extensions>
			</trkpt>
			<trkpt lat="46.8079847595" lon="8.4710643806">
				<ele>2108.3</ele>
				<extensions>
					<swisstopo:routepoint_id>1441856628</swisstopo:routepoint_id>
				</extensions>
			</trkpt>
			<trkpt lat="46.8079167454" lon="8.4709521398">
				<ele>2106.9</ele>
				<extensions>
					<swisstopo:routepoint_id>489968118</swisstopo:routepoint_id>
				</extensions>
			</trkpt>
			<trkpt lat="46.8078830422" lon="8.4708389845">
				<ele>2105.7</ele>
				<extensions>
					<swisstopo:routepoint_id>1297437908</swisstopo:routepoint_id>
				</extensions>
			</trkpt>
			<trkpt lat="46.8078695786" lon="8.4708106876">
				<ele>2104.9</ele>
				<extensions>
					<swisstopo:routepoint_id>969108908</swisstopo:routepoint_id>
				</extensions>
			</trkpt>
			<trkpt lat="46.8078658188" lon="8.4707418812">
				<ele>2103.8</ele>
				<extensions>
					<swisstopo:routepoint_id>635345856</swisstopo:routepoint_id>
				</extensions>
			</trkpt>
			<trkpt lat="46.8078761907" lon="8.4707100842">
				<ele>2103.3</ele>
				<extensions>
					<swisstopo:routepoint_id>722083979</swisstopo:routepoint_id>
				</extensions>
			</trkpt>
			<trkpt lat="46.8078630478" lon="8.4706422507">
				<ele>2102.3</ele>
				<extensions>
					<swisstopo:routepoint_id>670724326</swisstopo:routepoint_id>
				</extensions>
			</trkpt>
			<trkpt lat="46.8078334061" lon="8.4705684412">
				<ele>2100.2</ele>
				<extensions>
					<swisstopo:routepoint_id>1349835662</swisstopo:routepoint_id>
				</extensions>
			</trkpt>
			<trkpt lat="46.8078008753" lon="8.4704937638">
				<ele>2098.0</ele>
				<extensions>
					<swisstopo:routepoint_id>109198600</swisstopo:routepoint_id>
				</extensions>
			</trkpt>
			<trkpt lat="46.8077544959" lon="8.4704234727">
				<ele>2094.1</ele>
				<extensions>
					<swisstopo:routepoint_id>38466221</swisstopo:routepoint_id>
				</extensions>
			</trkpt>
			<trkpt lat="46.8077371827" lon="8.4703880795">
				<ele>2092.7</ele>
				<extensions>
					<swisstopo:routepoint_id>398526802</swisstopo:routepoint_id>
				</extensions>
			</trkpt>
			<trkpt lat="46.8077134583" lon="8.4703174885">
				<ele>2090.5</ele>
				<extensions>
					<swisstopo:routepoint_id>855720623</swisstopo:routepoint_id>
				</extensions>
			</trkpt>
			<trkpt lat="46.8077020876" lon="8.4702606169">
				<ele>2089.0</ele>
				<extensions>
					<swisstopo:routepoint_id>1919203909</swisstopo:routepoint_id>
				</extensions>
			</trkpt>
			<trkpt lat="46.8076329480" lon="8.4700696772">
				<ele>2082.4</ele>
				<extensions>
					<swisstopo:routepoint_id>1166427675</swisstopo:routepoint_id>
				</extensions>
			</trkpt>
			<trkpt lat="46.8076168069" lon="8.4699871387">
				<ele>2080.6</ele>
				<extensions>
					<swisstopo:routepoint_id>166430067</swisstopo:routepoint_id>
				</extensions>
			</trkpt>
			<trkpt lat="46.8075849464" lon="8.4699528034">
				<ele>2078.8</ele>
				<extensions>
					<swisstopo:routepoint_id>1710253766</swisstopo:routepoint_id>
				</extensions>
			</trkpt>
			<trkpt lat="46.8075508252" lon="8.4699386810">
				<ele>2076.8</ele>
				<extensions>
					<swisstopo:routepoint_id>1792887089</swisstopo:routepoint_id>
				</extensions>
			</trkpt>
			<trkpt lat="46.8075420892" lon="8.4699168166">
				<ele>2076.1</ele>
				<extensions>
					<swisstopo:routepoint_id>1293426689</swisstopo:routepoint_id>
				</extensions>
			</trkpt>
			<trkpt lat="46.8075426785" lon="8.4698554834">
				<ele>2074.9</ele>
				<extensions>
					<swisstopo:routepoint_id>1400470887</swisstopo:routepoint_id>
				</extensions>
			</trkpt>
			<trkpt lat="46.8075386009" lon="8.4698138713">
				<ele>2074.1</ele>
				<extensions>
					<swisstopo:routepoint_id>1470880272</swisstopo:routepoint_id>
				</extensions>
			</trkpt>
			<trkpt lat="46.8075419629" lon="8.4697643047">
				<ele>2073.3</ele>
				<extensions>
					<swisstopo:routepoint_id>1566075472</swisstopo:routepoint_id>
				</extensions>
			</trkpt>
			<trkpt lat="46.8075341237" lon="8.4697417497">
				<ele>2072.7</ele>
				<extensions>
					<swisstopo:routepoint_id>999662679</swisstopo:routepoint_id>
				</extensions>
			</trkpt>
			<trkpt lat="46.8075243327" lon="8.4697122003">
				<ele>2071.9</ele>
				<extensions>
					<swisstopo:routepoint_id>198491210</swisstopo:routepoint_id>
				</extensions>
			</trkpt>
			<trkpt lat="46.8075233878" lon="8.4696304377">
				<ele>2071.2</ele>
				<extensions>
					<swisstopo:routepoint_id>2083864419</swisstopo:routepoint_id>
				</extensions>
			</trkpt>
			<trkpt lat="46.8074890623" lon="8.4696010737">
				<ele>2069.7</ele>
				<extensions>
					<swisstopo:routepoint_id>1106511856</swisstopo:routepoint_id>
				</extensions>
			</trkpt>
			<trkpt lat="46.8074215189" lon="8.4695761445">
				<ele>2067.1</ele>
				<extensions>
					<swisstopo:routepoint_id>1559665134</swisstopo:routepoint_id>
				</extensions>
			</trkpt>
			<trkpt lat="46.8074085095" lon="8.4695413452">
				<ele>2066.1</ele>
				<extensions>
					<swisstopo:routepoint_id>1117341386</swisstopo:routepoint_id>
				</extensions>
			</trkpt>
			<trkpt lat="46.8073750012" lon="8.4695290690">
				<ele>2064.7</ele>
				<extensions>
					<swisstopo:routepoint_id>110079179</swisstopo:routepoint_id>
				</extensions>
			</trkpt>
			<trkpt lat="46.8073645484" lon="8.4694591656">
				<ele>2063.2</ele>
				<extensions>
					<swisstopo:routepoint_id>332727881</swisstopo:routepoint_id>
				</extensions>
			</trkpt>
			<trkpt lat="46.8073586407" lon="8.4693680974">
				<ele>2061.8</ele>
				<extensions>
					<swisstopo:routepoint_id>1419068609</swisstopo:routepoint_id>
				</extensions>
			</trkpt>
			<trkpt lat="46.8073418947" lon="8.4693276451">
				<ele>2061.1</ele>
				<extensions>
					<swisstopo:routepoint_id>389153732</swisstopo:routepoint_id>
				</extensions>
			</trkpt>
			<trkpt lat="46.8073427917" lon="8.4692830362">
				<ele>2060.6</ele>
				<extensions>
					<swisstopo:routepoint_id>1288615561</swisstopo:routepoint_id>
				</extensions>
			</trkpt>
			<trkpt lat="46.8073349522" lon="8.4692345918">
				<ele>2059.6</ele>
				<extensions>
					<swisstopo:routepoint_id>2053391493</swisstopo:routepoint_id>
				</extensions>
			</trkpt>
			<trkpt lat="46.8073095130" lon="8.4692173998">
				<ele>2058.5</ele>
				<extensions>
					<swisstopo:routepoint_id>1442042384</swisstopo:routepoint_id>
				</extensions>
			</trkpt>
			<trkpt lat="46.8072950150" lon="8.4691690769">
				<ele>2057.4</ele>
				<extensions>
					<swisstopo:routepoint_id>887470457</swisstopo:routepoint_id>
				</extensions>
			</trkpt>
			<trkpt lat="46.8072233657" lon="8.4690956443">
				<ele>2053.8</ele>
				<extensions>
					<swisstopo:routepoint_id>1729079323</swisstopo:routepoint_id>
				</extensions>
			</trkpt>
			<trkpt lat="46.8072050514" lon="8.4690594858">
				<ele>2052.9</ele>
				<extensions>
					<swisstopo:routepoint_id>707710687</swisstopo:routepoint_id>
				</extensions>
			</trkpt>
			<trkpt lat="46.8072034013" lon="8.4690060240">
				<ele>2052.4</ele>
				<extensions>
					<swisstopo:routepoint_id>1227431167</swisstopo:routepoint_id>
				</extensions>
			</trkpt>
			<trkpt lat="46.8072013547" lon="8.4689536287">
				<ele>2051.5</ele>
				<extensions>
					<swisstopo:routepoint_id>1770498057</swisstopo:routepoint_id>
				</extensions>
			</trkpt>
			<trkpt lat="46.8072123671" lon="8.4688866518">
				<ele>2050.9</ele>
				<extensions>
					<swisstopo:routepoint_id>1732709511</swisstopo:routepoint_id>
				</extensions>
			</trkpt>
			<trkpt lat="46.8071861403" lon="8.4687701964">
				<ele>2047.7</ele>
				<extensions>
					<swisstopo:routepoint_id>101938310</swisstopo:routepoint_id>
				</extensions>
			</trkpt>
			<trkpt lat="46.8071935500" lon="8.4687306388">
				<ele>2047.1</ele>
				<extensions>
					<swisstopo:routepoint_id>2051148743</swisstopo:routepoint_id>
				</extensions>
			</trkpt>
			<trkpt lat="46.8071955055" lon="8.4686813729">
				<ele>2046.5</ele>
				<extensions>
					<swisstopo:routepoint_id>1099354612</swisstopo:routepoint_id>
				</extensions>
			</trkpt>
			<trkpt lat="46.8071840056" lon="8.4686477164">
				<ele>2045.8</ele>
				<extensions>
					<swisstopo:routepoint_id>831102100</swisstopo:routepoint_id>
				</extensions>
			</trkpt>
			<trkpt lat="46.8071737776" lon="8.4685807525">
				<ele>2044.4</ele>
				<extensions>
					<swisstopo:routepoint_id>477282235</swisstopo:routepoint_id>
				</extensions>
			</trkpt>
			<trkpt lat="46.8071514402" lon="8.4685538067">
				<ele>2043.4</ele>
				<extensions>
					<swisstopo:routepoint_id>1326058343</swisstopo:routepoint_id>
				</extensions>
			</trkpt>
			<trkpt lat="46.8071286601" lon="8.4684771039">
				<ele>2041.6</ele>
				<extensions>
					<swisstopo:routepoint_id>380076303</swisstopo:routepoint_id>
				</extensions>
			</trkpt>
			<trkpt lat="46.8070919489" lon="8.4684349077">
				<ele>2040.3</ele>
				<extensions>
					<swisstopo:routepoint_id>1459064428</swisstopo:routepoint_id>
				</extensions>
			</trkpt>
			<trkpt lat="46.8070791772" lon="8.4683906667">
				<ele>2039.3</ele>
				<extensions>
					<swisstopo:routepoint_id>1937894690</swisstopo:routepoint_id>
				</extensions>
			</trkpt>
			<trkpt lat="46.8070821421" lon="8.4683421670">
				<ele>2038.8</ele>
				<extensions>
					<swisstopo:routepoint_id>596177135</swisstopo:routepoint_id>
				</extensions>
			</trkpt>
			<trkpt lat="46.8070751570" lon="8.4682996745">
				<ele>2038.1</ele>
				<extensions>
					<swisstopo:routepoint_id>1975664207</swisstopo:routepoint_id>
				</extensions>
			</trkpt>
			<trkpt lat="46.8070834265" lon="8.4682525341">
				<ele>2037.4</ele>
				<extensions>
					<swisstopo:routepoint_id>1104844367</swisstopo:routepoint_id>
				</extensions>
			</trkpt>
			<trkpt lat="46.8070797231" lon="8.4682222236">
				<ele>2036.8</ele>
				<extensions>
					<swisstopo:routepoint_id>1172129014</swisstopo:routepoint_id>
				</extensions>
			</trkpt>
			<trkpt lat="46.8070523492" lon="8.4681721353">
				<ele>2035.1</ele>
				<extensions>
					<swisstopo:routepoint_id>1488371610</swisstopo:routepoint_id>
				</extensions>
			</trkpt>
			<trkpt lat="46.8070201618" lon="8.4681210902">
				<ele>2033.5</ele>
				<extensions>
					<swisstopo:routepoint_id>1624596624</swisstopo:routepoint_id>
				</extensions>
			</trkpt>
			<trkpt lat="46.8070161259" lon="8.4680987264">
				<ele>2033.0</ele>
				<extensions>
					<swisstopo:routepoint_id>1382857894</swisstopo:routepoint_id>
				</extensions>
			</trkpt>
			<trkpt lat="46.8069739851" lon="8.4680660567">
				<ele>2031.2</ele>
				<extensions>
					<swisstopo:routepoint_id>1550354135</swisstopo:routepoint_id>
				</extensions>
			</trkpt>
			<trkpt lat="46.8069738478" lon="8.4680453529">
				<ele>2030.6</ele>
				<extensions>
					<swisstopo:routepoint_id>654674188</swisstopo:routepoint_id>
				</extensions>
			</trkpt>
			<trkpt lat="46.8069677260" lon="8.4680268668">
				<ele>2030.1</ele>
				<extensions>
					<swisstopo:routepoint_id>402524434</swisstopo:routepoint_id>
				</extensions>
			</trkpt>
			<trkpt lat="46.8069694277" lon="8.4680117010">
				<ele>2029.9</ele>
				<extensions>
					<swisstopo:routepoint_id>1953803473</swisstopo:routepoint_id>
				</extensions>
			</trkpt>
			<trkpt lat="46.8069602828" lon="8.4680032456">
				<ele>2029.4</ele>
				<extensions>
					<swisstopo:routepoint_id>900917089</swisstopo:routepoint_id>
				</extensions>
			</trkpt>
			<trkpt lat="46.8069596664" lon="8.4679698106">
				<ele>2028.9</ele>
				<extensions>
					<swisstopo:routepoint_id>605315104</swisstopo:routepoint_id>
				</extensions>
			</trkpt>
			<trkpt lat="46.8069390672" lon="8.4679346047">
				<ele>2027.4</ele>
				<extensions>
					<swisstopo:routepoint_id>1829747792</swisstopo:routepoint_id>
				</extensions>
			</trkpt>
			<trkpt lat="46.8069401008" lon="8.4678667819">
				<ele>2025.9</ele>
				<extensions>
					<swisstopo:routepoint_id>1375075937</swisstopo:routepoint_id>
				</extensions>
			</trkpt>
			<trkpt lat="46.8069347592" lon="8.4677706425">
				<ele>2024.2</ele>
				<extensions>
					<swisstopo:routepoint_id>1253536601</swisstopo:routepoint_id>
				</extensions>
			</trkpt>
			<trkpt lat="46.8069312729" lon="8.4677432186">
				<ele>2023.5</ele>
				<extensions>
					<swisstopo:routepoint_id>1446977947</swisstopo:routepoint_id>
				</extensions>
			</trkpt>
			<trkpt lat="46.8069184550" lon="8.4677360292">
				<ele>2022.9</ele>
				<extensions>
					<swisstopo:routepoint_id>723410002</swisstopo:routepoint_id>
				</extensions>
			</trkpt>
			<trkpt lat="46.8069013667" lon="8.4677035506">
				<ele>2021.9</ele>
				<extensions>
					<swisstopo:routepoint_id>635970103</swisstopo:routepoint_id>
				</extensions>
			</trkpt>
			<trkpt lat="46.8068937104" lon="8.4676646612">
				<ele>2021.2</ele>
				<extensions>
					<swisstopo:routepoint_id>1442852461</swisstopo:routepoint_id>
				</extensions>
			</trkpt>
			<trkpt lat="46.8068985232" lon="8.4676217126">
				<ele>2020.6</ele>
				<extensions>
					<swisstopo:routepoint_id>947140575</swisstopo:routepoint_id>
				</extensions>
			</trkpt>
			<trkpt lat="46.8068886154" lon="8.4676030378">
				<ele>2020.1</ele>
				<extensions>
					<swisstopo:routepoint_id>2110485782</swisstopo:routepoint_id>
				</extensions>
			</trkpt>
			<trkpt lat="46.8068792077" lon="8.4675408185">
				<ele>2018.6</ele>
				<extensions>
					<swisstopo:routepoint_id>380378522</swisstopo:routepoint_id>
				</extensions>
			</trkpt>
			<trkpt lat="46.8068673780" lon="8.4674588760">
				<ele>2017.0</ele>
				<extensions>
					<swisstopo:routepoint_id>946438493</swisstopo:routepoint_id>
				</extensions>
			</trkpt>
			<trkpt lat="46.8068085793" lon="8.4674997714">
				<ele>2015.4</ele>
				<extensions>
					<swisstopo:routepoint_id>1613575887</swisstopo:routepoint_id>
				</extensions>
			</trkpt>
			<trkpt lat="46.8067879259" lon="8.4675455219">
				<ele>2014.4</ele>
				<extensions>
					<swisstopo:routepoint_id>2146685241</swisstopo:routepoint_id>
				</extensions>
			</trkpt>
			<trkpt lat="46.8067577489" lon="8.4675399665">
				<ele>2013.4</ele>
				<extensions>
					<swisstopo:routepoint_id>688697332</swisstopo:routepoint_id>
				</extensions>
			</trkpt>
			<trkpt lat="46.8066891998" lon="8.4674767889">
				<ele>2011.6</ele>
				<extensions>
					<swisstopo:routepoint_id>771790916</swisstopo:routepoint_id>
				</extensions>
			</trkpt>
			<trkpt lat="46.8066446824" lon="8.4674962472">
				<ele>2010.1</ele>
				<extensions>
					<swisstopo:routepoint_id>1132243969</swisstopo:routepoint_id>
				</extensions>
			</trkpt>
			<trkpt lat="46.8065921264" lon="8.4675322557">
				<ele>2008.3</ele>
				<extensions>
					<swisstopo:routepoint_id>869052688</swisstopo:routepoint_id>
				</extensions>
			</trkpt>
			<trkpt lat="46.8065537947" lon="8.4675721008">
				<ele>2007.1</ele>
				<extensions>
					<swisstopo:routepoint_id>1338986743</swisstopo:routepoint_id>
				</extensions>
			</trkpt>
			<trkpt lat="46.8064888167" lon="8.4676758445">
				<ele>2005.0</ele>
				<extensions>
					<swisstopo:routepoint_id>479101278</swisstopo:routepoint_id>
				</extensions>
			</trkpt>
			<trkpt lat="46.8064183301" lon="8.4677759082">
				<ele>2002.2</ele>
				<extensions>
					<swisstopo:routepoint_id>1178224895</swisstopo:routepoint_id>
				</extensions>
			</trkpt>
			<trkpt lat="46.8063226947" lon="8.4678504771">
				<ele>1999.1</ele>
				<extensions>
					<swisstopo:routepoint_id>1846009072</swisstopo:routepoint_id>
				</extensions>
			</trkpt>
			<trkpt lat="46.8062756472" lon="8.4678901548">
				<ele>1997.6</ele>
				<extensions>
					<swisstopo:routepoint_id>1732841777</swisstopo:routepoint_id>
				</extensions>
			</trkpt>
			<trkpt lat="46.8062181683" lon="8.4679463508">
				<ele>1995.3</ele>
				<extensions>
					<swisstopo:routepoint_id>1075825410</swisstopo:routepoint_id>
				</extensions>
			</trkpt>
			<trkpt lat="46.8061792112" lon="8.4679647220">
				<ele>1993.9</ele>
				<extensions>
					<swisstopo:routepoint_id>808357076</swisstopo:routepoint_id>
				</extensions>
			</trkpt>
			<trkpt lat="46.8061451355" lon="8.4679664946">
				<ele>1993.2</ele>
				<extensions>
					<swisstopo:routepoint_id>917459448</swisstopo:routepoint_id>
				</extensions>
			</trkpt>
			<trkpt lat="46.8061016725" lon="8.4679537675">
				<ele>1992.1</ele>
				<extensions>
					<swisstopo:routepoint_id>1987055135</swisstopo:routepoint_id>
				</extensions>
			</trkpt>
			<trkpt lat="46.8060780318" lon="8.4679366634">
				<ele>1991.4</ele>
				<extensions>
					<swisstopo:routepoint_id>1315543000</swisstopo:routepoint_id>
				</extensions>
			</trkpt>
			<trkpt lat="46.8060734257" lon="8.4679186914">
				<ele>1991.0</ele>
				<extensions>
					<swisstopo:routepoint_id>1386161608</swisstopo:routepoint_id>
				</extensions>
			</trkpt>
			<trkpt lat="46.8060732546" lon="8.4678387936">
				<ele>1990.0</ele>
				<extensions>
					<swisstopo:routepoint_id>1094076346</swisstopo:routepoint_id>
				</extensions>
			</trkpt>
			<trkpt lat="46.8060800893" lon="8.4676732113">
				<ele>1987.4</ele>
				<extensions>
					<swisstopo:routepoint_id>885660929</swisstopo:routepoint_id>
				</extensions>
			</trkpt>
			<trkpt lat="46.8060625164" lon="8.4675906228">
				<ele>1985.4</ele>
				<extensions>
					<swisstopo:routepoint_id>2068061432</swisstopo:routepoint_id>
				</extensions>
			</trkpt>
			<trkpt lat="46.8060596181" lon="8.4675548125">
				<ele>1984.8</ele>
				<extensions>
					<swisstopo:routepoint_id>1554228099</swisstopo:routepoint_id>
				</extensions>
			</trkpt>
			<trkpt lat="46.8060686506" lon="8.4674118997">
				<ele>1982.8</ele>
				<extensions>
					<swisstopo:routepoint_id>767881446</swisstopo:routepoint_id>
				</extensions>
			</trkpt>
			<trkpt lat="46.8060758011" lon="8.4673071304">
				<ele>1981.5</ele>
				<extensions>
					<swisstopo:routepoint_id>573874989</swisstopo:routepoint_id>
				</extensions>
			</trkpt>
			<trkpt lat="46.8060763298" lon="8.4672403599">
				<ele>1980.6</ele>
				<extensions>
					<swisstopo:routepoint_id>2055137791</swisstopo:routepoint_id>
				</extensions>
			</trkpt>
			<trkpt lat="46.8060627898" lon="8.4672484611">
				<ele>1980.2</ele>
				<extensions>
					<swisstopo:routepoint_id>441067484</swisstopo:routepoint_id>
				</extensions>
			</trkpt>
			<trkpt lat="46.8059830389" lon="8.4673173603">
				<ele>1977.4</ele>
				<extensions>
					<swisstopo:routepoint_id>1197133061</swisstopo:routepoint_id>
				</extensions>
			</trkpt>
			<trkpt lat="46.8059010568" lon="8.4673683328">
				<ele>1974.7</ele>
				<extensions>
					<swisstopo:routepoint_id>1310640620</swisstopo:routepoint_id>
				</extensions>
			</trkpt>
			<trkpt lat="46.8058119557" lon="8.4674156172">
				<ele>1972.0</ele>
				<extensions>
					<swisstopo:routepoint_id>431823519</swisstopo:routepoint_id>
				</extensions>
			</trkpt>
			<trkpt lat="46.8057650062" lon="8.4674433741">
				<ele>1970.8</ele>
				<extensions>
					<swisstopo:routepoint_id>375551036</swisstopo:routepoint_id>
				</extensions>
			</trkpt>
			<trkpt lat="46.8057394828" lon="8.4674655540">
				<ele>1970.1</ele>
				<extensions>
					<swisstopo:routepoint_id>138656233</swisstopo:routepoint_id>
				</extensions>
			</trkpt>
			<trkpt lat="46.8056354583" lon="8.4675996014">
				<ele>1966.4</ele>
				<extensions>
					<swisstopo:routepoint_id>1300228015</swisstopo:routepoint_id>
				</extensions>
			</trkpt>
			<trkpt lat="46.8056176707" lon="8.4676457733">
				<ele>1965.2</ele>
				<extensions>
					<swisstopo:routepoint_id>1071327609</swisstopo:routepoint_id>
				</extensions>
			</trkpt>
			<trkpt lat="46.8056040506" lon="8.4676657815">
				<ele>1964.6</ele>
				<extensions>
					<swisstopo:routepoint_id>1596333940</swisstopo:routepoint_id>
				</extensions>
			</trkpt>
			<trkpt lat="46.8055658510" lon="8.4676889361">
				<ele>1963.8</ele>
				<extensions>
					<swisstopo:routepoint_id>2026194117</swisstopo:routepoint_id>
				</extensions>
			</trkpt>
			<trkpt lat="46.8055475041" lon="8.4677053034">
				<ele>1963.4</ele>
				<extensions>
					<swisstopo:routepoint_id>201874390</swisstopo:routepoint_id>
				</extensions>
			</trkpt>
			<trkpt lat="46.8054198031" lon="8.4678281674">
				<ele>1958.9</ele>
				<extensions>
					<swisstopo:routepoint_id>1664896400</swisstopo:routepoint_id>
				</extensions>
			</trkpt>
			<trkpt lat="46.8052405609" lon="8.4679572656">
				<ele>1954.4</ele>
				<extensions>
					<swisstopo:routepoint_id>830241337</swisstopo:routepoint_id>
				</extensions>
			</trkpt>
			<trkpt lat="46.8051329896" lon="8.4680375665">
				<ele>1951.7</ele>
				<extensions>
					<swisstopo:routepoint_id>1045361692</swisstopo:routepoint_id>
				</extensions>
			</trkpt>
			<trkpt lat="46.8050429718" lon="8.4681027167">
				<ele>1949.0</ele>
				<extensions>
					<swisstopo:routepoint_id>822410312</swisstopo:routepoint_id>
				</extensions>
			</trkpt>
			<trkpt lat="46.8048964881" lon="8.4681954273">
				<ele>1944.1</ele>
				<extensions>
					<swisstopo:routepoint_id>517530266</swisstopo:routepoint_id>
				</extensions>
			</trkpt>
			<trkpt lat="46.8048870559" lon="8.4681869013">
				<ele>1943.8</ele>
				<extensions>
					<swisstopo:routepoint_id>1024899379</swisstopo:routepoint_id>
				</extensions>
			</trkpt>
			<trkpt lat="46.8048804434" lon="8.4681200225">
				<ele>1942.7</ele>
				<extensions>
					<swisstopo:routepoint_id>451739132</swisstopo:routepoint_id>
				</extensions>
			</trkpt>
			<trkpt lat="46.8048656570" lon="8.4679838508">
				<ele>1940.3</ele>
				<extensions>
					<swisstopo:routepoint_id>265028430</swisstopo:routepoint_id>
				</extensions>
			</trkpt>
			<trkpt lat="46.8048560535" lon="8.4678954545">
				<ele>1938.6</ele>
				<extensions>
					<swisstopo:routepoint_id>446071901</swisstopo:routepoint_id>
				</extensions>
			</trkpt>
			<trkpt lat="46.8048574743" lon="8.4678156012">
				<ele>1937.3</ele>
				<extensions>
					<swisstopo:routepoint_id>698306908</swisstopo:routepoint_id>
				</extensions>
			</trkpt>
			<trkpt lat="46.8048684509" lon="8.4677275722">
				<ele>1935.9</ele>
				<extensions>
					<swisstopo:routepoint_id>5663568</swisstopo:routepoint_id>
				</extensions>
			</trkpt>
			<trkpt lat="46.8048808866" lon="8.4676562759">
				<ele>1934.8</ele>
				<extensions>
					<swisstopo:routepoint_id>1501590616</swisstopo:routepoint_id>
				</extensions>
			</trkpt>
			<trkpt lat="46.8048973035" lon="8.4675814651">
				<ele>1933.2</ele>
				<extensions>
					<swisstopo:routepoint_id>503515628</swisstopo:routepoint_id>
				</extensions>
			</trkpt>
			<trkpt lat="46.8049159789" lon="8.4675245682">
				<ele>1932.2</ele>
				<extensions>
					<swisstopo:routepoint_id>1457921814</swisstopo:routepoint_id>
				</extensions>
			</trkpt>
			<trkpt lat="46.8049303927" lon="8.4675033696">
				<ele>1931.8</ele>
				<extensions>
					<swisstopo:routepoint_id>1382081338</swisstopo:routepoint_id>
				</extensions>
			</trkpt>
			<trkpt lat="46.8049767135" lon="8.4674565261">
				<ele>1930.5</ele>
				<extensions>
					<swisstopo:routepoint_id>1573225486</swisstopo:routepoint_id>
				</extensions>
			</trkpt>
			<trkpt lat="46.8050207391" lon="8.4673977158">
				<ele>1929.8</ele>
				<extensions>
					<swisstopo:routepoint_id>1148518846</swisstopo:routepoint_id>
				</extensions>
			</trkpt>
			<trkpt lat="46.8050225115" lon="8.4673727124">
				<ele>1929.0</ele>
				<extensions>
					<swisstopo:routepoint_id>889241817</swisstopo:routepoint_id>
				</extensions>
			</trkpt>
			<trkpt lat="46.8050552598" lon="8.4673375309">
				<ele>1928.5</ele>
				<extensions>
					<swisstopo:routepoint_id>1067725507</swisstopo:routepoint_id>
				</extensions>
			</trkpt>
			<trkpt lat="46.8050618454" lon="8.4673054656">
				<ele>1928.7</ele>
				<extensions>
					<swisstopo:routepoint_id>896903400</swisstopo:routepoint_id>
				</extensions>
			</trkpt>
			<trkpt lat="46.8050589871" lon="8.4672672466">
				<ele>1928.6</ele>
				<extensions>
					<swisstopo:routepoint_id>850511576</swisstopo:routepoint_id>
				</extensions>
			</trkpt>
			<trkpt lat="46.8050466668" lon="8.4672217315">
				<ele>1927.9</ele>
				<extensions>
					<swisstopo:routepoint_id>45026760</swisstopo:routepoint_id>
				</extensions>
			</trkpt>
			<trkpt lat="46.8050242589" lon="8.4671486036">
				<ele>1926.7</ele>
				<extensions>
					<swisstopo:routepoint_id>2123976063</swisstopo:routepoint_id>
				</extensions>
			</trkpt>
			<trkpt lat="46.8050114794" lon="8.4670601462">
				<ele>1925.5</ele>
				<extensions>
					<swisstopo:routepoint_id>1295362986</swisstopo:routepoint_id>
				</extensions>
			</trkpt>
			<trkpt lat="46.8050000113" lon="8.4669049491">
				<ele>1923.3</ele>
				<extensions>
					<swisstopo:routepoint_id>1418487019</swisstopo:routepoint_id>
				</extensions>
			</trkpt>
			<trkpt lat="46.8049893790" lon="8.4667438057">
				<ele>1920.6</ele>
				<extensions>
					<swisstopo:routepoint_id>1155920483</swisstopo:routepoint_id>
				</extensions>
			</trkpt>
			<trkpt lat="46.8049751168" lon="8.4666422075">
				<ele>1919.2</ele>
				<extensions>
					<swisstopo:routepoint_id>1142616451</swisstopo:routepoint_id>
				</extensions>
			</trkpt>
			<trkpt lat="46.8049732662" lon="8.4664728865">
				<ele>1916.1</ele>
				<extensions>
					<swisstopo:routepoint_id>972677345</swisstopo:routepoint_id>
				</extensions>
			</trkpt>
			<trkpt lat="46.8049765475" lon="8.4663750665">
				<ele>1914.0</ele>
				<extensions>
					<swisstopo:routepoint_id>410209745</swisstopo:routepoint_id>
				</extensions>
			</trkpt>
			<trkpt lat="46.8049730158" lon="8.4663236547">
				<ele>1913.1</ele>
				<extensions>
					<swisstopo:routepoint_id>1135800104</swisstopo:routepoint_id>
				</extensions>
			</trkpt>
			<trkpt lat="46.8049613230" lon="8.4662923938">
				<ele>1912.2</ele>
				<extensions>
					<swisstopo:routepoint_id>709591985</swisstopo:routepoint_id>
				</extensions>
			</trkpt>
			<trkpt lat="46.8049463865" lon="8.4662646487">
				<ele>1911.4</ele>
				<extensions>
					<swisstopo:routepoint_id>1498565943</swisstopo:routepoint_id>
				</extensions>
			</trkpt>
			<trkpt lat="46.8049130566" lon="8.4662425389">
				<ele>1910.6</ele>
				<extensions>
					<swisstopo:routepoint_id>28710353</swisstopo:routepoint_id>
				</extensions>
			</trkpt>
			<trkpt lat="46.8048708116" lon="8.4662333878">
				<ele>1909.1</ele>
				<extensions>
					<swisstopo:routepoint_id>77815568</swisstopo:routepoint_id>
				</extensions>
			</trkpt>
			<trkpt lat="46.8048318032" lon="8.4662195020">
				<ele>1907.6</ele>
				<extensions>
					<swisstopo:routepoint_id>146943774</swisstopo:routepoint_id>
				</extensions>
			</trkpt>
			<trkpt lat="46.8047914936" lon="8.4661721964">
				<ele>1905.4</ele>
				<extensions>
					<swisstopo:routepoint_id>862477632</swisstopo:routepoint_id>
				</extensions>
			</trkpt>
			<trkpt lat="46.8047438996" lon="8.4661176510">
				<ele>1903.0</ele>
				<extensions>
					<swisstopo:routepoint_id>1968396981</swisstopo:routepoint_id>
				</extensions>
			</trkpt>
			<trkpt lat="46.8046784204" lon="8.4659761111">
				<ele>1898.2</ele>
				<extensions>
					<swisstopo:routepoint_id>1930514151</swisstopo:routepoint_id>
				</extensions>
			</trkpt>
			<trkpt lat="46.8046457945" lon="8.4658506313">
				<ele>1894.8</ele>
				<extensions>
					<swisstopo:routepoint_id>1960794138</swisstopo:routepoint_id>
				</extensions>
			</trkpt>
			<trkpt lat="46.8045631607" lon="8.4657789501">
				<ele>1891.2</ele>
				<extensions>
					<swisstopo:routepoint_id>236880347</swisstopo:routepoint_id>
				</extensions>
			</trkpt>
			<trkpt lat="46.8044923836" lon="8.4657003416">
				<ele>1887.8</ele>
				<extensions>
					<swisstopo:routepoint_id>1162238837</swisstopo:routepoint_id>
				</extensions>
			</trkpt>
			<trkpt lat="46.8044578808" lon="8.4656925828">
				<ele>1886.4</ele>
				<extensions>
					<swisstopo:routepoint_id>1937749256</swisstopo:routepoint_id>
				</extensions>
			</trkpt>
			<trkpt lat="46.8044152084" lon="8.4657179575">
				<ele>1885.3</ele>
				<extensions>
					<swisstopo:routepoint_id>410394939</swisstopo:routepoint_id>
				</extensions>
			</trkpt>
			<trkpt lat="46.8043813510" lon="8.4657855715">
				<ele>1884.9</ele>
				<extensions>
					<swisstopo:routepoint_id>692810539</swisstopo:routepoint_id>
				</extensions>
			</trkpt>
			<trkpt lat="46.8043255600" lon="8.4659033110">
				<ele>1883.8</ele>
				<extensions>
					<swisstopo:routepoint_id>778052046</swisstopo:routepoint_id>
				</extensions>
			</trkpt>
			<trkpt lat="46.8042884003" lon="8.4660059853">
				<ele>1882.8</ele>
				<extensions>
					<swisstopo:routepoint_id>1130327744</swisstopo:routepoint_id>
				</extensions>
			</trkpt>
			<trkpt lat="46.8042486145" lon="8.4661335935">
				<ele>1881.3</ele>
				<extensions>
					<swisstopo:routepoint_id>1301436977</swisstopo:routepoint_id>
				</extensions>
			</trkpt>
			<trkpt lat="46.8042380455" lon="8.4661464532">
				<ele>1880.9</ele>
				<extensions>
					<swisstopo:routepoint_id>1969445284</swisstopo:routepoint_id>
				</extensions>
			</trkpt>
			<trkpt lat="46.8041448079" lon="8.4662205721">
				<ele>1880.5</ele>
				<extensions>
					<swisstopo:routepoint_id>499838043</swisstopo:routepoint_id>
				</extensions>
			</trkpt>
			<trkpt lat="46.8041145678" lon="8.4662710507">
				<ele>1880.1</ele>
				<extensions>
					<swisstopo:routepoint_id>418870187</swisstopo:routepoint_id>
				</extensions>
			</trkpt>
			<trkpt lat="46.8040850959" lon="8.4663251344">
				<ele>1879.5</ele>
				<extensions>
					<swisstopo:routepoint_id>398804982</swisstopo:routepoint_id>
				</extensions>
			</trkpt>
			<trkpt lat="46.8040667316" lon="8.4663984791">
				<ele>1878.1</ele>
				<extensions>
					<swisstopo:routepoint_id>1243001114</swisstopo:routepoint_id>
				</extensions>
			</trkpt>
			<trkpt lat="46.8039998074" lon="8.4665897127">
				<ele>1874.5</ele>
				<extensions>
					<swisstopo:routepoint_id>1581650240</swisstopo:routepoint_id>
				</extensions>
			</trkpt>
			<trkpt lat="46.8038979276" lon="8.4668194512">
				<ele>1870.4</ele>
				<extensions>
					<swisstopo:routepoint_id>1173307342</swisstopo:routepoint_id>
				</extensions>
			</trkpt>
			<trkpt lat="46.8038384878" lon="8.4669846912">
				<ele>1868.7</ele>
				<extensions>
					<swisstopo:routepoint_id>1080903045</swisstopo:routepoint_id>
				</extensions>
			</trkpt>
			<trkpt lat="46.8038309901" lon="8.4670130695">
				<ele>1868.4</ele>
				<extensions>
					<swisstopo:routepoint_id>1273962805</swisstopo:routepoint_id>
				</extensions>
			</trkpt>
			<trkpt lat="46.8038260937" lon="8.4671093086">
				<ele>1866.8</ele>
				<extensions>
					<swisstopo:routepoint_id>799296970</swisstopo:routepoint_id>
				</extensions>
			</trkpt>
			<trkpt lat="46.8037942429" lon="8.4671597701">
				<ele>1865.6</ele>
				<extensions>
					<swisstopo:routepoint_id>1599767630</swisstopo:routepoint_id>
				</extensions>
			</trkpt>
			<trkpt lat="46.8037327253" lon="8.4672868957">
				<ele>1862.4</ele>
				<extensions>
					<swisstopo:routepoint_id>188943928</swisstopo:routepoint_id>
				</extensions>
			</trkpt>
			<trkpt lat="46.8037322008" lon="8.4673451729">
				<ele>1861.2</ele>
				<extensions>
					<swisstopo:routepoint_id>186304522</swisstopo:routepoint_id>
				</extensions>
			</trkpt>
			<trkpt lat="46.8037075463" lon="8.4674017194">
				<ele>1859.6</ele>
				<extensions>
					<swisstopo:routepoint_id>1391077573</swisstopo:routepoint_id>
				</extensions>
			</trkpt>
			<trkpt lat="46.8036341734" lon="8.4675036214">
				<ele>1856.4</ele>
				<extensions>
					<swisstopo:routepoint_id>1998582900</swisstopo:routepoint_id>
				</extensions>
			</trkpt>
			<trkpt lat="46.8036152222" lon="8.4675601712">
				<ele>1855.2</ele>
				<extensions>
					<swisstopo:routepoint_id>983205674</swisstopo:routepoint_id>
				</extensions>
			</trkpt>
			<trkpt lat="46.8035977772" lon="8.4676122556">
				<ele>1854.2</ele>
				<extensions>
					<swisstopo:routepoint_id>116843176</swisstopo:routepoint_id>
				</extensions>
			</trkpt>
			<trkpt lat="46.8035347331" lon="8.4677310317">
				<ele>1851.6</ele>
				<extensions>
					<swisstopo:routepoint_id>1753693693</swisstopo:routepoint_id>
				</extensions>
			</trkpt>
			<trkpt lat="46.8035010685" lon="8.4678040444">
				<ele>1850.5</ele>
				<extensions>
					<swisstopo:routepoint_id>1517538495</swisstopo:routepoint_id>
				</extensions>
			</trkpt>
			<trkpt lat="46.8034884728" lon="8.4678620513">
				<ele>1850.0</ele>
				<extensions>
					<swisstopo:routepoint_id>1784825913</swisstopo:routepoint_id>
				</extensions>
			</trkpt>
			<trkpt lat="46.8034624133" lon="8.4678947911">
				<ele>1849.1</ele>
				<extensions>
					<swisstopo:routepoint_id>469289271</swisstopo:routepoint_id>
				</extensions>
			</trkpt>
			<trkpt lat="46.8034391003" lon="8.4679811148">
				<ele>1848.7</ele>
				<extensions>
					<swisstopo:routepoint_id>529136614</swisstopo:routepoint_id>
				</extensions>
			</trkpt>
			<trkpt lat="46.8033941744" lon="8.4680538849">
				<ele>1847.5</ele>
				<extensions>
					<swisstopo:routepoint_id>1144112436</swisstopo:routepoint_id>
				</extensions>
			</trkpt>
			<trkpt lat="46.8033874345" lon="8.4680870331">
				<ele>1847.1</ele>
				<extensions>
					<swisstopo:routepoint_id>1383084852</swisstopo:routepoint_id>
				</extensions>
			</trkpt>
			<trkpt lat="46.8033531940" lon="8.4681350757">
				<ele>1846.0</ele>
				<extensions>
					<swisstopo:routepoint_id>1817272298</swisstopo:routepoint_id>
				</extensions>
			</trkpt>
			<trkpt lat="46.8032995372" lon="8.4681933723">
				<ele>1845.3</ele>
				<extensions>
					<swisstopo:routepoint_id>1690291602</swisstopo:routepoint_id>
				</extensions>
			</trkpt>
			<trkpt lat="46.8032764382" lon="8.4682559211">
				<ele>1844.9</ele>
				<extensions>
					<swisstopo:routepoint_id>1447387253</swisstopo:routepoint_id>
				</extensions>
			</trkpt>
			<trkpt lat="46.8032583318" lon="8.4682995294">
				<ele>1844.6</ele>
				<extensions>
					<swisstopo:routepoint_id>1503081902</swisstopo:routepoint_id>
				</extensions>
			</trkpt>
			<trkpt lat="46.8032266393" lon="8.4683333403">
				<ele>1844.2</ele>
				<extensions>
					<swisstopo:routepoint_id>489332895</swisstopo:routepoint_id>
				</extensions>
			</trkpt>
			<trkpt lat="46.8031781644" lon="8.4683537029">
				<ele>1843.0</ele>
				<extensions>
					<swisstopo:routepoint_id>1058757591</swisstopo:routepoint_id>
				</extensions>
			</trkpt>
			<trkpt lat="46.8031614250" lon="8.4683564486">
				<ele>1842.7</ele>
				<extensions>
					<swisstopo:routepoint_id>737569725</swisstopo:routepoint_id>
				</extensions>
			</trkpt>
			<trkpt lat="46.8031635042" lon="8.4683223468">
				<ele>1842.2</ele>
				<extensions>
					<swisstopo:routepoint_id>883212027</swisstopo:routepoint_id>
				</extensions>
			</trkpt>
			<trkpt lat="46.8031691189" lon="8.4682882995">
				<ele>1841.5</ele>
				<extensions>
					<swisstopo:routepoint_id>56656064</swisstopo:routepoint_id>
				</extensions>
			</trkpt>
			<trkpt lat="46.8031621522" lon="8.4682737289">
				<ele>1841.2</ele>
				<extensions>
					<swisstopo:routepoint_id>1542481064</swisstopo:routepoint_id>
				</extensions>
			</trkpt>
			<trkpt lat="46.8031407285" lon="8.4682890931">
				<ele>1840.7</ele>
				<extensions>
					<swisstopo:routepoint_id>1883979376</swisstopo:routepoint_id>
				</extensions>
			</trkpt>
			<trkpt lat="46.8031227544" lon="8.4683150304">
				<ele>1840.4</ele>
				<extensions>
					<swisstopo:routepoint_id>128140810</swisstopo:routepoint_id>
				</extensions>
			</trkpt>
			<trkpt lat="46.8031126701" lon="8.4683529226">
				<ele>1839.5</ele>
				<extensions>
					<swisstopo:routepoint_id>1361302964</swisstopo:routepoint_id>
				</extensions>
			</trkpt>
			<trkpt lat="46.8030962757" lon="8.4684012142">
				<ele>1839.0</ele>
				<extensions>
					<swisstopo:routepoint_id>769275472</swisstopo:routepoint_id>
				</extensions>
			</trkpt>
			<trkpt lat="46.8030827211" lon="8.4684298561">
				<ele>1838.6</ele>
				<extensions>
					<swisstopo:routepoint_id>567103094</swisstopo:routepoint_id>
				</extensions>
			</trkpt>
			<trkpt lat="46.8030734591" lon="8.4684743277">
				<ele>1838.5</ele>
				<extensions>
					<swisstopo:routepoint_id>324066498</swisstopo:routepoint_id>
				</extensions>
			</trkpt>
			<trkpt lat="46.8030738856" lon="8.4685268712">
				<ele>1838.7</ele>
				<extensions>
					<swisstopo:routepoint_id>381933283</swisstopo:routepoint_id>
				</extensions>
			</trkpt>
			<trkpt lat="46.8030592866" lon="8.4685725639">
				<ele>1838.0</ele>
				<extensions>
					<swisstopo:routepoint_id>730246384</swisstopo:routepoint_id>
				</extensions>
			</trkpt>
			<trkpt lat="46.8030423495" lon="8.4686002240">
				<ele>1837.2</ele>
				<extensions>
					<swisstopo:routepoint_id>805014412</swisstopo:routepoint_id>
				</extensions>
			</trkpt>
			<trkpt lat="46.8030053485" lon="8.4686830098">
				<ele>1835.9</ele>
				<extensions>
					<swisstopo:routepoint_id>1907062441</swisstopo:routepoint_id>
				</extensions>
			</trkpt>
			<trkpt lat="46.8029589074" lon="8.4688330460">
				<ele>1835.3</ele>
				<extensions>
					<swisstopo:routepoint_id>2064800102</swisstopo:routepoint_id>
				</extensions>
			</trkpt>
			<trkpt lat="46.8029294108" lon="8.4688907031">
				<ele>1834.5</ele>
				<extensions>
					<swisstopo:routepoint_id>1454309287</swisstopo:routepoint_id>
				</extensions>
			</trkpt>
			<trkpt lat="46.8028928990" lon="8.4689232160">
				<ele>1833.0</ele>
				<extensions>
					<swisstopo:routepoint_id>1553169396</swisstopo:routepoint_id>
				</extensions>
			</trkpt>
			<trkpt lat="46.8028611226" lon="8.4689653438">
				<ele>1832.1</ele>
				<extensions>
					<swisstopo:routepoint_id>1753779153</swisstopo:routepoint_id>
				</extensions>
			</trkpt>
			<trkpt lat="46.8028429067" lon="8.4690220373">
				<ele>1831.7</ele>
				<extensions>
					<swisstopo:routepoint_id>1707537202</swisstopo:routepoint_id>
				</extensions>
			</trkpt>
			<trkpt lat="46.8028338008" lon="8.4690491919">
				<ele>1831.9</ele>
				<extensions>
					<swisstopo:routepoint_id>588624812</swisstopo:routepoint_id>
				</extensions>
			</trkpt>
			<trkpt lat="46.8027769519" lon="8.4691062468">
				<ele>1831.8</ele>
				<extensions>
					<swisstopo:routepoint_id>55616351</swisstopo:routepoint_id>
				</extensions>
			</trkpt>
			<trkpt lat="46.8026070564" lon="8.4692012934">
				<ele>1832.2</ele>
				<extensions>
					<swisstopo:routepoint_id>290687268</swisstopo:routepoint_id>
				</extensions>
			</trkpt>
			<trkpt lat="46.8025149696" lon="8.4692373672">
				<ele>1832.3</ele>
				<extensions>
					<swisstopo:routepoint_id>157817159</swisstopo:routepoint_id>
				</extensions>
			</trkpt>
			<trkpt lat="46.8024066793" lon="8.4692696198">
				<ele>1832.0</ele>
				<extensions>
					<swisstopo:routepoint_id>1522810015</swisstopo:routepoint_id>
				</extensions>
			</trkpt>
			<trkpt lat="46.8023488214" lon="8.4693976880">
				<ele>1832.0</ele>
				<extensions>
					<swisstopo:routepoint_id>1713912118</swisstopo:routepoint_id>
				</extensions>
			</trkpt>
			<trkpt lat="46.8023362159" lon="8.4694178055">
				<ele>1832.0</ele>
				<extensions>
					<swisstopo:routepoint_id>159051798</swisstopo:routepoint_id>
				</extensions>
			</trkpt>
			<trkpt lat="46.8023208316" lon="8.4694348438">
				<ele>1832.0</ele>
				<extensions>
					<swisstopo:routepoint_id>898510386</swisstopo:routepoint_id>
				</extensions>
			</trkpt>
			<trkpt lat="46.8023093332" lon="8.4694429427">
				<ele>1832.0</ele>
				<extensions>
					<swisstopo:routepoint_id>1757956716</swisstopo:routepoint_id>
				</extensions>
			</trkpt>
			<trkpt lat="46.8022930835" lon="8.4694502565">
				<ele>1832.1</ele>
				<extensions>
					<swisstopo:routepoint_id>429677990</swisstopo:routepoint_id>
				</extensions>
			</trkpt>
			<trkpt lat="46.8022721221" lon="8.4694512441">
				<ele>1832.2</ele>
				<extensions>
					<swisstopo:routepoint_id>960624248</swisstopo:routepoint_id>
				</extensions>
			</trkpt>
			<trkpt lat="46.8022450131" lon="8.4694486423">
				<ele>1832.3</ele>
				<extensions>
					<swisstopo:routepoint_id>1847529403</swisstopo:routepoint_id>
				</extensions>
			</trkpt>
			<trkpt lat="46.8021766114" lon="8.4694320839">
				<ele>1832.6</ele>
				<extensions>
					<swisstopo:routepoint_id>1755968811</swisstopo:routepoint_id>
				</extensions>
			</trkpt>
			<trkpt lat="46.8020877495" lon="8.4694068542">
				<ele>1833.2</ele>
				<extensions>
					<swisstopo:routepoint_id>241340221</swisstopo:routepoint_id>
				</extensions>
			</trkpt>
			<trkpt lat="46.8020068449" lon="8.4693681651">
				<ele>1833.9</ele>
				<extensions>
					<swisstopo:routepoint_id>2147114687</swisstopo:routepoint_id>
				</extensions>
			</trkpt>
			<trkpt lat="46.8019213273" lon="8.4693102345">
				<ele>1834.3</ele>
				<extensions>
					<swisstopo:routepoint_id>1004041538</swisstopo:routepoint_id>
				</extensions>
			</trkpt>
			<trkpt lat="46.8018399551" lon="8.4692416276">
				<ele>1834.5</ele>
				<extensions>
					<swisstopo:routepoint_id>350285995</swisstopo:routepoint_id>
				</extensions>
			</trkpt>
			<trkpt lat="46.8017746414" lon="8.4691769177">
				<ele>1835.0</ele>
				<extensions>
					<swisstopo:routepoint_id>862745277</swisstopo:routepoint_id>
				</extensions>
			</trkpt>
			<trkpt lat="46.8017247712" lon="8.4691005686">
				<ele>1835.7</ele>
				<extensions>
					<swisstopo:routepoint_id>853065007</swisstopo:routepoint_id>
				</extensions>
			</trkpt>
			<trkpt lat="46.8016507371" lon="8.4689543496">
				<ele>1838.0</ele>
				<extensions>
					<swisstopo:routepoint_id>1693556335</swisstopo:routepoint_id>
				</extensions>
			</trkpt>
			<trkpt lat="46.8016320085" lon="8.4689013395">
				<ele>1838.4</ele>
				<extensions>
					<swisstopo:routepoint_id>836120608</swisstopo:routepoint_id>
				</extensions>
			</trkpt>
			<trkpt lat="46.8015984697" lon="8.4688066477">
				<ele>1838.9</ele>
				<extensions>
					<swisstopo:routepoint_id>1396099390</swisstopo:routepoint_id>
				</extensions>
			</trkpt>
			<trkpt lat="46.8015706336" lon="8.4687409392">
				<ele>1839.2</ele>
				<extensions>
					<swisstopo:routepoint_id>881079065</swisstopo:routepoint_id>
				</extensions>
			</trkpt>
			<trkpt lat="46.8015425679" lon="8.4687037598">
				<ele>1839.5</ele>
				<extensions>
					<swisstopo:routepoint_id>2095787937</swisstopo:routepoint_id>
				</extensions>
			</trkpt>
			<trkpt lat="46.8014637157" lon="8.4686289272">
				<ele>1840.1</ele>
				<extensions>
					<swisstopo:routepoint_id>1552185378</swisstopo:routepoint_id>
				</extensions>
			</trkpt>
			<trkpt lat="46.8014482396" lon="8.4685603373">
				<ele>1840.0</ele>
				<extensions>
					<swisstopo:routepoint_id>739515681</swisstopo:routepoint_id>
				</extensions>
			</trkpt>
			<trkpt lat="46.8014423388" lon="8.4685123675">
				<ele>1840.2</ele>
				<extensions>
					<swisstopo:routepoint_id>1934402002</swisstopo:routepoint_id>
				</extensions>
			</trkpt>
			<trkpt lat="46.8014323546" lon="8.4684702937">
				<ele>1840.1</ele>
				<extensions>
					<swisstopo:routepoint_id>1940861755</swisstopo:routepoint_id>
				</extensions>
			</trkpt>
			<trkpt lat="46.8014088148" lon="8.4684159998">
				<ele>1839.6</ele>
				<extensions>
					<swisstopo:routepoint_id>891844424</swisstopo:routepoint_id>
				</extensions>
			</trkpt>
			<trkpt lat="46.8013922051" lon="8.4683893499">
				<ele>1839.4</ele>
				<extensions>
					<swisstopo:routepoint_id>357562390</swisstopo:routepoint_id>
				</extensions>
			</trkpt>
			<trkpt lat="46.8013844457" lon="8.4683628823">
				<ele>1839.2</ele>
				<extensions>
					<swisstopo:routepoint_id>650770023</swisstopo:routepoint_id>
				</extensions>
			</trkpt>
			<trkpt lat="46.8013731711" lon="8.4682932592">
				<ele>1839.1</ele>
				<extensions>
					<swisstopo:routepoint_id>769999835</swisstopo:routepoint_id>
				</extensions>
			</trkpt>
			<trkpt lat="46.8013621916" lon="8.4682667432">
				<ele>1839.1</ele>
				<extensions>
					<swisstopo:routepoint_id>1516585554</swisstopo:routepoint_id>
				</extensions>
			</trkpt>
			<trkpt lat="46.8012862404" lon="8.4681835170">
				<ele>1839.0</ele>
				<extensions>
					<swisstopo:routepoint_id>759318404</swisstopo:routepoint_id>
				</extensions>
			</trkpt>
			<trkpt lat="46.8012843810" lon="8.4682266701">
				<ele>1839.4</ele>
				<extensions>
					<swisstopo:routepoint_id>809743749</swisstopo:routepoint_id>
				</extensions>
			</trkpt>
		</trkseg>
	</trk>
</gpx>
