<?xml version="1.0"?>
<gpx version="1.1" creator="Generated by Swisstopo App. See https://www.swisstopo.ch/app for more information." xmlns="http://www.topografix.com/GPX/1/1" xmlns:xsi="http://www.w3.org/2001/XMLSchema-instance" xmlns:swisstopo="https://prod-static.swisstopo-app.ch/xmlschemas/SwisstopoExtensions" xsi:schemaLocation="http://www.topografix.com/GPX/1/1 http://www.topografix.com/GPX/1/1/gpx.xsd https://swisstopo-app.ch/xmlschemas/SwisstopoExtensions https://prod-static.swisstopo-app.ch/xmlschemas/SwisstopoExtensions.xsd">
	<metadata>
		<name>Eigenthal Wanderung</name>
		<desc />
		<time>2026-05-30T07:07:20+02:00</time>
		<extensions>
			<swisstopo:tour_type>0</swisstopo:tour_type>
		</extensions>
	</metadata>
	<wpt lat="47.0046003903" lon="8.2201624944">
		<ele>973.0</ele>
		<name>Startpunkt</name>
		<extensions>
			<swisstopo:waypoint_id>548258524</swisstopo:waypoint_id>
			<swisstopo:waypoint_routepoint_id>1196446789</swisstopo:waypoint_routepoint_id>
			<swisstopo:waypoint_meters_into_tour>0.000000</swisstopo:waypoint_meters_into_tour>
			<swisstopo:waypoint_is_controlpoint>1</swisstopo:waypoint_is_controlpoint>
		</extensions>
	</wpt>
	<wpt lat="46.9955450438" lon="8.2173981462">
		<ele>1261.2</ele>
		<name>Wegpunkt</name>
		<extensions>
			<swisstopo:waypoint_id>724101312</swisstopo:waypoint_id>
			<swisstopo:waypoint_routepoint_id>152592264</swisstopo:waypoint_routepoint_id>
			<swisstopo:waypoint_meters_into_tour>1659.132421</swisstopo:waypoint_meters_into_tour>
			<swisstopo:waypoint_is_controlpoint>1</swisstopo:waypoint_is_controlpoint>
		</extensions>
	</wpt>
	<wpt lat="46.9885691004" lon="8.2078861460">
		<ele>1423.5</ele>
		<name>Wegpunkt</name>
		<extensions>
			<swisstopo:waypoint_id>122420615</swisstopo:waypoint_id>
			<swisstopo:waypoint_routepoint_id>1683926258</swisstopo:waypoint_routepoint_id>
			<swisstopo:waypoint_meters_into_tour>3194.432824</swisstopo:waypoint_meters_into_tour>
			<swisstopo:waypoint_is_controlpoint>1</swisstopo:waypoint_is_controlpoint>
		</extensions>
	</wpt>
	<wpt lat="46.9905209320" lon="8.2038374932">
		<ele>1575.9</ele>
		<name>Wegpunkt</name>
		<extensions>
			<swisstopo:waypoint_id>1994174837</swisstopo:waypoint_id>
			<swisstopo:waypoint_routepoint_id>2055245524</swisstopo:waypoint_routepoint_id>
			<swisstopo:waypoint_meters_into_tour>3926.975732</swisstopo:waypoint_meters_into_tour>
			<swisstopo:waypoint_is_controlpoint>1</swisstopo:waypoint_is_controlpoint>
		</extensions>
	</wpt>
	<wpt lat="46.9863902161" lon="8.2014998016">
		<ele>1600.0</ele>
		<name>Wegpunkt</name>
		<extensions>
			<swisstopo:waypoint_id>172854762</swisstopo:waypoint_id>
			<swisstopo:waypoint_routepoint_id>1289235883</swisstopo:waypoint_routepoint_id>
			<swisstopo:waypoint_meters_into_tour>4535.929264</swisstopo:waypoint_meters_into_tour>
			<swisstopo:waypoint_is_controlpoint>1</swisstopo:waypoint_is_controlpoint>
		</extensions>
	</wpt>
	<wpt lat="46.9844431252" lon="8.1926877525">
		<ele>1528.2</ele>
		<name>Wegpunkt</name>
		<extensions>
			<swisstopo:waypoint_id>1677885824</swisstopo:waypoint_id>
			<swisstopo:waypoint_routepoint_id>1137889096</swisstopo:waypoint_routepoint_id>
			<swisstopo:waypoint_meters_into_tour>5355.629690</swisstopo:waypoint_meters_into_tour>
			<swisstopo:waypoint_is_controlpoint>1</swisstopo:waypoint_is_controlpoint>
		</extensions>
	</wpt>
	<wpt lat="46.9832461177" lon="8.1845063467">
		<ele>1556.0</ele>
		<name>Wegpunkt</name>
		<extensions>
			<swisstopo:waypoint_id>1088808486</swisstopo:waypoint_id>
			<swisstopo:waypoint_routepoint_id>1255744648</swisstopo:waypoint_routepoint_id>
			<swisstopo:waypoint_meters_into_tour>6085.332808</swisstopo:waypoint_meters_into_tour>
			<swisstopo:waypoint_is_controlpoint>1</swisstopo:waypoint_is_controlpoint>
		</extensions>
	</wpt>
	<wpt lat="46.9795661237" lon="8.1833572692">
		<ele>1455.6</ele>
		<name>Wegpunkt</name>
		<extensions>
			<swisstopo:waypoint_id>981487288</swisstopo:waypoint_id>
			<swisstopo:waypoint_routepoint_id>1041439623</swisstopo:waypoint_routepoint_id>
			<swisstopo:waypoint_meters_into_tour>6685.576786</swisstopo:waypoint_meters_into_tour>
			<swisstopo:waypoint_is_controlpoint>1</swisstopo:waypoint_is_controlpoint>
		</extensions>
	</wpt>
	<wpt lat="46.9784494753" lon="8.1893870896">
		<ele>1387.5</ele>
		<name>Wegpunkt</name>
		<extensions>
			<swisstopo:waypoint_id>1540374757</swisstopo:waypoint_id>
			<swisstopo:waypoint_routepoint_id>1802242499</swisstopo:waypoint_routepoint_id>
			<swisstopo:waypoint_meters_into_tour>7469.315383</swisstopo:waypoint_meters_into_tour>
			<swisstopo:waypoint_is_controlpoint>1</swisstopo:waypoint_is_controlpoint>
		</extensions>
	</wpt>
	<wpt lat="46.9775527578" lon="8.2038116183">
		<ele>1246.0</ele>
		<name>Wegpunkt</name>
		<extensions>
			<swisstopo:waypoint_id>2134402790</swisstopo:waypoint_id>
			<swisstopo:waypoint_routepoint_id>1977529342</swisstopo:waypoint_routepoint_id>
			<swisstopo:waypoint_meters_into_tour>8730.360098</swisstopo:waypoint_meters_into_tour>
			<swisstopo:waypoint_is_controlpoint>1</swisstopo:waypoint_is_controlpoint>
		</extensions>
	</wpt>
	<wpt lat="46.9796331787" lon="8.2152448282">
		<ele>1108.7</ele>
		<name>Wegpunkt</name>
		<extensions>
			<swisstopo:waypoint_id>1888299492</swisstopo:waypoint_id>
			<swisstopo:waypoint_routepoint_id>902870842</swisstopo:waypoint_routepoint_id>
			<swisstopo:waypoint_meters_into_tour>9966.080875</swisstopo:waypoint_meters_into_tour>
			<swisstopo:waypoint_is_controlpoint>1</swisstopo:waypoint_is_controlpoint>
		</extensions>
	</wpt>
	<wpt lat="46.9936967989" lon="8.2250709222">
		<ele>1038.7</ele>
		<name>Wegpunkt</name>
		<extensions>
			<swisstopo:waypoint_id>2019123436</swisstopo:waypoint_id>
			<swisstopo:waypoint_routepoint_id>1222967800</swisstopo:waypoint_routepoint_id>
			<swisstopo:waypoint_meters_into_tour>12352.017085</swisstopo:waypoint_meters_into_tour>
			<swisstopo:waypoint_is_controlpoint>1</swisstopo:waypoint_is_controlpoint>
		</extensions>
	</wpt>
	<wpt lat="47.0050577241" lon="8.2197984662">
		<ele>971.9</ele>
		<name>Ziel</name>
		<extensions>
			<swisstopo:waypoint_id>1</swisstopo:waypoint_id>
			<swisstopo:waypoint_routepoint_id>163624898</swisstopo:waypoint_routepoint_id>
			<swisstopo:waypoint_meters_into_tour>13921.262702</swisstopo:waypoint_meters_into_tour>
			<swisstopo:waypoint_is_controlpoint>1</swisstopo:waypoint_is_controlpoint>
			<swisstopo:waypoint_stage_before distance="13921.262702" duration="18009.055746" ascent="880.950000" descent="882.050000" />
		</extensions>
	</wpt>
	<trk>
		<name>Swisstopo Route</name>
		<trkseg>
			<trkpt lat="47.0046003903" lon="8.2201624944">
				<ele>973.0</ele>
				<extensions>
					<swisstopo:routepoint_id>1196446789</swisstopo:routepoint_id>
				</extensions>
			</trkpt>
			<trkpt lat="47.0046737247" lon="8.2200539728">
				<ele>972.9</ele>
				<extensions>
					<swisstopo:routepoint_id>1791795862</swisstopo:routepoint_id>
				</extensions>
			</trkpt>
			<trkpt lat="47.0046917602" lon="8.2200263976">
				<ele>972.8</ele>
				<extensions>
					<swisstopo:routepoint_id>549870753</swisstopo:routepoint_id>
				</extensions>
			</trkpt>
			<trkpt lat="47.0047026150" lon="8.2200056739">
				<ele>972.8</ele>
				<extensions>
					<swisstopo:routepoint_id>1055612630</swisstopo:routepoint_id>
				</extensions>
			</trkpt>
			<trkpt lat="47.0047075749" lon="8.2199761724">
				<ele>972.8</ele>
				<extensions>
					<swisstopo:routepoint_id>1319064543</swisstopo:routepoint_id>
				</extensions>
			</trkpt>
			<trkpt lat="47.0047066038" lon="8.2199431128">
				<ele>972.8</ele>
				<extensions>
					<swisstopo:routepoint_id>1044086220</swisstopo:routepoint_id>
				</extensions>
			</trkpt>
			<trkpt lat="47.0047021457" lon="8.2198950250">
				<ele>973.0</ele>
				<extensions>
					<swisstopo:routepoint_id>868219903</swisstopo:routepoint_id>
				</extensions>
			</trkpt>
			<trkpt lat="47.0046641976" lon="8.2198996402">
				<ele>973.1</ele>
				<extensions>
					<swisstopo:routepoint_id>20528356</swisstopo:routepoint_id>
				</extensions>
			</trkpt>
			<trkpt lat="47.0046333098" lon="8.2198991903">
				<ele>973.2</ele>
				<extensions>
					<swisstopo:routepoint_id>1422695772</swisstopo:routepoint_id>
				</extensions>
			</trkpt>
			<trkpt lat="47.0045883400" lon="8.2198979568">
				<ele>973.3</ele>
				<extensions>
					<swisstopo:routepoint_id>1164914306</swisstopo:routepoint_id>
				</extensions>
			</trkpt>
			<trkpt lat="47.0045576550" lon="8.2198954190">
				<ele>973.4</ele>
				<extensions>
					<swisstopo:routepoint_id>106331243</swisstopo:routepoint_id>
				</extensions>
			</trkpt>
			<trkpt lat="47.0044013032" lon="8.2198569670">
				<ele>973.7</ele>
				<extensions>
					<swisstopo:routepoint_id>402806797</swisstopo:routepoint_id>
				</extensions>
			</trkpt>
			<trkpt lat="47.0043597709" lon="8.2198476045">
				<ele>973.7</ele>
				<extensions>
					<swisstopo:routepoint_id>1105381835</swisstopo:routepoint_id>
				</extensions>
			</trkpt>
			<trkpt lat="47.0043193246" lon="8.2198452665">
				<ele>973.6</ele>
				<extensions>
					<swisstopo:routepoint_id>271470648</swisstopo:routepoint_id>
				</extensions>
			</trkpt>
			<trkpt lat="47.0042847851" lon="8.2198499970">
				<ele>973.6</ele>
				<extensions>
					<swisstopo:routepoint_id>1351914708</swisstopo:routepoint_id>
				</extensions>
			</trkpt>
			<trkpt lat="47.0042537484" lon="8.2198634442">
				<ele>973.6</ele>
				<extensions>
					<swisstopo:routepoint_id>1253512096</swisstopo:routepoint_id>
				</extensions>
			</trkpt>
			<trkpt lat="47.0042168807" lon="8.2198877205">
				<ele>973.5</ele>
				<extensions>
					<swisstopo:routepoint_id>963220402</swisstopo:routepoint_id>
				</extensions>
			</trkpt>
			<trkpt lat="47.0041759167" lon="8.2199336473">
				<ele>973.6</ele>
				<extensions>
					<swisstopo:routepoint_id>1113565328</swisstopo:routepoint_id>
				</extensions>
			</trkpt>
			<trkpt lat="47.0041086937" lon="8.2200179040">
				<ele>973.7</ele>
				<extensions>
					<swisstopo:routepoint_id>372484091</swisstopo:routepoint_id>
				</extensions>
			</trkpt>
			<trkpt lat="47.0040138597" lon="8.2201383009">
				<ele>973.8</ele>
				<extensions>
					<swisstopo:routepoint_id>425286432</swisstopo:routepoint_id>
				</extensions>
			</trkpt>
			<trkpt lat="47.0039214569" lon="8.2202517634">
				<ele>974.0</ele>
				<extensions>
					<swisstopo:routepoint_id>963485408</swisstopo:routepoint_id>
				</extensions>
			</trkpt>
			<trkpt lat="47.0038230279" lon="8.2203755785">
				<ele>974.3</ele>
				<extensions>
					<swisstopo:routepoint_id>1272553876</swisstopo:routepoint_id>
				</extensions>
			</trkpt>
			<trkpt lat="47.0037306039" lon="8.2204907888">
				<ele>974.6</ele>
				<extensions>
					<swisstopo:routepoint_id>1023353459</swisstopo:routepoint_id>
				</extensions>
			</trkpt>
			<trkpt lat="47.0036274018" lon="8.2206180051">
				<ele>974.9</ele>
				<extensions>
					<swisstopo:routepoint_id>305056590</swisstopo:routepoint_id>
				</extensions>
			</trkpt>
			<trkpt lat="47.0035097884" lon="8.2207624073">
				<ele>975.2</ele>
				<extensions>
					<swisstopo:routepoint_id>1042642741</swisstopo:routepoint_id>
				</extensions>
			</trkpt>
			<trkpt lat="47.0034209825" lon="8.2208707130">
				<ele>975.5</ele>
				<extensions>
					<swisstopo:routepoint_id>229988467</swisstopo:routepoint_id>
				</extensions>
			</trkpt>
			<trkpt lat="47.0033453790" lon="8.2209635500">
				<ele>975.7</ele>
				<extensions>
					<swisstopo:routepoint_id>2093083916</swisstopo:routepoint_id>
				</extensions>
			</trkpt>
			<trkpt lat="47.0032805510" lon="8.2210461033">
				<ele>975.9</ele>
				<extensions>
					<swisstopo:routepoint_id>531754705</swisstopo:routepoint_id>
				</extensions>
			</trkpt>
			<trkpt lat="47.0032157111" lon="8.2211303918">
				<ele>976.1</ele>
				<extensions>
					<swisstopo:routepoint_id>1521871768</swisstopo:routepoint_id>
				</extensions>
			</trkpt>
			<trkpt lat="47.0031556649" lon="8.2212095300">
				<ele>976.3</ele>
				<extensions>
					<swisstopo:routepoint_id>1568569006</swisstopo:routepoint_id>
				</extensions>
			</trkpt>
			<trkpt lat="47.0030895780" lon="8.2213025048">
				<ele>976.5</ele>
				<extensions>
					<swisstopo:routepoint_id>430033270</swisstopo:routepoint_id>
				</extensions>
			</trkpt>
			<trkpt lat="47.0030258860" lon="8.2213937656">
				<ele>976.7</ele>
				<extensions>
					<swisstopo:routepoint_id>1286696735</swisstopo:routepoint_id>
				</extensions>
			</trkpt>
			<trkpt lat="47.0029573414" lon="8.2214988804">
				<ele>976.8</ele>
				<extensions>
					<swisstopo:routepoint_id>351699855</swisstopo:routepoint_id>
				</extensions>
			</trkpt>
			<trkpt lat="47.0028659372" lon="8.2216384677">
				<ele>977.2</ele>
				<extensions>
					<swisstopo:routepoint_id>1144466441</swisstopo:routepoint_id>
				</extensions>
			</trkpt>
			<trkpt lat="47.0027673641" lon="8.2217831437">
				<ele>977.5</ele>
				<extensions>
					<swisstopo:routepoint_id>36447708</swisstopo:routepoint_id>
				</extensions>
			</trkpt>
			<trkpt lat="47.0026759540" lon="8.2219261879">
				<ele>977.9</ele>
				<extensions>
					<swisstopo:routepoint_id>543788961</swisstopo:routepoint_id>
				</extensions>
			</trkpt>
			<trkpt lat="47.0025760804" lon="8.2220847690">
				<ele>978.2</ele>
				<extensions>
					<swisstopo:routepoint_id>1918149542</swisstopo:routepoint_id>
				</extensions>
			</trkpt>
			<trkpt lat="47.0024714396" lon="8.2222485000">
				<ele>978.7</ele>
				<extensions>
					<swisstopo:routepoint_id>314843630</swisstopo:routepoint_id>
				</extensions>
			</trkpt>
			<trkpt lat="47.0023800315" lon="8.2223897939">
				<ele>979.0</ele>
				<extensions>
					<swisstopo:routepoint_id>177183202</swisstopo:routepoint_id>
				</extensions>
			</trkpt>
			<trkpt lat="47.0023235463" lon="8.2224689814">
				<ele>979.2</ele>
				<extensions>
					<swisstopo:routepoint_id>1505741272</swisstopo:routepoint_id>
				</extensions>
			</trkpt>
			<trkpt lat="47.0022634721" lon="8.2225533495">
				<ele>979.5</ele>
				<extensions>
					<swisstopo:routepoint_id>1046262256</swisstopo:routepoint_id>
				</extensions>
			</trkpt>
			<trkpt lat="47.0021970541" lon="8.2226406228">
				<ele>979.8</ele>
				<extensions>
					<swisstopo:routepoint_id>933634956</swisstopo:routepoint_id>
				</extensions>
			</trkpt>
			<trkpt lat="47.0021414500" lon="8.2227080938">
				<ele>980.1</ele>
				<extensions>
					<swisstopo:routepoint_id>2087180510</swisstopo:routepoint_id>
				</extensions>
			</trkpt>
			<trkpt lat="47.0020370727" lon="8.2228318133">
				<ele>980.4</ele>
				<extensions>
					<swisstopo:routepoint_id>97457825</swisstopo:routepoint_id>
				</extensions>
			</trkpt>
			<trkpt lat="47.0019088363" lon="8.2229638752">
				<ele>980.9</ele>
				<extensions>
					<swisstopo:routepoint_id>1591125761</swisstopo:routepoint_id>
				</extensions>
			</trkpt>
			<trkpt lat="47.0017241253" lon="8.2231733997">
				<ele>981.6</ele>
				<extensions>
					<swisstopo:routepoint_id>1584292683</swisstopo:routepoint_id>
				</extensions>
			</trkpt>
			<trkpt lat="47.0015718378" lon="8.2233416359">
				<ele>982.2</ele>
				<extensions>
					<swisstopo:routepoint_id>557384028</swisstopo:routepoint_id>
				</extensions>
			</trkpt>
			<trkpt lat="47.0014339937" lon="8.2234920424">
				<ele>982.7</ele>
				<extensions>
					<swisstopo:routepoint_id>629690382</swisstopo:routepoint_id>
				</extensions>
			</trkpt>
			<trkpt lat="47.0013227777" lon="8.2234674571">
				<ele>982.7</ele>
				<extensions>
					<swisstopo:routepoint_id>406837858</swisstopo:routepoint_id>
				</extensions>
			</trkpt>
			<trkpt lat="47.0012342520" lon="8.2234608760">
				<ele>983.2</ele>
				<extensions>
					<swisstopo:routepoint_id>135947358</swisstopo:routepoint_id>
				</extensions>
			</trkpt>
			<trkpt lat="47.0011471560" lon="8.2234543294">
				<ele>983.8</ele>
				<extensions>
					<swisstopo:routepoint_id>2092129145</swisstopo:routepoint_id>
				</extensions>
			</trkpt>
			<trkpt lat="47.0009726723" lon="8.2234299099">
				<ele>983.8</ele>
				<extensions>
					<swisstopo:routepoint_id>1664787684</swisstopo:routepoint_id>
				</extensions>
			</trkpt>
			<trkpt lat="47.0008568635" lon="8.2234258489">
				<ele>984.0</ele>
				<extensions>
					<swisstopo:routepoint_id>522168225</swisstopo:routepoint_id>
				</extensions>
			</trkpt>
			<trkpt lat="47.0007807163" lon="8.2234151626">
				<ele>984.2</ele>
				<extensions>
					<swisstopo:routepoint_id>1463175933</swisstopo:routepoint_id>
				</extensions>
			</trkpt>
			<trkpt lat="47.0006754429" lon="8.2233964108">
				<ele>984.5</ele>
				<extensions>
					<swisstopo:routepoint_id>762664134</swisstopo:routepoint_id>
				</extensions>
			</trkpt>
			<trkpt lat="47.0006098258" lon="8.2233731505">
				<ele>984.9</ele>
				<extensions>
					<swisstopo:routepoint_id>1913694842</swisstopo:routepoint_id>
				</extensions>
			</trkpt>
			<trkpt lat="47.0005355416" lon="8.2233413484">
				<ele>985.1</ele>
				<extensions>
					<swisstopo:routepoint_id>606628375</swisstopo:routepoint_id>
				</extensions>
			</trkpt>
			<trkpt lat="47.0004661066" lon="8.2232976126">
				<ele>985.5</ele>
				<extensions>
					<swisstopo:routepoint_id>1498226316</swisstopo:routepoint_id>
				</extensions>
			</trkpt>
			<trkpt lat="47.0004140941" lon="8.2232554727">
				<ele>985.7</ele>
				<extensions>
					<swisstopo:routepoint_id>1443931937</swisstopo:routepoint_id>
				</extensions>
			</trkpt>
			<trkpt lat="47.0003599652" lon="8.2232006269">
				<ele>986.2</ele>
				<extensions>
					<swisstopo:routepoint_id>1598854059</swisstopo:routepoint_id>
				</extensions>
			</trkpt>
			<trkpt lat="47.0002790274" lon="8.2231130695">
				<ele>986.8</ele>
				<extensions>
					<swisstopo:routepoint_id>477294702</swisstopo:routepoint_id>
				</extensions>
			</trkpt>
			<trkpt lat="47.0001808284" lon="8.2229964250">
				<ele>987.5</ele>
				<extensions>
					<swisstopo:routepoint_id>1040634969</swisstopo:routepoint_id>
				</extensions>
			</trkpt>
			<trkpt lat="47.0001090929" lon="8.2228984050">
				<ele>988.5</ele>
				<extensions>
					<swisstopo:routepoint_id>845102815</swisstopo:routepoint_id>
				</extensions>
			</trkpt>
			<trkpt lat="47.0000732618" lon="8.2228354777">
				<ele>989.4</ele>
				<extensions>
					<swisstopo:routepoint_id>186170447</swisstopo:routepoint_id>
				</extensions>
			</trkpt>
			<trkpt lat="47.0000174185" lon="8.2228576188">
				<ele>989.5</ele>
				<extensions>
					<swisstopo:routepoint_id>83029050</swisstopo:routepoint_id>
				</extensions>
			</trkpt>
			<trkpt lat="46.9999849354" lon="8.2228049701">
				<ele>989.4</ele>
				<extensions>
					<swisstopo:routepoint_id>1752356447</swisstopo:routepoint_id>
				</extensions>
			</trkpt>
			<trkpt lat="46.9999329286" lon="8.2226831376">
				<ele>990.3</ele>
				<extensions>
					<swisstopo:routepoint_id>1264069771</swisstopo:routepoint_id>
				</extensions>
			</trkpt>
			<trkpt lat="46.9998896215" lon="8.2225426565">
				<ele>991.4</ele>
				<extensions>
					<swisstopo:routepoint_id>164921426</swisstopo:routepoint_id>
				</extensions>
			</trkpt>
			<trkpt lat="46.9998504389" lon="8.2224251931">
				<ele>992.2</ele>
				<extensions>
					<swisstopo:routepoint_id>1580502152</swisstopo:routepoint_id>
				</extensions>
			</trkpt>
			<trkpt lat="46.9998043441" lon="8.2223397770">
				<ele>993.1</ele>
				<extensions>
					<swisstopo:routepoint_id>1274438921</swisstopo:routepoint_id>
				</extensions>
			</trkpt>
			<trkpt lat="46.9997720057" lon="8.2222830421">
				<ele>993.5</ele>
				<extensions>
					<swisstopo:routepoint_id>493050069</swisstopo:routepoint_id>
				</extensions>
			</trkpt>
			<trkpt lat="46.9997288427" lon="8.2222149199">
				<ele>994.1</ele>
				<extensions>
					<swisstopo:routepoint_id>1700599557</swisstopo:routepoint_id>
				</extensions>
			</trkpt>
			<trkpt lat="46.9996737415" lon="8.2221008669">
				<ele>995.0</ele>
				<extensions>
					<swisstopo:routepoint_id>1116896576</swisstopo:routepoint_id>
				</extensions>
			</trkpt>
			<trkpt lat="46.9996176736" lon="8.2220044188">
				<ele>996.3</ele>
				<extensions>
					<swisstopo:routepoint_id>526194405</swisstopo:routepoint_id>
				</extensions>
			</trkpt>
			<trkpt lat="46.9995805799" lon="8.2219405935">
				<ele>997.6</ele>
				<extensions>
					<swisstopo:routepoint_id>411706489</swisstopo:routepoint_id>
				</extensions>
			</trkpt>
			<trkpt lat="46.9995564296" lon="8.2218980474">
				<ele>998.6</ele>
				<extensions>
					<swisstopo:routepoint_id>358649989</swisstopo:routepoint_id>
				</extensions>
			</trkpt>
			<trkpt lat="46.9995219530" lon="8.2218342470">
				<ele>999.3</ele>
				<extensions>
					<swisstopo:routepoint_id>1991251641</swisstopo:routepoint_id>
				</extensions>
			</trkpt>
			<trkpt lat="46.9995085491" lon="8.2218171820">
				<ele>999.7</ele>
				<extensions>
					<swisstopo:routepoint_id>581175439</swisstopo:routepoint_id>
				</extensions>
			</trkpt>
			<trkpt lat="46.9994930426" lon="8.2217853072">
				<ele>1000.4</ele>
				<extensions>
					<swisstopo:routepoint_id>1059976717</swisstopo:routepoint_id>
				</extensions>
			</trkpt>
			<trkpt lat="46.9994625178" lon="8.2217159109">
				<ele>1000.6</ele>
				<extensions>
					<swisstopo:routepoint_id>1651830754</swisstopo:routepoint_id>
				</extensions>
			</trkpt>
			<trkpt lat="46.9993955961" lon="8.2216122972">
				<ele>1002.7</ele>
				<extensions>
					<swisstopo:routepoint_id>1798377709</swisstopo:routepoint_id>
				</extensions>
			</trkpt>
			<trkpt lat="46.9993545260" lon="8.2215589986">
				<ele>1003.8</ele>
				<extensions>
					<swisstopo:routepoint_id>1649307285</swisstopo:routepoint_id>
				</extensions>
			</trkpt>
			<trkpt lat="46.9992922031" lon="8.2214906770">
				<ele>1005.3</ele>
				<extensions>
					<swisstopo:routepoint_id>188623519</swisstopo:routepoint_id>
				</extensions>
			</trkpt>
			<trkpt lat="46.9992567862" lon="8.2214381452">
				<ele>1006.0</ele>
				<extensions>
					<swisstopo:routepoint_id>509620861</swisstopo:routepoint_id>
				</extensions>
			</trkpt>
			<trkpt lat="46.9992469064" lon="8.2214147807">
				<ele>1006.6</ele>
				<extensions>
					<swisstopo:routepoint_id>1033026591</swisstopo:routepoint_id>
				</extensions>
			</trkpt>
			<trkpt lat="46.9992388218" lon="8.2213801614">
				<ele>1007.0</ele>
				<extensions>
					<swisstopo:routepoint_id>1820112589</swisstopo:routepoint_id>
				</extensions>
			</trkpt>
			<trkpt lat="46.9992287600" lon="8.2213109854">
				<ele>1007.7</ele>
				<extensions>
					<swisstopo:routepoint_id>1875215455</swisstopo:routepoint_id>
				</extensions>
			</trkpt>
			<trkpt lat="46.9992124194" lon="8.2212734581">
				<ele>1009.0</ele>
				<extensions>
					<swisstopo:routepoint_id>276148813</swisstopo:routepoint_id>
				</extensions>
			</trkpt>
			<trkpt lat="46.9991374111" lon="8.2211380530">
				<ele>1012.4</ele>
				<extensions>
					<swisstopo:routepoint_id>520938924</swisstopo:routepoint_id>
				</extensions>
			</trkpt>
			<trkpt lat="46.9991296605" lon="8.2211217542">
				<ele>1012.6</ele>
				<extensions>
					<swisstopo:routepoint_id>129666849</swisstopo:routepoint_id>
				</extensions>
			</trkpt>
			<trkpt lat="46.9991278013" lon="8.2210646500">
				<ele>1012.6</ele>
				<extensions>
					<swisstopo:routepoint_id>1762313085</swisstopo:routepoint_id>
				</extensions>
			</trkpt>
			<trkpt lat="46.9991127934" lon="8.2210229084">
				<ele>1013.3</ele>
				<extensions>
					<swisstopo:routepoint_id>1101560171</swisstopo:routepoint_id>
				</extensions>
			</trkpt>
			<trkpt lat="46.9991165186" lon="8.2209792575">
				<ele>1014.3</ele>
				<extensions>
					<swisstopo:routepoint_id>465273210</swisstopo:routepoint_id>
				</extensions>
			</trkpt>
			<trkpt lat="46.9991016233" lon="8.2209170718">
				<ele>1015.2</ele>
				<extensions>
					<swisstopo:routepoint_id>858881743</swisstopo:routepoint_id>
				</extensions>
			</trkpt>
			<trkpt lat="46.9990934402" lon="8.2209021870">
				<ele>1015.6</ele>
				<extensions>
					<swisstopo:routepoint_id>1987863114</swisstopo:routepoint_id>
				</extensions>
			</trkpt>
			<trkpt lat="46.9990852038" lon="8.2208950456">
				<ele>1016.1</ele>
				<extensions>
					<swisstopo:routepoint_id>1612260619</swisstopo:routepoint_id>
				</extensions>
			</trkpt>
			<trkpt lat="46.9990642948" lon="8.2208955295">
				<ele>1016.5</ele>
				<extensions>
					<swisstopo:routepoint_id>315565687</swisstopo:routepoint_id>
				</extensions>
			</trkpt>
			<trkpt lat="46.9990577284" lon="8.2208242750">
				<ele>1018.0</ele>
				<extensions>
					<swisstopo:routepoint_id>1575376966</swisstopo:routepoint_id>
				</extensions>
			</trkpt>
			<trkpt lat="46.9990442900" lon="8.2208135603">
				<ele>1018.4</ele>
				<extensions>
					<swisstopo:routepoint_id>1034783699</swisstopo:routepoint_id>
				</extensions>
			</trkpt>
			<trkpt lat="46.9990164329" lon="8.2208118524">
				<ele>1018.9</ele>
				<extensions>
					<swisstopo:routepoint_id>1287055687</swisstopo:routepoint_id>
				</extensions>
			</trkpt>
			<trkpt lat="46.9990051816" lon="8.2207983428">
				<ele>1019.5</ele>
				<extensions>
					<swisstopo:routepoint_id>2089638825</swisstopo:routepoint_id>
				</extensions>
			</trkpt>
			<trkpt lat="46.9989876041" lon="8.2207495297">
				<ele>1020.4</ele>
				<extensions>
					<swisstopo:routepoint_id>612168737</swisstopo:routepoint_id>
				</extensions>
			</trkpt>
			<trkpt lat="46.9989738226" lon="8.2207219011">
				<ele>1021.0</ele>
				<extensions>
					<swisstopo:routepoint_id>125809982</swisstopo:routepoint_id>
				</extensions>
			</trkpt>
			<trkpt lat="46.9989535594" lon="8.2206857371">
				<ele>1021.4</ele>
				<extensions>
					<swisstopo:routepoint_id>1364458826</swisstopo:routepoint_id>
				</extensions>
			</trkpt>
			<trkpt lat="46.9989367626" lon="8.2206517272">
				<ele>1022.5</ele>
				<extensions>
					<swisstopo:routepoint_id>1629105916</swisstopo:routepoint_id>
				</extensions>
			</trkpt>
			<trkpt lat="46.9989168764" lon="8.2206261400">
				<ele>1022.9</ele>
				<extensions>
					<swisstopo:routepoint_id>2114114609</swisstopo:routepoint_id>
				</extensions>
			</trkpt>
			<trkpt lat="46.9988948287" lon="8.2205970106">
				<ele>1023.8</ele>
				<extensions>
					<swisstopo:routepoint_id>1807293848</swisstopo:routepoint_id>
				</extensions>
			</trkpt>
			<trkpt lat="46.9988802089" lon="8.2205644395">
				<ele>1024.7</ele>
				<extensions>
					<swisstopo:routepoint_id>1179000168</swisstopo:routepoint_id>
				</extensions>
			</trkpt>
			<trkpt lat="46.9988428338" lon="8.2204717118">
				<ele>1026.6</ele>
				<extensions>
					<swisstopo:routepoint_id>624212707</swisstopo:routepoint_id>
				</extensions>
			</trkpt>
			<trkpt lat="46.9988124320" lon="8.2204580020">
				<ele>1027.5</ele>
				<extensions>
					<swisstopo:routepoint_id>685350954</swisstopo:routepoint_id>
				</extensions>
			</trkpt>
			<trkpt lat="46.9987994695" lon="8.2204395370">
				<ele>1028.1</ele>
				<extensions>
					<swisstopo:routepoint_id>1738685017</swisstopo:routepoint_id>
				</extensions>
			</trkpt>
			<trkpt lat="46.9987905605" lon="8.2203978585">
				<ele>1028.8</ele>
				<extensions>
					<swisstopo:routepoint_id>1269095990</swisstopo:routepoint_id>
				</extensions>
			</trkpt>
			<trkpt lat="46.9987771711" lon="8.2203772835">
				<ele>1029.4</ele>
				<extensions>
					<swisstopo:routepoint_id>888721926</swisstopo:routepoint_id>
				</extensions>
			</trkpt>
			<trkpt lat="46.9987720567" lon="8.2203581965">
				<ele>1030.0</ele>
				<extensions>
					<swisstopo:routepoint_id>1000645397</swisstopo:routepoint_id>
				</extensions>
			</trkpt>
			<trkpt lat="46.9987757434" lon="8.2203215927">
				<ele>1031.1</ele>
				<extensions>
					<swisstopo:routepoint_id>902747722</swisstopo:routepoint_id>
				</extensions>
			</trkpt>
			<trkpt lat="46.9987714872" lon="8.2203032152">
				<ele>1031.5</ele>
				<extensions>
					<swisstopo:routepoint_id>508997599</swisstopo:routepoint_id>
				</extensions>
			</trkpt>
			<trkpt lat="46.9987611281" lon="8.2202869049">
				<ele>1032.0</ele>
				<extensions>
					<swisstopo:routepoint_id>1295280392</swisstopo:routepoint_id>
				</extensions>
			</trkpt>
			<trkpt lat="46.9987147872" lon="8.2202413020">
				<ele>1033.7</ele>
				<extensions>
					<swisstopo:routepoint_id>735818705</swisstopo:routepoint_id>
				</extensions>
			</trkpt>
			<trkpt lat="46.9986448038" lon="8.2201762634">
				<ele>1036.0</ele>
				<extensions>
					<swisstopo:routepoint_id>1694135509</swisstopo:routepoint_id>
				</extensions>
			</trkpt>
			<trkpt lat="46.9986178081" lon="8.2201550040">
				<ele>1036.8</ele>
				<extensions>
					<swisstopo:routepoint_id>1997307837</swisstopo:routepoint_id>
				</extensions>
			</trkpt>
			<trkpt lat="46.9985632665" lon="8.2200918471">
				<ele>1038.7</ele>
				<extensions>
					<swisstopo:routepoint_id>1435930202</swisstopo:routepoint_id>
				</extensions>
			</trkpt>
			<trkpt lat="46.9985640282" lon="8.2199800981">
				<ele>1040.2</ele>
				<extensions>
					<swisstopo:routepoint_id>257680028</swisstopo:routepoint_id>
				</extensions>
			</trkpt>
			<trkpt lat="46.9986260919" lon="8.2199162731">
				<ele>1042.0</ele>
				<extensions>
					<swisstopo:routepoint_id>1501198244</swisstopo:routepoint_id>
				</extensions>
			</trkpt>
			<trkpt lat="46.9987218998" lon="8.2198272214">
				<ele>1044.8</ele>
				<extensions>
					<swisstopo:routepoint_id>2001001952</swisstopo:routepoint_id>
				</extensions>
			</trkpt>
			<trkpt lat="46.9987697724" lon="8.2197879213">
				<ele>1046.9</ele>
				<extensions>
					<swisstopo:routepoint_id>1245895244</swisstopo:routepoint_id>
				</extensions>
			</trkpt>
			<trkpt lat="46.9988234131" lon="8.2197747783">
				<ele>1048.1</ele>
				<extensions>
					<swisstopo:routepoint_id>1795807658</swisstopo:routepoint_id>
				</extensions>
			</trkpt>
			<trkpt lat="46.9989048521" lon="8.2196994277">
				<ele>1050.6</ele>
				<extensions>
					<swisstopo:routepoint_id>1404133068</swisstopo:routepoint_id>
				</extensions>
			</trkpt>
			<trkpt lat="46.9987694418" lon="8.2196609302">
				<ele>1054.1</ele>
				<extensions>
					<swisstopo:routepoint_id>566676993</swisstopo:routepoint_id>
				</extensions>
			</trkpt>
			<trkpt lat="46.9987509542" lon="8.2195806537">
				<ele>1057.3</ele>
				<extensions>
					<swisstopo:routepoint_id>50246906</swisstopo:routepoint_id>
				</extensions>
			</trkpt>
			<trkpt lat="46.9986296025" lon="8.2195754028">
				<ele>1060.4</ele>
				<extensions>
					<swisstopo:routepoint_id>538675871</swisstopo:routepoint_id>
				</extensions>
			</trkpt>
			<trkpt lat="46.9987013494" lon="8.2195242617">
				<ele>1062.4</ele>
				<extensions>
					<swisstopo:routepoint_id>1881791792</swisstopo:routepoint_id>
				</extensions>
			</trkpt>
			<trkpt lat="46.9987709937" lon="8.2194330928">
				<ele>1064.5</ele>
				<extensions>
					<swisstopo:routepoint_id>1282978775</swisstopo:routepoint_id>
				</extensions>
			</trkpt>
			<trkpt lat="46.9986721486" lon="8.2194438293">
				<ele>1067.8</ele>
				<extensions>
					<swisstopo:routepoint_id>140971898</swisstopo:routepoint_id>
				</extensions>
			</trkpt>
			<trkpt lat="46.9986329962" lon="8.2194258644">
				<ele>1070.0</ele>
				<extensions>
					<swisstopo:routepoint_id>640227045</swisstopo:routepoint_id>
				</extensions>
			</trkpt>
			<trkpt lat="46.9985866273" lon="8.2194199696">
				<ele>1070.4</ele>
				<extensions>
					<swisstopo:routepoint_id>1402873845</swisstopo:routepoint_id>
				</extensions>
			</trkpt>
			<trkpt lat="46.9984326724" lon="8.2194838250">
				<ele>1075.5</ele>
				<extensions>
					<swisstopo:routepoint_id>877752502</swisstopo:routepoint_id>
				</extensions>
			</trkpt>
			<trkpt lat="46.9984381387" lon="8.2193812827">
				<ele>1080.6</ele>
				<extensions>
					<swisstopo:routepoint_id>1321129871</swisstopo:routepoint_id>
				</extensions>
			</trkpt>
			<trkpt lat="46.9984861327" lon="8.2193228405">
				<ele>1082.0</ele>
				<extensions>
					<swisstopo:routepoint_id>1396315564</swisstopo:routepoint_id>
				</extensions>
			</trkpt>
			<trkpt lat="46.9984337739" lon="8.2193220785">
				<ele>1084.5</ele>
				<extensions>
					<swisstopo:routepoint_id>174389732</swisstopo:routepoint_id>
				</extensions>
			</trkpt>
			<trkpt lat="46.9983877021" lon="8.2192727070">
				<ele>1085.1</ele>
				<extensions>
					<swisstopo:routepoint_id>1800531216</swisstopo:routepoint_id>
				</extensions>
			</trkpt>
			<trkpt lat="46.9983138795" lon="8.2192785882">
				<ele>1087.6</ele>
				<extensions>
					<swisstopo:routepoint_id>1336077435</swisstopo:routepoint_id>
				</extensions>
			</trkpt>
			<trkpt lat="46.9982853208" lon="8.2192781727">
				<ele>1087.7</ele>
				<extensions>
					<swisstopo:routepoint_id>1364437013</swisstopo:routepoint_id>
				</extensions>
			</trkpt>
			<trkpt lat="46.9982628745" lon="8.2192534955">
				<ele>1088.6</ele>
				<extensions>
					<swisstopo:routepoint_id>1262494825</swisstopo:routepoint_id>
				</extensions>
			</trkpt>
			<trkpt lat="46.9982593974" lon="8.2192395342">
				<ele>1089.3</ele>
				<extensions>
					<swisstopo:routepoint_id>1612091415</swisstopo:routepoint_id>
				</extensions>
			</trkpt>
			<trkpt lat="46.9982655187" lon="8.2192152729">
				<ele>1090.5</ele>
				<extensions>
					<swisstopo:routepoint_id>1766721353</swisstopo:routepoint_id>
				</extensions>
			</trkpt>
			<trkpt lat="46.9983289006" lon="8.2191692297">
				<ele>1092.4</ele>
				<extensions>
					<swisstopo:routepoint_id>29392802</swisstopo:routepoint_id>
				</extensions>
			</trkpt>
			<trkpt lat="46.9984031582" lon="8.2191007298">
				<ele>1095.0</ele>
				<extensions>
					<swisstopo:routepoint_id>83584404</swisstopo:routepoint_id>
				</extensions>
			</trkpt>
			<trkpt lat="46.9984928335" lon="8.2190376739">
				<ele>1097.7</ele>
				<extensions>
					<swisstopo:routepoint_id>348772890</swisstopo:routepoint_id>
				</extensions>
			</trkpt>
			<trkpt lat="46.9984062899" lon="8.2189894492">
				<ele>1101.2</ele>
				<extensions>
					<swisstopo:routepoint_id>1343089567</swisstopo:routepoint_id>
				</extensions>
			</trkpt>
			<trkpt lat="46.9983183709" lon="8.2189690403">
				<ele>1103.6</ele>
				<extensions>
					<swisstopo:routepoint_id>1105738952</swisstopo:routepoint_id>
				</extensions>
			</trkpt>
			<trkpt lat="46.9982387123" lon="8.2189574410">
				<ele>1105.4</ele>
				<extensions>
					<swisstopo:routepoint_id>1978568773</swisstopo:routepoint_id>
				</extensions>
			</trkpt>
			<trkpt lat="46.9981875059" lon="8.2189619172">
				<ele>1106.1</ele>
				<extensions>
					<swisstopo:routepoint_id>21094016</swisstopo:routepoint_id>
				</extensions>
			</trkpt>
			<trkpt lat="46.9981365925" lon="8.2189246501">
				<ele>1108.8</ele>
				<extensions>
					<swisstopo:routepoint_id>192325157</swisstopo:routepoint_id>
				</extensions>
			</trkpt>
			<trkpt lat="46.9981941232" lon="8.2188646108">
				<ele>1111.5</ele>
				<extensions>
					<swisstopo:routepoint_id>446024964</swisstopo:routepoint_id>
				</extensions>
			</trkpt>
			<trkpt lat="46.9982911377" lon="8.2187738401">
				<ele>1114.0</ele>
				<extensions>
					<swisstopo:routepoint_id>1623641918</swisstopo:routepoint_id>
				</extensions>
			</trkpt>
			<trkpt lat="46.9982888961" lon="8.2187529281">
				<ele>1114.6</ele>
				<extensions>
					<swisstopo:routepoint_id>475013397</swisstopo:routepoint_id>
				</extensions>
			</trkpt>
			<trkpt lat="46.9981996383" lon="8.2187533666">
				<ele>1117.1</ele>
				<extensions>
					<swisstopo:routepoint_id>1353447480</swisstopo:routepoint_id>
				</extensions>
			</trkpt>
			<trkpt lat="46.9981118763" lon="8.2187086094">
				<ele>1120.0</ele>
				<extensions>
					<swisstopo:routepoint_id>1245007336</swisstopo:routepoint_id>
				</extensions>
			</trkpt>
			<trkpt lat="46.9980676893" lon="8.2185566446">
				<ele>1130.9</ele>
				<extensions>
					<swisstopo:routepoint_id>1905123431</swisstopo:routepoint_id>
				</extensions>
			</trkpt>
			<trkpt lat="46.9979446998" lon="8.2186174674">
				<ele>1135.2</ele>
				<extensions>
					<swisstopo:routepoint_id>428328047</swisstopo:routepoint_id>
				</extensions>
			</trkpt>
			<trkpt lat="46.9979078601" lon="8.2186099773">
				<ele>1136.5</ele>
				<extensions>
					<swisstopo:routepoint_id>544301185</swisstopo:routepoint_id>
				</extensions>
			</trkpt>
			<trkpt lat="46.9978588481" lon="8.2186423179">
				<ele>1136.3</ele>
				<extensions>
					<swisstopo:routepoint_id>1937163722</swisstopo:routepoint_id>
				</extensions>
			</trkpt>
			<trkpt lat="46.9977719967" lon="8.2186393072">
				<ele>1141.8</ele>
				<extensions>
					<swisstopo:routepoint_id>2058587134</swisstopo:routepoint_id>
				</extensions>
			</trkpt>
			<trkpt lat="46.9977521116" lon="8.2185885814">
				<ele>1146.1</ele>
				<extensions>
					<swisstopo:routepoint_id>564924321</swisstopo:routepoint_id>
				</extensions>
			</trkpt>
			<trkpt lat="46.9977328050" lon="8.2184526264">
				<ele>1152.5</ele>
				<extensions>
					<swisstopo:routepoint_id>657859660</swisstopo:routepoint_id>
				</extensions>
			</trkpt>
			<trkpt lat="46.9976757713" lon="8.2184396219">
				<ele>1156.8</ele>
				<extensions>
					<swisstopo:routepoint_id>1401490864</swisstopo:routepoint_id>
				</extensions>
			</trkpt>
			<trkpt lat="46.9976665496" lon="8.2183960073">
				<ele>1159.3</ele>
				<extensions>
					<swisstopo:routepoint_id>1256310952</swisstopo:routepoint_id>
				</extensions>
			</trkpt>
			<trkpt lat="46.9976717106" lon="8.2183369434">
				<ele>1161.8</ele>
				<extensions>
					<swisstopo:routepoint_id>758952960</swisstopo:routepoint_id>
				</extensions>
			</trkpt>
			<trkpt lat="46.9977208407" lon="8.2182872079">
				<ele>1161.5</ele>
				<extensions>
					<swisstopo:routepoint_id>1817019187</swisstopo:routepoint_id>
				</extensions>
			</trkpt>
			<trkpt lat="46.9978283580" lon="8.2182261600">
				<ele>1159.4</ele>
				<extensions>
					<swisstopo:routepoint_id>1424015569</swisstopo:routepoint_id>
				</extensions>
			</trkpt>
			<trkpt lat="46.9978142616" lon="8.2181998564">
				<ele>1161.4</ele>
				<extensions>
					<swisstopo:routepoint_id>1871906015</swisstopo:routepoint_id>
				</extensions>
			</trkpt>
			<trkpt lat="46.9977726543" lon="8.2181922957">
				<ele>1163.6</ele>
				<extensions>
					<swisstopo:routepoint_id>488965555</swisstopo:routepoint_id>
				</extensions>
			</trkpt>
			<trkpt lat="46.9977261317" lon="8.2182090145">
				<ele>1164.5</ele>
				<extensions>
					<swisstopo:routepoint_id>1771649463</swisstopo:routepoint_id>
				</extensions>
			</trkpt>
			<trkpt lat="46.9976879855" lon="8.2182188990">
				<ele>1166.6</ele>
				<extensions>
					<swisstopo:routepoint_id>1251758986</swisstopo:routepoint_id>
				</extensions>
			</trkpt>
			<trkpt lat="46.9975934615" lon="8.2182940606">
				<ele>1170.7</ele>
				<extensions>
					<swisstopo:routepoint_id>1563471690</swisstopo:routepoint_id>
				</extensions>
			</trkpt>
			<trkpt lat="46.9975674788" lon="8.2182641127">
				<ele>1172.0</ele>
				<extensions>
					<swisstopo:routepoint_id>658789138</swisstopo:routepoint_id>
				</extensions>
			</trkpt>
			<trkpt lat="46.9975337431" lon="8.2181505629">
				<ele>1174.9</ele>
				<extensions>
					<swisstopo:routepoint_id>1990842081</swisstopo:routepoint_id>
				</extensions>
			</trkpt>
			<trkpt lat="46.9975754244" lon="8.2181459491">
				<ele>1177.1</ele>
				<extensions>
					<swisstopo:routepoint_id>140151460</swisstopo:routepoint_id>
				</extensions>
			</trkpt>
			<trkpt lat="46.9975878940" lon="8.2180134016">
				<ele>1180.9</ele>
				<extensions>
					<swisstopo:routepoint_id>1883511108</swisstopo:routepoint_id>
				</extensions>
			</trkpt>
			<trkpt lat="46.9975719722" lon="8.2179737262">
				<ele>1181.6</ele>
				<extensions>
					<swisstopo:routepoint_id>114751729</swisstopo:routepoint_id>
				</extensions>
			</trkpt>
			<trkpt lat="46.9974914216" lon="8.2179133901">
				<ele>1184.3</ele>
				<extensions>
					<swisstopo:routepoint_id>191994297</swisstopo:routepoint_id>
				</extensions>
			</trkpt>
			<trkpt lat="46.9972876420" lon="8.2178512643">
				<ele>1191.4</ele>
				<extensions>
					<swisstopo:routepoint_id>1327711885</swisstopo:routepoint_id>
				</extensions>
			</trkpt>
			<trkpt lat="46.9971400026" lon="8.2178675272">
				<ele>1196.7</ele>
				<extensions>
					<swisstopo:routepoint_id>351075218</swisstopo:routepoint_id>
				</extensions>
			</trkpt>
			<trkpt lat="46.9968819484" lon="8.2179821094">
				<ele>1207.8</ele>
				<extensions>
					<swisstopo:routepoint_id>1383610617</swisstopo:routepoint_id>
				</extensions>
			</trkpt>
			<trkpt lat="46.9967633700" lon="8.2179580346">
				<ele>1210.9</ele>
				<extensions>
					<swisstopo:routepoint_id>1390710203</swisstopo:routepoint_id>
				</extensions>
			</trkpt>
			<trkpt lat="46.9964964875" lon="8.2177832370">
				<ele>1220.4</ele>
				<extensions>
					<swisstopo:routepoint_id>454367873</swisstopo:routepoint_id>
				</extensions>
			</trkpt>
			<trkpt lat="46.9964158653" lon="8.2177334201">
				<ele>1224.7</ele>
				<extensions>
					<swisstopo:routepoint_id>108992779</swisstopo:routepoint_id>
				</extensions>
			</trkpt>
			<trkpt lat="46.9963464690" lon="8.2177445875">
				<ele>1228.5</ele>
				<extensions>
					<swisstopo:routepoint_id>38085762</swisstopo:routepoint_id>
				</extensions>
			</trkpt>
			<trkpt lat="46.9962690448" lon="8.2177893868">
				<ele>1232.4</ele>
				<extensions>
					<swisstopo:routepoint_id>157275128</swisstopo:routepoint_id>
				</extensions>
			</trkpt>
			<trkpt lat="46.9962029730" lon="8.2178447783">
				<ele>1236.0</ele>
				<extensions>
					<swisstopo:routepoint_id>1918190486</swisstopo:routepoint_id>
				</extensions>
			</trkpt>
			<trkpt lat="46.9961785118" lon="8.2178715593">
				<ele>1236.4</ele>
				<extensions>
					<swisstopo:routepoint_id>1002989438</swisstopo:routepoint_id>
				</extensions>
			</trkpt>
			<trkpt lat="46.9961546543" lon="8.2179047801">
				<ele>1236.7</ele>
				<extensions>
					<swisstopo:routepoint_id>1644339163</swisstopo:routepoint_id>
				</extensions>
			</trkpt>
			<trkpt lat="46.9961224542" lon="8.2179147509">
				<ele>1236.5</ele>
				<extensions>
					<swisstopo:routepoint_id>441259298</swisstopo:routepoint_id>
				</extensions>
			</trkpt>
			<trkpt lat="46.9960881040" lon="8.2178916383">
				<ele>1237.8</ele>
				<extensions>
					<swisstopo:routepoint_id>983988395</swisstopo:routepoint_id>
				</extensions>
			</trkpt>
			<trkpt lat="46.9960324109" lon="8.2178560408">
				<ele>1239.9</ele>
				<extensions>
					<swisstopo:routepoint_id>121389218</swisstopo:routepoint_id>
				</extensions>
			</trkpt>
			<trkpt lat="46.9959481359" lon="8.2178235125">
				<ele>1242.1</ele>
				<extensions>
					<swisstopo:routepoint_id>79122276</swisstopo:routepoint_id>
				</extensions>
			</trkpt>
			<trkpt lat="46.9958673344" lon="8.2178066796">
				<ele>1244.7</ele>
				<extensions>
					<swisstopo:routepoint_id>515715239</swisstopo:routepoint_id>
				</extensions>
			</trkpt>
			<trkpt lat="46.9957733803" lon="8.2177966244">
				<ele>1246.8</ele>
				<extensions>
					<swisstopo:routepoint_id>382022581</swisstopo:routepoint_id>
				</extensions>
			</trkpt>
			<trkpt lat="46.9956616486" lon="8.2177776075">
				<ele>1251.5</ele>
				<extensions>
					<swisstopo:routepoint_id>1824897984</swisstopo:routepoint_id>
				</extensions>
			</trkpt>
			<trkpt lat="46.9956181203" lon="8.2177681273">
				<ele>1252.3</ele>
				<extensions>
					<swisstopo:routepoint_id>698970634</swisstopo:routepoint_id>
				</extensions>
			</trkpt>
			<trkpt lat="46.9956141514" lon="8.2177326362">
				<ele>1253.6</ele>
				<extensions>
					<swisstopo:routepoint_id>863896548</swisstopo:routepoint_id>
				</extensions>
			</trkpt>
			<trkpt lat="46.9956078892" lon="8.2176970877">
				<ele>1255.3</ele>
				<extensions>
					<swisstopo:routepoint_id>372344869</swisstopo:routepoint_id>
				</extensions>
			</trkpt>
			<trkpt lat="46.9956047514" lon="8.2176796336">
				<ele>1255.9</ele>
				<extensions>
					<swisstopo:routepoint_id>232865925</swisstopo:routepoint_id>
				</extensions>
			</trkpt>
			<trkpt lat="46.9955897599" lon="8.2176631260">
				<ele>1256.8</ele>
				<extensions>
					<swisstopo:routepoint_id>1062396641</swisstopo:routepoint_id>
				</extensions>
			</trkpt>
			<trkpt lat="46.9955820857" lon="8.2176381014">
				<ele>1257.2</ele>
				<extensions>
					<swisstopo:routepoint_id>1521304129</swisstopo:routepoint_id>
				</extensions>
			</trkpt>
			<trkpt lat="46.9955795799" lon="8.2175858825">
				<ele>1258.0</ele>
				<extensions>
					<swisstopo:routepoint_id>618194921</swisstopo:routepoint_id>
				</extensions>
			</trkpt>
			<trkpt lat="46.9955685037" lon="8.2175359451">
				<ele>1259.1</ele>
				<extensions>
					<swisstopo:routepoint_id>476153061</swisstopo:routepoint_id>
				</extensions>
			</trkpt>
			<trkpt lat="46.9955575389" lon="8.2174735840">
				<ele>1260.0</ele>
				<extensions>
					<swisstopo:routepoint_id>1180427505</swisstopo:routepoint_id>
				</extensions>
			</trkpt>
			<trkpt lat="46.9955435163" lon="8.2174217116">
				<ele>1260.8</ele>
				<extensions>
					<swisstopo:routepoint_id>991145549</swisstopo:routepoint_id>
				</extensions>
			</trkpt>
			<trkpt lat="46.9955450438" lon="8.2173981462">
				<ele>1261.2</ele>
				<extensions>
					<swisstopo:routepoint_id>152592264</swisstopo:routepoint_id>
				</extensions>
			</trkpt>
			<trkpt lat="46.9955344615" lon="8.2173668459">
				<ele>1261.8</ele>
				<extensions>
					<swisstopo:routepoint_id>334161941</swisstopo:routepoint_id>
				</extensions>
			</trkpt>
			<trkpt lat="46.9955212923" lon="8.2172926359">
				<ele>1263.5</ele>
				<extensions>
					<swisstopo:routepoint_id>590005482</swisstopo:routepoint_id>
				</extensions>
			</trkpt>
			<trkpt lat="46.9954986197" lon="8.2171765954">
				<ele>1266.1</ele>
				<extensions>
					<swisstopo:routepoint_id>1290137775</swisstopo:routepoint_id>
				</extensions>
			</trkpt>
			<trkpt lat="46.9954856164" lon="8.2171216339">
				<ele>1267.3</ele>
				<extensions>
					<swisstopo:routepoint_id>203200666</swisstopo:routepoint_id>
				</extensions>
			</trkpt>
			<trkpt lat="46.9954656466" lon="8.2170354650">
				<ele>1269.3</ele>
				<extensions>
					<swisstopo:routepoint_id>694594732</swisstopo:routepoint_id>
				</extensions>
			</trkpt>
			<trkpt lat="46.9954564381" lon="8.2169594829">
				<ele>1270.9</ele>
				<extensions>
					<swisstopo:routepoint_id>332555632</swisstopo:routepoint_id>
				</extensions>
			</trkpt>
			<trkpt lat="46.9954868233" lon="8.2169465532">
				<ele>1270.5</ele>
				<extensions>
					<swisstopo:routepoint_id>1510057530</swisstopo:routepoint_id>
				</extensions>
			</trkpt>
			<trkpt lat="46.9954957823" lon="8.2169386891">
				<ele>1270.5</ele>
				<extensions>
					<swisstopo:routepoint_id>575166464</swisstopo:routepoint_id>
				</extensions>
			</trkpt>
			<trkpt lat="46.9955088153" lon="8.2168408770">
				<ele>1271.2</ele>
				<extensions>
					<swisstopo:routepoint_id>998865301</swisstopo:routepoint_id>
				</extensions>
			</trkpt>
			<trkpt lat="46.9955118651" lon="8.2167931428">
				<ele>1272.0</ele>
				<extensions>
					<swisstopo:routepoint_id>1049445308</swisstopo:routepoint_id>
				</extensions>
			</trkpt>
			<trkpt lat="46.9955187831" lon="8.2167175406">
				<ele>1273.1</ele>
				<extensions>
					<swisstopo:routepoint_id>744098745</swisstopo:routepoint_id>
				</extensions>
			</trkpt>
			<trkpt lat="46.9955113307" lon="8.2166664459">
				<ele>1273.9</ele>
				<extensions>
					<swisstopo:routepoint_id>1270330734</swisstopo:routepoint_id>
				</extensions>
			</trkpt>
			<trkpt lat="46.9954903339" lon="8.2165883879">
				<ele>1274.8</ele>
				<extensions>
					<swisstopo:routepoint_id>166227864</swisstopo:routepoint_id>
				</extensions>
			</trkpt>
			<trkpt lat="46.9954700719" lon="8.2165889479">
				<ele>1275.1</ele>
				<extensions>
					<swisstopo:routepoint_id>2062969148</swisstopo:routepoint_id>
				</extensions>
			</trkpt>
			<trkpt lat="46.9954444898" lon="8.2165781113">
				<ele>1275.7</ele>
				<extensions>
					<swisstopo:routepoint_id>1198989621</swisstopo:routepoint_id>
				</extensions>
			</trkpt>
			<trkpt lat="46.9954172155" lon="8.2165541829">
				<ele>1276.4</ele>
				<extensions>
					<swisstopo:routepoint_id>1579500346</swisstopo:routepoint_id>
				</extensions>
			</trkpt>
			<trkpt lat="46.9953674193" lon="8.2165098761">
				<ele>1277.6</ele>
				<extensions>
					<swisstopo:routepoint_id>1616954655</swisstopo:routepoint_id>
				</extensions>
			</trkpt>
			<trkpt lat="46.9953401628" lon="8.2164833304">
				<ele>1278.2</ele>
				<extensions>
					<swisstopo:routepoint_id>1898817447</swisstopo:routepoint_id>
				</extensions>
			</trkpt>
			<trkpt lat="46.9953106469" lon="8.2164384384">
				<ele>1278.4</ele>
				<extensions>
					<swisstopo:routepoint_id>1817837309</swisstopo:routepoint_id>
				</extensions>
			</trkpt>
			<trkpt lat="46.9952816475" lon="8.2164048861">
				<ele>1278.7</ele>
				<extensions>
					<swisstopo:routepoint_id>141806494</swisstopo:routepoint_id>
				</extensions>
			</trkpt>
			<trkpt lat="46.9952620913" lon="8.2163863017">
				<ele>1279.1</ele>
				<extensions>
					<swisstopo:routepoint_id>1782380135</swisstopo:routepoint_id>
				</extensions>
			</trkpt>
			<trkpt lat="46.9952330032" lon="8.2163658299">
				<ele>1279.9</ele>
				<extensions>
					<swisstopo:routepoint_id>1213536942</swisstopo:routepoint_id>
				</extensions>
			</trkpt>
			<trkpt lat="46.9952091591" lon="8.2163547297">
				<ele>1280.5</ele>
				<extensions>
					<swisstopo:routepoint_id>1263188635</swisstopo:routepoint_id>
				</extensions>
			</trkpt>
			<trkpt lat="46.9952028493" lon="8.2162863365">
				<ele>1281.3</ele>
				<extensions>
					<swisstopo:routepoint_id>388054203</swisstopo:routepoint_id>
				</extensions>
			</trkpt>
			<trkpt lat="46.9951920254" lon="8.2162681019">
				<ele>1281.8</ele>
				<extensions>
					<swisstopo:routepoint_id>119153882</swisstopo:routepoint_id>
				</extensions>
			</trkpt>
			<trkpt lat="46.9951758675" lon="8.2162643850">
				<ele>1282.3</ele>
				<extensions>
					<swisstopo:routepoint_id>1164535770</swisstopo:routepoint_id>
				</extensions>
			</trkpt>
			<trkpt lat="46.9951153740" lon="8.2162865820">
				<ele>1284.4</ele>
				<extensions>
					<swisstopo:routepoint_id>186727632</swisstopo:routepoint_id>
				</extensions>
			</trkpt>
			<trkpt lat="46.9950423542" lon="8.2163147360">
				<ele>1285.7</ele>
				<extensions>
					<swisstopo:routepoint_id>857702757</swisstopo:routepoint_id>
				</extensions>
			</trkpt>
			<trkpt lat="46.9949695519" lon="8.2163095128">
				<ele>1287.3</ele>
				<extensions>
					<swisstopo:routepoint_id>1499998235</swisstopo:routepoint_id>
				</extensions>
			</trkpt>
			<trkpt lat="46.9949097536" lon="8.2162835998">
				<ele>1288.6</ele>
				<extensions>
					<swisstopo:routepoint_id>1159803512</swisstopo:routepoint_id>
				</extensions>
			</trkpt>
			<trkpt lat="46.9948740253" lon="8.2162872499">
				<ele>1289.4</ele>
				<extensions>
					<swisstopo:routepoint_id>108562365</swisstopo:routepoint_id>
				</extensions>
			</trkpt>
			<trkpt lat="46.9948223512" lon="8.2163261675">
				<ele>1290.8</ele>
				<extensions>
					<swisstopo:routepoint_id>1394052252</swisstopo:routepoint_id>
				</extensions>
			</trkpt>
			<trkpt lat="46.9947706203" lon="8.2163734185">
				<ele>1291.9</ele>
				<extensions>
					<swisstopo:routepoint_id>789610594</swisstopo:routepoint_id>
				</extensions>
			</trkpt>
			<trkpt lat="46.9947190312" lon="8.2163998062">
				<ele>1292.6</ele>
				<extensions>
					<swisstopo:routepoint_id>1683798545</swisstopo:routepoint_id>
				</extensions>
			</trkpt>
			<trkpt lat="46.9946718936" lon="8.2164011996">
				<ele>1293.6</ele>
				<extensions>
					<swisstopo:routepoint_id>62645649</swisstopo:routepoint_id>
				</extensions>
			</trkpt>
			<trkpt lat="46.9946075306" lon="8.2164169638">
				<ele>1295.1</ele>
				<extensions>
					<swisstopo:routepoint_id>618435713</swisstopo:routepoint_id>
				</extensions>
			</trkpt>
			<trkpt lat="46.9945414737" lon="8.2164702787">
				<ele>1296.7</ele>
				<extensions>
					<swisstopo:routepoint_id>228176911</swisstopo:routepoint_id>
				</extensions>
			</trkpt>
			<trkpt lat="46.9945155915" lon="8.2164970389">
				<ele>1297.7</ele>
				<extensions>
					<swisstopo:routepoint_id>1711033282</swisstopo:routepoint_id>
				</extensions>
			</trkpt>
			<trkpt lat="46.9944837906" lon="8.2165529271">
				<ele>1299.2</ele>
				<extensions>
					<swisstopo:routepoint_id>382853597</swisstopo:routepoint_id>
				</extensions>
			</trkpt>
			<trkpt lat="46.9944450407" lon="8.2165815774">
				<ele>1299.8</ele>
				<extensions>
					<swisstopo:routepoint_id>759398367</swisstopo:routepoint_id>
				</extensions>
			</trkpt>
			<trkpt lat="46.9944049315" lon="8.2165997841">
				<ele>1300.4</ele>
				<extensions>
					<swisstopo:routepoint_id>713040048</swisstopo:routepoint_id>
				</extensions>
			</trkpt>
			<trkpt lat="46.9943665357" lon="8.2165762727">
				<ele>1300.8</ele>
				<extensions>
					<swisstopo:routepoint_id>1105336476</swisstopo:routepoint_id>
				</extensions>
			</trkpt>
			<trkpt lat="46.9942933318" lon="8.2164207572">
				<ele>1301.7</ele>
				<extensions>
					<swisstopo:routepoint_id>1656605582</swisstopo:routepoint_id>
				</extensions>
			</trkpt>
			<trkpt lat="46.9942582262" lon="8.2163325960">
				<ele>1301.7</ele>
				<extensions>
					<swisstopo:routepoint_id>444533319</swisstopo:routepoint_id>
				</extensions>
			</trkpt>
			<trkpt lat="46.9941749731" lon="8.2161599769">
				<ele>1301.8</ele>
				<extensions>
					<swisstopo:routepoint_id>175884520</swisstopo:routepoint_id>
				</extensions>
			</trkpt>
			<trkpt lat="46.9941690756" lon="8.2161262996">
				<ele>1302.2</ele>
				<extensions>
					<swisstopo:routepoint_id>1153629368</swisstopo:routepoint_id>
				</extensions>
			</trkpt>
			<trkpt lat="46.9941387429" lon="8.2160810808">
				<ele>1301.8</ele>
				<extensions>
					<swisstopo:routepoint_id>1566422860</swisstopo:routepoint_id>
				</extensions>
			</trkpt>
			<trkpt lat="46.9941283309" lon="8.2160339022">
				<ele>1302.0</ele>
				<extensions>
					<swisstopo:routepoint_id>866979447</swisstopo:routepoint_id>
				</extensions>
			</trkpt>
			<trkpt lat="46.9940516448" lon="8.2158200711">
				<ele>1302.4</ele>
				<extensions>
					<swisstopo:routepoint_id>647020834</swisstopo:routepoint_id>
				</extensions>
			</trkpt>
			<trkpt lat="46.9939654771" lon="8.2156486333">
				<ele>1302.0</ele>
				<extensions>
					<swisstopo:routepoint_id>1769452277</swisstopo:routepoint_id>
				</extensions>
			</trkpt>
			<trkpt lat="46.9939167200" lon="8.2156076176">
				<ele>1302.2</ele>
				<extensions>
					<swisstopo:routepoint_id>830875883</swisstopo:routepoint_id>
				</extensions>
			</trkpt>
			<trkpt lat="46.9938668065" lon="8.2155128541">
				<ele>1302.4</ele>
				<extensions>
					<swisstopo:routepoint_id>1592292787</swisstopo:routepoint_id>
				</extensions>
			</trkpt>
			<trkpt lat="46.9938323540" lon="8.2153959116">
				<ele>1303.2</ele>
				<extensions>
					<swisstopo:routepoint_id>1871145842</swisstopo:routepoint_id>
				</extensions>
			</trkpt>
			<trkpt lat="46.9938126976" lon="8.2153575659">
				<ele>1303.3</ele>
				<extensions>
					<swisstopo:routepoint_id>597639826</swisstopo:routepoint_id>
				</extensions>
			</trkpt>
			<trkpt lat="46.9937858780" lon="8.2152452036">
				<ele>1303.9</ele>
				<extensions>
					<swisstopo:routepoint_id>751538563</swisstopo:routepoint_id>
				</extensions>
			</trkpt>
			<trkpt lat="46.9937485340" lon="8.2151035953">
				<ele>1304.2</ele>
				<extensions>
					<swisstopo:routepoint_id>1757300334</swisstopo:routepoint_id>
				</extensions>
			</trkpt>
			<trkpt lat="46.9937018301" lon="8.2149864759">
				<ele>1303.5</ele>
				<extensions>
					<swisstopo:routepoint_id>604116347</swisstopo:routepoint_id>
				</extensions>
			</trkpt>
			<trkpt lat="46.9936657659" lon="8.2148829604">
				<ele>1303.3</ele>
				<extensions>
					<swisstopo:routepoint_id>80761013</swisstopo:routepoint_id>
				</extensions>
			</trkpt>
			<trkpt lat="46.9936048941" lon="8.2148216164">
				<ele>1303.0</ele>
				<extensions>
					<swisstopo:routepoint_id>140680587</swisstopo:routepoint_id>
				</extensions>
			</trkpt>
			<trkpt lat="46.9935022459" lon="8.2148201313">
				<ele>1303.6</ele>
				<extensions>
					<swisstopo:routepoint_id>39130362</swisstopo:routepoint_id>
				</extensions>
			</trkpt>
			<trkpt lat="46.9934488100" lon="8.2147924857">
				<ele>1305.2</ele>
				<extensions>
					<swisstopo:routepoint_id>533998152</swisstopo:routepoint_id>
				</extensions>
			</trkpt>
			<trkpt lat="46.9934260040" lon="8.2148073794">
				<ele>1305.3</ele>
				<extensions>
					<swisstopo:routepoint_id>572779851</swisstopo:routepoint_id>
				</extensions>
			</trkpt>
			<trkpt lat="46.9933874382" lon="8.2148089118">
				<ele>1305.7</ele>
				<extensions>
					<swisstopo:routepoint_id>1689249903</swisstopo:routepoint_id>
				</extensions>
			</trkpt>
			<trkpt lat="46.9933475980" lon="8.2147874587">
				<ele>1306.1</ele>
				<extensions>
					<swisstopo:routepoint_id>1489306381</swisstopo:routepoint_id>
				</extensions>
			</trkpt>
			<trkpt lat="46.9933011242" lon="8.2146907873">
				<ele>1304.7</ele>
				<extensions>
					<swisstopo:routepoint_id>1850439682</swisstopo:routepoint_id>
				</extensions>
			</trkpt>
			<trkpt lat="46.9932229159" lon="8.2146416428">
				<ele>1304.4</ele>
				<extensions>
					<swisstopo:routepoint_id>481559520</swisstopo:routepoint_id>
				</extensions>
			</trkpt>
			<trkpt lat="46.9931691255" lon="8.2145720015">
				<ele>1305.0</ele>
				<extensions>
					<swisstopo:routepoint_id>1852470744</swisstopo:routepoint_id>
				</extensions>
			</trkpt>
			<trkpt lat="46.9931509557" lon="8.2145133006">
				<ele>1306.0</ele>
				<extensions>
					<swisstopo:routepoint_id>257880202</swisstopo:routepoint_id>
				</extensions>
			</trkpt>
			<trkpt lat="46.9930759094" lon="8.2144182940">
				<ele>1308.2</ele>
				<extensions>
					<swisstopo:routepoint_id>570555368</swisstopo:routepoint_id>
				</extensions>
			</trkpt>
			<trkpt lat="46.9930123289" lon="8.2143171954">
				<ele>1308.8</ele>
				<extensions>
					<swisstopo:routepoint_id>809586121</swisstopo:routepoint_id>
				</extensions>
			</trkpt>
			<trkpt lat="46.9929604343" lon="8.2141786919">
				<ele>1308.5</ele>
				<extensions>
					<swisstopo:routepoint_id>257548255</swisstopo:routepoint_id>
				</extensions>
			</trkpt>
			<trkpt lat="46.9928807910" lon="8.2139187449">
				<ele>1308.5</ele>
				<extensions>
					<swisstopo:routepoint_id>1433973080</swisstopo:routepoint_id>
				</extensions>
			</trkpt>
			<trkpt lat="46.9927647030" lon="8.2135580934">
				<ele>1307.7</ele>
				<extensions>
					<swisstopo:routepoint_id>1724068926</swisstopo:routepoint_id>
				</extensions>
			</trkpt>
			<trkpt lat="46.9926959881" lon="8.2133713630">
				<ele>1306.9</ele>
				<extensions>
					<swisstopo:routepoint_id>429590311</swisstopo:routepoint_id>
				</extensions>
			</trkpt>
			<trkpt lat="46.9926556479" lon="8.2132121643">
				<ele>1307.8</ele>
				<extensions>
					<swisstopo:routepoint_id>284335763</swisstopo:routepoint_id>
				</extensions>
			</trkpt>
			<trkpt lat="46.9925745390" lon="8.2129584571">
				<ele>1307.7</ele>
				<extensions>
					<swisstopo:routepoint_id>680054166</swisstopo:routepoint_id>
				</extensions>
			</trkpt>
			<trkpt lat="46.9924843220" lon="8.2127839331">
				<ele>1306.1</ele>
				<extensions>
					<swisstopo:routepoint_id>762398628</swisstopo:routepoint_id>
				</extensions>
			</trkpt>
			<trkpt lat="46.9924013889" lon="8.2125777785">
				<ele>1304.3</ele>
				<extensions>
					<swisstopo:routepoint_id>1746302794</swisstopo:routepoint_id>
				</extensions>
			</trkpt>
			<trkpt lat="46.9923683665" lon="8.2124924269">
				<ele>1304.0</ele>
				<extensions>
					<swisstopo:routepoint_id>452055209</swisstopo:routepoint_id>
				</extensions>
			</trkpt>
			<trkpt lat="46.9923590431" lon="8.2124556664">
				<ele>1303.7</ele>
				<extensions>
					<swisstopo:routepoint_id>2042238224</swisstopo:routepoint_id>
				</extensions>
			</trkpt>
			<trkpt lat="46.9923395225" lon="8.2124197040">
				<ele>1303.4</ele>
				<extensions>
					<swisstopo:routepoint_id>666700767</swisstopo:routepoint_id>
				</extensions>
			</trkpt>
			<trkpt lat="46.9923188925" lon="8.2123868422">
				<ele>1303.0</ele>
				<extensions>
					<swisstopo:routepoint_id>1817604570</swisstopo:routepoint_id>
				</extensions>
			</trkpt>
			<trkpt lat="46.9922915542" lon="8.2123256316">
				<ele>1302.4</ele>
				<extensions>
					<swisstopo:routepoint_id>525129415</swisstopo:routepoint_id>
				</extensions>
			</trkpt>
			<trkpt lat="46.9922683321" lon="8.2122822674">
				<ele>1302.4</ele>
				<extensions>
					<swisstopo:routepoint_id>1839772382</swisstopo:routepoint_id>
				</extensions>
			</trkpt>
			<trkpt lat="46.9922087061" lon="8.2122307137">
				<ele>1302.7</ele>
				<extensions>
					<swisstopo:routepoint_id>1584874768</swisstopo:routepoint_id>
				</extensions>
			</trkpt>
			<trkpt lat="46.9921058378" lon="8.2121565298">
				<ele>1303.7</ele>
				<extensions>
					<swisstopo:routepoint_id>1750552035</swisstopo:routepoint_id>
				</extensions>
			</trkpt>
			<trkpt lat="46.9920344936" lon="8.2121471530">
				<ele>1304.4</ele>
				<extensions>
					<swisstopo:routepoint_id>1002088345</swisstopo:routepoint_id>
				</extensions>
			</trkpt>
			<trkpt lat="46.9919571649" lon="8.2121794302">
				<ele>1303.6</ele>
				<extensions>
					<swisstopo:routepoint_id>1532054641</swisstopo:routepoint_id>
				</extensions>
			</trkpt>
			<trkpt lat="46.9919085547" lon="8.2121870775">
				<ele>1303.7</ele>
				<extensions>
					<swisstopo:routepoint_id>913423757</swisstopo:routepoint_id>
				</extensions>
			</trkpt>
			<trkpt lat="46.9918444231" lon="8.2121673662">
				<ele>1304.0</ele>
				<extensions>
					<swisstopo:routepoint_id>1699975143</swisstopo:routepoint_id>
				</extensions>
			</trkpt>
			<trkpt lat="46.9917891168" lon="8.2121102233">
				<ele>1304.9</ele>
				<extensions>
					<swisstopo:routepoint_id>1359788713</swisstopo:routepoint_id>
				</extensions>
			</trkpt>
			<trkpt lat="46.9917521923" lon="8.2120804786">
				<ele>1304.9</ele>
				<extensions>
					<swisstopo:routepoint_id>447928017</swisstopo:routepoint_id>
				</extensions>
			</trkpt>
			<trkpt lat="46.9917262878" lon="8.2121093174">
				<ele>1305.1</ele>
				<extensions>
					<swisstopo:routepoint_id>1395998984</swisstopo:routepoint_id>
				</extensions>
			</trkpt>
			<trkpt lat="46.9916648333" lon="8.2121167789">
				<ele>1305.3</ele>
				<extensions>
					<swisstopo:routepoint_id>1296080613</swisstopo:routepoint_id>
				</extensions>
			</trkpt>
			<trkpt lat="46.9915906658" lon="8.2121031945">
				<ele>1305.5</ele>
				<extensions>
					<swisstopo:routepoint_id>1300231170</swisstopo:routepoint_id>
				</extensions>
			</trkpt>
			<trkpt lat="46.9915391483" lon="8.2121191473">
				<ele>1305.1</ele>
				<extensions>
					<swisstopo:routepoint_id>191682318</swisstopo:routepoint_id>
				</extensions>
			</trkpt>
			<trkpt lat="46.9914393158" lon="8.2120989224">
				<ele>1304.5</ele>
				<extensions>
					<swisstopo:routepoint_id>379248126</swisstopo:routepoint_id>
				</extensions>
			</trkpt>
			<trkpt lat="46.9912586625" lon="8.2119940518">
				<ele>1301.7</ele>
				<extensions>
					<swisstopo:routepoint_id>1399044401</swisstopo:routepoint_id>
				</extensions>
			</trkpt>
			<trkpt lat="46.9911888043" lon="8.2119763486">
				<ele>1301.0</ele>
				<extensions>
					<swisstopo:routepoint_id>940796604</swisstopo:routepoint_id>
				</extensions>
			</trkpt>
			<trkpt lat="46.9911290475" lon="8.2119441859">
				<ele>1299.6</ele>
				<extensions>
					<swisstopo:routepoint_id>46430567</swisstopo:routepoint_id>
				</extensions>
			</trkpt>
			<trkpt lat="46.9910920579" lon="8.2119227761">
				<ele>1299.5</ele>
				<extensions>
					<swisstopo:routepoint_id>821975708</swisstopo:routepoint_id>
				</extensions>
			</trkpt>
			<trkpt lat="46.9910578160" lon="8.2119181150">
				<ele>1299.5</ele>
				<extensions>
					<swisstopo:routepoint_id>183423205</swisstopo:routepoint_id>
				</extensions>
			</trkpt>
			<trkpt lat="46.9910006712" lon="8.2119214589">
				<ele>1299.8</ele>
				<extensions>
					<swisstopo:routepoint_id>1154772990</swisstopo:routepoint_id>
				</extensions>
			</trkpt>
			<trkpt lat="46.9909633526" lon="8.2119501449">
				<ele>1299.7</ele>
				<extensions>
					<swisstopo:routepoint_id>1459924991</swisstopo:routepoint_id>
				</extensions>
			</trkpt>
			<trkpt lat="46.9909254376" lon="8.2119885120">
				<ele>1299.9</ele>
				<extensions>
					<swisstopo:routepoint_id>1958656762</swisstopo:routepoint_id>
				</extensions>
			</trkpt>
			<trkpt lat="46.9908508932" lon="8.2120828537">
				<ele>1301.1</ele>
				<extensions>
					<swisstopo:routepoint_id>367374071</swisstopo:routepoint_id>
				</extensions>
			</trkpt>
			<trkpt lat="46.9908079251" lon="8.2121208580">
				<ele>1301.7</ele>
				<extensions>
					<swisstopo:routepoint_id>440526172</swisstopo:routepoint_id>
				</extensions>
			</trkpt>
			<trkpt lat="46.9907318303" lon="8.2121369826">
				<ele>1302.2</ele>
				<extensions>
					<swisstopo:routepoint_id>1547241595</swisstopo:routepoint_id>
				</extensions>
			</trkpt>
			<trkpt lat="46.9906862119" lon="8.2121518776">
				<ele>1302.5</ele>
				<extensions>
					<swisstopo:routepoint_id>610005642</swisstopo:routepoint_id>
				</extensions>
			</trkpt>
			<trkpt lat="46.9906698536" lon="8.2121444507">
				<ele>1303.1</ele>
				<extensions>
					<swisstopo:routepoint_id>277894316</swisstopo:routepoint_id>
				</extensions>
			</trkpt>
			<trkpt lat="46.9906454715" lon="8.2120850324">
				<ele>1306.9</ele>
				<extensions>
					<swisstopo:routepoint_id>1940320434</swisstopo:routepoint_id>
				</extensions>
			</trkpt>
			<trkpt lat="46.9906334761" lon="8.2120496804">
				<ele>1307.9</ele>
				<extensions>
					<swisstopo:routepoint_id>1426354543</swisstopo:routepoint_id>
				</extensions>
			</trkpt>
			<trkpt lat="46.9906167970" lon="8.2120018240">
				<ele>1308.9</ele>
				<extensions>
					<swisstopo:routepoint_id>380852740</swisstopo:routepoint_id>
				</extensions>
			</trkpt>
			<trkpt lat="46.9906552339" lon="8.2119807393">
				<ele>1311.2</ele>
				<extensions>
					<swisstopo:routepoint_id>1490733120</swisstopo:routepoint_id>
				</extensions>
			</trkpt>
			<trkpt lat="46.9906643208" lon="8.2119459007">
				<ele>1313.5</ele>
				<extensions>
					<swisstopo:routepoint_id>59838291</swisstopo:routepoint_id>
				</extensions>
			</trkpt>
			<trkpt lat="46.9906616730" lon="8.2118796976">
				<ele>1316.1</ele>
				<extensions>
					<swisstopo:routepoint_id>679810041</swisstopo:routepoint_id>
				</extensions>
			</trkpt>
			<trkpt lat="46.9906634584" lon="8.2118496707">
				<ele>1317.3</ele>
				<extensions>
					<swisstopo:routepoint_id>954357047</swisstopo:routepoint_id>
				</extensions>
			</trkpt>
			<trkpt lat="46.9906638194" lon="8.2117735190">
				<ele>1320.2</ele>
				<extensions>
					<swisstopo:routepoint_id>323529486</swisstopo:routepoint_id>
				</extensions>
			</trkpt>
			<trkpt lat="46.9906643662" lon="8.2117244393">
				<ele>1322.2</ele>
				<extensions>
					<swisstopo:routepoint_id>131476998</swisstopo:routepoint_id>
				</extensions>
			</trkpt>
			<trkpt lat="46.9906484338" lon="8.2116552566">
				<ele>1324.9</ele>
				<extensions>
					<swisstopo:routepoint_id>2120716270</swisstopo:routepoint_id>
				</extensions>
			</trkpt>
			<trkpt lat="46.9906076954" lon="8.2116254460">
				<ele>1325.3</ele>
				<extensions>
					<swisstopo:routepoint_id>1092260631</swisstopo:routepoint_id>
				</extensions>
			</trkpt>
			<trkpt lat="46.9905695456" lon="8.2116360310">
				<ele>1326.0</ele>
				<extensions>
					<swisstopo:routepoint_id>934210661</swisstopo:routepoint_id>
				</extensions>
			</trkpt>
			<trkpt lat="46.9905284976" lon="8.2116521357">
				<ele>1327.7</ele>
				<extensions>
					<swisstopo:routepoint_id>1025636210</swisstopo:routepoint_id>
				</extensions>
			</trkpt>
			<trkpt lat="46.9904692305" lon="8.2116874468">
				<ele>1330.1</ele>
				<extensions>
					<swisstopo:routepoint_id>16547001</swisstopo:routepoint_id>
				</extensions>
			</trkpt>
			<trkpt lat="46.9904399640" lon="8.2117012754">
				<ele>1331.6</ele>
				<extensions>
					<swisstopo:routepoint_id>1080055344</swisstopo:routepoint_id>
				</extensions>
			</trkpt>
			<trkpt lat="46.9904299066" lon="8.2117533608">
				<ele>1332.6</ele>
				<extensions>
					<swisstopo:routepoint_id>1958382164</swisstopo:routepoint_id>
				</extensions>
			</trkpt>
			<trkpt lat="46.9904129430" lon="8.2118490052">
				<ele>1333.2</ele>
				<extensions>
					<swisstopo:routepoint_id>47172779</swisstopo:routepoint_id>
				</extensions>
			</trkpt>
			<trkpt lat="46.9903965975" lon="8.2118890894">
				<ele>1333.2</ele>
				<extensions>
					<swisstopo:routepoint_id>411430910</swisstopo:routepoint_id>
				</extensions>
			</trkpt>
			<trkpt lat="46.9903583471" lon="8.2119372314">
				<ele>1332.9</ele>
				<extensions>
					<swisstopo:routepoint_id>21961030</swisstopo:routepoint_id>
				</extensions>
			</trkpt>
			<trkpt lat="46.9903410173" lon="8.2119738696">
				<ele>1332.9</ele>
				<extensions>
					<swisstopo:routepoint_id>1879327573</swisstopo:routepoint_id>
				</extensions>
			</trkpt>
			<trkpt lat="46.9903239194" lon="8.2119894782">
				<ele>1332.9</ele>
				<extensions>
					<swisstopo:routepoint_id>669039335</swisstopo:routepoint_id>
				</extensions>
			</trkpt>
			<trkpt lat="46.9903088224" lon="8.2119991202">
				<ele>1332.9</ele>
				<extensions>
					<swisstopo:routepoint_id>319727653</swisstopo:routepoint_id>
				</extensions>
			</trkpt>
			<trkpt lat="46.9902852540" lon="8.2119444208">
				<ele>1333.2</ele>
				<extensions>
					<swisstopo:routepoint_id>658579177</swisstopo:routepoint_id>
				</extensions>
			</trkpt>
			<trkpt lat="46.9902680944" lon="8.2119171710">
				<ele>1333.3</ele>
				<extensions>
					<swisstopo:routepoint_id>609511201</swisstopo:routepoint_id>
				</extensions>
			</trkpt>
			<trkpt lat="46.9902397050" lon="8.2118917179">
				<ele>1333.0</ele>
				<extensions>
					<swisstopo:routepoint_id>557759017</swisstopo:routepoint_id>
				</extensions>
			</trkpt>
			<trkpt lat="46.9902054631" lon="8.2118870440">
				<ele>1332.8</ele>
				<extensions>
					<swisstopo:routepoint_id>489679564</swisstopo:routepoint_id>
				</extensions>
			</trkpt>
			<trkpt lat="46.9901214993" lon="8.2118440949">
				<ele>1335.9</ele>
				<extensions>
					<swisstopo:routepoint_id>887096844</swisstopo:routepoint_id>
				</extensions>
			</trkpt>
			<trkpt lat="46.9900687622" lon="8.2118287300">
				<ele>1336.9</ele>
				<extensions>
					<swisstopo:routepoint_id>1605179634</swisstopo:routepoint_id>
				</extensions>
			</trkpt>
			<trkpt lat="46.9900116176" lon="8.2118320733">
				<ele>1337.4</ele>
				<extensions>
					<swisstopo:routepoint_id>1564535024</swisstopo:routepoint_id>
				</extensions>
			</trkpt>
			<trkpt lat="46.9899722285" lon="8.2118356732">
				<ele>1337.7</ele>
				<extensions>
					<swisstopo:routepoint_id>1350374500</swisstopo:routepoint_id>
				</extensions>
			</trkpt>
			<trkpt lat="46.9899540107" lon="8.2118545120">
				<ele>1337.5</ele>
				<extensions>
					<swisstopo:routepoint_id>1137040004</swisstopo:routepoint_id>
				</extensions>
			</trkpt>
			<trkpt lat="46.9899310922" lon="8.2118248003">
				<ele>1338.1</ele>
				<extensions>
					<swisstopo:routepoint_id>1921856222</swisstopo:routepoint_id>
				</extensions>
			</trkpt>
			<trkpt lat="46.9898901443" lon="8.2117874927">
				<ele>1338.8</ele>
				<extensions>
					<swisstopo:routepoint_id>335988627</swisstopo:routepoint_id>
				</extensions>
			</trkpt>
			<trkpt lat="46.9898552627" lon="8.2117429244">
				<ele>1339.8</ele>
				<extensions>
					<swisstopo:routepoint_id>1226346026</swisstopo:routepoint_id>
				</extensions>
			</trkpt>
			<trkpt lat="46.9898314644" lon="8.2116955841">
				<ele>1340.5</ele>
				<extensions>
					<swisstopo:routepoint_id>1797098723</swisstopo:routepoint_id>
				</extensions>
			</trkpt>
			<trkpt lat="46.9898117078" lon="8.2116438985">
				<ele>1341.4</ele>
				<extensions>
					<swisstopo:routepoint_id>1628226053</swisstopo:routepoint_id>
				</extensions>
			</trkpt>
			<trkpt lat="46.9897852928" lon="8.2115377578">
				<ele>1342.5</ele>
				<extensions>
					<swisstopo:routepoint_id>211159050</swisstopo:routepoint_id>
				</extensions>
			</trkpt>
			<trkpt lat="46.9897740760" lon="8.2114843018">
				<ele>1343.0</ele>
				<extensions>
					<swisstopo:routepoint_id>1307168506</swisstopo:routepoint_id>
				</extensions>
			</trkpt>
			<trkpt lat="46.9897667911" lon="8.2114493730">
				<ele>1343.2</ele>
				<extensions>
					<swisstopo:routepoint_id>823371532</swisstopo:routepoint_id>
				</extensions>
			</trkpt>
			<trkpt lat="46.9897450680" lon="8.2113917691">
				<ele>1343.2</ele>
				<extensions>
					<swisstopo:routepoint_id>20717056</swisstopo:routepoint_id>
				</extensions>
			</trkpt>
			<trkpt lat="46.9897261406" lon="8.2113665323">
				<ele>1343.1</ele>
				<extensions>
					<swisstopo:routepoint_id>299209378</swisstopo:routepoint_id>
				</extensions>
			</trkpt>
			<trkpt lat="46.9897040808" lon="8.2113588656">
				<ele>1343.2</ele>
				<extensions>
					<swisstopo:routepoint_id>1552798419</swisstopo:routepoint_id>
				</extensions>
			</trkpt>
			<trkpt lat="46.9896769235" lon="8.2113614192">
				<ele>1343.8</ele>
				<extensions>
					<swisstopo:routepoint_id>1661749789</swisstopo:routepoint_id>
				</extensions>
			</trkpt>
			<trkpt lat="46.9896476419" lon="8.2113815583">
				<ele>1344.7</ele>
				<extensions>
					<swisstopo:routepoint_id>1003874488</swisstopo:routepoint_id>
				</extensions>
			</trkpt>
			<trkpt lat="46.9896031061" lon="8.2114213274">
				<ele>1346.1</ele>
				<extensions>
					<swisstopo:routepoint_id>1486988984</swisstopo:routepoint_id>
				</extensions>
			</trkpt>
			<trkpt lat="46.9895400384" lon="8.2114559006">
				<ele>1347.1</ele>
				<extensions>
					<swisstopo:routepoint_id>1556653949</swisstopo:routepoint_id>
				</extensions>
			</trkpt>
			<trkpt lat="46.9894899934" lon="8.2114656042">
				<ele>1347.9</ele>
				<extensions>
					<swisstopo:routepoint_id>2037133089</swisstopo:routepoint_id>
				</extensions>
			</trkpt>
			<trkpt lat="46.9894359193" lon="8.2114377052">
				<ele>1348.7</ele>
				<extensions>
					<swisstopo:routepoint_id>764042702</swisstopo:routepoint_id>
				</extensions>
			</trkpt>
			<trkpt lat="46.9893806743" lon="8.2113701277">
				<ele>1349.7</ele>
				<extensions>
					<swisstopo:routepoint_id>1460967101</swisstopo:routepoint_id>
				</extensions>
			</trkpt>
			<trkpt lat="46.9893266425" lon="8.2113359589">
				<ele>1350.4</ele>
				<extensions>
					<swisstopo:routepoint_id>146046709</swisstopo:routepoint_id>
				</extensions>
			</trkpt>
			<trkpt lat="46.9892525881" lon="8.2113056687">
				<ele>1351.4</ele>
				<extensions>
					<swisstopo:routepoint_id>33229642</swisstopo:routepoint_id>
				</extensions>
			</trkpt>
			<trkpt lat="46.9891930186" lon="8.2112442869">
				<ele>1353.0</ele>
				<extensions>
					<swisstopo:routepoint_id>144844874</swisstopo:routepoint_id>
				</extensions>
			</trkpt>
			<trkpt lat="46.9891607354" lon="8.2112065794">
				<ele>1354.0</ele>
				<extensions>
					<swisstopo:routepoint_id>1308825267</swisstopo:routepoint_id>
				</extensions>
			</trkpt>
			<trkpt lat="46.9891351200" lon="8.2111926442">
				<ele>1354.5</ele>
				<extensions>
					<swisstopo:routepoint_id>751266248</swisstopo:routepoint_id>
				</extensions>
			</trkpt>
			<trkpt lat="46.9891115625" lon="8.2111923050">
				<ele>1354.9</ele>
				<extensions>
					<swisstopo:routepoint_id>1475469423</swisstopo:routepoint_id>
				</extensions>
			</trkpt>
			<trkpt lat="46.9890922304" lon="8.2112003744">
				<ele>1355.0</ele>
				<extensions>
					<swisstopo:routepoint_id>1220920452</swisstopo:routepoint_id>
				</extensions>
			</trkpt>
			<trkpt lat="46.9890634729" lon="8.2112281321">
				<ele>1355.2</ele>
				<extensions>
					<swisstopo:routepoint_id>803789679</swisstopo:routepoint_id>
				</extensions>
			</trkpt>
			<trkpt lat="46.9890239786" lon="8.2112620055">
				<ele>1356.0</ele>
				<extensions>
					<swisstopo:routepoint_id>1620995323</swisstopo:routepoint_id>
				</extensions>
			</trkpt>
			<trkpt lat="46.9889903069" lon="8.2112782163">
				<ele>1356.7</ele>
				<extensions>
					<swisstopo:routepoint_id>1090847819</swisstopo:routepoint_id>
				</extensions>
			</trkpt>
			<trkpt lat="46.9889516638" lon="8.2112912261">
				<ele>1357.7</ele>
				<extensions>
					<swisstopo:routepoint_id>811399494</swisstopo:routepoint_id>
				</extensions>
			</trkpt>
			<trkpt lat="46.9888908775" lon="8.2113049561">
				<ele>1359.3</ele>
				<extensions>
					<swisstopo:routepoint_id>670137208</swisstopo:routepoint_id>
				</extensions>
			</trkpt>
			<trkpt lat="46.9888458597" lon="8.2113095264">
				<ele>1360.4</ele>
				<extensions>
					<swisstopo:routepoint_id>1591809988</swisstopo:routepoint_id>
				</extensions>
			</trkpt>
			<trkpt lat="46.9888137247" lon="8.2113111536">
				<ele>1360.9</ele>
				<extensions>
					<swisstopo:routepoint_id>199193990</swisstopo:routepoint_id>
				</extensions>
			</trkpt>
			<trkpt lat="46.9887802501" lon="8.2112981436">
				<ele>1361.5</ele>
				<extensions>
					<swisstopo:routepoint_id>2073867904</swisstopo:routepoint_id>
				</extensions>
			</trkpt>
			<trkpt lat="46.9887510792" lon="8.2112831189">
				<ele>1362.1</ele>
				<extensions>
					<swisstopo:routepoint_id>1838271718</swisstopo:routepoint_id>
				</extensions>
			</trkpt>
			<trkpt lat="46.9887192030" lon="8.2112450887">
				<ele>1363.0</ele>
				<extensions>
					<swisstopo:routepoint_id>2133018684</swisstopo:routepoint_id>
				</extensions>
			</trkpt>
			<trkpt lat="46.9886901851" lon="8.2112060614">
				<ele>1363.9</ele>
				<extensions>
					<swisstopo:routepoint_id>1700502617</swisstopo:routepoint_id>
				</extensions>
			</trkpt>
			<trkpt lat="46.9886590220" lon="8.2111690935">
				<ele>1364.7</ele>
				<extensions>
					<swisstopo:routepoint_id>1635109643</swisstopo:routepoint_id>
				</extensions>
			</trkpt>
			<trkpt lat="46.9886414552" lon="8.2111260644">
				<ele>1365.8</ele>
				<extensions>
					<swisstopo:routepoint_id>2087022889</swisstopo:routepoint_id>
				</extensions>
			</trkpt>
			<trkpt lat="46.9886345406" lon="8.2110936131">
				<ele>1366.4</ele>
				<extensions>
					<swisstopo:routepoint_id>1743288972</swisstopo:routepoint_id>
				</extensions>
			</trkpt>
			<trkpt lat="46.9886347656" lon="8.2110602262">
				<ele>1367.0</ele>
				<extensions>
					<swisstopo:routepoint_id>1338356383</swisstopo:routepoint_id>
				</extensions>
			</trkpt>
			<trkpt lat="46.9886428147" lon="8.2110311316">
				<ele>1367.6</ele>
				<extensions>
					<swisstopo:routepoint_id>1012010403</swisstopo:routepoint_id>
				</extensions>
			</trkpt>
			<trkpt lat="46.9886702452" lon="8.2109866602">
				<ele>1368.3</ele>
				<extensions>
					<swisstopo:routepoint_id>788358981</swisstopo:routepoint_id>
				</extensions>
			</trkpt>
			<trkpt lat="46.9887055498" lon="8.2109391594">
				<ele>1369.1</ele>
				<extensions>
					<swisstopo:routepoint_id>2122775324</swisstopo:routepoint_id>
				</extensions>
			</trkpt>
			<trkpt lat="46.9887272069" lon="8.2109050428">
				<ele>1369.9</ele>
				<extensions>
					<swisstopo:routepoint_id>1339042857</swisstopo:routepoint_id>
				</extensions>
			</trkpt>
			<trkpt lat="46.9887453900" lon="8.2108552189">
				<ele>1370.8</ele>
				<extensions>
					<swisstopo:routepoint_id>1812160686</swisstopo:routepoint_id>
				</extensions>
			</trkpt>
			<trkpt lat="46.9887528552" lon="8.2108073308">
				<ele>1371.4</ele>
				<extensions>
					<swisstopo:routepoint_id>1371567848</swisstopo:routepoint_id>
				</extensions>
			</trkpt>
			<trkpt lat="46.9887538819" lon="8.2107603884">
				<ele>1371.9</ele>
				<extensions>
					<swisstopo:routepoint_id>851354438</swisstopo:routepoint_id>
				</extensions>
			</trkpt>
			<trkpt lat="46.9887491499" lon="8.2107217108">
				<ele>1372.0</ele>
				<extensions>
					<swisstopo:routepoint_id>30499505</swisstopo:routepoint_id>
				</extensions>
			</trkpt>
			<trkpt lat="46.9887339615" lon="8.2106795836">
				<ele>1372.1</ele>
				<extensions>
					<swisstopo:routepoint_id>1504072549</swisstopo:routepoint_id>
				</extensions>
			</trkpt>
			<trkpt lat="46.9887070060" lon="8.2106174494">
				<ele>1372.5</ele>
				<extensions>
					<swisstopo:routepoint_id>917322206</swisstopo:routepoint_id>
				</extensions>
			</trkpt>
			<trkpt lat="46.9886636619" lon="8.2105150909">
				<ele>1373.2</ele>
				<extensions>
					<swisstopo:routepoint_id>649214429</swisstopo:routepoint_id>
				</extensions>
			</trkpt>
			<trkpt lat="46.9886320066" lon="8.2104442000">
				<ele>1373.7</ele>
				<extensions>
					<swisstopo:routepoint_id>2129981443</swisstopo:routepoint_id>
				</extensions>
			</trkpt>
			<trkpt lat="46.9886157406" lon="8.2103857173">
				<ele>1374.0</ele>
				<extensions>
					<swisstopo:routepoint_id>45717011</swisstopo:routepoint_id>
				</extensions>
			</trkpt>
			<trkpt lat="46.9886071280" lon="8.2103395037">
				<ele>1374.3</ele>
				<extensions>
					<swisstopo:routepoint_id>1714141898</swisstopo:routepoint_id>
				</extensions>
			</trkpt>
			<trkpt lat="46.9886068325" lon="8.2102951588">
				<ele>1374.5</ele>
				<extensions>
					<swisstopo:routepoint_id>1089755181</swisstopo:routepoint_id>
				</extensions>
			</trkpt>
			<trkpt lat="46.9886156301" lon="8.2102257179">
				<ele>1375.1</ele>
				<extensions>
					<swisstopo:routepoint_id>1774785451</swisstopo:routepoint_id>
				</extensions>
			</trkpt>
			<trkpt lat="46.9886334209" lon="8.2101459684">
				<ele>1376.0</ele>
				<extensions>
					<swisstopo:routepoint_id>271218127</swisstopo:routepoint_id>
				</extensions>
			</trkpt>
			<trkpt lat="46.9886476315" lon="8.2100687830">
				<ele>1377.2</ele>
				<extensions>
					<swisstopo:routepoint_id>1402761555</swisstopo:routepoint_id>
				</extensions>
			</trkpt>
			<trkpt lat="46.9886564173" lon="8.2100010902">
				<ele>1378.4</ele>
				<extensions>
					<swisstopo:routepoint_id>1137978119</swisstopo:routepoint_id>
				</extensions>
			</trkpt>
			<trkpt lat="46.9886575022" lon="8.2099280680">
				<ele>1379.4</ele>
				<extensions>
					<swisstopo:routepoint_id>508885851</swisstopo:routepoint_id>
				</extensions>
			</trkpt>
			<trkpt lat="46.9886503519" lon="8.2098410058">
				<ele>1380.7</ele>
				<extensions>
					<swisstopo:routepoint_id>1564615403</swisstopo:routepoint_id>
				</extensions>
			</trkpt>
			<trkpt lat="46.9886512086" lon="8.2098018961">
				<ele>1381.3</ele>
				<extensions>
					<swisstopo:routepoint_id>553820706</swisstopo:routepoint_id>
				</extensions>
			</trkpt>
			<trkpt lat="46.9886591429" lon="8.2097724449">
				<ele>1381.8</ele>
				<extensions>
					<swisstopo:routepoint_id>870479644</swisstopo:routepoint_id>
				</extensions>
			</trkpt>
			<trkpt lat="46.9886717072" lon="8.2097621875">
				<ele>1381.8</ele>
				<extensions>
					<swisstopo:routepoint_id>1492773344</swisstopo:routepoint_id>
				</extensions>
			</trkpt>
			<trkpt lat="46.9886896055" lon="8.2097546234">
				<ele>1381.9</ele>
				<extensions>
					<swisstopo:routepoint_id>2137628354</swisstopo:routepoint_id>
				</extensions>
			</trkpt>
			<trkpt lat="46.9887140226" lon="8.2097514906">
				<ele>1382.5</ele>
				<extensions>
					<swisstopo:routepoint_id>1865815015</swisstopo:routepoint_id>
				</extensions>
			</trkpt>
			<trkpt lat="46.9887586515" lon="8.2097512645">
				<ele>1383.8</ele>
				<extensions>
					<swisstopo:routepoint_id>1196743611</swisstopo:routepoint_id>
				</extensions>
			</trkpt>
			<trkpt lat="46.9887955100" lon="8.2097561455">
				<ele>1384.8</ele>
				<extensions>
					<swisstopo:routepoint_id>338032275</swisstopo:routepoint_id>
				</extensions>
			</trkpt>
			<trkpt lat="46.9888403078" lon="8.2097575123">
				<ele>1386.6</ele>
				<extensions>
					<swisstopo:routepoint_id>1214199610</swisstopo:routepoint_id>
				</extensions>
			</trkpt>
			<trkpt lat="46.9889045527" lon="8.2097605258">
				<ele>1389.0</ele>
				<extensions>
					<swisstopo:routepoint_id>1663231476</swisstopo:routepoint_id>
				</extensions>
			</trkpt>
			<trkpt lat="46.9889587389" lon="8.2097717288">
				<ele>1390.6</ele>
				<extensions>
					<swisstopo:routepoint_id>136784133</swisstopo:routepoint_id>
				</extensions>
			</trkpt>
			<trkpt lat="46.9890028199" lon="8.2097994959">
				<ele>1391.4</ele>
				<extensions>
					<swisstopo:routepoint_id>1123421041</swisstopo:routepoint_id>
				</extensions>
			</trkpt>
			<trkpt lat="46.9890411558" lon="8.2098334372">
				<ele>1392.0</ele>
				<extensions>
					<swisstopo:routepoint_id>661211663</swisstopo:routepoint_id>
				</extensions>
			</trkpt>
			<trkpt lat="46.9890653394" lon="8.2098463128">
				<ele>1392.4</ele>
				<extensions>
					<swisstopo:routepoint_id>1904030463</swisstopo:routepoint_id>
				</extensions>
			</trkpt>
			<trkpt lat="46.9890882281" lon="8.2098403714">
				<ele>1393.1</ele>
				<extensions>
					<swisstopo:routepoint_id>1386167694</swisstopo:routepoint_id>
				</extensions>
			</trkpt>
			<trkpt lat="46.9891213160" lon="8.2098053794">
				<ele>1394.0</ele>
				<extensions>
					<swisstopo:routepoint_id>1417830402</swisstopo:routepoint_id>
				</extensions>
			</trkpt>
			<trkpt lat="46.9891502255" lon="8.2097536187">
				<ele>1394.6</ele>
				<extensions>
					<swisstopo:routepoint_id>997019302</swisstopo:routepoint_id>
				</extensions>
			</trkpt>
			<trkpt lat="46.9891706609" lon="8.2096871309">
				<ele>1395.1</ele>
				<extensions>
					<swisstopo:routepoint_id>88511173</swisstopo:routepoint_id>
				</extensions>
			</trkpt>
			<trkpt lat="46.9891754199" lon="8.2096162382">
				<ele>1395.6</ele>
				<extensions>
					<swisstopo:routepoint_id>1548600887</swisstopo:routepoint_id>
				</extensions>
			</trkpt>
			<trkpt lat="46.9891730595" lon="8.2095431650">
				<ele>1396.3</ele>
				<extensions>
					<swisstopo:routepoint_id>1980789816</swisstopo:routepoint_id>
				</extensions>
			</trkpt>
			<trkpt lat="46.9891536673" lon="8.2094531524">
				<ele>1398.1</ele>
				<extensions>
					<swisstopo:routepoint_id>842941718</swisstopo:routepoint_id>
				</extensions>
			</trkpt>
			<trkpt lat="46.9891102042" lon="8.2093335703">
				<ele>1400.4</ele>
				<extensions>
					<swisstopo:routepoint_id>371835167</swisstopo:routepoint_id>
				</extensions>
			</trkpt>
			<trkpt lat="46.9890288339" lon="8.2091174528">
				<ele>1403.1</ele>
				<extensions>
					<swisstopo:routepoint_id>256238999</swisstopo:routepoint_id>
				</extensions>
			</trkpt>
			<trkpt lat="46.9889798177" lon="8.2089727490">
				<ele>1404.2</ele>
				<extensions>
					<swisstopo:routepoint_id>904143958</swisstopo:routepoint_id>
				</extensions>
			</trkpt>
			<trkpt lat="46.9889494098" lon="8.2089129193">
				<ele>1404.5</ele>
				<extensions>
					<swisstopo:routepoint_id>353215934</swisstopo:routepoint_id>
				</extensions>
			</trkpt>
			<trkpt lat="46.9889327478" lon="8.2088570203">
				<ele>1405.0</ele>
				<extensions>
					<swisstopo:routepoint_id>855402430</swisstopo:routepoint_id>
				</extensions>
			</trkpt>
			<trkpt lat="46.9889320641" lon="8.2088101326">
				<ele>1405.3</ele>
				<extensions>
					<swisstopo:routepoint_id>1493107992</swisstopo:routepoint_id>
				</extensions>
			</trkpt>
			<trkpt lat="46.9889443069" lon="8.2087780876">
				<ele>1405.3</ele>
				<extensions>
					<swisstopo:routepoint_id>1319606349</swisstopo:routepoint_id>
				</extensions>
			</trkpt>
			<trkpt lat="46.9889745631" lon="8.2087506920">
				<ele>1405.2</ele>
				<extensions>
					<swisstopo:routepoint_id>1560285074</swisstopo:routepoint_id>
				</extensions>
			</trkpt>
			<trkpt lat="46.9890227362" lon="8.2087411296">
				<ele>1404.8</ele>
				<extensions>
					<swisstopo:routepoint_id>788425201</swisstopo:routepoint_id>
				</extensions>
			</trkpt>
			<trkpt lat="46.9890917996" lon="8.2087552933">
				<ele>1404.0</ele>
				<extensions>
					<swisstopo:routepoint_id>1088251217</swisstopo:routepoint_id>
				</extensions>
			</trkpt>
			<trkpt lat="46.9891338852" lon="8.2087573697">
				<ele>1404.0</ele>
				<extensions>
					<swisstopo:routepoint_id>119982620</swisstopo:routepoint_id>
				</extensions>
			</trkpt>
			<trkpt lat="46.9891510201" lon="8.2087429709">
				<ele>1404.1</ele>
				<extensions>
					<swisstopo:routepoint_id>60749807</swisstopo:routepoint_id>
				</extensions>
			</trkpt>
			<trkpt lat="46.9891713948" lon="8.2086934534">
				<ele>1404.9</ele>
				<extensions>
					<swisstopo:routepoint_id>967273924</swisstopo:routepoint_id>
				</extensions>
			</trkpt>
			<trkpt lat="46.9892139035" lon="8.2086325538">
				<ele>1405.9</ele>
				<extensions>
					<swisstopo:routepoint_id>521632878</swisstopo:routepoint_id>
				</extensions>
			</trkpt>
			<trkpt lat="46.9892434478" lon="8.2085612010">
				<ele>1407.1</ele>
				<extensions>
					<swisstopo:routepoint_id>1055533492</swisstopo:routepoint_id>
				</extensions>
			</trkpt>
			<trkpt lat="46.9892548298" lon="8.2085086357">
				<ele>1407.8</ele>
				<extensions>
					<swisstopo:routepoint_id>2136475824</swisstopo:routepoint_id>
				</extensions>
			</trkpt>
			<trkpt lat="46.9892500656" lon="8.2084719429">
				<ele>1408.5</ele>
				<extensions>
					<swisstopo:routepoint_id>1822596128</swisstopo:routepoint_id>
				</extensions>
			</trkpt>
			<trkpt lat="46.9892302511" lon="8.2084379653">
				<ele>1409.2</ele>
				<extensions>
					<swisstopo:routepoint_id>666382488</swisstopo:routepoint_id>
				</extensions>
			</trkpt>
			<trkpt lat="46.9891863763" lon="8.2084036562">
				<ele>1410.3</ele>
				<extensions>
					<swisstopo:routepoint_id>763256711</swisstopo:routepoint_id>
				</extensions>
			</trkpt>
			<trkpt lat="46.9891334488" lon="8.2083750668">
				<ele>1411.3</ele>
				<extensions>
					<swisstopo:routepoint_id>1135718246</swisstopo:routepoint_id>
				</extensions>
			</trkpt>
			<trkpt lat="46.9890524684" lon="8.2083431437">
				<ele>1412.6</ele>
				<extensions>
					<swisstopo:routepoint_id>1181905986</swisstopo:routepoint_id>
				</extensions>
			</trkpt>
			<trkpt lat="46.9889664283" lon="8.2083199290">
				<ele>1413.8</ele>
				<extensions>
					<swisstopo:routepoint_id>70171952</swisstopo:routepoint_id>
				</extensions>
			</trkpt>
			<trkpt lat="46.9889035010" lon="8.2082868060">
				<ele>1414.9</ele>
				<extensions>
					<swisstopo:routepoint_id>411475061</swisstopo:routepoint_id>
				</extensions>
			</trkpt>
			<trkpt lat="46.9888266595" lon="8.2082373664">
				<ele>1416.3</ele>
				<extensions>
					<swisstopo:routepoint_id>764006887</swisstopo:routepoint_id>
				</extensions>
			</trkpt>
			<trkpt lat="46.9887538595" lon="8.2081821221">
				<ele>1417.9</ele>
				<extensions>
					<swisstopo:routepoint_id>859024396</swisstopo:routepoint_id>
				</extensions>
			</trkpt>
			<trkpt lat="46.9886931153" lon="8.2081226727">
				<ele>1419.4</ele>
				<extensions>
					<swisstopo:routepoint_id>90464791</swisstopo:routepoint_id>
				</extensions>
			</trkpt>
			<trkpt lat="46.9886543281" lon="8.2080781702">
				<ele>1420.4</ele>
				<extensions>
					<swisstopo:routepoint_id>23320261</swisstopo:routepoint_id>
				</extensions>
			</trkpt>
			<trkpt lat="46.9886225375" lon="8.2080352403">
				<ele>1421.3</ele>
				<extensions>
					<swisstopo:routepoint_id>1101602873</swisstopo:routepoint_id>
				</extensions>
			</trkpt>
			<trkpt lat="46.9886018538" lon="8.2079807435">
				<ele>1422.2</ele>
				<extensions>
					<swisstopo:routepoint_id>1182965724</swisstopo:routepoint_id>
				</extensions>
			</trkpt>
			<trkpt lat="46.9885753284" lon="8.2079012649">
				<ele>1423.3</ele>
				<extensions>
					<swisstopo:routepoint_id>701319342</swisstopo:routepoint_id>
				</extensions>
			</trkpt>
			<trkpt lat="46.9885691004" lon="8.2078861460">
				<ele>1423.5</ele>
				<extensions>
					<swisstopo:routepoint_id>1683926258</swisstopo:routepoint_id>
				</extensions>
			</trkpt>
			<trkpt lat="46.9885516595" lon="8.2078438071">
				<ele>1424.0</ele>
				<extensions>
					<swisstopo:routepoint_id>516231699</swisstopo:routepoint_id>
				</extensions>
			</trkpt>
			<trkpt lat="46.9885158869" lon="8.2077964163">
				<ele>1424.9</ele>
				<extensions>
					<swisstopo:routepoint_id>472231213</swisstopo:routepoint_id>
				</extensions>
			</trkpt>
			<trkpt lat="46.9884882256" lon="8.2077374291">
				<ele>1425.7</ele>
				<extensions>
					<swisstopo:routepoint_id>1837921226</swisstopo:routepoint_id>
				</extensions>
			</trkpt>
			<trkpt lat="46.9884606728" lon="8.2076608679">
				<ele>1426.8</ele>
				<extensions>
					<swisstopo:routepoint_id>537266934</swisstopo:routepoint_id>
				</extensions>
			</trkpt>
			<trkpt lat="46.9884300860" lon="8.2075886534">
				<ele>1428.1</ele>
				<extensions>
					<swisstopo:routepoint_id>1824107750</swisstopo:routepoint_id>
				</extensions>
			</trkpt>
			<trkpt lat="46.9883953801" lon="8.2075324972">
				<ele>1429.4</ele>
				<extensions>
					<swisstopo:routepoint_id>302409678</swisstopo:routepoint_id>
				</extensions>
			</trkpt>
			<trkpt lat="46.9883617801" lon="8.2074602529">
				<ele>1430.6</ele>
				<extensions>
					<swisstopo:routepoint_id>1653149344</swisstopo:routepoint_id>
				</extensions>
			</trkpt>
			<trkpt lat="46.9883361052" lon="8.2074027536">
				<ele>1431.4</ele>
				<extensions>
					<swisstopo:routepoint_id>337599722</swisstopo:routepoint_id>
				</extensions>
			</trkpt>
			<trkpt lat="46.9882924352" lon="8.2073391469">
				<ele>1432.9</ele>
				<extensions>
					<swisstopo:routepoint_id>386732280</swisstopo:routepoint_id>
				</extensions>
			</trkpt>
			<trkpt lat="46.9882596462" lon="8.2072962036">
				<ele>1433.9</ele>
				<extensions>
					<swisstopo:routepoint_id>1523914138</swisstopo:routepoint_id>
				</extensions>
			</trkpt>
			<trkpt lat="46.9882369267" lon="8.2072460689">
				<ele>1435.0</ele>
				<extensions>
					<swisstopo:routepoint_id>1534943244</swisstopo:routepoint_id>
				</extensions>
			</trkpt>
			<trkpt lat="46.9882025342" lon="8.2071430528">
				<ele>1436.8</ele>
				<extensions>
					<swisstopo:routepoint_id>70050497</swisstopo:routepoint_id>
				</extensions>
			</trkpt>
			<trkpt lat="46.9881752157" lon="8.2070328031">
				<ele>1438.8</ele>
				<extensions>
					<swisstopo:routepoint_id>517664523</swisstopo:routepoint_id>
				</extensions>
			</trkpt>
			<trkpt lat="46.9881537302" lon="8.2069475479">
				<ele>1440.3</ele>
				<extensions>
					<swisstopo:routepoint_id>931384064</swisstopo:routepoint_id>
				</extensions>
			</trkpt>
			<trkpt lat="46.9881490834" lon="8.2068932819">
				<ele>1440.8</ele>
				<extensions>
					<swisstopo:routepoint_id>763660665</swisstopo:routepoint_id>
				</extensions>
			</trkpt>
			<trkpt lat="46.9881574304" lon="8.2068450647">
				<ele>1441.2</ele>
				<extensions>
					<swisstopo:routepoint_id>1482522183</swisstopo:routepoint_id>
				</extensions>
			</trkpt>
			<trkpt lat="46.9881797715" lon="8.2068014384">
				<ele>1442.0</ele>
				<extensions>
					<swisstopo:routepoint_id>1645057187</swisstopo:routepoint_id>
				</extensions>
			</trkpt>
			<trkpt lat="46.9882272600" lon="8.2067450001">
				<ele>1443.8</ele>
				<extensions>
					<swisstopo:routepoint_id>1771670431</swisstopo:routepoint_id>
				</extensions>
			</trkpt>
			<trkpt lat="46.9883167953" lon="8.2066950137">
				<ele>1446.0</ele>
				<extensions>
					<swisstopo:routepoint_id>1604168162</swisstopo:routepoint_id>
				</extensions>
			</trkpt>
			<trkpt lat="46.9883842057" lon="8.2066578954">
				<ele>1447.6</ele>
				<extensions>
					<swisstopo:routepoint_id>1744594296</swisstopo:routepoint_id>
				</extensions>
			</trkpt>
			<trkpt lat="46.9884599770" lon="8.2066363168">
				<ele>1449.1</ele>
				<extensions>
					<swisstopo:routepoint_id>1802100381</swisstopo:routepoint_id>
				</extensions>
			</trkpt>
			<trkpt lat="46.9885400381" lon="8.2066228579">
				<ele>1450.3</ele>
				<extensions>
					<swisstopo:routepoint_id>1939229826</swisstopo:routepoint_id>
				</extensions>
			</trkpt>
			<trkpt lat="46.9886059933" lon="8.2065841280">
				<ele>1451.2</ele>
				<extensions>
					<swisstopo:routepoint_id>276375063</swisstopo:routepoint_id>
				</extensions>
			</trkpt>
			<trkpt lat="46.9887222630" lon="8.2064939688">
				<ele>1453.6</ele>
				<extensions>
					<swisstopo:routepoint_id>28555380</swisstopo:routepoint_id>
				</extensions>
			</trkpt>
			<trkpt lat="46.9888140277" lon="8.2064389389">
				<ele>1456.1</ele>
				<extensions>
					<swisstopo:routepoint_id>1041418379</swisstopo:routepoint_id>
				</extensions>
			</trkpt>
			<trkpt lat="46.9888944522" lon="8.2063712185">
				<ele>1458.9</ele>
				<extensions>
					<swisstopo:routepoint_id>1126972803</swisstopo:routepoint_id>
				</extensions>
			</trkpt>
			<trkpt lat="46.9889992523" lon="8.2062892420">
				<ele>1462.0</ele>
				<extensions>
					<swisstopo:routepoint_id>226133481</swisstopo:routepoint_id>
				</extensions>
			</trkpt>
			<trkpt lat="46.9890482529" lon="8.2062231617">
				<ele>1463.5</ele>
				<extensions>
					<swisstopo:routepoint_id>1726843624</swisstopo:routepoint_id>
				</extensions>
			</trkpt>
			<trkpt lat="46.9890772728" lon="8.2061547185">
				<ele>1464.5</ele>
				<extensions>
					<swisstopo:routepoint_id>1966783010</swisstopo:routepoint_id>
				</extensions>
			</trkpt>
			<trkpt lat="46.9890820290" lon="8.2060838252">
				<ele>1465.7</ele>
				<extensions>
					<swisstopo:routepoint_id>1653754446</swisstopo:routepoint_id>
				</extensions>
			</trkpt>
			<trkpt lat="46.9890598391" lon="8.2059854262">
				<ele>1467.6</ele>
				<extensions>
					<swisstopo:routepoint_id>1917614448</swisstopo:routepoint_id>
				</extensions>
			</trkpt>
			<trkpt lat="46.9890262814" lon="8.2058785170">
				<ele>1469.2</ele>
				<extensions>
					<swisstopo:routepoint_id>2058937007</swisstopo:routepoint_id>
				</extensions>
			</trkpt>
			<trkpt lat="46.9890166814" lon="8.2058155817">
				<ele>1469.7</ele>
				<extensions>
					<swisstopo:routepoint_id>2788891</swisstopo:routepoint_id>
				</extensions>
			</trkpt>
			<trkpt lat="46.9890317362" lon="8.2056992848">
				<ele>1470.2</ele>
				<extensions>
					<swisstopo:routepoint_id>1775734450</swisstopo:routepoint_id>
				</extensions>
			</trkpt>
			<trkpt lat="46.9890205575" lon="8.2055913024">
				<ele>1470.7</ele>
				<extensions>
					<swisstopo:routepoint_id>1188658791</swisstopo:routepoint_id>
				</extensions>
			</trkpt>
			<trkpt lat="46.9890267098" lon="8.2055618253">
				<ele>1470.9</ele>
				<extensions>
					<swisstopo:routepoint_id>1895415943</swisstopo:routepoint_id>
				</extensions>
			</trkpt>
			<trkpt lat="46.9890627590" lon="8.2055101646">
				<ele>1471.7</ele>
				<extensions>
					<swisstopo:routepoint_id>483334403</swisstopo:routepoint_id>
				</extensions>
			</trkpt>
			<trkpt lat="46.9891510058" lon="8.2053044695">
				<ele>1474.9</ele>
				<extensions>
					<swisstopo:routepoint_id>1618158267</swisstopo:routepoint_id>
				</extensions>
			</trkpt>
			<trkpt lat="46.9891487501" lon="8.2052853100">
				<ele>1475.2</ele>
				<extensions>
					<swisstopo:routepoint_id>653087861</swisstopo:routepoint_id>
				</extensions>
			</trkpt>
			<trkpt lat="46.9890889699" lon="8.2051488031">
				<ele>1475.9</ele>
				<extensions>
					<swisstopo:routepoint_id>658760010</swisstopo:routepoint_id>
				</extensions>
			</trkpt>
			<trkpt lat="46.9890607017" lon="8.2051049259">
				<ele>1476.3</ele>
				<extensions>
					<swisstopo:routepoint_id>1501287785</swisstopo:routepoint_id>
				</extensions>
			</trkpt>
			<trkpt lat="46.9890469853" lon="8.2050212534">
				<ele>1477.8</ele>
				<extensions>
					<swisstopo:routepoint_id>1358433892</swisstopo:routepoint_id>
				</extensions>
			</trkpt>
			<trkpt lat="46.9890304898" lon="8.2049966717">
				<ele>1477.9</ele>
				<extensions>
					<swisstopo:routepoint_id>1299771587</swisstopo:routepoint_id>
				</extensions>
			</trkpt>
			<trkpt lat="46.9890284084" lon="8.2049514201">
				<ele>1478.7</ele>
				<extensions>
					<swisstopo:routepoint_id>1057405425</swisstopo:routepoint_id>
				</extensions>
			</trkpt>
			<trkpt lat="46.9889676257" lon="8.2047870830">
				<ele>1480.4</ele>
				<extensions>
					<swisstopo:routepoint_id>1385799050</swisstopo:routepoint_id>
				</extensions>
			</trkpt>
			<trkpt lat="46.9889482685" lon="8.2046563730">
				<ele>1482.0</ele>
				<extensions>
					<swisstopo:routepoint_id>1664481635</swisstopo:routepoint_id>
				</extensions>
			</trkpt>
			<trkpt lat="46.9889273634" lon="8.2045795524">
				<ele>1482.3</ele>
				<extensions>
					<swisstopo:routepoint_id>1820853623</swisstopo:routepoint_id>
				</extensions>
			</trkpt>
			<trkpt lat="46.9888977686" lon="8.2045565191">
				<ele>1482.5</ele>
				<extensions>
					<swisstopo:routepoint_id>1444872011</swisstopo:routepoint_id>
				</extensions>
			</trkpt>
			<trkpt lat="46.9888884404" lon="8.2045268210">
				<ele>1482.8</ele>
				<extensions>
					<swisstopo:routepoint_id>218808601</swisstopo:routepoint_id>
				</extensions>
			</trkpt>
			<trkpt lat="46.9888625447" lon="8.2044847131">
				<ele>1483.2</ele>
				<extensions>
					<swisstopo:routepoint_id>1024153343</swisstopo:routepoint_id>
				</extensions>
			</trkpt>
			<trkpt lat="46.9888440836" lon="8.2043975030">
				<ele>1484.2</ele>
				<extensions>
					<swisstopo:routepoint_id>863805096</swisstopo:routepoint_id>
				</extensions>
			</trkpt>
			<trkpt lat="46.9888289376" lon="8.2043485947">
				<ele>1484.9</ele>
				<extensions>
					<swisstopo:routepoint_id>982794752</swisstopo:routepoint_id>
				</extensions>
			</trkpt>
			<trkpt lat="46.9888150233" lon="8.2042944718">
				<ele>1485.9</ele>
				<extensions>
					<swisstopo:routepoint_id>1534667787</swisstopo:routepoint_id>
				</extensions>
			</trkpt>
			<trkpt lat="46.9887929327" lon="8.2042158994">
				<ele>1487.1</ele>
				<extensions>
					<swisstopo:routepoint_id>1882895639</swisstopo:routepoint_id>
				</extensions>
			</trkpt>
			<trkpt lat="46.9887740626" lon="8.2041912842">
				<ele>1486.9</ele>
				<extensions>
					<swisstopo:routepoint_id>507982481</swisstopo:routepoint_id>
				</extensions>
			</trkpt>
			<trkpt lat="46.9887696900" lon="8.2041320918">
				<ele>1488.1</ele>
				<extensions>
					<swisstopo:routepoint_id>1414061342</swisstopo:routepoint_id>
				</extensions>
			</trkpt>
			<trkpt lat="46.9887300997" lon="8.2040419775">
				<ele>1489.2</ele>
				<extensions>
					<swisstopo:routepoint_id>2074937292</swisstopo:routepoint_id>
				</extensions>
			</trkpt>
			<trkpt lat="46.9887307927" lon="8.2040095567">
				<ele>1489.9</ele>
				<extensions>
					<swisstopo:routepoint_id>484123011</swisstopo:routepoint_id>
				</extensions>
			</trkpt>
			<trkpt lat="46.9887608324" lon="8.2040171104">
				<ele>1490.9</ele>
				<extensions>
					<swisstopo:routepoint_id>1987391041</swisstopo:routepoint_id>
				</extensions>
			</trkpt>
			<trkpt lat="46.9887624381" lon="8.2040017132">
				<ele>1491.4</ele>
				<extensions>
					<swisstopo:routepoint_id>120580649</swisstopo:routepoint_id>
				</extensions>
			</trkpt>
			<trkpt lat="46.9887529878" lon="8.2039902860">
				<ele>1491.7</ele>
				<extensions>
					<swisstopo:routepoint_id>1521888622</swisstopo:routepoint_id>
				</extensions>
			</trkpt>
			<trkpt lat="46.9887423425" lon="8.2038492900">
				<ele>1494.8</ele>
				<extensions>
					<swisstopo:routepoint_id>1851834184</swisstopo:routepoint_id>
				</extensions>
			</trkpt>
			<trkpt lat="46.9887127240" lon="8.2037759345">
				<ele>1495.6</ele>
				<extensions>
					<swisstopo:routepoint_id>296634517</swisstopo:routepoint_id>
				</extensions>
			</trkpt>
			<trkpt lat="46.9886999857" lon="8.2037274552">
				<ele>1496.3</ele>
				<extensions>
					<swisstopo:routepoint_id>1226782532</swisstopo:routepoint_id>
				</extensions>
			</trkpt>
			<trkpt lat="46.9886993794" lon="8.2036647147">
				<ele>1498.9</ele>
				<extensions>
					<swisstopo:routepoint_id>543520477</swisstopo:routepoint_id>
				</extensions>
			</trkpt>
			<trkpt lat="46.9886961755" lon="8.2036163581">
				<ele>1499.4</ele>
				<extensions>
					<swisstopo:routepoint_id>1700706248</swisstopo:routepoint_id>
				</extensions>
			</trkpt>
			<trkpt lat="46.9886826638" lon="8.2035328999">
				<ele>1501.0</ele>
				<extensions>
					<swisstopo:routepoint_id>762568566</swisstopo:routepoint_id>
				</extensions>
			</trkpt>
			<trkpt lat="46.9886814935" lon="8.2034804446">
				<ele>1502.0</ele>
				<extensions>
					<swisstopo:routepoint_id>307483466</swisstopo:routepoint_id>
				</extensions>
			</trkpt>
			<trkpt lat="46.9886616108" lon="8.2034524499">
				<ele>1502.2</ele>
				<extensions>
					<swisstopo:routepoint_id>1028958380</swisstopo:routepoint_id>
				</extensions>
			</trkpt>
			<trkpt lat="46.9886428160" lon="8.2034111013">
				<ele>1503.0</ele>
				<extensions>
					<swisstopo:routepoint_id>17683369</swisstopo:routepoint_id>
				</extensions>
			</trkpt>
			<trkpt lat="46.9886434889" lon="8.2033843724">
				<ele>1503.5</ele>
				<extensions>
					<swisstopo:routepoint_id>851639497</swisstopo:routepoint_id>
				</extensions>
			</trkpt>
			<trkpt lat="46.9886830818" lon="8.2033839375">
				<ele>1504.9</ele>
				<extensions>
					<swisstopo:routepoint_id>526518824</swisstopo:routepoint_id>
				</extensions>
			</trkpt>
			<trkpt lat="46.9887221598" lon="8.2033945513">
				<ele>1506.1</ele>
				<extensions>
					<swisstopo:routepoint_id>1569249328</swisstopo:routepoint_id>
				</extensions>
			</trkpt>
			<trkpt lat="46.9887212325" lon="8.2033030299">
				<ele>1507.4</ele>
				<extensions>
					<swisstopo:routepoint_id>1126786889</swisstopo:routepoint_id>
				</extensions>
			</trkpt>
			<trkpt lat="46.9887327846" lon="8.2033000790">
				<ele>1507.9</ele>
				<extensions>
					<swisstopo:routepoint_id>1396444177</swisstopo:routepoint_id>
				</extensions>
			</trkpt>
			<trkpt lat="46.9887476844" lon="8.2033239013">
				<ele>1508.2</ele>
				<extensions>
					<swisstopo:routepoint_id>188504776</swisstopo:routepoint_id>
				</extensions>
			</trkpt>
			<trkpt lat="46.9887871490" lon="8.2033480211">
				<ele>1508.9</ele>
				<extensions>
					<swisstopo:routepoint_id>661390907</swisstopo:routepoint_id>
				</extensions>
			</trkpt>
			<trkpt lat="46.9888002105" lon="8.2033440663">
				<ele>1509.2</ele>
				<extensions>
					<swisstopo:routepoint_id>621617077</swisstopo:routepoint_id>
				</extensions>
			</trkpt>
			<trkpt lat="46.9888037653" lon="8.2032750489">
				<ele>1511.1</ele>
				<extensions>
					<swisstopo:routepoint_id>10270484</swisstopo:routepoint_id>
				</extensions>
			</trkpt>
			<trkpt lat="46.9888166881" lon="8.2032647951">
				<ele>1511.7</ele>
				<extensions>
					<swisstopo:routepoint_id>817332828</swisstopo:routepoint_id>
				</extensions>
			</trkpt>
			<trkpt lat="46.9888366201" lon="8.2032961691">
				<ele>1511.8</ele>
				<extensions>
					<swisstopo:routepoint_id>1607433984</swisstopo:routepoint_id>
				</extensions>
			</trkpt>
			<trkpt lat="46.9888546526" lon="8.2032994627">
				<ele>1512.5</ele>
				<extensions>
					<swisstopo:routepoint_id>798689828</swisstopo:routepoint_id>
				</extensions>
			</trkpt>
			<trkpt lat="46.9888652519" lon="8.2032882822">
				<ele>1513.3</ele>
				<extensions>
					<swisstopo:routepoint_id>1807145446</swisstopo:routepoint_id>
				</extensions>
			</trkpt>
			<trkpt lat="46.9888681352" lon="8.2032592709">
				<ele>1514.2</ele>
				<extensions>
					<swisstopo:routepoint_id>832291401</swisstopo:routepoint_id>
				</extensions>
			</trkpt>
			<trkpt lat="46.9888655117" lon="8.2032237529">
				<ele>1514.9</ele>
				<extensions>
					<swisstopo:routepoint_id>1760583696</swisstopo:routepoint_id>
				</extensions>
			</trkpt>
			<trkpt lat="46.9888658179" lon="8.2031778519">
				<ele>1516.3</ele>
				<extensions>
					<swisstopo:routepoint_id>2100490306</swisstopo:routepoint_id>
				</extensions>
			</trkpt>
			<trkpt lat="46.9888789778" lon="8.2031321210">
				<ele>1518.2</ele>
				<extensions>
					<swisstopo:routepoint_id>456899909</swisstopo:routepoint_id>
				</extensions>
			</trkpt>
			<trkpt lat="46.9889031431" lon="8.2031491605">
				<ele>1518.6</ele>
				<extensions>
					<swisstopo:routepoint_id>1862732538</swisstopo:routepoint_id>
				</extensions>
			</trkpt>
			<trkpt lat="46.9889459070" lon="8.2031602078">
				<ele>1519.2</ele>
				<extensions>
					<swisstopo:routepoint_id>929160200</swisstopo:routepoint_id>
				</extensions>
			</trkpt>
			<trkpt lat="46.9890041614" lon="8.2032048662">
				<ele>1521.4</ele>
				<extensions>
					<swisstopo:routepoint_id>2041884063</swisstopo:routepoint_id>
				</extensions>
			</trkpt>
			<trkpt lat="46.9890382089" lon="8.2032387419">
				<ele>1522.5</ele>
				<extensions>
					<swisstopo:routepoint_id>1156767781</swisstopo:routepoint_id>
				</extensions>
			</trkpt>
			<trkpt lat="46.9890868236" lon="8.2032289969">
				<ele>1524.6</ele>
				<extensions>
					<swisstopo:routepoint_id>626638976</swisstopo:routepoint_id>
				</extensions>
			</trkpt>
			<trkpt lat="46.9891511657" lon="8.2032173990">
				<ele>1526.8</ele>
				<extensions>
					<swisstopo:routepoint_id>661464744</swisstopo:routepoint_id>
				</extensions>
			</trkpt>
			<trkpt lat="46.9892059408" lon="8.2032604174">
				<ele>1528.0</ele>
				<extensions>
					<swisstopo:routepoint_id>1862595536</swisstopo:routepoint_id>
				</extensions>
			</trkpt>
			<trkpt lat="46.9892283586" lon="8.2032833085">
				<ele>1528.7</ele>
				<extensions>
					<swisstopo:routepoint_id>774051233</swisstopo:routepoint_id>
				</extensions>
			</trkpt>
			<trkpt lat="46.9892827622" lon="8.2033240476">
				<ele>1529.8</ele>
				<extensions>
					<swisstopo:routepoint_id>23139505</swisstopo:routepoint_id>
				</extensions>
			</trkpt>
			<trkpt lat="46.9893419516" lon="8.2033216572">
				<ele>1531.8</ele>
				<extensions>
					<swisstopo:routepoint_id>211120428</swisstopo:routepoint_id>
				</extensions>
			</trkpt>
			<trkpt lat="46.9893608948" lon="8.2033393719">
				<ele>1532.3</ele>
				<extensions>
					<swisstopo:routepoint_id>658048552</swisstopo:routepoint_id>
				</extensions>
			</trkpt>
			<trkpt lat="46.9894232054" lon="8.2033195420">
				<ele>1535.7</ele>
				<extensions>
					<swisstopo:routepoint_id>281231414</swisstopo:routepoint_id>
				</extensions>
			</trkpt>
			<trkpt lat="46.9894481184" lon="8.2033445064">
				<ele>1536.5</ele>
				<extensions>
					<swisstopo:routepoint_id>44868051</swisstopo:routepoint_id>
				</extensions>
			</trkpt>
			<trkpt lat="46.9894721360" lon="8.2033540509">
				<ele>1537.2</ele>
				<extensions>
					<swisstopo:routepoint_id>330573060</swisstopo:routepoint_id>
				</extensions>
			</trkpt>
			<trkpt lat="46.9894609619" lon="8.2032963385">
				<ele>1538.3</ele>
				<extensions>
					<swisstopo:routepoint_id>401224631</swisstopo:routepoint_id>
				</extensions>
			</trkpt>
			<trkpt lat="46.9895021325" lon="8.2032885907">
				<ele>1539.3</ele>
				<extensions>
					<swisstopo:routepoint_id>283721637</swisstopo:routepoint_id>
				</extensions>
			</trkpt>
			<trkpt lat="46.9895179548" lon="8.2032455921">
				<ele>1541.1</ele>
				<extensions>
					<swisstopo:routepoint_id>1095856719</swisstopo:routepoint_id>
				</extensions>
			</trkpt>
			<trkpt lat="46.9895363946" lon="8.2032632865">
				<ele>1541.1</ele>
				<extensions>
					<swisstopo:routepoint_id>1244119561</swisstopo:routepoint_id>
				</extensions>
			</trkpt>
			<trkpt lat="46.9895475186" lon="8.2032490239">
				<ele>1542.1</ele>
				<extensions>
					<swisstopo:routepoint_id>2016674535</swisstopo:routepoint_id>
				</extensions>
			</trkpt>
			<trkpt lat="46.9895406581" lon="8.2032242642">
				<ele>1542.4</ele>
				<extensions>
					<swisstopo:routepoint_id>514509144</swisstopo:routepoint_id>
				</extensions>
			</trkpt>
			<trkpt lat="46.9895542690" lon="8.2032120877">
				<ele>1542.9</ele>
				<extensions>
					<swisstopo:routepoint_id>1586020386</swisstopo:routepoint_id>
				</extensions>
			</trkpt>
			<trkpt lat="46.9895414251" lon="8.2031821158">
				<ele>1543.9</ele>
				<extensions>
					<swisstopo:routepoint_id>1677600938</swisstopo:routepoint_id>
				</extensions>
			</trkpt>
			<trkpt lat="46.9895519971" lon="8.2031750361">
				<ele>1544.4</ele>
				<extensions>
					<swisstopo:routepoint_id>1126163503</swisstopo:routepoint_id>
				</extensions>
			</trkpt>
			<trkpt lat="46.9895690376" lon="8.2031773035">
				<ele>1545.2</ele>
				<extensions>
					<swisstopo:routepoint_id>1656613910</swisstopo:routepoint_id>
				</extensions>
			</trkpt>
			<trkpt lat="46.9896114336" lon="8.2032137831">
				<ele>1546.7</ele>
				<extensions>
					<swisstopo:routepoint_id>584502015</swisstopo:routepoint_id>
				</extensions>
			</trkpt>
			<trkpt lat="46.9896188022" lon="8.2031583462">
				<ele>1548.3</ele>
				<extensions>
					<swisstopo:routepoint_id>1135164727</swisstopo:routepoint_id>
				</extensions>
			</trkpt>
			<trkpt lat="46.9896539754" lon="8.2031974310">
				<ele>1548.8</ele>
				<extensions>
					<swisstopo:routepoint_id>468846741</swisstopo:routepoint_id>
				</extensions>
			</trkpt>
			<trkpt lat="46.9896783297" lon="8.2032387412">
				<ele>1549.7</ele>
				<extensions>
					<swisstopo:routepoint_id>789675144</swisstopo:routepoint_id>
				</extensions>
			</trkpt>
			<trkpt lat="46.9897327596" lon="8.2033011718">
				<ele>1550.3</ele>
				<extensions>
					<swisstopo:routepoint_id>621206748</swisstopo:routepoint_id>
				</extensions>
			</trkpt>
			<trkpt lat="46.9897724820" lon="8.2033541383">
				<ele>1551.0</ele>
				<extensions>
					<swisstopo:routepoint_id>1703805569</swisstopo:routepoint_id>
				</extensions>
			</trkpt>
			<trkpt lat="46.9897963287" lon="8.2033637199">
				<ele>1551.7</ele>
				<extensions>
					<swisstopo:routepoint_id>1313249085</swisstopo:routepoint_id>
				</extensions>
			</trkpt>
			<trkpt lat="46.9898449903" lon="8.2033428407">
				<ele>1552.5</ele>
				<extensions>
					<swisstopo:routepoint_id>2087931376</swisstopo:routepoint_id>
				</extensions>
			</trkpt>
			<trkpt lat="46.9899499355" lon="8.2033155597">
				<ele>1555.6</ele>
				<extensions>
					<swisstopo:routepoint_id>1979844452</swisstopo:routepoint_id>
				</extensions>
			</trkpt>
			<trkpt lat="46.9899851989" lon="8.2033006551">
				<ele>1556.9</ele>
				<extensions>
					<swisstopo:routepoint_id>2134078146</swisstopo:routepoint_id>
				</extensions>
			</trkpt>
			<trkpt lat="46.9899956585" lon="8.2033131351">
				<ele>1557.4</ele>
				<extensions>
					<swisstopo:routepoint_id>179527628</swisstopo:routepoint_id>
				</extensions>
			</trkpt>
			<trkpt lat="46.9900132004" lon="8.2033185253">
				<ele>1558.0</ele>
				<extensions>
					<swisstopo:routepoint_id>106319761</swisstopo:routepoint_id>
				</extensions>
			</trkpt>
			<trkpt lat="46.9900439823" lon="8.2033415623">
				<ele>1559.4</ele>
				<extensions>
					<swisstopo:routepoint_id>209828823</swisstopo:routepoint_id>
				</extensions>
			</trkpt>
			<trkpt lat="46.9901051973" lon="8.2033362692">
				<ele>1561.3</ele>
				<extensions>
					<swisstopo:routepoint_id>424879787</swisstopo:routepoint_id>
				</extensions>
			</trkpt>
			<trkpt lat="46.9901378803" lon="8.2033911996">
				<ele>1562.6</ele>
				<extensions>
					<swisstopo:routepoint_id>571453834</swisstopo:routepoint_id>
				</extensions>
			</trkpt>
			<trkpt lat="46.9901956698" lon="8.2034773157">
				<ele>1564.9</ele>
				<extensions>
					<swisstopo:routepoint_id>877718654</swisstopo:routepoint_id>
				</extensions>
			</trkpt>
			<trkpt lat="46.9902237050" lon="8.2034900465">
				<ele>1566.1</ele>
				<extensions>
					<swisstopo:routepoint_id>752246535</swisstopo:routepoint_id>
				</extensions>
			</trkpt>
			<trkpt lat="46.9902566697" lon="8.2035028477">
				<ele>1567.3</ele>
				<extensions>
					<swisstopo:routepoint_id>771283856</swisstopo:routepoint_id>
				</extensions>
			</trkpt>
			<trkpt lat="46.9902853472" lon="8.2035258680">
				<ele>1568.5</ele>
				<extensions>
					<swisstopo:routepoint_id>756474500</swisstopo:routepoint_id>
				</extensions>
			</trkpt>
			<trkpt lat="46.9903119587" lon="8.2035416546">
				<ele>1569.5</ele>
				<extensions>
					<swisstopo:routepoint_id>963731260</swisstopo:routepoint_id>
				</extensions>
			</trkpt>
			<trkpt lat="46.9903497132" lon="8.2035740463">
				<ele>1570.8</ele>
				<extensions>
					<swisstopo:routepoint_id>1109621146</swisstopo:routepoint_id>
				</extensions>
			</trkpt>
			<trkpt lat="46.9903609454" lon="8.2035772957">
				<ele>1571.3</ele>
				<extensions>
					<swisstopo:routepoint_id>654610274</swisstopo:routepoint_id>
				</extensions>
			</trkpt>
			<trkpt lat="46.9903938116" lon="8.2036034520">
				<ele>1572.4</ele>
				<extensions>
					<swisstopo:routepoint_id>476151537</swisstopo:routepoint_id>
				</extensions>
			</trkpt>
			<trkpt lat="46.9904189037" lon="8.2036366885">
				<ele>1573.1</ele>
				<extensions>
					<swisstopo:routepoint_id>1154813637</swisstopo:routepoint_id>
				</extensions>
			</trkpt>
			<trkpt lat="46.9904391849" lon="8.2036534237">
				<ele>1573.6</ele>
				<extensions>
					<swisstopo:routepoint_id>2143079120</swisstopo:routepoint_id>
				</extensions>
			</trkpt>
			<trkpt lat="46.9904516964" lon="8.2036751750">
				<ele>1573.9</ele>
				<extensions>
					<swisstopo:routepoint_id>1135042356</swisstopo:routepoint_id>
				</extensions>
			</trkpt>
			<trkpt lat="46.9904868796" lon="8.2037774156">
				<ele>1574.6</ele>
				<extensions>
					<swisstopo:routepoint_id>559640991</swisstopo:routepoint_id>
				</extensions>
			</trkpt>
			<trkpt lat="46.9905209320" lon="8.2038374932">
				<ele>1575.9</ele>
				<extensions>
					<swisstopo:routepoint_id>2055245524</swisstopo:routepoint_id>
				</extensions>
			</trkpt>
			<trkpt lat="46.9904868796" lon="8.2037774156">
				<ele>1574.6</ele>
				<extensions>
					<swisstopo:routepoint_id>493360904</swisstopo:routepoint_id>
				</extensions>
			</trkpt>
			<trkpt lat="46.9904516964" lon="8.2036751750">
				<ele>1573.9</ele>
				<extensions>
					<swisstopo:routepoint_id>482352461</swisstopo:routepoint_id>
				</extensions>
			</trkpt>
			<trkpt lat="46.9904391849" lon="8.2036534237">
				<ele>1573.6</ele>
				<extensions>
					<swisstopo:routepoint_id>147044602</swisstopo:routepoint_id>
				</extensions>
			</trkpt>
			<trkpt lat="46.9904189037" lon="8.2036366885">
				<ele>1573.1</ele>
				<extensions>
					<swisstopo:routepoint_id>1772431764</swisstopo:routepoint_id>
				</extensions>
			</trkpt>
			<trkpt lat="46.9903938116" lon="8.2036034520">
				<ele>1572.4</ele>
				<extensions>
					<swisstopo:routepoint_id>1514990011</swisstopo:routepoint_id>
				</extensions>
			</trkpt>
			<trkpt lat="46.9903609454" lon="8.2035772957">
				<ele>1571.3</ele>
				<extensions>
					<swisstopo:routepoint_id>1870996045</swisstopo:routepoint_id>
				</extensions>
			</trkpt>
			<trkpt lat="46.9903497132" lon="8.2035740463">
				<ele>1570.8</ele>
				<extensions>
					<swisstopo:routepoint_id>227485294</swisstopo:routepoint_id>
				</extensions>
			</trkpt>
			<trkpt lat="46.9903119587" lon="8.2035416546">
				<ele>1569.5</ele>
				<extensions>
					<swisstopo:routepoint_id>824444598</swisstopo:routepoint_id>
				</extensions>
			</trkpt>
			<trkpt lat="46.9902853472" lon="8.2035258680">
				<ele>1568.5</ele>
				<extensions>
					<swisstopo:routepoint_id>875868142</swisstopo:routepoint_id>
				</extensions>
			</trkpt>
			<trkpt lat="46.9902566697" lon="8.2035028477">
				<ele>1567.3</ele>
				<extensions>
					<swisstopo:routepoint_id>1862946056</swisstopo:routepoint_id>
				</extensions>
			</trkpt>
			<trkpt lat="46.9902237050" lon="8.2034900465">
				<ele>1566.1</ele>
				<extensions>
					<swisstopo:routepoint_id>222789932</swisstopo:routepoint_id>
				</extensions>
			</trkpt>
			<trkpt lat="46.9901956698" lon="8.2034773157">
				<ele>1564.9</ele>
				<extensions>
					<swisstopo:routepoint_id>1366390403</swisstopo:routepoint_id>
				</extensions>
			</trkpt>
			<trkpt lat="46.9901378803" lon="8.2033911996">
				<ele>1562.6</ele>
				<extensions>
					<swisstopo:routepoint_id>1880865850</swisstopo:routepoint_id>
				</extensions>
			</trkpt>
			<trkpt lat="46.9901051973" lon="8.2033362692">
				<ele>1561.3</ele>
				<extensions>
					<swisstopo:routepoint_id>753057110</swisstopo:routepoint_id>
				</extensions>
			</trkpt>
			<trkpt lat="46.9900439823" lon="8.2033415623">
				<ele>1559.4</ele>
				<extensions>
					<swisstopo:routepoint_id>1509715999</swisstopo:routepoint_id>
				</extensions>
			</trkpt>
			<trkpt lat="46.9900132004" lon="8.2033185253">
				<ele>1558.0</ele>
				<extensions>
					<swisstopo:routepoint_id>1277505888</swisstopo:routepoint_id>
				</extensions>
			</trkpt>
			<trkpt lat="46.9899956585" lon="8.2033131351">
				<ele>1557.4</ele>
				<extensions>
					<swisstopo:routepoint_id>499956910</swisstopo:routepoint_id>
				</extensions>
			</trkpt>
			<trkpt lat="46.9899851989" lon="8.2033006551">
				<ele>1556.9</ele>
				<extensions>
					<swisstopo:routepoint_id>1819759306</swisstopo:routepoint_id>
				</extensions>
			</trkpt>
			<trkpt lat="46.9899499355" lon="8.2033155597">
				<ele>1555.6</ele>
				<extensions>
					<swisstopo:routepoint_id>232555368</swisstopo:routepoint_id>
				</extensions>
			</trkpt>
			<trkpt lat="46.9898449903" lon="8.2033428407">
				<ele>1552.5</ele>
				<extensions>
					<swisstopo:routepoint_id>137832436</swisstopo:routepoint_id>
				</extensions>
			</trkpt>
			<trkpt lat="46.9897963287" lon="8.2033637199">
				<ele>1551.7</ele>
				<extensions>
					<swisstopo:routepoint_id>1562380386</swisstopo:routepoint_id>
				</extensions>
			</trkpt>
			<trkpt lat="46.9897724820" lon="8.2033541383">
				<ele>1551.0</ele>
				<extensions>
					<swisstopo:routepoint_id>1644595633</swisstopo:routepoint_id>
				</extensions>
			</trkpt>
			<trkpt lat="46.9897327596" lon="8.2033011718">
				<ele>1550.3</ele>
				<extensions>
					<swisstopo:routepoint_id>456783294</swisstopo:routepoint_id>
				</extensions>
			</trkpt>
			<trkpt lat="46.9896783297" lon="8.2032387412">
				<ele>1549.7</ele>
				<extensions>
					<swisstopo:routepoint_id>2050267880</swisstopo:routepoint_id>
				</extensions>
			</trkpt>
			<trkpt lat="46.9896539754" lon="8.2031974310">
				<ele>1548.8</ele>
				<extensions>
					<swisstopo:routepoint_id>329659398</swisstopo:routepoint_id>
				</extensions>
			</trkpt>
			<trkpt lat="46.9896188022" lon="8.2031583462">
				<ele>1548.3</ele>
				<extensions>
					<swisstopo:routepoint_id>77692926</swisstopo:routepoint_id>
				</extensions>
			</trkpt>
			<trkpt lat="46.9895117622" lon="8.2030357462">
				<ele>1547.5</ele>
				<extensions>
					<swisstopo:routepoint_id>114949906</swisstopo:routepoint_id>
				</extensions>
			</trkpt>
			<trkpt lat="46.9894681203" lon="8.2029581151">
				<ele>1548.0</ele>
				<extensions>
					<swisstopo:routepoint_id>1375271489</swisstopo:routepoint_id>
				</extensions>
			</trkpt>
			<trkpt lat="46.9894038973" lon="8.2028843451">
				<ele>1548.3</ele>
				<extensions>
					<swisstopo:routepoint_id>821422962</swisstopo:routepoint_id>
				</extensions>
			</trkpt>
			<trkpt lat="46.9893856722" lon="8.2028316989">
				<ele>1548.8</ele>
				<extensions>
					<swisstopo:routepoint_id>1630839418</swisstopo:routepoint_id>
				</extensions>
			</trkpt>
			<trkpt lat="46.9893426613" lon="8.2026553509">
				<ele>1551.9</ele>
				<extensions>
					<swisstopo:routepoint_id>1184311665</swisstopo:routepoint_id>
				</extensions>
			</trkpt>
			<trkpt lat="46.9892500971" lon="8.2025432125">
				<ele>1550.1</ele>
				<extensions>
					<swisstopo:routepoint_id>1847713259</swisstopo:routepoint_id>
				</extensions>
			</trkpt>
			<trkpt lat="46.9891887298" lon="8.2024931204">
				<ele>1548.8</ele>
				<extensions>
					<swisstopo:routepoint_id>1903208393</swisstopo:routepoint_id>
				</extensions>
			</trkpt>
			<trkpt lat="46.9891556071" lon="8.2024176776">
				<ele>1547.5</ele>
				<extensions>
					<swisstopo:routepoint_id>454539086</swisstopo:routepoint_id>
				</extensions>
			</trkpt>
			<trkpt lat="46.9891197389" lon="8.2023802270">
				<ele>1547.0</ele>
				<extensions>
					<swisstopo:routepoint_id>839086023</swisstopo:routepoint_id>
				</extensions>
			</trkpt>
			<trkpt lat="46.9890165340" lon="8.2022854483">
				<ele>1544.9</ele>
				<extensions>
					<swisstopo:routepoint_id>2141162359</swisstopo:routepoint_id>
				</extensions>
			</trkpt>
			<trkpt lat="46.9889350526" lon="8.2022433524">
				<ele>1541.9</ele>
				<extensions>
					<swisstopo:routepoint_id>1132294934</swisstopo:routepoint_id>
				</extensions>
			</trkpt>
			<trkpt lat="46.9887963141" lon="8.2021378675">
				<ele>1537.5</ele>
				<extensions>
					<swisstopo:routepoint_id>1628359671</swisstopo:routepoint_id>
				</extensions>
			</trkpt>
			<trkpt lat="46.9887147192" lon="8.2021142823">
				<ele>1535.4</ele>
				<extensions>
					<swisstopo:routepoint_id>309393129</swisstopo:routepoint_id>
				</extensions>
			</trkpt>
			<trkpt lat="46.9886270509" lon="8.2020207061">
				<ele>1533.1</ele>
				<extensions>
					<swisstopo:routepoint_id>912409716</swisstopo:routepoint_id>
				</extensions>
			</trkpt>
			<trkpt lat="46.9885260610" lon="8.2019711858">
				<ele>1530.3</ele>
				<extensions>
					<swisstopo:routepoint_id>1836857232</swisstopo:routepoint_id>
				</extensions>
			</trkpt>
			<trkpt lat="46.9884305511" lon="8.2018487295">
				<ele>1527.7</ele>
				<extensions>
					<swisstopo:routepoint_id>1982072599</swisstopo:routepoint_id>
				</extensions>
			</trkpt>
			<trkpt lat="46.9883385112" lon="8.2017335120">
				<ele>1526.7</ele>
				<extensions>
					<swisstopo:routepoint_id>927839129</swisstopo:routepoint_id>
				</extensions>
			</trkpt>
			<trkpt lat="46.9882873545" lon="8.2016547638">
				<ele>1525.7</ele>
				<extensions>
					<swisstopo:routepoint_id>1313480236</swisstopo:routepoint_id>
				</extensions>
			</trkpt>
			<trkpt lat="46.9882345724" lon="8.2015945046">
				<ele>1524.6</ele>
				<extensions>
					<swisstopo:routepoint_id>1677918939</swisstopo:routepoint_id>
				</extensions>
			</trkpt>
			<trkpt lat="46.9882036339" lon="8.2015704948">
				<ele>1524.6</ele>
				<extensions>
					<swisstopo:routepoint_id>28355369</swisstopo:routepoint_id>
				</extensions>
			</trkpt>
			<trkpt lat="46.9881696616" lon="8.2015515769">
				<ele>1524.6</ele>
				<extensions>
					<swisstopo:routepoint_id>1974800796</swisstopo:routepoint_id>
				</extensions>
			</trkpt>
			<trkpt lat="46.9881012607" lon="8.2015024507">
				<ele>1523.3</ele>
				<extensions>
					<swisstopo:routepoint_id>1117213987</swisstopo:routepoint_id>
				</extensions>
			</trkpt>
			<trkpt lat="46.9880257655" lon="8.2014665940">
				<ele>1524.1</ele>
				<extensions>
					<swisstopo:routepoint_id>1565953788</swisstopo:routepoint_id>
				</extensions>
			</trkpt>
			<trkpt lat="46.9878862905" lon="8.2013970984">
				<ele>1525.4</ele>
				<extensions>
					<swisstopo:routepoint_id>1573220931</swisstopo:routepoint_id>
				</extensions>
			</trkpt>
			<trkpt lat="46.9878567261" lon="8.2013936678">
				<ele>1526.4</ele>
				<extensions>
					<swisstopo:routepoint_id>1305525453</swisstopo:routepoint_id>
				</extensions>
			</trkpt>
			<trkpt lat="46.9878216819" lon="8.2013839908">
				<ele>1527.7</ele>
				<extensions>
					<swisstopo:routepoint_id>1125867172</swisstopo:routepoint_id>
				</extensions>
			</trkpt>
			<trkpt lat="46.9877612525" lon="8.2013442084">
				<ele>1528.2</ele>
				<extensions>
					<swisstopo:routepoint_id>971146087</swisstopo:routepoint_id>
				</extensions>
			</trkpt>
			<trkpt lat="46.9876832791" lon="8.2013031947">
				<ele>1528.5</ele>
				<extensions>
					<swisstopo:routepoint_id>1176567009</swisstopo:routepoint_id>
				</extensions>
			</trkpt>
			<trkpt lat="46.9876478667" lon="8.2012729534">
				<ele>1529.0</ele>
				<extensions>
					<swisstopo:routepoint_id>532298687</swisstopo:routepoint_id>
				</extensions>
			</trkpt>
			<trkpt lat="46.9876288869" lon="8.2011812168">
				<ele>1530.5</ele>
				<extensions>
					<swisstopo:routepoint_id>2074642654</swisstopo:routepoint_id>
				</extensions>
			</trkpt>
			<trkpt lat="46.9876025354" lon="8.2011669072">
				<ele>1531.6</ele>
				<extensions>
					<swisstopo:routepoint_id>1974593086</swisstopo:routepoint_id>
				</extensions>
			</trkpt>
			<trkpt lat="46.9875468685" lon="8.2011619376">
				<ele>1533.0</ele>
				<extensions>
					<swisstopo:routepoint_id>1921199311</swisstopo:routepoint_id>
				</extensions>
			</trkpt>
			<trkpt lat="46.9874639646" lon="8.2011952021">
				<ele>1535.9</ele>
				<extensions>
					<swisstopo:routepoint_id>32703685</swisstopo:routepoint_id>
				</extensions>
			</trkpt>
			<trkpt lat="46.9873351222" lon="8.2012262346">
				<ele>1542.1</ele>
				<extensions>
					<swisstopo:routepoint_id>2042503810</swisstopo:routepoint_id>
				</extensions>
			</trkpt>
			<trkpt lat="46.9872929060" lon="8.2012164302">
				<ele>1544.7</ele>
				<extensions>
					<swisstopo:routepoint_id>835437375</swisstopo:routepoint_id>
				</extensions>
			</trkpt>
			<trkpt lat="46.9872269052" lon="8.2011313625">
				<ele>1546.9</ele>
				<extensions>
					<swisstopo:routepoint_id>947877539</swisstopo:routepoint_id>
				</extensions>
			</trkpt>
			<trkpt lat="46.9871586400" lon="8.2011159311">
				<ele>1550.9</ele>
				<extensions>
					<swisstopo:routepoint_id>944104527</swisstopo:routepoint_id>
				</extensions>
			</trkpt>
			<trkpt lat="46.9871220924" lon="8.2012008569">
				<ele>1554.6</ele>
				<extensions>
					<swisstopo:routepoint_id>1955601253</swisstopo:routepoint_id>
				</extensions>
			</trkpt>
			<trkpt lat="46.9870588228" lon="8.2012459666">
				<ele>1559.1</ele>
				<extensions>
					<swisstopo:routepoint_id>553041836</swisstopo:routepoint_id>
				</extensions>
			</trkpt>
			<trkpt lat="46.9869958242" lon="8.2012503281">
				<ele>1563.0</ele>
				<extensions>
					<swisstopo:routepoint_id>664913436</swisstopo:routepoint_id>
				</extensions>
			</trkpt>
			<trkpt lat="46.9869307670" lon="8.2012940964">
				<ele>1567.2</ele>
				<extensions>
					<swisstopo:routepoint_id>1842703511</swisstopo:routepoint_id>
				</extensions>
			</trkpt>
			<trkpt lat="46.9868705345" lon="8.2014233844">
				<ele>1571.6</ele>
				<extensions>
					<swisstopo:routepoint_id>1456235990</swisstopo:routepoint_id>
				</extensions>
			</trkpt>
			<trkpt lat="46.9867916832" lon="8.2015116491">
				<ele>1577.3</ele>
				<extensions>
					<swisstopo:routepoint_id>87159071</swisstopo:routepoint_id>
				</extensions>
			</trkpt>
			<trkpt lat="46.9866650999" lon="8.2016084391">
				<ele>1585.3</ele>
				<extensions>
					<swisstopo:routepoint_id>298659043</swisstopo:routepoint_id>
				</extensions>
			</trkpt>
			<trkpt lat="46.9865385427" lon="8.2017012881">
				<ele>1592.1</ele>
				<extensions>
					<swisstopo:routepoint_id>893252662</swisstopo:routepoint_id>
				</extensions>
			</trkpt>
			<trkpt lat="46.9865100335" lon="8.2017438807">
				<ele>1594.3</ele>
				<extensions>
					<swisstopo:routepoint_id>1986797704</swisstopo:routepoint_id>
				</extensions>
			</trkpt>
			<trkpt lat="46.9865031064" lon="8.2018085715">
				<ele>1594.6</ele>
				<extensions>
					<swisstopo:routepoint_id>885783925</swisstopo:routepoint_id>
				</extensions>
			</trkpt>
			<trkpt lat="46.9864640523" lon="8.2018780298">
				<ele>1597.1</ele>
				<extensions>
					<swisstopo:routepoint_id>1013786471</swisstopo:routepoint_id>
				</extensions>
			</trkpt>
			<trkpt lat="46.9864198884" lon="8.2019628457">
				<ele>1599.7</ele>
				<extensions>
					<swisstopo:routepoint_id>573962799</swisstopo:routepoint_id>
				</extensions>
			</trkpt>
			<trkpt lat="46.9864046557" lon="8.2019924947">
				<ele>1600.5</ele>
				<extensions>
					<swisstopo:routepoint_id>96220469</swisstopo:routepoint_id>
				</extensions>
			</trkpt>
			<trkpt lat="46.9863746984" lon="8.2019715740">
				<ele>1601.3</ele>
				<extensions>
					<swisstopo:routepoint_id>122236292</swisstopo:routepoint_id>
				</extensions>
			</trkpt>
			<trkpt lat="46.9863812414" lon="8.2018102206">
				<ele>1601.5</ele>
				<extensions>
					<swisstopo:routepoint_id>1430993112</swisstopo:routepoint_id>
				</extensions>
			</trkpt>
			<trkpt lat="46.9863876976" lon="8.2017403756">
				<ele>1600.7</ele>
				<extensions>
					<swisstopo:routepoint_id>1031870631</swisstopo:routepoint_id>
				</extensions>
			</trkpt>
			<trkpt lat="46.9863965796" lon="8.2016829017">
				<ele>1600.0</ele>
				<extensions>
					<swisstopo:routepoint_id>1719245692</swisstopo:routepoint_id>
				</extensions>
			</trkpt>
			<trkpt lat="46.9863830296" lon="8.2015264488">
				<ele>1600.0</ele>
				<extensions>
					<swisstopo:routepoint_id>969875059</swisstopo:routepoint_id>
				</extensions>
			</trkpt>
			<trkpt lat="46.9863902161" lon="8.2014998016">
				<ele>1600.0</ele>
				<extensions>
					<swisstopo:routepoint_id>1289235883</swisstopo:routepoint_id>
				</extensions>
			</trkpt>
			<trkpt lat="46.9863891423" lon="8.2014329593">
				<ele>1599.7</ele>
				<extensions>
					<swisstopo:routepoint_id>848033623</swisstopo:routepoint_id>
				</extensions>
			</trkpt>
			<trkpt lat="46.9863727874" lon="8.2013217111">
				<ele>1599.2</ele>
				<extensions>
					<swisstopo:routepoint_id>52136622</swisstopo:routepoint_id>
				</extensions>
			</trkpt>
			<trkpt lat="46.9863478499" lon="8.2013008622">
				<ele>1598.7</ele>
				<extensions>
					<swisstopo:routepoint_id>86877978</swisstopo:routepoint_id>
				</extensions>
			</trkpt>
			<trkpt lat="46.9863578723" lon="8.2012218059">
				<ele>1597.9</ele>
				<extensions>
					<swisstopo:routepoint_id>2016779933</swisstopo:routepoint_id>
				</extensions>
			</trkpt>
			<trkpt lat="46.9863400995" lon="8.2011784141">
				<ele>1597.9</ele>
				<extensions>
					<swisstopo:routepoint_id>138449683</swisstopo:routepoint_id>
				</extensions>
			</trkpt>
			<trkpt lat="46.9863467292" lon="8.2011610113">
				<ele>1597.4</ele>
				<extensions>
					<swisstopo:routepoint_id>1199032480</swisstopo:routepoint_id>
				</extensions>
			</trkpt>
			<trkpt lat="46.9863448159" lon="8.2011455603">
				<ele>1596.9</ele>
				<extensions>
					<swisstopo:routepoint_id>152347912</swisstopo:routepoint_id>
				</extensions>
			</trkpt>
			<trkpt lat="46.9863324134" lon="8.2011248511">
				<ele>1596.4</ele>
				<extensions>
					<swisstopo:routepoint_id>710849760</swisstopo:routepoint_id>
				</extensions>
			</trkpt>
			<trkpt lat="46.9863299993" lon="8.2011093993">
				<ele>1595.6</ele>
				<extensions>
					<swisstopo:routepoint_id>800388059</swisstopo:routepoint_id>
				</extensions>
			</trkpt>
			<trkpt lat="46.9863627481" lon="8.2010851147">
				<ele>1594.6</ele>
				<extensions>
					<swisstopo:routepoint_id>284542805</swisstopo:routepoint_id>
				</extensions>
			</trkpt>
			<trkpt lat="46.9863485322" lon="8.2010345654">
				<ele>1593.3</ele>
				<extensions>
					<swisstopo:routepoint_id>2012325413</swisstopo:routepoint_id>
				</extensions>
			</trkpt>
			<trkpt lat="46.9863245670" lon="8.2010167921">
				<ele>1592.5</ele>
				<extensions>
					<swisstopo:routepoint_id>433259688</swisstopo:routepoint_id>
				</extensions>
			</trkpt>
			<trkpt lat="46.9863194545" lon="8.2009540165">
				<ele>1591.0</ele>
				<extensions>
					<swisstopo:routepoint_id>1826012886</swisstopo:routepoint_id>
				</extensions>
			</trkpt>
			<trkpt lat="46.9862989915" lon="8.2009373198">
				<ele>1589.9</ele>
				<extensions>
					<swisstopo:routepoint_id>109775725</swisstopo:routepoint_id>
				</extensions>
			</trkpt>
			<trkpt lat="46.9862961222" lon="8.2009156998">
				<ele>1589.4</ele>
				<extensions>
					<swisstopo:routepoint_id>312157302</swisstopo:routepoint_id>
				</extensions>
			</trkpt>
			<trkpt lat="46.9863352745" lon="8.2009099852">
				<ele>1588.7</ele>
				<extensions>
					<swisstopo:routepoint_id>125225093</swisstopo:routepoint_id>
				</extensions>
			</trkpt>
			<trkpt lat="46.9863361864" lon="8.2008441886">
				<ele>1586.3</ele>
				<extensions>
					<swisstopo:routepoint_id>124163991</swisstopo:routepoint_id>
				</extensions>
			</trkpt>
			<trkpt lat="46.9863033408" lon="8.2008057625">
				<ele>1584.3</ele>
				<extensions>
					<swisstopo:routepoint_id>1617575500</swisstopo:routepoint_id>
				</extensions>
			</trkpt>
			<trkpt lat="46.9863355889" lon="8.2007814642">
				<ele>1584.0</ele>
				<extensions>
					<swisstopo:routepoint_id>1595941127</swisstopo:routepoint_id>
				</extensions>
			</trkpt>
			<trkpt lat="46.9863192964" lon="8.2007466239">
				<ele>1582.3</ele>
				<extensions>
					<swisstopo:routepoint_id>911770459</swisstopo:routepoint_id>
				</extensions>
			</trkpt>
			<trkpt lat="46.9862468243" lon="8.2006643034">
				<ele>1575.8</ele>
				<extensions>
					<swisstopo:routepoint_id>1830283068</swisstopo:routepoint_id>
				</extensions>
			</trkpt>
			<trkpt lat="46.9862076502" lon="8.2005788168">
				<ele>1571.0</ele>
				<extensions>
					<swisstopo:routepoint_id>1011764248</swisstopo:routepoint_id>
				</extensions>
			</trkpt>
			<trkpt lat="46.9861746998" lon="8.2005297092">
				<ele>1566.0</ele>
				<extensions>
					<swisstopo:routepoint_id>946199190</swisstopo:routepoint_id>
				</extensions>
			</trkpt>
			<trkpt lat="46.9861758661" lon="8.2005035958">
				<ele>1564.9</ele>
				<extensions>
					<swisstopo:routepoint_id>653380295</swisstopo:routepoint_id>
				</extensions>
			</trkpt>
			<trkpt lat="46.9861597887" lon="8.2004561912">
				<ele>1562.6</ele>
				<extensions>
					<swisstopo:routepoint_id>1278730954</swisstopo:routepoint_id>
				</extensions>
			</trkpt>
			<trkpt lat="46.9861633738" lon="8.2004395474">
				<ele>1561.8</ele>
				<extensions>
					<swisstopo:routepoint_id>1762288349</swisstopo:routepoint_id>
				</extensions>
			</trkpt>
			<trkpt lat="46.9861327938" lon="8.2004071681">
				<ele>1559.0</ele>
				<extensions>
					<swisstopo:routepoint_id>685822219</swisstopo:routepoint_id>
				</extensions>
			</trkpt>
			<trkpt lat="46.9861102356" lon="8.2004380677">
				<ele>1557.2</ele>
				<extensions>
					<swisstopo:routepoint_id>1069301284</swisstopo:routepoint_id>
				</extensions>
			</trkpt>
			<trkpt lat="46.9860983056" lon="8.2004400677">
				<ele>1556.1</ele>
				<extensions>
					<swisstopo:routepoint_id>1603522092</swisstopo:routepoint_id>
				</extensions>
			</trkpt>
			<trkpt lat="46.9860845900" lon="8.2004093913">
				<ele>1555.0</ele>
				<extensions>
					<swisstopo:routepoint_id>1623514041</swisstopo:routepoint_id>
				</extensions>
			</trkpt>
			<trkpt lat="46.9860559558" lon="8.2003843119">
				<ele>1552.1</ele>
				<extensions>
					<swisstopo:routepoint_id>473268305</swisstopo:routepoint_id>
				</extensions>
			</trkpt>
			<trkpt lat="46.9860252850" lon="8.2003642743">
				<ele>1549.8</ele>
				<extensions>
					<swisstopo:routepoint_id>2088457294</swisstopo:routepoint_id>
				</extensions>
			</trkpt>
			<trkpt lat="46.9860066297" lon="8.2003313456">
				<ele>1548.7</ele>
				<extensions>
					<swisstopo:routepoint_id>81530043</swisstopo:routepoint_id>
				</extensions>
			</trkpt>
			<trkpt lat="46.9859853490" lon="8.2003187007">
				<ele>1547.9</ele>
				<extensions>
					<swisstopo:routepoint_id>180865915</swisstopo:routepoint_id>
				</extensions>
			</trkpt>
			<trkpt lat="46.9859493874" lon="8.2002739151">
				<ele>1543.3</ele>
				<extensions>
					<swisstopo:routepoint_id>1124072900</swisstopo:routepoint_id>
				</extensions>
			</trkpt>
			<trkpt lat="46.9859252156" lon="8.2002607414">
				<ele>1542.1</ele>
				<extensions>
					<swisstopo:routepoint_id>879587641</swisstopo:routepoint_id>
				</extensions>
			</trkpt>
			<trkpt lat="46.9858832125" lon="8.2002050038">
				<ele>1539.1</ele>
				<extensions>
					<swisstopo:routepoint_id>2099539986</swisstopo:routepoint_id>
				</extensions>
			</trkpt>
			<trkpt lat="46.9858484836" lon="8.2001617507">
				<ele>1537.3</ele>
				<extensions>
					<swisstopo:routepoint_id>1664740845</swisstopo:routepoint_id>
				</extensions>
			</trkpt>
			<trkpt lat="46.9858052624" lon="8.2001174530">
				<ele>1536.0</ele>
				<extensions>
					<swisstopo:routepoint_id>1882428799</swisstopo:routepoint_id>
				</extensions>
			</trkpt>
			<trkpt lat="46.9857994715" lon="8.2000496106">
				<ele>1532.8</ele>
				<extensions>
					<swisstopo:routepoint_id>1251737189</swisstopo:routepoint_id>
				</extensions>
			</trkpt>
			<trkpt lat="46.9857774713" lon="8.2000441315">
				<ele>1532.2</ele>
				<extensions>
					<swisstopo:routepoint_id>1197129511</swisstopo:routepoint_id>
				</extensions>
			</trkpt>
			<trkpt lat="46.9857671234" lon="8.2000242028">
				<ele>1532.2</ele>
				<extensions>
					<swisstopo:routepoint_id>381402634</swisstopo:routepoint_id>
				</extensions>
			</trkpt>
			<trkpt lat="46.9857097323" lon="8.2000506350">
				<ele>1526.4</ele>
				<extensions>
					<swisstopo:routepoint_id>2142866990</swisstopo:routepoint_id>
				</extensions>
			</trkpt>
			<trkpt lat="46.9857016329" lon="8.2000109179">
				<ele>1526.4</ele>
				<extensions>
					<swisstopo:routepoint_id>1864740740</swisstopo:routepoint_id>
				</extensions>
			</trkpt>
			<trkpt lat="46.9856891832" lon="8.1999919928">
				<ele>1526.1</ele>
				<extensions>
					<swisstopo:routepoint_id>321272862</swisstopo:routepoint_id>
				</extensions>
			</trkpt>
			<trkpt lat="46.9856903595" lon="8.1999742881">
				<ele>1525.3</ele>
				<extensions>
					<swisstopo:routepoint_id>859103076</swisstopo:routepoint_id>
				</extensions>
			</trkpt>
			<trkpt lat="46.9856569798" lon="8.1999467798">
				<ele>1524.0</ele>
				<extensions>
					<swisstopo:routepoint_id>1412839551</swisstopo:routepoint_id>
				</extensions>
			</trkpt>
			<trkpt lat="46.9856479499" lon="8.1999453230">
				<ele>1523.1</ele>
				<extensions>
					<swisstopo:routepoint_id>867648778</swisstopo:routepoint_id>
				</extensions>
			</trkpt>
			<trkpt lat="46.9856293600" lon="8.1999527999">
				<ele>1522.7</ele>
				<extensions>
					<swisstopo:routepoint_id>1159048716</swisstopo:routepoint_id>
				</extensions>
			</trkpt>
			<trkpt lat="46.9856108623" lon="8.1999476979">
				<ele>1522.5</ele>
				<extensions>
					<swisstopo:routepoint_id>307607875</swisstopo:routepoint_id>
				</extensions>
			</trkpt>
			<trkpt lat="46.9856011503" lon="8.1999146718">
				<ele>1521.2</ele>
				<extensions>
					<swisstopo:routepoint_id>972416796</swisstopo:routepoint_id>
				</extensions>
			</trkpt>
			<trkpt lat="46.9855841032" lon="8.1998902451">
				<ele>1520.4</ele>
				<extensions>
					<swisstopo:routepoint_id>1058536702</swisstopo:routepoint_id>
				</extensions>
			</trkpt>
			<trkpt lat="46.9855714239" lon="8.1998800909">
				<ele>1519.7</ele>
				<extensions>
					<swisstopo:routepoint_id>1071818766</swisstopo:routepoint_id>
				</extensions>
			</trkpt>
			<trkpt lat="46.9855418514" lon="8.1998348961">
				<ele>1518.1</ele>
				<extensions>
					<swisstopo:routepoint_id>965169126</swisstopo:routepoint_id>
				</extensions>
			</trkpt>
			<trkpt lat="46.9854633156" lon="8.1995993668">
				<ele>1518.9</ele>
				<extensions>
					<swisstopo:routepoint_id>1653514891</swisstopo:routepoint_id>
				</extensions>
			</trkpt>
			<trkpt lat="46.9854517575" lon="8.1995314689">
				<ele>1520.8</ele>
				<extensions>
					<swisstopo:routepoint_id>38897210</swisstopo:routepoint_id>
				</extensions>
			</trkpt>
			<trkpt lat="46.9854506808" lon="8.1994647144">
				<ele>1521.8</ele>
				<extensions>
					<swisstopo:routepoint_id>910379782</swisstopo:routepoint_id>
				</extensions>
			</trkpt>
			<trkpt lat="46.9854361277" lon="8.1993748871">
				<ele>1523.4</ele>
				<extensions>
					<swisstopo:routepoint_id>2079494846</swisstopo:routepoint_id>
				</extensions>
			</trkpt>
			<trkpt lat="46.9854370812" lon="8.1993185850">
				<ele>1524.5</ele>
				<extensions>
					<swisstopo:routepoint_id>1921005444</swisstopo:routepoint_id>
				</extensions>
			</trkpt>
			<trkpt lat="46.9854290050" lon="8.1992746966">
				<ele>1525.3</ele>
				<extensions>
					<swisstopo:routepoint_id>1069348310</swisstopo:routepoint_id>
				</extensions>
			</trkpt>
			<trkpt lat="46.9854543345" lon="8.1990445752">
				<ele>1528.8</ele>
				<extensions>
					<swisstopo:routepoint_id>246404427</swisstopo:routepoint_id>
				</extensions>
			</trkpt>
			<trkpt lat="46.9854427120" lon="8.1989850077">
				<ele>1529.8</ele>
				<extensions>
					<swisstopo:routepoint_id>970733173</swisstopo:routepoint_id>
				</extensions>
			</trkpt>
			<trkpt lat="46.9854200680" lon="8.1989242698">
				<ele>1529.0</ele>
				<extensions>
					<swisstopo:routepoint_id>679172352</swisstopo:routepoint_id>
				</extensions>
			</trkpt>
			<trkpt lat="46.9853839649" lon="8.1989113257">
				<ele>1527.7</ele>
				<extensions>
					<swisstopo:routepoint_id>974136259</swisstopo:routepoint_id>
				</extensions>
			</trkpt>
			<trkpt lat="46.9853619895" lon="8.1989027345">
				<ele>1526.9</ele>
				<extensions>
					<swisstopo:routepoint_id>2040263932</swisstopo:routepoint_id>
				</extensions>
			</trkpt>
			<trkpt lat="46.9853473786" lon="8.1988910898">
				<ele>1526.4</ele>
				<extensions>
					<swisstopo:routepoint_id>1844513475</swisstopo:routepoint_id>
				</extensions>
			</trkpt>
			<trkpt lat="46.9852924634" lon="8.1987966025">
				<ele>1522.9</ele>
				<extensions>
					<swisstopo:routepoint_id>1811529880</swisstopo:routepoint_id>
				</extensions>
			</trkpt>
			<trkpt lat="46.9852528014" lon="8.1986732109">
				<ele>1521.5</ele>
				<extensions>
					<swisstopo:routepoint_id>1507029641</swisstopo:routepoint_id>
				</extensions>
			</trkpt>
			<trkpt lat="46.9852038932" lon="8.1985703431">
				<ele>1521.3</ele>
				<extensions>
					<swisstopo:routepoint_id>1225043569</swisstopo:routepoint_id>
				</extensions>
			</trkpt>
			<trkpt lat="46.9851901487" lon="8.1985128255">
				<ele>1521.0</ele>
				<extensions>
					<swisstopo:routepoint_id>1381540394</swisstopo:routepoint_id>
				</extensions>
			</trkpt>
			<trkpt lat="46.9851761538" lon="8.1984897263">
				<ele>1520.0</ele>
				<extensions>
					<swisstopo:routepoint_id>956210594</swisstopo:routepoint_id>
				</extensions>
			</trkpt>
			<trkpt lat="46.9851633508" lon="8.1984478637">
				<ele>1519.1</ele>
				<extensions>
					<swisstopo:routepoint_id>1411322857</swisstopo:routepoint_id>
				</extensions>
			</trkpt>
			<trkpt lat="46.9851405369" lon="8.1984100635">
				<ele>1518.1</ele>
				<extensions>
					<swisstopo:routepoint_id>1146376484</swisstopo:routepoint_id>
				</extensions>
			</trkpt>
			<trkpt lat="46.9850927103" lon="8.1983500608">
				<ele>1514.6</ele>
				<extensions>
					<swisstopo:routepoint_id>2073769351</swisstopo:routepoint_id>
				</extensions>
			</trkpt>
			<trkpt lat="46.9850252649" lon="8.1983169432">
				<ele>1513.0</ele>
				<extensions>
					<swisstopo:routepoint_id>181891447</swisstopo:routepoint_id>
				</extensions>
			</trkpt>
			<trkpt lat="46.9849987811" lon="8.1982801437">
				<ele>1512.2</ele>
				<extensions>
					<swisstopo:routepoint_id>1180320048</swisstopo:routepoint_id>
				</extensions>
			</trkpt>
			<trkpt lat="46.9849513716" lon="8.1981638514">
				<ele>1512.2</ele>
				<extensions>
					<swisstopo:routepoint_id>1332599397</swisstopo:routepoint_id>
				</extensions>
			</trkpt>
			<trkpt lat="46.9848840452" lon="8.1980431440">
				<ele>1511.4</ele>
				<extensions>
					<swisstopo:routepoint_id>891110816</swisstopo:routepoint_id>
				</extensions>
			</trkpt>
			<trkpt lat="46.9847934454" lon="8.1978783791">
				<ele>1506.1</ele>
				<extensions>
					<swisstopo:routepoint_id>348530334</swisstopo:routepoint_id>
				</extensions>
			</trkpt>
			<trkpt lat="46.9847578781" lon="8.1977924794">
				<ele>1504.4</ele>
				<extensions>
					<swisstopo:routepoint_id>1561418169</swisstopo:routepoint_id>
				</extensions>
			</trkpt>
			<trkpt lat="46.9847349212" lon="8.1977046207">
				<ele>1504.2</ele>
				<extensions>
					<swisstopo:routepoint_id>505000043</swisstopo:routepoint_id>
				</extensions>
			</trkpt>
			<trkpt lat="46.9847042285" lon="8.1976241494">
				<ele>1506.2</ele>
				<extensions>
					<swisstopo:routepoint_id>680349757</swisstopo:routepoint_id>
				</extensions>
			</trkpt>
			<trkpt lat="46.9846904156" lon="8.1975529989">
				<ele>1507.6</ele>
				<extensions>
					<swisstopo:routepoint_id>1435429271</swisstopo:routepoint_id>
				</extensions>
			</trkpt>
			<trkpt lat="46.9846707593" lon="8.1975026385">
				<ele>1507.9</ele>
				<extensions>
					<swisstopo:routepoint_id>428467299</swisstopo:routepoint_id>
				</extensions>
			</trkpt>
			<trkpt lat="46.9846437448" lon="8.1974855622">
				<ele>1508.1</ele>
				<extensions>
					<swisstopo:routepoint_id>737225902</swisstopo:routepoint_id>
				</extensions>
			</trkpt>
			<trkpt lat="46.9846268698" lon="8.1974456773">
				<ele>1508.0</ele>
				<extensions>
					<swisstopo:routepoint_id>1722575371</swisstopo:routepoint_id>
				</extensions>
			</trkpt>
			<trkpt lat="46.9846201014" lon="8.1973892412">
				<ele>1508.5</ele>
				<extensions>
					<swisstopo:routepoint_id>1097215190</swisstopo:routepoint_id>
				</extensions>
			</trkpt>
			<trkpt lat="46.9846092027" lon="8.1973097883">
				<ele>1509.6</ele>
				<extensions>
					<swisstopo:routepoint_id>453621541</swisstopo:routepoint_id>
				</extensions>
			</trkpt>
			<trkpt lat="46.9845856556" lon="8.1971988670">
				<ele>1509.9</ele>
				<extensions>
					<swisstopo:routepoint_id>450292737</swisstopo:routepoint_id>
				</extensions>
			</trkpt>
			<trkpt lat="46.9845723010" lon="8.1971334293">
				<ele>1511.1</ele>
				<extensions>
					<swisstopo:routepoint_id>337658731</swisstopo:routepoint_id>
				</extensions>
			</trkpt>
			<trkpt lat="46.9845532250" lon="8.1970862799">
				<ele>1511.7</ele>
				<extensions>
					<swisstopo:routepoint_id>1378496543</swisstopo:routepoint_id>
				</extensions>
			</trkpt>
			<trkpt lat="46.9845255391" lon="8.1969994142">
				<ele>1512.7</ele>
				<extensions>
					<swisstopo:routepoint_id>1337814365</swisstopo:routepoint_id>
				</extensions>
			</trkpt>
			<trkpt lat="46.9845226804" lon="8.1969608060">
				<ele>1513.0</ele>
				<extensions>
					<swisstopo:routepoint_id>492248465</swisstopo:routepoint_id>
				</extensions>
			</trkpt>
			<trkpt lat="46.9845088547" lon="8.1969147578">
				<ele>1513.0</ele>
				<extensions>
					<swisstopo:routepoint_id>1112943011</swisstopo:routepoint_id>
				</extensions>
			</trkpt>
			<trkpt lat="46.9844951057" lon="8.1967874033">
				<ele>1514.1</ele>
				<extensions>
					<swisstopo:routepoint_id>650620507</swisstopo:routepoint_id>
				</extensions>
			</trkpt>
			<trkpt lat="46.9844891460" lon="8.1967414600">
				<ele>1514.1</ele>
				<extensions>
					<swisstopo:routepoint_id>2139614272</swisstopo:routepoint_id>
				</extensions>
			</trkpt>
			<trkpt lat="46.9844517232" lon="8.1966231933">
				<ele>1514.3</ele>
				<extensions>
					<swisstopo:routepoint_id>883400489</swisstopo:routepoint_id>
				</extensions>
			</trkpt>
			<trkpt lat="46.9844181334" lon="8.1965529450">
				<ele>1514.6</ele>
				<extensions>
					<swisstopo:routepoint_id>1757566912</swisstopo:routepoint_id>
				</extensions>
			</trkpt>
			<trkpt lat="46.9844142111" lon="8.1965164014">
				<ele>1514.9</ele>
				<extensions>
					<swisstopo:routepoint_id>789525499</swisstopo:routepoint_id>
				</extensions>
			</trkpt>
			<trkpt lat="46.9843867985" lon="8.1964618691">
				<ele>1515.9</ele>
				<extensions>
					<swisstopo:routepoint_id>253606880</swisstopo:routepoint_id>
				</extensions>
			</trkpt>
			<trkpt lat="46.9843713520" lon="8.1964231089">
				<ele>1516.5</ele>
				<extensions>
					<swisstopo:routepoint_id>1763276512</swisstopo:routepoint_id>
				</extensions>
			</trkpt>
			<trkpt lat="46.9843455501" lon="8.1963335554">
				<ele>1517.0</ele>
				<extensions>
					<swisstopo:routepoint_id>114008584</swisstopo:routepoint_id>
				</extensions>
			</trkpt>
			<trkpt lat="46.9843123265" lon="8.1962058879">
				<ele>1518.1</ele>
				<extensions>
					<swisstopo:routepoint_id>586858164</swisstopo:routepoint_id>
				</extensions>
			</trkpt>
			<trkpt lat="46.9842732013" lon="8.1960759679">
				<ele>1519.3</ele>
				<extensions>
					<swisstopo:routepoint_id>2080255324</swisstopo:routepoint_id>
				</extensions>
			</trkpt>
			<trkpt lat="46.9842313866" lon="8.1959209530">
				<ele>1521.0</ele>
				<extensions>
					<swisstopo:routepoint_id>1817457308</swisstopo:routepoint_id>
				</extensions>
			</trkpt>
			<trkpt lat="46.9841711908" lon="8.1957364692">
				<ele>1523.4</ele>
				<extensions>
					<swisstopo:routepoint_id>197580628</swisstopo:routepoint_id>
				</extensions>
			</trkpt>
			<trkpt lat="46.9841431855" lon="8.1956526041">
				<ele>1524.0</ele>
				<extensions>
					<swisstopo:routepoint_id>727896534</swisstopo:routepoint_id>
				</extensions>
			</trkpt>
			<trkpt lat="46.9841107737" lon="8.1955874631">
				<ele>1524.5</ele>
				<extensions>
					<swisstopo:routepoint_id>1690193626</swisstopo:routepoint_id>
				</extensions>
			</trkpt>
			<trkpt lat="46.9840666998" lon="8.1955576190">
				<ele>1523.2</ele>
				<extensions>
					<swisstopo:routepoint_id>170589666</swisstopo:routepoint_id>
				</extensions>
			</trkpt>
			<trkpt lat="46.9840499799" lon="8.1954947919">
				<ele>1522.5</ele>
				<extensions>
					<swisstopo:routepoint_id>209847717</swisstopo:routepoint_id>
				</extensions>
			</trkpt>
			<trkpt lat="46.9840303966" lon="8.1954319052">
				<ele>1522.0</ele>
				<extensions>
					<swisstopo:routepoint_id>742431245</swisstopo:routepoint_id>
				</extensions>
			</trkpt>
			<trkpt lat="46.9840122675" lon="8.1953669660">
				<ele>1520.8</ele>
				<extensions>
					<swisstopo:routepoint_id>1161945645</swisstopo:routepoint_id>
				</extensions>
			</trkpt>
			<trkpt lat="46.9840042911" lon="8.1952771259">
				<ele>1520.0</ele>
				<extensions>
					<swisstopo:routepoint_id>1751653344</swisstopo:routepoint_id>
				</extensions>
			</trkpt>
			<trkpt lat="46.9839961813" lon="8.1952081498">
				<ele>1519.2</ele>
				<extensions>
					<swisstopo:routepoint_id>184435885</swisstopo:routepoint_id>
				</extensions>
			</trkpt>
			<trkpt lat="46.9839738162" lon="8.1951348008">
				<ele>1518.3</ele>
				<extensions>
					<swisstopo:routepoint_id>995016574</swisstopo:routepoint_id>
				</extensions>
			</trkpt>
			<trkpt lat="46.9839913901" lon="8.1950682727">
				<ele>1517.8</ele>
				<extensions>
					<swisstopo:routepoint_id>788400029</swisstopo:routepoint_id>
				</extensions>
			</trkpt>
			<trkpt lat="46.9839947545" lon="8.1949911083">
				<ele>1517.6</ele>
				<extensions>
					<swisstopo:routepoint_id>665185413</swisstopo:routepoint_id>
				</extensions>
			</trkpt>
			<trkpt lat="46.9839895912" lon="8.1949075721">
				<ele>1517.3</ele>
				<extensions>
					<swisstopo:routepoint_id>2118853656</swisstopo:routepoint_id>
				</extensions>
			</trkpt>
			<trkpt lat="46.9839929735" lon="8.1948283283">
				<ele>1517.5</ele>
				<extensions>
					<swisstopo:routepoint_id>1999561838</swisstopo:routepoint_id>
				</extensions>
			</trkpt>
			<trkpt lat="46.9840149302" lon="8.1947472474">
				<ele>1518.3</ele>
				<extensions>
					<swisstopo:routepoint_id>664219363</swisstopo:routepoint_id>
				</extensions>
			</trkpt>
			<trkpt lat="46.9840542633" lon="8.1946288643">
				<ele>1520.2</ele>
				<extensions>
					<swisstopo:routepoint_id>914836835</swisstopo:routepoint_id>
				</extensions>
			</trkpt>
			<trkpt lat="46.9840980430" lon="8.1944875855">
				<ele>1522.2</ele>
				<extensions>
					<swisstopo:routepoint_id>1827256972</swisstopo:routepoint_id>
				</extensions>
			</trkpt>
			<trkpt lat="46.9841317214" lon="8.1943607658">
				<ele>1523.7</ele>
				<extensions>
					<swisstopo:routepoint_id>1691776304</swisstopo:routepoint_id>
				</extensions>
			</trkpt>
			<trkpt lat="46.9841511669" lon="8.1942274941">
				<ele>1524.8</ele>
				<extensions>
					<swisstopo:routepoint_id>1000855048</swisstopo:routepoint_id>
				</extensions>
			</trkpt>
			<trkpt lat="46.9841736046" lon="8.1940733856">
				<ele>1525.5</ele>
				<extensions>
					<swisstopo:routepoint_id>131384785</swisstopo:routepoint_id>
				</extensions>
			</trkpt>
			<trkpt lat="46.9841744847" lon="8.1939398460">
				<ele>1525.7</ele>
				<extensions>
					<swisstopo:routepoint_id>570892379</swisstopo:routepoint_id>
				</extensions>
			</trkpt>
			<trkpt lat="46.9841995293" lon="8.1938233404">
				<ele>1527.1</ele>
				<extensions>
					<swisstopo:routepoint_id>31279057</swisstopo:routepoint_id>
				</extensions>
			</trkpt>
			<trkpt lat="46.9842102496" lon="8.1937129103">
				<ele>1527.8</ele>
				<extensions>
					<swisstopo:routepoint_id>1721101131</swisstopo:routepoint_id>
				</extensions>
			</trkpt>
			<trkpt lat="46.9842136268" lon="8.1936336531">
				<ele>1527.9</ele>
				<extensions>
					<swisstopo:routepoint_id>2089467274</swisstopo:routepoint_id>
				</extensions>
			</trkpt>
			<trkpt lat="46.9842460323" lon="8.1934838629">
				<ele>1527.2</ele>
				<extensions>
					<swisstopo:routepoint_id>2023878374</swisstopo:routepoint_id>
				</extensions>
			</trkpt>
			<trkpt lat="46.9842829312" lon="8.1933393986">
				<ele>1525.7</ele>
				<extensions>
					<swisstopo:routepoint_id>1330346985</swisstopo:routepoint_id>
				</extensions>
			</trkpt>
			<trkpt lat="46.9843390232" lon="8.1933919385">
				<ele>1526.6</ele>
				<extensions>
					<swisstopo:routepoint_id>1689527978</swisstopo:routepoint_id>
				</extensions>
			</trkpt>
			<trkpt lat="46.9843466758" lon="8.1933804547">
				<ele>1526.6</ele>
				<extensions>
					<swisstopo:routepoint_id>1867945612</swisstopo:routepoint_id>
				</extensions>
			</trkpt>
			<trkpt lat="46.9843433385" lon="8.1933436243">
				<ele>1527.2</ele>
				<extensions>
					<swisstopo:routepoint_id>498465391</swisstopo:routepoint_id>
				</extensions>
			</trkpt>
			<trkpt lat="46.9843370543" lon="8.1932920481">
				<ele>1526.6</ele>
				<extensions>
					<swisstopo:routepoint_id>374119590</swisstopo:routepoint_id>
				</extensions>
			</trkpt>
			<trkpt lat="46.9843462803" lon="8.1931796711">
				<ele>1526.6</ele>
				<extensions>
					<swisstopo:routepoint_id>2143314361</swisstopo:routepoint_id>
				</extensions>
			</trkpt>
			<trkpt lat="46.9843529135" lon="8.1930788427">
				<ele>1526.6</ele>
				<extensions>
					<swisstopo:routepoint_id>793770549</swisstopo:routepoint_id>
				</extensions>
			</trkpt>
			<trkpt lat="46.9843827410" lon="8.1929015193">
				<ele>1526.6</ele>
				<extensions>
					<swisstopo:routepoint_id>733201879</swisstopo:routepoint_id>
				</extensions>
			</trkpt>
			<trkpt lat="46.9844120588" lon="8.1928156497">
				<ele>1528.0</ele>
				<extensions>
					<swisstopo:routepoint_id>662813867</swisstopo:routepoint_id>
				</extensions>
			</trkpt>
			<trkpt lat="46.9844230393" lon="8.1927516465">
				<ele>1527.7</ele>
				<extensions>
					<swisstopo:routepoint_id>914985680</swisstopo:routepoint_id>
				</extensions>
			</trkpt>
			<trkpt lat="46.9844431245" lon="8.1926877518">
				<ele>1528.2</ele>
				<extensions>
					<swisstopo:routepoint_id>33927593</swisstopo:routepoint_id>
				</extensions>
			</trkpt>
			<trkpt lat="46.9844431252" lon="8.1926877525">
				<ele>1528.2</ele>
				<extensions>
					<swisstopo:routepoint_id>1137889096</swisstopo:routepoint_id>
				</extensions>
			</trkpt>
			<trkpt lat="46.9844964071" lon="8.1925685033">
				<ele>1529.6</ele>
				<extensions>
					<swisstopo:routepoint_id>1395861826</swisstopo:routepoint_id>
				</extensions>
			</trkpt>
			<trkpt lat="46.9845276726" lon="8.1924963191">
				<ele>1531.2</ele>
				<extensions>
					<swisstopo:routepoint_id>1138349754</swisstopo:routepoint_id>
				</extensions>
			</trkpt>
			<trkpt lat="46.9845461518" lon="8.1924481780">
				<ele>1532.3</ele>
				<extensions>
					<swisstopo:routepoint_id>312504355</swisstopo:routepoint_id>
				</extensions>
			</trkpt>
			<trkpt lat="46.9845539111" lon="8.1924177806">
				<ele>1533.1</ele>
				<extensions>
					<swisstopo:routepoint_id>1663177570</swisstopo:routepoint_id>
				</extensions>
			</trkpt>
			<trkpt lat="46.9845556772" lon="8.1923736471">
				<ele>1534.1</ele>
				<extensions>
					<swisstopo:routepoint_id>1378269638</swisstopo:routepoint_id>
				</extensions>
			</trkpt>
			<trkpt lat="46.9845810323" lon="8.1923613078">
				<ele>1534.9</ele>
				<extensions>
					<swisstopo:routepoint_id>1819189324</swisstopo:routepoint_id>
				</extensions>
			</trkpt>
			<trkpt lat="46.9846743273" lon="8.1923244997">
				<ele>1539.0</ele>
				<extensions>
					<swisstopo:routepoint_id>1390286129</swisstopo:routepoint_id>
				</extensions>
			</trkpt>
			<trkpt lat="46.9847113861" lon="8.1923017794">
				<ele>1541.4</ele>
				<extensions>
					<swisstopo:routepoint_id>1916890743</swisstopo:routepoint_id>
				</extensions>
			</trkpt>
			<trkpt lat="46.9847459339" lon="8.1922748326">
				<ele>1541.9</ele>
				<extensions>
					<swisstopo:routepoint_id>633045307</swisstopo:routepoint_id>
				</extensions>
			</trkpt>
			<trkpt lat="46.9847887806" lon="8.1922503000">
				<ele>1543.1</ele>
				<extensions>
					<swisstopo:routepoint_id>958487511</swisstopo:routepoint_id>
				</extensions>
			</trkpt>
			<trkpt lat="46.9847976281" lon="8.1922086921">
				<ele>1544.1</ele>
				<extensions>
					<swisstopo:routepoint_id>1024761230</swisstopo:routepoint_id>
				</extensions>
			</trkpt>
			<trkpt lat="46.9847894802" lon="8.1921438867">
				<ele>1545.6</ele>
				<extensions>
					<swisstopo:routepoint_id>343143670</swisstopo:routepoint_id>
				</extensions>
			</trkpt>
			<trkpt lat="46.9847602549" lon="8.1920287094">
				<ele>1548.8</ele>
				<extensions>
					<swisstopo:routepoint_id>1222069495</swisstopo:routepoint_id>
				</extensions>
			</trkpt>
			<trkpt lat="46.9847565812" lon="8.1919347506">
				<ele>1549.5</ele>
				<extensions>
					<swisstopo:routepoint_id>788402557</swisstopo:routepoint_id>
				</extensions>
			</trkpt>
			<trkpt lat="46.9847249566" lon="8.1917742454">
				<ele>1552.1</ele>
				<extensions>
					<swisstopo:routepoint_id>707673509</swisstopo:routepoint_id>
				</extensions>
			</trkpt>
			<trkpt lat="46.9847144646" lon="8.1917499522">
				<ele>1552.9</ele>
				<extensions>
					<swisstopo:routepoint_id>1104228677</swisstopo:routepoint_id>
				</extensions>
			</trkpt>
			<trkpt lat="46.9847339237" lon="8.1917070682">
				<ele>1554.0</ele>
				<extensions>
					<swisstopo:routepoint_id>217696965</swisstopo:routepoint_id>
				</extensions>
			</trkpt>
			<trkpt lat="46.9847567525" lon="8.1916968111">
				<ele>1554.8</ele>
				<extensions>
					<swisstopo:routepoint_id>1668239914</swisstopo:routepoint_id>
				</extensions>
			</trkpt>
			<trkpt lat="46.9847664717" lon="8.1916769350">
				<ele>1555.4</ele>
				<extensions>
					<swisstopo:routepoint_id>561739366</swisstopo:routepoint_id>
				</extensions>
			</trkpt>
			<trkpt lat="46.9847651536" lon="8.1916422445">
				<ele>1556.2</ele>
				<extensions>
					<swisstopo:routepoint_id>815412150</swisstopo:routepoint_id>
				</extensions>
			</trkpt>
			<trkpt lat="46.9847541238" lon="8.1916242531">
				<ele>1557.0</ele>
				<extensions>
					<swisstopo:routepoint_id>1538853543</swisstopo:routepoint_id>
				</extensions>
			</trkpt>
			<trkpt lat="46.9847730751" lon="8.1915824144">
				<ele>1557.8</ele>
				<extensions>
					<swisstopo:routepoint_id>1365936380</swisstopo:routepoint_id>
				</extensions>
			</trkpt>
			<trkpt lat="46.9847606258" lon="8.1915465279">
				<ele>1558.8</ele>
				<extensions>
					<swisstopo:routepoint_id>692552230</swisstopo:routepoint_id>
				</extensions>
			</trkpt>
			<trkpt lat="46.9847583678" lon="8.1914970941">
				<ele>1559.7</ele>
				<extensions>
					<swisstopo:routepoint_id>363962870</swisstopo:routepoint_id>
				</extensions>
			</trkpt>
			<trkpt lat="46.9847606386" lon="8.1914529739">
				<ele>1561.0</ele>
				<extensions>
					<swisstopo:routepoint_id>1090529434</swisstopo:routepoint_id>
				</extensions>
			</trkpt>
			<trkpt lat="46.9847780513" lon="8.1914153242">
				<ele>1561.8</ele>
				<extensions>
					<swisstopo:routepoint_id>1902753740</swisstopo:routepoint_id>
				</extensions>
			</trkpt>
			<trkpt lat="46.9847640513" lon="8.1913867842">
				<ele>1562.9</ele>
				<extensions>
					<swisstopo:routepoint_id>1403120703</swisstopo:routepoint_id>
				</extensions>
			</trkpt>
			<trkpt lat="46.9847646706" lon="8.1913647201">
				<ele>1563.4</ele>
				<extensions>
					<swisstopo:routepoint_id>731727614</swisstopo:routepoint_id>
				</extensions>
			</trkpt>
			<trkpt lat="46.9847768544" lon="8.1913574907">
				<ele>1563.7</ele>
				<extensions>
					<swisstopo:routepoint_id>1654645776</swisstopo:routepoint_id>
				</extensions>
			</trkpt>
			<trkpt lat="46.9848132056" lon="8.1913715691">
				<ele>1564.8</ele>
				<extensions>
					<swisstopo:routepoint_id>1865812229</swisstopo:routepoint_id>
				</extensions>
			</trkpt>
			<trkpt lat="46.9848221794" lon="8.1913033393">
				<ele>1565.8</ele>
				<extensions>
					<swisstopo:routepoint_id>1149919309</swisstopo:routepoint_id>
				</extensions>
			</trkpt>
			<trkpt lat="46.9848172032" lon="8.1912885649">
				<ele>1566.6</ele>
				<extensions>
					<swisstopo:routepoint_id>1488487010</swisstopo:routepoint_id>
				</extensions>
			</trkpt>
			<trkpt lat="46.9848306662" lon="8.1912330037">
				<ele>1568.5</ele>
				<extensions>
					<swisstopo:routepoint_id>964173167</swisstopo:routepoint_id>
				</extensions>
			</trkpt>
			<trkpt lat="46.9848238597" lon="8.1911845779">
				<ele>1569.0</ele>
				<extensions>
					<swisstopo:routepoint_id>2094301154</swisstopo:routepoint_id>
				</extensions>
			</trkpt>
			<trkpt lat="46.9848095453" lon="8.1911202960">
				<ele>1570.4</ele>
				<extensions>
					<swisstopo:routepoint_id>1662520948</swisstopo:routepoint_id>
				</extensions>
			</trkpt>
			<trkpt lat="46.9848023592" lon="8.1910487394">
				<ele>1572.5</ele>
				<extensions>
					<swisstopo:routepoint_id>1079841919</swisstopo:routepoint_id>
				</extensions>
			</trkpt>
			<trkpt lat="46.9848175066" lon="8.1909627081">
				<ele>1575.0</ele>
				<extensions>
					<swisstopo:routepoint_id>518831836</swisstopo:routepoint_id>
				</extensions>
			</trkpt>
			<trkpt lat="46.9848245220" lon="8.1908849900">
				<ele>1576.6</ele>
				<extensions>
					<swisstopo:routepoint_id>1223060832</swisstopo:routepoint_id>
				</extensions>
			</trkpt>
			<trkpt lat="46.9848218445" lon="8.1908197931">
				<ele>1577.9</ele>
				<extensions>
					<swisstopo:routepoint_id>269934340</swisstopo:routepoint_id>
				</extensions>
			</trkpt>
			<trkpt lat="46.9848206584" lon="8.1907609135">
				<ele>1579.3</ele>
				<extensions>
					<swisstopo:routepoint_id>1300989916</swisstopo:routepoint_id>
				</extensions>
			</trkpt>
			<trkpt lat="46.9848058481" lon="8.1906945196">
				<ele>1581.1</ele>
				<extensions>
					<swisstopo:routepoint_id>59024458</swisstopo:routepoint_id>
				</extensions>
			</trkpt>
			<trkpt lat="46.9848014277" lon="8.1906713515">
				<ele>1581.9</ele>
				<extensions>
					<swisstopo:routepoint_id>2034104339</swisstopo:routepoint_id>
				</extensions>
			</trkpt>
			<trkpt lat="46.9848087604" lon="8.1906262368">
				<ele>1583.0</ele>
				<extensions>
					<swisstopo:routepoint_id>1399448980</swisstopo:routepoint_id>
				</extensions>
			</trkpt>
			<trkpt lat="46.9848036570" lon="8.1905431244">
				<ele>1584.6</ele>
				<extensions>
					<swisstopo:routepoint_id>1298104916</swisstopo:routepoint_id>
				</extensions>
			</trkpt>
			<trkpt lat="46.9848011735" lon="8.1904442978">
				<ele>1585.4</ele>
				<extensions>
					<swisstopo:routepoint_id>962953339</swisstopo:routepoint_id>
				</extensions>
			</trkpt>
			<trkpt lat="46.9848086428" lon="8.1903749942">
				<ele>1586.8</ele>
				<extensions>
					<swisstopo:routepoint_id>920004781</swisstopo:routepoint_id>
				</extensions>
			</trkpt>
			<trkpt lat="46.9847981826" lon="8.1903464976">
				<ele>1587.6</ele>
				<extensions>
					<swisstopo:routepoint_id>638095867</swisstopo:routepoint_id>
				</extensions>
			</trkpt>
			<trkpt lat="46.9847934682" lon="8.1902844237">
				<ele>1588.4</ele>
				<extensions>
					<swisstopo:routepoint_id>2091387198</swisstopo:routepoint_id>
				</extensions>
			</trkpt>
			<trkpt lat="46.9848007637" lon="8.1902502967">
				<ele>1589.2</ele>
				<extensions>
					<swisstopo:routepoint_id>2079786337</swisstopo:routepoint_id>
				</extensions>
			</trkpt>
			<trkpt lat="46.9847869268" lon="8.1901405797">
				<ele>1591.5</ele>
				<extensions>
					<swisstopo:routepoint_id>377643740</swisstopo:routepoint_id>
				</extensions>
			</trkpt>
			<trkpt lat="46.9847819561" lon="8.1900278227">
				<ele>1592.0</ele>
				<extensions>
					<swisstopo:routepoint_id>1244161295</swisstopo:routepoint_id>
				</extensions>
			</trkpt>
			<trkpt lat="46.9847794497" lon="8.1899846819">
				<ele>1592.7</ele>
				<extensions>
					<swisstopo:routepoint_id>570614226</swisstopo:routepoint_id>
				</extensions>
			</trkpt>
			<trkpt lat="46.9847817569" lon="8.1899342529">
				<ele>1593.2</ele>
				<extensions>
					<swisstopo:routepoint_id>1798812527</swisstopo:routepoint_id>
				</extensions>
			</trkpt>
			<trkpt lat="46.9847688249" lon="8.1898941624">
				<ele>1594.0</ele>
				<extensions>
					<swisstopo:routepoint_id>367358823</swisstopo:routepoint_id>
				</extensions>
			</trkpt>
			<trkpt lat="46.9847652012" lon="8.1898184390">
				<ele>1593.2</ele>
				<extensions>
					<swisstopo:routepoint_id>184253036</swisstopo:routepoint_id>
				</extensions>
			</trkpt>
			<trkpt lat="46.9847436181" lon="8.1897887728">
				<ele>1592.7</ele>
				<extensions>
					<swisstopo:routepoint_id>69357078</swisstopo:routepoint_id>
				</extensions>
			</trkpt>
			<trkpt lat="46.9847363967" lon="8.1897224726">
				<ele>1591.9</ele>
				<extensions>
					<swisstopo:routepoint_id>1748273272</swisstopo:routepoint_id>
				</extensions>
			</trkpt>
			<trkpt lat="46.9847058736" lon="8.1896622134">
				<ele>1590.8</ele>
				<extensions>
					<swisstopo:routepoint_id>1357624250</swisstopo:routepoint_id>
				</extensions>
			</trkpt>
			<trkpt lat="46.9846928814" lon="8.1896326354">
				<ele>1589.7</ele>
				<extensions>
					<swisstopo:routepoint_id>577020375</swisstopo:routepoint_id>
				</extensions>
			</trkpt>
			<trkpt lat="46.9846724054" lon="8.1895861624">
				<ele>1589.2</ele>
				<extensions>
					<swisstopo:routepoint_id>2092776420</swisstopo:routepoint_id>
				</extensions>
			</trkpt>
			<trkpt lat="46.9846473036" lon="8.1895511968">
				<ele>1588.1</ele>
				<extensions>
					<swisstopo:routepoint_id>1806120374</swisstopo:routepoint_id>
				</extensions>
			</trkpt>
			<trkpt lat="46.9845209606" lon="8.1895277281">
				<ele>1588.1</ele>
				<extensions>
					<swisstopo:routepoint_id>783775473</swisstopo:routepoint_id>
				</extensions>
			</trkpt>
			<trkpt lat="46.9844665310" lon="8.1894913832">
				<ele>1587.6</ele>
				<extensions>
					<swisstopo:routepoint_id>249684013</swisstopo:routepoint_id>
				</extensions>
			</trkpt>
			<trkpt lat="46.9844378864" lon="8.1894574337">
				<ele>1587.0</ele>
				<extensions>
					<swisstopo:routepoint_id>256160253</swisstopo:routepoint_id>
				</extensions>
			</trkpt>
			<trkpt lat="46.9844218663" lon="8.1894267673">
				<ele>1585.7</ele>
				<extensions>
					<swisstopo:routepoint_id>1728143583</swisstopo:routepoint_id>
				</extensions>
			</trkpt>
			<trkpt lat="46.9843990618" lon="8.1893434785">
				<ele>1583.0</ele>
				<extensions>
					<swisstopo:routepoint_id>192873806</swisstopo:routepoint_id>
				</extensions>
			</trkpt>
			<trkpt lat="46.9843963973" lon="8.1892761836">
				<ele>1581.1</ele>
				<extensions>
					<swisstopo:routepoint_id>1077234119</swisstopo:routepoint_id>
				</extensions>
			</trkpt>
			<trkpt lat="46.9843772511" lon="8.1891708478">
				<ele>1579.3</ele>
				<extensions>
					<swisstopo:routepoint_id>1786693823</swisstopo:routepoint_id>
				</extensions>
			</trkpt>
			<trkpt lat="46.9843662579" lon="8.1891465482">
				<ele>1578.7</ele>
				<extensions>
					<swisstopo:routepoint_id>699247160</swisstopo:routepoint_id>
				</extensions>
			</trkpt>
			<trkpt lat="46.9843521834" lon="8.1891306265">
				<ele>1578.7</ele>
				<extensions>
					<swisstopo:routepoint_id>1216501736</swisstopo:routepoint_id>
				</extensions>
			</trkpt>
			<trkpt lat="46.9843188875" lon="8.1891134410">
				<ele>1577.4</ele>
				<extensions>
					<swisstopo:routepoint_id>1700357512</swisstopo:routepoint_id>
				</extensions>
			</trkpt>
			<trkpt lat="46.9843093213" lon="8.1891059776">
				<ele>1576.8</ele>
				<extensions>
					<swisstopo:routepoint_id>1343813555</swisstopo:routepoint_id>
				</extensions>
			</trkpt>
			<trkpt lat="46.9842974036" lon="8.1890659018">
				<ele>1576.6</ele>
				<extensions>
					<swisstopo:routepoint_id>388903386</swisstopo:routepoint_id>
				</extensions>
			</trkpt>
			<trkpt lat="46.9842886178" lon="8.1890090474">
				<ele>1576.6</ele>
				<extensions>
					<swisstopo:routepoint_id>1506470681</swisstopo:routepoint_id>
				</extensions>
			</trkpt>
			<trkpt lat="46.9842806252" lon="8.1889900337">
				<ele>1576.3</ele>
				<extensions>
					<swisstopo:routepoint_id>420537437</swisstopo:routepoint_id>
				</extensions>
			</trkpt>
			<trkpt lat="46.9842560625" lon="8.1889498197">
				<ele>1575.2</ele>
				<extensions>
					<swisstopo:routepoint_id>604021382</swisstopo:routepoint_id>
				</extensions>
			</trkpt>
			<trkpt lat="46.9842496195" lon="8.1889255710">
				<ele>1575.0</ele>
				<extensions>
					<swisstopo:routepoint_id>632167905</swisstopo:routepoint_id>
				</extensions>
			</trkpt>
			<trkpt lat="46.9842396052" lon="8.1888161465">
				<ele>1573.1</ele>
				<extensions>
					<swisstopo:routepoint_id>1244377626</swisstopo:routepoint_id>
				</extensions>
			</trkpt>
			<trkpt lat="46.9842310381" lon="8.1888097432">
				<ele>1572.5</ele>
				<extensions>
					<swisstopo:routepoint_id>2059005696</swisstopo:routepoint_id>
				</extensions>
			</trkpt>
			<trkpt lat="46.9842087027" lon="8.1888231661">
				<ele>1570.9</ele>
				<extensions>
					<swisstopo:routepoint_id>1157244914</swisstopo:routepoint_id>
				</extensions>
			</trkpt>
			<trkpt lat="46.9842011844" lon="8.1888115209">
				<ele>1570.7</ele>
				<extensions>
					<swisstopo:routepoint_id>55878719</swisstopo:routepoint_id>
				</extensions>
			</trkpt>
			<trkpt lat="46.9841922141" lon="8.1887861843">
				<ele>1570.1</ele>
				<extensions>
					<swisstopo:routepoint_id>703276494</swisstopo:routepoint_id>
				</extensions>
			</trkpt>
			<trkpt lat="46.9841710664" lon="8.1887691433">
				<ele>1568.8</ele>
				<extensions>
					<swisstopo:routepoint_id>218041570</swisstopo:routepoint_id>
				</extensions>
			</trkpt>
			<trkpt lat="46.9841308767" lon="8.1886998992">
				<ele>1567.2</ele>
				<extensions>
					<swisstopo:routepoint_id>1017565208</swisstopo:routepoint_id>
				</extensions>
			</trkpt>
			<trkpt lat="46.9840931338" lon="8.1885762559">
				<ele>1564.5</ele>
				<extensions>
					<swisstopo:routepoint_id>1806169795</swisstopo:routepoint_id>
				</extensions>
			</trkpt>
			<trkpt lat="46.9839676807" lon="8.1883240999">
				<ele>1555.2</ele>
				<extensions>
					<swisstopo:routepoint_id>1614394220</swisstopo:routepoint_id>
				</extensions>
			</trkpt>
			<trkpt lat="46.9839471934" lon="8.1881819185">
				<ele>1556.7</ele>
				<extensions>
					<swisstopo:routepoint_id>1815259342</swisstopo:routepoint_id>
				</extensions>
			</trkpt>
			<trkpt lat="46.9839416484" lon="8.1880465182">
				<ele>1556.5</ele>
				<extensions>
					<swisstopo:routepoint_id>1911071712</swisstopo:routepoint_id>
				</extensions>
			</trkpt>
			<trkpt lat="46.9838830571" lon="8.1877893800">
				<ele>1556.6</ele>
				<extensions>
					<swisstopo:routepoint_id>1616839052</swisstopo:routepoint_id>
				</extensions>
			</trkpt>
			<trkpt lat="46.9838212255" lon="8.1873538082">
				<ele>1550.8</ele>
				<extensions>
					<swisstopo:routepoint_id>2103361473</swisstopo:routepoint_id>
				</extensions>
			</trkpt>
			<trkpt lat="46.9837720804" lon="8.1872258292">
				<ele>1548.1</ele>
				<extensions>
					<swisstopo:routepoint_id>1467963444</swisstopo:routepoint_id>
				</extensions>
			</trkpt>
			<trkpt lat="46.9837156483" lon="8.1871207133">
				<ele>1546.5</ele>
				<extensions>
					<swisstopo:routepoint_id>1769466572</swisstopo:routepoint_id>
				</extensions>
			</trkpt>
			<trkpt lat="46.9836704172" lon="8.1870491288">
				<ele>1544.4</ele>
				<extensions>
					<swisstopo:routepoint_id>1071131948</swisstopo:routepoint_id>
				</extensions>
			</trkpt>
			<trkpt lat="46.9836439964" lon="8.1869402535">
				<ele>1543.8</ele>
				<extensions>
					<swisstopo:routepoint_id>159237235</swisstopo:routepoint_id>
				</extensions>
			</trkpt>
			<trkpt lat="46.9836440503" lon="8.1868519394">
				<ele>1544.4</ele>
				<extensions>
					<swisstopo:routepoint_id>535584483</swisstopo:routepoint_id>
				</extensions>
			</trkpt>
			<trkpt lat="46.9836365853" lon="8.1866026537">
				<ele>1545.9</ele>
				<extensions>
					<swisstopo:routepoint_id>1464441204</swisstopo:routepoint_id>
				</extensions>
			</trkpt>
			<trkpt lat="46.9836153698" lon="8.1863697997">
				<ele>1538.4</ele>
				<extensions>
					<swisstopo:routepoint_id>553237361</swisstopo:routepoint_id>
				</extensions>
			</trkpt>
			<trkpt lat="46.9836069935" lon="8.1862600468">
				<ele>1539.3</ele>
				<extensions>
					<swisstopo:routepoint_id>1803618464</swisstopo:routepoint_id>
				</extensions>
			</trkpt>
			<trkpt lat="46.9835919200" lon="8.1861352910">
				<ele>1540.8</ele>
				<extensions>
					<swisstopo:routepoint_id>1683847043</swisstopo:routepoint_id>
				</extensions>
			</trkpt>
			<trkpt lat="46.9835614578" lon="8.1860627066">
				<ele>1543.8</ele>
				<extensions>
					<swisstopo:routepoint_id>877751535</swisstopo:routepoint_id>
				</extensions>
			</trkpt>
			<trkpt lat="46.9835631596" lon="8.1859836129">
				<ele>1545.8</ele>
				<extensions>
					<swisstopo:routepoint_id>1304877502</swisstopo:routepoint_id>
				</extensions>
			</trkpt>
			<trkpt lat="46.9835571497" lon="8.1859009266">
				<ele>1548.2</ele>
				<extensions>
					<swisstopo:routepoint_id>973172950</swisstopo:routepoint_id>
				</extensions>
			</trkpt>
			<trkpt lat="46.9835572313" lon="8.1857974660">
				<ele>1549.7</ele>
				<extensions>
					<swisstopo:routepoint_id>882315098</swisstopo:routepoint_id>
				</extensions>
			</trkpt>
			<trkpt lat="46.9835629567" lon="8.1857418933">
				<ele>1551.3</ele>
				<extensions>
					<swisstopo:routepoint_id>695269551</swisstopo:routepoint_id>
				</extensions>
			</trkpt>
			<trkpt lat="46.9835595731" lon="8.1857131502">
				<ele>1555.5</ele>
				<extensions>
					<swisstopo:routepoint_id>936820330</swisstopo:routepoint_id>
				</extensions>
			</trkpt>
			<trkpt lat="46.9835633856" lon="8.1856248757">
				<ele>1558.1</ele>
				<extensions>
					<swisstopo:routepoint_id>1936670153</swisstopo:routepoint_id>
				</extensions>
			</trkpt>
			<trkpt lat="46.9835549871" lon="8.1855184474">
				<ele>1558.3</ele>
				<extensions>
					<swisstopo:routepoint_id>205623892</swisstopo:routepoint_id>
				</extensions>
			</trkpt>
			<trkpt lat="46.9835331335" lon="8.1854789022">
				<ele>1557.8</ele>
				<extensions>
					<swisstopo:routepoint_id>619564821</swisstopo:routepoint_id>
				</extensions>
			</trkpt>
			<trkpt lat="46.9835060923" lon="8.1854272378">
				<ele>1557.2</ele>
				<extensions>
					<swisstopo:routepoint_id>2025225891</swisstopo:routepoint_id>
				</extensions>
			</trkpt>
			<trkpt lat="46.9834700619" lon="8.1853867380">
				<ele>1557.1</ele>
				<extensions>
					<swisstopo:routepoint_id>355745087</swisstopo:routepoint_id>
				</extensions>
			</trkpt>
			<trkpt lat="46.9834395651" lon="8.1853193652">
				<ele>1556.6</ele>
				<extensions>
					<swisstopo:routepoint_id>413203961</swisstopo:routepoint_id>
				</extensions>
			</trkpt>
			<trkpt lat="46.9834047689" lon="8.1851797600">
				<ele>1555.4</ele>
				<extensions>
					<swisstopo:routepoint_id>1904341776</swisstopo:routepoint_id>
				</extensions>
			</trkpt>
			<trkpt lat="46.9833575439" lon="8.1850304253">
				<ele>1554.4</ele>
				<extensions>
					<swisstopo:routepoint_id>175954344</swisstopo:routepoint_id>
				</extensions>
			</trkpt>
			<trkpt lat="46.9833170466" lon="8.1849446604">
				<ele>1554.5</ele>
				<extensions>
					<swisstopo:routepoint_id>179677689</swisstopo:routepoint_id>
				</extensions>
			</trkpt>
			<trkpt lat="46.9832512037" lon="8.1848220301">
				<ele>1555.3</ele>
				<extensions>
					<swisstopo:routepoint_id>480911341</swisstopo:routepoint_id>
				</extensions>
			</trkpt>
			<trkpt lat="46.9831973391" lon="8.1846865121">
				<ele>1555.7</ele>
				<extensions>
					<swisstopo:routepoint_id>1695944526</swisstopo:routepoint_id>
				</extensions>
			</trkpt>
			<trkpt lat="46.9831699129" lon="8.1846035287">
				<ele>1555.3</ele>
				<extensions>
					<swisstopo:routepoint_id>189201851</swisstopo:routepoint_id>
				</extensions>
			</trkpt>
			<trkpt lat="46.9832101402" lon="8.1845484489">
				<ele>1555.6</ele>
				<extensions>
					<swisstopo:routepoint_id>1639712197</swisstopo:routepoint_id>
				</extensions>
			</trkpt>
			<trkpt lat="46.9832461177" lon="8.1845063467">
				<ele>1556.0</ele>
				<extensions>
					<swisstopo:routepoint_id>2132736675</swisstopo:routepoint_id>
				</extensions>
			</trkpt>
			<trkpt lat="46.9832461177" lon="8.1845063467">
				<ele>1556.0</ele>
				<extensions>
					<swisstopo:routepoint_id>1255744648</swisstopo:routepoint_id>
				</extensions>
			</trkpt>
			<trkpt lat="46.9832101402" lon="8.1845484489">
				<ele>1555.6</ele>
				<extensions>
					<swisstopo:routepoint_id>1596162503</swisstopo:routepoint_id>
				</extensions>
			</trkpt>
			<trkpt lat="46.9831699129" lon="8.1846035287">
				<ele>1555.3</ele>
				<extensions>
					<swisstopo:routepoint_id>337469597</swisstopo:routepoint_id>
				</extensions>
			</trkpt>
			<trkpt lat="46.9830246453" lon="8.1846308465">
				<ele>1552.8</ele>
				<extensions>
					<swisstopo:routepoint_id>347205052</swisstopo:routepoint_id>
				</extensions>
			</trkpt>
			<trkpt lat="46.9829455123" lon="8.1846348359">
				<ele>1550.5</ele>
				<extensions>
					<swisstopo:routepoint_id>762240065</swisstopo:routepoint_id>
				</extensions>
			</trkpt>
			<trkpt lat="46.9828722189" lon="8.1845197472">
				<ele>1547.9</ele>
				<extensions>
					<swisstopo:routepoint_id>1228818100</swisstopo:routepoint_id>
				</extensions>
			</trkpt>
			<trkpt lat="46.9827669591" lon="8.1844948128">
				<ele>1545.0</ele>
				<extensions>
					<swisstopo:routepoint_id>395573501</swisstopo:routepoint_id>
				</extensions>
			</trkpt>
			<trkpt lat="46.9826675890" lon="8.1844760384">
				<ele>1543.0</ele>
				<extensions>
					<swisstopo:routepoint_id>1941943842</swisstopo:routepoint_id>
				</extensions>
			</trkpt>
			<trkpt lat="46.9825768375" lon="8.1844504331">
				<ele>1541.7</ele>
				<extensions>
					<swisstopo:routepoint_id>793685388</swisstopo:routepoint_id>
				</extensions>
			</trkpt>
			<trkpt lat="46.9825076515" lon="8.1844243124">
				<ele>1542.1</ele>
				<extensions>
					<swisstopo:routepoint_id>1449384599</swisstopo:routepoint_id>
				</extensions>
			</trkpt>
			<trkpt lat="46.9824769336" lon="8.1843908579">
				<ele>1542.1</ele>
				<extensions>
					<swisstopo:routepoint_id>899947472</swisstopo:routepoint_id>
				</extensions>
			</trkpt>
			<trkpt lat="46.9824510766" lon="8.1843400587">
				<ele>1541.4</ele>
				<extensions>
					<swisstopo:routepoint_id>689836083</swisstopo:routepoint_id>
				</extensions>
			</trkpt>
			<trkpt lat="46.9824103888" lon="8.1843469768">
				<ele>1540.8</ele>
				<extensions>
					<swisstopo:routepoint_id>1958320475</swisstopo:routepoint_id>
				</extensions>
			</trkpt>
			<trkpt lat="46.9823601903" lon="8.1843810587">
				<ele>1539.9</ele>
				<extensions>
					<swisstopo:routepoint_id>1157849403</swisstopo:routepoint_id>
				</extensions>
			</trkpt>
			<trkpt lat="46.9823074668" lon="8.1844359642">
				<ele>1539.2</ele>
				<extensions>
					<swisstopo:routepoint_id>1625590754</swisstopo:routepoint_id>
				</extensions>
			</trkpt>
			<trkpt lat="46.9822741038" lon="8.1844424512">
				<ele>1538.1</ele>
				<extensions>
					<swisstopo:routepoint_id>1016845344</swisstopo:routepoint_id>
				</extensions>
			</trkpt>
			<trkpt lat="46.9822251703" lon="8.1844643819">
				<ele>1536.3</ele>
				<extensions>
					<swisstopo:routepoint_id>444833782</swisstopo:routepoint_id>
				</extensions>
			</trkpt>
			<trkpt lat="46.9822050200" lon="8.1844519267">
				<ele>1534.4</ele>
				<extensions>
					<swisstopo:routepoint_id>930798867</swisstopo:routepoint_id>
				</extensions>
			</trkpt>
			<trkpt lat="46.9821740488" lon="8.1843844917">
				<ele>1531.0</ele>
				<extensions>
					<swisstopo:routepoint_id>1665672921</swisstopo:routepoint_id>
				</extensions>
			</trkpt>
			<trkpt lat="46.9821243302" lon="8.1843441564">
				<ele>1529.5</ele>
				<extensions>
					<swisstopo:routepoint_id>367960955</swisstopo:routepoint_id>
				</extensions>
			</trkpt>
			<trkpt lat="46.9820771449" lon="8.1842783318">
				<ele>1528.0</ele>
				<extensions>
					<swisstopo:routepoint_id>1714350972</swisstopo:routepoint_id>
				</extensions>
			</trkpt>
			<trkpt lat="46.9819459881" lon="8.1841122076">
				<ele>1523.9</ele>
				<extensions>
					<swisstopo:routepoint_id>308694605</swisstopo:routepoint_id>
				</extensions>
			</trkpt>
			<trkpt lat="46.9818673313" lon="8.1840348815">
				<ele>1520.8</ele>
				<extensions>
					<swisstopo:routepoint_id>2057218730</swisstopo:routepoint_id>
				</extensions>
			</trkpt>
			<trkpt lat="46.9817238587" lon="8.1839645366">
				<ele>1518.0</ele>
				<extensions>
					<swisstopo:routepoint_id>1188478410</swisstopo:routepoint_id>
				</extensions>
			</trkpt>
			<trkpt lat="46.9816611514" lon="8.1839242334">
				<ele>1517.4</ele>
				<extensions>
					<swisstopo:routepoint_id>1011236123</swisstopo:routepoint_id>
				</extensions>
			</trkpt>
			<trkpt lat="46.9815974853" lon="8.1837807863">
				<ele>1515.6</ele>
				<extensions>
					<swisstopo:routepoint_id>659936903</swisstopo:routepoint_id>
				</extensions>
			</trkpt>
			<trkpt lat="46.9815741442" lon="8.1837334761">
				<ele>1515.4</ele>
				<extensions>
					<swisstopo:routepoint_id>1953975613</swisstopo:routepoint_id>
				</extensions>
			</trkpt>
			<trkpt lat="46.9815406080" lon="8.1837213490">
				<ele>1515.4</ele>
				<extensions>
					<swisstopo:routepoint_id>1148197767</swisstopo:routepoint_id>
				</extensions>
			</trkpt>
			<trkpt lat="46.9815055637" lon="8.1837121466">
				<ele>1515.4</ele>
				<extensions>
					<swisstopo:routepoint_id>471818027</swisstopo:routepoint_id>
				</extensions>
			</trkpt>
			<trkpt lat="46.9814707375" lon="8.1837362953">
				<ele>1515.6</ele>
				<extensions>
					<swisstopo:routepoint_id>1335955065</swisstopo:routepoint_id>
				</extensions>
			</trkpt>
			<trkpt lat="46.9814297188" lon="8.1837319455">
				<ele>1515.6</ele>
				<extensions>
					<swisstopo:routepoint_id>1455248070</swisstopo:routepoint_id>
				</extensions>
			</trkpt>
			<trkpt lat="46.9814028242" lon="8.1837373545">
				<ele>1515.7</ele>
				<extensions>
					<swisstopo:routepoint_id>663056807</swisstopo:routepoint_id>
				</extensions>
			</trkpt>
			<trkpt lat="46.9813766785" lon="8.1837451102">
				<ele>1516.4</ele>
				<extensions>
					<swisstopo:routepoint_id>703110966</swisstopo:routepoint_id>
				</extensions>
			</trkpt>
			<trkpt lat="46.9813493797" lon="8.1837565916">
				<ele>1517.1</ele>
				<extensions>
					<swisstopo:routepoint_id>1730979768</swisstopo:routepoint_id>
				</extensions>
			</trkpt>
			<trkpt lat="46.9813412619" lon="8.1837810147">
				<ele>1518.1</ele>
				<extensions>
					<swisstopo:routepoint_id>615994867</swisstopo:routepoint_id>
				</extensions>
			</trkpt>
			<trkpt lat="46.9812963802" lon="8.1837648407">
				<ele>1519.7</ele>
				<extensions>
					<swisstopo:routepoint_id>7067482</swisstopo:routepoint_id>
				</extensions>
			</trkpt>
			<trkpt lat="46.9812661828" lon="8.1837674762">
				<ele>1520.4</ele>
				<extensions>
					<swisstopo:routepoint_id>671569389</swisstopo:routepoint_id>
				</extensions>
			</trkpt>
			<trkpt lat="46.9812187724" lon="8.1838179560">
				<ele>1520.4</ele>
				<extensions>
					<swisstopo:routepoint_id>2040155938</swisstopo:routepoint_id>
				</extensions>
			</trkpt>
			<trkpt lat="46.9811935270" lon="8.1838196592">
				<ele>1520.4</ele>
				<extensions>
					<swisstopo:routepoint_id>29458317</swisstopo:routepoint_id>
				</extensions>
			</trkpt>
			<trkpt lat="46.9811540464" lon="8.1838084507">
				<ele>1519.9</ele>
				<extensions>
					<swisstopo:routepoint_id>1184695009</swisstopo:routepoint_id>
				</extensions>
			</trkpt>
			<trkpt lat="46.9811237486" lon="8.1838238181">
				<ele>1519.2</ele>
				<extensions>
					<swisstopo:routepoint_id>1848124926</swisstopo:routepoint_id>
				</extensions>
			</trkpt>
			<trkpt lat="46.9808962184" lon="8.1839014275">
				<ele>1514.1</ele>
				<extensions>
					<swisstopo:routepoint_id>232161074</swisstopo:routepoint_id>
				</extensions>
			</trkpt>
			<trkpt lat="46.9807432303" lon="8.1839305961">
				<ele>1513.8</ele>
				<extensions>
					<swisstopo:routepoint_id>2100867766</swisstopo:routepoint_id>
				</extensions>
			</trkpt>
			<trkpt lat="46.9806416054" lon="8.1839667356">
				<ele>1509.2</ele>
				<extensions>
					<swisstopo:routepoint_id>358419188</swisstopo:routepoint_id>
				</extensions>
			</trkpt>
			<trkpt lat="46.9805736586" lon="8.1840127834">
				<ele>1506.4</ele>
				<extensions>
					<swisstopo:routepoint_id>259662881</swisstopo:routepoint_id>
				</extensions>
			</trkpt>
			<trkpt lat="46.9804938401" lon="8.1841511796">
				<ele>1505.3</ele>
				<extensions>
					<swisstopo:routepoint_id>467270263</swisstopo:routepoint_id>
				</extensions>
			</trkpt>
			<trkpt lat="46.9804319822" lon="8.1843428620">
				<ele>1504.2</ele>
				<extensions>
					<swisstopo:routepoint_id>63613162</swisstopo:routepoint_id>
				</extensions>
			</trkpt>
			<trkpt lat="46.9804124089" lon="8.1843740181">
				<ele>1503.3</ele>
				<extensions>
					<swisstopo:routepoint_id>1847041175</swisstopo:routepoint_id>
				</extensions>
			</trkpt>
			<trkpt lat="46.9803730898" lon="8.1845647491">
				<ele>1500.1</ele>
				<extensions>
					<swisstopo:routepoint_id>1344910840</swisstopo:routepoint_id>
				</extensions>
			</trkpt>
			<trkpt lat="46.9803459087" lon="8.1847173790">
				<ele>1498.6</ele>
				<extensions>
					<swisstopo:routepoint_id>1651103205</swisstopo:routepoint_id>
				</extensions>
			</trkpt>
			<trkpt lat="46.9803401786" lon="8.1848668349">
				<ele>1496.8</ele>
				<extensions>
					<swisstopo:routepoint_id>307879901</swisstopo:routepoint_id>
				</extensions>
			</trkpt>
			<trkpt lat="46.9803060456" lon="8.1849915593">
				<ele>1495.3</ele>
				<extensions>
					<swisstopo:routepoint_id>1249390484</swisstopo:routepoint_id>
				</extensions>
			</trkpt>
			<trkpt lat="46.9801941177" lon="8.1850004378">
				<ele>1491.4</ele>
				<extensions>
					<swisstopo:routepoint_id>410764222</swisstopo:routepoint_id>
				</extensions>
			</trkpt>
			<trkpt lat="46.9800514833" lon="8.1849741112">
				<ele>1487.5</ele>
				<extensions>
					<swisstopo:routepoint_id>1701837696</swisstopo:routepoint_id>
				</extensions>
			</trkpt>
			<trkpt lat="46.9799447180" lon="8.1848438403">
				<ele>1486.3</ele>
				<extensions>
					<swisstopo:routepoint_id>451462279</swisstopo:routepoint_id>
				</extensions>
			</trkpt>
			<trkpt lat="46.9798934583" lon="8.1847528228">
				<ele>1486.4</ele>
				<extensions>
					<swisstopo:routepoint_id>666798302</swisstopo:routepoint_id>
				</extensions>
			</trkpt>
			<trkpt lat="46.9798680335" lon="8.1846377129">
				<ele>1488.1</ele>
				<extensions>
					<swisstopo:routepoint_id>1309391668</swisstopo:routepoint_id>
				</extensions>
			</trkpt>
			<trkpt lat="46.9799207979" lon="8.1845758410">
				<ele>1484.5</ele>
				<extensions>
					<swisstopo:routepoint_id>1680833267</swisstopo:routepoint_id>
				</extensions>
			</trkpt>
			<trkpt lat="46.9799164266" lon="8.1845064873">
				<ele>1480.9</ele>
				<extensions>
					<swisstopo:routepoint_id>1764825831</swisstopo:routepoint_id>
				</extensions>
			</trkpt>
			<trkpt lat="46.9799040052" lon="8.1844234161">
				<ele>1478.4</ele>
				<extensions>
					<swisstopo:routepoint_id>383609253</swisstopo:routepoint_id>
				</extensions>
			</trkpt>
			<trkpt lat="46.9798866061" lon="8.1843560635">
				<ele>1477.2</ele>
				<extensions>
					<swisstopo:routepoint_id>574806877</swisstopo:routepoint_id>
				</extensions>
			</trkpt>
			<trkpt lat="46.9798495947" lon="8.1843136988">
				<ele>1476.4</ele>
				<extensions>
					<swisstopo:routepoint_id>1397737533</swisstopo:routepoint_id>
				</extensions>
			</trkpt>
			<trkpt lat="46.9797877340" lon="8.1842701994">
				<ele>1474.2</ele>
				<extensions>
					<swisstopo:routepoint_id>451102598</swisstopo:routepoint_id>
				</extensions>
			</trkpt>
			<trkpt lat="46.9797469189" lon="8.1842291554">
				<ele>1473.9</ele>
				<extensions>
					<swisstopo:routepoint_id>1064090676</swisstopo:routepoint_id>
				</extensions>
			</trkpt>
			<trkpt lat="46.9796548581" lon="8.1841131075">
				<ele>1471.4</ele>
				<extensions>
					<swisstopo:routepoint_id>2075662963</swisstopo:routepoint_id>
				</extensions>
			</trkpt>
			<trkpt lat="46.9795844300" lon="8.1839625890">
				<ele>1470.5</ele>
				<extensions>
					<swisstopo:routepoint_id>1943057273</swisstopo:routepoint_id>
				</extensions>
			</trkpt>
			<trkpt lat="46.9795280130" lon="8.1838540066">
				<ele>1469.9</ele>
				<extensions>
					<swisstopo:routepoint_id>179767382</swisstopo:routepoint_id>
				</extensions>
			</trkpt>
			<trkpt lat="46.9795407294" lon="8.1837289923">
				<ele>1464.0</ele>
				<extensions>
					<swisstopo:routepoint_id>1988381592</swisstopo:routepoint_id>
				</extensions>
			</trkpt>
			<trkpt lat="46.9795673849" lon="8.1836563349">
				<ele>1462.4</ele>
				<extensions>
					<swisstopo:routepoint_id>1736385777</swisstopo:routepoint_id>
				</extensions>
			</trkpt>
			<trkpt lat="46.9795702582" lon="8.1835798624">
				<ele>1460.8</ele>
				<extensions>
					<swisstopo:routepoint_id>1280474956</swisstopo:routepoint_id>
				</extensions>
			</trkpt>
			<trkpt lat="46.9795757833" lon="8.1834617049">
				<ele>1456.2</ele>
				<extensions>
					<swisstopo:routepoint_id>1008958905</swisstopo:routepoint_id>
				</extensions>
			</trkpt>
			<trkpt lat="46.9795661237" lon="8.1833572692">
				<ele>1455.6</ele>
				<extensions>
					<swisstopo:routepoint_id>1041439623</swisstopo:routepoint_id>
				</extensions>
			</trkpt>
			<trkpt lat="46.9795757833" lon="8.1834617049">
				<ele>1456.2</ele>
				<extensions>
					<swisstopo:routepoint_id>2110809150</swisstopo:routepoint_id>
				</extensions>
			</trkpt>
			<trkpt lat="46.9795702582" lon="8.1835798624">
				<ele>1460.8</ele>
				<extensions>
					<swisstopo:routepoint_id>2087019257</swisstopo:routepoint_id>
				</extensions>
			</trkpt>
			<trkpt lat="46.9795673849" lon="8.1836563349">
				<ele>1462.4</ele>
				<extensions>
					<swisstopo:routepoint_id>1682245948</swisstopo:routepoint_id>
				</extensions>
			</trkpt>
			<trkpt lat="46.9795407294" lon="8.1837289923">
				<ele>1464.0</ele>
				<extensions>
					<swisstopo:routepoint_id>1885435281</swisstopo:routepoint_id>
				</extensions>
			</trkpt>
			<trkpt lat="46.9795280130" lon="8.1838540066">
				<ele>1469.9</ele>
				<extensions>
					<swisstopo:routepoint_id>242072635</swisstopo:routepoint_id>
				</extensions>
			</trkpt>
			<trkpt lat="46.9794351052" lon="8.1838666332">
				<ele>1468.2</ele>
				<extensions>
					<swisstopo:routepoint_id>1180749027</swisstopo:routepoint_id>
				</extensions>
			</trkpt>
			<trkpt lat="46.9793946466" lon="8.1838660712">
				<ele>1465.7</ele>
				<extensions>
					<swisstopo:routepoint_id>2099998509</swisstopo:routepoint_id>
				</extensions>
			</trkpt>
			<trkpt lat="46.9793651158" lon="8.1839364903">
				<ele>1465.7</ele>
				<extensions>
					<swisstopo:routepoint_id>781202318</swisstopo:routepoint_id>
				</extensions>
			</trkpt>
			<trkpt lat="46.9792709173" lon="8.1839289246">
				<ele>1465.1</ele>
				<extensions>
					<swisstopo:routepoint_id>2099824515</swisstopo:routepoint_id>
				</extensions>
			</trkpt>
			<trkpt lat="46.9791853376" lon="8.1839131229">
				<ele>1464.4</ele>
				<extensions>
					<swisstopo:routepoint_id>4368807</swisstopo:routepoint_id>
				</extensions>
			</trkpt>
			<trkpt lat="46.9791055310" lon="8.1838848997">
				<ele>1463.9</ele>
				<extensions>
					<swisstopo:routepoint_id>412095251</swisstopo:routepoint_id>
				</extensions>
			</trkpt>
			<trkpt lat="46.9790087448" lon="8.1838355576">
				<ele>1463.2</ele>
				<extensions>
					<swisstopo:routepoint_id>450121982</swisstopo:routepoint_id>
				</extensions>
			</trkpt>
			<trkpt lat="46.9789078525" lon="8.1837590376">
				<ele>1462.7</ele>
				<extensions>
					<swisstopo:routepoint_id>1762746740</swisstopo:routepoint_id>
				</extensions>
			</trkpt>
			<trkpt lat="46.9787985905" lon="8.1836511156">
				<ele>1462.1</ele>
				<extensions>
					<swisstopo:routepoint_id>1947548815</swisstopo:routepoint_id>
				</extensions>
			</trkpt>
			<trkpt lat="46.9786707993" lon="8.1835387527">
				<ele>1461.2</ele>
				<extensions>
					<swisstopo:routepoint_id>507186131</swisstopo:routepoint_id>
				</extensions>
			</trkpt>
			<trkpt lat="46.9785884089" lon="8.1834708398">
				<ele>1460.6</ele>
				<extensions>
					<swisstopo:routepoint_id>914708774</swisstopo:routepoint_id>
				</extensions>
			</trkpt>
			<trkpt lat="46.9785143203" lon="8.1834447763">
				<ele>1459.8</ele>
				<extensions>
					<swisstopo:routepoint_id>1822419392</swisstopo:routepoint_id>
				</extensions>
			</trkpt>
			<trkpt lat="46.9784232299" lon="8.1833976132">
				<ele>1458.9</ele>
				<extensions>
					<swisstopo:routepoint_id>1990947830</swisstopo:routepoint_id>
				</extensions>
			</trkpt>
			<trkpt lat="46.9783206929" lon="8.1833544629">
				<ele>1458.1</ele>
				<extensions>
					<swisstopo:routepoint_id>1917474903</swisstopo:routepoint_id>
				</extensions>
			</trkpt>
			<trkpt lat="46.9782309665" lon="8.1833177412">
				<ele>1457.2</ele>
				<extensions>
					<swisstopo:routepoint_id>1861087839</swisstopo:routepoint_id>
				</extensions>
			</trkpt>
			<trkpt lat="46.9781669781" lon="8.1832751260">
				<ele>1456.4</ele>
				<extensions>
					<swisstopo:routepoint_id>1203991518</swisstopo:routepoint_id>
				</extensions>
			</trkpt>
			<trkpt lat="46.9780832187" lon="8.1831988460">
				<ele>1455.2</ele>
				<extensions>
					<swisstopo:routepoint_id>1894520992</swisstopo:routepoint_id>
				</extensions>
			</trkpt>
			<trkpt lat="46.9780653534" lon="8.1833112778">
				<ele>1455.3</ele>
				<extensions>
					<swisstopo:routepoint_id>474278475</swisstopo:routepoint_id>
				</extensions>
			</trkpt>
			<trkpt lat="46.9780429173" lon="8.1833571793">
				<ele>1454.9</ele>
				<extensions>
					<swisstopo:routepoint_id>1886515308</swisstopo:routepoint_id>
				</extensions>
			</trkpt>
			<trkpt lat="46.9780248262" lon="8.1833941758">
				<ele>1454.3</ele>
				<extensions>
					<swisstopo:routepoint_id>1214217248</swisstopo:routepoint_id>
				</extensions>
			</trkpt>
			<trkpt lat="46.9779285765" lon="8.1834825508">
				<ele>1453.3</ele>
				<extensions>
					<swisstopo:routepoint_id>1959673342</swisstopo:routepoint_id>
				</extensions>
			</trkpt>
			<trkpt lat="46.9778466641" lon="8.1835606961">
				<ele>1452.2</ele>
				<extensions>
					<swisstopo:routepoint_id>273164955</swisstopo:routepoint_id>
				</extensions>
			</trkpt>
			<trkpt lat="46.9777507168" lon="8.1835897126">
				<ele>1450.9</ele>
				<extensions>
					<swisstopo:routepoint_id>1910845046</swisstopo:routepoint_id>
				</extensions>
			</trkpt>
			<trkpt lat="46.9776613079" lon="8.1836412940">
				<ele>1450.0</ele>
				<extensions>
					<swisstopo:routepoint_id>2102230884</swisstopo:routepoint_id>
				</extensions>
			</trkpt>
			<trkpt lat="46.9775549043" lon="8.1837246946">
				<ele>1448.7</ele>
				<extensions>
					<swisstopo:routepoint_id>1793506944</swisstopo:routepoint_id>
				</extensions>
			</trkpt>
			<trkpt lat="46.9775197919" lon="8.1837638030">
				<ele>1448.1</ele>
				<extensions>
					<swisstopo:routepoint_id>1390738516</swisstopo:routepoint_id>
				</extensions>
			</trkpt>
			<trkpt lat="46.9774690091" lon="8.1838310078">
				<ele>1447.3</ele>
				<extensions>
					<swisstopo:routepoint_id>930224464</swisstopo:routepoint_id>
				</extensions>
			</trkpt>
			<trkpt lat="46.9774357191" lon="8.1839951221">
				<ele>1445.4</ele>
				<extensions>
					<swisstopo:routepoint_id>601616288</swisstopo:routepoint_id>
				</extensions>
			</trkpt>
			<trkpt lat="46.9774218167" lon="8.1841396883">
				<ele>1444.7</ele>
				<extensions>
					<swisstopo:routepoint_id>1011942340</swisstopo:routepoint_id>
				</extensions>
			</trkpt>
			<trkpt lat="46.9773721164" lon="8.1842389629">
				<ele>1445.4</ele>
				<extensions>
					<swisstopo:routepoint_id>1791907787</swisstopo:routepoint_id>
				</extensions>
			</trkpt>
			<trkpt lat="46.9773366109" lon="8.1843384347">
				<ele>1445.3</ele>
				<extensions>
					<swisstopo:routepoint_id>283510581</swisstopo:routepoint_id>
				</extensions>
			</trkpt>
			<trkpt lat="46.9773070461" lon="8.1845172191">
				<ele>1443.0</ele>
				<extensions>
					<swisstopo:routepoint_id>1843605821</swisstopo:routepoint_id>
				</extensions>
			</trkpt>
			<trkpt lat="46.9772775134" lon="8.1846903307">
				<ele>1440.6</ele>
				<extensions>
					<swisstopo:routepoint_id>1588974631</swisstopo:routepoint_id>
				</extensions>
			</trkpt>
			<trkpt lat="46.9772598642" lon="8.1848239986">
				<ele>1438.6</ele>
				<extensions>
					<swisstopo:routepoint_id>1937472772</swisstopo:routepoint_id>
				</extensions>
			</trkpt>
			<trkpt lat="46.9772588013" lon="8.1848792896">
				<ele>1437.5</ele>
				<extensions>
					<swisstopo:routepoint_id>810339543</swisstopo:routepoint_id>
				</extensions>
			</trkpt>
			<trkpt lat="46.9772590415" lon="8.1849806505">
				<ele>1435.7</ele>
				<extensions>
					<swisstopo:routepoint_id>35409927</swisstopo:routepoint_id>
				</extensions>
			</trkpt>
			<trkpt lat="46.9772724106" lon="8.1850604452">
				<ele>1434.2</ele>
				<extensions>
					<swisstopo:routepoint_id>281672870</swisstopo:routepoint_id>
				</extensions>
			</trkpt>
			<trkpt lat="46.9772844914" lon="8.1851046692">
				<ele>1433.1</ele>
				<extensions>
					<swisstopo:routepoint_id>1021968102</swisstopo:routepoint_id>
				</extensions>
			</trkpt>
			<trkpt lat="46.9773081690" lon="8.1851878932">
				<ele>1431.4</ele>
				<extensions>
					<swisstopo:routepoint_id>643681608</swisstopo:routepoint_id>
				</extensions>
			</trkpt>
			<trkpt lat="46.9773364228" lon="8.1852806402">
				<ele>1429.8</ele>
				<extensions>
					<swisstopo:routepoint_id>1481655717</swisstopo:routepoint_id>
				</extensions>
			</trkpt>
			<trkpt lat="46.9773746975" lon="8.1853454567">
				<ele>1428.8</ele>
				<extensions>
					<swisstopo:routepoint_id>2114748654</swisstopo:routepoint_id>
				</extensions>
			</trkpt>
			<trkpt lat="46.9774195492" lon="8.1854282248">
				<ele>1427.6</ele>
				<extensions>
					<swisstopo:routepoint_id>1726269928</swisstopo:routepoint_id>
				</extensions>
			</trkpt>
			<trkpt lat="46.9774478319" lon="8.1855178472">
				<ele>1426.6</ele>
				<extensions>
					<swisstopo:routepoint_id>914608926</swisstopo:routepoint_id>
				</extensions>
			</trkpt>
			<trkpt lat="46.9774745259" lon="8.1856126522">
				<ele>1425.8</ele>
				<extensions>
					<swisstopo:routepoint_id>144274056</swisstopo:routepoint_id>
				</extensions>
			</trkpt>
			<trkpt lat="46.9774993757" lon="8.1857100564">
				<ele>1425.1</ele>
				<extensions>
					<swisstopo:routepoint_id>305021729</swisstopo:routepoint_id>
				</extensions>
			</trkpt>
			<trkpt lat="46.9775258817" lon="8.1858680136">
				<ele>1423.8</ele>
				<extensions>
					<swisstopo:routepoint_id>456733914</swisstopo:routepoint_id>
				</extensions>
			</trkpt>
			<trkpt lat="46.9775366679" lon="8.1859477409">
				<ele>1423.0</ele>
				<extensions>
					<swisstopo:routepoint_id>1220338220</swisstopo:routepoint_id>
				</extensions>
			</trkpt>
			<trkpt lat="46.9775459509" lon="8.1860221978">
				<ele>1422.8</ele>
				<extensions>
					<swisstopo:routepoint_id>1755634690</swisstopo:routepoint_id>
				</extensions>
			</trkpt>
			<trkpt lat="46.9775487775" lon="8.1861309432">
				<ele>1422.0</ele>
				<extensions>
					<swisstopo:routepoint_id>526925050</swisstopo:routepoint_id>
				</extensions>
			</trkpt>
			<trkpt lat="46.9775520023" lon="8.1861853702">
				<ele>1422.0</ele>
				<extensions>
					<swisstopo:routepoint_id>1954238769</swisstopo:routepoint_id>
				</extensions>
			</trkpt>
			<trkpt lat="46.9775649652" lon="8.1862505345">
				<ele>1421.5</ele>
				<extensions>
					<swisstopo:routepoint_id>1276093365</swisstopo:routepoint_id>
				</extensions>
			</trkpt>
			<trkpt lat="46.9775910318" lon="8.1863599440">
				<ele>1420.7</ele>
				<extensions>
					<swisstopo:routepoint_id>382002966</swisstopo:routepoint_id>
				</extensions>
			</trkpt>
			<trkpt lat="46.9776096437" lon="8.1864283894">
				<ele>1420.2</ele>
				<extensions>
					<swisstopo:routepoint_id>1495228679</swisstopo:routepoint_id>
				</extensions>
			</trkpt>
			<trkpt lat="46.9776296675" lon="8.1865167297">
				<ele>1419.7</ele>
				<extensions>
					<swisstopo:routepoint_id>454770759</swisstopo:routepoint_id>
				</extensions>
			</trkpt>
			<trkpt lat="46.9776406185" lon="8.1865745116">
				<ele>1419.0</ele>
				<extensions>
					<swisstopo:routepoint_id>437846840</swisstopo:routepoint_id>
				</extensions>
			</trkpt>
			<trkpt lat="46.9776623028" lon="8.1867193235">
				<ele>1417.4</ele>
				<extensions>
					<swisstopo:routepoint_id>1612865258</swisstopo:routepoint_id>
				</extensions>
			</trkpt>
			<trkpt lat="46.9776645158" lon="8.1867705855">
				<ele>1416.7</ele>
				<extensions>
					<swisstopo:routepoint_id>1887798772</swisstopo:routepoint_id>
				</extensions>
			</trkpt>
			<trkpt lat="46.9776560643" lon="8.1868675263">
				<ele>1416.4</ele>
				<extensions>
					<swisstopo:routepoint_id>1310560226</swisstopo:routepoint_id>
				</extensions>
			</trkpt>
			<trkpt lat="46.9776368075" lon="8.1870310520">
				<ele>1415.4</ele>
				<extensions>
					<swisstopo:routepoint_id>1993434750</swisstopo:routepoint_id>
				</extensions>
			</trkpt>
			<trkpt lat="46.9776355478" lon="8.1871344656">
				<ele>1415.4</ele>
				<extensions>
					<swisstopo:routepoint_id>765466403</swisstopo:routepoint_id>
				</extensions>
			</trkpt>
			<trkpt lat="46.9776483089" lon="8.1872257403">
				<ele>1415.2</ele>
				<extensions>
					<swisstopo:routepoint_id>1766789691</swisstopo:routepoint_id>
				</extensions>
			</trkpt>
			<trkpt lat="46.9777127104" lon="8.1874637150">
				<ele>1413.4</ele>
				<extensions>
					<swisstopo:routepoint_id>1177949568</swisstopo:routepoint_id>
				</extensions>
			</trkpt>
			<trkpt lat="46.9777533077" lon="8.1875862853">
				<ele>1412.1</ele>
				<extensions>
					<swisstopo:routepoint_id>146647683</swisstopo:routepoint_id>
				</extensions>
			</trkpt>
			<trkpt lat="46.9777883011" lon="8.1876952750">
				<ele>1411.0</ele>
				<extensions>
					<swisstopo:routepoint_id>1543865072</swisstopo:routepoint_id>
				</extensions>
			</trkpt>
			<trkpt lat="46.9777993429" lon="8.1877538480">
				<ele>1410.6</ele>
				<extensions>
					<swisstopo:routepoint_id>1842842050</swisstopo:routepoint_id>
				</extensions>
			</trkpt>
			<trkpt lat="46.9778044523" lon="8.1878457222">
				<ele>1410.0</ele>
				<extensions>
					<swisstopo:routepoint_id>1637177316</swisstopo:routepoint_id>
				</extensions>
			</trkpt>
			<trkpt lat="46.9778049488" lon="8.1879229578">
				<ele>1409.6</ele>
				<extensions>
					<swisstopo:routepoint_id>331181001</swisstopo:routepoint_id>
				</extensions>
			</trkpt>
			<trkpt lat="46.9778240053" lon="8.1880018772">
				<ele>1409.1</ele>
				<extensions>
					<swisstopo:routepoint_id>2028954430</swisstopo:routepoint_id>
				</extensions>
			</trkpt>
			<trkpt lat="46.9778738175" lon="8.1881129996">
				<ele>1407.6</ele>
				<extensions>
					<swisstopo:routepoint_id>744274297</swisstopo:routepoint_id>
				</extensions>
			</trkpt>
			<trkpt lat="46.9778967376" lon="8.1881585827">
				<ele>1407.1</ele>
				<extensions>
					<swisstopo:routepoint_id>2073349551</swisstopo:routepoint_id>
				</extensions>
			</trkpt>
			<trkpt lat="46.9779584290" lon="8.1882700447">
				<ele>1405.0</ele>
				<extensions>
					<swisstopo:routepoint_id>1716247435</swisstopo:routepoint_id>
				</extensions>
			</trkpt>
			<trkpt lat="46.9780088500" lon="8.1883686553">
				<ele>1403.3</ele>
				<extensions>
					<swisstopo:routepoint_id>2117777188</swisstopo:routepoint_id>
				</extensions>
			</trkpt>
			<trkpt lat="46.9780474462" lon="8.1884585657">
				<ele>1401.5</ele>
				<extensions>
					<swisstopo:routepoint_id>1087233338</swisstopo:routepoint_id>
				</extensions>
			</trkpt>
			<trkpt lat="46.9781017283" lon="8.1886302756">
				<ele>1398.6</ele>
				<extensions>
					<swisstopo:routepoint_id>192359443</swisstopo:routepoint_id>
				</extensions>
			</trkpt>
			<trkpt lat="46.9781636424" lon="8.1888230588">
				<ele>1396.5</ele>
				<extensions>
					<swisstopo:routepoint_id>1022269766</swisstopo:routepoint_id>
				</extensions>
			</trkpt>
			<trkpt lat="46.9781815566" lon="8.1889213699">
				<ele>1395.6</ele>
				<extensions>
					<swisstopo:routepoint_id>1418781162</swisstopo:routepoint_id>
				</extensions>
			</trkpt>
			<trkpt lat="46.9781963422" lon="8.1890634630">
				<ele>1394.5</ele>
				<extensions>
					<swisstopo:routepoint_id>1944057093</swisstopo:routepoint_id>
				</extensions>
			</trkpt>
			<trkpt lat="46.9782114196" lon="8.1891596425">
				<ele>1393.9</ele>
				<extensions>
					<swisstopo:routepoint_id>1951356593</swisstopo:routepoint_id>
				</extensions>
			</trkpt>
			<trkpt lat="46.9782799126" lon="8.1893859415">
				<ele>1391.2</ele>
				<extensions>
					<swisstopo:routepoint_id>80001567</swisstopo:routepoint_id>
				</extensions>
			</trkpt>
			<trkpt lat="46.9783164324" lon="8.1894782563">
				<ele>1389.9</ele>
				<extensions>
					<swisstopo:routepoint_id>261573547</swisstopo:routepoint_id>
				</extensions>
			</trkpt>
			<trkpt lat="46.9783405608" lon="8.1895015560">
				<ele>1389.5</ele>
				<extensions>
					<swisstopo:routepoint_id>367579020</swisstopo:routepoint_id>
				</extensions>
			</trkpt>
			<trkpt lat="46.9783762454" lon="8.1895041347">
				<ele>1388.9</ele>
				<extensions>
					<swisstopo:routepoint_id>1737620368</swisstopo:routepoint_id>
				</extensions>
			</trkpt>
			<trkpt lat="46.9784121989" lon="8.1894649962">
				<ele>1388.3</ele>
				<extensions>
					<swisstopo:routepoint_id>555409423</swisstopo:routepoint_id>
				</extensions>
			</trkpt>
			<trkpt lat="46.9784494753" lon="8.1893870896">
				<ele>1387.5</ele>
				<extensions>
					<swisstopo:routepoint_id>1802242499</swisstopo:routepoint_id>
				</extensions>
			</trkpt>
			<trkpt lat="46.9784845975" lon="8.1893136934">
				<ele>1386.7</ele>
				<extensions>
					<swisstopo:routepoint_id>1860432669</swisstopo:routepoint_id>
				</extensions>
			</trkpt>
			<trkpt lat="46.9785311254" lon="8.1891870763">
				<ele>1385.4</ele>
				<extensions>
					<swisstopo:routepoint_id>929967563</swisstopo:routepoint_id>
				</extensions>
			</trkpt>
			<trkpt lat="46.9785412676" lon="8.1891642559">
				<ele>1385.1</ele>
				<extensions>
					<swisstopo:routepoint_id>578848475</swisstopo:routepoint_id>
				</extensions>
			</trkpt>
			<trkpt lat="46.9785614147" lon="8.1891415883">
				<ele>1384.6</ele>
				<extensions>
					<swisstopo:routepoint_id>605398415</swisstopo:routepoint_id>
				</extensions>
			</trkpt>
			<trkpt lat="46.9785856806" lon="8.1891419277">
				<ele>1384.2</ele>
				<extensions>
					<swisstopo:routepoint_id>153641419</swisstopo:routepoint_id>
				</extensions>
			</trkpt>
			<trkpt lat="46.9786367156" lon="8.1891989755">
				<ele>1383.0</ele>
				<extensions>
					<swisstopo:routepoint_id>975985439</swisstopo:routepoint_id>
				</extensions>
			</trkpt>
			<trkpt lat="46.9786751134" lon="8.1892245478">
				<ele>1382.0</ele>
				<extensions>
					<swisstopo:routepoint_id>907177487</swisstopo:routepoint_id>
				</extensions>
			</trkpt>
			<trkpt lat="46.9787293448" lon="8.1892294907">
				<ele>1380.8</ele>
				<extensions>
					<swisstopo:routepoint_id>1945613956</swisstopo:routepoint_id>
				</extensions>
			</trkpt>
			<trkpt lat="46.9787993685" lon="8.1892221209">
				<ele>1379.3</ele>
				<extensions>
					<swisstopo:routepoint_id>200265623</swisstopo:routepoint_id>
				</extensions>
			</trkpt>
			<trkpt lat="46.9788692418" lon="8.1892377048">
				<ele>1378.3</ele>
				<extensions>
					<swisstopo:routepoint_id>757450912</swisstopo:routepoint_id>
				</extensions>
			</trkpt>
			<trkpt lat="46.9789503293" lon="8.1892847448">
				<ele>1377.5</ele>
				<extensions>
					<swisstopo:routepoint_id>194418568</swisstopo:routepoint_id>
				</extensions>
			</trkpt>
			<trkpt lat="46.9789306294" lon="8.1893779362">
				<ele>1377.8</ele>
				<extensions>
					<swisstopo:routepoint_id>1270245289</swisstopo:routepoint_id>
				</extensions>
			</trkpt>
			<trkpt lat="46.9789098672" lon="8.1894944859">
				<ele>1378.1</ele>
				<extensions>
					<swisstopo:routepoint_id>877637396</swisstopo:routepoint_id>
				</extensions>
			</trkpt>
			<trkpt lat="46.9788951968" lon="8.1895547927">
				<ele>1378.1</ele>
				<extensions>
					<swisstopo:routepoint_id>1534026976</swisstopo:routepoint_id>
				</extensions>
			</trkpt>
			<trkpt lat="46.9788720488" lon="8.1896003680">
				<ele>1378.2</ele>
				<extensions>
					<swisstopo:routepoint_id>1850203397</swisstopo:routepoint_id>
				</extensions>
			</trkpt>
			<trkpt lat="46.9788426853" lon="8.1897230543">
				<ele>1378.1</ele>
				<extensions>
					<swisstopo:routepoint_id>805284819</swisstopo:routepoint_id>
				</extensions>
			</trkpt>
			<trkpt lat="46.9788173669" lon="8.1898812803">
				<ele>1378.2</ele>
				<extensions>
					<swisstopo:routepoint_id>980009539</swisstopo:routepoint_id>
				</extensions>
			</trkpt>
			<trkpt lat="46.9788007309" lon="8.1900229291">
				<ele>1378.0</ele>
				<extensions>
					<swisstopo:routepoint_id>1968233130</swisstopo:routepoint_id>
				</extensions>
			</trkpt>
			<trkpt lat="46.9787763512" lon="8.1902562994">
				<ele>1377.0</ele>
				<extensions>
					<swisstopo:routepoint_id>256117522</swisstopo:routepoint_id>
				</extensions>
			</trkpt>
			<trkpt lat="46.9787371134" lon="8.1905770689">
				<ele>1375.2</ele>
				<extensions>
					<swisstopo:routepoint_id>1009963666</swisstopo:routepoint_id>
				</extensions>
			</trkpt>
			<trkpt lat="46.9787054906" lon="8.1908270039">
				<ele>1373.4</ele>
				<extensions>
					<swisstopo:routepoint_id>748588574</swisstopo:routepoint_id>
				</extensions>
			</trkpt>
			<trkpt lat="46.9786920506" lon="8.1909165342">
				<ele>1372.8</ele>
				<extensions>
					<swisstopo:routepoint_id>1568959092</swisstopo:routepoint_id>
				</extensions>
			</trkpt>
			<trkpt lat="46.9786643596" lon="8.1910016932">
				<ele>1372.2</ele>
				<extensions>
					<swisstopo:routepoint_id>543757731</swisstopo:routepoint_id>
				</extensions>
			</trkpt>
			<trkpt lat="46.9786324461" lon="8.1910763642">
				<ele>1371.8</ele>
				<extensions>
					<swisstopo:routepoint_id>1393266932</swisstopo:routepoint_id>
				</extensions>
			</trkpt>
			<trkpt lat="46.9786161625" lon="8.1911206487">
				<ele>1370.6</ele>
				<extensions>
					<swisstopo:routepoint_id>475639236</swisstopo:routepoint_id>
				</extensions>
			</trkpt>
			<trkpt lat="46.9786019096" lon="8.1911593910">
				<ele>1371.6</ele>
				<extensions>
					<swisstopo:routepoint_id>1134505318</swisstopo:routepoint_id>
				</extensions>
			</trkpt>
			<trkpt lat="46.9785857927" lon="8.1912217690">
				<ele>1371.4</ele>
				<extensions>
					<swisstopo:routepoint_id>123577913</swisstopo:routepoint_id>
				</extensions>
			</trkpt>
			<trkpt lat="46.9785751431" lon="8.1913217732">
				<ele>1371.2</ele>
				<extensions>
					<swisstopo:routepoint_id>357297142</swisstopo:routepoint_id>
				</extensions>
			</trkpt>
			<trkpt lat="46.9785799116" lon="8.1914657941">
				<ele>1370.7</ele>
				<extensions>
					<swisstopo:routepoint_id>728788582</swisstopo:routepoint_id>
				</extensions>
			</trkpt>
			<trkpt lat="46.9785846067" lon="8.1916202682">
				<ele>1369.9</ele>
				<extensions>
					<swisstopo:routepoint_id>1650458833</swisstopo:routepoint_id>
				</extensions>
			</trkpt>
			<trkpt lat="46.9785836743" lon="8.1917621427">
				<ele>1369.0</ele>
				<extensions>
					<swisstopo:routepoint_id>215337932</swisstopo:routepoint_id>
				</extensions>
			</trkpt>
			<trkpt lat="46.9785813101" lon="8.1919039905">
				<ele>1368.0</ele>
				<extensions>
					<swisstopo:routepoint_id>674677929</swisstopo:routepoint_id>
				</extensions>
			</trkpt>
			<trkpt lat="46.9785650060" lon="8.1922125589">
				<ele>1366.3</ele>
				<extensions>
					<swisstopo:routepoint_id>598296543</swisstopo:routepoint_id>
				</extensions>
			</trkpt>
			<trkpt lat="46.9785517436" lon="8.1924919568">
				<ele>1364.9</ele>
				<extensions>
					<swisstopo:routepoint_id>1051562947</swisstopo:routepoint_id>
				</extensions>
			</trkpt>
			<trkpt lat="46.9785404664" lon="8.1926858483">
				<ele>1364.1</ele>
				<extensions>
					<swisstopo:routepoint_id>1975519066</swisstopo:routepoint_id>
				</extensions>
			</trkpt>
			<trkpt lat="46.9785289368" lon="8.1929193778">
				<ele>1363.4</ele>
				<extensions>
					<swisstopo:routepoint_id>304275995</swisstopo:routepoint_id>
				</extensions>
			</trkpt>
			<trkpt lat="46.9785317588" lon="8.1931405883">
				<ele>1362.4</ele>
				<extensions>
					<swisstopo:routepoint_id>808084458</swisstopo:routepoint_id>
				</extensions>
			</trkpt>
			<trkpt lat="46.9785408159" lon="8.1932846759">
				<ele>1361.7</ele>
				<extensions>
					<swisstopo:routepoint_id>788901978</swisstopo:routepoint_id>
				</extensions>
			</trkpt>
			<trkpt lat="46.9785557796" lon="8.1933975672">
				<ele>1361.0</ele>
				<extensions>
					<swisstopo:routepoint_id>511507668</swisstopo:routepoint_id>
				</extensions>
			</trkpt>
			<trkpt lat="46.9785695177" lon="8.1934791296">
				<ele>1360.3</ele>
				<extensions>
					<swisstopo:routepoint_id>532337135</swisstopo:routepoint_id>
				</extensions>
			</trkpt>
			<trkpt lat="46.9785642184" lon="8.1936334633">
				<ele>1359.2</ele>
				<extensions>
					<swisstopo:routepoint_id>573354543</swisstopo:routepoint_id>
				</extensions>
			</trkpt>
			<trkpt lat="46.9785478940" lon="8.1937271172">
				<ele>1358.5</ele>
				<extensions>
					<swisstopo:routepoint_id>610680112</swisstopo:routepoint_id>
				</extensions>
			</trkpt>
			<trkpt lat="46.9785143264" lon="8.1938372270">
				<ele>1357.6</ele>
				<extensions>
					<swisstopo:routepoint_id>876293371</swisstopo:routepoint_id>
				</extensions>
			</trkpt>
			<trkpt lat="46.9784794781" lon="8.1939243757">
				<ele>1357.0</ele>
				<extensions>
					<swisstopo:routepoint_id>419835271</swisstopo:routepoint_id>
				</extensions>
			</trkpt>
			<trkpt lat="46.9784659901" lon="8.1940201614">
				<ele>1356.4</ele>
				<extensions>
					<swisstopo:routepoint_id>1687619302</swisstopo:routepoint_id>
				</extensions>
			</trkpt>
			<trkpt lat="46.9784752162" lon="8.1941371370">
				<ele>1355.5</ele>
				<extensions>
					<swisstopo:routepoint_id>2001082785</swisstopo:routepoint_id>
				</extensions>
			</trkpt>
			<trkpt lat="46.9784888387" lon="8.1942374757">
				<ele>1354.5</ele>
				<extensions>
					<swisstopo:routepoint_id>456971828</swisstopo:routepoint_id>
				</extensions>
			</trkpt>
			<trkpt lat="46.9785066932" lon="8.1943441379">
				<ele>1353.5</ele>
				<extensions>
					<swisstopo:routepoint_id>923991524</swisstopo:routepoint_id>
				</extensions>
			</trkpt>
			<trkpt lat="46.9785117148" lon="8.1944485400">
				<ele>1352.3</ele>
				<extensions>
					<swisstopo:routepoint_id>1071292411</swisstopo:routepoint_id>
				</extensions>
			</trkpt>
			<trkpt lat="46.9785065700" lon="8.1945799134">
				<ele>1350.9</ele>
				<extensions>
					<swisstopo:routepoint_id>708655229</swisstopo:routepoint_id>
				</extensions>
			</trkpt>
			<trkpt lat="46.9784940177" lon="8.1947508369">
				<ele>1349.1</ele>
				<extensions>
					<swisstopo:routepoint_id>424127541</swisstopo:routepoint_id>
				</extensions>
			</trkpt>
			<trkpt lat="46.9784743651" lon="8.1949153902">
				<ele>1347.3</ele>
				<extensions>
					<swisstopo:routepoint_id>813357194</swisstopo:routepoint_id>
				</extensions>
			</trkpt>
			<trkpt lat="46.9784553132" lon="8.1949902336">
				<ele>1346.3</ele>
				<extensions>
					<swisstopo:routepoint_id>1360946403</swisstopo:routepoint_id>
				</extensions>
			</trkpt>
			<trkpt lat="46.9784190460" lon="8.1950752757">
				<ele>1345.1</ele>
				<extensions>
					<swisstopo:routepoint_id>577871024</swisstopo:routepoint_id>
				</extensions>
			</trkpt>
			<trkpt lat="46.9783726906" lon="8.1951747691">
				<ele>1343.8</ele>
				<extensions>
					<swisstopo:routepoint_id>1357248634</swisstopo:routepoint_id>
				</extensions>
			</trkpt>
			<trkpt lat="46.9783379515" lon="8.1952452196">
				<ele>1342.9</ele>
				<extensions>
					<swisstopo:routepoint_id>706493204</swisstopo:routepoint_id>
				</extensions>
			</trkpt>
			<trkpt lat="46.9783201984" lon="8.1953388589">
				<ele>1342.0</ele>
				<extensions>
					<swisstopo:routepoint_id>594195365</swisstopo:routepoint_id>
				</extensions>
			</trkpt>
			<trkpt lat="46.9783109501" lon="8.1954409737">
				<ele>1341.0</ele>
				<extensions>
					<swisstopo:routepoint_id>842541005</swisstopo:routepoint_id>
				</extensions>
			</trkpt>
			<trkpt lat="46.9783194530" lon="8.1956685080">
				<ele>1338.5</ele>
				<extensions>
					<swisstopo:routepoint_id>79502717</swisstopo:routepoint_id>
				</extensions>
			</trkpt>
			<trkpt lat="46.9783293190" lon="8.1959044236">
				<ele>1336.0</ele>
				<extensions>
					<swisstopo:routepoint_id>467336185</swisstopo:routepoint_id>
				</extensions>
			</trkpt>
			<trkpt lat="46.9783281055" lon="8.1960880208">
				<ele>1334.0</ele>
				<extensions>
					<swisstopo:routepoint_id>1171564216</swisstopo:routepoint_id>
				</extensions>
			</trkpt>
			<trkpt lat="46.9783382697" lon="8.1962780291">
				<ele>1332.1</ele>
				<extensions>
					<swisstopo:routepoint_id>202218969</swisstopo:routepoint_id>
				</extensions>
			</trkpt>
			<trkpt lat="46.9783658790" lon="8.1964223918">
				<ele>1330.6</ele>
				<extensions>
					<swisstopo:routepoint_id>1375082429</swisstopo:routepoint_id>
				</extensions>
			</trkpt>
			<trkpt lat="46.9784019791" lon="8.1965773094">
				<ele>1328.8</ele>
				<extensions>
					<swisstopo:routepoint_id>1938858836</swisstopo:routepoint_id>
				</extensions>
			</trkpt>
			<trkpt lat="46.9784281011" lon="8.1967299814">
				<ele>1327.2</ele>
				<extensions>
					<swisstopo:routepoint_id>483597074</swisstopo:routepoint_id>
				</extensions>
			</trkpt>
			<trkpt lat="46.9784275351" lon="8.1968155267">
				<ele>1326.4</ele>
				<extensions>
					<swisstopo:routepoint_id>1737902470</swisstopo:routepoint_id>
				</extensions>
			</trkpt>
			<trkpt lat="46.9784155594" lon="8.1968988186">
				<ele>1325.6</ele>
				<extensions>
					<swisstopo:routepoint_id>1001730443</swisstopo:routepoint_id>
				</extensions>
			</trkpt>
			<trkpt lat="46.9783922704" lon="8.1969652520">
				<ele>1324.8</ele>
				<extensions>
					<swisstopo:routepoint_id>1959246668</swisstopo:routepoint_id>
				</extensions>
			</trkpt>
			<trkpt lat="46.9783576130" lon="8.1970231881">
				<ele>1324.0</ele>
				<extensions>
					<swisstopo:routepoint_id>1691989625</swisstopo:routepoint_id>
				</extensions>
			</trkpt>
			<trkpt lat="46.9782814557" lon="8.1970951313">
				<ele>1322.6</ele>
				<extensions>
					<swisstopo:routepoint_id>291173801</swisstopo:routepoint_id>
				</extensions>
			</trkpt>
			<trkpt lat="46.9781206183" lon="8.1972305730">
				<ele>1319.7</ele>
				<extensions>
					<swisstopo:routepoint_id>1790325541</swisstopo:routepoint_id>
				</extensions>
			</trkpt>
			<trkpt lat="46.9780315691" lon="8.1973065176">
				<ele>1318.1</ele>
				<extensions>
					<swisstopo:routepoint_id>1607989470</swisstopo:routepoint_id>
				</extensions>
			</trkpt>
			<trkpt lat="46.9779395908" lon="8.1973949347">
				<ele>1316.4</ele>
				<extensions>
					<swisstopo:routepoint_id>1544808442</swisstopo:routepoint_id>
				</extensions>
			</trkpt>
			<trkpt lat="46.9778833753" lon="8.1974734223">
				<ele>1315.1</ele>
				<extensions>
					<swisstopo:routepoint_id>518192464</swisstopo:routepoint_id>
				</extensions>
			</trkpt>
			<trkpt lat="46.9778515034" lon="8.1975418255">
				<ele>1314.1</ele>
				<extensions>
					<swisstopo:routepoint_id>1214553863</swisstopo:routepoint_id>
				</extensions>
			</trkpt>
			<trkpt lat="46.9778353140" lon="8.1976146219">
				<ele>1313.4</ele>
				<extensions>
					<swisstopo:routepoint_id>1174710706</swisstopo:routepoint_id>
				</extensions>
			</trkpt>
			<trkpt lat="46.9778204457" lon="8.1977041353">
				<ele>1312.3</ele>
				<extensions>
					<swisstopo:routepoint_id>1545668871</swisstopo:routepoint_id>
				</extensions>
			</trkpt>
			<trkpt lat="46.9778254644" lon="8.1978085236">
				<ele>1311.3</ele>
				<extensions>
					<swisstopo:routepoint_id>2094520785</swisstopo:routepoint_id>
				</extensions>
			</trkpt>
			<trkpt lat="46.9778295334" lon="8.1980568697">
				<ele>1308.8</ele>
				<extensions>
					<swisstopo:routepoint_id>1058891871</swisstopo:routepoint_id>
				</extensions>
			</trkpt>
			<trkpt lat="46.9778342475" lon="8.1982071649">
				<ele>1307.6</ele>
				<extensions>
					<swisstopo:routepoint_id>598693208</swisstopo:routepoint_id>
				</extensions>
			</trkpt>
			<trkpt lat="46.9778249826" lon="8.1983113767">
				<ele>1306.9</ele>
				<extensions>
					<swisstopo:routepoint_id>1275860661</swisstopo:routepoint_id>
				</extensions>
			</trkpt>
			<trkpt lat="46.9777999473" lon="8.1984257745">
				<ele>1306.1</ele>
				<extensions>
					<swisstopo:routepoint_id>765914132</swisstopo:routepoint_id>
				</extensions>
			</trkpt>
			<trkpt lat="46.9777477271" lon="8.1985481492">
				<ele>1305.0</ele>
				<extensions>
					<swisstopo:routepoint_id>701836406</swisstopo:routepoint_id>
				</extensions>
			</trkpt>
			<trkpt lat="46.9776711536" lon="8.1986826737">
				<ele>1303.4</ele>
				<extensions>
					<swisstopo:routepoint_id>1784286318</swisstopo:routepoint_id>
				</extensions>
			</trkpt>
			<trkpt lat="46.9776305878" lon="8.1987697369">
				<ele>1302.3</ele>
				<extensions>
					<swisstopo:routepoint_id>1038499918</swisstopo:routepoint_id>
				</extensions>
			</trkpt>
			<trkpt lat="46.9776129563" lon="8.1988445979">
				<ele>1301.5</ele>
				<extensions>
					<swisstopo:routepoint_id>1468522657</swisstopo:routepoint_id>
				</extensions>
			</trkpt>
			<trkpt lat="46.9776079179" lon="8.1989571926">
				<ele>1300.2</ele>
				<extensions>
					<swisstopo:routepoint_id>430741228</swisstopo:routepoint_id>
				</extensions>
			</trkpt>
			<trkpt lat="46.9776185801" lon="8.1990721083">
				<ele>1298.9</ele>
				<extensions>
					<swisstopo:routepoint_id>300444959</swisstopo:routepoint_id>
				</extensions>
			</trkpt>
			<trkpt lat="46.9776264749" lon="8.1991744449">
				<ele>1297.8</ele>
				<extensions>
					<swisstopo:routepoint_id>844371816</swisstopo:routepoint_id>
				</extensions>
			</trkpt>
			<trkpt lat="46.9776186135" lon="8.1992828283">
				<ele>1296.7</ele>
				<extensions>
					<swisstopo:routepoint_id>785172136</swisstopo:routepoint_id>
				</extensions>
			</trkpt>
			<trkpt lat="46.9775948246" lon="8.1994243760">
				<ele>1295.1</ele>
				<extensions>
					<swisstopo:routepoint_id>101078937</swisstopo:routepoint_id>
				</extensions>
			</trkpt>
			<trkpt lat="46.9775725598" lon="8.1995513327">
				<ele>1293.6</ele>
				<extensions>
					<swisstopo:routepoint_id>174129382</swisstopo:routepoint_id>
				</extensions>
			</trkpt>
			<trkpt lat="46.9775544291" lon="8.1997013033">
				<ele>1292.0</ele>
				<extensions>
					<swisstopo:routepoint_id>1719796060</swisstopo:routepoint_id>
				</extensions>
			</trkpt>
			<trkpt lat="46.9775251239" lon="8.1998135664">
				<ele>1290.7</ele>
				<extensions>
					<swisstopo:routepoint_id>1629975447</swisstopo:routepoint_id>
				</extensions>
			</trkpt>
			<trkpt lat="46.9774957036" lon="8.1999425005">
				<ele>1289.3</ele>
				<extensions>
					<swisstopo:routepoint_id>1695936597</swisstopo:routepoint_id>
				</extensions>
			</trkpt>
			<trkpt lat="46.9774807416" lon="8.2000445255">
				<ele>1288.5</ele>
				<extensions>
					<swisstopo:routepoint_id>55939148</swisstopo:routepoint_id>
				</extensions>
			</trkpt>
			<trkpt lat="46.9774842978" lon="8.2001551626">
				<ele>1287.7</ele>
				<extensions>
					<swisstopo:routepoint_id>1718906697</swisstopo:routepoint_id>
				</extensions>
			</trkpt>
			<trkpt lat="46.9774836184" lon="8.2002573839">
				<ele>1286.8</ele>
				<extensions>
					<swisstopo:routepoint_id>1714837035</swisstopo:routepoint_id>
				</extensions>
			</trkpt>
			<trkpt lat="46.9774609740" lon="8.2004406674">
				<ele>1285.2</ele>
				<extensions>
					<swisstopo:routepoint_id>2035504505</swisstopo:routepoint_id>
				</extensions>
			</trkpt>
			<trkpt lat="46.9774255241" lon="8.2006175183">
				<ele>1283.3</ele>
				<extensions>
					<swisstopo:routepoint_id>1309718825</swisstopo:routepoint_id>
				</extensions>
			</trkpt>
			<trkpt lat="46.9773885123" lon="8.2008152037">
				<ele>1281.2</ele>
				<extensions>
					<swisstopo:routepoint_id>736910025</swisstopo:routepoint_id>
				</extensions>
			</trkpt>
			<trkpt lat="46.9773865020" lon="8.2009028125">
				<ele>1280.3</ele>
				<extensions>
					<swisstopo:routepoint_id>708597926</swisstopo:routepoint_id>
				</extensions>
			</trkpt>
			<trkpt lat="46.9774059305" lon="8.2009865481">
				<ele>1279.3</ele>
				<extensions>
					<swisstopo:routepoint_id>1608519667</swisstopo:routepoint_id>
				</extensions>
			</trkpt>
			<trkpt lat="46.9774483303" lon="8.2010539118">
				<ele>1278.4</ele>
				<extensions>
					<swisstopo:routepoint_id>1865894833</swisstopo:routepoint_id>
				</extensions>
			</trkpt>
			<trkpt lat="46.9775179105" lon="8.2011133254">
				<ele>1277.1</ele>
				<extensions>
					<swisstopo:routepoint_id>390761090</swisstopo:routepoint_id>
				</extensions>
			</trkpt>
			<trkpt lat="46.9775905521" lon="8.2011186381">
				<ele>1276.0</ele>
				<extensions>
					<swisstopo:routepoint_id>516647104</swisstopo:routepoint_id>
				</extensions>
			</trkpt>
			<trkpt lat="46.9776439604" lon="8.2011402604">
				<ele>1275.2</ele>
				<extensions>
					<swisstopo:routepoint_id>1011492107</swisstopo:routepoint_id>
				</extensions>
			</trkpt>
			<trkpt lat="46.9777007313" lon="8.2011932287">
				<ele>1274.1</ele>
				<extensions>
					<swisstopo:routepoint_id>667292697</swisstopo:routepoint_id>
				</extensions>
			</trkpt>
			<trkpt lat="46.9777395837" lon="8.2012563711">
				<ele>1273.3</ele>
				<extensions>
					<swisstopo:routepoint_id>1028753845</swisstopo:routepoint_id>
				</extensions>
			</trkpt>
			<trkpt lat="46.9777563436" lon="8.2013357954">
				<ele>1272.4</ele>
				<extensions>
					<swisstopo:routepoint_id>875030918</swisstopo:routepoint_id>
				</extensions>
			</trkpt>
			<trkpt lat="46.9777639915" lon="8.2014736054">
				<ele>1270.8</ele>
				<extensions>
					<swisstopo:routepoint_id>676624170</swisstopo:routepoint_id>
				</extensions>
			</trkpt>
			<trkpt lat="46.9777588620" lon="8.2016008116">
				<ele>1269.4</ele>
				<extensions>
					<swisstopo:routepoint_id>1096514325</swisstopo:routepoint_id>
				</extensions>
			</trkpt>
			<trkpt lat="46.9777401828" lon="8.2020470402">
				<ele>1264.8</ele>
				<extensions>
					<swisstopo:routepoint_id>1559085368</swisstopo:routepoint_id>
				</extensions>
			</trkpt>
			<trkpt lat="46.9777190731" lon="8.2026434814">
				<ele>1258.5</ele>
				<extensions>
					<swisstopo:routepoint_id>2099802929</swisstopo:routepoint_id>
				</extensions>
			</trkpt>
			<trkpt lat="46.9777055489" lon="8.2029583386">
				<ele>1255.3</ele>
				<extensions>
					<swisstopo:routepoint_id>1789056552</swisstopo:routepoint_id>
				</extensions>
			</trkpt>
			<trkpt lat="46.9776977394" lon="8.2030583795">
				<ele>1254.2</ele>
				<extensions>
					<swisstopo:routepoint_id>1754927817</swisstopo:routepoint_id>
				</extensions>
			</trkpt>
			<trkpt lat="46.9776842438" lon="8.2031541744">
				<ele>1253.2</ele>
				<extensions>
					<swisstopo:routepoint_id>1531412421</swisstopo:routepoint_id>
				</extensions>
			</trkpt>
			<trkpt lat="46.9776434005" lon="8.2032829444">
				<ele>1251.7</ele>
				<extensions>
					<swisstopo:routepoint_id>857050452</swisstopo:routepoint_id>
				</extensions>
			</trkpt>
			<trkpt lat="46.9775907436" lon="8.2034699836">
				<ele>1249.6</ele>
				<extensions>
					<swisstopo:routepoint_id>1274126335</swisstopo:routepoint_id>
				</extensions>
			</trkpt>
			<trkpt lat="46.9775727287" lon="8.2036011706">
				<ele>1248.1</ele>
				<extensions>
					<swisstopo:routepoint_id>1681868108</swisstopo:routepoint_id>
				</extensions>
			</trkpt>
			<trkpt lat="46.9775527578" lon="8.2038116183">
				<ele>1246.0</ele>
				<extensions>
					<swisstopo:routepoint_id>1977529342</swisstopo:routepoint_id>
				</extensions>
			</trkpt>
			<trkpt lat="46.9775546270" lon="8.2039597804">
				<ele>1245.2</ele>
				<extensions>
					<swisstopo:routepoint_id>663740193</swisstopo:routepoint_id>
				</extensions>
			</trkpt>
			<trkpt lat="46.9775576132" lon="8.2041538697">
				<ele>1244.7</ele>
				<extensions>
					<swisstopo:routepoint_id>1451361233</swisstopo:routepoint_id>
				</extensions>
			</trkpt>
			<trkpt lat="46.9775597659" lon="8.2042603093">
				<ele>1244.5</ele>
				<extensions>
					<swisstopo:routepoint_id>1908980405</swisstopo:routepoint_id>
				</extensions>
			</trkpt>
			<trkpt lat="46.9775504261" lon="8.2043749278">
				<ele>1244.3</ele>
				<extensions>
					<swisstopo:routepoint_id>827980655</swisstopo:routepoint_id>
				</extensions>
			</trkpt>
			<trkpt lat="46.9775181641" lon="8.2045017462">
				<ele>1244.1</ele>
				<extensions>
					<swisstopo:routepoint_id>176836025</swisstopo:routepoint_id>
				</extensions>
			</trkpt>
			<trkpt lat="46.9774626878" lon="8.2046824737">
				<ele>1243.3</ele>
				<extensions>
					<swisstopo:routepoint_id>2113188374</swisstopo:routepoint_id>
				</extensions>
			</trkpt>
			<trkpt lat="46.9774284915" lon="8.2048843745">
				<ele>1242.6</ele>
				<extensions>
					<swisstopo:routepoint_id>1272447732</swisstopo:routepoint_id>
				</extensions>
			</trkpt>
			<trkpt lat="46.9773966054" lon="8.2051676757">
				<ele>1241.5</ele>
				<extensions>
					<swisstopo:routepoint_id>1386874898</swisstopo:routepoint_id>
				</extensions>
			</trkpt>
			<trkpt lat="46.9773701952" lon="8.2054865306">
				<ele>1238.9</ele>
				<extensions>
					<swisstopo:routepoint_id>418906148</swisstopo:routepoint_id>
				</extensions>
			</trkpt>
			<trkpt lat="46.9773465273" lon="8.2058221035">
				<ele>1236.1</ele>
				<extensions>
					<swisstopo:routepoint_id>1104234570</swisstopo:routepoint_id>
				</extensions>
			</trkpt>
			<trkpt lat="46.9773266074" lon="8.2060242074">
				<ele>1234.4</ele>
				<extensions>
					<swisstopo:routepoint_id>316740616</swisstopo:routepoint_id>
				</extensions>
			</trkpt>
			<trkpt lat="46.9772831920" lon="8.2063240343">
				<ele>1231.7</ele>
				<extensions>
					<swisstopo:routepoint_id>1995055846</swisstopo:routepoint_id>
				</extensions>
			</trkpt>
			<trkpt lat="46.9772381436" lon="8.2066530690">
				<ele>1228.2</ele>
				<extensions>
					<swisstopo:routepoint_id>93939464</swisstopo:routepoint_id>
				</extensions>
			</trkpt>
			<trkpt lat="46.9772185578" lon="8.2068051013">
				<ele>1226.4</ele>
				<extensions>
					<swisstopo:routepoint_id>440090903</swisstopo:routepoint_id>
				</extensions>
			</trkpt>
			<trkpt lat="46.9772047322" lon="8.2069509525">
				<ele>1224.8</ele>
				<extensions>
					<swisstopo:routepoint_id>674126453</swisstopo:routepoint_id>
				</extensions>
			</trkpt>
			<trkpt lat="46.9772014021" lon="8.2072346602">
				<ele>1221.8</ele>
				<extensions>
					<swisstopo:routepoint_id>2067057646</swisstopo:routepoint_id>
				</extensions>
			</trkpt>
			<trkpt lat="46.9772041686" lon="8.2074600369">
				<ele>1219.3</ele>
				<extensions>
					<swisstopo:routepoint_id>1194898803</swisstopo:routepoint_id>
				</extensions>
			</trkpt>
			<trkpt lat="46.9772128488" lon="8.2076562925">
				<ele>1217.1</ele>
				<extensions>
					<swisstopo:routepoint_id>1544598924</swisstopo:routepoint_id>
				</extensions>
			</trkpt>
			<trkpt lat="46.9772341697" lon="8.2078840145">
				<ele>1214.5</ele>
				<extensions>
					<swisstopo:routepoint_id>1291790732</swisstopo:routepoint_id>
				</extensions>
			</trkpt>
			<trkpt lat="46.9772389129" lon="8.2080280524">
				<ele>1212.8</ele>
				<extensions>
					<swisstopo:routepoint_id>67161554</swisstopo:routepoint_id>
				</extensions>
			</trkpt>
			<trkpt lat="46.9772326570" lon="8.2081093301">
				<ele>1211.9</ele>
				<extensions>
					<swisstopo:routepoint_id>1355323403</swisstopo:routepoint_id>
				</extensions>
			</trkpt>
			<trkpt lat="46.9772020748" lon="8.2081986208">
				<ele>1210.8</ele>
				<extensions>
					<swisstopo:routepoint_id>561390492</swisstopo:routepoint_id>
				</extensions>
			</trkpt>
			<trkpt lat="46.9771428526" lon="8.2082979163">
				<ele>1209.5</ele>
				<extensions>
					<swisstopo:routepoint_id>1394337773</swisstopo:routepoint_id>
				</extensions>
			</trkpt>
			<trkpt lat="46.9771223839" lon="8.2083685551">
				<ele>1208.8</ele>
				<extensions>
					<swisstopo:routepoint_id>1293394747</swisstopo:routepoint_id>
				</extensions>
			</trkpt>
			<trkpt lat="46.9771146302" lon="8.2084602523">
				<ele>1207.9</ele>
				<extensions>
					<swisstopo:routepoint_id>1256037895</swisstopo:routepoint_id>
				</extensions>
			</trkpt>
			<trkpt lat="46.9771281798" lon="8.2085689405">
				<ele>1206.7</ele>
				<extensions>
					<swisstopo:routepoint_id>464651255</swisstopo:routepoint_id>
				</extensions>
			</trkpt>
			<trkpt lat="46.9771372324" lon="8.2087088558">
				<ele>1205.1</ele>
				<extensions>
					<swisstopo:routepoint_id>1143102293</swisstopo:routepoint_id>
				</extensions>
			</trkpt>
			<trkpt lat="46.9771251919" lon="8.2088004915">
				<ele>1204.0</ele>
				<extensions>
					<swisstopo:routepoint_id>731532389</swisstopo:routepoint_id>
				</extensions>
			</trkpt>
			<trkpt lat="46.9771016717" lon="8.2089003050">
				<ele>1202.9</ele>
				<extensions>
					<swisstopo:routepoint_id>520982848</swisstopo:routepoint_id>
				</extensions>
			</trkpt>
			<trkpt lat="46.9770680334" lon="8.2090187507">
				<ele>1201.5</ele>
				<extensions>
					<swisstopo:routepoint_id>867897517</swisstopo:routepoint_id>
				</extensions>
			</trkpt>
			<trkpt lat="46.9770441062" lon="8.2091790620">
				<ele>1199.8</ele>
				<extensions>
					<swisstopo:routepoint_id>1044637795</swisstopo:routepoint_id>
				</extensions>
			</trkpt>
			<trkpt lat="46.9770314059" lon="8.2093687468">
				<ele>1197.8</ele>
				<extensions>
					<swisstopo:routepoint_id>1548606340</swisstopo:routepoint_id>
				</extensions>
			</trkpt>
			<trkpt lat="46.9770214241" lon="8.2095793402">
				<ele>1195.6</ele>
				<extensions>
					<swisstopo:routepoint_id>2072438387</swisstopo:routepoint_id>
				</extensions>
			</trkpt>
			<trkpt lat="46.9770201889" lon="8.2097629261">
				<ele>1193.5</ele>
				<extensions>
					<swisstopo:routepoint_id>1434699616</swisstopo:routepoint_id>
				</extensions>
			</trkpt>
			<trkpt lat="46.9769978100" lon="8.2099044817">
				<ele>1192.0</ele>
				<extensions>
					<swisstopo:routepoint_id>1050057596</swisstopo:routepoint_id>
				</extensions>
			</trkpt>
			<trkpt lat="46.9769653033" lon="8.2100667484">
				<ele>1190.4</ele>
				<extensions>
					<swisstopo:routepoint_id>297404926</swisstopo:routepoint_id>
				</extensions>
			</trkpt>
			<trkpt lat="46.9769326793" lon="8.2102457243">
				<ele>1188.5</ele>
				<extensions>
					<swisstopo:routepoint_id>1290144713</swisstopo:routepoint_id>
				</extensions>
			</trkpt>
			<trkpt lat="46.9769189336" lon="8.2103790610">
				<ele>1187.2</ele>
				<extensions>
					<swisstopo:routepoint_id>319807632</swisstopo:routepoint_id>
				</extensions>
			</trkpt>
			<trkpt lat="46.9768991603" lon="8.2105582085">
				<ele>1185.3</ele>
				<extensions>
					<swisstopo:routepoint_id>2002786230</swisstopo:routepoint_id>
				</extensions>
			</trkpt>
			<trkpt lat="46.9768765644" lon="8.2107331441">
				<ele>1183.6</ele>
				<extensions>
					<swisstopo:routepoint_id>1169484532</swisstopo:routepoint_id>
				</extensions>
			</trkpt>
			<trkpt lat="46.9768498880" lon="8.2108767163">
				<ele>1182.3</ele>
				<extensions>
					<swisstopo:routepoint_id>1756191980</swisstopo:routepoint_id>
				</extensions>
			</trkpt>
			<trkpt lat="46.9768222245" lon="8.2109556121">
				<ele>1181.4</ele>
				<extensions>
					<swisstopo:routepoint_id>1303363492</swisstopo:routepoint_id>
				</extensions>
			</trkpt>
			<trkpt lat="46.9767846727" lon="8.2110176674">
				<ele>1180.5</ele>
				<extensions>
					<swisstopo:routepoint_id>1297010644</swisstopo:routepoint_id>
				</extensions>
			</trkpt>
			<trkpt lat="46.9767457541" lon="8.2110713602">
				<ele>1179.7</ele>
				<extensions>
					<swisstopo:routepoint_id>1898876658</swisstopo:routepoint_id>
				</extensions>
			</trkpt>
			<trkpt lat="46.9767339650" lon="8.2111254307">
				<ele>1179.1</ele>
				<extensions>
					<swisstopo:routepoint_id>665512939</swisstopo:routepoint_id>
				</extensions>
			</trkpt>
			<trkpt lat="46.9767278616" lon="8.2111837543">
				<ele>1178.5</ele>
				<extensions>
					<swisstopo:routepoint_id>1181132197</swisstopo:routepoint_id>
				</extensions>
			</trkpt>
			<trkpt lat="46.9767447276" lon="8.2112236439">
				<ele>1178.0</ele>
				<extensions>
					<swisstopo:routepoint_id>2097485758</swisstopo:routepoint_id>
				</extensions>
			</trkpt>
			<trkpt lat="46.9767744909" lon="8.2112574560">
				<ele>1177.3</ele>
				<extensions>
					<swisstopo:routepoint_id>1499069201</swisstopo:routepoint_id>
				</extensions>
			</trkpt>
			<trkpt lat="46.9768044514" lon="8.2112620586">
				<ele>1176.8</ele>
				<extensions>
					<swisstopo:routepoint_id>577914603</swisstopo:routepoint_id>
				</extensions>
			</trkpt>
			<trkpt lat="46.9768602499" lon="8.2112461766">
				<ele>1175.8</ele>
				<extensions>
					<swisstopo:routepoint_id>2089680887</swisstopo:routepoint_id>
				</extensions>
			</trkpt>
			<trkpt lat="46.9769217485" lon="8.2112324559">
				<ele>1174.7</ele>
				<extensions>
					<swisstopo:routepoint_id>1319104771</swisstopo:routepoint_id>
				</extensions>
			</trkpt>
			<trkpt lat="46.9769601888" lon="8.2112497075">
				<ele>1174.0</ele>
				<extensions>
					<swisstopo:routepoint_id>1720198216</swisstopo:routepoint_id>
				</extensions>
			</trkpt>
			<trkpt lat="46.9769927693" lon="8.2112898108">
				<ele>1173.2</ele>
				<extensions>
					<swisstopo:routepoint_id>1946560398</swisstopo:routepoint_id>
				</extensions>
			</trkpt>
			<trkpt lat="46.9769937939" lon="8.2113482501">
				<ele>1172.5</ele>
				<extensions>
					<swisstopo:routepoint_id>1074730788</swisstopo:routepoint_id>
				</extensions>
			</trkpt>
			<trkpt lat="46.9769776988" lon="8.2114064301">
				<ele>1171.8</ele>
				<extensions>
					<swisstopo:routepoint_id>515398999</swisstopo:routepoint_id>
				</extensions>
			</trkpt>
			<trkpt lat="46.9769344838" lon="8.2114621402">
				<ele>1170.7</ele>
				<extensions>
					<swisstopo:routepoint_id>1509427842</swisstopo:routepoint_id>
				</extensions>
			</trkpt>
			<trkpt lat="46.9768783106" lon="8.2115322826">
				<ele>1169.5</ele>
				<extensions>
					<swisstopo:routepoint_id>729418483</swisstopo:routepoint_id>
				</extensions>
			</trkpt>
			<trkpt lat="46.9768463785" lon="8.2116090117">
				<ele>1168.5</ele>
				<extensions>
					<swisstopo:routepoint_id>1499786705</swisstopo:routepoint_id>
				</extensions>
			</trkpt>
			<trkpt lat="46.9768098923" lon="8.2117253221">
				<ele>1167.0</ele>
				<extensions>
					<swisstopo:routepoint_id>1899586096</swisstopo:routepoint_id>
				</extensions>
			</trkpt>
			<trkpt lat="46.9767730074" lon="8.2119000510">
				<ele>1165.0</ele>
				<extensions>
					<swisstopo:routepoint_id>1851619170</swisstopo:routepoint_id>
				</extensions>
			</trkpt>
			<trkpt lat="46.9767564287" lon="8.2120291748">
				<ele>1163.5</ele>
				<extensions>
					<swisstopo:routepoint_id>977861513</swisstopo:routepoint_id>
				</extensions>
			</trkpt>
			<trkpt lat="46.9767554712" lon="8.2121710375">
				<ele>1162.1</ele>
				<extensions>
					<swisstopo:routepoint_id>226098500</swisstopo:routepoint_id>
				</extensions>
			</trkpt>
			<trkpt lat="46.9767624105" lon="8.2124131647">
				<ele>1159.5</ele>
				<extensions>
					<swisstopo:routepoint_id>1138917957</swisstopo:routepoint_id>
				</extensions>
			</trkpt>
			<trkpt lat="46.9767614948" lon="8.2125487776">
				<ele>1158.1</ele>
				<extensions>
					<swisstopo:routepoint_id>1272357588</swisstopo:routepoint_id>
				</extensions>
			</trkpt>
			<trkpt lat="46.9767507333" lon="8.2126612869">
				<ele>1156.7</ele>
				<extensions>
					<swisstopo:routepoint_id>2019308337</swisstopo:routepoint_id>
				</extensions>
			</trkpt>
			<trkpt lat="46.9767200350" lon="8.2127672451">
				<ele>1155.4</ele>
				<extensions>
					<swisstopo:routepoint_id>1831146418</swisstopo:routepoint_id>
				</extensions>
			</trkpt>
			<trkpt lat="46.9766879663" lon="8.2128627615">
				<ele>1154.3</ele>
				<extensions>
					<swisstopo:routepoint_id>489702169</swisstopo:routepoint_id>
				</extensions>
			</trkpt>
			<trkpt lat="46.9766875153" lon="8.2129295219">
				<ele>1153.6</ele>
				<extensions>
					<swisstopo:routepoint_id>1267019079</swisstopo:routepoint_id>
				</extensions>
			</trkpt>
			<trkpt lat="46.9767113572" lon="8.2129945408">
				<ele>1152.8</ele>
				<extensions>
					<swisstopo:routepoint_id>341817101</swisstopo:routepoint_id>
				</extensions>
			</trkpt>
			<trkpt lat="46.9767653154" lon="8.2130391377">
				<ele>1151.6</ele>
				<extensions>
					<swisstopo:routepoint_id>401260782</swisstopo:routepoint_id>
				</extensions>
			</trkpt>
			<trkpt lat="46.9768322928" lon="8.2130609737">
				<ele>1150.5</ele>
				<extensions>
					<swisstopo:routepoint_id>891311494</swisstopo:routepoint_id>
				</extensions>
			</trkpt>
			<trkpt lat="46.9769178871" lon="8.2130747229">
				<ele>1148.9</ele>
				<extensions>
					<swisstopo:routepoint_id>1573841833</swisstopo:routepoint_id>
				</extensions>
			</trkpt>
			<trkpt lat="46.9769734323" lon="8.2130963812">
				<ele>1147.9</ele>
				<extensions>
					<swisstopo:routepoint_id>1003607132</swisstopo:routepoint_id>
				</extensions>
			</trkpt>
			<trkpt lat="46.9770060315" lon="8.2131323274">
				<ele>1147.2</ele>
				<extensions>
					<swisstopo:routepoint_id>1288503986</swisstopo:routepoint_id>
				</extensions>
			</trkpt>
			<trkpt lat="46.9770170884" lon="8.2131867403">
				<ele>1146.6</ele>
				<extensions>
					<swisstopo:routepoint_id>661396354</swisstopo:routepoint_id>
				</extensions>
			</trkpt>
			<trkpt lat="46.9769979593" lon="8.2132699297">
				<ele>1145.6</ele>
				<extensions>
					<swisstopo:routepoint_id>713164806</swisstopo:routepoint_id>
				</extensions>
			</trkpt>
			<trkpt lat="46.9769661812" lon="8.2133237114">
				<ele>1144.8</ele>
				<extensions>
					<swisstopo:routepoint_id>1054660535</swisstopo:routepoint_id>
				</extensions>
			</trkpt>
			<trkpt lat="46.9769159693" lon="8.2133584622">
				<ele>1143.9</ele>
				<extensions>
					<swisstopo:routepoint_id>349589407</swisstopo:routepoint_id>
				</extensions>
			</trkpt>
			<trkpt lat="46.9768501091" lon="8.2133825395">
				<ele>1142.8</ele>
				<extensions>
					<swisstopo:routepoint_id>33905257</swisstopo:routepoint_id>
				</extensions>
			</trkpt>
			<trkpt lat="46.9767828162" lon="8.2134087010">
				<ele>1141.8</ele>
				<extensions>
					<swisstopo:routepoint_id>762487944</swisstopo:routepoint_id>
				</extensions>
			</trkpt>
			<trkpt lat="46.9767568277" lon="8.2134500519">
				<ele>1141.2</ele>
				<extensions>
					<swisstopo:routepoint_id>1099953159</swisstopo:routepoint_id>
				</extensions>
			</trkpt>
			<trkpt lat="46.9767392812" lon="8.2135102893">
				<ele>1140.6</ele>
				<extensions>
					<swisstopo:routepoint_id>1373509937</swisstopo:routepoint_id>
				</extensions>
			</trkpt>
			<trkpt lat="46.9767374816" lon="8.2135666084">
				<ele>1140.0</ele>
				<extensions>
					<swisstopo:routepoint_id>1279789556</swisstopo:routepoint_id>
				</extensions>
			</trkpt>
			<trkpt lat="46.9767640704" lon="8.2136462734">
				<ele>1139.0</ele>
				<extensions>
					<swisstopo:routepoint_id>226859340</swisstopo:routepoint_id>
				</extensions>
			</trkpt>
			<trkpt lat="46.9768149706" lon="8.2137221182">
				<ele>1137.9</ele>
				<extensions>
					<swisstopo:routepoint_id>1041453955</swisstopo:routepoint_id>
				</extensions>
			</trkpt>
			<trkpt lat="46.9768761264" lon="8.2137584771">
				<ele>1136.8</ele>
				<extensions>
					<swisstopo:routepoint_id>1724898635</swisstopo:routepoint_id>
				</extensions>
			</trkpt>
			<trkpt lat="46.9769916668" lon="8.2137789235">
				<ele>1134.7</ele>
				<extensions>
					<swisstopo:routepoint_id>1489607592</swisstopo:routepoint_id>
				</extensions>
			</trkpt>
			<trkpt lat="46.9771171383" lon="8.2138078560">
				<ele>1132.5</ele>
				<extensions>
					<swisstopo:routepoint_id>470442018</swisstopo:routepoint_id>
				</extensions>
			</trkpt>
			<trkpt lat="46.9773512344" lon="8.2138237645">
				<ele>1128.8</ele>
				<extensions>
					<swisstopo:routepoint_id>1831691919</swisstopo:routepoint_id>
				</extensions>
			</trkpt>
			<trkpt lat="46.9776025767" lon="8.2138232109">
				<ele>1126.0</ele>
				<extensions>
					<swisstopo:routepoint_id>1068002888</swisstopo:routepoint_id>
				</extensions>
			</trkpt>
			<trkpt lat="46.9778238175" lon="8.2138389339">
				<ele>1123.8</ele>
				<extensions>
					<swisstopo:routepoint_id>1256216990</swisstopo:routepoint_id>
				</extensions>
			</trkpt>
			<trkpt lat="46.9779851466" lon="8.2138454358">
				<ele>1121.9</ele>
				<extensions>
					<swisstopo:routepoint_id>1327217273</swisstopo:routepoint_id>
				</extensions>
			</trkpt>
			<trkpt lat="46.9780794420" lon="8.2138384423">
				<ele>1120.6</ele>
				<extensions>
					<swisstopo:routepoint_id>628065922</swisstopo:routepoint_id>
				</extensions>
			</trkpt>
			<trkpt lat="46.9782139804" lon="8.2137944999">
				<ele>1118.4</ele>
				<extensions>
					<swisstopo:routepoint_id>1021826049</swisstopo:routepoint_id>
				</extensions>
			</trkpt>
			<trkpt lat="46.9783485709" lon="8.2137421765">
				<ele>1116.2</ele>
				<extensions>
					<swisstopo:routepoint_id>403680484</swisstopo:routepoint_id>
				</extensions>
			</trkpt>
			<trkpt lat="46.9785090045" lon="8.2136693817">
				<ele>1114.9</ele>
				<extensions>
					<swisstopo:routepoint_id>757053715</swisstopo:routepoint_id>
				</extensions>
			</trkpt>
			<trkpt lat="46.9785739897" lon="8.2136415307">
				<ele>1114.3</ele>
				<extensions>
					<swisstopo:routepoint_id>2108663177</swisstopo:routepoint_id>
				</extensions>
			</trkpt>
			<trkpt lat="46.9786351224" lon="8.2136241489">
				<ele>1114.5</ele>
				<extensions>
					<swisstopo:routepoint_id>379389398</swisstopo:routepoint_id>
				</extensions>
			</trkpt>
			<trkpt lat="46.9786878660" lon="8.2136177228">
				<ele>1114.6</ele>
				<extensions>
					<swisstopo:routepoint_id>518664243</swisstopo:routepoint_id>
				</extensions>
			</trkpt>
			<trkpt lat="46.9787576796" lon="8.2136416806">
				<ele>1114.5</ele>
				<extensions>
					<swisstopo:routepoint_id>553808928</swisstopo:routepoint_id>
				</extensions>
			</trkpt>
			<trkpt lat="46.9788199848" lon="8.2137197851">
				<ele>1114.0</ele>
				<extensions>
					<swisstopo:routepoint_id>672526798</swisstopo:routepoint_id>
				</extensions>
			</trkpt>
			<trkpt lat="46.9789146536" lon="8.2138692985">
				<ele>1113.1</ele>
				<extensions>
					<swisstopo:routepoint_id>951459825</swisstopo:routepoint_id>
				</extensions>
			</trkpt>
			<trkpt lat="46.9790460948" lon="8.2140714941">
				<ele>1112.0</ele>
				<extensions>
					<swisstopo:routepoint_id>1022043213</swisstopo:routepoint_id>
				</extensions>
			</trkpt>
			<trkpt lat="46.9791081359" lon="8.2141892443">
				<ele>1111.8</ele>
				<extensions>
					<swisstopo:routepoint_id>1906072185</swisstopo:routepoint_id>
				</extensions>
			</trkpt>
			<trkpt lat="46.9791599266" lon="8.2143444033">
				<ele>1111.7</ele>
				<extensions>
					<swisstopo:routepoint_id>1341650996</swisstopo:routepoint_id>
				</extensions>
			</trkpt>
			<trkpt lat="46.9792215253" lon="8.2145268128">
				<ele>1111.5</ele>
				<extensions>
					<swisstopo:routepoint_id>549996272</swisstopo:routepoint_id>
				</extensions>
			</trkpt>
			<trkpt lat="46.9792894629" lon="8.2147246400">
				<ele>1111.3</ele>
				<extensions>
					<swisstopo:routepoint_id>1017726816</swisstopo:routepoint_id>
				</extensions>
			</trkpt>
			<trkpt lat="46.9793693966" lon="8.2149528688">
				<ele>1110.9</ele>
				<extensions>
					<swisstopo:routepoint_id>227348157</swisstopo:routepoint_id>
				</extensions>
			</trkpt>
			<trkpt lat="46.9794690831" lon="8.2152179268">
				<ele>1109.1</ele>
				<extensions>
					<swisstopo:routepoint_id>667066686</swisstopo:routepoint_id>
				</extensions>
			</trkpt>
			<trkpt lat="46.9795761216" lon="8.2152272912">
				<ele>1109.0</ele>
				<extensions>
					<swisstopo:routepoint_id>1525154262</swisstopo:routepoint_id>
				</extensions>
			</trkpt>
			<trkpt lat="46.9796331787" lon="8.2152448282">
				<ele>1108.7</ele>
				<extensions>
					<swisstopo:routepoint_id>902870842</swisstopo:routepoint_id>
				</extensions>
			</trkpt>
			<trkpt lat="46.9797097171" lon="8.2152683529">
				<ele>1108.3</ele>
				<extensions>
					<swisstopo:routepoint_id>847186041</swisstopo:routepoint_id>
				</extensions>
			</trkpt>
			<trkpt lat="46.9798700635" lon="8.2153150070">
				<ele>1106.9</ele>
				<extensions>
					<swisstopo:routepoint_id>839211477</swisstopo:routepoint_id>
				</extensions>
			</trkpt>
			<trkpt lat="46.9799697220" lon="8.2153607838">
				<ele>1106.2</ele>
				<extensions>
					<swisstopo:routepoint_id>2102184090</swisstopo:routepoint_id>
				</extensions>
			</trkpt>
			<trkpt lat="46.9800353991" lon="8.2154139016">
				<ele>1105.9</ele>
				<extensions>
					<swisstopo:routepoint_id>1007040186</swisstopo:routepoint_id>
				</extensions>
			</trkpt>
			<trkpt lat="46.9801118779" lon="8.2154567399">
				<ele>1106.0</ele>
				<extensions>
					<swisstopo:routepoint_id>1005784095</swisstopo:routepoint_id>
				</extensions>
			</trkpt>
			<trkpt lat="46.9802258641" lon="8.2154949164">
				<ele>1106.6</ele>
				<extensions>
					<swisstopo:routepoint_id>1369499128</swisstopo:routepoint_id>
				</extensions>
			</trkpt>
			<trkpt lat="46.9803275688" lon="8.2155015936">
				<ele>1107.2</ele>
				<extensions>
					<swisstopo:routepoint_id>442115750</swisstopo:routepoint_id>
				</extensions>
			</trkpt>
			<trkpt lat="46.9803863078" lon="8.2155259190">
				<ele>1107.1</ele>
				<extensions>
					<swisstopo:routepoint_id>345991630</swisstopo:routepoint_id>
				</extensions>
			</trkpt>
			<trkpt lat="46.9804288224" lon="8.2155734844">
				<ele>1107.2</ele>
				<extensions>
					<swisstopo:routepoint_id>1843092981</swisstopo:routepoint_id>
				</extensions>
			</trkpt>
			<trkpt lat="46.9804978414" lon="8.2156631645">
				<ele>1107.1</ele>
				<extensions>
					<swisstopo:routepoint_id>1559607339</swisstopo:routepoint_id>
				</extensions>
			</trkpt>
			<trkpt lat="46.9805971813" lon="8.2157558879">
				<ele>1106.7</ele>
				<extensions>
					<swisstopo:routepoint_id>135151291</swisstopo:routepoint_id>
				</extensions>
			</trkpt>
			<trkpt lat="46.9806770624" lon="8.2158196482">
				<ele>1106.7</ele>
				<extensions>
					<swisstopo:routepoint_id>1597532958</swisstopo:routepoint_id>
				</extensions>
			</trkpt>
			<trkpt lat="46.9807643155" lon="8.2158522072">
				<ele>1107.2</ele>
				<extensions>
					<swisstopo:routepoint_id>1895870312</swisstopo:routepoint_id>
				</extensions>
			</trkpt>
			<trkpt lat="46.9808301519" lon="8.2158844561">
				<ele>1107.0</ele>
				<extensions>
					<swisstopo:routepoint_id>1677463245</swisstopo:routepoint_id>
				</extensions>
			</trkpt>
			<trkpt lat="46.9809365540" lon="8.2159877184">
				<ele>1107.3</ele>
				<extensions>
					<swisstopo:routepoint_id>959440899</swisstopo:routepoint_id>
				</extensions>
			</trkpt>
			<trkpt lat="46.9810462880" lon="8.2161249418">
				<ele>1108.5</ele>
				<extensions>
					<swisstopo:routepoint_id>2015967817</swisstopo:routepoint_id>
				</extensions>
			</trkpt>
			<trkpt lat="46.9811152148" lon="8.2161962476">
				<ele>1109.5</ele>
				<extensions>
					<swisstopo:routepoint_id>1521601600</swisstopo:routepoint_id>
				</extensions>
			</trkpt>
			<trkpt lat="46.9812022844" lon="8.2162863099">
				<ele>1109.9</ele>
				<extensions>
					<swisstopo:routepoint_id>1322822724</swisstopo:routepoint_id>
				</extensions>
			</trkpt>
			<trkpt lat="46.9813212244" lon="8.2163845359">
				<ele>1109.9</ele>
				<extensions>
					<swisstopo:routepoint_id>1930808524</swisstopo:routepoint_id>
				</extensions>
			</trkpt>
			<trkpt lat="46.9814048442" lon="8.2164248655">
				<ele>1109.4</ele>
				<extensions>
					<swisstopo:routepoint_id>473473051</swisstopo:routepoint_id>
				</extensions>
			</trkpt>
			<trkpt lat="46.9814757844" lon="8.2164937177">
				<ele>1109.2</ele>
				<extensions>
					<swisstopo:routepoint_id>1234656022</swisstopo:routepoint_id>
				</extensions>
			</trkpt>
			<trkpt lat="46.9815999169" lon="8.2166154954">
				<ele>1109.6</ele>
				<extensions>
					<swisstopo:routepoint_id>1876764440</swisstopo:routepoint_id>
				</extensions>
			</trkpt>
			<trkpt lat="46.9817168448" lon="8.2167450041">
				<ele>1111.4</ele>
				<extensions>
					<swisstopo:routepoint_id>540135944</swisstopo:routepoint_id>
				</extensions>
			</trkpt>
			<trkpt lat="46.9818271096" lon="8.2168065797">
				<ele>1113.5</ele>
				<extensions>
					<swisstopo:routepoint_id>651434939</swisstopo:routepoint_id>
				</extensions>
			</trkpt>
			<trkpt lat="46.9818912264" lon="8.2168283826">
				<ele>1114.2</ele>
				<extensions>
					<swisstopo:routepoint_id>795387367</swisstopo:routepoint_id>
				</extensions>
			</trkpt>
			<trkpt lat="46.9819645231" lon="8.2168111878">
				<ele>1114.6</ele>
				<extensions>
					<swisstopo:routepoint_id>2137258241</swisstopo:routepoint_id>
				</extensions>
			</trkpt>
			<trkpt lat="46.9820430917" lon="8.2168071221">
				<ele>1113.9</ele>
				<extensions>
					<swisstopo:routepoint_id>2087776765</swisstopo:routepoint_id>
				</extensions>
			</trkpt>
			<trkpt lat="46.9821484118" lon="8.2168086495">
				<ele>1113.4</ele>
				<extensions>
					<swisstopo:routepoint_id>1528781022</swisstopo:routepoint_id>
				</extensions>
			</trkpt>
			<trkpt lat="46.9822822898" lon="8.2168079755">
				<ele>1112.3</ele>
				<extensions>
					<swisstopo:routepoint_id>1728284046</swisstopo:routepoint_id>
				</extensions>
			</trkpt>
			<trkpt lat="46.9823858817" lon="8.2167990419">
				<ele>1112.0</ele>
				<extensions>
					<swisstopo:routepoint_id>406151800</swisstopo:routepoint_id>
				</extensions>
			</trkpt>
			<trkpt lat="46.9824820042" lon="8.2168395656">
				<ele>1111.6</ele>
				<extensions>
					<swisstopo:routepoint_id>1490272434</swisstopo:routepoint_id>
				</extensions>
			</trkpt>
			<trkpt lat="46.9825798191" lon="8.2168931411">
				<ele>1110.8</ele>
				<extensions>
					<swisstopo:routepoint_id>907023277</swisstopo:routepoint_id>
				</extensions>
			</trkpt>
			<trkpt lat="46.9826310705" lon="8.2169695302">
				<ele>1110.6</ele>
				<extensions>
					<swisstopo:routepoint_id>1501290133</swisstopo:routepoint_id>
				</extensions>
			</trkpt>
			<trkpt lat="46.9826803724" lon="8.2170693543">
				<ele>1111.0</ele>
				<extensions>
					<swisstopo:routepoint_id>1397896728</swisstopo:routepoint_id>
				</extensions>
			</trkpt>
			<trkpt lat="46.9828177687" lon="8.2173400182">
				<ele>1110.8</ele>
				<extensions>
					<swisstopo:routepoint_id>979209316</swisstopo:routepoint_id>
				</extensions>
			</trkpt>
			<trkpt lat="46.9829834659" lon="8.2176502003">
				<ele>1109.5</ele>
				<extensions>
					<swisstopo:routepoint_id>1403787051</swisstopo:routepoint_id>
				</extensions>
			</trkpt>
			<trkpt lat="46.9830439213" lon="8.2177805506">
				<ele>1109.5</ele>
				<extensions>
					<swisstopo:routepoint_id>1193620215</swisstopo:routepoint_id>
				</extensions>
			</trkpt>
			<trkpt lat="46.9830942963" lon="8.2178891718">
				<ele>1110.2</ele>
				<extensions>
					<swisstopo:routepoint_id>1530206878</swisstopo:routepoint_id>
				</extensions>
			</trkpt>
			<trkpt lat="46.9831284159" lon="8.2179581239">
				<ele>1110.6</ele>
				<extensions>
					<swisstopo:routepoint_id>2070325721</swisstopo:routepoint_id>
				</extensions>
			</trkpt>
			<trkpt lat="46.9832334097" lon="8.2181703025">
				<ele>1110.1</ele>
				<extensions>
					<swisstopo:routepoint_id>286860506</swisstopo:routepoint_id>
				</extensions>
			</trkpt>
			<trkpt lat="46.9833834213" lon="8.2184228858">
				<ele>1109.5</ele>
				<extensions>
					<swisstopo:routepoint_id>163736827</swisstopo:routepoint_id>
				</extensions>
			</trkpt>
			<trkpt lat="46.9834839546" lon="8.2186017054">
				<ele>1109.7</ele>
				<extensions>
					<swisstopo:routepoint_id>998299582</swisstopo:routepoint_id>
				</extensions>
			</trkpt>
			<trkpt lat="46.9835916471" lon="8.2187780286">
				<ele>1108.7</ele>
				<extensions>
					<swisstopo:routepoint_id>131340663</swisstopo:routepoint_id>
				</extensions>
			</trkpt>
			<trkpt lat="46.9837169185" lon="8.2189937521">
				<ele>1106.0</ele>
				<extensions>
					<swisstopo:routepoint_id>1976817572</swisstopo:routepoint_id>
				</extensions>
			</trkpt>
			<trkpt lat="46.9837749994" lon="8.2191145679">
				<ele>1104.3</ele>
				<extensions>
					<swisstopo:routepoint_id>653429867</swisstopo:routepoint_id>
				</extensions>
			</trkpt>
			<trkpt lat="46.9838239708" lon="8.2192639725">
				<ele>1102.6</ele>
				<extensions>
					<swisstopo:routepoint_id>2111887558</swisstopo:routepoint_id>
				</extensions>
			</trkpt>
			<trkpt lat="46.9838922045" lon="8.2194658155">
				<ele>1099.9</ele>
				<extensions>
					<swisstopo:routepoint_id>884469690</swisstopo:routepoint_id>
				</extensions>
			</trkpt>
			<trkpt lat="46.9839709640" lon="8.2196964940">
				<ele>1096.3</ele>
				<extensions>
					<swisstopo:routepoint_id>400275296</swisstopo:routepoint_id>
				</extensions>
			</trkpt>
			<trkpt lat="46.9840270854" lon="8.2198433880">
				<ele>1094.2</ele>
				<extensions>
					<swisstopo:routepoint_id>1508117468</swisstopo:routepoint_id>
				</extensions>
			</trkpt>
			<trkpt lat="46.9840977215" lon="8.2199565671">
				<ele>1092.4</ele>
				<extensions>
					<swisstopo:routepoint_id>180799135</swisstopo:routepoint_id>
				</extensions>
			</trkpt>
			<trkpt lat="46.9842057854" lon="8.2200781257">
				<ele>1090.6</ele>
				<extensions>
					<swisstopo:routepoint_id>1701440</swisstopo:routepoint_id>
				</extensions>
			</trkpt>
			<trkpt lat="46.9843330361" lon="8.2202208909">
				<ele>1088.0</ele>
				<extensions>
					<swisstopo:routepoint_id>678814669</swisstopo:routepoint_id>
				</extensions>
			</trkpt>
			<trkpt lat="46.9844818626" lon="8.2203749075">
				<ele>1085.6</ele>
				<extensions>
					<swisstopo:routepoint_id>1405009019</swisstopo:routepoint_id>
				</extensions>
			</trkpt>
			<trkpt lat="46.9846062657" lon="8.2205091410">
				<ele>1083.6</ele>
				<extensions>
					<swisstopo:routepoint_id>256399921</swisstopo:routepoint_id>
				</extensions>
			</trkpt>
			<trkpt lat="46.9847763350" lon="8.2206994200">
				<ele>1079.8</ele>
				<extensions>
					<swisstopo:routepoint_id>1461276365</swisstopo:routepoint_id>
				</extensions>
			</trkpt>
			<trkpt lat="46.9848409241" lon="8.2207626682">
				<ele>1078.1</ele>
				<extensions>
					<swisstopo:routepoint_id>1048879463</swisstopo:routepoint_id>
				</extensions>
			</trkpt>
			<trkpt lat="46.9849296213" lon="8.2208457356">
				<ele>1076.2</ele>
				<extensions>
					<swisstopo:routepoint_id>1971360065</swisstopo:routepoint_id>
				</extensions>
			</trkpt>
			<trkpt lat="46.9850236036" lon="8.2209347036">
				<ele>1073.9</ele>
				<extensions>
					<swisstopo:routepoint_id>1270906539</swisstopo:routepoint_id>
				</extensions>
			</trkpt>
			<trkpt lat="46.9850659043" lon="8.2209830232">
				<ele>1072.8</ele>
				<extensions>
					<swisstopo:routepoint_id>1253847911</swisstopo:routepoint_id>
				</extensions>
			</trkpt>
			<trkpt lat="46.9851108094" lon="8.2210411084">
				<ele>1071.4</ele>
				<extensions>
					<swisstopo:routepoint_id>164812166</swisstopo:routepoint_id>
				</extensions>
			</trkpt>
			<trkpt lat="46.9852071487" lon="8.2211748833">
				<ele>1068.4</ele>
				<extensions>
					<swisstopo:routepoint_id>1891652979</swisstopo:routepoint_id>
				</extensions>
			</trkpt>
			<trkpt lat="46.9853122562" lon="8.2213063940">
				<ele>1065.7</ele>
				<extensions>
					<swisstopo:routepoint_id>1663707865</swisstopo:routepoint_id>
				</extensions>
			</trkpt>
			<trkpt lat="46.9853519836" lon="8.2213599217">
				<ele>1064.8</ele>
				<extensions>
					<swisstopo:routepoint_id>1701003115</swisstopo:routepoint_id>
				</extensions>
			</trkpt>
			<trkpt lat="46.9854145080" lon="8.2214397565">
				<ele>1063.2</ele>
				<extensions>
					<swisstopo:routepoint_id>1457044941</swisstopo:routepoint_id>
				</extensions>
			</trkpt>
			<trkpt lat="46.9854580197" lon="8.2215056038">
				<ele>1062.0</ele>
				<extensions>
					<swisstopo:routepoint_id>798296646</swisstopo:routepoint_id>
				</extensions>
			</trkpt>
			<trkpt lat="46.9854842770" lon="8.2215624449">
				<ele>1061.1</ele>
				<extensions>
					<swisstopo:routepoint_id>1641386513</swisstopo:routepoint_id>
				</extensions>
			</trkpt>
			<trkpt lat="46.9855170030" lon="8.2216466301">
				<ele>1059.9</ele>
				<extensions>
					<swisstopo:routepoint_id>208194629</swisstopo:routepoint_id>
				</extensions>
			</trkpt>
			<trkpt lat="46.9855429476" lon="8.2217492248">
				<ele>1058.6</ele>
				<extensions>
					<swisstopo:routepoint_id>876268640</swisstopo:routepoint_id>
				</extensions>
			</trkpt>
			<trkpt lat="46.9855959965" lon="8.2219806953">
				<ele>1056.2</ele>
				<extensions>
					<swisstopo:routepoint_id>4181354</swisstopo:routepoint_id>
				</extensions>
			</trkpt>
			<trkpt lat="46.9856501076" lon="8.2222501316">
				<ele>1053.8</ele>
				<extensions>
					<swisstopo:routepoint_id>1556539974</swisstopo:routepoint_id>
				</extensions>
			</trkpt>
			<trkpt lat="46.9856837190" lon="8.2223995567">
				<ele>1052.6</ele>
				<extensions>
					<swisstopo:routepoint_id>121555264</swisstopo:routepoint_id>
				</extensions>
			</trkpt>
			<trkpt lat="46.9856924537" lon="8.2224761104">
				<ele>1052.1</ele>
				<extensions>
					<swisstopo:routepoint_id>722373751</swisstopo:routepoint_id>
				</extensions>
			</trkpt>
			<trkpt lat="46.9858386099" lon="8.2225794098">
				<ele>1051.1</ele>
				<extensions>
					<swisstopo:routepoint_id>1210576566</swisstopo:routepoint_id>
				</extensions>
			</trkpt>
			<trkpt lat="46.9859854339" lon="8.2226876367">
				<ele>1050.2</ele>
				<extensions>
					<swisstopo:routepoint_id>900273084</swisstopo:routepoint_id>
				</extensions>
			</trkpt>
			<trkpt lat="46.9861181298" lon="8.2227730478">
				<ele>1049.6</ele>
				<extensions>
					<swisstopo:routepoint_id>1867429673</swisstopo:routepoint_id>
				</extensions>
			</trkpt>
			<trkpt lat="46.9862651301" lon="8.2228569331">
				<ele>1048.6</ele>
				<extensions>
					<swisstopo:routepoint_id>417013206</swisstopo:routepoint_id>
				</extensions>
			</trkpt>
			<trkpt lat="46.9864061987" lon="8.2229372620">
				<ele>1047.8</ele>
				<extensions>
					<swisstopo:routepoint_id>1501813081</swisstopo:routepoint_id>
				</extensions>
			</trkpt>
			<trkpt lat="46.9865806084" lon="8.2230145817">
				<ele>1046.8</ele>
				<extensions>
					<swisstopo:routepoint_id>1597149176</swisstopo:routepoint_id>
				</extensions>
			</trkpt>
			<trkpt lat="46.9867193896" lon="8.2230809440">
				<ele>1046.2</ele>
				<extensions>
					<swisstopo:routepoint_id>1888097179</swisstopo:routepoint_id>
				</extensions>
			</trkpt>
			<trkpt lat="46.9868308223" lon="8.2231434496">
				<ele>1046.0</ele>
				<extensions>
					<swisstopo:routepoint_id>2030919381</swisstopo:routepoint_id>
				</extensions>
			</trkpt>
			<trkpt lat="46.9869043358" lon="8.2231827773">
				<ele>1045.8</ele>
				<extensions>
					<swisstopo:routepoint_id>1556951049</swisstopo:routepoint_id>
				</extensions>
			</trkpt>
			<trkpt lat="46.9870097407" lon="8.2232573677">
				<ele>1045.6</ele>
				<extensions>
					<swisstopo:routepoint_id>588041848</swisstopo:routepoint_id>
				</extensions>
			</trkpt>
			<trkpt lat="46.9871091545" lon="8.2233370632">
				<ele>1045.4</ele>
				<extensions>
					<swisstopo:routepoint_id>499595842</swisstopo:routepoint_id>
				</extensions>
			</trkpt>
			<trkpt lat="46.9871895333" lon="8.2234182420">
				<ele>1045.2</ele>
				<extensions>
					<swisstopo:routepoint_id>46256724</swisstopo:routepoint_id>
				</extensions>
			</trkpt>
			<trkpt lat="46.9872532348" lon="8.2234991643">
				<ele>1045.1</ele>
				<extensions>
					<swisstopo:routepoint_id>47680054</swisstopo:routepoint_id>
				</extensions>
			</trkpt>
			<trkpt lat="46.9873133366" lon="8.2235870008">
				<ele>1045.1</ele>
				<extensions>
					<swisstopo:routepoint_id>347267247</swisstopo:routepoint_id>
				</extensions>
			</trkpt>
			<trkpt lat="46.9874111344" lon="8.2237292859">
				<ele>1044.7</ele>
				<extensions>
					<swisstopo:routepoint_id>1807551430</swisstopo:routepoint_id>
				</extensions>
			</trkpt>
			<trkpt lat="46.9875018375" lon="8.2238645397">
				<ele>1044.3</ele>
				<extensions>
					<swisstopo:routepoint_id>1213213548</swisstopo:routepoint_id>
				</extensions>
			</trkpt>
			<trkpt lat="46.9875844263" lon="8.2239683499">
				<ele>1043.7</ele>
				<extensions>
					<swisstopo:routepoint_id>122872971</swisstopo:routepoint_id>
				</extensions>
			</trkpt>
			<trkpt lat="46.9876684376" lon="8.2240391327">
				<ele>1043.3</ele>
				<extensions>
					<swisstopo:routepoint_id>1394238830</swisstopo:routepoint_id>
				</extensions>
			</trkpt>
			<trkpt lat="46.9877312113" lon="8.2240835374">
				<ele>1042.7</ele>
				<extensions>
					<swisstopo:routepoint_id>1777943393</swisstopo:routepoint_id>
				</extensions>
			</trkpt>
			<trkpt lat="46.9878070388" lon="8.2241315902">
				<ele>1042.1</ele>
				<extensions>
					<swisstopo:routepoint_id>1807141793</swisstopo:routepoint_id>
				</extensions>
			</trkpt>
			<trkpt lat="46.9879612308" lon="8.2242068848">
				<ele>1041.1</ele>
				<extensions>
					<swisstopo:routepoint_id>770895430</swisstopo:routepoint_id>
				</extensions>
			</trkpt>
			<trkpt lat="46.9880691845" lon="8.2242571704">
				<ele>1040.5</ele>
				<extensions>
					<swisstopo:routepoint_id>670649659</swisstopo:routepoint_id>
				</extensions>
			</trkpt>
			<trkpt lat="46.9881948534" lon="8.2243268292">
				<ele>1039.7</ele>
				<extensions>
					<swisstopo:routepoint_id>1614639357</swisstopo:routepoint_id>
				</extensions>
			</trkpt>
			<trkpt lat="46.9882908511" lon="8.2243838941">
				<ele>1039.2</ele>
				<extensions>
					<swisstopo:routepoint_id>1640309607</swisstopo:routepoint_id>
				</extensions>
			</trkpt>
			<trkpt lat="46.9883877942" lon="8.2244774786">
				<ele>1038.7</ele>
				<extensions>
					<swisstopo:routepoint_id>1435988310</swisstopo:routepoint_id>
				</extensions>
			</trkpt>
			<trkpt lat="46.9884998958" lon="8.2246182558">
				<ele>1038.2</ele>
				<extensions>
					<swisstopo:routepoint_id>1234301184</swisstopo:routepoint_id>
				</extensions>
			</trkpt>
			<trkpt lat="46.9885753301" lon="8.2247236989">
				<ele>1037.9</ele>
				<extensions>
					<swisstopo:routepoint_id>207969468</swisstopo:routepoint_id>
				</extensions>
			</trkpt>
			<trkpt lat="46.9886409585" lon="8.2248724852">
				<ele>1037.5</ele>
				<extensions>
					<swisstopo:routepoint_id>1386955007</swisstopo:routepoint_id>
				</extensions>
			</trkpt>
			<trkpt lat="46.9886983949" lon="8.2249985410">
				<ele>1037.1</ele>
				<extensions>
					<swisstopo:routepoint_id>1765298111</swisstopo:routepoint_id>
				</extensions>
			</trkpt>
			<trkpt lat="46.9887385400" lon="8.2250460734">
				<ele>1036.9</ele>
				<extensions>
					<swisstopo:routepoint_id>1878768272</swisstopo:routepoint_id>
				</extensions>
			</trkpt>
			<trkpt lat="46.9888295047" lon="8.2251430693">
				<ele>1036.5</ele>
				<extensions>
					<swisstopo:routepoint_id>2006285663</swisstopo:routepoint_id>
				</extensions>
			</trkpt>
			<trkpt lat="46.9888520719" lon="8.2251670494">
				<ele>1036.5</ele>
				<extensions>
					<swisstopo:routepoint_id>2002396494</swisstopo:routepoint_id>
				</extensions>
			</trkpt>
			<trkpt lat="46.9889074768" lon="8.2252259401">
				<ele>1036.3</ele>
				<extensions>
					<swisstopo:routepoint_id>1061642521</swisstopo:routepoint_id>
				</extensions>
			</trkpt>
			<trkpt lat="46.9890032556" lon="8.2253253208">
				<ele>1036.0</ele>
				<extensions>
					<swisstopo:routepoint_id>1731711171</swisstopo:routepoint_id>
				</extensions>
			</trkpt>
			<trkpt lat="46.9890740961" lon="8.2253988202">
				<ele>1035.7</ele>
				<extensions>
					<swisstopo:routepoint_id>23783206</swisstopo:routepoint_id>
				</extensions>
			</trkpt>
			<trkpt lat="46.9891780282" lon="8.2255133864">
				<ele>1034.9</ele>
				<extensions>
					<swisstopo:routepoint_id>292384900</swisstopo:routepoint_id>
				</extensions>
			</trkpt>
			<trkpt lat="46.9893266248" lon="8.2257103369">
				<ele>1033.9</ele>
				<extensions>
					<swisstopo:routepoint_id>670429964</swisstopo:routepoint_id>
				</extensions>
			</trkpt>
			<trkpt lat="46.9894798982" lon="8.2259178076">
				<ele>1033.1</ele>
				<extensions>
					<swisstopo:routepoint_id>69709139</swisstopo:routepoint_id>
				</extensions>
			</trkpt>
			<trkpt lat="46.9896062039" lon="8.2260674885">
				<ele>1032.4</ele>
				<extensions>
					<swisstopo:routepoint_id>1222911558</swisstopo:routepoint_id>
				</extensions>
			</trkpt>
			<trkpt lat="46.9896959056" lon="8.2261766296">
				<ele>1031.8</ele>
				<extensions>
					<swisstopo:routepoint_id>2056053516</swisstopo:routepoint_id>
				</extensions>
			</trkpt>
			<trkpt lat="46.9897619888" lon="8.2262576067">
				<ele>1031.4</ele>
				<extensions>
					<swisstopo:routepoint_id>932079535</swisstopo:routepoint_id>
				</extensions>
			</trkpt>
			<trkpt lat="46.9898625379" lon="8.2263460315">
				<ele>1030.8</ele>
				<extensions>
					<swisstopo:routepoint_id>1715023527</swisstopo:routepoint_id>
				</extensions>
			</trkpt>
			<trkpt lat="46.9899882382" lon="8.2264122269">
				<ele>1030.1</ele>
				<extensions>
					<swisstopo:routepoint_id>874908255</swisstopo:routepoint_id>
				</extensions>
			</trkpt>
			<trkpt lat="46.9900641250" lon="8.2264515969">
				<ele>1029.8</ele>
				<extensions>
					<swisstopo:routepoint_id>762510776</swisstopo:routepoint_id>
				</extensions>
			</trkpt>
			<trkpt lat="46.9901864259" lon="8.2265097375">
				<ele>1029.2</ele>
				<extensions>
					<swisstopo:routepoint_id>1483690583</swisstopo:routepoint_id>
				</extensions>
			</trkpt>
			<trkpt lat="46.9903642076" lon="8.2265987584">
				<ele>1028.5</ele>
				<extensions>
					<swisstopo:routepoint_id>1955003164</swisstopo:routepoint_id>
				</extensions>
			</trkpt>
			<trkpt lat="46.9905689126" lon="8.2267086836">
				<ele>1027.9</ele>
				<extensions>
					<swisstopo:routepoint_id>1238378248</swisstopo:routepoint_id>
				</extensions>
			</trkpt>
			<trkpt lat="46.9906896777" lon="8.2267822358">
				<ele>1027.6</ele>
				<extensions>
					<swisstopo:routepoint_id>11707412</swisstopo:routepoint_id>
				</extensions>
			</trkpt>
			<trkpt lat="46.9907873568" lon="8.2268430925">
				<ele>1027.3</ele>
				<extensions>
					<swisstopo:routepoint_id>1345461607</swisstopo:routepoint_id>
				</extensions>
			</trkpt>
			<trkpt lat="46.9909270056" lon="8.2269581900">
				<ele>1027.0</ele>
				<extensions>
					<swisstopo:routepoint_id>170425939</swisstopo:routepoint_id>
				</extensions>
			</trkpt>
			<trkpt lat="46.9911707553" lon="8.2271617814">
				<ele>1026.5</ele>
				<extensions>
					<swisstopo:routepoint_id>1753055322</swisstopo:routepoint_id>
				</extensions>
			</trkpt>
			<trkpt lat="46.9913813674" lon="8.2273387791">
				<ele>1025.9</ele>
				<extensions>
					<swisstopo:routepoint_id>125160014</swisstopo:routepoint_id>
				</extensions>
			</trkpt>
			<trkpt lat="46.9915433865" lon="8.2274855361">
				<ele>1025.0</ele>
				<extensions>
					<swisstopo:routepoint_id>1177864885</swisstopo:routepoint_id>
				</extensions>
			</trkpt>
			<trkpt lat="46.9916485247" lon="8.2275983809">
				<ele>1024.2</ele>
				<extensions>
					<swisstopo:routepoint_id>870864149</swisstopo:routepoint_id>
				</extensions>
			</trkpt>
			<trkpt lat="46.9917501849" lon="8.2276990008">
				<ele>1023.2</ele>
				<extensions>
					<swisstopo:routepoint_id>1512697938</swisstopo:routepoint_id>
				</extensions>
			</trkpt>
			<trkpt lat="46.9918116796" lon="8.2277538197">
				<ele>1022.6</ele>
				<extensions>
					<swisstopo:routepoint_id>2002830780</swisstopo:routepoint_id>
				</extensions>
			</trkpt>
			<trkpt lat="46.9918804420" lon="8.2277931010">
				<ele>1021.9</ele>
				<extensions>
					<swisstopo:routepoint_id>1918236382</swisstopo:routepoint_id>
				</extensions>
			</trkpt>
			<trkpt lat="46.9919385992" lon="8.2278165554">
				<ele>1021.4</ele>
				<extensions>
					<swisstopo:routepoint_id>1774363510</swisstopo:routepoint_id>
				</extensions>
			</trkpt>
			<trkpt lat="46.9920561794" lon="8.2278495869">
				<ele>1020.4</ele>
				<extensions>
					<swisstopo:routepoint_id>1769590328</swisstopo:routepoint_id>
				</extensions>
			</trkpt>
			<trkpt lat="46.9921595172" lon="8.2278789523">
				<ele>1019.7</ele>
				<extensions>
					<swisstopo:routepoint_id>1003615393</swisstopo:routepoint_id>
				</extensions>
			</trkpt>
			<trkpt lat="46.9922760057" lon="8.2278980453">
				<ele>1019.0</ele>
				<extensions>
					<swisstopo:routepoint_id>1427346613</swisstopo:routepoint_id>
				</extensions>
			</trkpt>
			<trkpt lat="46.9924378632" lon="8.2278969688">
				<ele>1018.2</ele>
				<extensions>
					<swisstopo:routepoint_id>2022187701</swisstopo:routepoint_id>
				</extensions>
			</trkpt>
			<trkpt lat="46.9925950464" lon="8.2278836097">
				<ele>1017.3</ele>
				<extensions>
					<swisstopo:routepoint_id>832493285</swisstopo:routepoint_id>
				</extensions>
			</trkpt>
			<trkpt lat="46.9927582380" lon="8.2278599141">
				<ele>1016.4</ele>
				<extensions>
					<swisstopo:routepoint_id>858680790</swisstopo:routepoint_id>
				</extensions>
			</trkpt>
			<trkpt lat="46.9929095711" lon="8.2278325863">
				<ele>1015.5</ele>
				<extensions>
					<swisstopo:routepoint_id>757929690</swisstopo:routepoint_id>
				</extensions>
			</trkpt>
			<trkpt lat="46.9930584881" lon="8.2278086931">
				<ele>1014.8</ele>
				<extensions>
					<swisstopo:routepoint_id>1798789473</swisstopo:routepoint_id>
				</extensions>
			</trkpt>
			<trkpt lat="46.9932145349" lon="8.2277866276">
				<ele>1014.2</ele>
				<extensions>
					<swisstopo:routepoint_id>2127373892</swisstopo:routepoint_id>
				</extensions>
			</trkpt>
			<trkpt lat="46.9933849879" lon="8.2277456575">
				<ele>1013.7</ele>
				<extensions>
					<swisstopo:routepoint_id>1317763941</swisstopo:routepoint_id>
				</extensions>
			</trkpt>
			<trkpt lat="46.9934947354" lon="8.2277090135">
				<ele>1013.4</ele>
				<extensions>
					<swisstopo:routepoint_id>659704876</swisstopo:routepoint_id>
				</extensions>
			</trkpt>
			<trkpt lat="46.9936152861" lon="8.2276568686">
				<ele>1013.0</ele>
				<extensions>
					<swisstopo:routepoint_id>201781471</swisstopo:routepoint_id>
				</extensions>
			</trkpt>
			<trkpt lat="46.9936775105" lon="8.2276215522">
				<ele>1012.9</ele>
				<extensions>
					<swisstopo:routepoint_id>464504484</swisstopo:routepoint_id>
				</extensions>
			</trkpt>
			<trkpt lat="46.9937866772" lon="8.2275484863">
				<ele>1012.6</ele>
				<extensions>
					<swisstopo:routepoint_id>823805743</swisstopo:routepoint_id>
				</extensions>
			</trkpt>
			<trkpt lat="46.9938352639" lon="8.2275105168">
				<ele>1012.4</ele>
				<extensions>
					<swisstopo:routepoint_id>876050392</swisstopo:routepoint_id>
				</extensions>
			</trkpt>
			<trkpt lat="46.9939213229" lon="8.2274561445">
				<ele>1012.2</ele>
				<extensions>
					<swisstopo:routepoint_id>631054512</swisstopo:routepoint_id>
				</extensions>
			</trkpt>
			<trkpt lat="46.9940827141" lon="8.2273489362">
				<ele>1011.7</ele>
				<extensions>
					<swisstopo:routepoint_id>1858934298</swisstopo:routepoint_id>
				</extensions>
			</trkpt>
			<trkpt lat="46.9942214533" lon="8.2272483612">
				<ele>1011.1</ele>
				<extensions>
					<swisstopo:routepoint_id>1516649930</swisstopo:routepoint_id>
				</extensions>
			</trkpt>
			<trkpt lat="46.9944094107" lon="8.2270858894">
				<ele>1010.0</ele>
				<extensions>
					<swisstopo:routepoint_id>1851967267</swisstopo:routepoint_id>
				</extensions>
			</trkpt>
			<trkpt lat="46.9945782902" lon="8.2269283563">
				<ele>1009.0</ele>
				<extensions>
					<swisstopo:routepoint_id>385876851</swisstopo:routepoint_id>
				</extensions>
			</trkpt>
			<trkpt lat="46.9947207823" lon="8.2268000150">
				<ele>1008.2</ele>
				<extensions>
					<swisstopo:routepoint_id>31620817</swisstopo:routepoint_id>
				</extensions>
			</trkpt>
			<trkpt lat="46.9948249816" lon="8.2267041371">
				<ele>1007.6</ele>
				<extensions>
					<swisstopo:routepoint_id>1022610510</swisstopo:routepoint_id>
				</extensions>
			</trkpt>
			<trkpt lat="46.9949543235" lon="8.2265860278">
				<ele>1006.9</ele>
				<extensions>
					<swisstopo:routepoint_id>703214629</swisstopo:routepoint_id>
				</extensions>
			</trkpt>
			<trkpt lat="46.9950487505" lon="8.2264931817">
				<ele>1006.4</ele>
				<extensions>
					<swisstopo:routepoint_id>1325760162</swisstopo:routepoint_id>
				</extensions>
			</trkpt>
			<trkpt lat="46.9949559609" lon="8.2263477500">
				<ele>1006.8</ele>
				<extensions>
					<swisstopo:routepoint_id>1908205109</swisstopo:routepoint_id>
				</extensions>
			</trkpt>
			<trkpt lat="46.9948641350" lon="8.2262020505">
				<ele>1007.3</ele>
				<extensions>
					<swisstopo:routepoint_id>682482665</swisstopo:routepoint_id>
				</extensions>
			</trkpt>
			<trkpt lat="46.9948230278" lon="8.2261231920">
				<ele>1007.6</ele>
				<extensions>
					<swisstopo:routepoint_id>775992028</swisstopo:routepoint_id>
				</extensions>
			</trkpt>
			<trkpt lat="46.9948008818" lon="8.2260550247">
				<ele>1007.9</ele>
				<extensions>
					<swisstopo:routepoint_id>429826365</swisstopo:routepoint_id>
				</extensions>
			</trkpt>
			<trkpt lat="46.9947896594" lon="8.2259574489">
				<ele>1008.1</ele>
				<extensions>
					<swisstopo:routepoint_id>2104211694</swisstopo:routepoint_id>
				</extensions>
			</trkpt>
			<trkpt lat="46.9947915173" lon="8.2258583447">
				<ele>1008.3</ele>
				<extensions>
					<swisstopo:routepoint_id>725242262</swisstopo:routepoint_id>
				</extensions>
			</trkpt>
			<trkpt lat="46.9947946066" lon="8.2257557792">
				<ele>1008.7</ele>
				<extensions>
					<swisstopo:routepoint_id>29517062</swisstopo:routepoint_id>
				</extensions>
			</trkpt>
			<trkpt lat="46.9947881557" lon="8.2256547941">
				<ele>1009.0</ele>
				<extensions>
					<swisstopo:routepoint_id>24538577</swisstopo:routepoint_id>
				</extensions>
			</trkpt>
			<trkpt lat="46.9947700780" lon="8.2255154034">
				<ele>1009.4</ele>
				<extensions>
					<swisstopo:routepoint_id>103003415</swisstopo:routepoint_id>
				</extensions>
			</trkpt>
			<trkpt lat="46.9947532154" lon="8.2253707923">
				<ele>1010.0</ele>
				<extensions>
					<swisstopo:routepoint_id>306576423</swisstopo:routepoint_id>
				</extensions>
			</trkpt>
			<trkpt lat="46.9947282810" lon="8.2251161465">
				<ele>1011.6</ele>
				<extensions>
					<swisstopo:routepoint_id>816672208</swisstopo:routepoint_id>
				</extensions>
			</trkpt>
			<trkpt lat="46.9947005314" lon="8.2249164373">
				<ele>1013.8</ele>
				<extensions>
					<swisstopo:routepoint_id>1241811879</swisstopo:routepoint_id>
				</extensions>
			</trkpt>
			<trkpt lat="46.9946751363" lon="8.2248220309">
				<ele>1015.1</ele>
				<extensions>
					<swisstopo:routepoint_id>1886168807</swisstopo:routepoint_id>
				</extensions>
			</trkpt>
			<trkpt lat="46.9946435157" lon="8.2247409505">
				<ele>1016.4</ele>
				<extensions>
					<swisstopo:routepoint_id>1833025882</swisstopo:routepoint_id>
				</extensions>
			</trkpt>
			<trkpt lat="46.9946102416" lon="8.2246777565">
				<ele>1017.6</ele>
				<extensions>
					<swisstopo:routepoint_id>2013082559</swisstopo:routepoint_id>
				</extensions>
			</trkpt>
			<trkpt lat="46.9945509911" lon="8.2246052332">
				<ele>1019.3</ele>
				<extensions>
					<swisstopo:routepoint_id>273710628</swisstopo:routepoint_id>
				</extensions>
			</trkpt>
			<trkpt lat="46.9944779564" lon="8.2245302612">
				<ele>1021.1</ele>
				<extensions>
					<swisstopo:routepoint_id>344552922</swisstopo:routepoint_id>
				</extensions>
			</trkpt>
			<trkpt lat="46.9944139538" lon="8.2244800729">
				<ele>1022.3</ele>
				<extensions>
					<swisstopo:routepoint_id>1285047742</swisstopo:routepoint_id>
				</extensions>
			</trkpt>
			<trkpt lat="46.9943712109" lon="8.2244570554">
				<ele>1023.1</ele>
				<extensions>
					<swisstopo:routepoint_id>554361915</swisstopo:routepoint_id>
				</extensions>
			</trkpt>
			<trkpt lat="46.9943253411" lon="8.2244429410">
				<ele>1023.8</ele>
				<extensions>
					<swisstopo:routepoint_id>1376644719</swisstopo:routepoint_id>
				</extensions>
			</trkpt>
			<trkpt lat="46.9942701670" lon="8.2244443669">
				<ele>1024.8</ele>
				<extensions>
					<swisstopo:routepoint_id>278979455</swisstopo:routepoint_id>
				</extensions>
			</trkpt>
			<trkpt lat="46.9942333755" lon="8.2244483088">
				<ele>1025.5</ele>
				<extensions>
					<swisstopo:routepoint_id>850898784</swisstopo:routepoint_id>
				</extensions>
			</trkpt>
			<trkpt lat="46.9941780369" lon="8.2244743705">
				<ele>1026.7</ele>
				<extensions>
					<swisstopo:routepoint_id>962257315</swisstopo:routepoint_id>
				</extensions>
			</trkpt>
			<trkpt lat="46.9941209967" lon="8.2245250323">
				<ele>1028.1</ele>
				<extensions>
					<swisstopo:routepoint_id>2106831295</swisstopo:routepoint_id>
				</extensions>
			</trkpt>
			<trkpt lat="46.9940658520" lon="8.2245792012">
				<ele>1029.4</ele>
				<extensions>
					<swisstopo:routepoint_id>1803203329</swisstopo:routepoint_id>
				</extensions>
			</trkpt>
			<trkpt lat="46.9940138061" lon="8.2246445854">
				<ele>1030.7</ele>
				<extensions>
					<swisstopo:routepoint_id>1149124039</swisstopo:routepoint_id>
				</extensions>
			</trkpt>
			<trkpt lat="46.9939644468" lon="8.2247152856">
				<ele>1032.0</ele>
				<extensions>
					<swisstopo:routepoint_id>1007286002</swisstopo:routepoint_id>
				</extensions>
			</trkpt>
			<trkpt lat="46.9939094008" lon="8.2248229558">
				<ele>1033.4</ele>
				<extensions>
					<swisstopo:routepoint_id>842246313</swisstopo:routepoint_id>
				</extensions>
			</trkpt>
			<trkpt lat="46.9938285304" lon="8.2249685585">
				<ele>1035.6</ele>
				<extensions>
					<swisstopo:routepoint_id>1569065214</swisstopo:routepoint_id>
				</extensions>
			</trkpt>
			<trkpt lat="46.9937801364" lon="8.2250246745">
				<ele>1036.8</ele>
				<extensions>
					<swisstopo:routepoint_id>179866538</swisstopo:routepoint_id>
				</extensions>
			</trkpt>
			<trkpt lat="46.9937338822" lon="8.2250582765">
				<ele>1037.9</ele>
				<extensions>
					<swisstopo:routepoint_id>1507412837</swisstopo:routepoint_id>
				</extensions>
			</trkpt>
			<trkpt lat="46.9936967989" lon="8.2250709222">
				<ele>1038.7</ele>
				<extensions>
					<swisstopo:routepoint_id>1222967800</swisstopo:routepoint_id>
				</extensions>
			</trkpt>
			<trkpt lat="46.9937338822" lon="8.2250582765">
				<ele>1037.9</ele>
				<extensions>
					<swisstopo:routepoint_id>822416826</swisstopo:routepoint_id>
				</extensions>
			</trkpt>
			<trkpt lat="46.9937801364" lon="8.2250246745">
				<ele>1036.8</ele>
				<extensions>
					<swisstopo:routepoint_id>1154842490</swisstopo:routepoint_id>
				</extensions>
			</trkpt>
			<trkpt lat="46.9938285304" lon="8.2249685585">
				<ele>1035.6</ele>
				<extensions>
					<swisstopo:routepoint_id>480527844</swisstopo:routepoint_id>
				</extensions>
			</trkpt>
			<trkpt lat="46.9939094008" lon="8.2248229558">
				<ele>1033.4</ele>
				<extensions>
					<swisstopo:routepoint_id>1692961388</swisstopo:routepoint_id>
				</extensions>
			</trkpt>
			<trkpt lat="46.9939644468" lon="8.2247152856">
				<ele>1032.0</ele>
				<extensions>
					<swisstopo:routepoint_id>1591209013</swisstopo:routepoint_id>
				</extensions>
			</trkpt>
			<trkpt lat="46.9940138061" lon="8.2246445854">
				<ele>1030.7</ele>
				<extensions>
					<swisstopo:routepoint_id>836025400</swisstopo:routepoint_id>
				</extensions>
			</trkpt>
			<trkpt lat="46.9940658520" lon="8.2245792012">
				<ele>1029.4</ele>
				<extensions>
					<swisstopo:routepoint_id>93395479</swisstopo:routepoint_id>
				</extensions>
			</trkpt>
			<trkpt lat="46.9941209967" lon="8.2245250323">
				<ele>1028.1</ele>
				<extensions>
					<swisstopo:routepoint_id>2034753243</swisstopo:routepoint_id>
				</extensions>
			</trkpt>
			<trkpt lat="46.9941780369" lon="8.2244743705">
				<ele>1026.7</ele>
				<extensions>
					<swisstopo:routepoint_id>1568160273</swisstopo:routepoint_id>
				</extensions>
			</trkpt>
			<trkpt lat="46.9942333755" lon="8.2244483088">
				<ele>1025.5</ele>
				<extensions>
					<swisstopo:routepoint_id>2908680</swisstopo:routepoint_id>
				</extensions>
			</trkpt>
			<trkpt lat="46.9942701670" lon="8.2244443669">
				<ele>1024.8</ele>
				<extensions>
					<swisstopo:routepoint_id>1641544526</swisstopo:routepoint_id>
				</extensions>
			</trkpt>
			<trkpt lat="46.9943253411" lon="8.2244429410">
				<ele>1023.8</ele>
				<extensions>
					<swisstopo:routepoint_id>716435473</swisstopo:routepoint_id>
				</extensions>
			</trkpt>
			<trkpt lat="46.9943712109" lon="8.2244570554">
				<ele>1023.1</ele>
				<extensions>
					<swisstopo:routepoint_id>190185982</swisstopo:routepoint_id>
				</extensions>
			</trkpt>
			<trkpt lat="46.9944139538" lon="8.2244800729">
				<ele>1022.3</ele>
				<extensions>
					<swisstopo:routepoint_id>1000132738</swisstopo:routepoint_id>
				</extensions>
			</trkpt>
			<trkpt lat="46.9944779564" lon="8.2245302612">
				<ele>1021.1</ele>
				<extensions>
					<swisstopo:routepoint_id>876422497</swisstopo:routepoint_id>
				</extensions>
			</trkpt>
			<trkpt lat="46.9945509911" lon="8.2246052332">
				<ele>1019.3</ele>
				<extensions>
					<swisstopo:routepoint_id>442572306</swisstopo:routepoint_id>
				</extensions>
			</trkpt>
			<trkpt lat="46.9946102416" lon="8.2246777565">
				<ele>1017.6</ele>
				<extensions>
					<swisstopo:routepoint_id>1576877381</swisstopo:routepoint_id>
				</extensions>
			</trkpt>
			<trkpt lat="46.9946435157" lon="8.2247409505">
				<ele>1016.4</ele>
				<extensions>
					<swisstopo:routepoint_id>482454840</swisstopo:routepoint_id>
				</extensions>
			</trkpt>
			<trkpt lat="46.9946751363" lon="8.2248220309">
				<ele>1015.1</ele>
				<extensions>
					<swisstopo:routepoint_id>1867728455</swisstopo:routepoint_id>
				</extensions>
			</trkpt>
			<trkpt lat="46.9947005314" lon="8.2249164373">
				<ele>1013.8</ele>
				<extensions>
					<swisstopo:routepoint_id>1143674986</swisstopo:routepoint_id>
				</extensions>
			</trkpt>
			<trkpt lat="46.9947282810" lon="8.2251161465">
				<ele>1011.6</ele>
				<extensions>
					<swisstopo:routepoint_id>1766849052</swisstopo:routepoint_id>
				</extensions>
			</trkpt>
			<trkpt lat="46.9947532154" lon="8.2253707923">
				<ele>1010.0</ele>
				<extensions>
					<swisstopo:routepoint_id>28146248</swisstopo:routepoint_id>
				</extensions>
			</trkpt>
			<trkpt lat="46.9947700780" lon="8.2255154034">
				<ele>1009.4</ele>
				<extensions>
					<swisstopo:routepoint_id>607587796</swisstopo:routepoint_id>
				</extensions>
			</trkpt>
			<trkpt lat="46.9947881557" lon="8.2256547941">
				<ele>1009.0</ele>
				<extensions>
					<swisstopo:routepoint_id>443345887</swisstopo:routepoint_id>
				</extensions>
			</trkpt>
			<trkpt lat="46.9947946066" lon="8.2257557792">
				<ele>1008.7</ele>
				<extensions>
					<swisstopo:routepoint_id>1693551366</swisstopo:routepoint_id>
				</extensions>
			</trkpt>
			<trkpt lat="46.9947915173" lon="8.2258583447">
				<ele>1008.3</ele>
				<extensions>
					<swisstopo:routepoint_id>769551024</swisstopo:routepoint_id>
				</extensions>
			</trkpt>
			<trkpt lat="46.9947896594" lon="8.2259574489">
				<ele>1008.1</ele>
				<extensions>
					<swisstopo:routepoint_id>1697538134</swisstopo:routepoint_id>
				</extensions>
			</trkpt>
			<trkpt lat="46.9948008818" lon="8.2260550247">
				<ele>1007.9</ele>
				<extensions>
					<swisstopo:routepoint_id>1203167743</swisstopo:routepoint_id>
				</extensions>
			</trkpt>
			<trkpt lat="46.9948230278" lon="8.2261231920">
				<ele>1007.6</ele>
				<extensions>
					<swisstopo:routepoint_id>934236449</swisstopo:routepoint_id>
				</extensions>
			</trkpt>
			<trkpt lat="46.9948641350" lon="8.2262020505">
				<ele>1007.3</ele>
				<extensions>
					<swisstopo:routepoint_id>1459055126</swisstopo:routepoint_id>
				</extensions>
			</trkpt>
			<trkpt lat="46.9949559609" lon="8.2263477500">
				<ele>1006.8</ele>
				<extensions>
					<swisstopo:routepoint_id>223737589</swisstopo:routepoint_id>
				</extensions>
			</trkpt>
			<trkpt lat="46.9950487505" lon="8.2264931817">
				<ele>1006.4</ele>
				<extensions>
					<swisstopo:routepoint_id>113792426</swisstopo:routepoint_id>
				</extensions>
			</trkpt>
			<trkpt lat="46.9951291801" lon="8.2264250949">
				<ele>1006.0</ele>
				<extensions>
					<swisstopo:routepoint_id>1248857952</swisstopo:routepoint_id>
				</extensions>
			</trkpt>
			<trkpt lat="46.9951960192" lon="8.2263947742">
				<ele>1005.6</ele>
				<extensions>
					<swisstopo:routepoint_id>50433486</swisstopo:routepoint_id>
				</extensions>
			</trkpt>
			<trkpt lat="46.9952974052" lon="8.2263614683">
				<ele>1005.1</ele>
				<extensions>
					<swisstopo:routepoint_id>1527042284</swisstopo:routepoint_id>
				</extensions>
			</trkpt>
			<trkpt lat="46.9954189111" lon="8.2263441217">
				<ele>1004.5</ele>
				<extensions>
					<swisstopo:routepoint_id>422601891</swisstopo:routepoint_id>
				</extensions>
			</trkpt>
			<trkpt lat="46.9954855645" lon="8.2263433543">
				<ele>1004.2</ele>
				<extensions>
					<swisstopo:routepoint_id>941561408</swisstopo:routepoint_id>
				</extensions>
			</trkpt>
			<trkpt lat="46.9955581288" lon="8.2263479120">
				<ele>1003.9</ele>
				<extensions>
					<swisstopo:routepoint_id>15589513</swisstopo:routepoint_id>
				</extensions>
			</trkpt>
			<trkpt lat="46.9956543770" lon="8.2263684430">
				<ele>1003.4</ele>
				<extensions>
					<swisstopo:routepoint_id>19940057</swisstopo:routepoint_id>
				</extensions>
			</trkpt>
			<trkpt lat="46.9957815666" lon="8.2263894414">
				<ele>1002.8</ele>
				<extensions>
					<swisstopo:routepoint_id>125089067</swisstopo:routepoint_id>
				</extensions>
			</trkpt>
			<trkpt lat="46.9958670016" lon="8.2264254908">
				<ele>1002.4</ele>
				<extensions>
					<swisstopo:routepoint_id>2132942303</swisstopo:routepoint_id>
				</extensions>
			</trkpt>
			<trkpt lat="46.9958813352" lon="8.2264170089">
				<ele>1002.4</ele>
				<extensions>
					<swisstopo:routepoint_id>416767150</swisstopo:routepoint_id>
				</extensions>
			</trkpt>
			<trkpt lat="46.9960100562" lon="8.2263893297">
				<ele>1001.9</ele>
				<extensions>
					<swisstopo:routepoint_id>1661317183</swisstopo:routepoint_id>
				</extensions>
			</trkpt>
			<trkpt lat="46.9961398912" lon="8.2263721053">
				<ele>1001.4</ele>
				<extensions>
					<swisstopo:routepoint_id>175516387</swisstopo:routepoint_id>
				</extensions>
			</trkpt>
			<trkpt lat="46.9962567480" lon="8.2263390387">
				<ele>1000.9</ele>
				<extensions>
					<swisstopo:routepoint_id>1408868978</swisstopo:routepoint_id>
				</extensions>
			</trkpt>
			<trkpt lat="46.9963628546" lon="8.2263110272">
				<ele>1000.5</ele>
				<extensions>
					<swisstopo:routepoint_id>706221424</swisstopo:routepoint_id>
				</extensions>
			</trkpt>
			<trkpt lat="46.9964118014" lon="8.2262873891">
				<ele>1000.3</ele>
				<extensions>
					<swisstopo:routepoint_id>321356199</swisstopo:routepoint_id>
				</extensions>
			</trkpt>
			<trkpt lat="46.9964330723" lon="8.2263103120">
				<ele>1000.2</ele>
				<extensions>
					<swisstopo:routepoint_id>112264388</swisstopo:routepoint_id>
				</extensions>
			</trkpt>
			<trkpt lat="46.9964556994" lon="8.2263071646">
				<ele>1000.1</ele>
				<extensions>
					<swisstopo:routepoint_id>1336927050</swisstopo:routepoint_id>
				</extensions>
			</trkpt>
			<trkpt lat="46.9966392453" lon="8.2262681170">
				<ele>999.3</ele>
				<extensions>
					<swisstopo:routepoint_id>611530789</swisstopo:routepoint_id>
				</extensions>
			</trkpt>
			<trkpt lat="46.9968240293" lon="8.2262203948">
				<ele>998.5</ele>
				<extensions>
					<swisstopo:routepoint_id>141236181</swisstopo:routepoint_id>
				</extensions>
			</trkpt>
			<trkpt lat="46.9969741774" lon="8.2261912806">
				<ele>998.2</ele>
				<extensions>
					<swisstopo:routepoint_id>787064132</swisstopo:routepoint_id>
				</extensions>
			</trkpt>
			<trkpt lat="46.9970409088" lon="8.2261766142">
				<ele>997.8</ele>
				<extensions>
					<swisstopo:routepoint_id>1835084651</swisstopo:routepoint_id>
				</extensions>
			</trkpt>
			<trkpt lat="46.9970837036" lon="8.2261841975">
				<ele>997.5</ele>
				<extensions>
					<swisstopo:routepoint_id>107591143</swisstopo:routepoint_id>
				</extensions>
			</trkpt>
			<trkpt lat="46.9971157364" lon="8.2261985917">
				<ele>997.3</ele>
				<extensions>
					<swisstopo:routepoint_id>103109627</swisstopo:routepoint_id>
				</extensions>
			</trkpt>
			<trkpt lat="46.9971979842" lon="8.2261789200">
				<ele>996.9</ele>
				<extensions>
					<swisstopo:routepoint_id>2091681507</swisstopo:routepoint_id>
				</extensions>
			</trkpt>
			<trkpt lat="46.9973207376" lon="8.2261528877">
				<ele>996.7</ele>
				<extensions>
					<swisstopo:routepoint_id>583786759</swisstopo:routepoint_id>
				</extensions>
			</trkpt>
			<trkpt lat="46.9974102433" lon="8.2261176771">
				<ele>996.6</ele>
				<extensions>
					<swisstopo:routepoint_id>1998759017</swisstopo:routepoint_id>
				</extensions>
			</trkpt>
			<trkpt lat="46.9974675280" lon="8.2260941673">
				<ele>996.5</ele>
				<extensions>
					<swisstopo:routepoint_id>56108698</swisstopo:routepoint_id>
				</extensions>
			</trkpt>
			<trkpt lat="46.9975151193" lon="8.2260948658">
				<ele>996.3</ele>
				<extensions>
					<swisstopo:routepoint_id>273566253</swisstopo:routepoint_id>
				</extensions>
			</trkpt>
			<trkpt lat="46.9975901260" lon="8.2260907603">
				<ele>995.9</ele>
				<extensions>
					<swisstopo:routepoint_id>65525944</swisstopo:routepoint_id>
				</extensions>
			</trkpt>
			<trkpt lat="46.9976592293" lon="8.2260778514">
				<ele>995.9</ele>
				<extensions>
					<swisstopo:routepoint_id>1782913544</swisstopo:routepoint_id>
				</extensions>
			</trkpt>
			<trkpt lat="46.9977904044" lon="8.2260397668">
				<ele>995.2</ele>
				<extensions>
					<swisstopo:routepoint_id>1588607417</swisstopo:routepoint_id>
				</extensions>
			</trkpt>
			<trkpt lat="46.9979226741" lon="8.2260138736">
				<ele>994.4</ele>
				<extensions>
					<swisstopo:routepoint_id>60674368</swisstopo:routepoint_id>
				</extensions>
			</trkpt>
			<trkpt lat="46.9980107927" lon="8.2260064758">
				<ele>994.2</ele>
				<extensions>
					<swisstopo:routepoint_id>1846854298</swisstopo:routepoint_id>
				</extensions>
			</trkpt>
			<trkpt lat="46.9980952831" lon="8.2260059673">
				<ele>994.1</ele>
				<extensions>
					<swisstopo:routepoint_id>351552748</swisstopo:routepoint_id>
				</extensions>
			</trkpt>
			<trkpt lat="46.9982071931" lon="8.2259989194">
				<ele>993.5</ele>
				<extensions>
					<swisstopo:routepoint_id>819522739</swisstopo:routepoint_id>
				</extensions>
			</trkpt>
			<trkpt lat="46.9983049085" lon="8.2259812227">
				<ele>993.3</ele>
				<extensions>
					<swisstopo:routepoint_id>1906046162</swisstopo:routepoint_id>
				</extensions>
			</trkpt>
			<trkpt lat="46.9984371184" lon="8.2259640322">
				<ele>992.7</ele>
				<extensions>
					<swisstopo:routepoint_id>904282435</swisstopo:routepoint_id>
				</extensions>
			</trkpt>
			<trkpt lat="46.9985171378" lon="8.2259217124">
				<ele>992.2</ele>
				<extensions>
					<swisstopo:routepoint_id>533115226</swisstopo:routepoint_id>
				</extensions>
			</trkpt>
			<trkpt lat="46.9986078420" lon="8.2258847817">
				<ele>992.0</ele>
				<extensions>
					<swisstopo:routepoint_id>765828098</swisstopo:routepoint_id>
				</extensions>
			</trkpt>
			<trkpt lat="46.9986975657" lon="8.2258165180">
				<ele>991.5</ele>
				<extensions>
					<swisstopo:routepoint_id>1403346615</swisstopo:routepoint_id>
				</extensions>
			</trkpt>
			<trkpt lat="46.9987933660" lon="8.2257292252">
				<ele>991.3</ele>
				<extensions>
					<swisstopo:routepoint_id>233663304</swisstopo:routepoint_id>
				</extensions>
			</trkpt>
			<trkpt lat="46.9989955335" lon="8.2255773823">
				<ele>990.3</ele>
				<extensions>
					<swisstopo:routepoint_id>1579043612</swisstopo:routepoint_id>
				</extensions>
			</trkpt>
			<trkpt lat="46.9991665944" lon="8.2254476845">
				<ele>989.6</ele>
				<extensions>
					<swisstopo:routepoint_id>383077258</swisstopo:routepoint_id>
				</extensions>
			</trkpt>
			<trkpt lat="46.9993839457" lon="8.2253378086">
				<ele>988.9</ele>
				<extensions>
					<swisstopo:routepoint_id>223501500</swisstopo:routepoint_id>
				</extensions>
			</trkpt>
			<trkpt lat="46.9995666079" lon="8.2252517875">
				<ele>988.7</ele>
				<extensions>
					<swisstopo:routepoint_id>440811897</swisstopo:routepoint_id>
				</extensions>
			</trkpt>
			<trkpt lat="46.9997230002" lon="8.2251792787">
				<ele>988.1</ele>
				<extensions>
					<swisstopo:routepoint_id>2054454376</swisstopo:routepoint_id>
				</extensions>
			</trkpt>
			<trkpt lat="46.9998890965" lon="8.2250808117">
				<ele>987.7</ele>
				<extensions>
					<swisstopo:routepoint_id>1972620966</swisstopo:routepoint_id>
				</extensions>
			</trkpt>
			<trkpt lat="46.9999966412" lon="8.2250163034">
				<ele>987.2</ele>
				<extensions>
					<swisstopo:routepoint_id>988033176</swisstopo:routepoint_id>
				</extensions>
			</trkpt>
			<trkpt lat="47.0001376937" lon="8.2249244374">
				<ele>986.9</ele>
				<extensions>
					<swisstopo:routepoint_id>1530030428</swisstopo:routepoint_id>
				</extensions>
			</trkpt>
			<trkpt lat="47.0003326580" lon="8.2247811867">
				<ele>986.1</ele>
				<extensions>
					<swisstopo:routepoint_id>1252214218</swisstopo:routepoint_id>
				</extensions>
			</trkpt>
			<trkpt lat="47.0004798079" lon="8.2246685414">
				<ele>985.9</ele>
				<extensions>
					<swisstopo:routepoint_id>624621326</swisstopo:routepoint_id>
				</extensions>
			</trkpt>
			<trkpt lat="47.0007979664" lon="8.2244348944">
				<ele>985.0</ele>
				<extensions>
					<swisstopo:routepoint_id>1110559546</swisstopo:routepoint_id>
				</extensions>
			</trkpt>
			<trkpt lat="47.0009762393" lon="8.2242948539">
				<ele>984.3</ele>
				<extensions>
					<swisstopo:routepoint_id>1393913545</swisstopo:routepoint_id>
				</extensions>
			</trkpt>
			<trkpt lat="47.0011377698" lon="8.2241667697">
				<ele>984.1</ele>
				<extensions>
					<swisstopo:routepoint_id>605845692</swisstopo:routepoint_id>
				</extensions>
			</trkpt>
			<trkpt lat="47.0012119589" lon="8.2241086989">
				<ele>984.3</ele>
				<extensions>
					<swisstopo:routepoint_id>1228575017</swisstopo:routepoint_id>
				</extensions>
			</trkpt>
			<trkpt lat="47.0012514565" lon="8.2240762473">
				<ele>984.5</ele>
				<extensions>
					<swisstopo:routepoint_id>605044814</swisstopo:routepoint_id>
				</extensions>
			</trkpt>
			<trkpt lat="47.0012715918" lon="8.2240942141">
				<ele>984.7</ele>
				<extensions>
					<swisstopo:routepoint_id>653120353</swisstopo:routepoint_id>
				</extensions>
			</trkpt>
			<trkpt lat="47.0013566506" lon="8.2241472796">
				<ele>984.7</ele>
				<extensions>
					<swisstopo:routepoint_id>1204853054</swisstopo:routepoint_id>
				</extensions>
			</trkpt>
			<trkpt lat="47.0013782168" lon="8.2241598504">
				<ele>984.9</ele>
				<extensions>
					<swisstopo:routepoint_id>1341971015</swisstopo:routepoint_id>
				</extensions>
			</trkpt>
			<trkpt lat="47.0014067279" lon="8.2241672235">
				<ele>985.0</ele>
				<extensions>
					<swisstopo:routepoint_id>1633588311</swisstopo:routepoint_id>
				</extensions>
			</trkpt>
			<trkpt lat="47.0014352622" lon="8.2241711260">
				<ele>985.0</ele>
				<extensions>
					<swisstopo:routepoint_id>140316082</swisstopo:routepoint_id>
				</extensions>
			</trkpt>
			<trkpt lat="47.0014769080" lon="8.2241717358">
				<ele>985.2</ele>
				<extensions>
					<swisstopo:routepoint_id>355345768</swisstopo:routepoint_id>
				</extensions>
			</trkpt>
			<trkpt lat="47.0015626899" lon="8.2241573314">
				<ele>985.6</ele>
				<extensions>
					<swisstopo:routepoint_id>144300469</swisstopo:routepoint_id>
				</extensions>
			</trkpt>
			<trkpt lat="47.0017044878" lon="8.2241298358">
				<ele>986.3</ele>
				<extensions>
					<swisstopo:routepoint_id>748945020</swisstopo:routepoint_id>
				</extensions>
			</trkpt>
			<trkpt lat="47.0018499252" lon="8.2240937017">
				<ele>987.3</ele>
				<extensions>
					<swisstopo:routepoint_id>1117296073</swisstopo:routepoint_id>
				</extensions>
			</trkpt>
			<trkpt lat="47.0018940024" lon="8.2240873781">
				<ele>987.5</ele>
				<extensions>
					<swisstopo:routepoint_id>798089543</swisstopo:routepoint_id>
				</extensions>
			</trkpt>
			<trkpt lat="47.0019015614" lon="8.2240266084">
				<ele>987.4</ele>
				<extensions>
					<swisstopo:routepoint_id>308090039</swisstopo:routepoint_id>
				</extensions>
			</trkpt>
			<trkpt lat="47.0019306199" lon="8.2239539775">
				<ele>987.0</ele>
				<extensions>
					<swisstopo:routepoint_id>486212556</swisstopo:routepoint_id>
				</extensions>
			</trkpt>
			<trkpt lat="47.0019920606" lon="8.2238435435">
				<ele>985.8</ele>
				<extensions>
					<swisstopo:routepoint_id>599151857</swisstopo:routepoint_id>
				</extensions>
			</trkpt>
			<trkpt lat="47.0021627065" lon="8.2236007706">
				<ele>983.3</ele>
				<extensions>
					<swisstopo:routepoint_id>394439816</swisstopo:routepoint_id>
				</extensions>
			</trkpt>
			<trkpt lat="47.0024282781" lon="8.2232271694">
				<ele>981.2</ele>
				<extensions>
					<swisstopo:routepoint_id>67969223</swisstopo:routepoint_id>
				</extensions>
			</trkpt>
			<trkpt lat="47.0026505932" lon="8.2229120909">
				<ele>980.3</ele>
				<extensions>
					<swisstopo:routepoint_id>2044914404</swisstopo:routepoint_id>
				</extensions>
			</trkpt>
			<trkpt lat="47.0028236798" lon="8.2226606428">
				<ele>979.6</ele>
				<extensions>
					<swisstopo:routepoint_id>548101440</swisstopo:routepoint_id>
				</extensions>
			</trkpt>
			<trkpt lat="47.0028884295" lon="8.2225726996">
				<ele>979.3</ele>
				<extensions>
					<swisstopo:routepoint_id>1383540097</swisstopo:routepoint_id>
				</extensions>
			</trkpt>
			<trkpt lat="47.0029389955" lon="8.2225040365">
				<ele>979.1</ele>
				<extensions>
					<swisstopo:routepoint_id>205480563</swisstopo:routepoint_id>
				</extensions>
			</trkpt>
			<trkpt lat="47.0029772318" lon="8.2224507094">
				<ele>979.0</ele>
				<extensions>
					<swisstopo:routepoint_id>358117965</swisstopo:routepoint_id>
				</extensions>
			</trkpt>
			<trkpt lat="47.0032093366" lon="8.2221270228">
				<ele>978.0</ele>
				<extensions>
					<swisstopo:routepoint_id>1639458861</swisstopo:routepoint_id>
				</extensions>
			</trkpt>
			<trkpt lat="47.0035170066" lon="8.2216844611">
				<ele>976.7</ele>
				<extensions>
					<swisstopo:routepoint_id>22402170</swisstopo:routepoint_id>
				</extensions>
			</trkpt>
			<trkpt lat="47.0037656819" lon="8.2213419037">
				<ele>975.7</ele>
				<extensions>
					<swisstopo:routepoint_id>703632965</swisstopo:routepoint_id>
				</extensions>
			</trkpt>
			<trkpt lat="47.0039870656" lon="8.2210306879">
				<ele>974.8</ele>
				<extensions>
					<swisstopo:routepoint_id>1914282373</swisstopo:routepoint_id>
				</extensions>
			</trkpt>
			<trkpt lat="47.0040524683" lon="8.2209338484">
				<ele>974.6</ele>
				<extensions>
					<swisstopo:routepoint_id>1891327304</swisstopo:routepoint_id>
				</extensions>
			</trkpt>
			<trkpt lat="47.0041606159" lon="8.2207806151">
				<ele>974.2</ele>
				<extensions>
					<swisstopo:routepoint_id>485055434</swisstopo:routepoint_id>
				</extensions>
			</trkpt>
			<trkpt lat="47.0042855844" lon="8.2206049959">
				<ele>973.8</ele>
				<extensions>
					<swisstopo:routepoint_id>478755226</swisstopo:routepoint_id>
				</extensions>
			</trkpt>
			<trkpt lat="47.0044009210" lon="8.2204448836">
				<ele>973.4</ele>
				<extensions>
					<swisstopo:routepoint_id>1965341720</swisstopo:routepoint_id>
				</extensions>
			</trkpt>
			<trkpt lat="47.0045102760" lon="8.2202899170">
				<ele>973.2</ele>
				<extensions>
					<swisstopo:routepoint_id>1052313533</swisstopo:routepoint_id>
				</extensions>
			</trkpt>
			<trkpt lat="47.0046003903" lon="8.2201624944">
				<ele>973.0</ele>
				<extensions>
					<swisstopo:routepoint_id>1705716086</swisstopo:routepoint_id>
				</extensions>
			</trkpt>
			<trkpt lat="47.0046737247" lon="8.2200539728">
				<ele>972.9</ele>
				<extensions>
					<swisstopo:routepoint_id>1211053599</swisstopo:routepoint_id>
				</extensions>
			</trkpt>
			<trkpt lat="47.0046917602" lon="8.2200263976">
				<ele>972.8</ele>
				<extensions>
					<swisstopo:routepoint_id>327832127</swisstopo:routepoint_id>
				</extensions>
			</trkpt>
			<trkpt lat="47.0047026150" lon="8.2200056739">
				<ele>972.8</ele>
				<extensions>
					<swisstopo:routepoint_id>1579003934</swisstopo:routepoint_id>
				</extensions>
			</trkpt>
			<trkpt lat="47.0047075749" lon="8.2199761724">
				<ele>972.8</ele>
				<extensions>
					<swisstopo:routepoint_id>1863692759</swisstopo:routepoint_id>
				</extensions>
			</trkpt>
			<trkpt lat="47.0047066038" lon="8.2199431128">
				<ele>972.8</ele>
				<extensions>
					<swisstopo:routepoint_id>2035209018</swisstopo:routepoint_id>
				</extensions>
			</trkpt>
			<trkpt lat="47.0047021457" lon="8.2198950250">
				<ele>973.0</ele>
				<extensions>
					<swisstopo:routepoint_id>638436110</swisstopo:routepoint_id>
				</extensions>
			</trkpt>
			<trkpt lat="47.0047783581" lon="8.2198776465">
				<ele>972.7</ele>
				<extensions>
					<swisstopo:routepoint_id>1367400358</swisstopo:routepoint_id>
				</extensions>
			</trkpt>
			<trkpt lat="47.0048737364" lon="8.2198529333">
				<ele>972.4</ele>
				<extensions>
					<swisstopo:routepoint_id>1675310359</swisstopo:routepoint_id>
				</extensions>
			</trkpt>
			<trkpt lat="47.0050442453" lon="8.2198032381">
				<ele>972.0</ele>
				<extensions>
					<swisstopo:routepoint_id>1283107896</swisstopo:routepoint_id>
				</extensions>
			</trkpt>
			<trkpt lat="47.0050577241" lon="8.2197984662">
				<ele>971.9</ele>
				<extensions>
					<swisstopo:routepoint_id>163624898</swisstopo:routepoint_id>
				</extensions>
			</trkpt>
		</trkseg>
	</trk>
</gpx>
