<?xml version="1.0"?>
<gpx version="1.1" creator="Generated by Swisstopo App. See https://www.swisstopo.ch/app for more information." xmlns="http://www.topografix.com/GPX/1/1" xmlns:xsi="http://www.w3.org/2001/XMLSchema-instance" xmlns:swisstopo="https://prod-static.swisstopo-app.ch/xmlschemas/SwisstopoExtensions" xsi:schemaLocation="http://www.topografix.com/GPX/1/1 http://www.topografix.com/GPX/1/1/gpx.xsd https://swisstopo-app.ch/xmlschemas/SwisstopoExtensions https://prod-static.swisstopo-app.ch/xmlschemas/SwisstopoExtensions.xsd">
	<metadata>
		<name>Frümsel und Brisi</name>
		<desc />
		<time>2026-05-30T07:29:11+02:00</time>
		<extensions>
			<swisstopo:tour_type>0</swisstopo:tour_type>
		</extensions>
	</metadata>
	<wpt lat="47.1702314712" lon="9.2486387280">
		<ele>1577.7</ele>
		<name>Startpunkt</name>
		<extensions>
			<swisstopo:waypoint_id>1</swisstopo:waypoint_id>
			<swisstopo:waypoint_routepoint_id>325443020</swisstopo:waypoint_routepoint_id>
			<swisstopo:waypoint_meters_into_tour>0.000000</swisstopo:waypoint_meters_into_tour>
			<swisstopo:waypoint_is_controlpoint>1</swisstopo:waypoint_is_controlpoint>
		</extensions>
	</wpt>
	<wpt lat="47.1676185659" lon="9.2554035398">
		<ele>1635.4</ele>
		<name>Wegpunkt</name>
		<extensions>
			<swisstopo:waypoint_id>565672197</swisstopo:waypoint_id>
			<swisstopo:waypoint_routepoint_id>218723064</swisstopo:waypoint_routepoint_id>
			<swisstopo:waypoint_meters_into_tour>829.537828</swisstopo:waypoint_meters_into_tour>
			<swisstopo:waypoint_is_controlpoint>1</swisstopo:waypoint_is_controlpoint>
		</extensions>
	</wpt>
	<wpt lat="47.1669927656" lon="9.2565803593">
		<ele>1604.1</ele>
		<name>Wegpunkt</name>
		<extensions>
			<swisstopo:waypoint_id>1216883602</swisstopo:waypoint_id>
			<swisstopo:waypoint_routepoint_id>1954537077</swisstopo:waypoint_routepoint_id>
			<swisstopo:waypoint_meters_into_tour>1186.263231</swisstopo:waypoint_meters_into_tour>
			<swisstopo:waypoint_is_controlpoint>1</swisstopo:waypoint_is_controlpoint>
		</extensions>
	</wpt>
	<wpt lat="47.1622285573" lon="9.2609699249">
		<ele>1716.3</ele>
		<name>Wegpunkt</name>
		<extensions>
			<swisstopo:waypoint_id>555393353</swisstopo:waypoint_id>
			<swisstopo:waypoint_routepoint_id>709650643</swisstopo:waypoint_routepoint_id>
			<swisstopo:waypoint_meters_into_tour>2267.942708</swisstopo:waypoint_meters_into_tour>
			<swisstopo:waypoint_is_controlpoint>1</swisstopo:waypoint_is_controlpoint>
		</extensions>
	</wpt>
	<wpt lat="47.1524441914" lon="9.2659663421">
		<ele>2252.8</ele>
		<name>Wegpunkt</name>
		<extensions>
			<swisstopo:waypoint_id>1426892326</swisstopo:waypoint_id>
			<swisstopo:waypoint_routepoint_id>1042648746</swisstopo:waypoint_routepoint_id>
			<swisstopo:waypoint_meters_into_tour>4000.666833</swisstopo:waypoint_meters_into_tour>
			<swisstopo:waypoint_is_controlpoint>1</swisstopo:waypoint_is_controlpoint>
		</extensions>
	</wpt>
	<wpt lat="47.1587824905" lon="9.2692984196">
		<ele>1811.6</ele>
		<name>Wegpunkt</name>
		<extensions>
			<swisstopo:waypoint_id>407035732</swisstopo:waypoint_id>
			<swisstopo:waypoint_routepoint_id>997080247</swisstopo:waypoint_routepoint_id>
			<swisstopo:waypoint_meters_into_tour>5419.211634</swisstopo:waypoint_meters_into_tour>
			<swisstopo:waypoint_is_controlpoint>1</swisstopo:waypoint_is_controlpoint>
		</extensions>
	</wpt>
	<wpt lat="47.1534871609" lon="9.2784669574">
		<ele>2253.1</ele>
		<name>Wegpunkt</name>
		<extensions>
			<swisstopo:waypoint_id>393412120</swisstopo:waypoint_id>
			<swisstopo:waypoint_routepoint_id>1200002605</swisstopo:waypoint_routepoint_id>
			<swisstopo:waypoint_meters_into_tour>7261.364679</swisstopo:waypoint_meters_into_tour>
			<swisstopo:waypoint_is_controlpoint>1</swisstopo:waypoint_is_controlpoint>
		</extensions>
	</wpt>
	<wpt lat="47.1621711502" lon="9.2776168736">
		<ele>1685.9</ele>
		<name>Wegpunkt</name>
		<extensions>
			<swisstopo:waypoint_id>1181455120</swisstopo:waypoint_id>
			<swisstopo:waypoint_routepoint_id>71976610</swisstopo:waypoint_routepoint_id>
			<swisstopo:waypoint_meters_into_tour>8942.643180</swisstopo:waypoint_meters_into_tour>
			<swisstopo:waypoint_is_controlpoint>1</swisstopo:waypoint_is_controlpoint>
		</extensions>
	</wpt>
	<wpt lat="47.1692420411" lon="9.2478577194">
		<ele>1593.1</ele>
		<name>Ziel</name>
		<extensions>
			<swisstopo:waypoint_id>1810702244</swisstopo:waypoint_id>
			<swisstopo:waypoint_routepoint_id>1262430777</swisstopo:waypoint_routepoint_id>
			<swisstopo:waypoint_meters_into_tour>13658.044225</swisstopo:waypoint_meters_into_tour>
			<swisstopo:waypoint_is_controlpoint>1</swisstopo:waypoint_is_controlpoint>
			<swisstopo:waypoint_stage_before distance="13658.044225" duration="24430.766525" ascent="1396.300000" descent="1380.900000" />
		</extensions>
	</wpt>
	<trk>
		<name>Swisstopo Route</name>
		<trkseg>
			<trkpt lat="47.1702314712" lon="9.2486387280">
				<ele>1577.7</ele>
				<extensions>
					<swisstopo:routepoint_id>325443020</swisstopo:routepoint_id>
				</extensions>
			</trkpt>
			<trkpt lat="47.1702108315" lon="9.2487028093">
				<ele>1577.2</ele>
				<extensions>
					<swisstopo:routepoint_id>624319066</swisstopo:routepoint_id>
				</extensions>
			</trkpt>
			<trkpt lat="47.1702025902" lon="9.2487583262">
				<ele>1576.4</ele>
				<extensions>
					<swisstopo:routepoint_id>2032141622</swisstopo:routepoint_id>
				</extensions>
			</trkpt>
			<trkpt lat="47.1701981200" lon="9.2488085612">
				<ele>1576.2</ele>
				<extensions>
					<swisstopo:routepoint_id>1483950719</swisstopo:routepoint_id>
				</extensions>
			</trkpt>
			<trkpt lat="47.1701980707" lon="9.2488895298">
				<ele>1576.7</ele>
				<extensions>
					<swisstopo:routepoint_id>1462579983</swisstopo:routepoint_id>
				</extensions>
			</trkpt>
			<trkpt lat="47.1701932905" lon="9.2489595446">
				<ele>1577.5</ele>
				<extensions>
					<swisstopo:routepoint_id>1310784187</swisstopo:routepoint_id>
				</extensions>
			</trkpt>
			<trkpt lat="47.1701815491" lon="9.2490041379">
				<ele>1578.0</ele>
				<extensions>
					<swisstopo:routepoint_id>1004630643</swisstopo:routepoint_id>
				</extensions>
			</trkpt>
			<trkpt lat="47.1701702431" lon="9.2490308287">
				<ele>1578.2</ele>
				<extensions>
					<swisstopo:routepoint_id>1919212769</swisstopo:routepoint_id>
				</extensions>
			</trkpt>
			<trkpt lat="47.1701792559" lon="9.2491099652">
				<ele>1578.7</ele>
				<extensions>
					<swisstopo:routepoint_id>599625899</swisstopo:routepoint_id>
				</extensions>
			</trkpt>
			<trkpt lat="47.1701931032" lon="9.2491837380">
				<ele>1579.5</ele>
				<extensions>
					<swisstopo:routepoint_id>175596011</swisstopo:routepoint_id>
				</extensions>
			</trkpt>
			<trkpt lat="47.1702103752" lon="9.2492503034">
				<ele>1580.3</ele>
				<extensions>
					<swisstopo:routepoint_id>773293665</swisstopo:routepoint_id>
				</extensions>
			</trkpt>
			<trkpt lat="47.1702392428" lon="9.2493221302">
				<ele>1581.0</ele>
				<extensions>
					<swisstopo:routepoint_id>1127388678</swisstopo:routepoint_id>
				</extensions>
			</trkpt>
			<trkpt lat="47.1702731869" lon="9.2493892729">
				<ele>1581.9</ele>
				<extensions>
					<swisstopo:routepoint_id>1786719297</swisstopo:routepoint_id>
				</extensions>
			</trkpt>
			<trkpt lat="47.1702989190" lon="9.2494487907">
				<ele>1582.8</ele>
				<extensions>
					<swisstopo:routepoint_id>1559194513</swisstopo:routepoint_id>
				</extensions>
			</trkpt>
			<trkpt lat="47.1703063925" lon="9.2495028070">
				<ele>1583.5</ele>
				<extensions>
					<swisstopo:routepoint_id>285154710</swisstopo:routepoint_id>
				</extensions>
			</trkpt>
			<trkpt lat="47.1703021818" lon="9.2495588697">
				<ele>1583.9</ele>
				<extensions>
					<swisstopo:routepoint_id>1114326771</swisstopo:routepoint_id>
				</extensions>
			</trkpt>
			<trkpt lat="47.1702865374" lon="9.2495998601">
				<ele>1584.4</ele>
				<extensions>
					<swisstopo:routepoint_id>1838338880</swisstopo:routepoint_id>
				</extensions>
			</trkpt>
			<trkpt lat="47.1702509809" lon="9.2496353223">
				<ele>1585.2</ele>
				<extensions>
					<swisstopo:routepoint_id>1508982729</swisstopo:routepoint_id>
				</extensions>
			</trkpt>
			<trkpt lat="47.1702174125" lon="9.2496512853">
				<ele>1586.0</ele>
				<extensions>
					<swisstopo:routepoint_id>781550483</swisstopo:routepoint_id>
				</extensions>
			</trkpt>
			<trkpt lat="47.1702131448" lon="9.2497097856">
				<ele>1586.7</ele>
				<extensions>
					<swisstopo:routepoint_id>802334228</swisstopo:routepoint_id>
				</extensions>
			</trkpt>
			<trkpt lat="47.1702155686" lon="9.2497685144">
				<ele>1587.1</ele>
				<extensions>
					<swisstopo:routepoint_id>949530155</swisstopo:routepoint_id>
				</extensions>
			</trkpt>
			<trkpt lat="47.1702227809" lon="9.2498396212">
				<ele>1587.6</ele>
				<extensions>
					<swisstopo:routepoint_id>661027098</swisstopo:routepoint_id>
				</extensions>
			</trkpt>
			<trkpt lat="47.1702335134" lon="9.2498986294">
				<ele>1588.1</ele>
				<extensions>
					<swisstopo:routepoint_id>84497395</swisstopo:routepoint_id>
				</extensions>
			</trkpt>
			<trkpt lat="47.1702409187" lon="9.2499575269">
				<ele>1588.4</ele>
				<extensions>
					<swisstopo:routepoint_id>513014300</swisstopo:routepoint_id>
				</extensions>
			</trkpt>
			<trkpt lat="47.1702558780" lon="9.2500120995">
				<ele>1588.9</ele>
				<extensions>
					<swisstopo:routepoint_id>1447956072</swisstopo:routepoint_id>
				</extensions>
			</trkpt>
			<trkpt lat="47.1702777891" lon="9.2500576340">
				<ele>1589.4</ele>
				<extensions>
					<swisstopo:routepoint_id>2026440835</swisstopo:routepoint_id>
				</extensions>
			</trkpt>
			<trkpt lat="47.1703086729" lon="9.2500859513">
				<ele>1589.9</ele>
				<extensions>
					<swisstopo:routepoint_id>1958116609</swisstopo:routepoint_id>
				</extensions>
			</trkpt>
			<trkpt lat="47.1703573147" lon="9.2501298848">
				<ele>1590.9</ele>
				<extensions>
					<swisstopo:routepoint_id>40237281</swisstopo:routepoint_id>
				</extensions>
			</trkpt>
			<trkpt lat="47.1703862011" lon="9.2501638988">
				<ele>1591.7</ele>
				<extensions>
					<swisstopo:routepoint_id>488351445</swisstopo:routepoint_id>
				</extensions>
			</trkpt>
			<trkpt lat="47.1703956756" lon="9.2501793007">
				<ele>1592.1</ele>
				<extensions>
					<swisstopo:routepoint_id>744052218</swisstopo:routepoint_id>
				</extensions>
			</trkpt>
			<trkpt lat="47.1703999743" lon="9.2502057677">
				<ele>1592.5</ele>
				<extensions>
					<swisstopo:routepoint_id>17932514</swisstopo:routepoint_id>
				</extensions>
			</trkpt>
			<trkpt lat="47.1704047045" lon="9.2502516435">
				<ele>1593.2</ele>
				<extensions>
					<swisstopo:routepoint_id>423313575</swisstopo:routepoint_id>
				</extensions>
			</trkpt>
			<trkpt lat="47.1704109225" lon="9.2503568092">
				<ele>1593.9</ele>
				<extensions>
					<swisstopo:routepoint_id>128948314</swisstopo:routepoint_id>
				</extensions>
			</trkpt>
			<trkpt lat="47.1704139581" lon="9.2503983549">
				<ele>1594.1</ele>
				<extensions>
					<swisstopo:routepoint_id>125480924</swisstopo:routepoint_id>
				</extensions>
			</trkpt>
			<trkpt lat="47.1704112859" lon="9.2504617913">
				<ele>1594.6</ele>
				<extensions>
					<swisstopo:routepoint_id>1161593343</swisstopo:routepoint_id>
				</extensions>
			</trkpt>
			<trkpt lat="47.1703980086" lon="9.2505639758">
				<ele>1595.7</ele>
				<extensions>
					<swisstopo:routepoint_id>308513543</swisstopo:routepoint_id>
				</extensions>
			</trkpt>
			<trkpt lat="47.1703963560" lon="9.2506689796">
				<ele>1596.5</ele>
				<extensions>
					<swisstopo:routepoint_id>1145504814</swisstopo:routepoint_id>
				</extensions>
			</trkpt>
			<trkpt lat="47.1703970101" lon="9.2508400591">
				<ele>1598.1</ele>
				<extensions>
					<swisstopo:routepoint_id>806955717</swisstopo:routepoint_id>
				</extensions>
			</trkpt>
			<trkpt lat="47.1704003487" lon="9.2509452466">
				<ele>1599.0</ele>
				<extensions>
					<swisstopo:routepoint_id>1382681472</swisstopo:routepoint_id>
				</extensions>
			</trkpt>
			<trkpt lat="47.1703903596" lon="9.2510499823">
				<ele>1600.6</ele>
				<extensions>
					<swisstopo:routepoint_id>2105017450</swisstopo:routepoint_id>
				</extensions>
			</trkpt>
			<trkpt lat="47.1703890524" lon="9.2511330187">
				<ele>1601.5</ele>
				<extensions>
					<swisstopo:routepoint_id>1738351434</swisstopo:routepoint_id>
				</extensions>
			</trkpt>
			<trkpt lat="47.1703776779" lon="9.2512206083">
				<ele>1602.7</ele>
				<extensions>
					<swisstopo:routepoint_id>932847562</swisstopo:routepoint_id>
				</extensions>
			</trkpt>
			<trkpt lat="47.1703610429" lon="9.2513251190">
				<ele>1604.1</ele>
				<extensions>
					<swisstopo:routepoint_id>389635895</swisstopo:routepoint_id>
				</extensions>
			</trkpt>
			<trkpt lat="47.1703360247" lon="9.2514317742">
				<ele>1604.2</ele>
				<extensions>
					<swisstopo:routepoint_id>1667463035</swisstopo:routepoint_id>
				</extensions>
			</trkpt>
			<trkpt lat="47.1703163313" lon="9.2515190820">
				<ele>1605.0</ele>
				<extensions>
					<swisstopo:routepoint_id>827430480</swisstopo:routepoint_id>
				</extensions>
			</trkpt>
			<trkpt lat="47.1703038132" lon="9.2515724212">
				<ele>1605.5</ele>
				<extensions>
					<swisstopo:routepoint_id>1717959485</swisstopo:routepoint_id>
				</extensions>
			</trkpt>
			<trkpt lat="47.1703060779" lon="9.2516409175">
				<ele>1606.0</ele>
				<extensions>
					<swisstopo:routepoint_id>1958353801</swisstopo:routepoint_id>
				</extensions>
			</trkpt>
			<trkpt lat="47.1703064002" lon="9.2517264681">
				<ele>1607.0</ele>
				<extensions>
					<swisstopo:routepoint_id>1153269368</swisstopo:routepoint_id>
				</extensions>
			</trkpt>
			<trkpt lat="47.1702929693" lon="9.2518383909">
				<ele>1608.8</ele>
				<extensions>
					<swisstopo:routepoint_id>1794387227</swisstopo:routepoint_id>
				</extensions>
			</trkpt>
			<trkpt lat="47.1702602278" lon="9.2520132181">
				<ele>1612.2</ele>
				<extensions>
					<swisstopo:routepoint_id>188444415</swisstopo:routepoint_id>
				</extensions>
			</trkpt>
			<trkpt lat="47.1702320747" lon="9.2521075828">
				<ele>1613.3</ele>
				<extensions>
					<swisstopo:routepoint_id>2090508026</swisstopo:routepoint_id>
				</extensions>
			</trkpt>
			<trkpt lat="47.1702011319" lon="9.2521676190">
				<ele>1614.0</ele>
				<extensions>
					<swisstopo:routepoint_id>965450673</swisstopo:routepoint_id>
				</extensions>
			</trkpt>
			<trkpt lat="47.1701945085" lon="9.2523058633">
				<ele>1614.9</ele>
				<extensions>
					<swisstopo:routepoint_id>1611149328</swisstopo:routepoint_id>
				</extensions>
			</trkpt>
			<trkpt lat="47.1701860734" lon="9.2524179809">
				<ele>1615.8</ele>
				<extensions>
					<swisstopo:routepoint_id>1964480558</swisstopo:routepoint_id>
				</extensions>
			</trkpt>
			<trkpt lat="47.1701747720" lon="9.2525006634">
				<ele>1616.3</ele>
				<extensions>
					<swisstopo:routepoint_id>2024427197</swisstopo:routepoint_id>
				</extensions>
			</trkpt>
			<trkpt lat="47.1701687952" lon="9.2525543304">
				<ele>1616.5</ele>
				<extensions>
					<swisstopo:routepoint_id>1771695436</swisstopo:routepoint_id>
				</extensions>
			</trkpt>
			<trkpt lat="47.1701693441" lon="9.2526037093">
				<ele>1616.6</ele>
				<extensions>
					<swisstopo:routepoint_id>1203984210</swisstopo:routepoint_id>
				</extensions>
			</trkpt>
			<trkpt lat="47.1701794501" lon="9.2526353998">
				<ele>1616.5</ele>
				<extensions>
					<swisstopo:routepoint_id>1004240969</swisstopo:routepoint_id>
				</extensions>
			</trkpt>
			<trkpt lat="47.1701943792" lon="9.2526732705">
				<ele>1616.5</ele>
				<extensions>
					<swisstopo:routepoint_id>687351626</swisstopo:routepoint_id>
				</extensions>
			</trkpt>
			<trkpt lat="47.1702326614" lon="9.2527396737">
				<ele>1616.8</ele>
				<extensions>
					<swisstopo:routepoint_id>334167733</swisstopo:routepoint_id>
				</extensions>
			</trkpt>
			<trkpt lat="47.1702681832" lon="9.2528117427">
				<ele>1617.4</ele>
				<extensions>
					<swisstopo:routepoint_id>1357226481</swisstopo:routepoint_id>
				</extensions>
			</trkpt>
			<trkpt lat="47.1702922141" lon="9.2528736554">
				<ele>1618.2</ele>
				<extensions>
					<swisstopo:routepoint_id>2066811758</swisstopo:routepoint_id>
				</extensions>
			</trkpt>
			<trkpt lat="47.1703078255" lon="9.2529401533">
				<ele>1618.8</ele>
				<extensions>
					<swisstopo:routepoint_id>1206173913</swisstopo:routepoint_id>
				</extensions>
			</trkpt>
			<trkpt lat="47.1703281642" lon="9.2530239219">
				<ele>1619.3</ele>
				<extensions>
					<swisstopo:routepoint_id>606483225</swisstopo:routepoint_id>
				</extensions>
			</trkpt>
			<trkpt lat="47.1703419232" lon="9.2531025842">
				<ele>1620.0</ele>
				<extensions>
					<swisstopo:routepoint_id>2076222304</swisstopo:routepoint_id>
				</extensions>
			</trkpt>
			<trkpt lat="47.1703474430" lon="9.2531760711">
				<ele>1620.7</ele>
				<extensions>
					<swisstopo:routepoint_id>1940742420</swisstopo:routepoint_id>
				</extensions>
			</trkpt>
			<trkpt lat="47.1703379928" lon="9.2532466151">
				<ele>1621.4</ele>
				<extensions>
					<swisstopo:routepoint_id>517852352</swisstopo:routepoint_id>
				</extensions>
			</trkpt>
			<trkpt lat="47.1703253772" lon="9.2533072721">
				<ele>1621.7</ele>
				<extensions>
					<swisstopo:routepoint_id>151697563</swisstopo:routepoint_id>
				</extensions>
			</trkpt>
			<trkpt lat="47.1703142286" lon="9.2533802065">
				<ele>1622.2</ele>
				<extensions>
					<swisstopo:routepoint_id>738410168</swisstopo:routepoint_id>
				</extensions>
			</trkpt>
			<trkpt lat="47.1703010947" lon="9.2534726321">
				<ele>1623.1</ele>
				<extensions>
					<swisstopo:routepoint_id>800670610</swisstopo:routepoint_id>
				</extensions>
			</trkpt>
			<trkpt lat="47.1702895999" lon="9.2535675355">
				<ele>1623.8</ele>
				<extensions>
					<swisstopo:routepoint_id>1513648596</swisstopo:routepoint_id>
				</extensions>
			</trkpt>
			<trkpt lat="47.1702786525" lon="9.2536282491">
				<ele>1624.3</ele>
				<extensions>
					<swisstopo:routepoint_id>805316570</swisstopo:routepoint_id>
				</extensions>
			</trkpt>
			<trkpt lat="47.1702643293" lon="9.2536913092">
				<ele>1624.6</ele>
				<extensions>
					<swisstopo:routepoint_id>1425485386</swisstopo:routepoint_id>
				</extensions>
			</trkpt>
			<trkpt lat="47.1702450780" lon="9.2537492932">
				<ele>1624.8</ele>
				<extensions>
					<swisstopo:routepoint_id>1922687685</swisstopo:routepoint_id>
				</extensions>
			</trkpt>
			<trkpt lat="47.1702139417" lon="9.2538215491">
				<ele>1625.0</ele>
				<extensions>
					<swisstopo:routepoint_id>203784829</swisstopo:routepoint_id>
				</extensions>
			</trkpt>
			<trkpt lat="47.1702012124" lon="9.2538487028">
				<ele>1625.0</ele>
				<extensions>
					<swisstopo:routepoint_id>1818863182</swisstopo:routepoint_id>
				</extensions>
			</trkpt>
			<trkpt lat="47.1701772316" lon="9.2538967983">
				<ele>1625.2</ele>
				<extensions>
					<swisstopo:routepoint_id>725093180</swisstopo:routepoint_id>
				</extensions>
			</trkpt>
			<trkpt lat="47.1701509996" lon="9.2539516849">
				<ele>1625.4</ele>
				<extensions>
					<swisstopo:routepoint_id>1346133475</swisstopo:routepoint_id>
				</extensions>
			</trkpt>
			<trkpt lat="47.1701229666" lon="9.2540204898">
				<ele>1625.8</ele>
				<extensions>
					<swisstopo:routepoint_id>2016851789</swisstopo:routepoint_id>
				</extensions>
			</trkpt>
			<trkpt lat="47.1700946042" lon="9.2541101821">
				<ele>1626.0</ele>
				<extensions>
					<swisstopo:routepoint_id>1498132631</swisstopo:routepoint_id>
				</extensions>
			</trkpt>
			<trkpt lat="47.1700709562" lon="9.2542023534">
				<ele>1626.3</ele>
				<extensions>
					<swisstopo:routepoint_id>1505129292</swisstopo:routepoint_id>
				</extensions>
			</trkpt>
			<trkpt lat="47.1700262748" lon="9.2543217311">
				<ele>1626.8</ele>
				<extensions>
					<swisstopo:routepoint_id>1661651840</swisstopo:routepoint_id>
				</extensions>
			</trkpt>
			<trkpt lat="47.1699882461" lon="9.2544203974">
				<ele>1626.9</ele>
				<extensions>
					<swisstopo:routepoint_id>185881054</swisstopo:routepoint_id>
				</extensions>
			</trkpt>
			<trkpt lat="47.1699473578" lon="9.2545003616">
				<ele>1627.1</ele>
				<extensions>
					<swisstopo:routepoint_id>180426774</swisstopo:routepoint_id>
				</extensions>
			</trkpt>
			<trkpt lat="47.1699116966" lon="9.2545503019">
				<ele>1627.3</ele>
				<extensions>
					<swisstopo:routepoint_id>1743731169</swisstopo:routepoint_id>
				</extensions>
			</trkpt>
			<trkpt lat="47.1698747026" lon="9.2545839112">
				<ele>1627.3</ele>
				<extensions>
					<swisstopo:routepoint_id>875988822</swisstopo:routepoint_id>
				</extensions>
			</trkpt>
			<trkpt lat="47.1698379828" lon="9.2546134973">
				<ele>1627.3</ele>
				<extensions>
					<swisstopo:routepoint_id>443425016</swisstopo:routepoint_id>
				</extensions>
			</trkpt>
			<trkpt lat="47.1698045115" lon="9.2546360036">
				<ele>1627.4</ele>
				<extensions>
					<swisstopo:routepoint_id>851634553</swisstopo:routepoint_id>
				</extensions>
			</trkpt>
			<trkpt lat="47.1697574858" lon="9.2546588618">
				<ele>1627.7</ele>
				<extensions>
					<swisstopo:routepoint_id>457095296</swisstopo:routepoint_id>
				</extensions>
			</trkpt>
			<trkpt lat="47.1697361008" lon="9.2546582264">
				<ele>1627.7</ele>
				<extensions>
					<swisstopo:routepoint_id>623432487</swisstopo:routepoint_id>
				</extensions>
			</trkpt>
			<trkpt lat="47.1697062075" lon="9.2546432706">
				<ele>1627.6</ele>
				<extensions>
					<swisstopo:routepoint_id>1729063613</swisstopo:routepoint_id>
				</extensions>
			</trkpt>
			<trkpt lat="47.1696651676" lon="9.2546325750">
				<ele>1627.1</ele>
				<extensions>
					<swisstopo:routepoint_id>888637493</swisstopo:routepoint_id>
				</extensions>
			</trkpt>
			<trkpt lat="47.1696223651" lon="9.2546311224">
				<ele>1626.5</ele>
				<extensions>
					<swisstopo:routepoint_id>1506881852</swisstopo:routepoint_id>
				</extensions>
			</trkpt>
			<trkpt lat="47.1695715123" lon="9.2546386985">
				<ele>1625.8</ele>
				<extensions>
					<swisstopo:routepoint_id>113680005</swisstopo:routepoint_id>
				</extensions>
			</trkpt>
			<trkpt lat="47.1695145932" lon="9.2546297833">
				<ele>1625.3</ele>
				<extensions>
					<swisstopo:routepoint_id>132635313</swisstopo:routepoint_id>
				</extensions>
			</trkpt>
			<trkpt lat="47.1694560672" lon="9.2546208135">
				<ele>1624.8</ele>
				<extensions>
					<swisstopo:routepoint_id>914224914</swisstopo:routepoint_id>
				</extensions>
			</trkpt>
			<trkpt lat="47.1694036703" lon="9.2546260180">
				<ele>1624.5</ele>
				<extensions>
					<swisstopo:routepoint_id>1449768768</swisstopo:routepoint_id>
				</extensions>
			</trkpt>
			<trkpt lat="47.1693652977" lon="9.2546456395">
				<ele>1624.2</ele>
				<extensions>
					<swisstopo:routepoint_id>884659907</swisstopo:routepoint_id>
				</extensions>
			</trkpt>
			<trkpt lat="47.1693250235" lon="9.2546861076">
				<ele>1623.8</ele>
				<extensions>
					<swisstopo:routepoint_id>766819422</swisstopo:routepoint_id>
				</extensions>
			</trkpt>
			<trkpt lat="47.1692785270" lon="9.2547194197">
				<ele>1623.4</ele>
				<extensions>
					<swisstopo:routepoint_id>1736355215</swisstopo:routepoint_id>
				</extensions>
			</trkpt>
			<trkpt lat="47.1692241744" lon="9.2547477880">
				<ele>1622.8</ele>
				<extensions>
					<swisstopo:routepoint_id>1103807943</swisstopo:routepoint_id>
				</extensions>
			</trkpt>
			<trkpt lat="47.1691636950" lon="9.2547620108">
				<ele>1622.0</ele>
				<extensions>
					<swisstopo:routepoint_id>1942728933</swisstopo:routepoint_id>
				</extensions>
			</trkpt>
			<trkpt lat="47.1691018248" lon="9.2547645545">
				<ele>1621.0</ele>
				<extensions>
					<swisstopo:routepoint_id>1872375832</swisstopo:routepoint_id>
				</extensions>
			</trkpt>
			<trkpt lat="47.1690492765" lon="9.2547790513">
				<ele>1620.1</ele>
				<extensions>
					<swisstopo:routepoint_id>60292567</swisstopo:routepoint_id>
				</extensions>
			</trkpt>
			<trkpt lat="47.1690028481" lon="9.2548076878">
				<ele>1619.2</ele>
				<extensions>
					<swisstopo:routepoint_id>1982148754</swisstopo:routepoint_id>
				</extensions>
			</trkpt>
			<trkpt lat="47.1689608099" lon="9.2548597467">
				<ele>1618.2</ele>
				<extensions>
					<swisstopo:routepoint_id>1095133992</swisstopo:routepoint_id>
				</extensions>
			</trkpt>
			<trkpt lat="47.1689200981" lon="9.2549281047">
				<ele>1617.2</ele>
				<extensions>
					<swisstopo:routepoint_id>191341593</swisstopo:routepoint_id>
				</extensions>
			</trkpt>
			<trkpt lat="47.1688756164" lon="9.2550335263">
				<ele>1615.9</ele>
				<extensions>
					<swisstopo:routepoint_id>289545385</swisstopo:routepoint_id>
				</extensions>
			</trkpt>
			<trkpt lat="47.1688342079" lon="9.2551460450">
				<ele>1614.5</ele>
				<extensions>
					<swisstopo:routepoint_id>2116707541</swisstopo:routepoint_id>
				</extensions>
			</trkpt>
			<trkpt lat="47.1687941623" lon="9.2552725411">
				<ele>1613.1</ele>
				<extensions>
					<swisstopo:routepoint_id>985257073</swisstopo:routepoint_id>
				</extensions>
			</trkpt>
			<trkpt lat="47.1687603000" lon="9.2554085754">
				<ele>1611.8</ele>
				<extensions>
					<swisstopo:routepoint_id>1079230805</swisstopo:routepoint_id>
				</extensions>
			</trkpt>
			<trkpt lat="47.1687232452" lon="9.2555467964">
				<ele>1610.8</ele>
				<extensions>
					<swisstopo:routepoint_id>277076443</swisstopo:routepoint_id>
				</extensions>
			</trkpt>
			<trkpt lat="47.1686897953" lon="9.2556572495">
				<ele>1610.4</ele>
				<extensions>
					<swisstopo:routepoint_id>2089363341</swisstopo:routepoint_id>
				</extensions>
			</trkpt>
			<trkpt lat="47.1686552672" lon="9.2557351175">
				<ele>1610.7</ele>
				<extensions>
					<swisstopo:routepoint_id>1393362947</swisstopo:routepoint_id>
				</extensions>
			</trkpt>
			<trkpt lat="47.1686163573" lon="9.2557896037">
				<ele>1611.2</ele>
				<extensions>
					<swisstopo:routepoint_id>325137845</swisstopo:routepoint_id>
				</extensions>
			</trkpt>
			<trkpt lat="47.1685763937" lon="9.2558435921">
				<ele>1611.7</ele>
				<extensions>
					<swisstopo:routepoint_id>1867040887</swisstopo:routepoint_id>
				</extensions>
			</trkpt>
			<trkpt lat="47.1685457957" lon="9.2558816442">
				<ele>1611.8</ele>
				<extensions>
					<swisstopo:routepoint_id>1997589034</swisstopo:routepoint_id>
				</extensions>
			</trkpt>
			<trkpt lat="47.1685431100" lon="9.2558186474">
				<ele>1612.5</ele>
				<extensions>
					<swisstopo:routepoint_id>1320271234</swisstopo:routepoint_id>
				</extensions>
			</trkpt>
			<trkpt lat="47.1685423329" lon="9.2557624182">
				<ele>1613.4</ele>
				<extensions>
					<swisstopo:routepoint_id>574930041</swisstopo:routepoint_id>
				</extensions>
			</trkpt>
			<trkpt lat="47.1685224670" lon="9.2557544208">
				<ele>1614.1</ele>
				<extensions>
					<swisstopo:routepoint_id>568880355</swisstopo:routepoint_id>
				</extensions>
			</trkpt>
			<trkpt lat="47.1684824239" lon="9.2557803709">
				<ele>1615.4</ele>
				<extensions>
					<swisstopo:routepoint_id>2045426733</swisstopo:routepoint_id>
				</extensions>
			</trkpt>
			<trkpt lat="47.1684554877" lon="9.2557899315">
				<ele>1616.2</ele>
				<extensions>
					<swisstopo:routepoint_id>89562919</swisstopo:routepoint_id>
				</extensions>
			</trkpt>
			<trkpt lat="47.1684337631" lon="9.2557782696">
				<ele>1616.9</ele>
				<extensions>
					<swisstopo:routepoint_id>1475146562</swisstopo:routepoint_id>
				</extensions>
			</trkpt>
			<trkpt lat="47.1684463517" lon="9.2557200531">
				<ele>1617.8</ele>
				<extensions>
					<swisstopo:routepoint_id>1596485740</swisstopo:routepoint_id>
				</extensions>
			</trkpt>
			<trkpt lat="47.1684454201" lon="9.2556736077">
				<ele>1618.3</ele>
				<extensions>
					<swisstopo:routepoint_id>2034499382</swisstopo:routepoint_id>
				</extensions>
			</trkpt>
			<trkpt lat="47.1684356516" lon="9.2556586052">
				<ele>1618.4</ele>
				<extensions>
					<swisstopo:routepoint_id>2113744808</swisstopo:routepoint_id>
				</extensions>
			</trkpt>
			<trkpt lat="47.1683967147" lon="9.2556674944">
				<ele>1619.0</ele>
				<extensions>
					<swisstopo:routepoint_id>2040279951</swisstopo:routepoint_id>
				</extensions>
			</trkpt>
			<trkpt lat="47.1683605687" lon="9.2556950806">
				<ele>1619.6</ele>
				<extensions>
					<swisstopo:routepoint_id>1973705759</swisstopo:routepoint_id>
				</extensions>
			</trkpt>
			<trkpt lat="47.1683194341" lon="9.2557377489">
				<ele>1620.2</ele>
				<extensions>
					<swisstopo:routepoint_id>1096155675</swisstopo:routepoint_id>
				</extensions>
			</trkpt>
			<trkpt lat="47.1682807790" lon="9.2557584158">
				<ele>1620.9</ele>
				<extensions>
					<swisstopo:routepoint_id>2136049282</swisstopo:routepoint_id>
				</extensions>
			</trkpt>
			<trkpt lat="47.1682442113" lon="9.2557522926">
				<ele>1621.5</ele>
				<extensions>
					<swisstopo:routepoint_id>1972817045</swisstopo:routepoint_id>
				</extensions>
			</trkpt>
			<trkpt lat="47.1682160864" lon="9.2557391200">
				<ele>1622.0</ele>
				<extensions>
					<swisstopo:routepoint_id>1879788466</swisstopo:routepoint_id>
				</extensions>
			</trkpt>
			<trkpt lat="47.1681495079" lon="9.2557344182">
				<ele>1623.3</ele>
				<extensions>
					<swisstopo:routepoint_id>1475508625</swisstopo:routepoint_id>
				</extensions>
			</trkpt>
			<trkpt lat="47.1681046516" lon="9.2557255726">
				<ele>1624.1</ele>
				<extensions>
					<swisstopo:routepoint_id>617743289</swisstopo:routepoint_id>
				</extensions>
			</trkpt>
			<trkpt lat="47.1680618922" lon="9.2556898974">
				<ele>1625.0</ele>
				<extensions>
					<swisstopo:routepoint_id>1338716244</swisstopo:routepoint_id>
				</extensions>
			</trkpt>
			<trkpt lat="47.1680124303" lon="9.2556564617">
				<ele>1626.3</ele>
				<extensions>
					<swisstopo:routepoint_id>2026178789</swisstopo:routepoint_id>
				</extensions>
			</trkpt>
			<trkpt lat="47.1679694011" lon="9.2556378886">
				<ele>1627.4</ele>
				<extensions>
					<swisstopo:routepoint_id>1244503446</swisstopo:routepoint_id>
				</extensions>
			</trkpt>
			<trkpt lat="47.1679462284" lon="9.2556273256">
				<ele>1627.9</ele>
				<extensions>
					<swisstopo:routepoint_id>838521580</swisstopo:routepoint_id>
				</extensions>
			</trkpt>
			<trkpt lat="47.1679496387" lon="9.2555999475">
				<ele>1628.3</ele>
				<extensions>
					<swisstopo:routepoint_id>942632557</swisstopo:routepoint_id>
				</extensions>
			</trkpt>
			<trkpt lat="47.1679585381" lon="9.2555861988">
				<ele>1628.6</ele>
				<extensions>
					<swisstopo:routepoint_id>213053958</swisstopo:routepoint_id>
				</extensions>
			</trkpt>
			<trkpt lat="47.1679672979" lon="9.2555596350">
				<ele>1629.1</ele>
				<extensions>
					<swisstopo:routepoint_id>534232295</swisstopo:routepoint_id>
				</extensions>
			</trkpt>
			<trkpt lat="47.1679609902" lon="9.2555374281">
				<ele>1629.8</ele>
				<extensions>
					<swisstopo:routepoint_id>1964799802</swisstopo:routepoint_id>
				</extensions>
			</trkpt>
			<trkpt lat="47.1679178659" lon="9.2555237336">
				<ele>1630.8</ele>
				<extensions>
					<swisstopo:routepoint_id>1295225742</swisstopo:routepoint_id>
				</extensions>
			</trkpt>
			<trkpt lat="47.1678597300" lon="9.2555119966">
				<ele>1632.1</ele>
				<extensions>
					<swisstopo:routepoint_id>267634080</swisstopo:routepoint_id>
				</extensions>
			</trkpt>
			<trkpt lat="47.1677899695" lon="9.2554974104">
				<ele>1633.2</ele>
				<extensions>
					<swisstopo:routepoint_id>1214627666</swisstopo:routepoint_id>
				</extensions>
			</trkpt>
			<trkpt lat="47.1677601040" lon="9.2554890609">
				<ele>1633.4</ele>
				<extensions>
					<swisstopo:routepoint_id>339948898</swisstopo:routepoint_id>
				</extensions>
			</trkpt>
			<trkpt lat="47.1677173353" lon="9.2554613811">
				<ele>1633.7</ele>
				<extensions>
					<swisstopo:routepoint_id>526573455</swisstopo:routepoint_id>
				</extensions>
			</trkpt>
			<trkpt lat="47.1676815285" lon="9.2554378160">
				<ele>1634.2</ele>
				<extensions>
					<swisstopo:routepoint_id>116943780</swisstopo:routepoint_id>
				</extensions>
			</trkpt>
			<trkpt lat="47.1676523104" lon="9.2554186702">
				<ele>1634.7</ele>
				<extensions>
					<swisstopo:routepoint_id>1734016631</swisstopo:routepoint_id>
				</extensions>
			</trkpt>
			<trkpt lat="47.1676185659" lon="9.2554035398">
				<ele>1635.4</ele>
				<extensions>
					<swisstopo:routepoint_id>218723064</swisstopo:routepoint_id>
				</extensions>
			</trkpt>
			<trkpt lat="47.1676523104" lon="9.2554186702">
				<ele>1634.7</ele>
				<extensions>
					<swisstopo:routepoint_id>1621282987</swisstopo:routepoint_id>
				</extensions>
			</trkpt>
			<trkpt lat="47.1676815285" lon="9.2554378160">
				<ele>1634.2</ele>
				<extensions>
					<swisstopo:routepoint_id>693904771</swisstopo:routepoint_id>
				</extensions>
			</trkpt>
			<trkpt lat="47.1677173353" lon="9.2554613811">
				<ele>1633.7</ele>
				<extensions>
					<swisstopo:routepoint_id>401632356</swisstopo:routepoint_id>
				</extensions>
			</trkpt>
			<trkpt lat="47.1677601040" lon="9.2554890609">
				<ele>1633.4</ele>
				<extensions>
					<swisstopo:routepoint_id>365966252</swisstopo:routepoint_id>
				</extensions>
			</trkpt>
			<trkpt lat="47.1677899695" lon="9.2554974104">
				<ele>1633.2</ele>
				<extensions>
					<swisstopo:routepoint_id>1276220184</swisstopo:routepoint_id>
				</extensions>
			</trkpt>
			<trkpt lat="47.1678597300" lon="9.2555119966">
				<ele>1632.1</ele>
				<extensions>
					<swisstopo:routepoint_id>1828126659</swisstopo:routepoint_id>
				</extensions>
			</trkpt>
			<trkpt lat="47.1679178659" lon="9.2555237336">
				<ele>1630.8</ele>
				<extensions>
					<swisstopo:routepoint_id>1824454075</swisstopo:routepoint_id>
				</extensions>
			</trkpt>
			<trkpt lat="47.1679609902" lon="9.2555374281">
				<ele>1629.8</ele>
				<extensions>
					<swisstopo:routepoint_id>1126684582</swisstopo:routepoint_id>
				</extensions>
			</trkpt>
			<trkpt lat="47.1679672979" lon="9.2555596350">
				<ele>1629.1</ele>
				<extensions>
					<swisstopo:routepoint_id>906745442</swisstopo:routepoint_id>
				</extensions>
			</trkpt>
			<trkpt lat="47.1679585381" lon="9.2555861988">
				<ele>1628.6</ele>
				<extensions>
					<swisstopo:routepoint_id>1420252721</swisstopo:routepoint_id>
				</extensions>
			</trkpt>
			<trkpt lat="47.1679496387" lon="9.2555999475">
				<ele>1628.3</ele>
				<extensions>
					<swisstopo:routepoint_id>874947390</swisstopo:routepoint_id>
				</extensions>
			</trkpt>
			<trkpt lat="47.1679462284" lon="9.2556273256">
				<ele>1627.9</ele>
				<extensions>
					<swisstopo:routepoint_id>1756422036</swisstopo:routepoint_id>
				</extensions>
			</trkpt>
			<trkpt lat="47.1679694011" lon="9.2556378886">
				<ele>1627.4</ele>
				<extensions>
					<swisstopo:routepoint_id>880461638</swisstopo:routepoint_id>
				</extensions>
			</trkpt>
			<trkpt lat="47.1680124303" lon="9.2556564617">
				<ele>1626.3</ele>
				<extensions>
					<swisstopo:routepoint_id>332773718</swisstopo:routepoint_id>
				</extensions>
			</trkpt>
			<trkpt lat="47.1680618922" lon="9.2556898974">
				<ele>1625.0</ele>
				<extensions>
					<swisstopo:routepoint_id>1816059847</swisstopo:routepoint_id>
				</extensions>
			</trkpt>
			<trkpt lat="47.1681046516" lon="9.2557255726">
				<ele>1624.1</ele>
				<extensions>
					<swisstopo:routepoint_id>702221616</swisstopo:routepoint_id>
				</extensions>
			</trkpt>
			<trkpt lat="47.1681495079" lon="9.2557344182">
				<ele>1623.3</ele>
				<extensions>
					<swisstopo:routepoint_id>1664798397</swisstopo:routepoint_id>
				</extensions>
			</trkpt>
			<trkpt lat="47.1682160864" lon="9.2557391200">
				<ele>1622.0</ele>
				<extensions>
					<swisstopo:routepoint_id>758177264</swisstopo:routepoint_id>
				</extensions>
			</trkpt>
			<trkpt lat="47.1682442113" lon="9.2557522926">
				<ele>1621.5</ele>
				<extensions>
					<swisstopo:routepoint_id>700625395</swisstopo:routepoint_id>
				</extensions>
			</trkpt>
			<trkpt lat="47.1682807790" lon="9.2557584158">
				<ele>1620.9</ele>
				<extensions>
					<swisstopo:routepoint_id>1755645025</swisstopo:routepoint_id>
				</extensions>
			</trkpt>
			<trkpt lat="47.1683194341" lon="9.2557377489">
				<ele>1620.2</ele>
				<extensions>
					<swisstopo:routepoint_id>360424795</swisstopo:routepoint_id>
				</extensions>
			</trkpt>
			<trkpt lat="47.1683605687" lon="9.2556950806">
				<ele>1619.6</ele>
				<extensions>
					<swisstopo:routepoint_id>1587219747</swisstopo:routepoint_id>
				</extensions>
			</trkpt>
			<trkpt lat="47.1683967147" lon="9.2556674944">
				<ele>1619.0</ele>
				<extensions>
					<swisstopo:routepoint_id>420340390</swisstopo:routepoint_id>
				</extensions>
			</trkpt>
			<trkpt lat="47.1684356516" lon="9.2556586052">
				<ele>1618.4</ele>
				<extensions>
					<swisstopo:routepoint_id>554432789</swisstopo:routepoint_id>
				</extensions>
			</trkpt>
			<trkpt lat="47.1684454201" lon="9.2556736077">
				<ele>1618.3</ele>
				<extensions>
					<swisstopo:routepoint_id>1189473416</swisstopo:routepoint_id>
				</extensions>
			</trkpt>
			<trkpt lat="47.1684463517" lon="9.2557200531">
				<ele>1617.8</ele>
				<extensions>
					<swisstopo:routepoint_id>154165214</swisstopo:routepoint_id>
				</extensions>
			</trkpt>
			<trkpt lat="47.1684337631" lon="9.2557782696">
				<ele>1616.9</ele>
				<extensions>
					<swisstopo:routepoint_id>564383259</swisstopo:routepoint_id>
				</extensions>
			</trkpt>
			<trkpt lat="47.1684554877" lon="9.2557899315">
				<ele>1616.2</ele>
				<extensions>
					<swisstopo:routepoint_id>960760036</swisstopo:routepoint_id>
				</extensions>
			</trkpt>
			<trkpt lat="47.1684824239" lon="9.2557803709">
				<ele>1615.4</ele>
				<extensions>
					<swisstopo:routepoint_id>2120069580</swisstopo:routepoint_id>
				</extensions>
			</trkpt>
			<trkpt lat="47.1685224670" lon="9.2557544208">
				<ele>1614.1</ele>
				<extensions>
					<swisstopo:routepoint_id>695212180</swisstopo:routepoint_id>
				</extensions>
			</trkpt>
			<trkpt lat="47.1685423329" lon="9.2557624182">
				<ele>1613.4</ele>
				<extensions>
					<swisstopo:routepoint_id>1462660827</swisstopo:routepoint_id>
				</extensions>
			</trkpt>
			<trkpt lat="47.1685431100" lon="9.2558186474">
				<ele>1612.5</ele>
				<extensions>
					<swisstopo:routepoint_id>1949266716</swisstopo:routepoint_id>
				</extensions>
			</trkpt>
			<trkpt lat="47.1685457957" lon="9.2558816442">
				<ele>1611.8</ele>
				<extensions>
					<swisstopo:routepoint_id>218608098</swisstopo:routepoint_id>
				</extensions>
			</trkpt>
			<trkpt lat="47.1685067501" lon="9.2559053850">
				<ele>1611.5</ele>
				<extensions>
					<swisstopo:routepoint_id>1759066221</swisstopo:routepoint_id>
				</extensions>
			</trkpt>
			<trkpt lat="47.1684630565" lon="9.2559283350">
				<ele>1610.9</ele>
				<extensions>
					<swisstopo:routepoint_id>1045289183</swisstopo:routepoint_id>
				</extensions>
			</trkpt>
			<trkpt lat="47.1684093428" lon="9.2559533716">
				<ele>1610.4</ele>
				<extensions>
					<swisstopo:routepoint_id>1468559222</swisstopo:routepoint_id>
				</extensions>
			</trkpt>
			<trkpt lat="47.1683473697" lon="9.2559732727">
				<ele>1609.9</ele>
				<extensions>
					<swisstopo:routepoint_id>1859953622</swisstopo:routepoint_id>
				</extensions>
			</trkpt>
			<trkpt lat="47.1683052330" lon="9.2560035975">
				<ele>1609.5</ele>
				<extensions>
					<swisstopo:routepoint_id>1875437463</swisstopo:routepoint_id>
				</extensions>
			</trkpt>
			<trkpt lat="47.1682417504" lon="9.2560136712">
				<ele>1608.9</ele>
				<extensions>
					<swisstopo:routepoint_id>522831620</swisstopo:routepoint_id>
				</extensions>
			</trkpt>
			<trkpt lat="47.1681634405" lon="9.2560134517">
				<ele>1608.3</ele>
				<extensions>
					<swisstopo:routepoint_id>1399402852</swisstopo:routepoint_id>
				</extensions>
			</trkpt>
			<trkpt lat="47.1680968531" lon="9.2560087492">
				<ele>1607.9</ele>
				<extensions>
					<swisstopo:routepoint_id>24999031</swisstopo:routepoint_id>
				</extensions>
			</trkpt>
			<trkpt lat="47.1680503722" lon="9.2559973810">
				<ele>1607.7</ele>
				<extensions>
					<swisstopo:routepoint_id>1988151993</swisstopo:routepoint_id>
				</extensions>
			</trkpt>
			<trkpt lat="47.1680056790" lon="9.2559787644">
				<ele>1607.6</ele>
				<extensions>
					<swisstopo:routepoint_id>1679568823</swisstopo:routepoint_id>
				</extensions>
			</trkpt>
			<trkpt lat="47.1679641590" lon="9.2559700316">
				<ele>1607.4</ele>
				<extensions>
					<swisstopo:routepoint_id>1508717736</swisstopo:routepoint_id>
				</extensions>
			</trkpt>
			<trkpt lat="47.1679091873" lon="9.2559681644">
				<ele>1607.1</ele>
				<extensions>
					<swisstopo:routepoint_id>582224324</swisstopo:routepoint_id>
				</extensions>
			</trkpt>
			<trkpt lat="47.1678153724" lon="9.2559852162">
				<ele>1606.5</ele>
				<extensions>
					<swisstopo:routepoint_id>1637320026</swisstopo:routepoint_id>
				</extensions>
			</trkpt>
			<trkpt lat="47.1677232551" lon="9.2560138424">
				<ele>1606.1</ele>
				<extensions>
					<swisstopo:routepoint_id>774786141</swisstopo:routepoint_id>
				</extensions>
			</trkpt>
			<trkpt lat="47.1676547431" lon="9.2560261858">
				<ele>1605.9</ele>
				<extensions>
					<swisstopo:routepoint_id>1211591285</swisstopo:routepoint_id>
				</extensions>
			</trkpt>
			<trkpt lat="47.1675947419" lon="9.2560266018">
				<ele>1605.8</ele>
				<extensions>
					<swisstopo:routepoint_id>719818348</swisstopo:routepoint_id>
				</extensions>
			</trkpt>
			<trkpt lat="47.1675345959" lon="9.2560367618">
				<ele>1605.4</ele>
				<extensions>
					<swisstopo:routepoint_id>1377820907</swisstopo:routepoint_id>
				</extensions>
			</trkpt>
			<trkpt lat="47.1674894403" lon="9.2560474451">
				<ele>1605.1</ele>
				<extensions>
					<swisstopo:routepoint_id>637670091</swisstopo:routepoint_id>
				</extensions>
			</trkpt>
			<trkpt lat="47.1674508233" lon="9.2560656982">
				<ele>1605.0</ele>
				<extensions>
					<swisstopo:routepoint_id>2081079540</swisstopo:routepoint_id>
				</extensions>
			</trkpt>
			<trkpt lat="47.1674086867" lon="9.2560960224">
				<ele>1604.8</ele>
				<extensions>
					<swisstopo:routepoint_id>913190886</swisstopo:routepoint_id>
				</extensions>
			</trkpt>
			<trkpt lat="47.1673683295" lon="9.2561190718">
				<ele>1604.7</ele>
				<extensions>
					<swisstopo:routepoint_id>1317651250</swisstopo:routepoint_id>
				</extensions>
			</trkpt>
			<trkpt lat="47.1673096450" lon="9.2561415247">
				<ele>1604.3</ele>
				<extensions>
					<swisstopo:routepoint_id>2068087135</swisstopo:routepoint_id>
				</extensions>
			</trkpt>
			<trkpt lat="47.1672393447" lon="9.2561611291">
				<ele>1603.4</ele>
				<extensions>
					<swisstopo:routepoint_id>124190796</swisstopo:routepoint_id>
				</extensions>
			</trkpt>
			<trkpt lat="47.1672008824" lon="9.2561695849">
				<ele>1602.9</ele>
				<extensions>
					<swisstopo:routepoint_id>1619532303</swisstopo:routepoint_id>
				</extensions>
			</trkpt>
			<trkpt lat="47.1671375627" lon="9.2561699012">
				<ele>1602.5</ele>
				<extensions>
					<swisstopo:routepoint_id>1639042796</swisstopo:routepoint_id>
				</extensions>
			</trkpt>
			<trkpt lat="47.1670858209" lon="9.2561754653">
				<ele>1602.5</ele>
				<extensions>
					<swisstopo:routepoint_id>589642922</swisstopo:routepoint_id>
				</extensions>
			</trkpt>
			<trkpt lat="47.1670405317" lon="9.2561934657">
				<ele>1602.5</ele>
				<extensions>
					<swisstopo:routepoint_id>1777104314</swisstopo:routepoint_id>
				</extensions>
			</trkpt>
			<trkpt lat="47.1669650953" lon="9.2562226845">
				<ele>1602.5</ele>
				<extensions>
					<swisstopo:routepoint_id>1697827829</swisstopo:routepoint_id>
				</extensions>
			</trkpt>
			<trkpt lat="47.1669062184" lon="9.2562573207">
				<ele>1602.3</ele>
				<extensions>
					<swisstopo:routepoint_id>1350918959</swisstopo:routepoint_id>
				</extensions>
			</trkpt>
			<trkpt lat="47.1668757358" lon="9.2562880537">
				<ele>1602.3</ele>
				<extensions>
					<swisstopo:routepoint_id>2095049253</swisstopo:routepoint_id>
				</extensions>
			</trkpt>
			<trkpt lat="47.1668601670" lon="9.2563241742">
				<ele>1602.4</ele>
				<extensions>
					<swisstopo:routepoint_id>1836863954</swisstopo:routepoint_id>
				</extensions>
			</trkpt>
			<trkpt lat="47.1668627321" lon="9.2563731276">
				<ele>1602.5</ele>
				<extensions>
					<swisstopo:routepoint_id>1504255034</swisstopo:routepoint_id>
				</extensions>
			</trkpt>
			<trkpt lat="47.1668837307" lon="9.2564153851">
				<ele>1602.7</ele>
				<extensions>
					<swisstopo:routepoint_id>121474012</swisstopo:routepoint_id>
				</extensions>
			</trkpt>
			<trkpt lat="47.1669147110" lon="9.2564579822">
				<ele>1603.1</ele>
				<extensions>
					<swisstopo:routepoint_id>2111458841</swisstopo:routepoint_id>
				</extensions>
			</trkpt>
			<trkpt lat="47.1669520170" lon="9.2565227735">
				<ele>1603.7</ele>
				<extensions>
					<swisstopo:routepoint_id>37435395</swisstopo:routepoint_id>
				</extensions>
			</trkpt>
			<trkpt lat="47.1669927656" lon="9.2565803593">
				<ele>1604.1</ele>
				<extensions>
					<swisstopo:routepoint_id>1954537077</swisstopo:routepoint_id>
				</extensions>
			</trkpt>
			<trkpt lat="47.1670369753" lon="9.2566307148">
				<ele>1604.4</ele>
				<extensions>
					<swisstopo:routepoint_id>737623023</swisstopo:routepoint_id>
				</extensions>
			</trkpt>
			<trkpt lat="47.1670777240" lon="9.2566883012">
				<ele>1604.7</ele>
				<extensions>
					<swisstopo:routepoint_id>615782788</swisstopo:routepoint_id>
				</extensions>
			</trkpt>
			<trkpt lat="47.1671150683" lon="9.2567506535">
				<ele>1604.7</ele>
				<extensions>
					<swisstopo:routepoint_id>1882135414</swisstopo:routepoint_id>
				</extensions>
			</trkpt>
			<trkpt lat="47.1671604993" lon="9.2568279511">
				<ele>1604.7</ele>
				<extensions>
					<swisstopo:routepoint_id>1518185003</swisstopo:routepoint_id>
				</extensions>
			</trkpt>
			<trkpt lat="47.1671995842" lon="9.2568854809">
				<ele>1604.8</ele>
				<extensions>
					<swisstopo:routepoint_id>574430724</swisstopo:routepoint_id>
				</extensions>
			</trkpt>
			<trkpt lat="47.1672273142" lon="9.2569230735">
				<ele>1604.8</ele>
				<extensions>
					<swisstopo:routepoint_id>1352385396</swisstopo:routepoint_id>
				</extensions>
			</trkpt>
			<trkpt lat="47.1672733802" lon="9.2569612886">
				<ele>1604.7</ele>
				<extensions>
					<swisstopo:routepoint_id>928735856</swisstopo:routepoint_id>
				</extensions>
			</trkpt>
			<trkpt lat="47.1673095058" lon="9.2569942721">
				<ele>1604.5</ele>
				<extensions>
					<swisstopo:routepoint_id>182643117</swisstopo:routepoint_id>
				</extensions>
			</trkpt>
			<trkpt lat="47.1673356196" lon="9.2570293821">
				<ele>1604.3</ele>
				<extensions>
					<swisstopo:routepoint_id>354325864</swisstopo:routepoint_id>
				</extensions>
			</trkpt>
			<trkpt lat="47.1673532521" lon="9.2570739669">
				<ele>1604.0</ele>
				<extensions>
					<swisstopo:routepoint_id>634542638</swisstopo:routepoint_id>
				</extensions>
			</trkpt>
			<trkpt lat="47.1673590284" lon="9.2571303648">
				<ele>1603.8</ele>
				<extensions>
					<swisstopo:routepoint_id>832479949</swisstopo:routepoint_id>
				</extensions>
			</trkpt>
			<trkpt lat="47.1673665751" lon="9.2571794884">
				<ele>1603.4</ele>
				<extensions>
					<swisstopo:routepoint_id>396274128</swisstopo:routepoint_id>
				</extensions>
			</trkpt>
			<trkpt lat="47.1673786292" lon="9.2572605202">
				<ele>1603.0</ele>
				<extensions>
					<swisstopo:routepoint_id>107608586</swisstopo:routepoint_id>
				</extensions>
			</trkpt>
			<trkpt lat="47.1674021830" lon="9.2573517454">
				<ele>1602.8</ele>
				<extensions>
					<swisstopo:routepoint_id>1616975853</swisstopo:routepoint_id>
				</extensions>
			</trkpt>
			<trkpt lat="47.1674371691" lon="9.2574579907">
				<ele>1602.5</ele>
				<extensions>
					<swisstopo:routepoint_id>83787634</swisstopo:routepoint_id>
				</extensions>
			</trkpt>
			<trkpt lat="47.1673523749" lon="9.2573402630">
				<ele>1604.2</ele>
				<extensions>
					<swisstopo:routepoint_id>897100403</swisstopo:routepoint_id>
				</extensions>
			</trkpt>
			<trkpt lat="47.1672889260" lon="9.2572428137">
				<ele>1606.1</ele>
				<extensions>
					<swisstopo:routepoint_id>2141787231</swisstopo:routepoint_id>
				</extensions>
			</trkpt>
			<trkpt lat="47.1672382640" lon="9.2571800083">
				<ele>1607.5</ele>
				<extensions>
					<swisstopo:routepoint_id>889684235</swisstopo:routepoint_id>
				</extensions>
			</trkpt>
			<trkpt lat="47.1671857274" lon="9.2571293559">
				<ele>1608.8</ele>
				<extensions>
					<swisstopo:routepoint_id>1715663272</swisstopo:routepoint_id>
				</extensions>
			</trkpt>
			<trkpt lat="47.1671181411" lon="9.2570830738">
				<ele>1610.0</ele>
				<extensions>
					<swisstopo:routepoint_id>1544624144</swisstopo:routepoint_id>
				</extensions>
			</trkpt>
			<trkpt lat="47.1670536121" lon="9.2570540066">
				<ele>1611.2</ele>
				<extensions>
					<swisstopo:routepoint_id>609186599</swisstopo:routepoint_id>
				</extensions>
			</trkpt>
			<trkpt lat="47.1669940058" lon="9.2570299879">
				<ele>1612.2</ele>
				<extensions>
					<swisstopo:routepoint_id>1016982896</swisstopo:routepoint_id>
				</extensions>
			</trkpt>
			<trkpt lat="47.1669409383" lon="9.2570135272">
				<ele>1613.1</ele>
				<extensions>
					<swisstopo:routepoint_id>401779352</swisstopo:routepoint_id>
				</extensions>
			</trkpt>
			<trkpt lat="47.1668612255" lon="9.2569961608">
				<ele>1614.6</ele>
				<extensions>
					<swisstopo:routepoint_id>319967920</swisstopo:routepoint_id>
				</extensions>
			</trkpt>
			<trkpt lat="47.1667714452" lon="9.2569833335">
				<ele>1616.5</ele>
				<extensions>
					<swisstopo:routepoint_id>1061814070</swisstopo:routepoint_id>
				</extensions>
			</trkpt>
			<trkpt lat="47.1666550111" lon="9.2569695874">
				<ele>1618.8</ele>
				<extensions>
					<swisstopo:routepoint_id>900480697</swisstopo:routepoint_id>
				</extensions>
			</trkpt>
			<trkpt lat="47.1665551627" lon="9.2569613126">
				<ele>1620.9</ele>
				<extensions>
					<swisstopo:routepoint_id>58573689</swisstopo:routepoint_id>
				</extensions>
			</trkpt>
			<trkpt lat="47.1663801981" lon="9.2569602475">
				<ele>1624.7</ele>
				<extensions>
					<swisstopo:routepoint_id>467908829</swisstopo:routepoint_id>
				</extensions>
			</trkpt>
			<trkpt lat="47.1662417715" lon="9.2569677728">
				<ele>1628.0</ele>
				<extensions>
					<swisstopo:routepoint_id>1225883621</swisstopo:routepoint_id>
				</extensions>
			</trkpt>
			<trkpt lat="47.1660949792" lon="9.2569774408">
				<ele>1631.2</ele>
				<extensions>
					<swisstopo:routepoint_id>778594856</swisstopo:routepoint_id>
				</extensions>
			</trkpt>
			<trkpt lat="47.1659881884" lon="9.2569860277">
				<ele>1633.3</ele>
				<extensions>
					<swisstopo:routepoint_id>1831291380</swisstopo:routepoint_id>
				</extensions>
			</trkpt>
			<trkpt lat="47.1659114563" lon="9.2569907415">
				<ele>1634.9</ele>
				<extensions>
					<swisstopo:routepoint_id>1353993456</swisstopo:routepoint_id>
				</extensions>
			</trkpt>
			<trkpt lat="47.1658365596" lon="9.2569857556">
				<ele>1636.4</ele>
				<extensions>
					<swisstopo:routepoint_id>1852791508</swisstopo:routepoint_id>
				</extensions>
			</trkpt>
			<trkpt lat="47.1657864720" lon="9.2569913882">
				<ele>1637.4</ele>
				<extensions>
					<swisstopo:routepoint_id>527685653</swisstopo:routepoint_id>
				</extensions>
			</trkpt>
			<trkpt lat="47.1657495187" lon="9.2570096841">
				<ele>1638.2</ele>
				<extensions>
					<swisstopo:routepoint_id>1298079018</swisstopo:routepoint_id>
				</extensions>
			</trkpt>
			<trkpt lat="47.1657303908" lon="9.2570603530">
				<ele>1638.9</ele>
				<extensions>
					<swisstopo:routepoint_id>1062894452</swisstopo:routepoint_id>
				</extensions>
			</trkpt>
			<trkpt lat="47.1656933745" lon="9.2571885796">
				<ele>1639.6</ele>
				<extensions>
					<swisstopo:routepoint_id>1201642120</swisstopo:routepoint_id>
				</extensions>
			</trkpt>
			<trkpt lat="47.1655632207" lon="9.2571024019">
				<ele>1641.0</ele>
				<extensions>
					<swisstopo:routepoint_id>1868498543</swisstopo:routepoint_id>
				</extensions>
			</trkpt>
			<trkpt lat="47.1654614634" lon="9.2570640359">
				<ele>1641.4</ele>
				<extensions>
					<swisstopo:routepoint_id>935410769</swisstopo:routepoint_id>
				</extensions>
			</trkpt>
			<trkpt lat="47.1652030542" lon="9.2569959269">
				<ele>1643.4</ele>
				<extensions>
					<swisstopo:routepoint_id>265823847</swisstopo:routepoint_id>
				</extensions>
			</trkpt>
			<trkpt lat="47.1649118965" lon="9.2568917853">
				<ele>1647.8</ele>
				<extensions>
					<swisstopo:routepoint_id>1278769689</swisstopo:routepoint_id>
				</extensions>
			</trkpt>
			<trkpt lat="47.1647125875" lon="9.2568501053">
				<ele>1652.3</ele>
				<extensions>
					<swisstopo:routepoint_id>264694318</swisstopo:routepoint_id>
				</extensions>
			</trkpt>
			<trkpt lat="47.1645539385" lon="9.2567958498">
				<ele>1655.3</ele>
				<extensions>
					<swisstopo:routepoint_id>1209261018</swisstopo:routepoint_id>
				</extensions>
			</trkpt>
			<trkpt lat="47.1644337496" lon="9.2567184696">
				<ele>1657.1</ele>
				<extensions>
					<swisstopo:routepoint_id>1550982672</swisstopo:routepoint_id>
				</extensions>
			</trkpt>
			<trkpt lat="47.1643780350" lon="9.2566992551">
				<ele>1658.0</ele>
				<extensions>
					<swisstopo:routepoint_id>1585757306</swisstopo:routepoint_id>
				</extensions>
			</trkpt>
			<trkpt lat="47.1643379170" lon="9.2566934860">
				<ele>1659.0</ele>
				<extensions>
					<swisstopo:routepoint_id>256790647</swisstopo:routepoint_id>
				</extensions>
			</trkpt>
			<trkpt lat="47.1643071870" lon="9.2566749223">
				<ele>1659.8</ele>
				<extensions>
					<swisstopo:routepoint_id>1749357732</swisstopo:routepoint_id>
				</extensions>
			</trkpt>
			<trkpt lat="47.1642852783" lon="9.2566407357">
				<ele>1660.4</ele>
				<extensions>
					<swisstopo:routepoint_id>653536070</swisstopo:routepoint_id>
				</extensions>
			</trkpt>
			<trkpt lat="47.1642500507" lon="9.2565879305">
				<ele>1661.3</ele>
				<extensions>
					<swisstopo:routepoint_id>128195373</swisstopo:routepoint_id>
				</extensions>
			</trkpt>
			<trkpt lat="47.1642326329" lon="9.2565656113">
				<ele>1661.7</ele>
				<extensions>
					<swisstopo:routepoint_id>1541335362</swisstopo:routepoint_id>
				</extensions>
			</trkpt>
			<trkpt lat="47.1642031773" lon="9.2565506929">
				<ele>1662.5</ele>
				<extensions>
					<swisstopo:routepoint_id>928491552</swisstopo:routepoint_id>
				</extensions>
			</trkpt>
			<trkpt lat="47.1639589305" lon="9.2564859316">
				<ele>1669.0</ele>
				<extensions>
					<swisstopo:routepoint_id>1387032991</swisstopo:routepoint_id>
				</extensions>
			</trkpt>
			<trkpt lat="47.1635783597" lon="9.2564140861">
				<ele>1674.6</ele>
				<extensions>
					<swisstopo:routepoint_id>1422070122</swisstopo:routepoint_id>
				</extensions>
			</trkpt>
			<trkpt lat="47.1635090768" lon="9.2564051495">
				<ele>1675.4</ele>
				<extensions>
					<swisstopo:routepoint_id>13884114</swisstopo:routepoint_id>
				</extensions>
			</trkpt>
			<trkpt lat="47.1634463954" lon="9.2563946429">
				<ele>1676.2</ele>
				<extensions>
					<swisstopo:routepoint_id>487583238</swisstopo:routepoint_id>
				</extensions>
			</trkpt>
			<trkpt lat="47.1633502218" lon="9.2564248831">
				<ele>1677.4</ele>
				<extensions>
					<swisstopo:routepoint_id>284196538</swisstopo:routepoint_id>
				</extensions>
			</trkpt>
			<trkpt lat="47.1632922597" lon="9.2564773702">
				<ele>1678.9</ele>
				<extensions>
					<swisstopo:routepoint_id>251857825</swisstopo:routepoint_id>
				</extensions>
			</trkpt>
			<trkpt lat="47.1632352227" lon="9.2565612860">
				<ele>1680.6</ele>
				<extensions>
					<swisstopo:routepoint_id>1327961528</swisstopo:routepoint_id>
				</extensions>
			</trkpt>
			<trkpt lat="47.1632010269" lon="9.2565559420">
				<ele>1681.2</ele>
				<extensions>
					<swisstopo:routepoint_id>529826570</swisstopo:routepoint_id>
				</extensions>
			</trkpt>
			<trkpt lat="47.1631274210" lon="9.2565136544">
				<ele>1681.7</ele>
				<extensions>
					<swisstopo:routepoint_id>349746687</swisstopo:routepoint_id>
				</extensions>
			</trkpt>
			<trkpt lat="47.1630808663" lon="9.2564630777">
				<ele>1682.9</ele>
				<extensions>
					<swisstopo:routepoint_id>1371665776</swisstopo:routepoint_id>
				</extensions>
			</trkpt>
			<trkpt lat="47.1629721336" lon="9.2564140038">
				<ele>1683.6</ele>
				<extensions>
					<swisstopo:routepoint_id>1535148462</swisstopo:routepoint_id>
				</extensions>
			</trkpt>
			<trkpt lat="47.1628792292" lon="9.2564178392">
				<ele>1684.6</ele>
				<extensions>
					<swisstopo:routepoint_id>534822051</swisstopo:routepoint_id>
				</extensions>
			</trkpt>
			<trkpt lat="47.1627520247" lon="9.2564833154">
				<ele>1688.4</ele>
				<extensions>
					<swisstopo:routepoint_id>808452660</swisstopo:routepoint_id>
				</extensions>
			</trkpt>
			<trkpt lat="47.1626889618" lon="9.2565579624">
				<ele>1688.7</ele>
				<extensions>
					<swisstopo:routepoint_id>1727924663</swisstopo:routepoint_id>
				</extensions>
			</trkpt>
			<trkpt lat="47.1626849811" lon="9.2566590476">
				<ele>1689.7</ele>
				<extensions>
					<swisstopo:routepoint_id>1953115694</swisstopo:routepoint_id>
				</extensions>
			</trkpt>
			<trkpt lat="47.1626277826" lon="9.2568141654">
				<ele>1689.1</ele>
				<extensions>
					<swisstopo:routepoint_id>1748947569</swisstopo:routepoint_id>
				</extensions>
			</trkpt>
			<trkpt lat="47.1625536443" lon="9.2569861601">
				<ele>1690.9</ele>
				<extensions>
					<swisstopo:routepoint_id>380484784</swisstopo:routepoint_id>
				</extensions>
			</trkpt>
			<trkpt lat="47.1625146330" lon="9.2570441711">
				<ele>1691.6</ele>
				<extensions>
					<swisstopo:routepoint_id>546380708</swisstopo:routepoint_id>
				</extensions>
			</trkpt>
			<trkpt lat="47.1624523414" lon="9.2570699807">
				<ele>1691.6</ele>
				<extensions>
					<swisstopo:routepoint_id>2037631231</swisstopo:routepoint_id>
				</extensions>
			</trkpt>
			<trkpt lat="47.1623954040" lon="9.2570575717">
				<ele>1692.2</ele>
				<extensions>
					<swisstopo:routepoint_id>315082098</swisstopo:routepoint_id>
				</extensions>
			</trkpt>
			<trkpt lat="47.1622986929" lon="9.2570141424">
				<ele>1693.2</ele>
				<extensions>
					<swisstopo:routepoint_id>1783221090</swisstopo:routepoint_id>
				</extensions>
			</trkpt>
			<trkpt lat="47.1622284775" lon="9.2570494450">
				<ele>1694.4</ele>
				<extensions>
					<swisstopo:routepoint_id>1382867332</swisstopo:routepoint_id>
				</extensions>
			</trkpt>
			<trkpt lat="47.1621611666" lon="9.2570911252">
				<ele>1695.5</ele>
				<extensions>
					<swisstopo:routepoint_id>724556146</swisstopo:routepoint_id>
				</extensions>
			</trkpt>
			<trkpt lat="47.1621070575" lon="9.2571406017">
				<ele>1696.2</ele>
				<extensions>
					<swisstopo:routepoint_id>1014434297</swisstopo:routepoint_id>
				</extensions>
			</trkpt>
			<trkpt lat="47.1620493125" lon="9.2572095047">
				<ele>1697.4</ele>
				<extensions>
					<swisstopo:routepoint_id>1715287375</swisstopo:routepoint_id>
				</extensions>
			</trkpt>
			<trkpt lat="47.1619883083" lon="9.2572733894">
				<ele>1698.5</ele>
				<extensions>
					<swisstopo:routepoint_id>2101459591</swisstopo:routepoint_id>
				</extensions>
			</trkpt>
			<trkpt lat="47.1619577959" lon="9.2573065580">
				<ele>1698.9</ele>
				<extensions>
					<swisstopo:routepoint_id>1719185247</swisstopo:routepoint_id>
				</extensions>
			</trkpt>
			<trkpt lat="47.1619355245" lon="9.2573448879">
				<ele>1699.2</ele>
				<extensions>
					<swisstopo:routepoint_id>1592667065</swisstopo:routepoint_id>
				</extensions>
			</trkpt>
			<trkpt lat="47.1619246082" lon="9.2574031538">
				<ele>1699.5</ele>
				<extensions>
					<swisstopo:routepoint_id>1872610550</swisstopo:routepoint_id>
				</extensions>
			</trkpt>
			<trkpt lat="47.1619284031" lon="9.2574790158">
				<ele>1700.3</ele>
				<extensions>
					<swisstopo:routepoint_id>1798902088</swisstopo:routepoint_id>
				</extensions>
			</trkpt>
			<trkpt lat="47.1619258521" lon="9.2575351252">
				<ele>1700.9</ele>
				<extensions>
					<swisstopo:routepoint_id>1207946797</swisstopo:routepoint_id>
				</extensions>
			</trkpt>
			<trkpt lat="47.1619067147" lon="9.2575857901">
				<ele>1701.3</ele>
				<extensions>
					<swisstopo:routepoint_id>2056197703</swisstopo:routepoint_id>
				</extensions>
			</trkpt>
			<trkpt lat="47.1618726435" lon="9.2576334938">
				<ele>1701.7</ele>
				<extensions>
					<swisstopo:routepoint_id>529614353</swisstopo:routepoint_id>
				</extensions>
			</trkpt>
			<trkpt lat="47.1618484773" lon="9.2576864276">
				<ele>1702.1</ele>
				<extensions>
					<swisstopo:routepoint_id>1662488210</swisstopo:routepoint_id>
				</extensions>
			</trkpt>
			<trkpt lat="47.1618358968" lon="9.2577446368">
				<ele>1702.4</ele>
				<extensions>
					<swisstopo:routepoint_id>416256127</swisstopo:routepoint_id>
				</extensions>
			</trkpt>
			<trkpt lat="47.1618429801" lon="9.2578230509">
				<ele>1702.8</ele>
				<extensions>
					<swisstopo:routepoint_id>144025128</swisstopo:routepoint_id>
				</extensions>
			</trkpt>
			<trkpt lat="47.1618580907" lon="9.2579213010">
				<ele>1703.4</ele>
				<extensions>
					<swisstopo:routepoint_id>2043484857</swisstopo:routepoint_id>
				</extensions>
			</trkpt>
			<trkpt lat="47.1618768081" lon="9.2580025513">
				<ele>1703.8</ele>
				<extensions>
					<swisstopo:routepoint_id>2136744513</swisstopo:routepoint_id>
				</extensions>
			</trkpt>
			<trkpt lat="47.1619007563" lon="9.2580693370">
				<ele>1704.1</ele>
				<extensions>
					<swisstopo:routepoint_id>676174970</swisstopo:routepoint_id>
				</extensions>
			</trkpt>
			<trkpt lat="47.1619249573" lon="9.2581190214">
				<ele>1704.5</ele>
				<extensions>
					<swisstopo:routepoint_id>1073973715</swisstopo:routepoint_id>
				</extensions>
			</trkpt>
			<trkpt lat="47.1619592818" lon="9.2581617297">
				<ele>1705.1</ele>
				<extensions>
					<swisstopo:routepoint_id>79283265</swisstopo:routepoint_id>
				</extensions>
			</trkpt>
			<trkpt lat="47.1619919729" lon="9.2582019413">
				<ele>1705.7</ele>
				<extensions>
					<swisstopo:routepoint_id>979641602</swisstopo:routepoint_id>
				</extensions>
			</trkpt>
			<trkpt lat="47.1620077784" lon="9.2582562085">
				<ele>1706.0</ele>
				<extensions>
					<swisstopo:routepoint_id>901370220</swisstopo:routepoint_id>
				</extensions>
			</trkpt>
			<trkpt lat="47.1620168519" lon="9.2583151538">
				<ele>1706.3</ele>
				<extensions>
					<swisstopo:routepoint_id>2066784635</swisstopo:routepoint_id>
				</extensions>
			</trkpt>
			<trkpt lat="47.1620223482" lon="9.2583886468">
				<ele>1706.6</ele>
				<extensions>
					<swisstopo:routepoint_id>894662926</swisstopo:routepoint_id>
				</extensions>
			</trkpt>
			<trkpt lat="47.1620246805" lon="9.2584522569">
				<ele>1706.8</ele>
				<extensions>
					<swisstopo:routepoint_id>335074480</swisstopo:routepoint_id>
				</extensions>
			</trkpt>
			<trkpt lat="47.1620337064" lon="9.2585136411">
				<ele>1707.1</ele>
				<extensions>
					<swisstopo:routepoint_id>1956227150</swisstopo:routepoint_id>
				</extensions>
			</trkpt>
			<trkpt lat="47.1620560980" lon="9.2585730399">
				<ele>1707.3</ele>
				<extensions>
					<swisstopo:routepoint_id>754616955</swisstopo:routepoint_id>
				</extensions>
			</trkpt>
			<trkpt lat="47.1620835960" lon="9.2586252772">
				<ele>1707.7</ele>
				<extensions>
					<swisstopo:routepoint_id>731546290</swisstopo:routepoint_id>
				</extensions>
			</trkpt>
			<trkpt lat="47.1621146231" lon="9.2586654197">
				<ele>1708.2</ele>
				<extensions>
					<swisstopo:routepoint_id>1390087829</swisstopo:routepoint_id>
				</extensions>
			</trkpt>
			<trkpt lat="47.1621571889" lon="9.2587132888">
				<ele>1708.9</ele>
				<extensions>
					<swisstopo:routepoint_id>131944619</swisstopo:routepoint_id>
				</extensions>
			</trkpt>
			<trkpt lat="47.1621882250" lon="9.2587534446">
				<ele>1709.3</ele>
				<extensions>
					<swisstopo:routepoint_id>77566164</swisstopo:routepoint_id>
				</extensions>
			</trkpt>
			<trkpt lat="47.1622175113" lon="9.2587984226">
				<ele>1709.4</ele>
				<extensions>
					<swisstopo:routepoint_id>1236465569</swisstopo:routepoint_id>
				</extensions>
			</trkpt>
			<trkpt lat="47.1622528728" lon="9.2588802395">
				<ele>1709.7</ele>
				<extensions>
					<swisstopo:routepoint_id>1110550178</swisstopo:routepoint_id>
				</extensions>
			</trkpt>
			<trkpt lat="47.1622992801" lon="9.2590015461">
				<ele>1710.2</ele>
				<extensions>
					<swisstopo:routepoint_id>1203561553</swisstopo:routepoint_id>
				</extensions>
			</trkpt>
			<trkpt lat="47.1623262075" lon="9.2590904250">
				<ele>1710.7</ele>
				<extensions>
					<swisstopo:routepoint_id>1105820613</swisstopo:routepoint_id>
				</extensions>
			</trkpt>
			<trkpt lat="47.1623479332" lon="9.2591913156">
				<ele>1711.2</ele>
				<extensions>
					<swisstopo:routepoint_id>1002446304</swisstopo:routepoint_id>
				</extensions>
			</trkpt>
			<trkpt lat="47.1623680427" lon="9.2592897375">
				<ele>1711.8</ele>
				<extensions>
					<swisstopo:routepoint_id>396412014</swisstopo:routepoint_id>
				</extensions>
			</trkpt>
			<trkpt lat="47.1623864021" lon="9.2593929804">
				<ele>1712.4</ele>
				<extensions>
					<swisstopo:routepoint_id>896480138</swisstopo:routepoint_id>
				</extensions>
			</trkpt>
			<trkpt lat="47.1623998186" lon="9.2594936022">
				<ele>1712.8</ele>
				<extensions>
					<swisstopo:routepoint_id>1858514079</swisstopo:routepoint_id>
				</extensions>
			</trkpt>
			<trkpt lat="47.1624214278" lon="9.2596018370">
				<ele>1713.3</ele>
				<extensions>
					<swisstopo:routepoint_id>970292250</swisstopo:routepoint_id>
				</extensions>
			</trkpt>
			<trkpt lat="47.1624498252" lon="9.2597029822">
				<ele>1713.9</ele>
				<extensions>
					<swisstopo:routepoint_id>1689091249</swisstopo:routepoint_id>
				</extensions>
			</trkpt>
			<trkpt lat="47.1624779135" lon="9.2598236531">
				<ele>1714.1</ele>
				<extensions>
					<swisstopo:routepoint_id>990342557</swisstopo:routepoint_id>
				</extensions>
			</trkpt>
			<trkpt lat="47.1625042519" lon="9.2599491596">
				<ele>1714.3</ele>
				<extensions>
					<swisstopo:routepoint_id>1598245719</swisstopo:routepoint_id>
				</extensions>
			</trkpt>
			<trkpt lat="47.1625239748" lon="9.2600719861">
				<ele>1714.6</ele>
				<extensions>
					<swisstopo:routepoint_id>829215186</swisstopo:routepoint_id>
				</extensions>
			</trkpt>
			<trkpt lat="47.1625256879" lon="9.2601746640">
				<ele>1715.2</ele>
				<extensions>
					<swisstopo:routepoint_id>1726903713</swisstopo:routepoint_id>
				</extensions>
			</trkpt>
			<trkpt lat="47.1625193361" lon="9.2602599566">
				<ele>1715.7</ele>
				<extensions>
					<swisstopo:routepoint_id>1043498445</swisstopo:routepoint_id>
				</extensions>
			</trkpt>
			<trkpt lat="47.1625113584" lon="9.2603427667">
				<ele>1716.0</ele>
				<extensions>
					<swisstopo:routepoint_id>1502291232</swisstopo:routepoint_id>
				</extensions>
			</trkpt>
			<trkpt lat="47.1624872683" lon="9.2603908084">
				<ele>1715.9</ele>
				<extensions>
					<swisstopo:routepoint_id>1077728290</swisstopo:routepoint_id>
				</extensions>
			</trkpt>
			<trkpt lat="47.1624515619" lon="9.2604360012">
				<ele>1716.0</ele>
				<extensions>
					<swisstopo:routepoint_id>1113351743</swisstopo:routepoint_id>
				</extensions>
			</trkpt>
			<trkpt lat="47.1623954399" lon="9.2605073972">
				<ele>1716.4</ele>
				<extensions>
					<swisstopo:routepoint_id>719173637</swisstopo:routepoint_id>
				</extensions>
			</trkpt>
			<trkpt lat="47.1623116294" lon="9.2606438085">
				<ele>1716.9</ele>
				<extensions>
					<swisstopo:routepoint_id>300565283</swisstopo:routepoint_id>
				</extensions>
			</trkpt>
			<trkpt lat="47.1622549576" lon="9.2607493777">
				<ele>1716.9</ele>
				<extensions>
					<swisstopo:routepoint_id>1427883044</swisstopo:routepoint_id>
				</extensions>
			</trkpt>
			<trkpt lat="47.1622222008" lon="9.2608191152">
				<ele>1716.8</ele>
				<extensions>
					<swisstopo:routepoint_id>762124136</swisstopo:routepoint_id>
				</extensions>
			</trkpt>
			<trkpt lat="47.1622111190" lon="9.2608871497">
				<ele>1716.5</ele>
				<extensions>
					<swisstopo:routepoint_id>1337574876</swisstopo:routepoint_id>
				</extensions>
			</trkpt>
			<trkpt lat="47.1622185662" lon="9.2609435874">
				<ele>1716.3</ele>
				<extensions>
					<swisstopo:routepoint_id>941767838</swisstopo:routepoint_id>
				</extensions>
			</trkpt>
			<trkpt lat="47.1622285573" lon="9.2609699249">
				<ele>1716.3</ele>
				<extensions>
					<swisstopo:routepoint_id>709650643</swisstopo:routepoint_id>
				</extensions>
			</trkpt>
			<trkpt lat="47.1622617602" lon="9.2610574512">
				<ele>1716.2</ele>
				<extensions>
					<swisstopo:routepoint_id>122321146</swisstopo:routepoint_id>
				</extensions>
			</trkpt>
			<trkpt lat="47.1623063378" lon="9.2611884602">
				<ele>1715.9</ele>
				<extensions>
					<swisstopo:routepoint_id>1932448682</swisstopo:routepoint_id>
				</extensions>
			</trkpt>
			<trkpt lat="47.1623397719" lon="9.2612873364">
				<ele>1717.1</ele>
				<extensions>
					<swisstopo:routepoint_id>659807849</swisstopo:routepoint_id>
				</extensions>
			</trkpt>
			<trkpt lat="47.1623516211" lon="9.2613805832">
				<ele>1718.3</ele>
				<extensions>
					<swisstopo:routepoint_id>1042796088</swisstopo:routepoint_id>
				</extensions>
			</trkpt>
			<trkpt lat="47.1623599884" lon="9.2614834739">
				<ele>1719.3</ele>
				<extensions>
					<swisstopo:routepoint_id>441262797</swisstopo:routepoint_id>
				</extensions>
			</trkpt>
			<trkpt lat="47.1623835865" lon="9.2615722407">
				<ele>1720.4</ele>
				<extensions>
					<swisstopo:routepoint_id>778675945</swisstopo:routepoint_id>
				</extensions>
			</trkpt>
			<trkpt lat="47.1624269253" lon="9.2616763360">
				<ele>1721.8</ele>
				<extensions>
					<swisstopo:routepoint_id>1605771742</swisstopo:routepoint_id>
				</extensions>
			</trkpt>
			<trkpt lat="47.1624654280" lon="9.2617704780">
				<ele>1722.6</ele>
				<extensions>
					<swisstopo:routepoint_id>1314753675</swisstopo:routepoint_id>
				</extensions>
			</trkpt>
			<trkpt lat="47.1625035438" lon="9.2618890519">
				<ele>1723.5</ele>
				<extensions>
					<swisstopo:routepoint_id>1219545349</swisstopo:routepoint_id>
				</extensions>
			</trkpt>
			<trkpt lat="47.1625303777" lon="9.2619791557">
				<ele>1722.8</ele>
				<extensions>
					<swisstopo:routepoint_id>1566954930</swisstopo:routepoint_id>
				</extensions>
			</trkpt>
			<trkpt lat="47.1624672202" lon="9.2619129441">
				<ele>1724.3</ele>
				<extensions>
					<swisstopo:routepoint_id>1688487884</swisstopo:routepoint_id>
				</extensions>
			</trkpt>
			<trkpt lat="47.1624325102" lon="9.2618946654">
				<ele>1724.9</ele>
				<extensions>
					<swisstopo:routepoint_id>624527939</swisstopo:routepoint_id>
				</extensions>
			</trkpt>
			<trkpt lat="47.1624042104" lon="9.2618937010">
				<ele>1725.6</ele>
				<extensions>
					<swisstopo:routepoint_id>731666323</swisstopo:routepoint_id>
				</extensions>
			</trkpt>
			<trkpt lat="47.1623821990" lon="9.2619149413">
				<ele>1726.1</ele>
				<extensions>
					<swisstopo:routepoint_id>775115575</swisstopo:routepoint_id>
				</extensions>
			</trkpt>
			<trkpt lat="47.1623679920" lon="9.2619706542">
				<ele>1726.9</ele>
				<extensions>
					<swisstopo:routepoint_id>1667741517</swisstopo:routepoint_id>
				</extensions>
			</trkpt>
			<trkpt lat="47.1623633106" lon="9.2620560034">
				<ele>1728.0</ele>
				<extensions>
					<swisstopo:routepoint_id>1131402865</swisstopo:routepoint_id>
				</extensions>
			</trkpt>
			<trkpt lat="47.1623584575" lon="9.2621511216">
				<ele>1729.1</ele>
				<extensions>
					<swisstopo:routepoint_id>337516256</swisstopo:routepoint_id>
				</extensions>
			</trkpt>
			<trkpt lat="47.1623450625" lon="9.2622606056">
				<ele>1730.4</ele>
				<extensions>
					<swisstopo:routepoint_id>1609962008</swisstopo:routepoint_id>
				</extensions>
			</trkpt>
			<trkpt lat="47.1623287267" lon="9.2623455706">
				<ele>1731.2</ele>
				<extensions>
					<swisstopo:routepoint_id>1808980541</swisstopo:routepoint_id>
				</extensions>
			</trkpt>
			<trkpt lat="47.1623109419" lon="9.2624158169">
				<ele>1732.0</ele>
				<extensions>
					<swisstopo:routepoint_id>859126646</swisstopo:routepoint_id>
				</extensions>
			</trkpt>
			<trkpt lat="47.1622833684" lon="9.2624735141">
				<ele>1732.9</ele>
				<extensions>
					<swisstopo:routepoint_id>645816712</swisstopo:routepoint_id>
				</extensions>
			</trkpt>
			<trkpt lat="47.1622511048" lon="9.2625115146">
				<ele>1733.6</ele>
				<extensions>
					<swisstopo:routepoint_id>1307413488</swisstopo:routepoint_id>
				</extensions>
			</trkpt>
			<trkpt lat="47.1622054844" lon="9.2625514872">
				<ele>1734.8</ele>
				<extensions>
					<swisstopo:routepoint_id>2076519555</swisstopo:routepoint_id>
				</extensions>
			</trkpt>
			<trkpt lat="47.1621550570" lon="9.2625790936">
				<ele>1736.0</ele>
				<extensions>
					<swisstopo:routepoint_id>295535117</swisstopo:routepoint_id>
				</extensions>
			</trkpt>
			<trkpt lat="47.1620962558" lon="9.2626088412">
				<ele>1737.4</ele>
				<extensions>
					<swisstopo:routepoint_id>880630263</swisstopo:routepoint_id>
				</extensions>
			</trkpt>
			<trkpt lat="47.1620306357" lon="9.2626481445">
				<ele>1738.5</ele>
				<extensions>
					<swisstopo:routepoint_id>2056944867</swisstopo:routepoint_id>
				</extensions>
			</trkpt>
			<trkpt lat="47.1619935446" lon="9.2626762055">
				<ele>1739.2</ele>
				<extensions>
					<swisstopo:routepoint_id>1631785751</swisstopo:routepoint_id>
				</extensions>
			</trkpt>
			<trkpt lat="47.1619616672" lon="9.2626897751">
				<ele>1739.6</ele>
				<extensions>
					<swisstopo:routepoint_id>668989628</swisstopo:routepoint_id>
				</extensions>
			</trkpt>
			<trkpt lat="47.1619318023" lon="9.2626814220">
				<ele>1740.1</ele>
				<extensions>
					<swisstopo:routepoint_id>1938358774</swisstopo:routepoint_id>
				</extensions>
			</trkpt>
			<trkpt lat="47.1619055353" lon="9.2626560957">
				<ele>1740.7</ele>
				<extensions>
					<swisstopo:routepoint_id>1411242206</swisstopo:routepoint_id>
				</extensions>
			</trkpt>
			<trkpt lat="47.1618828750" lon="9.2626137958">
				<ele>1741.4</ele>
				<extensions>
					<swisstopo:routepoint_id>1416449543</swisstopo:routepoint_id>
				</extensions>
			</trkpt>
			<trkpt lat="47.1618617627" lon="9.2625788571">
				<ele>1741.9</ele>
				<extensions>
					<swisstopo:routepoint_id>1344641332</swisstopo:routepoint_id>
				</extensions>
			</trkpt>
			<trkpt lat="47.1618388020" lon="9.2625560971">
				<ele>1742.3</ele>
				<extensions>
					<swisstopo:routepoint_id>390171489</swisstopo:routepoint_id>
				</extensions>
			</trkpt>
			<trkpt lat="47.1618154069" lon="9.2625601803">
				<ele>1742.6</ele>
				<extensions>
					<swisstopo:routepoint_id>21361334</swisstopo:routepoint_id>
				</extensions>
			</trkpt>
			<trkpt lat="47.1617885210" lon="9.2625739202">
				<ele>1743.0</ele>
				<extensions>
					<swisstopo:routepoint_id>114358257</swisstopo:routepoint_id>
				</extensions>
			</trkpt>
			<trkpt lat="47.1617460728" lon="9.2626237885">
				<ele>1743.7</ele>
				<extensions>
					<swisstopo:routepoint_id>1528684995</swisstopo:routepoint_id>
				</extensions>
			</trkpt>
			<trkpt lat="47.1616913811" lon="9.2627098723">
				<ele>1744.9</ele>
				<extensions>
					<swisstopo:routepoint_id>446658180</swisstopo:routepoint_id>
				</extensions>
			</trkpt>
			<trkpt lat="47.1616417368" lon="9.2627937005">
				<ele>1746.0</ele>
				<extensions>
					<swisstopo:routepoint_id>1311745926</swisstopo:routepoint_id>
				</extensions>
			</trkpt>
			<trkpt lat="47.1616138062" lon="9.2628733622">
				<ele>1746.8</ele>
				<extensions>
					<swisstopo:routepoint_id>86708256</swisstopo:routepoint_id>
				</extensions>
			</trkpt>
			<trkpt lat="47.1615754201" lon="9.2629820053">
				<ele>1748.1</ele>
				<extensions>
					<swisstopo:routepoint_id>294522313</swisstopo:routepoint_id>
				</extensions>
			</trkpt>
			<trkpt lat="47.1615473138" lon="9.2630738888">
				<ele>1749.5</ele>
				<extensions>
					<swisstopo:routepoint_id>1492663681</swisstopo:routepoint_id>
				</extensions>
			</trkpt>
			<trkpt lat="47.1615292573" lon="9.2631612209">
				<ele>1750.5</ele>
				<extensions>
					<swisstopo:routepoint_id>502109592</swisstopo:routepoint_id>
				</extensions>
			</trkpt>
			<trkpt lat="47.1615175640" lon="9.2632683206">
				<ele>1751.8</ele>
				<extensions>
					<swisstopo:routepoint_id>255192893</swisstopo:routepoint_id>
				</extensions>
			</trkpt>
			<trkpt lat="47.1615098167" lon="9.2633364674">
				<ele>1752.7</ele>
				<extensions>
					<swisstopo:routepoint_id>2092428595</swisstopo:routepoint_id>
				</extensions>
			</trkpt>
			<trkpt lat="47.1614903677" lon="9.2634066563">
				<ele>1753.6</ele>
				<extensions>
					<swisstopo:routepoint_id>1596011375</swisstopo:routepoint_id>
				</extensions>
			</trkpt>
			<trkpt lat="47.1614473773" lon="9.2634907106">
				<ele>1755.0</ele>
				<extensions>
					<swisstopo:routepoint_id>784494444</swisstopo:routepoint_id>
				</extensions>
			</trkpt>
			<trkpt lat="47.1613856435" lon="9.2636009833">
				<ele>1757.1</ele>
				<extensions>
					<swisstopo:routepoint_id>1768427332</swisstopo:routepoint_id>
				</extensions>
			</trkpt>
			<trkpt lat="47.1613203405" lon="9.2637258039">
				<ele>1759.4</ele>
				<extensions>
					<swisstopo:routepoint_id>327460078</swisstopo:routepoint_id>
				</extensions>
			</trkpt>
			<trkpt lat="47.1612876506" lon="9.2637906592">
				<ele>1760.8</ele>
				<extensions>
					<swisstopo:routepoint_id>407743665</swisstopo:routepoint_id>
				</extensions>
			</trkpt>
			<trkpt lat="47.1612157708" lon="9.2639103605">
				<ele>1763.0</ele>
				<extensions>
					<swisstopo:routepoint_id>862237603</swisstopo:routepoint_id>
				</extensions>
			</trkpt>
			<trkpt lat="47.1611832355" lon="9.2639654462">
				<ele>1763.8</ele>
				<extensions>
					<swisstopo:routepoint_id>1595299314</swisstopo:routepoint_id>
				</extensions>
			</trkpt>
			<trkpt lat="47.1611623931" lon="9.2640184769">
				<ele>1764.5</ele>
				<extensions>
					<swisstopo:routepoint_id>1916820223</swisstopo:routepoint_id>
				</extensions>
			</trkpt>
			<trkpt lat="47.1611446162" lon="9.2640887222">
				<ele>1765.4</ele>
				<extensions>
					<swisstopo:routepoint_id>1587312351</swisstopo:routepoint_id>
				</extensions>
			</trkpt>
			<trkpt lat="47.1611253212" lon="9.2641491396">
				<ele>1766.5</ele>
				<extensions>
					<swisstopo:routepoint_id>388908196</swisstopo:routepoint_id>
				</extensions>
			</trkpt>
			<trkpt lat="47.1610939547" lon="9.2642360303">
				<ele>1767.4</ele>
				<extensions>
					<swisstopo:routepoint_id>1254244564</swisstopo:routepoint_id>
				</extensions>
			</trkpt>
			<trkpt lat="47.1610489903" lon="9.2643395662">
				<ele>1768.4</ele>
				<extensions>
					<swisstopo:routepoint_id>1942865657</swisstopo:routepoint_id>
				</extensions>
			</trkpt>
			<trkpt lat="47.1610243085" lon="9.2644242172">
				<ele>1769.4</ele>
				<extensions>
					<swisstopo:routepoint_id>1175628751</swisstopo:routepoint_id>
				</extensions>
			</trkpt>
			<trkpt lat="47.1610168407" lon="9.2644752771">
				<ele>1769.8</ele>
				<extensions>
					<swisstopo:routepoint_id>1484410850</swisstopo:routepoint_id>
				</extensions>
			</trkpt>
			<trkpt lat="47.1610243549" lon="9.2645268348">
				<ele>1770.4</ele>
				<extensions>
					<swisstopo:routepoint_id>1860593431</swisstopo:routepoint_id>
				</extensions>
			</trkpt>
			<trkpt lat="47.1610299248" lon="9.2645954359">
				<ele>1771.3</ele>
				<extensions>
					<swisstopo:routepoint_id>237513251</swisstopo:routepoint_id>
				</extensions>
			</trkpt>
			<trkpt lat="47.1610239657" lon="9.2646563090">
				<ele>1772.1</ele>
				<extensions>
					<swisstopo:routepoint_id>1173099594</swisstopo:routepoint_id>
				</extensions>
			</trkpt>
			<trkpt lat="47.1610112653" lon="9.2647218456">
				<ele>1772.9</ele>
				<extensions>
					<swisstopo:routepoint_id>1175071858</swisstopo:routepoint_id>
				</extensions>
			</trkpt>
			<trkpt lat="47.1610000738" lon="9.2647971959">
				<ele>1773.8</ele>
				<extensions>
					<swisstopo:routepoint_id>2037285318</swisstopo:routepoint_id>
				</extensions>
			</trkpt>
			<trkpt lat="47.1609884470" lon="9.2648994150">
				<ele>1775.2</ele>
				<extensions>
					<swisstopo:routepoint_id>2015487407</swisstopo:routepoint_id>
				</extensions>
			</trkpt>
			<trkpt lat="47.1609739968" lon="9.2649697725">
				<ele>1776.2</ele>
				<extensions>
					<swisstopo:routepoint_id>779664022</swisstopo:routepoint_id>
				</extensions>
			</trkpt>
			<trkpt lat="47.1609446721" lon="9.2650322891">
				<ele>1777.2</ele>
				<extensions>
					<swisstopo:routepoint_id>1926993547</swisstopo:routepoint_id>
				</extensions>
			</trkpt>
			<trkpt lat="47.1609053567" lon="9.2650944630">
				<ele>1778.3</ele>
				<extensions>
					<swisstopo:routepoint_id>1250119564</swisstopo:routepoint_id>
				</extensions>
			</trkpt>
			<trkpt lat="47.1608605077" lon="9.2651906678">
				<ele>1779.7</ele>
				<extensions>
					<swisstopo:routepoint_id>1250334837</swisstopo:routepoint_id>
				</extensions>
			</trkpt>
			<trkpt lat="47.1608192569" lon="9.2652698973">
				<ele>1780.9</ele>
				<extensions>
					<swisstopo:routepoint_id>388760373</swisstopo:routepoint_id>
				</extensions>
			</trkpt>
			<trkpt lat="47.1607749123" lon="9.2653343403">
				<ele>1782.3</ele>
				<extensions>
					<swisstopo:routepoint_id>1087500570</swisstopo:routepoint_id>
				</extensions>
			</trkpt>
			<trkpt lat="47.1607320368" lon="9.2654110619">
				<ele>1783.6</ele>
				<extensions>
					<swisstopo:routepoint_id>1599912551</swisstopo:routepoint_id>
				</extensions>
			</trkpt>
			<trkpt lat="47.1606867660" lon="9.2656432406">
				<ele>1786.4</ele>
				<extensions>
					<swisstopo:routepoint_id>1938414163</swisstopo:routepoint_id>
				</extensions>
			</trkpt>
			<trkpt lat="47.1606737009" lon="9.2657124452">
				<ele>1786.7</ele>
				<extensions>
					<swisstopo:routepoint_id>396339930</swisstopo:routepoint_id>
				</extensions>
			</trkpt>
			<trkpt lat="47.1606752705" lon="9.2657938241">
				<ele>1786.7</ele>
				<extensions>
					<swisstopo:routepoint_id>657416535</swisstopo:routepoint_id>
				</extensions>
			</trkpt>
			<trkpt lat="47.1606744188" lon="9.2658729818">
				<ele>1786.9</ele>
				<extensions>
					<swisstopo:routepoint_id>1121759764</swisstopo:routepoint_id>
				</extensions>
			</trkpt>
			<trkpt lat="47.1606624576" lon="9.2659168830">
				<ele>1786.7</ele>
				<extensions>
					<swisstopo:routepoint_id>1832845076</swisstopo:routepoint_id>
				</extensions>
			</trkpt>
			<trkpt lat="47.1606323308" lon="9.2659471176">
				<ele>1786.8</ele>
				<extensions>
					<swisstopo:routepoint_id>905381953</swisstopo:routepoint_id>
				</extensions>
			</trkpt>
			<trkpt lat="47.1605863597" lon="9.2659745421">
				<ele>1786.5</ele>
				<extensions>
					<swisstopo:routepoint_id>1479411617</swisstopo:routepoint_id>
				</extensions>
			</trkpt>
			<trkpt lat="47.1605502593" lon="9.2659973973">
				<ele>1786.5</ele>
				<extensions>
					<swisstopo:routepoint_id>460071431</swisstopo:routepoint_id>
				</extensions>
			</trkpt>
			<trkpt lat="47.1604997721" lon="9.2660219365">
				<ele>1786.9</ele>
				<extensions>
					<swisstopo:routepoint_id>1759208361</swisstopo:routepoint_id>
				</extensions>
			</trkpt>
			<trkpt lat="47.1604801182" lon="9.2660289559">
				<ele>1787.1</ele>
				<extensions>
					<swisstopo:routepoint_id>760227252</swisstopo:routepoint_id>
				</extensions>
			</trkpt>
			<trkpt lat="47.1604196994" lon="9.2660562040">
				<ele>1788.0</ele>
				<extensions>
					<swisstopo:routepoint_id>1853139499</swisstopo:routepoint_id>
				</extensions>
			</trkpt>
			<trkpt lat="47.1603742696" lon="9.2660869173">
				<ele>1788.9</ele>
				<extensions>
					<swisstopo:routepoint_id>1254842777</swisstopo:routepoint_id>
				</extensions>
			</trkpt>
			<trkpt lat="47.1603028192" lon="9.2661324017">
				<ele>1790.1</ele>
				<extensions>
					<swisstopo:routepoint_id>2009052194</swisstopo:routepoint_id>
				</extensions>
			</trkpt>
			<trkpt lat="47.1602603884" lon="9.2661527311">
				<ele>1790.5</ele>
				<extensions>
					<swisstopo:routepoint_id>1800315711</swisstopo:routepoint_id>
				</extensions>
			</trkpt>
			<trkpt lat="47.1602195415" lon="9.2661639733">
				<ele>1790.3</ele>
				<extensions>
					<swisstopo:routepoint_id>872414540</swisstopo:routepoint_id>
				</extensions>
			</trkpt>
			<trkpt lat="47.1601703370" lon="9.2661779639">
				<ele>1790.1</ele>
				<extensions>
					<swisstopo:routepoint_id>1953831431</swisstopo:routepoint_id>
				</extensions>
			</trkpt>
			<trkpt lat="47.1601097955" lon="9.2661953928">
				<ele>1789.7</ele>
				<extensions>
					<swisstopo:routepoint_id>1949168167</swisstopo:routepoint_id>
				</extensions>
			</trkpt>
			<trkpt lat="47.1600551305" lon="9.2662144590">
				<ele>1790.1</ele>
				<extensions>
					<swisstopo:routepoint_id>354047651</swisstopo:routepoint_id>
				</extensions>
			</trkpt>
			<trkpt lat="47.1600008678" lon="9.2662387900">
				<ele>1790.6</ele>
				<extensions>
					<swisstopo:routepoint_id>1038561381</swisstopo:routepoint_id>
				</extensions>
			</trkpt>
			<trkpt lat="47.1599466226" lon="9.2662631215">
				<ele>1791.6</ele>
				<extensions>
					<swisstopo:routepoint_id>1867083335</swisstopo:routepoint_id>
				</extensions>
			</trkpt>
			<trkpt lat="47.1599154499" lon="9.2662844425">
				<ele>1792.3</ele>
				<extensions>
					<swisstopo:routepoint_id>1338407259</swisstopo:routepoint_id>
				</extensions>
			</trkpt>
			<trkpt lat="47.1598882578" lon="9.2663010056">
				<ele>1793.0</ele>
				<extensions>
					<swisstopo:routepoint_id>138713522</swisstopo:routepoint_id>
				</extensions>
			</trkpt>
			<trkpt lat="47.1598435994" lon="9.2663397929">
				<ele>1794.0</ele>
				<extensions>
					<swisstopo:routepoint_id>1254485224</swisstopo:routepoint_id>
				</extensions>
			</trkpt>
			<trkpt lat="47.1598188033" lon="9.2663607098">
				<ele>1794.6</ele>
				<extensions>
					<swisstopo:routepoint_id>1501920466</swisstopo:routepoint_id>
				</extensions>
			</trkpt>
			<trkpt lat="47.1597867385" lon="9.2663758926">
				<ele>1795.2</ele>
				<extensions>
					<swisstopo:routepoint_id>290262229</swisstopo:routepoint_id>
				</extensions>
			</trkpt>
			<trkpt lat="47.1597550747" lon="9.2663868024">
				<ele>1795.7</ele>
				<extensions>
					<swisstopo:routepoint_id>1542239417</swisstopo:routepoint_id>
				</extensions>
			</trkpt>
			<trkpt lat="47.1597336690" lon="9.2663925092">
				<ele>1796.1</ele>
				<extensions>
					<swisstopo:routepoint_id>222161529</swisstopo:routepoint_id>
				</extensions>
			</trkpt>
			<trkpt lat="47.1596211882" lon="9.2664018304">
				<ele>1797.6</ele>
				<extensions>
					<swisstopo:routepoint_id>582020002</swisstopo:routepoint_id>
				</extensions>
			</trkpt>
			<trkpt lat="47.1595830868" lon="9.2663925357">
				<ele>1798.4</ele>
				<extensions>
					<swisstopo:routepoint_id>1184619677</swisstopo:routepoint_id>
				</extensions>
			</trkpt>
			<trkpt lat="47.1595153552" lon="9.2662490770">
				<ele>1800.8</ele>
				<extensions>
					<swisstopo:routepoint_id>1795666824</swisstopo:routepoint_id>
				</extensions>
			</trkpt>
			<trkpt lat="47.1594520326" lon="9.2660733596">
				<ele>1804.4</ele>
				<extensions>
					<swisstopo:routepoint_id>1711117343</swisstopo:routepoint_id>
				</extensions>
			</trkpt>
			<trkpt lat="47.1594257177" lon="9.2660108323">
				<ele>1806.0</ele>
				<extensions>
					<swisstopo:routepoint_id>320556917</swisstopo:routepoint_id>
				</extensions>
			</trkpt>
			<trkpt lat="47.1593761152" lon="9.2659954723">
				<ele>1807.7</ele>
				<extensions>
					<swisstopo:routepoint_id>925480134</swisstopo:routepoint_id>
				</extensions>
			</trkpt>
			<trkpt lat="47.1592734392" lon="9.2660469326">
				<ele>1810.5</ele>
				<extensions>
					<swisstopo:routepoint_id>185453933</swisstopo:routepoint_id>
				</extensions>
			</trkpt>
			<trkpt lat="47.1591797560" lon="9.2661053758">
				<ele>1813.0</ele>
				<extensions>
					<swisstopo:routepoint_id>2096513187</swisstopo:routepoint_id>
				</extensions>
			</trkpt>
			<trkpt lat="47.1590581830" lon="9.2661190183">
				<ele>1816.7</ele>
				<extensions>
					<swisstopo:routepoint_id>1275684284</swisstopo:routepoint_id>
				</extensions>
			</trkpt>
			<trkpt lat="47.1589272769" lon="9.2661463104">
				<ele>1820.4</ele>
				<extensions>
					<swisstopo:routepoint_id>74312113</swisstopo:routepoint_id>
				</extensions>
			</trkpt>
			<trkpt lat="47.1587720929" lon="9.2661200373">
				<ele>1821.6</ele>
				<extensions>
					<swisstopo:routepoint_id>1972949920</swisstopo:routepoint_id>
				</extensions>
			</trkpt>
			<trkpt lat="47.1586965571" lon="9.2661003088">
				<ele>1821.5</ele>
				<extensions>
					<swisstopo:routepoint_id>1135509766</swisstopo:routepoint_id>
				</extensions>
			</trkpt>
			<trkpt lat="47.1587091777" lon="9.2660149460">
				<ele>1829.5</ele>
				<extensions>
					<swisstopo:routepoint_id>1230012084</swisstopo:routepoint_id>
				</extensions>
			</trkpt>
			<trkpt lat="47.1587238448" lon="9.2659099732">
				<ele>1832.8</ele>
				<extensions>
					<swisstopo:routepoint_id>1468697986</swisstopo:routepoint_id>
				</extensions>
			</trkpt>
			<trkpt lat="47.1586247340" lon="9.2658462137">
				<ele>1836.0</ele>
				<extensions>
					<swisstopo:routepoint_id>1638650502</swisstopo:routepoint_id>
				</extensions>
			</trkpt>
			<trkpt lat="47.1585631438" lon="9.2657125727">
				<ele>1841.0</ele>
				<extensions>
					<swisstopo:routepoint_id>620947325</swisstopo:routepoint_id>
				</extensions>
			</trkpt>
			<trkpt lat="47.1585228094" lon="9.2655497914">
				<ele>1846.0</ele>
				<extensions>
					<swisstopo:routepoint_id>888443788</swisstopo:routepoint_id>
				</extensions>
			</trkpt>
			<trkpt lat="47.1584726031" lon="9.2654239659">
				<ele>1849.2</ele>
				<extensions>
					<swisstopo:routepoint_id>2022191030</swisstopo:routepoint_id>
				</extensions>
			</trkpt>
			<trkpt lat="47.1584265405" lon="9.2654265347">
				<ele>1849.8</ele>
				<extensions>
					<swisstopo:routepoint_id>1774761859</swisstopo:routepoint_id>
				</extensions>
			</trkpt>
			<trkpt lat="47.1583632925" lon="9.2654234255">
				<ele>1849.6</ele>
				<extensions>
					<swisstopo:routepoint_id>2008572036</swisstopo:routepoint_id>
				</extensions>
			</trkpt>
			<trkpt lat="47.1583004783" lon="9.2654083542">
				<ele>1849.5</ele>
				<extensions>
					<swisstopo:routepoint_id>2020341079</swisstopo:routepoint_id>
				</extensions>
			</trkpt>
			<trkpt lat="47.1582608704" lon="9.2654146667">
				<ele>1850.0</ele>
				<extensions>
					<swisstopo:routepoint_id>1460567527</swisstopo:routepoint_id>
				</extensions>
			</trkpt>
			<trkpt lat="47.1582341503" lon="9.2654236072">
				<ele>1850.5</ele>
				<extensions>
					<swisstopo:routepoint_id>698750589</swisstopo:routepoint_id>
				</extensions>
			</trkpt>
			<trkpt lat="47.1582192425" lon="9.2654348381">
				<ele>1850.7</ele>
				<extensions>
					<swisstopo:routepoint_id>433192617</swisstopo:routepoint_id>
				</extensions>
			</trkpt>
			<trkpt lat="47.1581742343" lon="9.2654361646">
				<ele>1851.0</ele>
				<extensions>
					<swisstopo:routepoint_id>1826798768</swisstopo:routepoint_id>
				</extensions>
			</trkpt>
			<trkpt lat="47.1581642073" lon="9.2654562668">
				<ele>1851.3</ele>
				<extensions>
					<swisstopo:routepoint_id>838556226</swisstopo:routepoint_id>
				</extensions>
			</trkpt>
			<trkpt lat="47.1581307114" lon="9.2654896442">
				<ele>1852.0</ele>
				<extensions>
					<swisstopo:routepoint_id>1966351187</swisstopo:routepoint_id>
				</extensions>
			</trkpt>
			<trkpt lat="47.1580959102" lon="9.2654935074">
				<ele>1852.8</ele>
				<extensions>
					<swisstopo:routepoint_id>1142792444</swisstopo:routepoint_id>
				</extensions>
			</trkpt>
			<trkpt lat="47.1580738279" lon="9.2654789427">
				<ele>1853.5</ele>
				<extensions>
					<swisstopo:routepoint_id>2114969484</swisstopo:routepoint_id>
				</extensions>
			</trkpt>
			<trkpt lat="47.1580202577" lon="9.2654806498">
				<ele>1853.6</ele>
				<extensions>
					<swisstopo:routepoint_id>1945727879</swisstopo:routepoint_id>
				</extensions>
			</trkpt>
			<trkpt lat="47.1579973218" lon="9.2654948898">
				<ele>1853.5</ele>
				<extensions>
					<swisstopo:routepoint_id>57741468</swisstopo:routepoint_id>
				</extensions>
			</trkpt>
			<trkpt lat="47.1579755213" lon="9.2655175867">
				<ele>1853.9</ele>
				<extensions>
					<swisstopo:routepoint_id>1681370563</swisstopo:routepoint_id>
				</extensions>
			</trkpt>
			<trkpt lat="47.1579456770" lon="9.2655368012">
				<ele>1855.0</ele>
				<extensions>
					<swisstopo:routepoint_id>1085277562</swisstopo:routepoint_id>
				</extensions>
			</trkpt>
			<trkpt lat="47.1579072833" lon="9.2655612921">
				<ele>1856.7</ele>
				<extensions>
					<swisstopo:routepoint_id>1030682952</swisstopo:routepoint_id>
				</extensions>
			</trkpt>
			<trkpt lat="47.1578699740" lon="9.2655877570">
				<ele>1858.3</ele>
				<extensions>
					<swisstopo:routepoint_id>578107140</swisstopo:routepoint_id>
				</extensions>
			</trkpt>
			<trkpt lat="47.1578586512" lon="9.2655783615">
				<ele>1858.9</ele>
				<extensions>
					<swisstopo:routepoint_id>1789497625</swisstopo:routepoint_id>
				</extensions>
			</trkpt>
			<trkpt lat="47.1578222847" lon="9.2655873556">
				<ele>1860.2</ele>
				<extensions>
					<swisstopo:routepoint_id>1355268701</swisstopo:routepoint_id>
				</extensions>
			</trkpt>
			<trkpt lat="47.1578036940" lon="9.2656078788">
				<ele>1860.7</ele>
				<extensions>
					<swisstopo:routepoint_id>1788521680</swisstopo:routepoint_id>
				</extensions>
			</trkpt>
			<trkpt lat="47.1577213377" lon="9.2656307751">
				<ele>1862.5</ele>
				<extensions>
					<swisstopo:routepoint_id>33966305</swisstopo:routepoint_id>
				</extensions>
			</trkpt>
			<trkpt lat="47.1577086487" lon="9.2656524368">
				<ele>1862.7</ele>
				<extensions>
					<swisstopo:routepoint_id>361983408</swisstopo:routepoint_id>
				</extensions>
			</trkpt>
			<trkpt lat="47.1576915946" lon="9.2656645829">
				<ele>1863.2</ele>
				<extensions>
					<swisstopo:routepoint_id>1346622963</swisstopo:routepoint_id>
				</extensions>
			</trkpt>
			<trkpt lat="47.1576669621" lon="9.2656661297">
				<ele>1863.8</ele>
				<extensions>
					<swisstopo:routepoint_id>1413251369</swisstopo:routepoint_id>
				</extensions>
			</trkpt>
			<trkpt lat="47.1576422497" lon="9.2656579790">
				<ele>1864.6</ele>
				<extensions>
					<swisstopo:routepoint_id>817832367</swisstopo:routepoint_id>
				</extensions>
			</trkpt>
			<trkpt lat="47.1575949535" lon="9.2656407728">
				<ele>1865.9</ele>
				<extensions>
					<swisstopo:routepoint_id>345930628</swisstopo:routepoint_id>
				</extensions>
			</trkpt>
			<trkpt lat="47.1575526352" lon="9.2656421505">
				<ele>1866.7</ele>
				<extensions>
					<swisstopo:routepoint_id>758354339</swisstopo:routepoint_id>
				</extensions>
			</trkpt>
			<trkpt lat="47.1575222698" lon="9.2656636160">
				<ele>1867.6</ele>
				<extensions>
					<swisstopo:routepoint_id>236042164</swisstopo:routepoint_id>
				</extensions>
			</trkpt>
			<trkpt lat="47.1574705354" lon="9.2656958130">
				<ele>1868.8</ele>
				<extensions>
					<swisstopo:routepoint_id>24035400</swisstopo:routepoint_id>
				</extensions>
			</trkpt>
			<trkpt lat="47.1574293918" lon="9.2657105097">
				<ele>1870.1</ele>
				<extensions>
					<swisstopo:routepoint_id>313429013</swisstopo:routepoint_id>
				</extensions>
			</trkpt>
			<trkpt lat="47.1573758746" lon="9.2657187042">
				<ele>1871.7</ele>
				<extensions>
					<swisstopo:routepoint_id>1034597996</swisstopo:routepoint_id>
				</extensions>
			</trkpt>
			<trkpt lat="47.1573474114" lon="9.2657117297">
				<ele>1872.5</ele>
				<extensions>
					<swisstopo:routepoint_id>622827982</swisstopo:routepoint_id>
				</extensions>
			</trkpt>
			<trkpt lat="47.1573248982" lon="9.2657107548">
				<ele>1873.1</ele>
				<extensions>
					<swisstopo:routepoint_id>781753304</swisstopo:routepoint_id>
				</extensions>
			</trkpt>
			<trkpt lat="47.1572927910" lon="9.2657146951">
				<ele>1873.9</ele>
				<extensions>
					<swisstopo:routepoint_id>1455766225</swisstopo:routepoint_id>
				</extensions>
			</trkpt>
			<trkpt lat="47.1572801123" lon="9.2657395870">
				<ele>1874.3</ele>
				<extensions>
					<swisstopo:routepoint_id>1243702868</swisstopo:routepoint_id>
				</extensions>
			</trkpt>
			<trkpt lat="47.1572363084" lon="9.2657558287">
				<ele>1875.6</ele>
				<extensions>
					<swisstopo:routepoint_id>2069488240</swisstopo:routepoint_id>
				</extensions>
			</trkpt>
			<trkpt lat="47.1572041190" lon="9.2657516638">
				<ele>1876.5</ele>
				<extensions>
					<swisstopo:routepoint_id>738779821</swisstopo:routepoint_id>
				</extensions>
			</trkpt>
			<trkpt lat="47.1571758576" lon="9.2657253356">
				<ele>1877.6</ele>
				<extensions>
					<swisstopo:routepoint_id>359214334</swisstopo:routepoint_id>
				</extensions>
			</trkpt>
			<trkpt lat="47.1571588215" lon="9.2657191763">
				<ele>1878.2</ele>
				<extensions>
					<swisstopo:routepoint_id>1557704073</swisstopo:routepoint_id>
				</extensions>
			</trkpt>
			<trkpt lat="47.1571358472" lon="9.2657267647">
				<ele>1879.2</ele>
				<extensions>
					<swisstopo:routepoint_id>1488139005</swisstopo:routepoint_id>
				</extensions>
			</trkpt>
			<trkpt lat="47.1571240901" lon="9.2657472952">
				<ele>1879.7</ele>
				<extensions>
					<swisstopo:routepoint_id>42637008</swisstopo:routepoint_id>
				</extensions>
			</trkpt>
			<trkpt lat="47.1571030435" lon="9.2657535584">
				<ele>1880.5</ele>
				<extensions>
					<swisstopo:routepoint_id>1971159211</swisstopo:routepoint_id>
				</extensions>
			</trkpt>
			<trkpt lat="47.1570758275" lon="9.2657289016">
				<ele>1881.7</ele>
				<extensions>
					<swisstopo:routepoint_id>1189685483</swisstopo:routepoint_id>
				</extensions>
			</trkpt>
			<trkpt lat="47.1570607106" lon="9.2657214038">
				<ele>1882.4</ele>
				<extensions>
					<swisstopo:routepoint_id>290754744</swisstopo:routepoint_id>
				</extensions>
			</trkpt>
			<trkpt lat="47.1570482262" lon="9.2657279591">
				<ele>1882.9</ele>
				<extensions>
					<swisstopo:routepoint_id>1369362349</swisstopo:routepoint_id>
				</extensions>
			</trkpt>
			<trkpt lat="47.1570384411" lon="9.2657443709">
				<ele>1883.3</ele>
				<extensions>
					<swisstopo:routepoint_id>1589707468</swisstopo:routepoint_id>
				</extensions>
			</trkpt>
			<trkpt lat="47.1570185866" lon="9.2657353199">
				<ele>1884.1</ele>
				<extensions>
					<swisstopo:routepoint_id>28843549</swisstopo:routepoint_id>
				</extensions>
			</trkpt>
			<trkpt lat="47.1569896161" lon="9.2657608532">
				<ele>1885.3</ele>
				<extensions>
					<swisstopo:routepoint_id>226287998</swisstopo:routepoint_id>
				</extensions>
			</trkpt>
			<trkpt lat="47.1569561960" lon="9.2657666940">
				<ele>1886.6</ele>
				<extensions>
					<swisstopo:routepoint_id>1125311761</swisstopo:routepoint_id>
				</extensions>
			</trkpt>
			<trkpt lat="47.1569473814" lon="9.2657817473">
				<ele>1887.0</ele>
				<extensions>
					<swisstopo:routepoint_id>681609037</swisstopo:routepoint_id>
				</extensions>
			</trkpt>
			<trkpt lat="47.1569245176" lon="9.2657823706">
				<ele>1888.2</ele>
				<extensions>
					<swisstopo:routepoint_id>293791070</swisstopo:routepoint_id>
				</extensions>
			</trkpt>
			<trkpt lat="47.1569014327" lon="9.2657969370">
				<ele>1889.6</ele>
				<extensions>
					<swisstopo:routepoint_id>876669191</swisstopo:routepoint_id>
				</extensions>
			</trkpt>
			<trkpt lat="47.1568922812" lon="9.2658343151">
				<ele>1890.4</ele>
				<extensions>
					<swisstopo:routepoint_id>1184381662</swisstopo:routepoint_id>
				</extensions>
			</trkpt>
			<trkpt lat="47.1568861434" lon="9.2658606278">
				<ele>1891.0</ele>
				<extensions>
					<swisstopo:routepoint_id>1805633117</swisstopo:routepoint_id>
				</extensions>
			</trkpt>
			<trkpt lat="47.1568596455" lon="9.2658499590">
				<ele>1892.9</ele>
				<extensions>
					<swisstopo:routepoint_id>1455188279</swisstopo:routepoint_id>
				</extensions>
			</trkpt>
			<trkpt lat="47.1568636836" lon="9.2658961475">
				<ele>1893.4</ele>
				<extensions>
					<swisstopo:routepoint_id>1247024936</swisstopo:routepoint_id>
				</extensions>
			</trkpt>
			<trkpt lat="47.1568523247" lon="9.2658915859">
				<ele>1894.0</ele>
				<extensions>
					<swisstopo:routepoint_id>1741111394</swisstopo:routepoint_id>
				</extensions>
			</trkpt>
			<trkpt lat="47.1568463066" lon="9.2659109085">
				<ele>1894.5</ele>
				<extensions>
					<swisstopo:routepoint_id>220895630</swisstopo:routepoint_id>
				</extensions>
			</trkpt>
			<trkpt lat="47.1568365433" lon="9.2659259423">
				<ele>1894.9</ele>
				<extensions>
					<swisstopo:routepoint_id>1310710308</swisstopo:routepoint_id>
				</extensions>
			</trkpt>
			<trkpt lat="47.1568263412" lon="9.2659088484">
				<ele>1895.4</ele>
				<extensions>
					<swisstopo:routepoint_id>1573604559</swisstopo:routepoint_id>
				</extensions>
			</trkpt>
			<trkpt lat="47.1568210317" lon="9.2658835357">
				<ele>1895.8</ele>
				<extensions>
					<swisstopo:routepoint_id>312882345</swisstopo:routepoint_id>
				</extensions>
			</trkpt>
			<trkpt lat="47.1568033398" lon="9.2658578004">
				<ele>1896.6</ele>
				<extensions>
					<swisstopo:routepoint_id>501911623</swisstopo:routepoint_id>
				</extensions>
			</trkpt>
			<trkpt lat="47.1567912101" lon="9.2658420187">
				<ele>1897.3</ele>
				<extensions>
					<swisstopo:routepoint_id>652567436</swisstopo:routepoint_id>
				</extensions>
			</trkpt>
			<trkpt lat="47.1567869202" lon="9.2658725940">
				<ele>1897.8</ele>
				<extensions>
					<swisstopo:routepoint_id>1739287200</swisstopo:routepoint_id>
				</extensions>
			</trkpt>
			<trkpt lat="47.1567683068" lon="9.2659054625">
				<ele>1898.8</ele>
				<extensions>
					<swisstopo:routepoint_id>1476777997</swisstopo:routepoint_id>
				</extensions>
			</trkpt>
			<trkpt lat="47.1567600373" lon="9.2659470698">
				<ele>1899.9</ele>
				<extensions>
					<swisstopo:routepoint_id>1078493411</swisstopo:routepoint_id>
				</extensions>
			</trkpt>
			<trkpt lat="47.1567308145" lon="9.2659879490">
				<ele>1901.3</ele>
				<extensions>
					<swisstopo:routepoint_id>1841403304</swisstopo:routepoint_id>
				</extensions>
			</trkpt>
			<trkpt lat="47.1567156928" lon="9.2659204244">
				<ele>1902.8</ele>
				<extensions>
					<swisstopo:routepoint_id>1570825125</swisstopo:routepoint_id>
				</extensions>
			</trkpt>
			<trkpt lat="47.1566800870" lon="9.2658242739">
				<ele>1905.2</ele>
				<extensions>
					<swisstopo:routepoint_id>551690232</swisstopo:routepoint_id>
				</extensions>
			</trkpt>
			<trkpt lat="47.1566483683" lon="9.2657827052">
				<ele>1907.0</ele>
				<extensions>
					<swisstopo:routepoint_id>1210811372</swisstopo:routepoint_id>
				</extensions>
			</trkpt>
			<trkpt lat="47.1566044532" lon="9.2657295522">
				<ele>1909.9</ele>
				<extensions>
					<swisstopo:routepoint_id>1782507746</swisstopo:routepoint_id>
				</extensions>
			</trkpt>
			<trkpt lat="47.1565991879" lon="9.2657014588">
				<ele>1910.5</ele>
				<extensions>
					<swisstopo:routepoint_id>351865591</swisstopo:routepoint_id>
				</extensions>
			</trkpt>
			<trkpt lat="47.1565776801" lon="9.2656769844">
				<ele>1911.5</ele>
				<extensions>
					<swisstopo:routepoint_id>1418558655</swisstopo:routepoint_id>
				</extensions>
			</trkpt>
			<trkpt lat="47.1565497638" lon="9.2656355584">
				<ele>1913.4</ele>
				<extensions>
					<swisstopo:routepoint_id>2115880304</swisstopo:routepoint_id>
				</extensions>
			</trkpt>
			<trkpt lat="47.1565507038" lon="9.2656970209">
				<ele>1913.9</ele>
				<extensions>
					<swisstopo:routepoint_id>84328411</swisstopo:routepoint_id>
				</extensions>
			</trkpt>
			<trkpt lat="47.1565233559" lon="9.2657393549">
				<ele>1915.9</ele>
				<extensions>
					<swisstopo:routepoint_id>238940843</swisstopo:routepoint_id>
				</extensions>
			</trkpt>
			<trkpt lat="47.1565141773" lon="9.2657180969">
				<ele>1916.7</ele>
				<extensions>
					<swisstopo:routepoint_id>169824758</swisstopo:routepoint_id>
				</extensions>
			</trkpt>
			<trkpt lat="47.1564896566" lon="9.2657633355">
				<ele>1918.0</ele>
				<extensions>
					<swisstopo:routepoint_id>149632485</swisstopo:routepoint_id>
				</extensions>
			</trkpt>
			<trkpt lat="47.1564717040" lon="9.2658143632">
				<ele>1919.6</ele>
				<extensions>
					<swisstopo:routepoint_id>648202188</swisstopo:routepoint_id>
				</extensions>
			</trkpt>
			<trkpt lat="47.1564561922" lon="9.2657719569">
				<ele>1920.3</ele>
				<extensions>
					<swisstopo:routepoint_id>1630040881</swisstopo:routepoint_id>
				</extensions>
			</trkpt>
			<trkpt lat="47.1564128137" lon="9.2657453445">
				<ele>1922.4</ele>
				<extensions>
					<swisstopo:routepoint_id>1788026936</swisstopo:routepoint_id>
				</extensions>
			</trkpt>
			<trkpt lat="47.1564054223" lon="9.2658511941">
				<ele>1924.1</ele>
				<extensions>
					<swisstopo:routepoint_id>2115902287</swisstopo:routepoint_id>
				</extensions>
			</trkpt>
			<trkpt lat="47.1563734732" lon="9.2658235808">
				<ele>1925.8</ele>
				<extensions>
					<swisstopo:routepoint_id>1955949788</swisstopo:routepoint_id>
				</extensions>
			</trkpt>
			<trkpt lat="47.1563655362" lon="9.2658442417">
				<ele>1926.3</ele>
				<extensions>
					<swisstopo:routepoint_id>795887672</swisstopo:routepoint_id>
				</extensions>
			</trkpt>
			<trkpt lat="47.1563354573" lon="9.2658194875">
				<ele>1928.1</ele>
				<extensions>
					<swisstopo:routepoint_id>1230886289</swisstopo:routepoint_id>
				</extensions>
			</trkpt>
			<trkpt lat="47.1563198753" lon="9.2658412914">
				<ele>1929.2</ele>
				<extensions>
					<swisstopo:routepoint_id>1416438812</swisstopo:routepoint_id>
				</extensions>
			</trkpt>
			<trkpt lat="47.1562969897" lon="9.2658432922">
				<ele>1930.4</ele>
				<extensions>
					<swisstopo:routepoint_id>962727330</swisstopo:routepoint_id>
				</extensions>
			</trkpt>
			<trkpt lat="47.1562832158" lon="9.2658707482">
				<ele>1931.2</ele>
				<extensions>
					<swisstopo:routepoint_id>1181831319</swisstopo:routepoint_id>
				</extensions>
			</trkpt>
			<trkpt lat="47.1562664454" lon="9.2658478524">
				<ele>1932.0</ele>
				<extensions>
					<swisstopo:routepoint_id>556778014</swisstopo:routepoint_id>
				</extensions>
			</trkpt>
			<trkpt lat="47.1562543559" lon="9.2658893163">
				<ele>1933.0</ele>
				<extensions>
					<swisstopo:routepoint_id>313716257</swisstopo:routepoint_id>
				</extensions>
			</trkpt>
			<trkpt lat="47.1562091654" lon="9.2659170775">
				<ele>1935.5</ele>
				<extensions>
					<swisstopo:routepoint_id>258376013</swisstopo:routepoint_id>
				</extensions>
			</trkpt>
			<trkpt lat="47.1562028148" lon="9.2659573460">
				<ele>1936.5</ele>
				<extensions>
					<swisstopo:routepoint_id>670824509</swisstopo:routepoint_id>
				</extensions>
			</trkpt>
			<trkpt lat="47.1562094096" lon="9.2660217962">
				<ele>1937.4</ele>
				<extensions>
					<swisstopo:routepoint_id>1403628172</swisstopo:routepoint_id>
				</extensions>
			</trkpt>
			<trkpt lat="47.1561880925" lon="9.2659847693">
				<ele>1938.4</ele>
				<extensions>
					<swisstopo:routepoint_id>349543131</swisstopo:routepoint_id>
				</extensions>
			</trkpt>
			<trkpt lat="47.1561705647" lon="9.2659492631">
				<ele>1938.9</ele>
				<extensions>
					<swisstopo:routepoint_id>1162756633</swisstopo:routepoint_id>
				</extensions>
			</trkpt>
			<trkpt lat="47.1561476566" lon="9.2659526801">
				<ele>1940.5</ele>
				<extensions>
					<swisstopo:routepoint_id>1148111104</swisstopo:routepoint_id>
				</extensions>
			</trkpt>
			<trkpt lat="47.1561309308" lon="9.2659269778">
				<ele>1941.0</ele>
				<extensions>
					<swisstopo:routepoint_id>545659742</swisstopo:routepoint_id>
				</extensions>
			</trkpt>
			<trkpt lat="47.1561174671" lon="9.2659348907">
				<ele>1942.0</ele>
				<extensions>
					<swisstopo:routepoint_id>520835902</swisstopo:routepoint_id>
				</extensions>
			</trkpt>
			<trkpt lat="47.1561026826" lon="9.2659064599">
				<ele>1942.6</ele>
				<extensions>
					<swisstopo:routepoint_id>294420370</swisstopo:routepoint_id>
				</extensions>
			</trkpt>
			<trkpt lat="47.1560534253" lon="9.2658998058">
				<ele>1945.9</ele>
				<extensions>
					<swisstopo:routepoint_id>2123479809</swisstopo:routepoint_id>
				</extensions>
			</trkpt>
			<trkpt lat="47.1560134531" lon="9.2659619312">
				<ele>1950.1</ele>
				<extensions>
					<swisstopo:routepoint_id>1646355851</swisstopo:routepoint_id>
				</extensions>
			</trkpt>
			<trkpt lat="47.1560191661" lon="9.2660287858">
				<ele>1951.9</ele>
				<extensions>
					<swisstopo:routepoint_id>1784450258</swisstopo:routepoint_id>
				</extensions>
			</trkpt>
			<trkpt lat="47.1560459817" lon="9.2660891864">
				<ele>1953.7</ele>
				<extensions>
					<swisstopo:routepoint_id>234058845</swisstopo:routepoint_id>
				</extensions>
			</trkpt>
			<trkpt lat="47.1560792774" lon="9.2661459825">
				<ele>1955.8</ele>
				<extensions>
					<swisstopo:routepoint_id>106576749</swisstopo:routepoint_id>
				</extensions>
			</trkpt>
			<trkpt lat="47.1560671424" lon="9.2662301453">
				<ele>1961.3</ele>
				<extensions>
					<swisstopo:routepoint_id>1918648243</swisstopo:routepoint_id>
				</extensions>
			</trkpt>
			<trkpt lat="47.1560599145" lon="9.2663096193">
				<ele>1963.6</ele>
				<extensions>
					<swisstopo:routepoint_id>214645308</swisstopo:routepoint_id>
				</extensions>
			</trkpt>
			<trkpt lat="47.1560293565" lon="9.2663244577">
				<ele>1967.0</ele>
				<extensions>
					<swisstopo:routepoint_id>564003538</swisstopo:routepoint_id>
				</extensions>
			</trkpt>
			<trkpt lat="47.1559868181" lon="9.2662753708">
				<ele>1970.2</ele>
				<extensions>
					<swisstopo:routepoint_id>154766865</swisstopo:routepoint_id>
				</extensions>
			</trkpt>
			<trkpt lat="47.1559512166" lon="9.2663344768">
				<ele>1974.6</ele>
				<extensions>
					<swisstopo:routepoint_id>1943439105</swisstopo:routepoint_id>
				</extensions>
			</trkpt>
			<trkpt lat="47.1559180448" lon="9.2663777961">
				<ele>1977.7</ele>
				<extensions>
					<swisstopo:routepoint_id>222952039</swisstopo:routepoint_id>
				</extensions>
			</trkpt>
			<trkpt lat="47.1558950436" lon="9.2663262078">
				<ele>1979.2</ele>
				<extensions>
					<swisstopo:routepoint_id>251087542</swisstopo:routepoint_id>
				</extensions>
			</trkpt>
			<trkpt lat="47.1558663435" lon="9.2663601608">
				<ele>1982.2</ele>
				<extensions>
					<swisstopo:routepoint_id>1255897415</swisstopo:routepoint_id>
				</extensions>
			</trkpt>
			<trkpt lat="47.1558113208" lon="9.2662788958">
				<ele>1986.0</ele>
				<extensions>
					<swisstopo:routepoint_id>1860068742</swisstopo:routepoint_id>
				</extensions>
			</trkpt>
			<trkpt lat="47.1557647638" lon="9.2662106336">
				<ele>1989.7</ele>
				<extensions>
					<swisstopo:routepoint_id>240707549</swisstopo:routepoint_id>
				</extensions>
			</trkpt>
			<trkpt lat="47.1557210578" lon="9.2662345294">
				<ele>1994.2</ele>
				<extensions>
					<swisstopo:routepoint_id>152319939</swisstopo:routepoint_id>
				</extensions>
			</trkpt>
			<trkpt lat="47.1556878861" lon="9.2662778486">
				<ele>1997.6</ele>
				<extensions>
					<swisstopo:routepoint_id>510462872</swisstopo:routepoint_id>
				</extensions>
			</trkpt>
			<trkpt lat="47.1556478101" lon="9.2662098080">
				<ele>2000.4</ele>
				<extensions>
					<swisstopo:routepoint_id>1877912633</swisstopo:routepoint_id>
				</extensions>
			</trkpt>
			<trkpt lat="47.1556029604" lon="9.2661701616">
				<ele>2003.6</ele>
				<extensions>
					<swisstopo:routepoint_id>1872755295</swisstopo:routepoint_id>
				</extensions>
			</trkpt>
			<trkpt lat="47.1555955636" lon="9.2662270744">
				<ele>2005.1</ele>
				<extensions>
					<swisstopo:routepoint_id>610356081</swisstopo:routepoint_id>
				</extensions>
			</trkpt>
			<trkpt lat="47.1555647031" lon="9.2662609536">
				<ele>2008.0</ele>
				<extensions>
					<swisstopo:routepoint_id>1556441284</swisstopo:routepoint_id>
				</extensions>
			</trkpt>
			<trkpt lat="47.1555529682" lon="9.2663177056">
				<ele>2009.4</ele>
				<extensions>
					<swisstopo:routepoint_id>1373143078</swisstopo:routepoint_id>
				</extensions>
			</trkpt>
			<trkpt lat="47.1555123974" lon="9.2662813868">
				<ele>2012.6</ele>
				<extensions>
					<swisstopo:routepoint_id>400906131</swisstopo:routepoint_id>
				</extensions>
			</trkpt>
			<trkpt lat="47.1554717170" lon="9.2662514145">
				<ele>2015.5</ele>
				<extensions>
					<swisstopo:routepoint_id>399442779</swisstopo:routepoint_id>
				</extensions>
			</trkpt>
			<trkpt lat="47.1554077326" lon="9.2661889209">
				<ele>2019.8</ele>
				<extensions>
					<swisstopo:routepoint_id>2037366942</swisstopo:routepoint_id>
				</extensions>
			</trkpt>
			<trkpt lat="47.1553455146" lon="9.2661518629">
				<ele>2023.7</ele>
				<extensions>
					<swisstopo:routepoint_id>1130402672</swisstopo:routepoint_id>
				</extensions>
			</trkpt>
			<trkpt lat="47.1552633060" lon="9.2661458737">
				<ele>2029.1</ele>
				<extensions>
					<swisstopo:routepoint_id>2064370572</swisstopo:routepoint_id>
				</extensions>
			</trkpt>
			<trkpt lat="47.1551794316" lon="9.2661080892">
				<ele>2035.1</ele>
				<extensions>
					<swisstopo:routepoint_id>1005697666</swisstopo:routepoint_id>
				</extensions>
			</trkpt>
			<trkpt lat="47.1551084038" lon="9.2660802498">
				<ele>2040.3</ele>
				<extensions>
					<swisstopo:routepoint_id>430144324</swisstopo:routepoint_id>
				</extensions>
			</trkpt>
			<trkpt lat="47.1550627531" lon="9.2660473259">
				<ele>2043.9</ele>
				<extensions>
					<swisstopo:routepoint_id>1510559994</swisstopo:routepoint_id>
				</extensions>
			</trkpt>
			<trkpt lat="47.1550458942" lon="9.2660300052">
				<ele>2045.2</ele>
				<extensions>
					<swisstopo:routepoint_id>1397289477</swisstopo:routepoint_id>
				</extensions>
			</trkpt>
			<trkpt lat="47.1550304893" lon="9.2660406467">
				<ele>2046.6</ele>
				<extensions>
					<swisstopo:routepoint_id>543502424</swisstopo:routepoint_id>
				</extensions>
			</trkpt>
			<trkpt lat="47.1550001891" lon="9.2660298355">
				<ele>2049.0</ele>
				<extensions>
					<swisstopo:routepoint_id>1755380130</swisstopo:routepoint_id>
				</extensions>
			</trkpt>
			<trkpt lat="47.1549700351" lon="9.2660092654">
				<ele>2051.6</ele>
				<extensions>
					<swisstopo:routepoint_id>674491228</swisstopo:routepoint_id>
				</extensions>
			</trkpt>
			<trkpt lat="47.1549522281" lon="9.2659918995">
				<ele>2052.8</ele>
				<extensions>
					<swisstopo:routepoint_id>1002931733</swisstopo:routepoint_id>
				</extensions>
			</trkpt>
			<trkpt lat="47.1549304678" lon="9.2659827840">
				<ele>2054.1</ele>
				<extensions>
					<swisstopo:routepoint_id>485853261</swisstopo:routepoint_id>
				</extensions>
			</trkpt>
			<trkpt lat="47.1549033315" lon="9.2659525535">
				<ele>2055.6</ele>
				<extensions>
					<swisstopo:routepoint_id>53949185</swisstopo:routepoint_id>
				</extensions>
			</trkpt>
			<trkpt lat="47.1548722602" lon="9.2659305481">
				<ele>2057.7</ele>
				<extensions>
					<swisstopo:routepoint_id>1463772631</swisstopo:routepoint_id>
				</extensions>
			</trkpt>
			<trkpt lat="47.1548460061" lon="9.2659045214">
				<ele>2059.1</ele>
				<extensions>
					<swisstopo:routepoint_id>408961233</swisstopo:routepoint_id>
				</extensions>
			</trkpt>
			<trkpt lat="47.1548316028" lon="9.2659124020">
				<ele>2060.3</ele>
				<extensions>
					<swisstopo:routepoint_id>125880904</swisstopo:routepoint_id>
				</extensions>
			</trkpt>
			<trkpt lat="47.1548233688" lon="9.2659512139">
				<ele>2061.9</ele>
				<extensions>
					<swisstopo:routepoint_id>1513097354</swisstopo:routepoint_id>
				</extensions>
			</trkpt>
			<trkpt lat="47.1547960775" lon="9.2659307420">
				<ele>2063.7</ele>
				<extensions>
					<swisstopo:routepoint_id>1861489550</swisstopo:routepoint_id>
				</extensions>
			</trkpt>
			<trkpt lat="47.1547908085" lon="9.2659626608">
				<ele>2064.8</ele>
				<extensions>
					<swisstopo:routepoint_id>1563926569</swisstopo:routepoint_id>
				</extensions>
			</trkpt>
			<trkpt lat="47.1547838196" lon="9.2659833662">
				<ele>2065.9</ele>
				<extensions>
					<swisstopo:routepoint_id>168881408</swisstopo:routepoint_id>
				</extensions>
			</trkpt>
			<trkpt lat="47.1547753774" lon="9.2660347298">
				<ele>2067.4</ele>
				<extensions>
					<swisstopo:routepoint_id>1072026934</swisstopo:routepoint_id>
				</extensions>
			</trkpt>
			<trkpt lat="47.1547508606" lon="9.2660199297">
				<ele>2069.1</ele>
				<extensions>
					<swisstopo:routepoint_id>1630704964</swisstopo:routepoint_id>
				</extensions>
			</trkpt>
			<trkpt lat="47.1547522259" lon="9.2660534792">
				<ele>2069.7</ele>
				<extensions>
					<swisstopo:routepoint_id>1489293307</swisstopo:routepoint_id>
				</extensions>
			</trkpt>
			<trkpt lat="47.1547320478" lon="9.2660653618">
				<ele>2071.6</ele>
				<extensions>
					<swisstopo:routepoint_id>1655006693</swisstopo:routepoint_id>
				</extensions>
			</trkpt>
			<trkpt lat="47.1547276252" lon="9.2661042910">
				<ele>2072.6</ele>
				<extensions>
					<swisstopo:routepoint_id>1462845707</swisstopo:routepoint_id>
				</extensions>
			</trkpt>
			<trkpt lat="47.1547087415" lon="9.2660938694">
				<ele>2074.1</ele>
				<extensions>
					<swisstopo:routepoint_id>1877330433</swisstopo:routepoint_id>
				</extensions>
			</trkpt>
			<trkpt lat="47.1546919625" lon="9.2660709614">
				<ele>2075.3</ele>
				<extensions>
					<swisstopo:routepoint_id>802527199</swisstopo:routepoint_id>
				</extensions>
			</trkpt>
			<trkpt lat="47.1546704951" lon="9.2661037310">
				<ele>2077.5</ele>
				<extensions>
					<swisstopo:routepoint_id>138937184</swisstopo:routepoint_id>
				</extensions>
			</trkpt>
			<trkpt lat="47.1546568407" lon="9.2661242086">
				<ele>2078.9</ele>
				<extensions>
					<swisstopo:routepoint_id>382688907</swisstopo:routepoint_id>
				</extensions>
			</trkpt>
			<trkpt lat="47.1546324259" lon="9.2661024309">
				<ele>2080.7</ele>
				<extensions>
					<swisstopo:routepoint_id>835531520</swisstopo:routepoint_id>
				</extensions>
			</trkpt>
			<trkpt lat="47.1546232606" lon="9.2660797955">
				<ele>2081.2</ele>
				<extensions>
					<swisstopo:routepoint_id>135361499</swisstopo:routepoint_id>
				</extensions>
			</trkpt>
			<trkpt lat="47.1546043192" lon="9.2660735585">
				<ele>2082.7</ele>
				<extensions>
					<swisstopo:routepoint_id>459735915</swisstopo:routepoint_id>
				</extensions>
			</trkpt>
			<trkpt lat="47.1545971002" lon="9.2661082058">
				<ele>2084.0</ele>
				<extensions>
					<swisstopo:routepoint_id>1828844718</swisstopo:routepoint_id>
				</extensions>
			</trkpt>
			<trkpt lat="47.1545937588" lon="9.2661387993">
				<ele>2085.0</ele>
				<extensions>
					<swisstopo:routepoint_id>33074292</swisstopo:routepoint_id>
				</extensions>
			</trkpt>
			<trkpt lat="47.1545521085" lon="9.2661234272">
				<ele>2088.4</ele>
				<extensions>
					<swisstopo:routepoint_id>78838013</swisstopo:routepoint_id>
				</extensions>
			</trkpt>
			<trkpt lat="47.1545532168" lon="9.2661737125">
				<ele>2089.6</ele>
				<extensions>
					<swisstopo:routepoint_id>999701963</swisstopo:routepoint_id>
				</extensions>
			</trkpt>
			<trkpt lat="47.1545408875" lon="9.2661704964">
				<ele>2090.4</ele>
				<extensions>
					<swisstopo:routepoint_id>1677848960</swisstopo:routepoint_id>
				</extensions>
			</trkpt>
			<trkpt lat="47.1545278889" lon="9.2661491212">
				<ele>2091.0</ele>
				<extensions>
					<swisstopo:routepoint_id>707068773</swisstopo:routepoint_id>
				</extensions>
			</trkpt>
			<trkpt lat="47.1545110437" lon="9.2661303971">
				<ele>2092.1</ele>
				<extensions>
					<swisstopo:routepoint_id>1085219592</swisstopo:routepoint_id>
				</extensions>
			</trkpt>
			<trkpt lat="47.1544969724" lon="9.2661173580">
				<ele>2092.9</ele>
				<extensions>
					<swisstopo:routepoint_id>226095305</swisstopo:routepoint_id>
				</extensions>
			</trkpt>
			<trkpt lat="47.1544821302" lon="9.2660931119">
				<ele>2093.7</ele>
				<extensions>
					<swisstopo:routepoint_id>280603331</swisstopo:routepoint_id>
				</extensions>
			</trkpt>
			<trkpt lat="47.1544671154" lon="9.2660786366">
				<ele>2094.8</ele>
				<extensions>
					<swisstopo:routepoint_id>1009680275</swisstopo:routepoint_id>
				</extensions>
			</trkpt>
			<trkpt lat="47.1544474025" lon="9.2660612183">
				<ele>2095.9</ele>
				<extensions>
					<swisstopo:routepoint_id>268128183</swisstopo:routepoint_id>
				</extensions>
			</trkpt>
			<trkpt lat="47.1544238697" lon="9.2660436571">
				<ele>2097.5</ele>
				<extensions>
					<swisstopo:routepoint_id>902350071</swisstopo:routepoint_id>
				</extensions>
			</trkpt>
			<trkpt lat="47.1544263027" lon="9.2660702744">
				<ele>2098.1</ele>
				<extensions>
					<swisstopo:routepoint_id>2068829064</swisstopo:routepoint_id>
				</extensions>
			</trkpt>
			<trkpt lat="47.1544240294" lon="9.2660939228">
				<ele>2098.8</ele>
				<extensions>
					<swisstopo:routepoint_id>53660051</swisstopo:routepoint_id>
				</extensions>
			</trkpt>
			<trkpt lat="47.1544170539" lon="9.2661132247">
				<ele>2099.8</ele>
				<extensions>
					<swisstopo:routepoint_id>315219600</swisstopo:routepoint_id>
				</extensions>
			</trkpt>
			<trkpt lat="47.1544072908" lon="9.2661282449">
				<ele>2101.0</ele>
				<extensions>
					<swisstopo:routepoint_id>1042520039</swisstopo:routepoint_id>
				</extensions>
			</trkpt>
			<trkpt lat="47.1543958523" lon="9.2661292582">
				<ele>2102.0</ele>
				<extensions>
					<swisstopo:routepoint_id>1926498094</swisstopo:routepoint_id>
				</extensions>
			</trkpt>
			<trkpt lat="47.1543798668" lon="9.2661161408">
				<ele>2103.2</ele>
				<extensions>
					<swisstopo:routepoint_id>1721474754</swisstopo:routepoint_id>
				</extensions>
			</trkpt>
			<trkpt lat="47.1543639344" lon="9.2661002431">
				<ele>2104.1</ele>
				<extensions>
					<swisstopo:routepoint_id>315063287</swisstopo:routepoint_id>
				</extensions>
			</trkpt>
			<trkpt lat="47.1543499075" lon="9.2660844102">
				<ele>2104.8</ele>
				<extensions>
					<swisstopo:routepoint_id>444541600</swisstopo:routepoint_id>
				</extensions>
			</trkpt>
			<trkpt lat="47.1543385931" lon="9.2660770425">
				<ele>2105.4</ele>
				<extensions>
					<swisstopo:routepoint_id>2088606666</swisstopo:routepoint_id>
				</extensions>
			</trkpt>
			<trkpt lat="47.1543288078" lon="9.2660934661">
				<ele>2106.5</ele>
				<extensions>
					<swisstopo:routepoint_id>1435783594</swisstopo:routepoint_id>
				</extensions>
			</trkpt>
			<trkpt lat="47.1543077366" lon="9.2661582831">
				<ele>2110.0</ele>
				<extensions>
					<swisstopo:routepoint_id>613652184</swisstopo:routepoint_id>
				</extensions>
			</trkpt>
			<trkpt lat="47.1542787802" lon="9.2662936099">
				<ele>2113.7</ele>
				<extensions>
					<swisstopo:routepoint_id>1066431378</swisstopo:routepoint_id>
				</extensions>
			</trkpt>
			<trkpt lat="47.1542587738" lon="9.2663306411">
				<ele>2115.7</ele>
				<extensions>
					<swisstopo:routepoint_id>2088771441</swisstopo:routepoint_id>
				</extensions>
			</trkpt>
			<trkpt lat="47.1542495760" lon="9.2663476902">
				<ele>2116.4</ele>
				<extensions>
					<swisstopo:routepoint_id>1704746124</swisstopo:routepoint_id>
				</extensions>
			</trkpt>
			<trkpt lat="47.1542450887" lon="9.2663298130">
				<ele>2116.7</ele>
				<extensions>
					<swisstopo:routepoint_id>1579122250</swisstopo:routepoint_id>
				</extensions>
			</trkpt>
			<trkpt lat="47.1542355777" lon="9.2662918768">
				<ele>2117.2</ele>
				<extensions>
					<swisstopo:routepoint_id>798037395</swisstopo:routepoint_id>
				</extensions>
			</trkpt>
			<trkpt lat="47.1542105632" lon="9.2662973597">
				<ele>2119.2</ele>
				<extensions>
					<swisstopo:routepoint_id>1010605474</swisstopo:routepoint_id>
				</extensions>
			</trkpt>
			<trkpt lat="47.1541992932" lon="9.2663270509">
				<ele>2120.3</ele>
				<extensions>
					<swisstopo:routepoint_id>1508422387</swisstopo:routepoint_id>
				</extensions>
			</trkpt>
			<trkpt lat="47.1541704708" lon="9.2664030026">
				<ele>2123.1</ele>
				<extensions>
					<swisstopo:routepoint_id>1716977818</swisstopo:routepoint_id>
				</extensions>
			</trkpt>
			<trkpt lat="47.1540975714" lon="9.2663209362">
				<ele>2128.5</ele>
				<extensions>
					<swisstopo:routepoint_id>1120417302</swisstopo:routepoint_id>
				</extensions>
			</trkpt>
			<trkpt lat="47.1540416946" lon="9.2662580383">
				<ele>2132.2</ele>
				<extensions>
					<swisstopo:routepoint_id>201692724</swisstopo:routepoint_id>
				</extensions>
			</trkpt>
			<trkpt lat="47.1539991387" lon="9.2662205708">
				<ele>2135.1</ele>
				<extensions>
					<swisstopo:routepoint_id>1262666454</swisstopo:routepoint_id>
				</extensions>
			</trkpt>
			<trkpt lat="47.1539544695" lon="9.2663123263">
				<ele>2139.7</ele>
				<extensions>
					<swisstopo:routepoint_id>1207531572</swisstopo:routepoint_id>
				</extensions>
			</trkpt>
			<trkpt lat="47.1539067052" lon="9.2662785965">
				<ele>2143.0</ele>
				<extensions>
					<swisstopo:routepoint_id>1472913163</swisstopo:routepoint_id>
				</extensions>
			</trkpt>
			<trkpt lat="47.1538941283" lon="9.2663086939">
				<ele>2144.3</ele>
				<extensions>
					<swisstopo:routepoint_id>366668858</swisstopo:routepoint_id>
				</extensions>
			</trkpt>
			<trkpt lat="47.1538893510" lon="9.2663201489">
				<ele>2144.7</ele>
				<extensions>
					<swisstopo:routepoint_id>661503511</swisstopo:routepoint_id>
				</extensions>
			</trkpt>
			<trkpt lat="47.1538700851" lon="9.2663072287">
				<ele>2146.2</ele>
				<extensions>
					<swisstopo:routepoint_id>186460412</swisstopo:routepoint_id>
				</extensions>
			</trkpt>
			<trkpt lat="47.1538532099" lon="9.2662959228">
				<ele>2147.5</ele>
				<extensions>
					<swisstopo:routepoint_id>1394655231</swisstopo:routepoint_id>
				</extensions>
			</trkpt>
			<trkpt lat="47.1538288120" lon="9.2663599557">
				<ele>2150.1</ele>
				<extensions>
					<swisstopo:routepoint_id>424417674</swisstopo:routepoint_id>
				</extensions>
			</trkpt>
			<trkpt lat="47.1537878042" lon="9.2663290331">
				<ele>2153.1</ele>
				<extensions>
					<swisstopo:routepoint_id>1524742475</swisstopo:routepoint_id>
				</extensions>
			</trkpt>
			<trkpt lat="47.1537096867" lon="9.2664234065">
				<ele>2160.1</ele>
				<extensions>
					<swisstopo:routepoint_id>1396651455</swisstopo:routepoint_id>
				</extensions>
			</trkpt>
			<trkpt lat="47.1536332003" lon="9.2663292912">
				<ele>2166.2</ele>
				<extensions>
					<swisstopo:routepoint_id>849391352</swisstopo:routepoint_id>
				</extensions>
			</trkpt>
			<trkpt lat="47.1536308690" lon="9.2663682136">
				<ele>2166.9</ele>
				<extensions>
					<swisstopo:routepoint_id>907240036</swisstopo:routepoint_id>
				</extensions>
			</trkpt>
			<trkpt lat="47.1535490589" lon="9.2662934047">
				<ele>2173.5</ele>
				<extensions>
					<swisstopo:routepoint_id>787647792</swisstopo:routepoint_id>
				</extensions>
			</trkpt>
			<trkpt lat="47.1534515237" lon="9.2662648924">
				<ele>2182.6</ele>
				<extensions>
					<swisstopo:routepoint_id>1278034098</swisstopo:routepoint_id>
				</extensions>
			</trkpt>
			<trkpt lat="47.1534073174" lon="9.2662444868">
				<ele>2186.3</ele>
				<extensions>
					<swisstopo:routepoint_id>1544981425</swisstopo:routepoint_id>
				</extensions>
			</trkpt>
			<trkpt lat="47.1533804918" lon="9.2661902716">
				<ele>2188.2</ele>
				<extensions>
					<swisstopo:routepoint_id>480263493</swisstopo:routepoint_id>
				</extensions>
			</trkpt>
			<trkpt lat="47.1533617000" lon="9.2661613186">
				<ele>2189.3</ele>
				<extensions>
					<swisstopo:routepoint_id>593534944</swisstopo:routepoint_id>
				</extensions>
			</trkpt>
			<trkpt lat="47.1533459959" lon="9.2661642471">
				<ele>2190.5</ele>
				<extensions>
					<swisstopo:routepoint_id>1957648033</swisstopo:routepoint_id>
				</extensions>
			</trkpt>
			<trkpt lat="47.1533192801" lon="9.2661407426">
				<ele>2192.4</ele>
				<extensions>
					<swisstopo:routepoint_id>279428625</swisstopo:routepoint_id>
				</extensions>
			</trkpt>
			<trkpt lat="47.1532757832" lon="9.2661121696">
				<ele>2195.9</ele>
				<extensions>
					<swisstopo:routepoint_id>1897064862</swisstopo:routepoint_id>
				</extensions>
			</trkpt>
			<trkpt lat="47.1532573274" lon="9.2660991485">
				<ele>2196.9</ele>
				<extensions>
					<swisstopo:routepoint_id>185256195</swisstopo:routepoint_id>
				</extensions>
			</trkpt>
			<trkpt lat="47.1532167163" lon="9.2660786341">
				<ele>2199.4</ele>
				<extensions>
					<swisstopo:routepoint_id>1249760386</swisstopo:routepoint_id>
				</extensions>
			</trkpt>
			<trkpt lat="47.1531777888" lon="9.2660649912">
				<ele>2201.4</ele>
				<extensions>
					<swisstopo:routepoint_id>338162164</swisstopo:routepoint_id>
				</extensions>
			</trkpt>
			<trkpt lat="47.1531602387" lon="9.2660712957">
				<ele>2202.6</ele>
				<extensions>
					<swisstopo:routepoint_id>1901923737</swisstopo:routepoint_id>
				</extensions>
			</trkpt>
			<trkpt lat="47.1531426236" lon="9.2660423832">
				<ele>2202.8</ele>
				<extensions>
					<swisstopo:routepoint_id>2090354430</swisstopo:routepoint_id>
				</extensions>
			</trkpt>
			<trkpt lat="47.1531199472" lon="9.2660693916">
				<ele>2204.9</ele>
				<extensions>
					<swisstopo:routepoint_id>357505927</swisstopo:routepoint_id>
				</extensions>
			</trkpt>
			<trkpt lat="47.1530973481" lon="9.2660876700">
				<ele>2208.8</ele>
				<extensions>
					<swisstopo:routepoint_id>1649061787</swisstopo:routepoint_id>
				</extensions>
			</trkpt>
			<trkpt lat="47.1530836983" lon="9.2661122820">
				<ele>2211.1</ele>
				<extensions>
					<swisstopo:routepoint_id>1568641537</swisstopo:routepoint_id>
				</extensions>
			</trkpt>
			<trkpt lat="47.1530643748" lon="9.2661162719">
				<ele>2212.3</ele>
				<extensions>
					<swisstopo:routepoint_id>1779845800</swisstopo:routepoint_id>
				</extensions>
			</trkpt>
			<trkpt lat="47.1530244965" lon="9.2660866891">
				<ele>2214.0</ele>
				<extensions>
					<swisstopo:routepoint_id>1587943067</swisstopo:routepoint_id>
				</extensions>
			</trkpt>
			<trkpt lat="47.1529714280" lon="9.2660544406">
				<ele>2216.8</ele>
				<extensions>
					<swisstopo:routepoint_id>2041526398</swisstopo:routepoint_id>
				</extensions>
			</trkpt>
			<trkpt lat="47.1529309431" lon="9.2660259838">
				<ele>2219.0</ele>
				<extensions>
					<swisstopo:routepoint_id>1675994350</swisstopo:routepoint_id>
				</extensions>
			</trkpt>
			<trkpt lat="47.1528883606" lon="9.2660156421">
				<ele>2221.5</ele>
				<extensions>
					<swisstopo:routepoint_id>440789379</swisstopo:routepoint_id>
				</extensions>
			</trkpt>
			<trkpt lat="47.1528405665" lon="9.2659926546">
				<ele>2224.0</ele>
				<extensions>
					<swisstopo:routepoint_id>1158928867</swisstopo:routepoint_id>
				</extensions>
			</trkpt>
			<trkpt lat="47.1527814494" lon="9.2659893994">
				<ele>2228.1</ele>
				<extensions>
					<swisstopo:routepoint_id>649667745</swisstopo:routepoint_id>
				</extensions>
			</trkpt>
			<trkpt lat="47.1527057178" lon="9.2659473482">
				<ele>2232.3</ele>
				<extensions>
					<swisstopo:routepoint_id>806031803</swisstopo:routepoint_id>
				</extensions>
			</trkpt>
			<trkpt lat="47.1527048238" lon="9.2660091816">
				<ele>2234.1</ele>
				<extensions>
					<swisstopo:routepoint_id>826101494</swisstopo:routepoint_id>
				</extensions>
			</trkpt>
			<trkpt lat="47.1526912192" lon="9.2660315149">
				<ele>2235.7</ele>
				<extensions>
					<swisstopo:routepoint_id>1219005182</swisstopo:routepoint_id>
				</extensions>
			</trkpt>
			<trkpt lat="47.1526607228" lon="9.2660181214">
				<ele>2237.4</ele>
				<extensions>
					<swisstopo:routepoint_id>1914625690</swisstopo:routepoint_id>
				</extensions>
			</trkpt>
			<trkpt lat="47.1526201299" lon="9.2659964748">
				<ele>2239.6</ele>
				<extensions>
					<swisstopo:routepoint_id>1838386497</swisstopo:routepoint_id>
				</extensions>
			</trkpt>
			<trkpt lat="47.1525879433" lon="9.2660137169">
				<ele>2242.0</ele>
				<extensions>
					<swisstopo:routepoint_id>1457617918</swisstopo:routepoint_id>
				</extensions>
			</trkpt>
			<trkpt lat="47.1525489793" lon="9.2660023656">
				<ele>2244.5</ele>
				<extensions>
					<swisstopo:routepoint_id>1304906326</swisstopo:routepoint_id>
				</extensions>
			</trkpt>
			<trkpt lat="47.1525108612" lon="9.2659687217">
				<ele>2247.1</ele>
				<extensions>
					<swisstopo:routepoint_id>1203573117</swisstopo:routepoint_id>
				</extensions>
			</trkpt>
			<trkpt lat="47.1524740551" lon="9.2659808476">
				<ele>2250.4</ele>
				<extensions>
					<swisstopo:routepoint_id>1556604353</swisstopo:routepoint_id>
				</extensions>
			</trkpt>
			<trkpt lat="47.1524441914" lon="9.2659663421">
				<ele>2252.8</ele>
				<extensions>
					<swisstopo:routepoint_id>1042648746</swisstopo:routepoint_id>
				</extensions>
			</trkpt>
			<trkpt lat="47.1524740551" lon="9.2659808476">
				<ele>2250.4</ele>
				<extensions>
					<swisstopo:routepoint_id>909806998</swisstopo:routepoint_id>
				</extensions>
			</trkpt>
			<trkpt lat="47.1525108612" lon="9.2659687217">
				<ele>2247.1</ele>
				<extensions>
					<swisstopo:routepoint_id>1533715477</swisstopo:routepoint_id>
				</extensions>
			</trkpt>
			<trkpt lat="47.1525489793" lon="9.2660023656">
				<ele>2244.5</ele>
				<extensions>
					<swisstopo:routepoint_id>1290728032</swisstopo:routepoint_id>
				</extensions>
			</trkpt>
			<trkpt lat="47.1525879433" lon="9.2660137169">
				<ele>2242.0</ele>
				<extensions>
					<swisstopo:routepoint_id>305199124</swisstopo:routepoint_id>
				</extensions>
			</trkpt>
			<trkpt lat="47.1526201299" lon="9.2659964748">
				<ele>2239.6</ele>
				<extensions>
					<swisstopo:routepoint_id>1312248602</swisstopo:routepoint_id>
				</extensions>
			</trkpt>
			<trkpt lat="47.1526607228" lon="9.2660181214">
				<ele>2237.4</ele>
				<extensions>
					<swisstopo:routepoint_id>1078739168</swisstopo:routepoint_id>
				</extensions>
			</trkpt>
			<trkpt lat="47.1526912192" lon="9.2660315149">
				<ele>2235.7</ele>
				<extensions>
					<swisstopo:routepoint_id>1587262486</swisstopo:routepoint_id>
				</extensions>
			</trkpt>
			<trkpt lat="47.1527048238" lon="9.2660091816">
				<ele>2234.1</ele>
				<extensions>
					<swisstopo:routepoint_id>1373272685</swisstopo:routepoint_id>
				</extensions>
			</trkpt>
			<trkpt lat="47.1527057178" lon="9.2659473482">
				<ele>2232.3</ele>
				<extensions>
					<swisstopo:routepoint_id>1425646952</swisstopo:routepoint_id>
				</extensions>
			</trkpt>
			<trkpt lat="47.1527814494" lon="9.2659893994">
				<ele>2228.1</ele>
				<extensions>
					<swisstopo:routepoint_id>1114266856</swisstopo:routepoint_id>
				</extensions>
			</trkpt>
			<trkpt lat="47.1528405665" lon="9.2659926546">
				<ele>2224.0</ele>
				<extensions>
					<swisstopo:routepoint_id>1143636158</swisstopo:routepoint_id>
				</extensions>
			</trkpt>
			<trkpt lat="47.1528883606" lon="9.2660156421">
				<ele>2221.5</ele>
				<extensions>
					<swisstopo:routepoint_id>191472252</swisstopo:routepoint_id>
				</extensions>
			</trkpt>
			<trkpt lat="47.1529309431" lon="9.2660259838">
				<ele>2219.0</ele>
				<extensions>
					<swisstopo:routepoint_id>426773776</swisstopo:routepoint_id>
				</extensions>
			</trkpt>
			<trkpt lat="47.1529714280" lon="9.2660544406">
				<ele>2216.8</ele>
				<extensions>
					<swisstopo:routepoint_id>393311206</swisstopo:routepoint_id>
				</extensions>
			</trkpt>
			<trkpt lat="47.1530244965" lon="9.2660866891">
				<ele>2214.0</ele>
				<extensions>
					<swisstopo:routepoint_id>1399650692</swisstopo:routepoint_id>
				</extensions>
			</trkpt>
			<trkpt lat="47.1530643748" lon="9.2661162719">
				<ele>2212.3</ele>
				<extensions>
					<swisstopo:routepoint_id>646871058</swisstopo:routepoint_id>
				</extensions>
			</trkpt>
			<trkpt lat="47.1530836983" lon="9.2661122820">
				<ele>2211.1</ele>
				<extensions>
					<swisstopo:routepoint_id>286122613</swisstopo:routepoint_id>
				</extensions>
			</trkpt>
			<trkpt lat="47.1530973481" lon="9.2660876700">
				<ele>2208.8</ele>
				<extensions>
					<swisstopo:routepoint_id>1283498504</swisstopo:routepoint_id>
				</extensions>
			</trkpt>
			<trkpt lat="47.1531199472" lon="9.2660693916">
				<ele>2204.9</ele>
				<extensions>
					<swisstopo:routepoint_id>1270013891</swisstopo:routepoint_id>
				</extensions>
			</trkpt>
			<trkpt lat="47.1531426236" lon="9.2660423832">
				<ele>2202.8</ele>
				<extensions>
					<swisstopo:routepoint_id>1166516822</swisstopo:routepoint_id>
				</extensions>
			</trkpt>
			<trkpt lat="47.1531602387" lon="9.2660712957">
				<ele>2202.6</ele>
				<extensions>
					<swisstopo:routepoint_id>2141036622</swisstopo:routepoint_id>
				</extensions>
			</trkpt>
			<trkpt lat="47.1531777888" lon="9.2660649912">
				<ele>2201.4</ele>
				<extensions>
					<swisstopo:routepoint_id>1505806410</swisstopo:routepoint_id>
				</extensions>
			</trkpt>
			<trkpt lat="47.1532167163" lon="9.2660786341">
				<ele>2199.4</ele>
				<extensions>
					<swisstopo:routepoint_id>184849596</swisstopo:routepoint_id>
				</extensions>
			</trkpt>
			<trkpt lat="47.1532573274" lon="9.2660991485">
				<ele>2196.9</ele>
				<extensions>
					<swisstopo:routepoint_id>1415737708</swisstopo:routepoint_id>
				</extensions>
			</trkpt>
			<trkpt lat="47.1532757832" lon="9.2661121696">
				<ele>2195.9</ele>
				<extensions>
					<swisstopo:routepoint_id>636905708</swisstopo:routepoint_id>
				</extensions>
			</trkpt>
			<trkpt lat="47.1533192801" lon="9.2661407426">
				<ele>2192.4</ele>
				<extensions>
					<swisstopo:routepoint_id>836568831</swisstopo:routepoint_id>
				</extensions>
			</trkpt>
			<trkpt lat="47.1533459959" lon="9.2661642471">
				<ele>2190.5</ele>
				<extensions>
					<swisstopo:routepoint_id>286261673</swisstopo:routepoint_id>
				</extensions>
			</trkpt>
			<trkpt lat="47.1533617000" lon="9.2661613186">
				<ele>2189.3</ele>
				<extensions>
					<swisstopo:routepoint_id>1122759866</swisstopo:routepoint_id>
				</extensions>
			</trkpt>
			<trkpt lat="47.1533804918" lon="9.2661902716">
				<ele>2188.2</ele>
				<extensions>
					<swisstopo:routepoint_id>856402580</swisstopo:routepoint_id>
				</extensions>
			</trkpt>
			<trkpt lat="47.1534073174" lon="9.2662444868">
				<ele>2186.3</ele>
				<extensions>
					<swisstopo:routepoint_id>373276381</swisstopo:routepoint_id>
				</extensions>
			</trkpt>
			<trkpt lat="47.1534515237" lon="9.2662648924">
				<ele>2182.6</ele>
				<extensions>
					<swisstopo:routepoint_id>334276819</swisstopo:routepoint_id>
				</extensions>
			</trkpt>
			<trkpt lat="47.1535490589" lon="9.2662934047">
				<ele>2173.5</ele>
				<extensions>
					<swisstopo:routepoint_id>1244786099</swisstopo:routepoint_id>
				</extensions>
			</trkpt>
			<trkpt lat="47.1536308690" lon="9.2663682136">
				<ele>2166.9</ele>
				<extensions>
					<swisstopo:routepoint_id>1342970067</swisstopo:routepoint_id>
				</extensions>
			</trkpt>
			<trkpt lat="47.1536332003" lon="9.2663292912">
				<ele>2166.2</ele>
				<extensions>
					<swisstopo:routepoint_id>1783793341</swisstopo:routepoint_id>
				</extensions>
			</trkpt>
			<trkpt lat="47.1537096867" lon="9.2664234065">
				<ele>2160.1</ele>
				<extensions>
					<swisstopo:routepoint_id>1215484515</swisstopo:routepoint_id>
				</extensions>
			</trkpt>
			<trkpt lat="47.1537878042" lon="9.2663290331">
				<ele>2153.1</ele>
				<extensions>
					<swisstopo:routepoint_id>567129643</swisstopo:routepoint_id>
				</extensions>
			</trkpt>
			<trkpt lat="47.1538288120" lon="9.2663599557">
				<ele>2150.1</ele>
				<extensions>
					<swisstopo:routepoint_id>82830757</swisstopo:routepoint_id>
				</extensions>
			</trkpt>
			<trkpt lat="47.1538532099" lon="9.2662959228">
				<ele>2147.5</ele>
				<extensions>
					<swisstopo:routepoint_id>1910213801</swisstopo:routepoint_id>
				</extensions>
			</trkpt>
			<trkpt lat="47.1538700851" lon="9.2663072287">
				<ele>2146.2</ele>
				<extensions>
					<swisstopo:routepoint_id>1283722909</swisstopo:routepoint_id>
				</extensions>
			</trkpt>
			<trkpt lat="47.1538893510" lon="9.2663201489">
				<ele>2144.7</ele>
				<extensions>
					<swisstopo:routepoint_id>477692485</swisstopo:routepoint_id>
				</extensions>
			</trkpt>
			<trkpt lat="47.1538941283" lon="9.2663086939">
				<ele>2144.3</ele>
				<extensions>
					<swisstopo:routepoint_id>1660440750</swisstopo:routepoint_id>
				</extensions>
			</trkpt>
			<trkpt lat="47.1539067052" lon="9.2662785965">
				<ele>2143.0</ele>
				<extensions>
					<swisstopo:routepoint_id>1638278591</swisstopo:routepoint_id>
				</extensions>
			</trkpt>
			<trkpt lat="47.1539544695" lon="9.2663123263">
				<ele>2139.7</ele>
				<extensions>
					<swisstopo:routepoint_id>803535161</swisstopo:routepoint_id>
				</extensions>
			</trkpt>
			<trkpt lat="47.1539991387" lon="9.2662205708">
				<ele>2135.1</ele>
				<extensions>
					<swisstopo:routepoint_id>1815448991</swisstopo:routepoint_id>
				</extensions>
			</trkpt>
			<trkpt lat="47.1540416946" lon="9.2662580383">
				<ele>2132.2</ele>
				<extensions>
					<swisstopo:routepoint_id>1720190415</swisstopo:routepoint_id>
				</extensions>
			</trkpt>
			<trkpt lat="47.1540975714" lon="9.2663209362">
				<ele>2128.5</ele>
				<extensions>
					<swisstopo:routepoint_id>114714882</swisstopo:routepoint_id>
				</extensions>
			</trkpt>
			<trkpt lat="47.1541704708" lon="9.2664030026">
				<ele>2123.1</ele>
				<extensions>
					<swisstopo:routepoint_id>1381618099</swisstopo:routepoint_id>
				</extensions>
			</trkpt>
			<trkpt lat="47.1541992932" lon="9.2663270509">
				<ele>2120.3</ele>
				<extensions>
					<swisstopo:routepoint_id>539284977</swisstopo:routepoint_id>
				</extensions>
			</trkpt>
			<trkpt lat="47.1542105632" lon="9.2662973597">
				<ele>2119.2</ele>
				<extensions>
					<swisstopo:routepoint_id>908754863</swisstopo:routepoint_id>
				</extensions>
			</trkpt>
			<trkpt lat="47.1542355777" lon="9.2662918768">
				<ele>2117.2</ele>
				<extensions>
					<swisstopo:routepoint_id>1077565202</swisstopo:routepoint_id>
				</extensions>
			</trkpt>
			<trkpt lat="47.1542450887" lon="9.2663298130">
				<ele>2116.7</ele>
				<extensions>
					<swisstopo:routepoint_id>478574631</swisstopo:routepoint_id>
				</extensions>
			</trkpt>
			<trkpt lat="47.1542495760" lon="9.2663476902">
				<ele>2116.4</ele>
				<extensions>
					<swisstopo:routepoint_id>171372294</swisstopo:routepoint_id>
				</extensions>
			</trkpt>
			<trkpt lat="47.1542587738" lon="9.2663306411">
				<ele>2115.7</ele>
				<extensions>
					<swisstopo:routepoint_id>2097151215</swisstopo:routepoint_id>
				</extensions>
			</trkpt>
			<trkpt lat="47.1542787802" lon="9.2662936099">
				<ele>2113.7</ele>
				<extensions>
					<swisstopo:routepoint_id>825922768</swisstopo:routepoint_id>
				</extensions>
			</trkpt>
			<trkpt lat="47.1543077366" lon="9.2661582831">
				<ele>2110.0</ele>
				<extensions>
					<swisstopo:routepoint_id>1186167467</swisstopo:routepoint_id>
				</extensions>
			</trkpt>
			<trkpt lat="47.1543288078" lon="9.2660934661">
				<ele>2106.5</ele>
				<extensions>
					<swisstopo:routepoint_id>515890858</swisstopo:routepoint_id>
				</extensions>
			</trkpt>
			<trkpt lat="47.1543385931" lon="9.2660770425">
				<ele>2105.4</ele>
				<extensions>
					<swisstopo:routepoint_id>883709930</swisstopo:routepoint_id>
				</extensions>
			</trkpt>
			<trkpt lat="47.1543499075" lon="9.2660844102">
				<ele>2104.8</ele>
				<extensions>
					<swisstopo:routepoint_id>1682697439</swisstopo:routepoint_id>
				</extensions>
			</trkpt>
			<trkpt lat="47.1543639344" lon="9.2661002431">
				<ele>2104.1</ele>
				<extensions>
					<swisstopo:routepoint_id>1355645666</swisstopo:routepoint_id>
				</extensions>
			</trkpt>
			<trkpt lat="47.1543798668" lon="9.2661161408">
				<ele>2103.2</ele>
				<extensions>
					<swisstopo:routepoint_id>1392169333</swisstopo:routepoint_id>
				</extensions>
			</trkpt>
			<trkpt lat="47.1543958523" lon="9.2661292582">
				<ele>2102.0</ele>
				<extensions>
					<swisstopo:routepoint_id>768127350</swisstopo:routepoint_id>
				</extensions>
			</trkpt>
			<trkpt lat="47.1544072908" lon="9.2661282449">
				<ele>2101.0</ele>
				<extensions>
					<swisstopo:routepoint_id>1089823059</swisstopo:routepoint_id>
				</extensions>
			</trkpt>
			<trkpt lat="47.1544170539" lon="9.2661132247">
				<ele>2099.8</ele>
				<extensions>
					<swisstopo:routepoint_id>1876158280</swisstopo:routepoint_id>
				</extensions>
			</trkpt>
			<trkpt lat="47.1544240294" lon="9.2660939228">
				<ele>2098.8</ele>
				<extensions>
					<swisstopo:routepoint_id>601667708</swisstopo:routepoint_id>
				</extensions>
			</trkpt>
			<trkpt lat="47.1544263027" lon="9.2660702744">
				<ele>2098.1</ele>
				<extensions>
					<swisstopo:routepoint_id>597758682</swisstopo:routepoint_id>
				</extensions>
			</trkpt>
			<trkpt lat="47.1544238697" lon="9.2660436571">
				<ele>2097.5</ele>
				<extensions>
					<swisstopo:routepoint_id>130236425</swisstopo:routepoint_id>
				</extensions>
			</trkpt>
			<trkpt lat="47.1544474025" lon="9.2660612183">
				<ele>2095.9</ele>
				<extensions>
					<swisstopo:routepoint_id>1503897945</swisstopo:routepoint_id>
				</extensions>
			</trkpt>
			<trkpt lat="47.1544671154" lon="9.2660786366">
				<ele>2094.8</ele>
				<extensions>
					<swisstopo:routepoint_id>2088925243</swisstopo:routepoint_id>
				</extensions>
			</trkpt>
			<trkpt lat="47.1544821302" lon="9.2660931119">
				<ele>2093.7</ele>
				<extensions>
					<swisstopo:routepoint_id>236376878</swisstopo:routepoint_id>
				</extensions>
			</trkpt>
			<trkpt lat="47.1544969724" lon="9.2661173580">
				<ele>2092.9</ele>
				<extensions>
					<swisstopo:routepoint_id>573843365</swisstopo:routepoint_id>
				</extensions>
			</trkpt>
			<trkpt lat="47.1545110437" lon="9.2661303971">
				<ele>2092.1</ele>
				<extensions>
					<swisstopo:routepoint_id>866208454</swisstopo:routepoint_id>
				</extensions>
			</trkpt>
			<trkpt lat="47.1545278889" lon="9.2661491212">
				<ele>2091.0</ele>
				<extensions>
					<swisstopo:routepoint_id>623584602</swisstopo:routepoint_id>
				</extensions>
			</trkpt>
			<trkpt lat="47.1545408875" lon="9.2661704964">
				<ele>2090.4</ele>
				<extensions>
					<swisstopo:routepoint_id>626508949</swisstopo:routepoint_id>
				</extensions>
			</trkpt>
			<trkpt lat="47.1545532168" lon="9.2661737125">
				<ele>2089.6</ele>
				<extensions>
					<swisstopo:routepoint_id>1613173532</swisstopo:routepoint_id>
				</extensions>
			</trkpt>
			<trkpt lat="47.1545521085" lon="9.2661234272">
				<ele>2088.4</ele>
				<extensions>
					<swisstopo:routepoint_id>46860962</swisstopo:routepoint_id>
				</extensions>
			</trkpt>
			<trkpt lat="47.1545937588" lon="9.2661387993">
				<ele>2085.0</ele>
				<extensions>
					<swisstopo:routepoint_id>1406785376</swisstopo:routepoint_id>
				</extensions>
			</trkpt>
			<trkpt lat="47.1545971002" lon="9.2661082058">
				<ele>2084.0</ele>
				<extensions>
					<swisstopo:routepoint_id>1170485928</swisstopo:routepoint_id>
				</extensions>
			</trkpt>
			<trkpt lat="47.1546043192" lon="9.2660735585">
				<ele>2082.7</ele>
				<extensions>
					<swisstopo:routepoint_id>1494249078</swisstopo:routepoint_id>
				</extensions>
			</trkpt>
			<trkpt lat="47.1546232606" lon="9.2660797955">
				<ele>2081.2</ele>
				<extensions>
					<swisstopo:routepoint_id>111890429</swisstopo:routepoint_id>
				</extensions>
			</trkpt>
			<trkpt lat="47.1546324259" lon="9.2661024309">
				<ele>2080.7</ele>
				<extensions>
					<swisstopo:routepoint_id>1651985956</swisstopo:routepoint_id>
				</extensions>
			</trkpt>
			<trkpt lat="47.1546568407" lon="9.2661242086">
				<ele>2078.9</ele>
				<extensions>
					<swisstopo:routepoint_id>1096903172</swisstopo:routepoint_id>
				</extensions>
			</trkpt>
			<trkpt lat="47.1546704951" lon="9.2661037310">
				<ele>2077.5</ele>
				<extensions>
					<swisstopo:routepoint_id>1695742987</swisstopo:routepoint_id>
				</extensions>
			</trkpt>
			<trkpt lat="47.1546919625" lon="9.2660709614">
				<ele>2075.3</ele>
				<extensions>
					<swisstopo:routepoint_id>583129864</swisstopo:routepoint_id>
				</extensions>
			</trkpt>
			<trkpt lat="47.1547087415" lon="9.2660938694">
				<ele>2074.1</ele>
				<extensions>
					<swisstopo:routepoint_id>1829746472</swisstopo:routepoint_id>
				</extensions>
			</trkpt>
			<trkpt lat="47.1547276252" lon="9.2661042910">
				<ele>2072.6</ele>
				<extensions>
					<swisstopo:routepoint_id>814790592</swisstopo:routepoint_id>
				</extensions>
			</trkpt>
			<trkpt lat="47.1547320478" lon="9.2660653618">
				<ele>2071.6</ele>
				<extensions>
					<swisstopo:routepoint_id>1218237870</swisstopo:routepoint_id>
				</extensions>
			</trkpt>
			<trkpt lat="47.1547522259" lon="9.2660534792">
				<ele>2069.7</ele>
				<extensions>
					<swisstopo:routepoint_id>752784221</swisstopo:routepoint_id>
				</extensions>
			</trkpt>
			<trkpt lat="47.1547508606" lon="9.2660199297">
				<ele>2069.1</ele>
				<extensions>
					<swisstopo:routepoint_id>2039304563</swisstopo:routepoint_id>
				</extensions>
			</trkpt>
			<trkpt lat="47.1547753774" lon="9.2660347298">
				<ele>2067.4</ele>
				<extensions>
					<swisstopo:routepoint_id>896961208</swisstopo:routepoint_id>
				</extensions>
			</trkpt>
			<trkpt lat="47.1547838196" lon="9.2659833662">
				<ele>2065.9</ele>
				<extensions>
					<swisstopo:routepoint_id>1244691805</swisstopo:routepoint_id>
				</extensions>
			</trkpt>
			<trkpt lat="47.1547908085" lon="9.2659626608">
				<ele>2064.8</ele>
				<extensions>
					<swisstopo:routepoint_id>1812153137</swisstopo:routepoint_id>
				</extensions>
			</trkpt>
			<trkpt lat="47.1547960775" lon="9.2659307420">
				<ele>2063.7</ele>
				<extensions>
					<swisstopo:routepoint_id>534455213</swisstopo:routepoint_id>
				</extensions>
			</trkpt>
			<trkpt lat="47.1548233688" lon="9.2659512139">
				<ele>2061.9</ele>
				<extensions>
					<swisstopo:routepoint_id>1753335221</swisstopo:routepoint_id>
				</extensions>
			</trkpt>
			<trkpt lat="47.1548316028" lon="9.2659124020">
				<ele>2060.3</ele>
				<extensions>
					<swisstopo:routepoint_id>140399261</swisstopo:routepoint_id>
				</extensions>
			</trkpt>
			<trkpt lat="47.1548460061" lon="9.2659045214">
				<ele>2059.1</ele>
				<extensions>
					<swisstopo:routepoint_id>1400402283</swisstopo:routepoint_id>
				</extensions>
			</trkpt>
			<trkpt lat="47.1548722602" lon="9.2659305481">
				<ele>2057.7</ele>
				<extensions>
					<swisstopo:routepoint_id>1537577862</swisstopo:routepoint_id>
				</extensions>
			</trkpt>
			<trkpt lat="47.1549033315" lon="9.2659525535">
				<ele>2055.6</ele>
				<extensions>
					<swisstopo:routepoint_id>1312833020</swisstopo:routepoint_id>
				</extensions>
			</trkpt>
			<trkpt lat="47.1549304678" lon="9.2659827840">
				<ele>2054.1</ele>
				<extensions>
					<swisstopo:routepoint_id>1935330526</swisstopo:routepoint_id>
				</extensions>
			</trkpt>
			<trkpt lat="47.1549522281" lon="9.2659918995">
				<ele>2052.8</ele>
				<extensions>
					<swisstopo:routepoint_id>45346852</swisstopo:routepoint_id>
				</extensions>
			</trkpt>
			<trkpt lat="47.1549700351" lon="9.2660092654">
				<ele>2051.6</ele>
				<extensions>
					<swisstopo:routepoint_id>1103962876</swisstopo:routepoint_id>
				</extensions>
			</trkpt>
			<trkpt lat="47.1550001891" lon="9.2660298355">
				<ele>2049.0</ele>
				<extensions>
					<swisstopo:routepoint_id>1271664260</swisstopo:routepoint_id>
				</extensions>
			</trkpt>
			<trkpt lat="47.1550304893" lon="9.2660406467">
				<ele>2046.6</ele>
				<extensions>
					<swisstopo:routepoint_id>1185299576</swisstopo:routepoint_id>
				</extensions>
			</trkpt>
			<trkpt lat="47.1550458942" lon="9.2660300052">
				<ele>2045.2</ele>
				<extensions>
					<swisstopo:routepoint_id>205913099</swisstopo:routepoint_id>
				</extensions>
			</trkpt>
			<trkpt lat="47.1550627531" lon="9.2660473259">
				<ele>2043.9</ele>
				<extensions>
					<swisstopo:routepoint_id>618945481</swisstopo:routepoint_id>
				</extensions>
			</trkpt>
			<trkpt lat="47.1551084038" lon="9.2660802498">
				<ele>2040.3</ele>
				<extensions>
					<swisstopo:routepoint_id>648485658</swisstopo:routepoint_id>
				</extensions>
			</trkpt>
			<trkpt lat="47.1551794316" lon="9.2661080892">
				<ele>2035.1</ele>
				<extensions>
					<swisstopo:routepoint_id>1155363576</swisstopo:routepoint_id>
				</extensions>
			</trkpt>
			<trkpt lat="47.1552633060" lon="9.2661458737">
				<ele>2029.1</ele>
				<extensions>
					<swisstopo:routepoint_id>1315365742</swisstopo:routepoint_id>
				</extensions>
			</trkpt>
			<trkpt lat="47.1553455146" lon="9.2661518629">
				<ele>2023.7</ele>
				<extensions>
					<swisstopo:routepoint_id>1943891479</swisstopo:routepoint_id>
				</extensions>
			</trkpt>
			<trkpt lat="47.1554077326" lon="9.2661889209">
				<ele>2019.8</ele>
				<extensions>
					<swisstopo:routepoint_id>1224821482</swisstopo:routepoint_id>
				</extensions>
			</trkpt>
			<trkpt lat="47.1554717170" lon="9.2662514145">
				<ele>2015.5</ele>
				<extensions>
					<swisstopo:routepoint_id>1119493607</swisstopo:routepoint_id>
				</extensions>
			</trkpt>
			<trkpt lat="47.1555123974" lon="9.2662813868">
				<ele>2012.6</ele>
				<extensions>
					<swisstopo:routepoint_id>836214225</swisstopo:routepoint_id>
				</extensions>
			</trkpt>
			<trkpt lat="47.1555529682" lon="9.2663177056">
				<ele>2009.4</ele>
				<extensions>
					<swisstopo:routepoint_id>1412326588</swisstopo:routepoint_id>
				</extensions>
			</trkpt>
			<trkpt lat="47.1555647031" lon="9.2662609536">
				<ele>2008.0</ele>
				<extensions>
					<swisstopo:routepoint_id>1723488532</swisstopo:routepoint_id>
				</extensions>
			</trkpt>
			<trkpt lat="47.1555955636" lon="9.2662270744">
				<ele>2005.1</ele>
				<extensions>
					<swisstopo:routepoint_id>7768936</swisstopo:routepoint_id>
				</extensions>
			</trkpt>
			<trkpt lat="47.1556029604" lon="9.2661701616">
				<ele>2003.6</ele>
				<extensions>
					<swisstopo:routepoint_id>1855011326</swisstopo:routepoint_id>
				</extensions>
			</trkpt>
			<trkpt lat="47.1556478101" lon="9.2662098080">
				<ele>2000.4</ele>
				<extensions>
					<swisstopo:routepoint_id>995591129</swisstopo:routepoint_id>
				</extensions>
			</trkpt>
			<trkpt lat="47.1556878861" lon="9.2662778486">
				<ele>1997.6</ele>
				<extensions>
					<swisstopo:routepoint_id>604554098</swisstopo:routepoint_id>
				</extensions>
			</trkpt>
			<trkpt lat="47.1557210578" lon="9.2662345294">
				<ele>1994.2</ele>
				<extensions>
					<swisstopo:routepoint_id>1929155272</swisstopo:routepoint_id>
				</extensions>
			</trkpt>
			<trkpt lat="47.1557647638" lon="9.2662106336">
				<ele>1989.7</ele>
				<extensions>
					<swisstopo:routepoint_id>1715341800</swisstopo:routepoint_id>
				</extensions>
			</trkpt>
			<trkpt lat="47.1558113208" lon="9.2662788958">
				<ele>1986.0</ele>
				<extensions>
					<swisstopo:routepoint_id>1295594219</swisstopo:routepoint_id>
				</extensions>
			</trkpt>
			<trkpt lat="47.1558663435" lon="9.2663601608">
				<ele>1982.2</ele>
				<extensions>
					<swisstopo:routepoint_id>107917641</swisstopo:routepoint_id>
				</extensions>
			</trkpt>
			<trkpt lat="47.1558950436" lon="9.2663262078">
				<ele>1979.2</ele>
				<extensions>
					<swisstopo:routepoint_id>1110099711</swisstopo:routepoint_id>
				</extensions>
			</trkpt>
			<trkpt lat="47.1559180448" lon="9.2663777961">
				<ele>1977.7</ele>
				<extensions>
					<swisstopo:routepoint_id>287172360</swisstopo:routepoint_id>
				</extensions>
			</trkpt>
			<trkpt lat="47.1559512166" lon="9.2663344768">
				<ele>1974.6</ele>
				<extensions>
					<swisstopo:routepoint_id>1018880334</swisstopo:routepoint_id>
				</extensions>
			</trkpt>
			<trkpt lat="47.1559868181" lon="9.2662753708">
				<ele>1970.2</ele>
				<extensions>
					<swisstopo:routepoint_id>202708868</swisstopo:routepoint_id>
				</extensions>
			</trkpt>
			<trkpt lat="47.1560293565" lon="9.2663244577">
				<ele>1967.0</ele>
				<extensions>
					<swisstopo:routepoint_id>1450109753</swisstopo:routepoint_id>
				</extensions>
			</trkpt>
			<trkpt lat="47.1560599145" lon="9.2663096193">
				<ele>1963.6</ele>
				<extensions>
					<swisstopo:routepoint_id>671662055</swisstopo:routepoint_id>
				</extensions>
			</trkpt>
			<trkpt lat="47.1560671424" lon="9.2662301453">
				<ele>1961.3</ele>
				<extensions>
					<swisstopo:routepoint_id>1352263408</swisstopo:routepoint_id>
				</extensions>
			</trkpt>
			<trkpt lat="47.1560792774" lon="9.2661459825">
				<ele>1955.8</ele>
				<extensions>
					<swisstopo:routepoint_id>461724917</swisstopo:routepoint_id>
				</extensions>
			</trkpt>
			<trkpt lat="47.1560459817" lon="9.2660891864">
				<ele>1953.7</ele>
				<extensions>
					<swisstopo:routepoint_id>50625647</swisstopo:routepoint_id>
				</extensions>
			</trkpt>
			<trkpt lat="47.1560191661" lon="9.2660287858">
				<ele>1951.9</ele>
				<extensions>
					<swisstopo:routepoint_id>533711538</swisstopo:routepoint_id>
				</extensions>
			</trkpt>
			<trkpt lat="47.1560134531" lon="9.2659619312">
				<ele>1950.1</ele>
				<extensions>
					<swisstopo:routepoint_id>741116134</swisstopo:routepoint_id>
				</extensions>
			</trkpt>
			<trkpt lat="47.1560534253" lon="9.2658998058">
				<ele>1945.9</ele>
				<extensions>
					<swisstopo:routepoint_id>2012982596</swisstopo:routepoint_id>
				</extensions>
			</trkpt>
			<trkpt lat="47.1561026826" lon="9.2659064599">
				<ele>1942.6</ele>
				<extensions>
					<swisstopo:routepoint_id>83044557</swisstopo:routepoint_id>
				</extensions>
			</trkpt>
			<trkpt lat="47.1561174671" lon="9.2659348907">
				<ele>1942.0</ele>
				<extensions>
					<swisstopo:routepoint_id>2009621339</swisstopo:routepoint_id>
				</extensions>
			</trkpt>
			<trkpt lat="47.1561309308" lon="9.2659269778">
				<ele>1941.0</ele>
				<extensions>
					<swisstopo:routepoint_id>1664876186</swisstopo:routepoint_id>
				</extensions>
			</trkpt>
			<trkpt lat="47.1561476566" lon="9.2659526801">
				<ele>1940.5</ele>
				<extensions>
					<swisstopo:routepoint_id>205686087</swisstopo:routepoint_id>
				</extensions>
			</trkpt>
			<trkpt lat="47.1561705647" lon="9.2659492631">
				<ele>1938.9</ele>
				<extensions>
					<swisstopo:routepoint_id>1646880610</swisstopo:routepoint_id>
				</extensions>
			</trkpt>
			<trkpt lat="47.1561880925" lon="9.2659847693">
				<ele>1938.4</ele>
				<extensions>
					<swisstopo:routepoint_id>1534398198</swisstopo:routepoint_id>
				</extensions>
			</trkpt>
			<trkpt lat="47.1562094096" lon="9.2660217962">
				<ele>1937.4</ele>
				<extensions>
					<swisstopo:routepoint_id>1468205004</swisstopo:routepoint_id>
				</extensions>
			</trkpt>
			<trkpt lat="47.1562028148" lon="9.2659573460">
				<ele>1936.5</ele>
				<extensions>
					<swisstopo:routepoint_id>1556364552</swisstopo:routepoint_id>
				</extensions>
			</trkpt>
			<trkpt lat="47.1562091654" lon="9.2659170775">
				<ele>1935.5</ele>
				<extensions>
					<swisstopo:routepoint_id>1634055884</swisstopo:routepoint_id>
				</extensions>
			</trkpt>
			<trkpt lat="47.1562543559" lon="9.2658893163">
				<ele>1933.0</ele>
				<extensions>
					<swisstopo:routepoint_id>99504750</swisstopo:routepoint_id>
				</extensions>
			</trkpt>
			<trkpt lat="47.1562664454" lon="9.2658478524">
				<ele>1932.0</ele>
				<extensions>
					<swisstopo:routepoint_id>1524723143</swisstopo:routepoint_id>
				</extensions>
			</trkpt>
			<trkpt lat="47.1562832158" lon="9.2658707482">
				<ele>1931.2</ele>
				<extensions>
					<swisstopo:routepoint_id>1097662239</swisstopo:routepoint_id>
				</extensions>
			</trkpt>
			<trkpt lat="47.1562969897" lon="9.2658432922">
				<ele>1930.4</ele>
				<extensions>
					<swisstopo:routepoint_id>1562347844</swisstopo:routepoint_id>
				</extensions>
			</trkpt>
			<trkpt lat="47.1563198753" lon="9.2658412914">
				<ele>1929.2</ele>
				<extensions>
					<swisstopo:routepoint_id>1634056240</swisstopo:routepoint_id>
				</extensions>
			</trkpt>
			<trkpt lat="47.1563354573" lon="9.2658194875">
				<ele>1928.1</ele>
				<extensions>
					<swisstopo:routepoint_id>868826999</swisstopo:routepoint_id>
				</extensions>
			</trkpt>
			<trkpt lat="47.1563655362" lon="9.2658442417">
				<ele>1926.3</ele>
				<extensions>
					<swisstopo:routepoint_id>707787276</swisstopo:routepoint_id>
				</extensions>
			</trkpt>
			<trkpt lat="47.1563734732" lon="9.2658235808">
				<ele>1925.8</ele>
				<extensions>
					<swisstopo:routepoint_id>1532170179</swisstopo:routepoint_id>
				</extensions>
			</trkpt>
			<trkpt lat="47.1564054223" lon="9.2658511941">
				<ele>1924.1</ele>
				<extensions>
					<swisstopo:routepoint_id>1513308800</swisstopo:routepoint_id>
				</extensions>
			</trkpt>
			<trkpt lat="47.1564128137" lon="9.2657453445">
				<ele>1922.4</ele>
				<extensions>
					<swisstopo:routepoint_id>1856506409</swisstopo:routepoint_id>
				</extensions>
			</trkpt>
			<trkpt lat="47.1564561922" lon="9.2657719569">
				<ele>1920.3</ele>
				<extensions>
					<swisstopo:routepoint_id>844180013</swisstopo:routepoint_id>
				</extensions>
			</trkpt>
			<trkpt lat="47.1564717040" lon="9.2658143632">
				<ele>1919.6</ele>
				<extensions>
					<swisstopo:routepoint_id>305300328</swisstopo:routepoint_id>
				</extensions>
			</trkpt>
			<trkpt lat="47.1564896566" lon="9.2657633355">
				<ele>1918.0</ele>
				<extensions>
					<swisstopo:routepoint_id>1937698269</swisstopo:routepoint_id>
				</extensions>
			</trkpt>
			<trkpt lat="47.1565141773" lon="9.2657180969">
				<ele>1916.7</ele>
				<extensions>
					<swisstopo:routepoint_id>381645973</swisstopo:routepoint_id>
				</extensions>
			</trkpt>
			<trkpt lat="47.1565233559" lon="9.2657393549">
				<ele>1915.9</ele>
				<extensions>
					<swisstopo:routepoint_id>941583188</swisstopo:routepoint_id>
				</extensions>
			</trkpt>
			<trkpt lat="47.1565507038" lon="9.2656970209">
				<ele>1913.9</ele>
				<extensions>
					<swisstopo:routepoint_id>3633672</swisstopo:routepoint_id>
				</extensions>
			</trkpt>
			<trkpt lat="47.1565497638" lon="9.2656355584">
				<ele>1913.4</ele>
				<extensions>
					<swisstopo:routepoint_id>1035729522</swisstopo:routepoint_id>
				</extensions>
			</trkpt>
			<trkpt lat="47.1565776801" lon="9.2656769844">
				<ele>1911.5</ele>
				<extensions>
					<swisstopo:routepoint_id>767211730</swisstopo:routepoint_id>
				</extensions>
			</trkpt>
			<trkpt lat="47.1565991879" lon="9.2657014588">
				<ele>1910.5</ele>
				<extensions>
					<swisstopo:routepoint_id>2085175989</swisstopo:routepoint_id>
				</extensions>
			</trkpt>
			<trkpt lat="47.1566044532" lon="9.2657295522">
				<ele>1909.9</ele>
				<extensions>
					<swisstopo:routepoint_id>1176148311</swisstopo:routepoint_id>
				</extensions>
			</trkpt>
			<trkpt lat="47.1566483683" lon="9.2657827052">
				<ele>1907.0</ele>
				<extensions>
					<swisstopo:routepoint_id>1345904766</swisstopo:routepoint_id>
				</extensions>
			</trkpt>
			<trkpt lat="47.1566800870" lon="9.2658242739">
				<ele>1905.2</ele>
				<extensions>
					<swisstopo:routepoint_id>71249735</swisstopo:routepoint_id>
				</extensions>
			</trkpt>
			<trkpt lat="47.1567156928" lon="9.2659204244">
				<ele>1902.8</ele>
				<extensions>
					<swisstopo:routepoint_id>95195250</swisstopo:routepoint_id>
				</extensions>
			</trkpt>
			<trkpt lat="47.1567308145" lon="9.2659879490">
				<ele>1901.3</ele>
				<extensions>
					<swisstopo:routepoint_id>1097960503</swisstopo:routepoint_id>
				</extensions>
			</trkpt>
			<trkpt lat="47.1567600373" lon="9.2659470698">
				<ele>1899.9</ele>
				<extensions>
					<swisstopo:routepoint_id>2112283580</swisstopo:routepoint_id>
				</extensions>
			</trkpt>
			<trkpt lat="47.1567683068" lon="9.2659054625">
				<ele>1898.8</ele>
				<extensions>
					<swisstopo:routepoint_id>2139431843</swisstopo:routepoint_id>
				</extensions>
			</trkpt>
			<trkpt lat="47.1567869202" lon="9.2658725940">
				<ele>1897.8</ele>
				<extensions>
					<swisstopo:routepoint_id>2080146708</swisstopo:routepoint_id>
				</extensions>
			</trkpt>
			<trkpt lat="47.1567912101" lon="9.2658420187">
				<ele>1897.3</ele>
				<extensions>
					<swisstopo:routepoint_id>882525270</swisstopo:routepoint_id>
				</extensions>
			</trkpt>
			<trkpt lat="47.1568033398" lon="9.2658578004">
				<ele>1896.6</ele>
				<extensions>
					<swisstopo:routepoint_id>736537054</swisstopo:routepoint_id>
				</extensions>
			</trkpt>
			<trkpt lat="47.1568210317" lon="9.2658835357">
				<ele>1895.8</ele>
				<extensions>
					<swisstopo:routepoint_id>1855821326</swisstopo:routepoint_id>
				</extensions>
			</trkpt>
			<trkpt lat="47.1568263412" lon="9.2659088484">
				<ele>1895.4</ele>
				<extensions>
					<swisstopo:routepoint_id>38314597</swisstopo:routepoint_id>
				</extensions>
			</trkpt>
			<trkpt lat="47.1568365433" lon="9.2659259423">
				<ele>1894.9</ele>
				<extensions>
					<swisstopo:routepoint_id>1180754132</swisstopo:routepoint_id>
				</extensions>
			</trkpt>
			<trkpt lat="47.1568463066" lon="9.2659109085">
				<ele>1894.5</ele>
				<extensions>
					<swisstopo:routepoint_id>952874773</swisstopo:routepoint_id>
				</extensions>
			</trkpt>
			<trkpt lat="47.1568523247" lon="9.2658915859">
				<ele>1894.0</ele>
				<extensions>
					<swisstopo:routepoint_id>1493213945</swisstopo:routepoint_id>
				</extensions>
			</trkpt>
			<trkpt lat="47.1568636836" lon="9.2658961475">
				<ele>1893.4</ele>
				<extensions>
					<swisstopo:routepoint_id>1422331986</swisstopo:routepoint_id>
				</extensions>
			</trkpt>
			<trkpt lat="47.1568596455" lon="9.2658499590">
				<ele>1892.9</ele>
				<extensions>
					<swisstopo:routepoint_id>80837270</swisstopo:routepoint_id>
				</extensions>
			</trkpt>
			<trkpt lat="47.1568861434" lon="9.2658606278">
				<ele>1891.0</ele>
				<extensions>
					<swisstopo:routepoint_id>1711526405</swisstopo:routepoint_id>
				</extensions>
			</trkpt>
			<trkpt lat="47.1568922812" lon="9.2658343151">
				<ele>1890.4</ele>
				<extensions>
					<swisstopo:routepoint_id>1224424337</swisstopo:routepoint_id>
				</extensions>
			</trkpt>
			<trkpt lat="47.1569014327" lon="9.2657969370">
				<ele>1889.6</ele>
				<extensions>
					<swisstopo:routepoint_id>1507668470</swisstopo:routepoint_id>
				</extensions>
			</trkpt>
			<trkpt lat="47.1569245176" lon="9.2657823706">
				<ele>1888.2</ele>
				<extensions>
					<swisstopo:routepoint_id>1482130689</swisstopo:routepoint_id>
				</extensions>
			</trkpt>
			<trkpt lat="47.1569473814" lon="9.2657817473">
				<ele>1887.0</ele>
				<extensions>
					<swisstopo:routepoint_id>1655134040</swisstopo:routepoint_id>
				</extensions>
			</trkpt>
			<trkpt lat="47.1569561960" lon="9.2657666940">
				<ele>1886.6</ele>
				<extensions>
					<swisstopo:routepoint_id>1560847735</swisstopo:routepoint_id>
				</extensions>
			</trkpt>
			<trkpt lat="47.1569896161" lon="9.2657608532">
				<ele>1885.3</ele>
				<extensions>
					<swisstopo:routepoint_id>611998574</swisstopo:routepoint_id>
				</extensions>
			</trkpt>
			<trkpt lat="47.1570185866" lon="9.2657353199">
				<ele>1884.1</ele>
				<extensions>
					<swisstopo:routepoint_id>21757852</swisstopo:routepoint_id>
				</extensions>
			</trkpt>
			<trkpt lat="47.1570384411" lon="9.2657443709">
				<ele>1883.3</ele>
				<extensions>
					<swisstopo:routepoint_id>1875966958</swisstopo:routepoint_id>
				</extensions>
			</trkpt>
			<trkpt lat="47.1570482262" lon="9.2657279591">
				<ele>1882.9</ele>
				<extensions>
					<swisstopo:routepoint_id>1241811272</swisstopo:routepoint_id>
				</extensions>
			</trkpt>
			<trkpt lat="47.1570607106" lon="9.2657214038">
				<ele>1882.4</ele>
				<extensions>
					<swisstopo:routepoint_id>1055224714</swisstopo:routepoint_id>
				</extensions>
			</trkpt>
			<trkpt lat="47.1570758275" lon="9.2657289016">
				<ele>1881.7</ele>
				<extensions>
					<swisstopo:routepoint_id>113014266</swisstopo:routepoint_id>
				</extensions>
			</trkpt>
			<trkpt lat="47.1571030435" lon="9.2657535584">
				<ele>1880.5</ele>
				<extensions>
					<swisstopo:routepoint_id>1485497584</swisstopo:routepoint_id>
				</extensions>
			</trkpt>
			<trkpt lat="47.1571240901" lon="9.2657472952">
				<ele>1879.7</ele>
				<extensions>
					<swisstopo:routepoint_id>1604152746</swisstopo:routepoint_id>
				</extensions>
			</trkpt>
			<trkpt lat="47.1571358472" lon="9.2657267647">
				<ele>1879.2</ele>
				<extensions>
					<swisstopo:routepoint_id>1345291366</swisstopo:routepoint_id>
				</extensions>
			</trkpt>
			<trkpt lat="47.1571588215" lon="9.2657191763">
				<ele>1878.2</ele>
				<extensions>
					<swisstopo:routepoint_id>1961653730</swisstopo:routepoint_id>
				</extensions>
			</trkpt>
			<trkpt lat="47.1571758576" lon="9.2657253356">
				<ele>1877.6</ele>
				<extensions>
					<swisstopo:routepoint_id>546474786</swisstopo:routepoint_id>
				</extensions>
			</trkpt>
			<trkpt lat="47.1572041190" lon="9.2657516638">
				<ele>1876.5</ele>
				<extensions>
					<swisstopo:routepoint_id>305410388</swisstopo:routepoint_id>
				</extensions>
			</trkpt>
			<trkpt lat="47.1572363084" lon="9.2657558287">
				<ele>1875.6</ele>
				<extensions>
					<swisstopo:routepoint_id>660605454</swisstopo:routepoint_id>
				</extensions>
			</trkpt>
			<trkpt lat="47.1572801123" lon="9.2657395870">
				<ele>1874.3</ele>
				<extensions>
					<swisstopo:routepoint_id>233736431</swisstopo:routepoint_id>
				</extensions>
			</trkpt>
			<trkpt lat="47.1572927910" lon="9.2657146951">
				<ele>1873.9</ele>
				<extensions>
					<swisstopo:routepoint_id>970706670</swisstopo:routepoint_id>
				</extensions>
			</trkpt>
			<trkpt lat="47.1573248982" lon="9.2657107548">
				<ele>1873.1</ele>
				<extensions>
					<swisstopo:routepoint_id>816272758</swisstopo:routepoint_id>
				</extensions>
			</trkpt>
			<trkpt lat="47.1573474114" lon="9.2657117297">
				<ele>1872.5</ele>
				<extensions>
					<swisstopo:routepoint_id>847056903</swisstopo:routepoint_id>
				</extensions>
			</trkpt>
			<trkpt lat="47.1573758746" lon="9.2657187042">
				<ele>1871.7</ele>
				<extensions>
					<swisstopo:routepoint_id>1085866787</swisstopo:routepoint_id>
				</extensions>
			</trkpt>
			<trkpt lat="47.1574293918" lon="9.2657105097">
				<ele>1870.1</ele>
				<extensions>
					<swisstopo:routepoint_id>1869641613</swisstopo:routepoint_id>
				</extensions>
			</trkpt>
			<trkpt lat="47.1574705354" lon="9.2656958130">
				<ele>1868.8</ele>
				<extensions>
					<swisstopo:routepoint_id>1294325668</swisstopo:routepoint_id>
				</extensions>
			</trkpt>
			<trkpt lat="47.1575222698" lon="9.2656636160">
				<ele>1867.6</ele>
				<extensions>
					<swisstopo:routepoint_id>3782433</swisstopo:routepoint_id>
				</extensions>
			</trkpt>
			<trkpt lat="47.1575526352" lon="9.2656421505">
				<ele>1866.7</ele>
				<extensions>
					<swisstopo:routepoint_id>901056611</swisstopo:routepoint_id>
				</extensions>
			</trkpt>
			<trkpt lat="47.1575949535" lon="9.2656407728">
				<ele>1865.9</ele>
				<extensions>
					<swisstopo:routepoint_id>103805425</swisstopo:routepoint_id>
				</extensions>
			</trkpt>
			<trkpt lat="47.1576422497" lon="9.2656579790">
				<ele>1864.6</ele>
				<extensions>
					<swisstopo:routepoint_id>247375031</swisstopo:routepoint_id>
				</extensions>
			</trkpt>
			<trkpt lat="47.1576669621" lon="9.2656661297">
				<ele>1863.8</ele>
				<extensions>
					<swisstopo:routepoint_id>180558206</swisstopo:routepoint_id>
				</extensions>
			</trkpt>
			<trkpt lat="47.1576915946" lon="9.2656645829">
				<ele>1863.2</ele>
				<extensions>
					<swisstopo:routepoint_id>1241071531</swisstopo:routepoint_id>
				</extensions>
			</trkpt>
			<trkpt lat="47.1577086487" lon="9.2656524368">
				<ele>1862.7</ele>
				<extensions>
					<swisstopo:routepoint_id>1631481661</swisstopo:routepoint_id>
				</extensions>
			</trkpt>
			<trkpt lat="47.1577213377" lon="9.2656307751">
				<ele>1862.5</ele>
				<extensions>
					<swisstopo:routepoint_id>232899785</swisstopo:routepoint_id>
				</extensions>
			</trkpt>
			<trkpt lat="47.1578036940" lon="9.2656078788">
				<ele>1860.7</ele>
				<extensions>
					<swisstopo:routepoint_id>916019704</swisstopo:routepoint_id>
				</extensions>
			</trkpt>
			<trkpt lat="47.1578222847" lon="9.2655873556">
				<ele>1860.2</ele>
				<extensions>
					<swisstopo:routepoint_id>1606674326</swisstopo:routepoint_id>
				</extensions>
			</trkpt>
			<trkpt lat="47.1578586512" lon="9.2655783615">
				<ele>1858.9</ele>
				<extensions>
					<swisstopo:routepoint_id>89792360</swisstopo:routepoint_id>
				</extensions>
			</trkpt>
			<trkpt lat="47.1578699740" lon="9.2655877570">
				<ele>1858.3</ele>
				<extensions>
					<swisstopo:routepoint_id>900678409</swisstopo:routepoint_id>
				</extensions>
			</trkpt>
			<trkpt lat="47.1579072833" lon="9.2655612921">
				<ele>1856.7</ele>
				<extensions>
					<swisstopo:routepoint_id>812946489</swisstopo:routepoint_id>
				</extensions>
			</trkpt>
			<trkpt lat="47.1579456770" lon="9.2655368012">
				<ele>1855.0</ele>
				<extensions>
					<swisstopo:routepoint_id>1694320587</swisstopo:routepoint_id>
				</extensions>
			</trkpt>
			<trkpt lat="47.1579755213" lon="9.2655175867">
				<ele>1853.9</ele>
				<extensions>
					<swisstopo:routepoint_id>211054312</swisstopo:routepoint_id>
				</extensions>
			</trkpt>
			<trkpt lat="47.1579973218" lon="9.2654948898">
				<ele>1853.5</ele>
				<extensions>
					<swisstopo:routepoint_id>1991868485</swisstopo:routepoint_id>
				</extensions>
			</trkpt>
			<trkpt lat="47.1580202577" lon="9.2654806498">
				<ele>1853.6</ele>
				<extensions>
					<swisstopo:routepoint_id>1784726362</swisstopo:routepoint_id>
				</extensions>
			</trkpt>
			<trkpt lat="47.1580738279" lon="9.2654789427">
				<ele>1853.5</ele>
				<extensions>
					<swisstopo:routepoint_id>1009130903</swisstopo:routepoint_id>
				</extensions>
			</trkpt>
			<trkpt lat="47.1580959102" lon="9.2654935074">
				<ele>1852.8</ele>
				<extensions>
					<swisstopo:routepoint_id>865339941</swisstopo:routepoint_id>
				</extensions>
			</trkpt>
			<trkpt lat="47.1581307114" lon="9.2654896442">
				<ele>1852.0</ele>
				<extensions>
					<swisstopo:routepoint_id>911840819</swisstopo:routepoint_id>
				</extensions>
			</trkpt>
			<trkpt lat="47.1581642073" lon="9.2654562668">
				<ele>1851.3</ele>
				<extensions>
					<swisstopo:routepoint_id>1656377840</swisstopo:routepoint_id>
				</extensions>
			</trkpt>
			<trkpt lat="47.1581742343" lon="9.2654361646">
				<ele>1851.0</ele>
				<extensions>
					<swisstopo:routepoint_id>1026244871</swisstopo:routepoint_id>
				</extensions>
			</trkpt>
			<trkpt lat="47.1582192425" lon="9.2654348381">
				<ele>1850.7</ele>
				<extensions>
					<swisstopo:routepoint_id>294194895</swisstopo:routepoint_id>
				</extensions>
			</trkpt>
			<trkpt lat="47.1582341503" lon="9.2654236072">
				<ele>1850.5</ele>
				<extensions>
					<swisstopo:routepoint_id>2087447762</swisstopo:routepoint_id>
				</extensions>
			</trkpt>
			<trkpt lat="47.1582608704" lon="9.2654146667">
				<ele>1850.0</ele>
				<extensions>
					<swisstopo:routepoint_id>652022908</swisstopo:routepoint_id>
				</extensions>
			</trkpt>
			<trkpt lat="47.1583004783" lon="9.2654083542">
				<ele>1849.5</ele>
				<extensions>
					<swisstopo:routepoint_id>715824086</swisstopo:routepoint_id>
				</extensions>
			</trkpt>
			<trkpt lat="47.1583632925" lon="9.2654234255">
				<ele>1849.6</ele>
				<extensions>
					<swisstopo:routepoint_id>359851834</swisstopo:routepoint_id>
				</extensions>
			</trkpt>
			<trkpt lat="47.1584265405" lon="9.2654265347">
				<ele>1849.8</ele>
				<extensions>
					<swisstopo:routepoint_id>883828419</swisstopo:routepoint_id>
				</extensions>
			</trkpt>
			<trkpt lat="47.1584726031" lon="9.2654239659">
				<ele>1849.2</ele>
				<extensions>
					<swisstopo:routepoint_id>867887949</swisstopo:routepoint_id>
				</extensions>
			</trkpt>
			<trkpt lat="47.1585228094" lon="9.2655497914">
				<ele>1846.0</ele>
				<extensions>
					<swisstopo:routepoint_id>884880832</swisstopo:routepoint_id>
				</extensions>
			</trkpt>
			<trkpt lat="47.1585631438" lon="9.2657125727">
				<ele>1841.0</ele>
				<extensions>
					<swisstopo:routepoint_id>1816220470</swisstopo:routepoint_id>
				</extensions>
			</trkpt>
			<trkpt lat="47.1586247340" lon="9.2658462137">
				<ele>1836.0</ele>
				<extensions>
					<swisstopo:routepoint_id>1746767280</swisstopo:routepoint_id>
				</extensions>
			</trkpt>
			<trkpt lat="47.1587238448" lon="9.2659099732">
				<ele>1832.8</ele>
				<extensions>
					<swisstopo:routepoint_id>527934891</swisstopo:routepoint_id>
				</extensions>
			</trkpt>
			<trkpt lat="47.1587091777" lon="9.2660149460">
				<ele>1829.5</ele>
				<extensions>
					<swisstopo:routepoint_id>609892746</swisstopo:routepoint_id>
				</extensions>
			</trkpt>
			<trkpt lat="47.1586965571" lon="9.2661003088">
				<ele>1821.5</ele>
				<extensions>
					<swisstopo:routepoint_id>676978536</swisstopo:routepoint_id>
				</extensions>
			</trkpt>
			<trkpt lat="47.1587720929" lon="9.2661200373">
				<ele>1821.6</ele>
				<extensions>
					<swisstopo:routepoint_id>1208902229</swisstopo:routepoint_id>
				</extensions>
			</trkpt>
			<trkpt lat="47.1589272769" lon="9.2661463104">
				<ele>1820.4</ele>
				<extensions>
					<swisstopo:routepoint_id>616833014</swisstopo:routepoint_id>
				</extensions>
			</trkpt>
			<trkpt lat="47.1590581830" lon="9.2661190183">
				<ele>1816.7</ele>
				<extensions>
					<swisstopo:routepoint_id>1584935086</swisstopo:routepoint_id>
				</extensions>
			</trkpt>
			<trkpt lat="47.1591797560" lon="9.2661053758">
				<ele>1813.0</ele>
				<extensions>
					<swisstopo:routepoint_id>745139649</swisstopo:routepoint_id>
				</extensions>
			</trkpt>
			<trkpt lat="47.1592734392" lon="9.2660469326">
				<ele>1810.5</ele>
				<extensions>
					<swisstopo:routepoint_id>1659817797</swisstopo:routepoint_id>
				</extensions>
			</trkpt>
			<trkpt lat="47.1593761152" lon="9.2659954723">
				<ele>1807.7</ele>
				<extensions>
					<swisstopo:routepoint_id>1385415453</swisstopo:routepoint_id>
				</extensions>
			</trkpt>
			<trkpt lat="47.1594257177" lon="9.2660108323">
				<ele>1806.0</ele>
				<extensions>
					<swisstopo:routepoint_id>851307281</swisstopo:routepoint_id>
				</extensions>
			</trkpt>
			<trkpt lat="47.1594520326" lon="9.2660733596">
				<ele>1804.4</ele>
				<extensions>
					<swisstopo:routepoint_id>414291265</swisstopo:routepoint_id>
				</extensions>
			</trkpt>
			<trkpt lat="47.1595153552" lon="9.2662490770">
				<ele>1800.8</ele>
				<extensions>
					<swisstopo:routepoint_id>1463794071</swisstopo:routepoint_id>
				</extensions>
			</trkpt>
			<trkpt lat="47.1595830868" lon="9.2663925357">
				<ele>1798.4</ele>
				<extensions>
					<swisstopo:routepoint_id>268666295</swisstopo:routepoint_id>
				</extensions>
			</trkpt>
			<trkpt lat="47.1595194252" lon="9.2663532274">
				<ele>1800.4</ele>
				<extensions>
					<swisstopo:routepoint_id>438916820</swisstopo:routepoint_id>
				</extensions>
			</trkpt>
			<trkpt lat="47.1594231318" lon="9.2663340838">
				<ele>1803.4</ele>
				<extensions>
					<swisstopo:routepoint_id>1790767075</swisstopo:routepoint_id>
				</extensions>
			</trkpt>
			<trkpt lat="47.1593519205" lon="9.2663440906">
				<ele>1805.4</ele>
				<extensions>
					<swisstopo:routepoint_id>2093158826</swisstopo:routepoint_id>
				</extensions>
			</trkpt>
			<trkpt lat="47.1592918697" lon="9.2663623670">
				<ele>1807.2</ele>
				<extensions>
					<swisstopo:routepoint_id>1424539826</swisstopo:routepoint_id>
				</extensions>
			</trkpt>
			<trkpt lat="47.1592158978" lon="9.2663967459">
				<ele>1807.9</ele>
				<extensions>
					<swisstopo:routepoint_id>1435232990</swisstopo:routepoint_id>
				</extensions>
			</trkpt>
			<trkpt lat="47.1591486853" lon="9.2664365025">
				<ele>1807.5</ele>
				<extensions>
					<swisstopo:routepoint_id>2119586718</swisstopo:routepoint_id>
				</extensions>
			</trkpt>
			<trkpt lat="47.1590934320" lon="9.2664620260">
				<ele>1807.2</ele>
				<extensions>
					<swisstopo:routepoint_id>2045135679</swisstopo:routepoint_id>
				</extensions>
			</trkpt>
			<trkpt lat="47.1590577981" lon="9.2664872035">
				<ele>1807.0</ele>
				<extensions>
					<swisstopo:routepoint_id>2030565108</swisstopo:routepoint_id>
				</extensions>
			</trkpt>
			<trkpt lat="47.1590172605" lon="9.2665384506">
				<ele>1806.6</ele>
				<extensions>
					<swisstopo:routepoint_id>1471684401</swisstopo:routepoint_id>
				</extensions>
			</trkpt>
			<trkpt lat="47.1589611830" lon="9.2666073829">
				<ele>1805.0</ele>
				<extensions>
					<swisstopo:routepoint_id>1801689243</swisstopo:routepoint_id>
				</extensions>
			</trkpt>
			<trkpt lat="47.1588851444" lon="9.2666732066">
				<ele>1802.4</ele>
				<extensions>
					<swisstopo:routepoint_id>1228518443</swisstopo:routepoint_id>
				</extensions>
			</trkpt>
			<trkpt lat="47.1588311477" lon="9.2667153272">
				<ele>1800.5</ele>
				<extensions>
					<swisstopo:routepoint_id>2118296687</swisstopo:routepoint_id>
				</extensions>
			</trkpt>
			<trkpt lat="47.1587786687" lon="9.2667672736">
				<ele>1799.0</ele>
				<extensions>
					<swisstopo:routepoint_id>1608790231</swisstopo:routepoint_id>
				</extensions>
			</trkpt>
			<trkpt lat="47.1587480660" lon="9.2668053256">
				<ele>1798.4</ele>
				<extensions>
					<swisstopo:routepoint_id>466212241</swisstopo:routepoint_id>
				</extensions>
			</trkpt>
			<trkpt lat="47.1587322223" lon="9.2668585382">
				<ele>1797.7</ele>
				<extensions>
					<swisstopo:routepoint_id>2095891026</swisstopo:routepoint_id>
				</extensions>
			</trkpt>
			<trkpt lat="47.1587237826" lon="9.2668908438">
				<ele>1797.5</ele>
				<extensions>
					<swisstopo:routepoint_id>1358992353</swisstopo:routepoint_id>
				</extensions>
			</trkpt>
			<trkpt lat="47.1587404374" lon="9.2669616681">
				<ele>1796.8</ele>
				<extensions>
					<swisstopo:routepoint_id>572760201</swisstopo:routepoint_id>
				</extensions>
			</trkpt>
			<trkpt lat="47.1587691290" lon="9.2670483762">
				<ele>1795.8</ele>
				<extensions>
					<swisstopo:routepoint_id>1417805159</swisstopo:routepoint_id>
				</extensions>
			</trkpt>
			<trkpt lat="47.1587936031" lon="9.2670868723">
				<ele>1795.3</ele>
				<extensions>
					<swisstopo:routepoint_id>1807563603</swisstopo:routepoint_id>
				</extensions>
			</trkpt>
			<trkpt lat="47.1588142836" lon="9.2671154905">
				<ele>1794.8</ele>
				<extensions>
					<swisstopo:routepoint_id>1227368834</swisstopo:routepoint_id>
				</extensions>
			</trkpt>
			<trkpt lat="47.1588213230" lon="9.2671373239">
				<ele>1794.5</ele>
				<extensions>
					<swisstopo:routepoint_id>1074389830</swisstopo:routepoint_id>
				</extensions>
			</trkpt>
			<trkpt lat="47.1588331796" lon="9.2672009141">
				<ele>1793.6</ele>
				<extensions>
					<swisstopo:routepoint_id>1512131604</swisstopo:routepoint_id>
				</extensions>
			</trkpt>
			<trkpt lat="47.1588373095" lon="9.2672564307">
				<ele>1792.8</ele>
				<extensions>
					<swisstopo:routepoint_id>173989253</swisstopo:routepoint_id>
				</extensions>
			</trkpt>
			<trkpt lat="47.1588331622" lon="9.2673107802">
				<ele>1792.3</ele>
				<extensions>
					<swisstopo:routepoint_id>841141122</swisstopo:routepoint_id>
				</extensions>
			</trkpt>
			<trkpt lat="47.1588196617" lon="9.2673364897">
				<ele>1792.4</ele>
				<extensions>
					<swisstopo:routepoint_id>26499093</swisstopo:routepoint_id>
				</extensions>
			</trkpt>
			<trkpt lat="47.1588003291" lon="9.2673550227">
				<ele>1792.4</ele>
				<extensions>
					<swisstopo:routepoint_id>1273900069</swisstopo:routepoint_id>
				</extensions>
			</trkpt>
			<trkpt lat="47.1587679857" lon="9.2673678860">
				<ele>1792.4</ele>
				<extensions>
					<swisstopo:routepoint_id>1892524198</swisstopo:routepoint_id>
				</extensions>
			</trkpt>
			<trkpt lat="47.1587229005" lon="9.2673768838">
				<ele>1792.8</ele>
				<extensions>
					<swisstopo:routepoint_id>1562011818</swisstopo:routepoint_id>
				</extensions>
			</trkpt>
			<trkpt lat="47.1587065182" lon="9.2673920881">
				<ele>1792.9</ele>
				<extensions>
					<swisstopo:routepoint_id>1047960695</swisstopo:routepoint_id>
				</extensions>
			</trkpt>
			<trkpt lat="47.1586816144" lon="9.2674203222">
				<ele>1793.3</ele>
				<extensions>
					<swisstopo:routepoint_id>1348197056</swisstopo:routepoint_id>
				</extensions>
			</trkpt>
			<trkpt lat="47.1586629511" lon="9.2674583858">
				<ele>1793.7</ele>
				<extensions>
					<swisstopo:routepoint_id>1496048476</swisstopo:routepoint_id>
				</extensions>
			</trkpt>
			<trkpt lat="47.1586494843" lon="9.2675103989">
				<ele>1794.2</ele>
				<extensions>
					<swisstopo:routepoint_id>1443798047</swisstopo:routepoint_id>
				</extensions>
			</trkpt>
			<trkpt lat="47.1586453911" lon="9.2675929919">
				<ele>1794.9</ele>
				<extensions>
					<swisstopo:routepoint_id>1526975271</swisstopo:routepoint_id>
				</extensions>
			</trkpt>
			<trkpt lat="47.1586536274" lon="9.2676709677">
				<ele>1795.0</ele>
				<extensions>
					<swisstopo:routepoint_id>2053277902</swisstopo:routepoint_id>
				</extensions>
			</trkpt>
			<trkpt lat="47.1586626102" lon="9.2677998469">
				<ele>1795.1</ele>
				<extensions>
					<swisstopo:routepoint_id>1488807357</swisstopo:routepoint_id>
				</extensions>
			</trkpt>
			<trkpt lat="47.1586700416" lon="9.2678643918">
				<ele>1795.3</ele>
				<extensions>
					<swisstopo:routepoint_id>457772073</swisstopo:routepoint_id>
				</extensions>
			</trkpt>
			<trkpt lat="47.1586843686" lon="9.2679264836">
				<ele>1795.4</ele>
				<extensions>
					<swisstopo:routepoint_id>165110171</swisstopo:routepoint_id>
				</extensions>
			</trkpt>
			<trkpt lat="47.1587024743" lon="9.2679999036">
				<ele>1795.9</ele>
				<extensions>
					<swisstopo:routepoint_id>140176990</swisstopo:routepoint_id>
				</extensions>
			</trkpt>
			<trkpt lat="47.1587205850" lon="9.2680718859">
				<ele>1796.9</ele>
				<extensions>
					<swisstopo:routepoint_id>1845819536</swisstopo:routepoint_id>
				</extensions>
			</trkpt>
			<trkpt lat="47.1587272841" lon="9.2681185723">
				<ele>1797.7</ele>
				<extensions>
					<swisstopo:routepoint_id>1780756704</swisstopo:routepoint_id>
				</extensions>
			</trkpt>
			<trkpt lat="47.1587282644" lon="9.2681893749">
				<ele>1798.9</ele>
				<extensions>
					<swisstopo:routepoint_id>2007294661</swisstopo:routepoint_id>
				</extensions>
			</trkpt>
			<trkpt lat="47.1587316697" lon="9.2682961132">
				<ele>1799.8</ele>
				<extensions>
					<swisstopo:routepoint_id>1619772119</swisstopo:routepoint_id>
				</extensions>
			</trkpt>
			<trkpt lat="47.1587313226" lon="9.2683569905">
				<ele>1800.6</ele>
				<extensions>
					<swisstopo:routepoint_id>677166396</swisstopo:routepoint_id>
				</extensions>
			</trkpt>
			<trkpt lat="47.1587354428" lon="9.2684125197">
				<ele>1801.0</ele>
				<extensions>
					<swisstopo:routepoint_id>1978863355</swisstopo:routepoint_id>
				</extensions>
			</trkpt>
			<trkpt lat="47.1587471251" lon="9.2684892549">
				<ele>1801.5</ele>
				<extensions>
					<swisstopo:routepoint_id>467000899</swisstopo:routepoint_id>
				</extensions>
			</trkpt>
			<trkpt lat="47.1587612611" lon="9.2685299839">
				<ele>1801.4</ele>
				<extensions>
					<swisstopo:routepoint_id>1792302024</swisstopo:routepoint_id>
				</extensions>
			</trkpt>
			<trkpt lat="47.1587917364" lon="9.2685944345">
				<ele>1801.7</ele>
				<extensions>
					<swisstopo:routepoint_id>202882659</swisstopo:routepoint_id>
				</extensions>
			</trkpt>
			<trkpt lat="47.1588316689" lon="9.2686475849">
				<ele>1801.2</ele>
				<extensions>
					<swisstopo:routepoint_id>1706550513</swisstopo:routepoint_id>
				</extensions>
			</trkpt>
			<trkpt lat="47.1588423652" lon="9.2687640023">
				<ele>1803.4</ele>
				<extensions>
					<swisstopo:routepoint_id>2060443884</swisstopo:routepoint_id>
				</extensions>
			</trkpt>
			<trkpt lat="47.1588562870" lon="9.2688765110">
				<ele>1802.6</ele>
				<extensions>
					<swisstopo:routepoint_id>1712666375</swisstopo:routepoint_id>
				</extensions>
			</trkpt>
			<trkpt lat="47.1588556671" lon="9.2689602597">
				<ele>1805.0</ele>
				<extensions>
					<swisstopo:routepoint_id>1471409940</swisstopo:routepoint_id>
				</extensions>
			</trkpt>
			<trkpt lat="47.1588451534" lon="9.2690373839">
				<ele>1807.1</ele>
				<extensions>
					<swisstopo:routepoint_id>1000040366</swisstopo:routepoint_id>
				</extensions>
			</trkpt>
			<trkpt lat="47.1588101475" lon="9.2691733382">
				<ele>1810.2</ele>
				<extensions>
					<swisstopo:routepoint_id>385167832</swisstopo:routepoint_id>
				</extensions>
			</trkpt>
			<trkpt lat="47.1587959098" lon="9.2692597514">
				<ele>1810.7</ele>
				<extensions>
					<swisstopo:routepoint_id>907851281</swisstopo:routepoint_id>
				</extensions>
			</trkpt>
			<trkpt lat="47.1587824905" lon="9.2692984196">
				<ele>1811.6</ele>
				<extensions>
					<swisstopo:routepoint_id>997080247</swisstopo:routepoint_id>
				</extensions>
			</trkpt>
			<trkpt lat="47.1587779531" lon="9.2693115013">
				<ele>1811.9</ele>
				<extensions>
					<swisstopo:routepoint_id>320897752</swisstopo:routepoint_id>
				</extensions>
			</trkpt>
			<trkpt lat="47.1587427758" lon="9.2694129007">
				<ele>1816.1</ele>
				<extensions>
					<swisstopo:routepoint_id>14329688</swisstopo:routepoint_id>
				</extensions>
			</trkpt>
			<trkpt lat="47.1587110971" lon="9.2695186192">
				<ele>1816.6</ele>
				<extensions>
					<swisstopo:routepoint_id>620467360</swisstopo:routepoint_id>
				</extensions>
			</trkpt>
			<trkpt lat="47.1586660381" lon="9.2696573721">
				<ele>1821.5</ele>
				<extensions>
					<swisstopo:routepoint_id>59706987</swisstopo:routepoint_id>
				</extensions>
			</trkpt>
			<trkpt lat="47.1586445449" lon="9.2697519094">
				<ele>1824.1</ele>
				<extensions>
					<swisstopo:routepoint_id>1787422410</swisstopo:routepoint_id>
				</extensions>
			</trkpt>
			<trkpt lat="47.1586289626" lon="9.2698780807">
				<ele>1822.9</ele>
				<extensions>
					<swisstopo:routepoint_id>1672146036</swisstopo:routepoint_id>
				</extensions>
			</trkpt>
			<trkpt lat="47.1586098573" lon="9.2700020058">
				<ele>1822.6</ele>
				<extensions>
					<swisstopo:routepoint_id>1600075110</swisstopo:routepoint_id>
				</extensions>
			</trkpt>
			<trkpt lat="47.1585919180" lon="9.2702464918">
				<ele>1823.1</ele>
				<extensions>
					<swisstopo:routepoint_id>941400137</swisstopo:routepoint_id>
				</extensions>
			</trkpt>
			<trkpt lat="47.1585769562" lon="9.2704738823">
				<ele>1826.4</ele>
				<extensions>
					<swisstopo:routepoint_id>2031393849</swisstopo:routepoint_id>
				</extensions>
			</trkpt>
			<trkpt lat="47.1585669644" lon="9.2705628748">
				<ele>1827.1</ele>
				<extensions>
					<swisstopo:routepoint_id>2099945121</swisstopo:routepoint_id>
				</extensions>
			</trkpt>
			<trkpt lat="47.1585198603" lon="9.2706506221">
				<ele>1828.5</ele>
				<extensions>
					<swisstopo:routepoint_id>1458783439</swisstopo:routepoint_id>
				</extensions>
			</trkpt>
			<trkpt lat="47.1584970213" lon="9.2707098688">
				<ele>1828.2</ele>
				<extensions>
					<swisstopo:routepoint_id>903315326</swisstopo:routepoint_id>
				</extensions>
			</trkpt>
			<trkpt lat="47.1584840638" lon="9.2708057544">
				<ele>1827.0</ele>
				<extensions>
					<swisstopo:routepoint_id>593432342</swisstopo:routepoint_id>
				</extensions>
			</trkpt>
			<trkpt lat="47.1584907385" lon="9.2709246359">
				<ele>1824.1</ele>
				<extensions>
					<swisstopo:routepoint_id>494773018</swisstopo:routepoint_id>
				</extensions>
			</trkpt>
			<trkpt lat="47.1585301290" lon="9.2710223269">
				<ele>1822.3</ele>
				<extensions>
					<swisstopo:routepoint_id>1807892003</swisstopo:routepoint_id>
				</extensions>
			</trkpt>
			<trkpt lat="47.1585640560" lon="9.2711044501">
				<ele>1821.4</ele>
				<extensions>
					<swisstopo:routepoint_id>2139413732</swisstopo:routepoint_id>
				</extensions>
			</trkpt>
			<trkpt lat="47.1585844830" lon="9.2711972926">
				<ele>1822.2</ele>
				<extensions>
					<swisstopo:routepoint_id>420373245</swisstopo:routepoint_id>
				</extensions>
			</trkpt>
			<trkpt lat="47.1585881013" lon="9.2712686007">
				<ele>1823.1</ele>
				<extensions>
					<swisstopo:routepoint_id>1574445997</swisstopo:routepoint_id>
				</extensions>
			</trkpt>
			<trkpt lat="47.1585838023" lon="9.2713195293">
				<ele>1823.8</ele>
				<extensions>
					<swisstopo:routepoint_id>709618084</swisstopo:routepoint_id>
				</extensions>
			</trkpt>
			<trkpt lat="47.1585594725" lon="9.2714122300">
				<ele>1823.8</ele>
				<extensions>
					<swisstopo:routepoint_id>1310356067</swisstopo:routepoint_id>
				</extensions>
			</trkpt>
			<trkpt lat="47.1585474119" lon="9.2714523040">
				<ele>1822.1</ele>
				<extensions>
					<swisstopo:routepoint_id>1105699194</swisstopo:routepoint_id>
				</extensions>
			</trkpt>
			<trkpt lat="47.1584849686" lon="9.2715464942">
				<ele>1821.4</ele>
				<extensions>
					<swisstopo:routepoint_id>492248034</swisstopo:routepoint_id>
				</extensions>
			</trkpt>
			<trkpt lat="47.1583842118" lon="9.2716547137">
				<ele>1822.4</ele>
				<extensions>
					<swisstopo:routepoint_id>219415819</swisstopo:routepoint_id>
				</extensions>
			</trkpt>
			<trkpt lat="47.1583107742" lon="9.2717220037">
				<ele>1823.4</ele>
				<extensions>
					<swisstopo:routepoint_id>1046475307</swisstopo:routepoint_id>
				</extensions>
			</trkpt>
			<trkpt lat="47.1582510736" lon="9.2718232690">
				<ele>1824.4</ele>
				<extensions>
					<swisstopo:routepoint_id>1669546487</swisstopo:routepoint_id>
				</extensions>
			</trkpt>
			<trkpt lat="47.1582438527" lon="9.2718579308">
				<ele>1824.6</ele>
				<extensions>
					<swisstopo:routepoint_id>1281791992</swisstopo:routepoint_id>
				</extensions>
			</trkpt>
			<trkpt lat="47.1582564209" lon="9.2719658456">
				<ele>1824.9</ele>
				<extensions>
					<swisstopo:routepoint_id>1734597031</swisstopo:routepoint_id>
				</extensions>
			</trkpt>
			<trkpt lat="47.1582231863" lon="9.2720791857">
				<ele>1826.3</ele>
				<extensions>
					<swisstopo:routepoint_id>1501054620</swisstopo:routepoint_id>
				</extensions>
			</trkpt>
			<trkpt lat="47.1581857191" lon="9.2721002258">
				<ele>1828.9</ele>
				<extensions>
					<swisstopo:routepoint_id>1051662490</swisstopo:routepoint_id>
				</extensions>
			</trkpt>
			<trkpt lat="47.1581641386" lon="9.2721399860">
				<ele>1831.6</ele>
				<extensions>
					<swisstopo:routepoint_id>1681940793</swisstopo:routepoint_id>
				</extensions>
			</trkpt>
			<trkpt lat="47.1581527819" lon="9.2721954386">
				<ele>1832.0</ele>
				<extensions>
					<swisstopo:routepoint_id>1418510020</swisstopo:routepoint_id>
				</extensions>
			</trkpt>
			<trkpt lat="47.1581420622" lon="9.2722704543">
				<ele>1831.1</ele>
				<extensions>
					<swisstopo:routepoint_id>1523651664</swisstopo:routepoint_id>
				</extensions>
			</trkpt>
			<trkpt lat="47.1581395345" lon="9.2723094504">
				<ele>1830.4</ele>
				<extensions>
					<swisstopo:routepoint_id>630267924</swisstopo:routepoint_id>
				</extensions>
			</trkpt>
			<trkpt lat="47.1581184654" lon="9.2723171014">
				<ele>1830.7</ele>
				<extensions>
					<swisstopo:routepoint_id>935720415</swisstopo:routepoint_id>
				</extensions>
			</trkpt>
			<trkpt lat="47.1581093547" lon="9.2722916574">
				<ele>1830.8</ele>
				<extensions>
					<swisstopo:routepoint_id>619883316</swisstopo:routepoint_id>
				</extensions>
			</trkpt>
			<trkpt lat="47.1580886323" lon="9.2722769963">
				<ele>1831.3</ele>
				<extensions>
					<swisstopo:routepoint_id>1688303761</swisstopo:routepoint_id>
				</extensions>
			</trkpt>
			<trkpt lat="47.1580596605" lon="9.2723025267">
				<ele>1831.1</ele>
				<extensions>
					<swisstopo:routepoint_id>1156064310</swisstopo:routepoint_id>
				</extensions>
			</trkpt>
			<trkpt lat="47.1580220524" lon="9.2723919757">
				<ele>1830.6</ele>
				<extensions>
					<swisstopo:routepoint_id>491739938</swisstopo:routepoint_id>
				</extensions>
			</trkpt>
			<trkpt lat="47.1579992925" lon="9.2724456459">
				<ele>1830.9</ele>
				<extensions>
					<swisstopo:routepoint_id>1774926345</swisstopo:routepoint_id>
				</extensions>
			</trkpt>
			<trkpt lat="47.1579897301" lon="9.2725081416">
				<ele>1831.7</ele>
				<extensions>
					<swisstopo:routepoint_id>1333290849</swisstopo:routepoint_id>
				</extensions>
			</trkpt>
			<trkpt lat="47.1579898561" lon="9.2725598011">
				<ele>1832.5</ele>
				<extensions>
					<swisstopo:routepoint_id>1736772239</swisstopo:routepoint_id>
				</extensions>
			</trkpt>
			<trkpt lat="47.1580045515" lon="9.2726538376">
				<ele>1834.8</ele>
				<extensions>
					<swisstopo:routepoint_id>67312023</swisstopo:routepoint_id>
				</extensions>
			</trkpt>
			<trkpt lat="47.1580110781" lon="9.2726743628">
				<ele>1835.1</ele>
				<extensions>
					<swisstopo:routepoint_id>287749181</swisstopo:routepoint_id>
				</extensions>
			</trkpt>
			<trkpt lat="47.1580601147" lon="9.2727009177">
				<ele>1835.7</ele>
				<extensions>
					<swisstopo:routepoint_id>74381105</swisstopo:routepoint_id>
				</extensions>
			</trkpt>
			<trkpt lat="47.1581170324" lon="9.2727462412">
				<ele>1836.0</ele>
				<extensions>
					<swisstopo:routepoint_id>476598345</swisstopo:routepoint_id>
				</extensions>
			</trkpt>
			<trkpt lat="47.1581473819" lon="9.2727710221">
				<ele>1835.0</ele>
				<extensions>
					<swisstopo:routepoint_id>546641973</swisstopo:routepoint_id>
				</extensions>
			</trkpt>
			<trkpt lat="47.1581750943" lon="9.2727936648">
				<ele>1834.7</ele>
				<extensions>
					<swisstopo:routepoint_id>719651011</swisstopo:routepoint_id>
				</extensions>
			</trkpt>
			<trkpt lat="47.1582486272" lon="9.2728334906">
				<ele>1833.0</ele>
				<extensions>
					<swisstopo:routepoint_id>265427690</swisstopo:routepoint_id>
				</extensions>
			</trkpt>
			<trkpt lat="47.1582861238" lon="9.2729087680">
				<ele>1833.1</ele>
				<extensions>
					<swisstopo:routepoint_id>882417296</swisstopo:routepoint_id>
				</extensions>
			</trkpt>
			<trkpt lat="47.1582884193" lon="9.2729516394">
				<ele>1833.4</ele>
				<extensions>
					<swisstopo:routepoint_id>670222773</swisstopo:routepoint_id>
				</extensions>
			</trkpt>
			<trkpt lat="47.1582899270" lon="9.2729761273">
				<ele>1833.8</ele>
				<extensions>
					<swisstopo:routepoint_id>631111558</swisstopo:routepoint_id>
				</extensions>
			</trkpt>
			<trkpt lat="47.1582910719" lon="9.2729936084">
				<ele>1834.3</ele>
				<extensions>
					<swisstopo:routepoint_id>214696474</swisstopo:routepoint_id>
				</extensions>
			</trkpt>
			<trkpt lat="47.1582980335" lon="9.2730050283">
				<ele>1834.4</ele>
				<extensions>
					<swisstopo:routepoint_id>1311348805</swisstopo:routepoint_id>
				</extensions>
			</trkpt>
			<trkpt lat="47.1583059104" lon="9.2730185537">
				<ele>1834.4</ele>
				<extensions>
					<swisstopo:routepoint_id>2046876414</swisstopo:routepoint_id>
				</extensions>
			</trkpt>
			<trkpt lat="47.1583142811" lon="9.2730314131">
				<ele>1835.2</ele>
				<extensions>
					<swisstopo:routepoint_id>1995299817</swisstopo:routepoint_id>
				</extensions>
			</trkpt>
			<trkpt lat="47.1583226322" lon="9.2730449544">
				<ele>1834.1</ele>
				<extensions>
					<swisstopo:routepoint_id>654828435</swisstopo:routepoint_id>
				</extensions>
			</trkpt>
			<trkpt lat="47.1583318849" lon="9.2730620180">
				<ele>1833.8</ele>
				<extensions>
					<swisstopo:routepoint_id>432678911</swisstopo:routepoint_id>
				</extensions>
			</trkpt>
			<trkpt lat="47.1583406879" lon="9.2730769789">
				<ele>1833.7</ele>
				<extensions>
					<swisstopo:routepoint_id>464225666</swisstopo:routepoint_id>
				</extensions>
			</trkpt>
			<trkpt lat="47.1583499408" lon="9.2730940425">
				<ele>1833.4</ele>
				<extensions>
					<swisstopo:routepoint_id>1512223073</swisstopo:routepoint_id>
				</extensions>
			</trkpt>
			<trkpt lat="47.1583601931" lon="9.2731084735">
				<ele>1832.5</ele>
				<extensions>
					<swisstopo:routepoint_id>156995427</swisstopo:routepoint_id>
				</extensions>
			</trkpt>
			<trkpt lat="47.1583978355" lon="9.2730996134">
				<ele>1830.6</ele>
				<extensions>
					<swisstopo:routepoint_id>1762767977</swisstopo:routepoint_id>
				</extensions>
			</trkpt>
			<trkpt lat="47.1584122995" lon="9.2730962188">
				<ele>1830.5</ele>
				<extensions>
					<swisstopo:routepoint_id>166721095</swisstopo:routepoint_id>
				</extensions>
			</trkpt>
			<trkpt lat="47.1584552456" lon="9.2731327808">
				<ele>1829.1</ele>
				<extensions>
					<swisstopo:routepoint_id>1824355223</swisstopo:routepoint_id>
				</extensions>
			</trkpt>
			<trkpt lat="47.1585179488" lon="9.2731844738">
				<ele>1827.0</ele>
				<extensions>
					<swisstopo:routepoint_id>2085238888</swisstopo:routepoint_id>
				</extensions>
			</trkpt>
			<trkpt lat="47.1585560354" lon="9.2732905205">
				<ele>1824.9</ele>
				<extensions>
					<swisstopo:routepoint_id>1901005501</swisstopo:routepoint_id>
				</extensions>
			</trkpt>
			<trkpt lat="47.1586128377" lon="9.2733419856">
				<ele>1822.6</ele>
				<extensions>
					<swisstopo:routepoint_id>1389646318</swisstopo:routepoint_id>
				</extensions>
			</trkpt>
			<trkpt lat="47.1586674219" lon="9.2734339261">
				<ele>1822.0</ele>
				<extensions>
					<swisstopo:routepoint_id>641759536</swisstopo:routepoint_id>
				</extensions>
			</trkpt>
			<trkpt lat="47.1586771375" lon="9.2734517141">
				<ele>1821.7</ele>
				<extensions>
					<swisstopo:routepoint_id>2071752342</swisstopo:routepoint_id>
				</extensions>
			</trkpt>
			<trkpt lat="47.1586887389" lon="9.2734702622">
				<ele>1821.3</ele>
				<extensions>
					<swisstopo:routepoint_id>1619648181</swisstopo:routepoint_id>
				</extensions>
			</trkpt>
			<trkpt lat="47.1586994005" lon="9.2734887783">
				<ele>1820.9</ele>
				<extensions>
					<swisstopo:routepoint_id>1871589970</swisstopo:routepoint_id>
				</extensions>
			</trkpt>
			<trkpt lat="47.1587086335" lon="9.2735065366">
				<ele>1820.5</ele>
				<extensions>
					<swisstopo:routepoint_id>2038732265</swisstopo:routepoint_id>
				</extensions>
			</trkpt>
			<trkpt lat="47.1587188321" lon="9.2735243412">
				<ele>1820.5</ele>
				<extensions>
					<swisstopo:routepoint_id>1475518082</swisstopo:routepoint_id>
				</extensions>
			</trkpt>
			<trkpt lat="47.1587285586" lon="9.2735414338">
				<ele>1820.6</ele>
				<extensions>
					<swisstopo:routepoint_id>768004536</swisstopo:routepoint_id>
				</extensions>
			</trkpt>
			<trkpt lat="47.1587373505" lon="9.2735570902">
				<ele>1821.1</ele>
				<extensions>
					<swisstopo:routepoint_id>1817746794</swisstopo:routepoint_id>
				</extensions>
			</trkpt>
			<trkpt lat="47.1587453232" lon="9.2735706706">
				<ele>1821.5</ele>
				<extensions>
					<swisstopo:routepoint_id>514906251</swisstopo:routepoint_id>
				</extensions>
			</trkpt>
			<trkpt lat="47.1587514954" lon="9.2736073505">
				<ele>1822.6</ele>
				<extensions>
					<swisstopo:routepoint_id>1823864847</swisstopo:routepoint_id>
				</extensions>
			</trkpt>
			<trkpt lat="47.1587654615" lon="9.2736903241">
				<ele>1824.8</ele>
				<extensions>
					<swisstopo:routepoint_id>359662215</swisstopo:routepoint_id>
				</extensions>
			</trkpt>
			<trkpt lat="47.1588385732" lon="9.2737526932">
				<ele>1821.8</ele>
				<extensions>
					<swisstopo:routepoint_id>58669284</swisstopo:routepoint_id>
				</extensions>
			</trkpt>
			<trkpt lat="47.1589097740" lon="9.2738539125">
				<ele>1819.5</ele>
				<extensions>
					<swisstopo:routepoint_id>1730435515</swisstopo:routepoint_id>
				</extensions>
			</trkpt>
			<trkpt lat="47.1589504656" lon="9.2739205416">
				<ele>1817.8</ele>
				<extensions>
					<swisstopo:routepoint_id>243766392</swisstopo:routepoint_id>
				</extensions>
			</trkpt>
			<trkpt lat="47.1589793106" lon="9.2739283454">
				<ele>1816.8</ele>
				<extensions>
					<swisstopo:routepoint_id>1611489708</swisstopo:routepoint_id>
				</extensions>
			</trkpt>
			<trkpt lat="47.1590329867" lon="9.2739427333">
				<ele>1815.9</ele>
				<extensions>
					<swisstopo:routepoint_id>510421918</swisstopo:routepoint_id>
				</extensions>
			</trkpt>
			<trkpt lat="47.1590793675" lon="9.2739942157">
				<ele>1815.4</ele>
				<extensions>
					<swisstopo:routepoint_id>1072558348</swisstopo:routepoint_id>
				</extensions>
			</trkpt>
			<trkpt lat="47.1591176862" lon="9.2740371770">
				<ele>1814.8</ele>
				<extensions>
					<swisstopo:routepoint_id>2147419690</swisstopo:routepoint_id>
				</extensions>
			</trkpt>
			<trkpt lat="47.1591485732" lon="9.2740546736">
				<ele>1814.3</ele>
				<extensions>
					<swisstopo:routepoint_id>306527828</swisstopo:routepoint_id>
				</extensions>
			</trkpt>
			<trkpt lat="47.1591889308" lon="9.2741113857">
				<ele>1813.7</ele>
				<extensions>
					<swisstopo:routepoint_id>2130763600</swisstopo:routepoint_id>
				</extensions>
			</trkpt>
			<trkpt lat="47.1592231562" lon="9.2741228523">
				<ele>1813.1</ele>
				<extensions>
					<swisstopo:routepoint_id>1612751941</swisstopo:routepoint_id>
				</extensions>
			</trkpt>
			<trkpt lat="47.1592763204" lon="9.2742046209">
				<ele>1812.7</ele>
				<extensions>
					<swisstopo:routepoint_id>1788537000</swisstopo:routepoint_id>
				</extensions>
			</trkpt>
			<trkpt lat="47.1593045731" lon="9.2742435015">
				<ele>1812.2</ele>
				<extensions>
					<swisstopo:routepoint_id>614823131</swisstopo:routepoint_id>
				</extensions>
			</trkpt>
			<trkpt lat="47.1593327310" lon="9.2742481002">
				<ele>1811.4</ele>
				<extensions>
					<swisstopo:routepoint_id>120909999</swisstopo:routepoint_id>
				</extensions>
			</trkpt>
			<trkpt lat="47.1593515371" lon="9.2742578528">
				<ele>1811.0</ele>
				<extensions>
					<swisstopo:routepoint_id>162790211</swisstopo:routepoint_id>
				</extensions>
			</trkpt>
			<trkpt lat="47.1593824711" lon="9.2742955373">
				<ele>1810.5</ele>
				<extensions>
					<swisstopo:routepoint_id>1498661182</swisstopo:routepoint_id>
				</extensions>
			</trkpt>
			<trkpt lat="47.1594195728" lon="9.2743966321">
				<ele>1810.7</ele>
				<extensions>
					<swisstopo:routepoint_id>521914790</swisstopo:routepoint_id>
				</extensions>
			</trkpt>
			<trkpt lat="47.1594377866" lon="9.2744435159">
				<ele>1810.3</ele>
				<extensions>
					<swisstopo:routepoint_id>2060117853</swisstopo:routepoint_id>
				</extensions>
			</trkpt>
			<trkpt lat="47.1594399764" lon="9.2745238326">
				<ele>1811.5</ele>
				<extensions>
					<swisstopo:routepoint_id>545330686</swisstopo:routepoint_id>
				</extensions>
			</trkpt>
			<trkpt lat="47.1594709578" lon="9.2745816919">
				<ele>1810.9</ele>
				<extensions>
					<swisstopo:routepoint_id>1738130861</swisstopo:routepoint_id>
				</extensions>
			</trkpt>
			<trkpt lat="47.1594623272" lon="9.2746203893">
				<ele>1810.9</ele>
				<extensions>
					<swisstopo:routepoint_id>1464511704</swisstopo:routepoint_id>
				</extensions>
			</trkpt>
			<trkpt lat="47.1594624364" lon="9.2746708388">
				<ele>1811.0</ele>
				<extensions>
					<swisstopo:routepoint_id>102305672</swisstopo:routepoint_id>
				</extensions>
			</trkpt>
			<trkpt lat="47.1594606072" lon="9.2747519191">
				<ele>1810.3</ele>
				<extensions>
					<swisstopo:routepoint_id>2142123261</swisstopo:routepoint_id>
				</extensions>
			</trkpt>
			<trkpt lat="47.1595150670" lon="9.2748119243">
				<ele>1809.5</ele>
				<extensions>
					<swisstopo:routepoint_id>664036839</swisstopo:routepoint_id>
				</extensions>
			</trkpt>
			<trkpt lat="47.1595265830" lon="9.2748688710">
				<ele>1808.8</ele>
				<extensions>
					<swisstopo:routepoint_id>696275506</swisstopo:routepoint_id>
				</extensions>
			</trkpt>
			<trkpt lat="47.1595247092" lon="9.2749318123">
				<ele>1809.2</ele>
				<extensions>
					<swisstopo:routepoint_id>1292083710</swisstopo:routepoint_id>
				</extensions>
			</trkpt>
			<trkpt lat="47.1595552105" lon="9.2750125854">
				<ele>1809.2</ele>
				<extensions>
					<swisstopo:routepoint_id>2144749515</swisstopo:routepoint_id>
				</extensions>
			</trkpt>
			<trkpt lat="47.1595859950" lon="9.2751064565">
				<ele>1807.6</ele>
				<extensions>
					<swisstopo:routepoint_id>1295364222</swisstopo:routepoint_id>
				</extensions>
			</trkpt>
			<trkpt lat="47.1596121776" lon="9.2751671273">
				<ele>1806.1</ele>
				<extensions>
					<swisstopo:routepoint_id>1845504949</swisstopo:routepoint_id>
				</extensions>
			</trkpt>
			<trkpt lat="47.1596590336" lon="9.2751673057">
				<ele>1803.9</ele>
				<extensions>
					<swisstopo:routepoint_id>1794172868</swisstopo:routepoint_id>
				</extensions>
			</trkpt>
			<trkpt lat="47.1596926736" lon="9.2751945335">
				<ele>1802.6</ele>
				<extensions>
					<swisstopo:routepoint_id>1324092326</swisstopo:routepoint_id>
				</extensions>
			</trkpt>
			<trkpt lat="47.1597527914" lon="9.2752666880">
				<ele>1800.6</ele>
				<extensions>
					<swisstopo:routepoint_id>1478031025</swisstopo:routepoint_id>
				</extensions>
			</trkpt>
			<trkpt lat="47.1598165511" lon="9.2752972554">
				<ele>1799.1</ele>
				<extensions>
					<swisstopo:routepoint_id>458665844</swisstopo:routepoint_id>
				</extensions>
			</trkpt>
			<trkpt lat="47.1598609745" lon="9.2753672998">
				<ele>1799.3</ele>
				<extensions>
					<swisstopo:routepoint_id>1243260222</swisstopo:routepoint_id>
				</extensions>
			</trkpt>
			<trkpt lat="47.1598818896" lon="9.2754271335">
				<ele>1799.6</ele>
				<extensions>
					<swisstopo:routepoint_id>446257878</swisstopo:routepoint_id>
				</extensions>
			</trkpt>
			<trkpt lat="47.1598900783" lon="9.2754921340">
				<ele>1799.8</ele>
				<extensions>
					<swisstopo:routepoint_id>807297432</swisstopo:routepoint_id>
				</extensions>
			</trkpt>
			<trkpt lat="47.1598902402" lon="9.2755607363">
				<ele>1799.7</ele>
				<extensions>
					<swisstopo:routepoint_id>129226707</swisstopo:routepoint_id>
				</extensions>
			</trkpt>
			<trkpt lat="47.1598769097" lon="9.2756010116">
				<ele>1799.4</ele>
				<extensions>
					<swisstopo:routepoint_id>1847735482</swisstopo:routepoint_id>
				</extensions>
			</trkpt>
			<trkpt lat="47.1598924203" lon="9.2756350116">
				<ele>1798.5</ele>
				<extensions>
					<swisstopo:routepoint_id>1595996816</swisstopo:routepoint_id>
				</extensions>
			</trkpt>
			<trkpt lat="47.1598804037" lon="9.2756595645">
				<ele>1799.9</ele>
				<extensions>
					<swisstopo:routepoint_id>1998978412</swisstopo:routepoint_id>
				</extensions>
			</trkpt>
			<trkpt lat="47.1598972349" lon="9.2756878900">
				<ele>1800.2</ele>
				<extensions>
					<swisstopo:routepoint_id>1813475748</swisstopo:routepoint_id>
				</extensions>
			</trkpt>
			<trkpt lat="47.1598791779" lon="9.2757116043">
				<ele>1800.9</ele>
				<extensions>
					<swisstopo:routepoint_id>1426695329</swisstopo:routepoint_id>
				</extensions>
			</trkpt>
			<trkpt lat="47.1598698399" lon="9.2757329513">
				<ele>1801.5</ele>
				<extensions>
					<swisstopo:routepoint_id>772473692</swisstopo:routepoint_id>
				</extensions>
			</trkpt>
			<trkpt lat="47.1598739209" lon="9.2757563694">
				<ele>1801.7</ele>
				<extensions>
					<swisstopo:routepoint_id>1422544649</swisstopo:routepoint_id>
				</extensions>
			</trkpt>
			<trkpt lat="47.1598887482" lon="9.2757951896">
				<ele>1802.4</ele>
				<extensions>
					<swisstopo:routepoint_id>1674296470</swisstopo:routepoint_id>
				</extensions>
			</trkpt>
			<trkpt lat="47.1599129578" lon="9.2758187059">
				<ele>1804.2</ele>
				<extensions>
					<swisstopo:routepoint_id>1510761793</swisstopo:routepoint_id>
				</extensions>
			</trkpt>
			<trkpt lat="47.1599444156" lon="9.2758752949">
				<ele>1804.7</ele>
				<extensions>
					<swisstopo:routepoint_id>71387317</swisstopo:routepoint_id>
				</extensions>
			</trkpt>
			<trkpt lat="47.1599547831" lon="9.2759562667">
				<ele>1805.4</ele>
				<extensions>
					<swisstopo:routepoint_id>299504555</swisstopo:routepoint_id>
				</extensions>
			</trkpt>
			<trkpt lat="47.1599634996" lon="9.2760371818">
				<ele>1806.5</ele>
				<extensions>
					<swisstopo:routepoint_id>1578655320</swisstopo:routepoint_id>
				</extensions>
			</trkpt>
			<trkpt lat="47.1599575196" lon="9.2760980631">
				<ele>1807.8</ele>
				<extensions>
					<swisstopo:routepoint_id>938715626</swisstopo:routepoint_id>
				</extensions>
			</trkpt>
			<trkpt lat="47.1599308757" lon="9.2760971481">
				<ele>1809.2</ele>
				<extensions>
					<swisstopo:routepoint_id>319105455</swisstopo:routepoint_id>
				</extensions>
			</trkpt>
			<trkpt lat="47.1598967554" lon="9.2760422198">
				<ele>1810.7</ele>
				<extensions>
					<swisstopo:routepoint_id>207905932</swisstopo:routepoint_id>
				</extensions>
			</trkpt>
			<trkpt lat="47.1598612093" lon="9.2759725827">
				<ele>1812.8</ele>
				<extensions>
					<swisstopo:routepoint_id>1467359440</swisstopo:routepoint_id>
				</extensions>
			</trkpt>
			<trkpt lat="47.1598521252" lon="9.2759664481">
				<ele>1813.2</ele>
				<extensions>
					<swisstopo:routepoint_id>2027591948</swisstopo:routepoint_id>
				</extensions>
			</trkpt>
			<trkpt lat="47.1598274205" lon="9.2759607433">
				<ele>1815.8</ele>
				<extensions>
					<swisstopo:routepoint_id>581871877</swisstopo:routepoint_id>
				</extensions>
			</trkpt>
			<trkpt lat="47.1598438574" lon="9.2760159660">
				<ele>1815.7</ele>
				<extensions>
					<swisstopo:routepoint_id>1101183789</swisstopo:routepoint_id>
				</extensions>
			</trkpt>
			<trkpt lat="47.1598408639" lon="9.2760989266">
				<ele>1816.8</ele>
				<extensions>
					<swisstopo:routepoint_id>348119631</swisstopo:routepoint_id>
				</extensions>
			</trkpt>
			<trkpt lat="47.1598299348" lon="9.2761571900">
				<ele>1818.7</ele>
				<extensions>
					<swisstopo:routepoint_id>681690568</swisstopo:routepoint_id>
				</extensions>
			</trkpt>
			<trkpt lat="47.1598474438" lon="9.2762091006">
				<ele>1819.2</ele>
				<extensions>
					<swisstopo:routepoint_id>1638731449</swisstopo:routepoint_id>
				</extensions>
			</trkpt>
			<trkpt lat="47.1598428983" lon="9.2762846907">
				<ele>1821.0</ele>
				<extensions>
					<swisstopo:routepoint_id>221272858</swisstopo:routepoint_id>
				</extensions>
			</trkpt>
			<trkpt lat="47.1598342440" lon="9.2763154778">
				<ele>1821.6</ele>
				<extensions>
					<swisstopo:routepoint_id>1766221677</swisstopo:routepoint_id>
				</extensions>
			</trkpt>
			<trkpt lat="47.1598109583" lon="9.2763843568">
				<ele>1823.5</ele>
				<extensions>
					<swisstopo:routepoint_id>1698210501</swisstopo:routepoint_id>
				</extensions>
			</trkpt>
			<trkpt lat="47.1597881277" lon="9.2763713348">
				<ele>1825.0</ele>
				<extensions>
					<swisstopo:routepoint_id>830882185</swisstopo:routepoint_id>
				</extensions>
			</trkpt>
			<trkpt lat="47.1597721771" lon="9.2764309718">
				<ele>1826.7</ele>
				<extensions>
					<swisstopo:routepoint_id>1694960520</swisstopo:routepoint_id>
				</extensions>
			</trkpt>
			<trkpt lat="47.1597574554" lon="9.2764466458">
				<ele>1827.7</ele>
				<extensions>
					<swisstopo:routepoint_id>1326386340</swisstopo:routepoint_id>
				</extensions>
			</trkpt>
			<trkpt lat="47.1597408247" lon="9.2764129163">
				<ele>1828.8</ele>
				<extensions>
					<swisstopo:routepoint_id>933973009</swisstopo:routepoint_id>
				</extensions>
			</trkpt>
			<trkpt lat="47.1597301450" lon="9.2764390478">
				<ele>1829.6</ele>
				<extensions>
					<swisstopo:routepoint_id>987869938</swisstopo:routepoint_id>
				</extensions>
			</trkpt>
			<trkpt lat="47.1597170822" lon="9.2764416135">
				<ele>1830.5</ele>
				<extensions>
					<swisstopo:routepoint_id>639691260</swisstopo:routepoint_id>
				</extensions>
			</trkpt>
			<trkpt lat="47.1596735004" lon="9.2763816452">
				<ele>1832.9</ele>
				<extensions>
					<swisstopo:routepoint_id>1356222474</swisstopo:routepoint_id>
				</extensions>
			</trkpt>
			<trkpt lat="47.1596580337" lon="9.2763658231">
				<ele>1833.9</ele>
				<extensions>
					<swisstopo:routepoint_id>1475221927</swisstopo:routepoint_id>
				</extensions>
			</trkpt>
			<trkpt lat="47.1596385710" lon="9.2763548491">
				<ele>1834.9</ele>
				<extensions>
					<swisstopo:routepoint_id>1186461646</swisstopo:routepoint_id>
				</extensions>
			</trkpt>
			<trkpt lat="47.1596198917" lon="9.2763955071">
				<ele>1836.3</ele>
				<extensions>
					<swisstopo:routepoint_id>1666488260</swisstopo:routepoint_id>
				</extensions>
			</trkpt>
			<trkpt lat="47.1595930187" lon="9.2763792289">
				<ele>1837.6</ele>
				<extensions>
					<swisstopo:routepoint_id>1515744482</swisstopo:routepoint_id>
				</extensions>
			</trkpt>
			<trkpt lat="47.1595803478" lon="9.2764106379">
				<ele>1838.6</ele>
				<extensions>
					<swisstopo:routepoint_id>176289385</swisstopo:routepoint_id>
				</extensions>
			</trkpt>
			<trkpt lat="47.1595737085" lon="9.2764368435">
				<ele>1839.2</ele>
				<extensions>
					<swisstopo:routepoint_id>1055544636</swisstopo:routepoint_id>
				</extensions>
			</trkpt>
			<trkpt lat="47.1595327449" lon="9.2764071608">
				<ele>1841.3</ele>
				<extensions>
					<swisstopo:routepoint_id>306079543</swisstopo:routepoint_id>
				</extensions>
			</trkpt>
			<trkpt lat="47.1595146610" lon="9.2764187903">
				<ele>1842.3</ele>
				<extensions>
					<swisstopo:routepoint_id>1863973197</swisstopo:routepoint_id>
				</extensions>
			</trkpt>
			<trkpt lat="47.1594830263" lon="9.2763677863">
				<ele>1843.7</ele>
				<extensions>
					<swisstopo:routepoint_id>77669218</swisstopo:routepoint_id>
				</extensions>
			</trkpt>
			<trkpt lat="47.1594514475" lon="9.2763369573">
				<ele>1845.2</ele>
				<extensions>
					<swisstopo:routepoint_id>1166701425</swisstopo:routepoint_id>
				</extensions>
			</trkpt>
			<trkpt lat="47.1594219515" lon="9.2763380182">
				<ele>1846.8</ele>
				<extensions>
					<swisstopo:routepoint_id>837111446</swisstopo:routepoint_id>
				</extensions>
			</trkpt>
			<trkpt lat="47.1593837334" lon="9.2763394494">
				<ele>1849.1</ele>
				<extensions>
					<swisstopo:routepoint_id>1368117125</swisstopo:routepoint_id>
				</extensions>
			</trkpt>
			<trkpt lat="47.1593636786" lon="9.2763716094">
				<ele>1850.5</ele>
				<extensions>
					<swisstopo:routepoint_id>1194504983</swisstopo:routepoint_id>
				</extensions>
			</trkpt>
			<trkpt lat="47.1593462520" lon="9.2763723378">
				<ele>1851.5</ele>
				<extensions>
					<swisstopo:routepoint_id>1466907049</swisstopo:routepoint_id>
				</extensions>
			</trkpt>
			<trkpt lat="47.1593288696" lon="9.2763972598">
				<ele>1852.8</ele>
				<extensions>
					<swisstopo:routepoint_id>717533622</swisstopo:routepoint_id>
				</extensions>
			</trkpt>
			<trkpt lat="47.1593080692" lon="9.2763919208">
				<ele>1853.9</ele>
				<extensions>
					<swisstopo:routepoint_id>397928340</swisstopo:routepoint_id>
				</extensions>
			</trkpt>
			<trkpt lat="47.1592873571" lon="9.2764168187">
				<ele>1855.2</ele>
				<extensions>
					<swisstopo:routepoint_id>317795547</swisstopo:routepoint_id>
				</extensions>
			</trkpt>
			<trkpt lat="47.1592612760" lon="9.2764521982">
				<ele>1857.3</ele>
				<extensions>
					<swisstopo:routepoint_id>1087751894</swisstopo:routepoint_id>
				</extensions>
			</trkpt>
			<trkpt lat="47.1592560272" lon="9.2765030303">
				<ele>1858.3</ele>
				<extensions>
					<swisstopo:routepoint_id>1715802830</swisstopo:routepoint_id>
				</extensions>
			</trkpt>
			<trkpt lat="47.1592440166" lon="9.2765316147">
				<ele>1859.4</ele>
				<extensions>
					<swisstopo:routepoint_id>179878937</swisstopo:routepoint_id>
				</extensions>
			</trkpt>
			<trkpt lat="47.1592286053" lon="9.2765359935">
				<ele>1860.4</ele>
				<extensions>
					<swisstopo:routepoint_id>609105398</swisstopo:routepoint_id>
				</extensions>
			</trkpt>
			<trkpt lat="47.1592300135" lon="9.2765666621">
				<ele>1860.8</ele>
				<extensions>
					<swisstopo:routepoint_id>348984765</swisstopo:routepoint_id>
				</extensions>
			</trkpt>
			<trkpt lat="47.1592186364" lon="9.2765742709">
				<ele>1861.8</ele>
				<extensions>
					<swisstopo:routepoint_id>529129456</swisstopo:routepoint_id>
				</extensions>
			</trkpt>
			<trkpt lat="47.1592079720" lon="9.2766032881">
				<ele>1862.3</ele>
				<extensions>
					<swisstopo:routepoint_id>985418160</swisstopo:routepoint_id>
				</extensions>
			</trkpt>
			<trkpt lat="47.1591898564" lon="9.2766047913">
				<ele>1863.4</ele>
				<extensions>
					<swisstopo:routepoint_id>303392134</swisstopo:routepoint_id>
				</extensions>
			</trkpt>
			<trkpt lat="47.1591603720" lon="9.2766078749">
				<ele>1865.5</ele>
				<extensions>
					<swisstopo:routepoint_id>922668103</swisstopo:routepoint_id>
				</extensions>
			</trkpt>
			<trkpt lat="47.1591436496" lon="9.2766299855">
				<ele>1866.4</ele>
				<extensions>
					<swisstopo:routepoint_id>1807661916</swisstopo:routepoint_id>
				</extensions>
			</trkpt>
			<trkpt lat="47.1591106095" lon="9.2766488559">
				<ele>1868.4</ele>
				<extensions>
					<swisstopo:routepoint_id>1740122566</swisstopo:routepoint_id>
				</extensions>
			</trkpt>
			<trkpt lat="47.1590914458" lon="9.2766961955">
				<ele>1870.0</ele>
				<extensions>
					<swisstopo:routepoint_id>1443684796</swisstopo:routepoint_id>
				</extensions>
			</trkpt>
			<trkpt lat="47.1590580721" lon="9.2768025350">
				<ele>1872.2</ele>
				<extensions>
					<swisstopo:routepoint_id>1295066963</swisstopo:routepoint_id>
				</extensions>
			</trkpt>
			<trkpt lat="47.1590521871" lon="9.2768585364">
				<ele>1872.9</ele>
				<extensions>
					<swisstopo:routepoint_id>819230840</swisstopo:routepoint_id>
				</extensions>
			</trkpt>
			<trkpt lat="47.1590494356" lon="9.2769268444">
				<ele>1873.3</ele>
				<extensions>
					<swisstopo:routepoint_id>363946728</swisstopo:routepoint_id>
				</extensions>
			</trkpt>
			<trkpt lat="47.1590237754" lon="9.2769661283">
				<ele>1875.2</ele>
				<extensions>
					<swisstopo:routepoint_id>494887137</swisstopo:routepoint_id>
				</extensions>
			</trkpt>
			<trkpt lat="47.1589909495" lon="9.2770056940">
				<ele>1877.3</ele>
				<extensions>
					<swisstopo:routepoint_id>1985241168</swisstopo:routepoint_id>
				</extensions>
			</trkpt>
			<trkpt lat="47.1589674527" lon="9.2769914769">
				<ele>1878.4</ele>
				<extensions>
					<swisstopo:routepoint_id>6251232</swisstopo:routepoint_id>
				</extensions>
			</trkpt>
			<trkpt lat="47.1589326583" lon="9.2770272135">
				<ele>1880.7</ele>
				<extensions>
					<swisstopo:routepoint_id>1832523158</swisstopo:routepoint_id>
				</extensions>
			</trkpt>
			<trkpt lat="47.1589159973" lon="9.2770735308">
				<ele>1881.7</ele>
				<extensions>
					<swisstopo:routepoint_id>2045118599</swisstopo:routepoint_id>
				</extensions>
			</trkpt>
			<trkpt lat="47.1588959949" lon="9.2771238555">
				<ele>1882.8</ele>
				<extensions>
					<swisstopo:routepoint_id>2134316920</swisstopo:routepoint_id>
				</extensions>
			</trkpt>
			<trkpt lat="47.1588772481" lon="9.2771362734">
				<ele>1884.0</ele>
				<extensions>
					<swisstopo:routepoint_id>949864953</swisstopo:routepoint_id>
				</extensions>
			</trkpt>
			<trkpt lat="47.1588364481" lon="9.2771832814">
				<ele>1886.4</ele>
				<extensions>
					<swisstopo:routepoint_id>1344102478</swisstopo:routepoint_id>
				</extensions>
			</trkpt>
			<trkpt lat="47.1588284591" lon="9.2772070572">
				<ele>1886.9</ele>
				<extensions>
					<swisstopo:routepoint_id>34323182</swisstopo:routepoint_id>
				</extensions>
			</trkpt>
			<trkpt lat="47.1588070485" lon="9.2772267261">
				<ele>1888.5</ele>
				<extensions>
					<swisstopo:routepoint_id>614718757</swisstopo:routepoint_id>
				</extensions>
			</trkpt>
			<trkpt lat="47.1587944065" lon="9.2772722669">
				<ele>1889.3</ele>
				<extensions>
					<swisstopo:routepoint_id>1777872445</swisstopo:routepoint_id>
				</extensions>
			</trkpt>
			<trkpt lat="47.1587777658" lon="9.2773266485">
				<ele>1890.7</ele>
				<extensions>
					<swisstopo:routepoint_id>400930212</swisstopo:routepoint_id>
				</extensions>
			</trkpt>
			<trkpt lat="47.1587496926" lon="9.2773684644">
				<ele>1893.0</ele>
				<extensions>
					<swisstopo:routepoint_id>639911884</swisstopo:routepoint_id>
				</extensions>
			</trkpt>
			<trkpt lat="47.1587333542" lon="9.2774143802">
				<ele>1894.5</ele>
				<extensions>
					<swisstopo:routepoint_id>1749124981</swisstopo:routepoint_id>
				</extensions>
			</trkpt>
			<trkpt lat="47.1587166651" lon="9.2774162413">
				<ele>1895.6</ele>
				<extensions>
					<swisstopo:routepoint_id>1856648213</swisstopo:routepoint_id>
				</extensions>
			</trkpt>
			<trkpt lat="47.1586906754" lon="9.2773738174">
				<ele>1897.4</ele>
				<extensions>
					<swisstopo:routepoint_id>26048422</swisstopo:routepoint_id>
				</extensions>
			</trkpt>
			<trkpt lat="47.1586740252" lon="9.2773732452">
				<ele>1898.3</ele>
				<extensions>
					<swisstopo:routepoint_id>954211574</swisstopo:routepoint_id>
				</extensions>
			</trkpt>
			<trkpt lat="47.1586583630" lon="9.2774142377">
				<ele>1899.5</ele>
				<extensions>
					<swisstopo:routepoint_id>1429199667</swisstopo:routepoint_id>
				</extensions>
			</trkpt>
			<trkpt lat="47.1586337476" lon="9.2773913899">
				<ele>1900.8</ele>
				<extensions>
					<swisstopo:routepoint_id>1357802727</swisstopo:routepoint_id>
				</extensions>
			</trkpt>
			<trkpt lat="47.1586088137" lon="9.2773395342">
				<ele>1902.3</ele>
				<extensions>
					<swisstopo:routepoint_id>1309372448</swisstopo:routepoint_id>
				</extensions>
			</trkpt>
			<trkpt lat="47.1585928072" lon="9.2773729146">
				<ele>1903.4</ele>
				<extensions>
					<swisstopo:routepoint_id>1261326855</swisstopo:routepoint_id>
				</extensions>
			</trkpt>
			<trkpt lat="47.1585773814" lon="9.2773732475">
				<ele>1904.3</ele>
				<extensions>
					<swisstopo:routepoint_id>1076308448</swisstopo:routepoint_id>
				</extensions>
			</trkpt>
			<trkpt lat="47.1585419736" lon="9.2774319823">
				<ele>1907.0</ele>
				<extensions>
					<swisstopo:routepoint_id>248966172</swisstopo:routepoint_id>
				</extensions>
			</trkpt>
			<trkpt lat="47.1585119488" lon="9.2774964024">
				<ele>1909.7</ele>
				<extensions>
					<swisstopo:routepoint_id>211096088</swisstopo:routepoint_id>
				</extensions>
			</trkpt>
			<trkpt lat="47.1584911366" lon="9.2774890403">
				<ele>1911.2</ele>
				<extensions>
					<swisstopo:routepoint_id>266547390</swisstopo:routepoint_id>
				</extensions>
			</trkpt>
			<trkpt lat="47.1584759069" lon="9.2775761126">
				<ele>1912.8</ele>
				<extensions>
					<swisstopo:routepoint_id>1131830588</swisstopo:routepoint_id>
				</extensions>
			</trkpt>
			<trkpt lat="47.1584538068" lon="9.2775844732">
				<ele>1914.9</ele>
				<extensions>
					<swisstopo:routepoint_id>1881910572</swisstopo:routepoint_id>
				</extensions>
			</trkpt>
			<trkpt lat="47.1584411616" lon="9.2776280037">
				<ele>1915.4</ele>
				<extensions>
					<swisstopo:routepoint_id>1335980451</swisstopo:routepoint_id>
				</extensions>
			</trkpt>
			<trkpt lat="47.1584251198" lon="9.2776492998">
				<ele>1917.0</ele>
				<extensions>
					<swisstopo:routepoint_id>1632253947</swisstopo:routepoint_id>
				</extensions>
			</trkpt>
			<trkpt lat="47.1584110625" lon="9.2777069775">
				<ele>1918.5</ele>
				<extensions>
					<swisstopo:routepoint_id>235966387</swisstopo:routepoint_id>
				</extensions>
			</trkpt>
			<trkpt lat="47.1583719660" lon="9.2778172791">
				<ele>1922.3</ele>
				<extensions>
					<swisstopo:routepoint_id>291720184</swisstopo:routepoint_id>
				</extensions>
			</trkpt>
			<trkpt lat="47.1582607059" lon="9.2777939006">
				<ele>1929.6</ele>
				<extensions>
					<swisstopo:routepoint_id>468689340</swisstopo:routepoint_id>
				</extensions>
			</trkpt>
			<trkpt lat="47.1582039554" lon="9.2777992666">
				<ele>1933.4</ele>
				<extensions>
					<swisstopo:routepoint_id>140450599</swisstopo:routepoint_id>
				</extensions>
			</trkpt>
			<trkpt lat="47.1581950574" lon="9.2778073338">
				<ele>1934.2</ele>
				<extensions>
					<swisstopo:routepoint_id>1602539439</swisstopo:routepoint_id>
				</extensions>
			</trkpt>
			<trkpt lat="47.1581568813" lon="9.2778418842">
				<ele>1937.5</ele>
				<extensions>
					<swisstopo:routepoint_id>1683762394</swisstopo:routepoint_id>
				</extensions>
			</trkpt>
			<trkpt lat="47.1581363310" lon="9.2778604872">
				<ele>1938.8</ele>
				<extensions>
					<swisstopo:routepoint_id>778366553</swisstopo:routepoint_id>
				</extensions>
			</trkpt>
			<trkpt lat="47.1581257774" lon="9.2778456972">
				<ele>1939.4</ele>
				<extensions>
					<swisstopo:routepoint_id>171901224</swisstopo:routepoint_id>
				</extensions>
			</trkpt>
			<trkpt lat="47.1580988442" lon="9.2778078914">
				<ele>1940.9</ele>
				<extensions>
					<swisstopo:routepoint_id>2047575257</swisstopo:routepoint_id>
				</extensions>
			</trkpt>
			<trkpt lat="47.1580411642" lon="9.2777867408">
				<ele>1944.8</ele>
				<extensions>
					<swisstopo:routepoint_id>2134189293</swisstopo:routepoint_id>
				</extensions>
			</trkpt>
			<trkpt lat="47.1580027067" lon="9.2777685056">
				<ele>1947.9</ele>
				<extensions>
					<swisstopo:routepoint_id>1839293973</swisstopo:routepoint_id>
				</extensions>
			</trkpt>
			<trkpt lat="47.1579750431" lon="9.2777604699">
				<ele>1949.3</ele>
				<extensions>
					<swisstopo:routepoint_id>1755968321</swisstopo:routepoint_id>
				</extensions>
			</trkpt>
			<trkpt lat="47.1579551421" lon="9.2777945275">
				<ele>1951.1</ele>
				<extensions>
					<swisstopo:routepoint_id>1969344555</swisstopo:routepoint_id>
				</extensions>
			</trkpt>
			<trkpt lat="47.1579276664" lon="9.2777400858">
				<ele>1952.5</ele>
				<extensions>
					<swisstopo:routepoint_id>653549159</swisstopo:routepoint_id>
				</extensions>
			</trkpt>
			<trkpt lat="47.1579135229" lon="9.2777261514">
				<ele>1953.2</ele>
				<extensions>
					<swisstopo:routepoint_id>1950240760</swisstopo:routepoint_id>
				</extensions>
			</trkpt>
			<trkpt lat="47.1579005341" lon="9.2777493814">
				<ele>1954.3</ele>
				<extensions>
					<swisstopo:routepoint_id>1310557656</swisstopo:routepoint_id>
				</extensions>
			</trkpt>
			<trkpt lat="47.1578907885" lon="9.2777995162">
				<ele>1955.7</ele>
				<extensions>
					<swisstopo:routepoint_id>520370320</swisstopo:routepoint_id>
				</extensions>
			</trkpt>
			<trkpt lat="47.1578808335" lon="9.2778165514">
				<ele>1956.8</ele>
				<extensions>
					<swisstopo:routepoint_id>1755634300</swisstopo:routepoint_id>
				</extensions>
			</trkpt>
			<trkpt lat="47.1578647580" lon="9.2777921035">
				<ele>1957.6</ele>
				<extensions>
					<swisstopo:routepoint_id>1982121852</swisstopo:routepoint_id>
				</extensions>
			</trkpt>
			<trkpt lat="47.1578392916" lon="9.2777763372">
				<ele>1958.8</ele>
				<extensions>
					<swisstopo:routepoint_id>495111190</swisstopo:routepoint_id>
				</extensions>
			</trkpt>
			<trkpt lat="47.1578095228" lon="9.2777785215">
				<ele>1960.7</ele>
				<extensions>
					<swisstopo:routepoint_id>1759338219</swisstopo:routepoint_id>
				</extensions>
			</trkpt>
			<trkpt lat="47.1578004130" lon="9.2777971054">
				<ele>1961.9</ele>
				<extensions>
					<swisstopo:routepoint_id>777093318</swisstopo:routepoint_id>
				</extensions>
			</trkpt>
			<trkpt lat="47.1577783771" lon="9.2777618512">
				<ele>1962.9</ele>
				<extensions>
					<swisstopo:routepoint_id>1430977953</swisstopo:routepoint_id>
				</extensions>
			</trkpt>
			<trkpt lat="47.1577714411" lon="9.2777983641">
				<ele>1963.9</ele>
				<extensions>
					<swisstopo:routepoint_id>691593531</swisstopo:routepoint_id>
				</extensions>
			</trkpt>
			<trkpt lat="47.1577559118" lon="9.2777655750">
				<ele>1964.7</ele>
				<extensions>
					<swisstopo:routepoint_id>1687030296</swisstopo:routepoint_id>
				</extensions>
			</trkpt>
			<trkpt lat="47.1577279585" lon="9.2777476233">
				<ele>1966.4</ele>
				<extensions>
					<swisstopo:routepoint_id>771978089</swisstopo:routepoint_id>
				</extensions>
			</trkpt>
			<trkpt lat="47.1577094315" lon="9.2777748750">
				<ele>1967.9</ele>
				<extensions>
					<swisstopo:routepoint_id>1195747245</swisstopo:routepoint_id>
				</extensions>
			</trkpt>
			<trkpt lat="47.1576809314" lon="9.2777653035">
				<ele>1969.4</ele>
				<extensions>
					<swisstopo:routepoint_id>588594361</swisstopo:routepoint_id>
				</extensions>
			</trkpt>
			<trkpt lat="47.1576772616" lon="9.2778030619">
				<ele>1970.3</ele>
				<extensions>
					<swisstopo:routepoint_id>804367118</swisstopo:routepoint_id>
				</extensions>
			</trkpt>
			<trkpt lat="47.1576657481" lon="9.2778219499">
				<ele>1971.6</ele>
				<extensions>
					<swisstopo:routepoint_id>489930188</swisstopo:routepoint_id>
				</extensions>
			</trkpt>
			<trkpt lat="47.1576420147" lon="9.2778472962">
				<ele>1972.4</ele>
				<extensions>
					<swisstopo:routepoint_id>994743269</swisstopo:routepoint_id>
				</extensions>
			</trkpt>
			<trkpt lat="47.1576112602" lon="9.2778572915">
				<ele>1974.6</ele>
				<extensions>
					<swisstopo:routepoint_id>1012278229</swisstopo:routepoint_id>
				</extensions>
			</trkpt>
			<trkpt lat="47.1575920559" lon="9.2778350935">
				<ele>1975.3</ele>
				<extensions>
					<swisstopo:routepoint_id>1609491063</swisstopo:routepoint_id>
				</extensions>
			</trkpt>
			<trkpt lat="47.1575772336" lon="9.2778168979">
				<ele>1976.0</ele>
				<extensions>
					<swisstopo:routepoint_id>155979029</swisstopo:routepoint_id>
				</extensions>
			</trkpt>
			<trkpt lat="47.1575682448" lon="9.2778609011">
				<ele>1977.4</ele>
				<extensions>
					<swisstopo:routepoint_id>507652080</swisstopo:routepoint_id>
				</extensions>
			</trkpt>
			<trkpt lat="47.1575514277" lon="9.2778531739">
				<ele>1978.1</ele>
				<extensions>
					<swisstopo:routepoint_id>1707718605</swisstopo:routepoint_id>
				</extensions>
			</trkpt>
			<trkpt lat="47.1575225910" lon="9.2778173770">
				<ele>1979.7</ele>
				<extensions>
					<swisstopo:routepoint_id>138991042</swisstopo:routepoint_id>
				</extensions>
			</trkpt>
			<trkpt lat="47.1575000607" lon="9.2778004232">
				<ele>1981.1</ele>
				<extensions>
					<swisstopo:routepoint_id>287881219</swisstopo:routepoint_id>
				</extensions>
			</trkpt>
			<trkpt lat="47.1574882969" lon="9.2778113290">
				<ele>1981.8</ele>
				<extensions>
					<swisstopo:routepoint_id>72975608</swisstopo:routepoint_id>
				</extensions>
			</trkpt>
			<trkpt lat="47.1574720653" lon="9.2777828956">
				<ele>1982.8</ele>
				<extensions>
					<swisstopo:routepoint_id>2097528680</swisstopo:routepoint_id>
				</extensions>
			</trkpt>
			<trkpt lat="47.1574582637" lon="9.2777866205">
				<ele>1983.7</ele>
				<extensions>
					<swisstopo:routepoint_id>2040917852</swisstopo:routepoint_id>
				</extensions>
			</trkpt>
			<trkpt lat="47.1574444238" lon="9.2777663333">
				<ele>1984.4</ele>
				<extensions>
					<swisstopo:routepoint_id>990107944</swisstopo:routepoint_id>
				</extensions>
			</trkpt>
			<trkpt lat="47.1574316129" lon="9.2777679798">
				<ele>1984.9</ele>
				<extensions>
					<swisstopo:routepoint_id>1636833202</swisstopo:routepoint_id>
				</extensions>
			</trkpt>
			<trkpt lat="47.1574150442" lon="9.2777689045">
				<ele>1986.0</ele>
				<extensions>
					<swisstopo:routepoint_id>1923466899</swisstopo:routepoint_id>
				</extensions>
			</trkpt>
			<trkpt lat="47.1573920167" lon="9.2777346728">
				<ele>1987.4</ele>
				<extensions>
					<swisstopo:routepoint_id>869866404</swisstopo:routepoint_id>
				</extensions>
			</trkpt>
			<trkpt lat="47.1573682956" lon="9.2776921475">
				<ele>1988.3</ele>
				<extensions>
					<swisstopo:routepoint_id>39278119</swisstopo:routepoint_id>
				</extensions>
			</trkpt>
			<trkpt lat="47.1573549616" lon="9.2776891516">
				<ele>1989.0</ele>
				<extensions>
					<swisstopo:routepoint_id>1890023049</swisstopo:routepoint_id>
				</extensions>
			</trkpt>
			<trkpt lat="47.1573344263" lon="9.2776617167">
				<ele>1990.0</ele>
				<extensions>
					<swisstopo:routepoint_id>1817813553</swisstopo:routepoint_id>
				</extensions>
			</trkpt>
			<trkpt lat="47.1573245527" lon="9.2776698146">
				<ele>1990.9</ele>
				<extensions>
					<swisstopo:routepoint_id>1739356531</swisstopo:routepoint_id>
				</extensions>
			</trkpt>
			<trkpt lat="47.1572961963" lon="9.2776209857">
				<ele>1991.8</ele>
				<extensions>
					<swisstopo:routepoint_id>441559788</swisstopo:routepoint_id>
				</extensions>
			</trkpt>
			<trkpt lat="47.1572747398" lon="9.2776006169">
				<ele>1993.4</ele>
				<extensions>
					<swisstopo:routepoint_id>357152279</swisstopo:routepoint_id>
				</extensions>
			</trkpt>
			<trkpt lat="47.1572664087" lon="9.2775682558">
				<ele>1993.7</ele>
				<extensions>
					<swisstopo:routepoint_id>562478739</swisstopo:routepoint_id>
				</extensions>
			</trkpt>
			<trkpt lat="47.1572519058" lon="9.2775333642">
				<ele>1994.1</ele>
				<extensions>
					<swisstopo:routepoint_id>610405894</swisstopo:routepoint_id>
				</extensions>
			</trkpt>
			<trkpt lat="47.1572452770" lon="9.2774945436">
				<ele>1994.1</ele>
				<extensions>
					<swisstopo:routepoint_id>387316793</swisstopo:routepoint_id>
				</extensions>
			</trkpt>
			<trkpt lat="47.1572202203" lon="9.2774531191">
				<ele>1995.1</ele>
				<extensions>
					<swisstopo:routepoint_id>1779519966</swisstopo:routepoint_id>
				</extensions>
			</trkpt>
			<trkpt lat="47.1571973925" lon="9.2774465380">
				<ele>1996.5</ele>
				<extensions>
					<swisstopo:routepoint_id>707585915</swisstopo:routepoint_id>
				</extensions>
			</trkpt>
			<trkpt lat="47.1571825943" lon="9.2774889888">
				<ele>1997.6</ele>
				<extensions>
					<swisstopo:routepoint_id>945308003</swisstopo:routepoint_id>
				</extensions>
			</trkpt>
			<trkpt lat="47.1571766137" lon="9.2775140953">
				<ele>1998.3</ele>
				<extensions>
					<swisstopo:routepoint_id>1681167826</swisstopo:routepoint_id>
				</extensions>
			</trkpt>
			<trkpt lat="47.1571575718" lon="9.2774652260">
				<ele>1999.5</ele>
				<extensions>
					<swisstopo:routepoint_id>565112980</swisstopo:routepoint_id>
				</extensions>
			</trkpt>
			<trkpt lat="47.1571463939" lon="9.2774554127">
				<ele>2000.2</ele>
				<extensions>
					<swisstopo:routepoint_id>133556585</swisstopo:routepoint_id>
				</extensions>
			</trkpt>
			<trkpt lat="47.1571309154" lon="9.2774832453">
				<ele>2001.3</ele>
				<extensions>
					<swisstopo:routepoint_id>1829847496</swisstopo:routepoint_id>
				</extensions>
			</trkpt>
			<trkpt lat="47.1570945316" lon="9.2774523552">
				<ele>2003.2</ele>
				<extensions>
					<swisstopo:routepoint_id>1461450605</swisstopo:routepoint_id>
				</extensions>
			</trkpt>
			<trkpt lat="47.1570758033" lon="9.2774234499">
				<ele>2004.1</ele>
				<extensions>
					<swisstopo:routepoint_id>1199621463</swisstopo:routepoint_id>
				</extensions>
			</trkpt>
			<trkpt lat="47.1570470715" lon="9.2773799799">
				<ele>2004.8</ele>
				<extensions>
					<swisstopo:routepoint_id>1769474217</swisstopo:routepoint_id>
				</extensions>
			</trkpt>
			<trkpt lat="47.1570329948" lon="9.2773877144">
				<ele>2005.7</ele>
				<extensions>
					<swisstopo:routepoint_id>2118073327</swisstopo:routepoint_id>
				</extensions>
			</trkpt>
			<trkpt lat="47.1570173593" lon="9.2774055716">
				<ele>2006.7</ele>
				<extensions>
					<swisstopo:routepoint_id>249794795</swisstopo:routepoint_id>
				</extensions>
			</trkpt>
			<trkpt lat="47.1570089782" lon="9.2774225446">
				<ele>2007.1</ele>
				<extensions>
					<swisstopo:routepoint_id>89711627</swisstopo:routepoint_id>
				</extensions>
			</trkpt>
			<trkpt lat="47.1570066374" lon="9.2774623705">
				<ele>2008.1</ele>
				<extensions>
					<swisstopo:routepoint_id>1895520296</swisstopo:routepoint_id>
				</extensions>
			</trkpt>
			<trkpt lat="47.1569970037" lon="9.2774790945">
				<ele>2009.0</ele>
				<extensions>
					<swisstopo:routepoint_id>35250403</swisstopo:routepoint_id>
				</extensions>
			</trkpt>
			<trkpt lat="47.1570074821" lon="9.2775172999">
				<ele>2009.9</ele>
				<extensions>
					<swisstopo:routepoint_id>614591039</swisstopo:routepoint_id>
				</extensions>
			</trkpt>
			<trkpt lat="47.1569981841" lon="9.2775476638">
				<ele>2011.1</ele>
				<extensions>
					<swisstopo:routepoint_id>1270229638</swisstopo:routepoint_id>
				</extensions>
			</trkpt>
			<trkpt lat="47.1570029540" lon="9.2775702926">
				<ele>2011.3</ele>
				<extensions>
					<swisstopo:routepoint_id>1823909788</swisstopo:routepoint_id>
				</extensions>
			</trkpt>
			<trkpt lat="47.1569976182" lon="9.2776226910">
				<ele>2012.7</ele>
				<extensions>
					<swisstopo:routepoint_id>50962242</swisstopo:routepoint_id>
				</extensions>
			</trkpt>
			<trkpt lat="47.1569868620" lon="9.2776618283">
				<ele>2013.9</ele>
				<extensions>
					<swisstopo:routepoint_id>1076619752</swisstopo:routepoint_id>
				</extensions>
			</trkpt>
			<trkpt lat="47.1569662455" lon="9.2777027264">
				<ele>2015.3</ele>
				<extensions>
					<swisstopo:routepoint_id>216767352</swisstopo:routepoint_id>
				</extensions>
			</trkpt>
			<trkpt lat="47.1569453671" lon="9.2777413098">
				<ele>2017.4</ele>
				<extensions>
					<swisstopo:routepoint_id>1195330891</swisstopo:routepoint_id>
				</extensions>
			</trkpt>
			<trkpt lat="47.1569475916" lon="9.2777824649">
				<ele>2017.8</ele>
				<extensions>
					<swisstopo:routepoint_id>2023359248</swisstopo:routepoint_id>
				</extensions>
			</trkpt>
			<trkpt lat="47.1569288002" lon="9.2778092175">
				<ele>2018.8</ele>
				<extensions>
					<swisstopo:routepoint_id>1126951963</swisstopo:routepoint_id>
				</extensions>
			</trkpt>
			<trkpt lat="47.1569165340" lon="9.2778394791">
				<ele>2019.4</ele>
				<extensions>
					<swisstopo:routepoint_id>1826840046</swisstopo:routepoint_id>
				</extensions>
			</trkpt>
			<trkpt lat="47.1569249788" lon="9.2778641667">
				<ele>2019.4</ele>
				<extensions>
					<swisstopo:routepoint_id>317241700</swisstopo:routepoint_id>
				</extensions>
			</trkpt>
			<trkpt lat="47.1569039954" lon="9.2779104237">
				<ele>2021.3</ele>
				<extensions>
					<swisstopo:routepoint_id>899925303</swisstopo:routepoint_id>
				</extensions>
			</trkpt>
			<trkpt lat="47.1568836051" lon="9.2779662974">
				<ele>2023.9</ele>
				<extensions>
					<swisstopo:routepoint_id>1890329803</swisstopo:routepoint_id>
				</extensions>
			</trkpt>
			<trkpt lat="47.1568671490" lon="9.2779898714">
				<ele>2025.5</ele>
				<extensions>
					<swisstopo:routepoint_id>651500087</swisstopo:routepoint_id>
				</extensions>
			</trkpt>
			<trkpt lat="47.1568768110" lon="9.2780274691">
				<ele>2025.5</ele>
				<extensions>
					<swisstopo:routepoint_id>1739670456</swisstopo:routepoint_id>
				</extensions>
			</trkpt>
			<trkpt lat="47.1568805070" lon="9.2780535135">
				<ele>2025.7</ele>
				<extensions>
					<swisstopo:routepoint_id>553872422</swisstopo:routepoint_id>
				</extensions>
			</trkpt>
			<trkpt lat="47.1568767002" lon="9.2780717898">
				<ele>2026.0</ele>
				<extensions>
					<swisstopo:routepoint_id>1292714103</swisstopo:routepoint_id>
				</extensions>
			</trkpt>
			<trkpt lat="47.1568526331" lon="9.2780586352">
				<ele>2027.6</ele>
				<extensions>
					<swisstopo:routepoint_id>89262587</swisstopo:routepoint_id>
				</extensions>
			</trkpt>
			<trkpt lat="47.1568535339" lon="9.2781248761">
				<ele>2028.5</ele>
				<extensions>
					<swisstopo:routepoint_id>1837000158</swisstopo:routepoint_id>
				</extensions>
			</trkpt>
			<trkpt lat="47.1568078784" lon="9.2781216062">
				<ele>2031.6</ele>
				<extensions>
					<swisstopo:routepoint_id>1107391580</swisstopo:routepoint_id>
				</extensions>
			</trkpt>
			<trkpt lat="47.1567617743" lon="9.2781057103">
				<ele>2035.3</ele>
				<extensions>
					<swisstopo:routepoint_id>880934114</swisstopo:routepoint_id>
				</extensions>
			</trkpt>
			<trkpt lat="47.1567183311" lon="9.2780756075">
				<ele>2037.9</ele>
				<extensions>
					<swisstopo:routepoint_id>1065680642</swisstopo:routepoint_id>
				</extensions>
			</trkpt>
			<trkpt lat="47.1566801049" lon="9.2780242110">
				<ele>2039.9</ele>
				<extensions>
					<swisstopo:routepoint_id>23573670</swisstopo:routepoint_id>
				</extensions>
			</trkpt>
			<trkpt lat="47.1566446144" lon="9.2779550167">
				<ele>2041.0</ele>
				<extensions>
					<swisstopo:routepoint_id>1750238268</swisstopo:routepoint_id>
				</extensions>
			</trkpt>
			<trkpt lat="47.1566232312" lon="9.2779185105">
				<ele>2041.4</ele>
				<extensions>
					<swisstopo:routepoint_id>547228846</swisstopo:routepoint_id>
				</extensions>
			</trkpt>
			<trkpt lat="47.1565838081" lon="9.2778881081">
				<ele>2042.9</ele>
				<extensions>
					<swisstopo:routepoint_id>2122089346</swisstopo:routepoint_id>
				</extensions>
			</trkpt>
			<trkpt lat="47.1565602925" lon="9.2778365862">
				<ele>2043.6</ele>
				<extensions>
					<swisstopo:routepoint_id>684479354</swisstopo:routepoint_id>
				</extensions>
			</trkpt>
			<trkpt lat="47.1565489092" lon="9.2778357827">
				<ele>2044.1</ele>
				<extensions>
					<swisstopo:routepoint_id>1920471452</swisstopo:routepoint_id>
				</extensions>
			</trkpt>
			<trkpt lat="47.1565441247" lon="9.2778498136">
				<ele>2044.5</ele>
				<extensions>
					<swisstopo:routepoint_id>1818837550</swisstopo:routepoint_id>
				</extensions>
			</trkpt>
			<trkpt lat="47.1565518924" lon="9.2778965431">
				<ele>2045.5</ele>
				<extensions>
					<swisstopo:routepoint_id>1168466074</swisstopo:routepoint_id>
				</extensions>
			</trkpt>
			<trkpt lat="47.1565314087" lon="9.2778867707">
				<ele>2046.6</ele>
				<extensions>
					<swisstopo:routepoint_id>35973783</swisstopo:routepoint_id>
				</extensions>
			</trkpt>
			<trkpt lat="47.1565210160" lon="9.2778839016">
				<ele>2046.8</ele>
				<extensions>
					<swisstopo:routepoint_id>797051167</swisstopo:routepoint_id>
				</extensions>
			</trkpt>
			<trkpt lat="47.1565123821" lon="9.2778985469">
				<ele>2047.5</ele>
				<extensions>
					<swisstopo:routepoint_id>733976505</swisstopo:routepoint_id>
				</extensions>
			</trkpt>
			<trkpt lat="47.1565057374" lon="9.2779393712">
				<ele>2048.7</ele>
				<extensions>
					<swisstopo:routepoint_id>521102653</swisstopo:routepoint_id>
				</extensions>
			</trkpt>
			<trkpt lat="47.1564829983" lon="9.2780047603">
				<ele>2051.5</ele>
				<extensions>
					<swisstopo:routepoint_id>1288751185</swisstopo:routepoint_id>
				</extensions>
			</trkpt>
			<trkpt lat="47.1564694178" lon="9.2780699746">
				<ele>2053.2</ele>
				<extensions>
					<swisstopo:routepoint_id>1247653899</swisstopo:routepoint_id>
				</extensions>
			</trkpt>
			<trkpt lat="47.1564367444" lon="9.2780878771">
				<ele>2055.8</ele>
				<extensions>
					<swisstopo:routepoint_id>1047175352</swisstopo:routepoint_id>
				</extensions>
			</trkpt>
			<trkpt lat="47.1564213830" lon="9.2780957217">
				<ele>2056.7</ele>
				<extensions>
					<swisstopo:routepoint_id>1619076127</swisstopo:routepoint_id>
				</extensions>
			</trkpt>
			<trkpt lat="47.1564104023" lon="9.2781274571">
				<ele>2057.6</ele>
				<extensions>
					<swisstopo:routepoint_id>178467677</swisstopo:routepoint_id>
				</extensions>
			</trkpt>
			<trkpt lat="47.1563986115" lon="9.2781604012">
				<ele>2057.8</ele>
				<extensions>
					<swisstopo:routepoint_id>833219452</swisstopo:routepoint_id>
				</extensions>
			</trkpt>
			<trkpt lat="47.1563752329" lon="9.2781871890">
				<ele>2059.5</ele>
				<extensions>
					<swisstopo:routepoint_id>1947823760</swisstopo:routepoint_id>
				</extensions>
			</trkpt>
			<trkpt lat="47.1563463302" lon="9.2782203949">
				<ele>2060.9</ele>
				<extensions>
					<swisstopo:routepoint_id>980263871</swisstopo:routepoint_id>
				</extensions>
			</trkpt>
			<trkpt lat="47.1563208166" lon="9.2782603640">
				<ele>2062.6</ele>
				<extensions>
					<swisstopo:routepoint_id>375839214</swisstopo:routepoint_id>
				</extensions>
			</trkpt>
			<trkpt lat="47.1563083574" lon="9.2783048911">
				<ele>2064.4</ele>
				<extensions>
					<swisstopo:routepoint_id>2020243933</swisstopo:routepoint_id>
				</extensions>
			</trkpt>
			<trkpt lat="47.1562911616" lon="9.2783247035">
				<ele>2065.4</ele>
				<extensions>
					<swisstopo:routepoint_id>881882840</swisstopo:routepoint_id>
				</extensions>
			</trkpt>
			<trkpt lat="47.1562527659" lon="9.2782894158">
				<ele>2067.5</ele>
				<extensions>
					<swisstopo:routepoint_id>82466165</swisstopo:routepoint_id>
				</extensions>
			</trkpt>
			<trkpt lat="47.1562177185" lon="9.2783486364">
				<ele>2070.6</ele>
				<extensions>
					<swisstopo:routepoint_id>1254226331</swisstopo:routepoint_id>
				</extensions>
			</trkpt>
			<trkpt lat="47.1561956545" lon="9.2783552847">
				<ele>2072.4</ele>
				<extensions>
					<swisstopo:routepoint_id>345189954</swisstopo:routepoint_id>
				</extensions>
			</trkpt>
			<trkpt lat="47.1561593417" lon="9.2783754960">
				<ele>2074.8</ele>
				<extensions>
					<swisstopo:routepoint_id>84478603</swisstopo:routepoint_id>
				</extensions>
			</trkpt>
			<trkpt lat="47.1561471342" lon="9.2784064676">
				<ele>2076.2</ele>
				<extensions>
					<swisstopo:routepoint_id>150394046</swisstopo:routepoint_id>
				</extensions>
			</trkpt>
			<trkpt lat="47.1561248857" lon="9.2783674844">
				<ele>2077.3</ele>
				<extensions>
					<swisstopo:routepoint_id>125482200</swisstopo:routepoint_id>
				</extensions>
			</trkpt>
			<trkpt lat="47.1561016710" lon="9.2784208386">
				<ele>2079.0</ele>
				<extensions>
					<swisstopo:routepoint_id>2061116451</swisstopo:routepoint_id>
				</extensions>
			</trkpt>
			<trkpt lat="47.1560833622" lon="9.2784091440">
				<ele>2080.4</ele>
				<extensions>
					<swisstopo:routepoint_id>1989039779</swisstopo:routepoint_id>
				</extensions>
			</trkpt>
			<trkpt lat="47.1560536777" lon="9.2784544312">
				<ele>2082.8</ele>
				<extensions>
					<swisstopo:routepoint_id>241737408</swisstopo:routepoint_id>
				</extensions>
			</trkpt>
			<trkpt lat="47.1560329232" lon="9.2784313816">
				<ele>2084.4</ele>
				<extensions>
					<swisstopo:routepoint_id>751831708</swisstopo:routepoint_id>
				</extensions>
			</trkpt>
			<trkpt lat="47.1560137586" lon="9.2783841705">
				<ele>2085.8</ele>
				<extensions>
					<swisstopo:routepoint_id>56648247</swisstopo:routepoint_id>
				</extensions>
			</trkpt>
			<trkpt lat="47.1559903034" lon="9.2783442699">
				<ele>2086.8</ele>
				<extensions>
					<swisstopo:routepoint_id>1437579292</swisstopo:routepoint_id>
				</extensions>
			</trkpt>
			<trkpt lat="47.1559605746" lon="9.2783609978">
				<ele>2088.6</ele>
				<extensions>
					<swisstopo:routepoint_id>1188503777</swisstopo:routepoint_id>
				</extensions>
			</trkpt>
			<trkpt lat="47.1559344306" lon="9.2783232977">
				<ele>2090.3</ele>
				<extensions>
					<swisstopo:routepoint_id>94111767</swisstopo:routepoint_id>
				</extensions>
			</trkpt>
			<trkpt lat="47.1558943975" lon="9.2782645621">
				<ele>2092.0</ele>
				<extensions>
					<swisstopo:routepoint_id>1424676431</swisstopo:routepoint_id>
				</extensions>
			</trkpt>
			<trkpt lat="47.1558823479" lon="9.2783125934">
				<ele>2093.8</ele>
				<extensions>
					<swisstopo:routepoint_id>728647375</swisstopo:routepoint_id>
				</extensions>
			</trkpt>
			<trkpt lat="47.1558642505" lon="9.2783750756">
				<ele>2095.9</ele>
				<extensions>
					<swisstopo:routepoint_id>1892491756</swisstopo:routepoint_id>
				</extensions>
			</trkpt>
			<trkpt lat="47.1558207231" lon="9.2783211146">
				<ele>2098.0</ele>
				<extensions>
					<swisstopo:routepoint_id>2092014920</swisstopo:routepoint_id>
				</extensions>
			</trkpt>
			<trkpt lat="47.1558084801" lon="9.2783235146">
				<ele>2098.7</ele>
				<extensions>
					<swisstopo:routepoint_id>1068691483</swisstopo:routepoint_id>
				</extensions>
			</trkpt>
			<trkpt lat="47.1557839527" lon="9.2782902240">
				<ele>2099.7</ele>
				<extensions>
					<swisstopo:routepoint_id>744342294</swisstopo:routepoint_id>
				</extensions>
			</trkpt>
			<trkpt lat="47.1557798261" lon="9.2783241138">
				<ele>2100.1</ele>
				<extensions>
					<swisstopo:routepoint_id>53325699</swisstopo:routepoint_id>
				</extensions>
			</trkpt>
			<trkpt lat="47.1557630258" lon="9.2783378856">
				<ele>2101.1</ele>
				<extensions>
					<swisstopo:routepoint_id>390861296</swisstopo:routepoint_id>
				</extensions>
			</trkpt>
			<trkpt lat="47.1557657472" lon="9.2783737756">
				<ele>2101.8</ele>
				<extensions>
					<swisstopo:routepoint_id>2084003638</swisstopo:routepoint_id>
				</extensions>
			</trkpt>
			<trkpt lat="47.1557508450" lon="9.2783974281">
				<ele>2103.2</ele>
				<extensions>
					<swisstopo:routepoint_id>1428116930</swisstopo:routepoint_id>
				</extensions>
			</trkpt>
			<trkpt lat="47.1557274309" lon="9.2783956313">
				<ele>2104.2</ele>
				<extensions>
					<swisstopo:routepoint_id>1692057272</swisstopo:routepoint_id>
				</extensions>
			</trkpt>
			<trkpt lat="47.1556953411" lon="9.2783418317">
				<ele>2106.0</ele>
				<extensions>
					<swisstopo:routepoint_id>1217906747</swisstopo:routepoint_id>
				</extensions>
			</trkpt>
			<trkpt lat="47.1556843340" lon="9.2783642139">
				<ele>2107.0</ele>
				<extensions>
					<swisstopo:routepoint_id>2142061865</swisstopo:routepoint_id>
				</extensions>
			</trkpt>
			<trkpt lat="47.1556666084" lon="9.2783638492">
				<ele>2108.6</ele>
				<extensions>
					<swisstopo:routepoint_id>406318354</swisstopo:routepoint_id>
				</extensions>
			</trkpt>
			<trkpt lat="47.1556612631" lon="9.2784080278">
				<ele>2109.1</ele>
				<extensions>
					<swisstopo:routepoint_id>141213527</swisstopo:routepoint_id>
				</extensions>
			</trkpt>
			<trkpt lat="47.1556139649" lon="9.2783283039">
				<ele>2112.2</ele>
				<extensions>
					<swisstopo:routepoint_id>1228930739</swisstopo:routepoint_id>
				</extensions>
			</trkpt>
			<trkpt lat="47.1555930424" lon="9.2783372069">
				<ele>2113.8</ele>
				<extensions>
					<swisstopo:routepoint_id>636766820</swisstopo:routepoint_id>
				</extensions>
			</trkpt>
			<trkpt lat="47.1555823140" lon="9.2783943773">
				<ele>2115.4</ele>
				<extensions>
					<swisstopo:routepoint_id>452099358</swisstopo:routepoint_id>
				</extensions>
			</trkpt>
			<trkpt lat="47.1555686709" lon="9.2784057589">
				<ele>2115.9</ele>
				<extensions>
					<swisstopo:routepoint_id>1101431614</swisstopo:routepoint_id>
				</extensions>
			</trkpt>
			<trkpt lat="47.1555418598" lon="9.2783883750">
				<ele>2118.0</ele>
				<extensions>
					<swisstopo:routepoint_id>1329673128</swisstopo:routepoint_id>
				</extensions>
			</trkpt>
			<trkpt lat="47.1555036592" lon="9.2783436270">
				<ele>2119.6</ele>
				<extensions>
					<swisstopo:routepoint_id>467856685</swisstopo:routepoint_id>
				</extensions>
			</trkpt>
			<trkpt lat="47.1554955789" lon="9.2783390083">
				<ele>2120.6</ele>
				<extensions>
					<swisstopo:routepoint_id>307450081</swisstopo:routepoint_id>
				</extensions>
			</trkpt>
			<trkpt lat="47.1554830246" lon="9.2783636432">
				<ele>2121.7</ele>
				<extensions>
					<swisstopo:routepoint_id>998054514</swisstopo:routepoint_id>
				</extensions>
			</trkpt>
			<trkpt lat="47.1554617756" lon="9.2783302980">
				<ele>2122.7</ele>
				<extensions>
					<swisstopo:routepoint_id>1792205848</swisstopo:routepoint_id>
				</extensions>
			</trkpt>
			<trkpt lat="47.1554305279" lon="9.2783733409">
				<ele>2125.3</ele>
				<extensions>
					<swisstopo:routepoint_id>1418772127</swisstopo:routepoint_id>
				</extensions>
			</trkpt>
			<trkpt lat="47.1554092393" lon="9.2784364728">
				<ele>2126.9</ele>
				<extensions>
					<swisstopo:routepoint_id>58732300</swisstopo:routepoint_id>
				</extensions>
			</trkpt>
			<trkpt lat="47.1553734480" lon="9.2783982094">
				<ele>2129.5</ele>
				<extensions>
					<swisstopo:routepoint_id>1797260886</swisstopo:routepoint_id>
				</extensions>
			</trkpt>
			<trkpt lat="47.1553468298" lon="9.2784572551">
				<ele>2131.6</ele>
				<extensions>
					<swisstopo:routepoint_id>1134988220</swisstopo:routepoint_id>
				</extensions>
			</trkpt>
			<trkpt lat="47.1553002080" lon="9.2784138407">
				<ele>2135.2</ele>
				<extensions>
					<swisstopo:routepoint_id>1745704562</swisstopo:routepoint_id>
				</extensions>
			</trkpt>
			<trkpt lat="47.1552740498" lon="9.2783533927">
				<ele>2136.8</ele>
				<extensions>
					<swisstopo:routepoint_id>1867636502</swisstopo:routepoint_id>
				</extensions>
			</trkpt>
			<trkpt lat="47.1552532510" lon="9.2783281522">
				<ele>2137.8</ele>
				<extensions>
					<swisstopo:routepoint_id>2083580412</swisstopo:routepoint_id>
				</extensions>
			</trkpt>
			<trkpt lat="47.1552188889" lon="9.2782972288">
				<ele>2139.4</ele>
				<extensions>
					<swisstopo:routepoint_id>1572883905</swisstopo:routepoint_id>
				</extensions>
			</trkpt>
			<trkpt lat="47.1552037547" lon="9.2783183485">
				<ele>2141.0</ele>
				<extensions>
					<swisstopo:routepoint_id>2052130675</swisstopo:routepoint_id>
				</extensions>
			</trkpt>
			<trkpt lat="47.1551962265" lon="9.2783841945">
				<ele>2142.0</ele>
				<extensions>
					<swisstopo:routepoint_id>1309541533</swisstopo:routepoint_id>
				</extensions>
			</trkpt>
			<trkpt lat="47.1551634166" lon="9.2784540660">
				<ele>2144.6</ele>
				<extensions>
					<swisstopo:routepoint_id>1976856610</swisstopo:routepoint_id>
				</extensions>
			</trkpt>
			<trkpt lat="47.1551326982" lon="9.2784881746">
				<ele>2147.2</ele>
				<extensions>
					<swisstopo:routepoint_id>1067023580</swisstopo:routepoint_id>
				</extensions>
			</trkpt>
			<trkpt lat="47.1551075095" lon="9.2785545339">
				<ele>2149.3</ele>
				<extensions>
					<swisstopo:routepoint_id>1694080158</swisstopo:routepoint_id>
				</extensions>
			</trkpt>
			<trkpt lat="47.1550897111" lon="9.2785098049">
				<ele>2149.9</ele>
				<extensions>
					<swisstopo:routepoint_id>1555355806</swisstopo:routepoint_id>
				</extensions>
			</trkpt>
			<trkpt lat="47.1550367671" lon="9.2785584775">
				<ele>2154.5</ele>
				<extensions>
					<swisstopo:routepoint_id>145370635</swisstopo:routepoint_id>
				</extensions>
			</trkpt>
			<trkpt lat="47.1550100277" lon="9.2785289112">
				<ele>2155.7</ele>
				<extensions>
					<swisstopo:routepoint_id>1526259150</swisstopo:routepoint_id>
				</extensions>
			</trkpt>
			<trkpt lat="47.1549707141" lon="9.2784636317">
				<ele>2157.5</ele>
				<extensions>
					<swisstopo:routepoint_id>323484701</swisstopo:routepoint_id>
				</extensions>
			</trkpt>
			<trkpt lat="47.1549356696" lon="9.2784572616">
				<ele>2159.6</ele>
				<extensions>
					<swisstopo:routepoint_id>1817337026</swisstopo:routepoint_id>
				</extensions>
			</trkpt>
			<trkpt lat="47.1549123925" lon="9.2784815403">
				<ele>2161.3</ele>
				<extensions>
					<swisstopo:routepoint_id>76005392</swisstopo:routepoint_id>
				</extensions>
			</trkpt>
			<trkpt lat="47.1548878232" lon="9.2784789051">
				<ele>2162.6</ele>
				<extensions>
					<swisstopo:routepoint_id>991779858</swisstopo:routepoint_id>
				</extensions>
			</trkpt>
			<trkpt lat="47.1548599966" lon="9.2784107104">
				<ele>2163.3</ele>
				<extensions>
					<swisstopo:routepoint_id>1145034375</swisstopo:routepoint_id>
				</extensions>
			</trkpt>
			<trkpt lat="47.1548306223" lon="9.2783810663">
				<ele>2164.6</ele>
				<extensions>
					<swisstopo:routepoint_id>621429048</swisstopo:routepoint_id>
				</extensions>
			</trkpt>
			<trkpt lat="47.1547904611" lon="9.2783644216">
				<ele>2166.7</ele>
				<extensions>
					<swisstopo:routepoint_id>364701598</swisstopo:routepoint_id>
				</extensions>
			</trkpt>
			<trkpt lat="47.1547530146" lon="9.2783445087">
				<ele>2168.1</ele>
				<extensions>
					<swisstopo:routepoint_id>68635891</swisstopo:routepoint_id>
				</extensions>
			</trkpt>
			<trkpt lat="47.1547371102" lon="9.2783489467">
				<ele>2169.0</ele>
				<extensions>
					<swisstopo:routepoint_id>1103453169</swisstopo:routepoint_id>
				</extensions>
			</trkpt>
			<trkpt lat="47.1547325809" lon="9.2784074888">
				<ele>2170.2</ele>
				<extensions>
					<swisstopo:routepoint_id>654775371</swisstopo:routepoint_id>
				</extensions>
			</trkpt>
			<trkpt lat="47.1547101070" lon="9.2783848058">
				<ele>2170.9</ele>
				<extensions>
					<swisstopo:routepoint_id>1531528159</swisstopo:routepoint_id>
				</extensions>
			</trkpt>
			<trkpt lat="47.1546633311" lon="9.2783444265">
				<ele>2173.0</ele>
				<extensions>
					<swisstopo:routepoint_id>333706868</swisstopo:routepoint_id>
				</extensions>
			</trkpt>
			<trkpt lat="47.1546501632" lon="9.2783942476">
				<ele>2174.4</ele>
				<extensions>
					<swisstopo:routepoint_id>663929240</swisstopo:routepoint_id>
				</extensions>
			</trkpt>
			<trkpt lat="47.1546452323" lon="9.2784762702">
				<ele>2176.3</ele>
				<extensions>
					<swisstopo:routepoint_id>227859063</swisstopo:routepoint_id>
				</extensions>
			</trkpt>
			<trkpt lat="47.1546120601" lon="9.2784632408">
				<ele>2178.0</ele>
				<extensions>
					<swisstopo:routepoint_id>1517192163</swisstopo:routepoint_id>
				</extensions>
			</trkpt>
			<trkpt lat="47.1546105578" lon="9.2784984180">
				<ele>2178.8</ele>
				<extensions>
					<swisstopo:routepoint_id>2079087500</swisstopo:routepoint_id>
				</extensions>
			</trkpt>
			<trkpt lat="47.1545896169" lon="9.2784892225">
				<ele>2179.9</ele>
				<extensions>
					<swisstopo:routepoint_id>1808625134</swisstopo:routepoint_id>
				</extensions>
			</trkpt>
			<trkpt lat="47.1545871112" lon="9.2785327505">
				<ele>2180.5</ele>
				<extensions>
					<swisstopo:routepoint_id>1864829236</swisstopo:routepoint_id>
				</extensions>
			</trkpt>
			<trkpt lat="47.1545582317" lon="9.2785249179">
				<ele>2182.3</ele>
				<extensions>
					<swisstopo:routepoint_id>400296520</swisstopo:routepoint_id>
				</extensions>
			</trkpt>
			<trkpt lat="47.1545326412" lon="9.2785306587">
				<ele>2183.6</ele>
				<extensions>
					<swisstopo:routepoint_id>1628620626</swisstopo:routepoint_id>
				</extensions>
			</trkpt>
			<trkpt lat="47.1545219649" lon="9.2785889635">
				<ele>2185.2</ele>
				<extensions>
					<swisstopo:routepoint_id>1521108702</swisstopo:routepoint_id>
				</extensions>
			</trkpt>
			<trkpt lat="47.1545140657" lon="9.2786389910">
				<ele>2187.2</ele>
				<extensions>
					<swisstopo:routepoint_id>2066949282</swisstopo:routepoint_id>
				</extensions>
			</trkpt>
			<trkpt lat="47.1545267902" lon="9.2787328914">
				<ele>2189.0</ele>
				<extensions>
					<swisstopo:routepoint_id>1369595804</swisstopo:routepoint_id>
				</extensions>
			</trkpt>
			<trkpt lat="47.1544646594" lon="9.2787158903">
				<ele>2192.5</ele>
				<extensions>
					<swisstopo:routepoint_id>1401242058</swisstopo:routepoint_id>
				</extensions>
			</trkpt>
			<trkpt lat="47.1544406401" lon="9.2788289173">
				<ele>2196.7</ele>
				<extensions>
					<swisstopo:routepoint_id>1724637831</swisstopo:routepoint_id>
				</extensions>
			</trkpt>
			<trkpt lat="47.1544372096" lon="9.2788450804">
				<ele>2197.1</ele>
				<extensions>
					<swisstopo:routepoint_id>610986134</swisstopo:routepoint_id>
				</extensions>
			</trkpt>
			<trkpt lat="47.1544255058" lon="9.2788351978">
				<ele>2197.7</ele>
				<extensions>
					<swisstopo:routepoint_id>1927111284</swisstopo:routepoint_id>
				</extensions>
			</trkpt>
			<trkpt lat="47.1543290390" lon="9.2787537718">
				<ele>2203.2</ele>
				<extensions>
					<swisstopo:routepoint_id>571644045</swisstopo:routepoint_id>
				</extensions>
			</trkpt>
			<trkpt lat="47.1542965075" lon="9.2786814358">
				<ele>2204.9</ele>
				<extensions>
					<swisstopo:routepoint_id>1371167886</swisstopo:routepoint_id>
				</extensions>
			</trkpt>
			<trkpt lat="47.1542753663" lon="9.2786534403">
				<ele>2206.0</ele>
				<extensions>
					<swisstopo:routepoint_id>1029038911</swisstopo:routepoint_id>
				</extensions>
			</trkpt>
			<trkpt lat="47.1542642815" lon="9.2787114603">
				<ele>2207.3</ele>
				<extensions>
					<swisstopo:routepoint_id>577212630</swisstopo:routepoint_id>
				</extensions>
			</trkpt>
			<trkpt lat="47.1542433373" lon="9.2787937173">
				<ele>2209.2</ele>
				<extensions>
					<swisstopo:routepoint_id>1967613369</swisstopo:routepoint_id>
				</extensions>
			</trkpt>
			<trkpt lat="47.1542146012" lon="9.2787532885">
				<ele>2210.9</ele>
				<extensions>
					<swisstopo:routepoint_id>1496340877</swisstopo:routepoint_id>
				</extensions>
			</trkpt>
			<trkpt lat="47.1541947674" lon="9.2787138615">
				<ele>2211.9</ele>
				<extensions>
					<swisstopo:routepoint_id>1563138204</swisstopo:routepoint_id>
				</extensions>
			</trkpt>
			<trkpt lat="47.1541606666" lon="9.2786654942">
				<ele>2213.7</ele>
				<extensions>
					<swisstopo:routepoint_id>604971186</swisstopo:routepoint_id>
				</extensions>
			</trkpt>
			<trkpt lat="47.1541364779" lon="9.2787407484">
				<ele>2215.9</ele>
				<extensions>
					<swisstopo:routepoint_id>789674178</swisstopo:routepoint_id>
				</extensions>
			</trkpt>
			<trkpt lat="47.1541213052" lon="9.2787203001">
				<ele>2216.8</ele>
				<extensions>
					<swisstopo:routepoint_id>10013292</swisstopo:routepoint_id>
				</extensions>
			</trkpt>
			<trkpt lat="47.1541049985" lon="9.2787603523">
				<ele>2218.0</ele>
				<extensions>
					<swisstopo:routepoint_id>1626680807</swisstopo:routepoint_id>
				</extensions>
			</trkpt>
			<trkpt lat="47.1540638145" lon="9.2786741298">
				<ele>2220.4</ele>
				<extensions>
					<swisstopo:routepoint_id>56955846</swisstopo:routepoint_id>
				</extensions>
			</trkpt>
			<trkpt lat="47.1540358213" lon="9.2787147458">
				<ele>2222.4</ele>
				<extensions>
					<swisstopo:routepoint_id>52390388</swisstopo:routepoint_id>
				</extensions>
			</trkpt>
			<trkpt lat="47.1540062435" lon="9.2787681881">
				<ele>2224.5</ele>
				<extensions>
					<swisstopo:routepoint_id>389839055</swisstopo:routepoint_id>
				</extensions>
			</trkpt>
			<trkpt lat="47.1539934793" lon="9.2787680197">
				<ele>2225.3</ele>
				<extensions>
					<swisstopo:routepoint_id>634544751</swisstopo:routepoint_id>
				</extensions>
			</trkpt>
			<trkpt lat="47.1539800546" lon="9.2787552958">
				<ele>2226.1</ele>
				<extensions>
					<swisstopo:routepoint_id>989129854</swisstopo:routepoint_id>
				</extensions>
			</trkpt>
			<trkpt lat="47.1539565657" lon="9.2787675360">
				<ele>2227.5</ele>
				<extensions>
					<swisstopo:routepoint_id>210373488</swisstopo:routepoint_id>
				</extensions>
			</trkpt>
			<trkpt lat="47.1539067343" lon="9.2787583517">
				<ele>2229.6</ele>
				<extensions>
					<swisstopo:routepoint_id>708003645</swisstopo:routepoint_id>
				</extensions>
			</trkpt>
			<trkpt lat="47.1538539585" lon="9.2787778157">
				<ele>2230.9</ele>
				<extensions>
					<swisstopo:routepoint_id>1591329169</swisstopo:routepoint_id>
				</extensions>
			</trkpt>
			<trkpt lat="47.1538366725" lon="9.2787675349">
				<ele>2231.7</ele>
				<extensions>
					<swisstopo:routepoint_id>276084727</swisstopo:routepoint_id>
				</extensions>
			</trkpt>
			<trkpt lat="47.1538259489" lon="9.2787452564">
				<ele>2233.4</ele>
				<extensions>
					<swisstopo:routepoint_id>980036631</swisstopo:routepoint_id>
				</extensions>
			</trkpt>
			<trkpt lat="47.1538154077" lon="9.2787038565">
				<ele>2235.0</ele>
				<extensions>
					<swisstopo:routepoint_id>428481746</swisstopo:routepoint_id>
				</extensions>
			</trkpt>
			<trkpt lat="47.1537486733" lon="9.2785906340">
				<ele>2238.2</ele>
				<extensions>
					<swisstopo:routepoint_id>1474911181</swisstopo:routepoint_id>
				</extensions>
			</trkpt>
			<trkpt lat="47.1536785840" lon="9.2788027111">
				<ele>2243.5</ele>
				<extensions>
					<swisstopo:routepoint_id>723411664</swisstopo:routepoint_id>
				</extensions>
			</trkpt>
			<trkpt lat="47.1535622212" lon="9.2786599220">
				<ele>2250.5</ele>
				<extensions>
					<swisstopo:routepoint_id>1585452520</swisstopo:routepoint_id>
				</extensions>
			</trkpt>
			<trkpt lat="47.1535028793" lon="9.2785118810">
				<ele>2252.0</ele>
				<extensions>
					<swisstopo:routepoint_id>1477535483</swisstopo:routepoint_id>
				</extensions>
			</trkpt>
			<trkpt lat="47.1534871609" lon="9.2784669574">
				<ele>2253.1</ele>
				<extensions>
					<swisstopo:routepoint_id>1200002605</swisstopo:routepoint_id>
				</extensions>
			</trkpt>
			<trkpt lat="47.1535028793" lon="9.2785118810">
				<ele>2252.0</ele>
				<extensions>
					<swisstopo:routepoint_id>1429725384</swisstopo:routepoint_id>
				</extensions>
			</trkpt>
			<trkpt lat="47.1535622212" lon="9.2786599220">
				<ele>2250.5</ele>
				<extensions>
					<swisstopo:routepoint_id>1042586351</swisstopo:routepoint_id>
				</extensions>
			</trkpt>
			<trkpt lat="47.1536785840" lon="9.2788027111">
				<ele>2243.5</ele>
				<extensions>
					<swisstopo:routepoint_id>984554298</swisstopo:routepoint_id>
				</extensions>
			</trkpt>
			<trkpt lat="47.1537486733" lon="9.2785906340">
				<ele>2238.2</ele>
				<extensions>
					<swisstopo:routepoint_id>19735648</swisstopo:routepoint_id>
				</extensions>
			</trkpt>
			<trkpt lat="47.1538154077" lon="9.2787038565">
				<ele>2235.0</ele>
				<extensions>
					<swisstopo:routepoint_id>1649041690</swisstopo:routepoint_id>
				</extensions>
			</trkpt>
			<trkpt lat="47.1538259489" lon="9.2787452564">
				<ele>2233.4</ele>
				<extensions>
					<swisstopo:routepoint_id>286054468</swisstopo:routepoint_id>
				</extensions>
			</trkpt>
			<trkpt lat="47.1538366725" lon="9.2787675349">
				<ele>2231.7</ele>
				<extensions>
					<swisstopo:routepoint_id>1081361347</swisstopo:routepoint_id>
				</extensions>
			</trkpt>
			<trkpt lat="47.1538539585" lon="9.2787778157">
				<ele>2230.9</ele>
				<extensions>
					<swisstopo:routepoint_id>1863636006</swisstopo:routepoint_id>
				</extensions>
			</trkpt>
			<trkpt lat="47.1539067343" lon="9.2787583517">
				<ele>2229.6</ele>
				<extensions>
					<swisstopo:routepoint_id>225374981</swisstopo:routepoint_id>
				</extensions>
			</trkpt>
			<trkpt lat="47.1539565657" lon="9.2787675360">
				<ele>2227.5</ele>
				<extensions>
					<swisstopo:routepoint_id>549310262</swisstopo:routepoint_id>
				</extensions>
			</trkpt>
			<trkpt lat="47.1539800546" lon="9.2787552958">
				<ele>2226.1</ele>
				<extensions>
					<swisstopo:routepoint_id>1289263956</swisstopo:routepoint_id>
				</extensions>
			</trkpt>
			<trkpt lat="47.1539934793" lon="9.2787680197">
				<ele>2225.3</ele>
				<extensions>
					<swisstopo:routepoint_id>692223965</swisstopo:routepoint_id>
				</extensions>
			</trkpt>
			<trkpt lat="47.1540062435" lon="9.2787681881">
				<ele>2224.5</ele>
				<extensions>
					<swisstopo:routepoint_id>1511725546</swisstopo:routepoint_id>
				</extensions>
			</trkpt>
			<trkpt lat="47.1540358213" lon="9.2787147458">
				<ele>2222.4</ele>
				<extensions>
					<swisstopo:routepoint_id>1684012537</swisstopo:routepoint_id>
				</extensions>
			</trkpt>
			<trkpt lat="47.1540638145" lon="9.2786741298">
				<ele>2220.4</ele>
				<extensions>
					<swisstopo:routepoint_id>580062610</swisstopo:routepoint_id>
				</extensions>
			</trkpt>
			<trkpt lat="47.1541049985" lon="9.2787603523">
				<ele>2218.0</ele>
				<extensions>
					<swisstopo:routepoint_id>1624159261</swisstopo:routepoint_id>
				</extensions>
			</trkpt>
			<trkpt lat="47.1541213052" lon="9.2787203001">
				<ele>2216.8</ele>
				<extensions>
					<swisstopo:routepoint_id>1928832618</swisstopo:routepoint_id>
				</extensions>
			</trkpt>
			<trkpt lat="47.1541364779" lon="9.2787407484">
				<ele>2215.9</ele>
				<extensions>
					<swisstopo:routepoint_id>1891924300</swisstopo:routepoint_id>
				</extensions>
			</trkpt>
			<trkpt lat="47.1541606666" lon="9.2786654942">
				<ele>2213.7</ele>
				<extensions>
					<swisstopo:routepoint_id>382026569</swisstopo:routepoint_id>
				</extensions>
			</trkpt>
			<trkpt lat="47.1541947674" lon="9.2787138615">
				<ele>2211.9</ele>
				<extensions>
					<swisstopo:routepoint_id>809337981</swisstopo:routepoint_id>
				</extensions>
			</trkpt>
			<trkpt lat="47.1542146012" lon="9.2787532885">
				<ele>2210.9</ele>
				<extensions>
					<swisstopo:routepoint_id>699861800</swisstopo:routepoint_id>
				</extensions>
			</trkpt>
			<trkpt lat="47.1542433373" lon="9.2787937173">
				<ele>2209.2</ele>
				<extensions>
					<swisstopo:routepoint_id>1659048464</swisstopo:routepoint_id>
				</extensions>
			</trkpt>
			<trkpt lat="47.1542642815" lon="9.2787114603">
				<ele>2207.3</ele>
				<extensions>
					<swisstopo:routepoint_id>724189259</swisstopo:routepoint_id>
				</extensions>
			</trkpt>
			<trkpt lat="47.1542753663" lon="9.2786534403">
				<ele>2206.0</ele>
				<extensions>
					<swisstopo:routepoint_id>1702620562</swisstopo:routepoint_id>
				</extensions>
			</trkpt>
			<trkpt lat="47.1542965075" lon="9.2786814358">
				<ele>2204.9</ele>
				<extensions>
					<swisstopo:routepoint_id>837398879</swisstopo:routepoint_id>
				</extensions>
			</trkpt>
			<trkpt lat="47.1543290390" lon="9.2787537718">
				<ele>2203.2</ele>
				<extensions>
					<swisstopo:routepoint_id>354875914</swisstopo:routepoint_id>
				</extensions>
			</trkpt>
			<trkpt lat="47.1544255058" lon="9.2788351978">
				<ele>2197.7</ele>
				<extensions>
					<swisstopo:routepoint_id>959597612</swisstopo:routepoint_id>
				</extensions>
			</trkpt>
			<trkpt lat="47.1544372096" lon="9.2788450804">
				<ele>2197.1</ele>
				<extensions>
					<swisstopo:routepoint_id>558042523</swisstopo:routepoint_id>
				</extensions>
			</trkpt>
			<trkpt lat="47.1544406401" lon="9.2788289173">
				<ele>2196.7</ele>
				<extensions>
					<swisstopo:routepoint_id>1419082015</swisstopo:routepoint_id>
				</extensions>
			</trkpt>
			<trkpt lat="47.1544646594" lon="9.2787158903">
				<ele>2192.5</ele>
				<extensions>
					<swisstopo:routepoint_id>1768209543</swisstopo:routepoint_id>
				</extensions>
			</trkpt>
			<trkpt lat="47.1545267902" lon="9.2787328914">
				<ele>2189.0</ele>
				<extensions>
					<swisstopo:routepoint_id>674236445</swisstopo:routepoint_id>
				</extensions>
			</trkpt>
			<trkpt lat="47.1545140657" lon="9.2786389910">
				<ele>2187.2</ele>
				<extensions>
					<swisstopo:routepoint_id>77726203</swisstopo:routepoint_id>
				</extensions>
			</trkpt>
			<trkpt lat="47.1545219649" lon="9.2785889635">
				<ele>2185.2</ele>
				<extensions>
					<swisstopo:routepoint_id>536396387</swisstopo:routepoint_id>
				</extensions>
			</trkpt>
			<trkpt lat="47.1545326412" lon="9.2785306587">
				<ele>2183.6</ele>
				<extensions>
					<swisstopo:routepoint_id>1506860894</swisstopo:routepoint_id>
				</extensions>
			</trkpt>
			<trkpt lat="47.1545582317" lon="9.2785249179">
				<ele>2182.3</ele>
				<extensions>
					<swisstopo:routepoint_id>149456491</swisstopo:routepoint_id>
				</extensions>
			</trkpt>
			<trkpt lat="47.1545871112" lon="9.2785327505">
				<ele>2180.5</ele>
				<extensions>
					<swisstopo:routepoint_id>245716696</swisstopo:routepoint_id>
				</extensions>
			</trkpt>
			<trkpt lat="47.1545896169" lon="9.2784892225">
				<ele>2179.9</ele>
				<extensions>
					<swisstopo:routepoint_id>766398086</swisstopo:routepoint_id>
				</extensions>
			</trkpt>
			<trkpt lat="47.1546105578" lon="9.2784984180">
				<ele>2178.8</ele>
				<extensions>
					<swisstopo:routepoint_id>1658413557</swisstopo:routepoint_id>
				</extensions>
			</trkpt>
			<trkpt lat="47.1546120601" lon="9.2784632408">
				<ele>2178.0</ele>
				<extensions>
					<swisstopo:routepoint_id>782326013</swisstopo:routepoint_id>
				</extensions>
			</trkpt>
			<trkpt lat="47.1546452323" lon="9.2784762702">
				<ele>2176.3</ele>
				<extensions>
					<swisstopo:routepoint_id>1759355308</swisstopo:routepoint_id>
				</extensions>
			</trkpt>
			<trkpt lat="47.1546501632" lon="9.2783942476">
				<ele>2174.4</ele>
				<extensions>
					<swisstopo:routepoint_id>457532624</swisstopo:routepoint_id>
				</extensions>
			</trkpt>
			<trkpt lat="47.1546633311" lon="9.2783444265">
				<ele>2173.0</ele>
				<extensions>
					<swisstopo:routepoint_id>200886644</swisstopo:routepoint_id>
				</extensions>
			</trkpt>
			<trkpt lat="47.1547101070" lon="9.2783848058">
				<ele>2170.9</ele>
				<extensions>
					<swisstopo:routepoint_id>1280810196</swisstopo:routepoint_id>
				</extensions>
			</trkpt>
			<trkpt lat="47.1547325809" lon="9.2784074888">
				<ele>2170.2</ele>
				<extensions>
					<swisstopo:routepoint_id>1842437527</swisstopo:routepoint_id>
				</extensions>
			</trkpt>
			<trkpt lat="47.1547371102" lon="9.2783489467">
				<ele>2169.0</ele>
				<extensions>
					<swisstopo:routepoint_id>1322050827</swisstopo:routepoint_id>
				</extensions>
			</trkpt>
			<trkpt lat="47.1547530146" lon="9.2783445087">
				<ele>2168.1</ele>
				<extensions>
					<swisstopo:routepoint_id>1496558013</swisstopo:routepoint_id>
				</extensions>
			</trkpt>
			<trkpt lat="47.1547904611" lon="9.2783644216">
				<ele>2166.7</ele>
				<extensions>
					<swisstopo:routepoint_id>1126281753</swisstopo:routepoint_id>
				</extensions>
			</trkpt>
			<trkpt lat="47.1548306223" lon="9.2783810663">
				<ele>2164.6</ele>
				<extensions>
					<swisstopo:routepoint_id>1582921027</swisstopo:routepoint_id>
				</extensions>
			</trkpt>
			<trkpt lat="47.1548599966" lon="9.2784107104">
				<ele>2163.3</ele>
				<extensions>
					<swisstopo:routepoint_id>632188048</swisstopo:routepoint_id>
				</extensions>
			</trkpt>
			<trkpt lat="47.1548878232" lon="9.2784789051">
				<ele>2162.6</ele>
				<extensions>
					<swisstopo:routepoint_id>67757394</swisstopo:routepoint_id>
				</extensions>
			</trkpt>
			<trkpt lat="47.1549123925" lon="9.2784815403">
				<ele>2161.3</ele>
				<extensions>
					<swisstopo:routepoint_id>277527354</swisstopo:routepoint_id>
				</extensions>
			</trkpt>
			<trkpt lat="47.1549356696" lon="9.2784572616">
				<ele>2159.6</ele>
				<extensions>
					<swisstopo:routepoint_id>949115610</swisstopo:routepoint_id>
				</extensions>
			</trkpt>
			<trkpt lat="47.1549707141" lon="9.2784636317">
				<ele>2157.5</ele>
				<extensions>
					<swisstopo:routepoint_id>1667879643</swisstopo:routepoint_id>
				</extensions>
			</trkpt>
			<trkpt lat="47.1550100277" lon="9.2785289112">
				<ele>2155.7</ele>
				<extensions>
					<swisstopo:routepoint_id>460338191</swisstopo:routepoint_id>
				</extensions>
			</trkpt>
			<trkpt lat="47.1550367671" lon="9.2785584775">
				<ele>2154.5</ele>
				<extensions>
					<swisstopo:routepoint_id>390246647</swisstopo:routepoint_id>
				</extensions>
			</trkpt>
			<trkpt lat="47.1550897111" lon="9.2785098049">
				<ele>2149.9</ele>
				<extensions>
					<swisstopo:routepoint_id>279974232</swisstopo:routepoint_id>
				</extensions>
			</trkpt>
			<trkpt lat="47.1551075095" lon="9.2785545339">
				<ele>2149.3</ele>
				<extensions>
					<swisstopo:routepoint_id>1385588900</swisstopo:routepoint_id>
				</extensions>
			</trkpt>
			<trkpt lat="47.1551326982" lon="9.2784881746">
				<ele>2147.2</ele>
				<extensions>
					<swisstopo:routepoint_id>50680616</swisstopo:routepoint_id>
				</extensions>
			</trkpt>
			<trkpt lat="47.1551634166" lon="9.2784540660">
				<ele>2144.6</ele>
				<extensions>
					<swisstopo:routepoint_id>999955834</swisstopo:routepoint_id>
				</extensions>
			</trkpt>
			<trkpt lat="47.1551962265" lon="9.2783841945">
				<ele>2142.0</ele>
				<extensions>
					<swisstopo:routepoint_id>849367749</swisstopo:routepoint_id>
				</extensions>
			</trkpt>
			<trkpt lat="47.1552037547" lon="9.2783183485">
				<ele>2141.0</ele>
				<extensions>
					<swisstopo:routepoint_id>1373995420</swisstopo:routepoint_id>
				</extensions>
			</trkpt>
			<trkpt lat="47.1552188889" lon="9.2782972288">
				<ele>2139.4</ele>
				<extensions>
					<swisstopo:routepoint_id>2042024761</swisstopo:routepoint_id>
				</extensions>
			</trkpt>
			<trkpt lat="47.1552532510" lon="9.2783281522">
				<ele>2137.8</ele>
				<extensions>
					<swisstopo:routepoint_id>145910684</swisstopo:routepoint_id>
				</extensions>
			</trkpt>
			<trkpt lat="47.1552740498" lon="9.2783533927">
				<ele>2136.8</ele>
				<extensions>
					<swisstopo:routepoint_id>428943209</swisstopo:routepoint_id>
				</extensions>
			</trkpt>
			<trkpt lat="47.1553002080" lon="9.2784138407">
				<ele>2135.2</ele>
				<extensions>
					<swisstopo:routepoint_id>2145464798</swisstopo:routepoint_id>
				</extensions>
			</trkpt>
			<trkpt lat="47.1553468298" lon="9.2784572551">
				<ele>2131.6</ele>
				<extensions>
					<swisstopo:routepoint_id>212869979</swisstopo:routepoint_id>
				</extensions>
			</trkpt>
			<trkpt lat="47.1553734480" lon="9.2783982094">
				<ele>2129.5</ele>
				<extensions>
					<swisstopo:routepoint_id>1907793848</swisstopo:routepoint_id>
				</extensions>
			</trkpt>
			<trkpt lat="47.1554092393" lon="9.2784364728">
				<ele>2126.9</ele>
				<extensions>
					<swisstopo:routepoint_id>1611588716</swisstopo:routepoint_id>
				</extensions>
			</trkpt>
			<trkpt lat="47.1554305279" lon="9.2783733409">
				<ele>2125.3</ele>
				<extensions>
					<swisstopo:routepoint_id>106147618</swisstopo:routepoint_id>
				</extensions>
			</trkpt>
			<trkpt lat="47.1554617756" lon="9.2783302980">
				<ele>2122.7</ele>
				<extensions>
					<swisstopo:routepoint_id>492444108</swisstopo:routepoint_id>
				</extensions>
			</trkpt>
			<trkpt lat="47.1554830246" lon="9.2783636432">
				<ele>2121.7</ele>
				<extensions>
					<swisstopo:routepoint_id>1596299497</swisstopo:routepoint_id>
				</extensions>
			</trkpt>
			<trkpt lat="47.1554955789" lon="9.2783390083">
				<ele>2120.6</ele>
				<extensions>
					<swisstopo:routepoint_id>1145581436</swisstopo:routepoint_id>
				</extensions>
			</trkpt>
			<trkpt lat="47.1555036592" lon="9.2783436270">
				<ele>2119.6</ele>
				<extensions>
					<swisstopo:routepoint_id>320395495</swisstopo:routepoint_id>
				</extensions>
			</trkpt>
			<trkpt lat="47.1555418598" lon="9.2783883750">
				<ele>2118.0</ele>
				<extensions>
					<swisstopo:routepoint_id>428442498</swisstopo:routepoint_id>
				</extensions>
			</trkpt>
			<trkpt lat="47.1555686709" lon="9.2784057589">
				<ele>2115.9</ele>
				<extensions>
					<swisstopo:routepoint_id>1279801550</swisstopo:routepoint_id>
				</extensions>
			</trkpt>
			<trkpt lat="47.1555823140" lon="9.2783943773">
				<ele>2115.4</ele>
				<extensions>
					<swisstopo:routepoint_id>1535015223</swisstopo:routepoint_id>
				</extensions>
			</trkpt>
			<trkpt lat="47.1555930424" lon="9.2783372069">
				<ele>2113.8</ele>
				<extensions>
					<swisstopo:routepoint_id>2133264384</swisstopo:routepoint_id>
				</extensions>
			</trkpt>
			<trkpt lat="47.1556139649" lon="9.2783283039">
				<ele>2112.2</ele>
				<extensions>
					<swisstopo:routepoint_id>803436839</swisstopo:routepoint_id>
				</extensions>
			</trkpt>
			<trkpt lat="47.1556612631" lon="9.2784080278">
				<ele>2109.1</ele>
				<extensions>
					<swisstopo:routepoint_id>1518504141</swisstopo:routepoint_id>
				</extensions>
			</trkpt>
			<trkpt lat="47.1556666084" lon="9.2783638492">
				<ele>2108.6</ele>
				<extensions>
					<swisstopo:routepoint_id>955322559</swisstopo:routepoint_id>
				</extensions>
			</trkpt>
			<trkpt lat="47.1556843340" lon="9.2783642139">
				<ele>2107.0</ele>
				<extensions>
					<swisstopo:routepoint_id>200149623</swisstopo:routepoint_id>
				</extensions>
			</trkpt>
			<trkpt lat="47.1556953411" lon="9.2783418317">
				<ele>2106.0</ele>
				<extensions>
					<swisstopo:routepoint_id>1775164542</swisstopo:routepoint_id>
				</extensions>
			</trkpt>
			<trkpt lat="47.1557274309" lon="9.2783956313">
				<ele>2104.2</ele>
				<extensions>
					<swisstopo:routepoint_id>1969984563</swisstopo:routepoint_id>
				</extensions>
			</trkpt>
			<trkpt lat="47.1557508450" lon="9.2783974281">
				<ele>2103.2</ele>
				<extensions>
					<swisstopo:routepoint_id>2117957484</swisstopo:routepoint_id>
				</extensions>
			</trkpt>
			<trkpt lat="47.1557657472" lon="9.2783737756">
				<ele>2101.8</ele>
				<extensions>
					<swisstopo:routepoint_id>2041302387</swisstopo:routepoint_id>
				</extensions>
			</trkpt>
			<trkpt lat="47.1557630258" lon="9.2783378856">
				<ele>2101.1</ele>
				<extensions>
					<swisstopo:routepoint_id>894789183</swisstopo:routepoint_id>
				</extensions>
			</trkpt>
			<trkpt lat="47.1557798261" lon="9.2783241138">
				<ele>2100.1</ele>
				<extensions>
					<swisstopo:routepoint_id>1515954113</swisstopo:routepoint_id>
				</extensions>
			</trkpt>
			<trkpt lat="47.1557839527" lon="9.2782902240">
				<ele>2099.7</ele>
				<extensions>
					<swisstopo:routepoint_id>743091174</swisstopo:routepoint_id>
				</extensions>
			</trkpt>
			<trkpt lat="47.1558084801" lon="9.2783235146">
				<ele>2098.7</ele>
				<extensions>
					<swisstopo:routepoint_id>18826869</swisstopo:routepoint_id>
				</extensions>
			</trkpt>
			<trkpt lat="47.1558207231" lon="9.2783211146">
				<ele>2098.0</ele>
				<extensions>
					<swisstopo:routepoint_id>1098594825</swisstopo:routepoint_id>
				</extensions>
			</trkpt>
			<trkpt lat="47.1558642505" lon="9.2783750756">
				<ele>2095.9</ele>
				<extensions>
					<swisstopo:routepoint_id>1049338627</swisstopo:routepoint_id>
				</extensions>
			</trkpt>
			<trkpt lat="47.1558823479" lon="9.2783125934">
				<ele>2093.8</ele>
				<extensions>
					<swisstopo:routepoint_id>2140263011</swisstopo:routepoint_id>
				</extensions>
			</trkpt>
			<trkpt lat="47.1558943975" lon="9.2782645621">
				<ele>2092.0</ele>
				<extensions>
					<swisstopo:routepoint_id>346520404</swisstopo:routepoint_id>
				</extensions>
			</trkpt>
			<trkpt lat="47.1559344306" lon="9.2783232977">
				<ele>2090.3</ele>
				<extensions>
					<swisstopo:routepoint_id>1985743433</swisstopo:routepoint_id>
				</extensions>
			</trkpt>
			<trkpt lat="47.1559605746" lon="9.2783609978">
				<ele>2088.6</ele>
				<extensions>
					<swisstopo:routepoint_id>116136187</swisstopo:routepoint_id>
				</extensions>
			</trkpt>
			<trkpt lat="47.1559903034" lon="9.2783442699">
				<ele>2086.8</ele>
				<extensions>
					<swisstopo:routepoint_id>93153550</swisstopo:routepoint_id>
				</extensions>
			</trkpt>
			<trkpt lat="47.1560137586" lon="9.2783841705">
				<ele>2085.8</ele>
				<extensions>
					<swisstopo:routepoint_id>1641251895</swisstopo:routepoint_id>
				</extensions>
			</trkpt>
			<trkpt lat="47.1560329232" lon="9.2784313816">
				<ele>2084.4</ele>
				<extensions>
					<swisstopo:routepoint_id>387889220</swisstopo:routepoint_id>
				</extensions>
			</trkpt>
			<trkpt lat="47.1560536777" lon="9.2784544312">
				<ele>2082.8</ele>
				<extensions>
					<swisstopo:routepoint_id>255186097</swisstopo:routepoint_id>
				</extensions>
			</trkpt>
			<trkpt lat="47.1560833622" lon="9.2784091440">
				<ele>2080.4</ele>
				<extensions>
					<swisstopo:routepoint_id>411700333</swisstopo:routepoint_id>
				</extensions>
			</trkpt>
			<trkpt lat="47.1561016710" lon="9.2784208386">
				<ele>2079.0</ele>
				<extensions>
					<swisstopo:routepoint_id>2110581697</swisstopo:routepoint_id>
				</extensions>
			</trkpt>
			<trkpt lat="47.1561248857" lon="9.2783674844">
				<ele>2077.3</ele>
				<extensions>
					<swisstopo:routepoint_id>1127979338</swisstopo:routepoint_id>
				</extensions>
			</trkpt>
			<trkpt lat="47.1561471342" lon="9.2784064676">
				<ele>2076.2</ele>
				<extensions>
					<swisstopo:routepoint_id>1860061131</swisstopo:routepoint_id>
				</extensions>
			</trkpt>
			<trkpt lat="47.1561593417" lon="9.2783754960">
				<ele>2074.8</ele>
				<extensions>
					<swisstopo:routepoint_id>206975432</swisstopo:routepoint_id>
				</extensions>
			</trkpt>
			<trkpt lat="47.1561956545" lon="9.2783552847">
				<ele>2072.4</ele>
				<extensions>
					<swisstopo:routepoint_id>636961561</swisstopo:routepoint_id>
				</extensions>
			</trkpt>
			<trkpt lat="47.1562177185" lon="9.2783486364">
				<ele>2070.6</ele>
				<extensions>
					<swisstopo:routepoint_id>148765867</swisstopo:routepoint_id>
				</extensions>
			</trkpt>
			<trkpt lat="47.1562527659" lon="9.2782894158">
				<ele>2067.5</ele>
				<extensions>
					<swisstopo:routepoint_id>1309683831</swisstopo:routepoint_id>
				</extensions>
			</trkpt>
			<trkpt lat="47.1562911616" lon="9.2783247035">
				<ele>2065.4</ele>
				<extensions>
					<swisstopo:routepoint_id>766461391</swisstopo:routepoint_id>
				</extensions>
			</trkpt>
			<trkpt lat="47.1563083574" lon="9.2783048911">
				<ele>2064.4</ele>
				<extensions>
					<swisstopo:routepoint_id>521998998</swisstopo:routepoint_id>
				</extensions>
			</trkpt>
			<trkpt lat="47.1563208166" lon="9.2782603640">
				<ele>2062.6</ele>
				<extensions>
					<swisstopo:routepoint_id>775103100</swisstopo:routepoint_id>
				</extensions>
			</trkpt>
			<trkpt lat="47.1563463302" lon="9.2782203949">
				<ele>2060.9</ele>
				<extensions>
					<swisstopo:routepoint_id>870948036</swisstopo:routepoint_id>
				</extensions>
			</trkpt>
			<trkpt lat="47.1563752329" lon="9.2781871890">
				<ele>2059.5</ele>
				<extensions>
					<swisstopo:routepoint_id>1147582649</swisstopo:routepoint_id>
				</extensions>
			</trkpt>
			<trkpt lat="47.1563986115" lon="9.2781604012">
				<ele>2057.8</ele>
				<extensions>
					<swisstopo:routepoint_id>1374396483</swisstopo:routepoint_id>
				</extensions>
			</trkpt>
			<trkpt lat="47.1564104023" lon="9.2781274571">
				<ele>2057.6</ele>
				<extensions>
					<swisstopo:routepoint_id>46846755</swisstopo:routepoint_id>
				</extensions>
			</trkpt>
			<trkpt lat="47.1564213830" lon="9.2780957217">
				<ele>2056.7</ele>
				<extensions>
					<swisstopo:routepoint_id>2054850887</swisstopo:routepoint_id>
				</extensions>
			</trkpt>
			<trkpt lat="47.1564367444" lon="9.2780878771">
				<ele>2055.8</ele>
				<extensions>
					<swisstopo:routepoint_id>938616186</swisstopo:routepoint_id>
				</extensions>
			</trkpt>
			<trkpt lat="47.1564694178" lon="9.2780699746">
				<ele>2053.2</ele>
				<extensions>
					<swisstopo:routepoint_id>344787856</swisstopo:routepoint_id>
				</extensions>
			</trkpt>
			<trkpt lat="47.1564829983" lon="9.2780047603">
				<ele>2051.5</ele>
				<extensions>
					<swisstopo:routepoint_id>1127874275</swisstopo:routepoint_id>
				</extensions>
			</trkpt>
			<trkpt lat="47.1565057374" lon="9.2779393712">
				<ele>2048.7</ele>
				<extensions>
					<swisstopo:routepoint_id>2142695374</swisstopo:routepoint_id>
				</extensions>
			</trkpt>
			<trkpt lat="47.1565123821" lon="9.2778985469">
				<ele>2047.5</ele>
				<extensions>
					<swisstopo:routepoint_id>1658239899</swisstopo:routepoint_id>
				</extensions>
			</trkpt>
			<trkpt lat="47.1565210160" lon="9.2778839016">
				<ele>2046.8</ele>
				<extensions>
					<swisstopo:routepoint_id>915848964</swisstopo:routepoint_id>
				</extensions>
			</trkpt>
			<trkpt lat="47.1565314087" lon="9.2778867707">
				<ele>2046.6</ele>
				<extensions>
					<swisstopo:routepoint_id>1205466566</swisstopo:routepoint_id>
				</extensions>
			</trkpt>
			<trkpt lat="47.1565518924" lon="9.2778965431">
				<ele>2045.5</ele>
				<extensions>
					<swisstopo:routepoint_id>1803717774</swisstopo:routepoint_id>
				</extensions>
			</trkpt>
			<trkpt lat="47.1565441247" lon="9.2778498136">
				<ele>2044.5</ele>
				<extensions>
					<swisstopo:routepoint_id>65654955</swisstopo:routepoint_id>
				</extensions>
			</trkpt>
			<trkpt lat="47.1565489092" lon="9.2778357827">
				<ele>2044.1</ele>
				<extensions>
					<swisstopo:routepoint_id>1988921051</swisstopo:routepoint_id>
				</extensions>
			</trkpt>
			<trkpt lat="47.1565602925" lon="9.2778365862">
				<ele>2043.6</ele>
				<extensions>
					<swisstopo:routepoint_id>1776676477</swisstopo:routepoint_id>
				</extensions>
			</trkpt>
			<trkpt lat="47.1565838081" lon="9.2778881081">
				<ele>2042.9</ele>
				<extensions>
					<swisstopo:routepoint_id>739529038</swisstopo:routepoint_id>
				</extensions>
			</trkpt>
			<trkpt lat="47.1566232312" lon="9.2779185105">
				<ele>2041.4</ele>
				<extensions>
					<swisstopo:routepoint_id>909277870</swisstopo:routepoint_id>
				</extensions>
			</trkpt>
			<trkpt lat="47.1566446144" lon="9.2779550167">
				<ele>2041.0</ele>
				<extensions>
					<swisstopo:routepoint_id>2036119545</swisstopo:routepoint_id>
				</extensions>
			</trkpt>
			<trkpt lat="47.1566801049" lon="9.2780242110">
				<ele>2039.9</ele>
				<extensions>
					<swisstopo:routepoint_id>2017276162</swisstopo:routepoint_id>
				</extensions>
			</trkpt>
			<trkpt lat="47.1567183311" lon="9.2780756075">
				<ele>2037.9</ele>
				<extensions>
					<swisstopo:routepoint_id>1051182112</swisstopo:routepoint_id>
				</extensions>
			</trkpt>
			<trkpt lat="47.1567617743" lon="9.2781057103">
				<ele>2035.3</ele>
				<extensions>
					<swisstopo:routepoint_id>1450671329</swisstopo:routepoint_id>
				</extensions>
			</trkpt>
			<trkpt lat="47.1568078784" lon="9.2781216062">
				<ele>2031.6</ele>
				<extensions>
					<swisstopo:routepoint_id>1642865944</swisstopo:routepoint_id>
				</extensions>
			</trkpt>
			<trkpt lat="47.1568535339" lon="9.2781248761">
				<ele>2028.5</ele>
				<extensions>
					<swisstopo:routepoint_id>868699750</swisstopo:routepoint_id>
				</extensions>
			</trkpt>
			<trkpt lat="47.1568526331" lon="9.2780586352">
				<ele>2027.6</ele>
				<extensions>
					<swisstopo:routepoint_id>1123177840</swisstopo:routepoint_id>
				</extensions>
			</trkpt>
			<trkpt lat="47.1568767002" lon="9.2780717898">
				<ele>2026.0</ele>
				<extensions>
					<swisstopo:routepoint_id>1378228226</swisstopo:routepoint_id>
				</extensions>
			</trkpt>
			<trkpt lat="47.1568805070" lon="9.2780535135">
				<ele>2025.7</ele>
				<extensions>
					<swisstopo:routepoint_id>386851385</swisstopo:routepoint_id>
				</extensions>
			</trkpt>
			<trkpt lat="47.1568768110" lon="9.2780274691">
				<ele>2025.5</ele>
				<extensions>
					<swisstopo:routepoint_id>1215912491</swisstopo:routepoint_id>
				</extensions>
			</trkpt>
			<trkpt lat="47.1568671490" lon="9.2779898714">
				<ele>2025.5</ele>
				<extensions>
					<swisstopo:routepoint_id>1771519557</swisstopo:routepoint_id>
				</extensions>
			</trkpt>
			<trkpt lat="47.1568836051" lon="9.2779662974">
				<ele>2023.9</ele>
				<extensions>
					<swisstopo:routepoint_id>1623080193</swisstopo:routepoint_id>
				</extensions>
			</trkpt>
			<trkpt lat="47.1569039954" lon="9.2779104237">
				<ele>2021.3</ele>
				<extensions>
					<swisstopo:routepoint_id>184345481</swisstopo:routepoint_id>
				</extensions>
			</trkpt>
			<trkpt lat="47.1569249788" lon="9.2778641667">
				<ele>2019.4</ele>
				<extensions>
					<swisstopo:routepoint_id>2001066564</swisstopo:routepoint_id>
				</extensions>
			</trkpt>
			<trkpt lat="47.1569165340" lon="9.2778394791">
				<ele>2019.4</ele>
				<extensions>
					<swisstopo:routepoint_id>1952620853</swisstopo:routepoint_id>
				</extensions>
			</trkpt>
			<trkpt lat="47.1569288002" lon="9.2778092175">
				<ele>2018.8</ele>
				<extensions>
					<swisstopo:routepoint_id>430200665</swisstopo:routepoint_id>
				</extensions>
			</trkpt>
			<trkpt lat="47.1569475916" lon="9.2777824649">
				<ele>2017.8</ele>
				<extensions>
					<swisstopo:routepoint_id>574365990</swisstopo:routepoint_id>
				</extensions>
			</trkpt>
			<trkpt lat="47.1569453671" lon="9.2777413098">
				<ele>2017.4</ele>
				<extensions>
					<swisstopo:routepoint_id>963060547</swisstopo:routepoint_id>
				</extensions>
			</trkpt>
			<trkpt lat="47.1569662455" lon="9.2777027264">
				<ele>2015.3</ele>
				<extensions>
					<swisstopo:routepoint_id>1120627991</swisstopo:routepoint_id>
				</extensions>
			</trkpt>
			<trkpt lat="47.1569868620" lon="9.2776618283">
				<ele>2013.9</ele>
				<extensions>
					<swisstopo:routepoint_id>1884593142</swisstopo:routepoint_id>
				</extensions>
			</trkpt>
			<trkpt lat="47.1569976182" lon="9.2776226910">
				<ele>2012.7</ele>
				<extensions>
					<swisstopo:routepoint_id>198927182</swisstopo:routepoint_id>
				</extensions>
			</trkpt>
			<trkpt lat="47.1570029540" lon="9.2775702926">
				<ele>2011.3</ele>
				<extensions>
					<swisstopo:routepoint_id>1964268759</swisstopo:routepoint_id>
				</extensions>
			</trkpt>
			<trkpt lat="47.1569981841" lon="9.2775476638">
				<ele>2011.1</ele>
				<extensions>
					<swisstopo:routepoint_id>1188151795</swisstopo:routepoint_id>
				</extensions>
			</trkpt>
			<trkpt lat="47.1570074821" lon="9.2775172999">
				<ele>2009.9</ele>
				<extensions>
					<swisstopo:routepoint_id>1292751842</swisstopo:routepoint_id>
				</extensions>
			</trkpt>
			<trkpt lat="47.1569970037" lon="9.2774790945">
				<ele>2009.0</ele>
				<extensions>
					<swisstopo:routepoint_id>2108589748</swisstopo:routepoint_id>
				</extensions>
			</trkpt>
			<trkpt lat="47.1570066374" lon="9.2774623705">
				<ele>2008.1</ele>
				<extensions>
					<swisstopo:routepoint_id>1273001766</swisstopo:routepoint_id>
				</extensions>
			</trkpt>
			<trkpt lat="47.1570089782" lon="9.2774225446">
				<ele>2007.1</ele>
				<extensions>
					<swisstopo:routepoint_id>1396125384</swisstopo:routepoint_id>
				</extensions>
			</trkpt>
			<trkpt lat="47.1570173593" lon="9.2774055716">
				<ele>2006.7</ele>
				<extensions>
					<swisstopo:routepoint_id>1063155832</swisstopo:routepoint_id>
				</extensions>
			</trkpt>
			<trkpt lat="47.1570329948" lon="9.2773877144">
				<ele>2005.7</ele>
				<extensions>
					<swisstopo:routepoint_id>705243375</swisstopo:routepoint_id>
				</extensions>
			</trkpt>
			<trkpt lat="47.1570470715" lon="9.2773799799">
				<ele>2004.8</ele>
				<extensions>
					<swisstopo:routepoint_id>1862591442</swisstopo:routepoint_id>
				</extensions>
			</trkpt>
			<trkpt lat="47.1570758033" lon="9.2774234499">
				<ele>2004.1</ele>
				<extensions>
					<swisstopo:routepoint_id>1477935292</swisstopo:routepoint_id>
				</extensions>
			</trkpt>
			<trkpt lat="47.1570945316" lon="9.2774523552">
				<ele>2003.2</ele>
				<extensions>
					<swisstopo:routepoint_id>357725035</swisstopo:routepoint_id>
				</extensions>
			</trkpt>
			<trkpt lat="47.1571309154" lon="9.2774832453">
				<ele>2001.3</ele>
				<extensions>
					<swisstopo:routepoint_id>454893765</swisstopo:routepoint_id>
				</extensions>
			</trkpt>
			<trkpt lat="47.1571463939" lon="9.2774554127">
				<ele>2000.2</ele>
				<extensions>
					<swisstopo:routepoint_id>458349422</swisstopo:routepoint_id>
				</extensions>
			</trkpt>
			<trkpt lat="47.1571575718" lon="9.2774652260">
				<ele>1999.5</ele>
				<extensions>
					<swisstopo:routepoint_id>1592208727</swisstopo:routepoint_id>
				</extensions>
			</trkpt>
			<trkpt lat="47.1571766137" lon="9.2775140953">
				<ele>1998.3</ele>
				<extensions>
					<swisstopo:routepoint_id>2146172877</swisstopo:routepoint_id>
				</extensions>
			</trkpt>
			<trkpt lat="47.1571825943" lon="9.2774889888">
				<ele>1997.6</ele>
				<extensions>
					<swisstopo:routepoint_id>790532517</swisstopo:routepoint_id>
				</extensions>
			</trkpt>
			<trkpt lat="47.1571973925" lon="9.2774465380">
				<ele>1996.5</ele>
				<extensions>
					<swisstopo:routepoint_id>1731884565</swisstopo:routepoint_id>
				</extensions>
			</trkpt>
			<trkpt lat="47.1572202203" lon="9.2774531191">
				<ele>1995.1</ele>
				<extensions>
					<swisstopo:routepoint_id>816062501</swisstopo:routepoint_id>
				</extensions>
			</trkpt>
			<trkpt lat="47.1572452770" lon="9.2774945436">
				<ele>1994.1</ele>
				<extensions>
					<swisstopo:routepoint_id>1690232031</swisstopo:routepoint_id>
				</extensions>
			</trkpt>
			<trkpt lat="47.1572519058" lon="9.2775333642">
				<ele>1994.1</ele>
				<extensions>
					<swisstopo:routepoint_id>1809751956</swisstopo:routepoint_id>
				</extensions>
			</trkpt>
			<trkpt lat="47.1572664087" lon="9.2775682558">
				<ele>1993.7</ele>
				<extensions>
					<swisstopo:routepoint_id>988688685</swisstopo:routepoint_id>
				</extensions>
			</trkpt>
			<trkpt lat="47.1572747398" lon="9.2776006169">
				<ele>1993.4</ele>
				<extensions>
					<swisstopo:routepoint_id>1109385477</swisstopo:routepoint_id>
				</extensions>
			</trkpt>
			<trkpt lat="47.1572961963" lon="9.2776209857">
				<ele>1991.8</ele>
				<extensions>
					<swisstopo:routepoint_id>554090467</swisstopo:routepoint_id>
				</extensions>
			</trkpt>
			<trkpt lat="47.1573245527" lon="9.2776698146">
				<ele>1990.9</ele>
				<extensions>
					<swisstopo:routepoint_id>533997040</swisstopo:routepoint_id>
				</extensions>
			</trkpt>
			<trkpt lat="47.1573344263" lon="9.2776617167">
				<ele>1990.0</ele>
				<extensions>
					<swisstopo:routepoint_id>217885025</swisstopo:routepoint_id>
				</extensions>
			</trkpt>
			<trkpt lat="47.1573549616" lon="9.2776891516">
				<ele>1989.0</ele>
				<extensions>
					<swisstopo:routepoint_id>2089232046</swisstopo:routepoint_id>
				</extensions>
			</trkpt>
			<trkpt lat="47.1573682956" lon="9.2776921475">
				<ele>1988.3</ele>
				<extensions>
					<swisstopo:routepoint_id>1474243355</swisstopo:routepoint_id>
				</extensions>
			</trkpt>
			<trkpt lat="47.1573920167" lon="9.2777346728">
				<ele>1987.4</ele>
				<extensions>
					<swisstopo:routepoint_id>2012004031</swisstopo:routepoint_id>
				</extensions>
			</trkpt>
			<trkpt lat="47.1574150442" lon="9.2777689045">
				<ele>1986.0</ele>
				<extensions>
					<swisstopo:routepoint_id>24907707</swisstopo:routepoint_id>
				</extensions>
			</trkpt>
			<trkpt lat="47.1574316129" lon="9.2777679798">
				<ele>1984.9</ele>
				<extensions>
					<swisstopo:routepoint_id>2107364354</swisstopo:routepoint_id>
				</extensions>
			</trkpt>
			<trkpt lat="47.1574444238" lon="9.2777663333">
				<ele>1984.4</ele>
				<extensions>
					<swisstopo:routepoint_id>2120265575</swisstopo:routepoint_id>
				</extensions>
			</trkpt>
			<trkpt lat="47.1574582637" lon="9.2777866205">
				<ele>1983.7</ele>
				<extensions>
					<swisstopo:routepoint_id>387278855</swisstopo:routepoint_id>
				</extensions>
			</trkpt>
			<trkpt lat="47.1574720653" lon="9.2777828956">
				<ele>1982.8</ele>
				<extensions>
					<swisstopo:routepoint_id>952827562</swisstopo:routepoint_id>
				</extensions>
			</trkpt>
			<trkpt lat="47.1574882969" lon="9.2778113290">
				<ele>1981.8</ele>
				<extensions>
					<swisstopo:routepoint_id>1830790654</swisstopo:routepoint_id>
				</extensions>
			</trkpt>
			<trkpt lat="47.1575000607" lon="9.2778004232">
				<ele>1981.1</ele>
				<extensions>
					<swisstopo:routepoint_id>848011678</swisstopo:routepoint_id>
				</extensions>
			</trkpt>
			<trkpt lat="47.1575225910" lon="9.2778173770">
				<ele>1979.7</ele>
				<extensions>
					<swisstopo:routepoint_id>368164955</swisstopo:routepoint_id>
				</extensions>
			</trkpt>
			<trkpt lat="47.1575514277" lon="9.2778531739">
				<ele>1978.1</ele>
				<extensions>
					<swisstopo:routepoint_id>1965428787</swisstopo:routepoint_id>
				</extensions>
			</trkpt>
			<trkpt lat="47.1575682448" lon="9.2778609011">
				<ele>1977.4</ele>
				<extensions>
					<swisstopo:routepoint_id>1505412642</swisstopo:routepoint_id>
				</extensions>
			</trkpt>
			<trkpt lat="47.1575772336" lon="9.2778168979">
				<ele>1976.0</ele>
				<extensions>
					<swisstopo:routepoint_id>1916942648</swisstopo:routepoint_id>
				</extensions>
			</trkpt>
			<trkpt lat="47.1575920559" lon="9.2778350935">
				<ele>1975.3</ele>
				<extensions>
					<swisstopo:routepoint_id>881365601</swisstopo:routepoint_id>
				</extensions>
			</trkpt>
			<trkpt lat="47.1576112602" lon="9.2778572915">
				<ele>1974.6</ele>
				<extensions>
					<swisstopo:routepoint_id>1116662162</swisstopo:routepoint_id>
				</extensions>
			</trkpt>
			<trkpt lat="47.1576420147" lon="9.2778472962">
				<ele>1972.4</ele>
				<extensions>
					<swisstopo:routepoint_id>546552283</swisstopo:routepoint_id>
				</extensions>
			</trkpt>
			<trkpt lat="47.1576657481" lon="9.2778219499">
				<ele>1971.6</ele>
				<extensions>
					<swisstopo:routepoint_id>1028095435</swisstopo:routepoint_id>
				</extensions>
			</trkpt>
			<trkpt lat="47.1576772616" lon="9.2778030619">
				<ele>1970.3</ele>
				<extensions>
					<swisstopo:routepoint_id>225964133</swisstopo:routepoint_id>
				</extensions>
			</trkpt>
			<trkpt lat="47.1576809314" lon="9.2777653035">
				<ele>1969.4</ele>
				<extensions>
					<swisstopo:routepoint_id>1707062979</swisstopo:routepoint_id>
				</extensions>
			</trkpt>
			<trkpt lat="47.1577094315" lon="9.2777748750">
				<ele>1967.9</ele>
				<extensions>
					<swisstopo:routepoint_id>1660258350</swisstopo:routepoint_id>
				</extensions>
			</trkpt>
			<trkpt lat="47.1577279585" lon="9.2777476233">
				<ele>1966.4</ele>
				<extensions>
					<swisstopo:routepoint_id>940764852</swisstopo:routepoint_id>
				</extensions>
			</trkpt>
			<trkpt lat="47.1577559118" lon="9.2777655750">
				<ele>1964.7</ele>
				<extensions>
					<swisstopo:routepoint_id>416085412</swisstopo:routepoint_id>
				</extensions>
			</trkpt>
			<trkpt lat="47.1577714411" lon="9.2777983641">
				<ele>1963.9</ele>
				<extensions>
					<swisstopo:routepoint_id>575004016</swisstopo:routepoint_id>
				</extensions>
			</trkpt>
			<trkpt lat="47.1577783771" lon="9.2777618512">
				<ele>1962.9</ele>
				<extensions>
					<swisstopo:routepoint_id>1992912325</swisstopo:routepoint_id>
				</extensions>
			</trkpt>
			<trkpt lat="47.1578004130" lon="9.2777971054">
				<ele>1961.9</ele>
				<extensions>
					<swisstopo:routepoint_id>1428750376</swisstopo:routepoint_id>
				</extensions>
			</trkpt>
			<trkpt lat="47.1578095228" lon="9.2777785215">
				<ele>1960.7</ele>
				<extensions>
					<swisstopo:routepoint_id>159673697</swisstopo:routepoint_id>
				</extensions>
			</trkpt>
			<trkpt lat="47.1578392916" lon="9.2777763372">
				<ele>1958.8</ele>
				<extensions>
					<swisstopo:routepoint_id>1371015601</swisstopo:routepoint_id>
				</extensions>
			</trkpt>
			<trkpt lat="47.1578647580" lon="9.2777921035">
				<ele>1957.6</ele>
				<extensions>
					<swisstopo:routepoint_id>1197188392</swisstopo:routepoint_id>
				</extensions>
			</trkpt>
			<trkpt lat="47.1578808335" lon="9.2778165514">
				<ele>1956.8</ele>
				<extensions>
					<swisstopo:routepoint_id>254850930</swisstopo:routepoint_id>
				</extensions>
			</trkpt>
			<trkpt lat="47.1578907885" lon="9.2777995162">
				<ele>1955.7</ele>
				<extensions>
					<swisstopo:routepoint_id>2134338174</swisstopo:routepoint_id>
				</extensions>
			</trkpt>
			<trkpt lat="47.1579005341" lon="9.2777493814">
				<ele>1954.3</ele>
				<extensions>
					<swisstopo:routepoint_id>974652949</swisstopo:routepoint_id>
				</extensions>
			</trkpt>
			<trkpt lat="47.1579135229" lon="9.2777261514">
				<ele>1953.2</ele>
				<extensions>
					<swisstopo:routepoint_id>2071899922</swisstopo:routepoint_id>
				</extensions>
			</trkpt>
			<trkpt lat="47.1579276664" lon="9.2777400858">
				<ele>1952.5</ele>
				<extensions>
					<swisstopo:routepoint_id>1170781048</swisstopo:routepoint_id>
				</extensions>
			</trkpt>
			<trkpt lat="47.1579551421" lon="9.2777945275">
				<ele>1951.1</ele>
				<extensions>
					<swisstopo:routepoint_id>124009634</swisstopo:routepoint_id>
				</extensions>
			</trkpt>
			<trkpt lat="47.1579750431" lon="9.2777604699">
				<ele>1949.3</ele>
				<extensions>
					<swisstopo:routepoint_id>2016906847</swisstopo:routepoint_id>
				</extensions>
			</trkpt>
			<trkpt lat="47.1580027067" lon="9.2777685056">
				<ele>1947.9</ele>
				<extensions>
					<swisstopo:routepoint_id>546094754</swisstopo:routepoint_id>
				</extensions>
			</trkpt>
			<trkpt lat="47.1580411642" lon="9.2777867408">
				<ele>1944.8</ele>
				<extensions>
					<swisstopo:routepoint_id>1946017852</swisstopo:routepoint_id>
				</extensions>
			</trkpt>
			<trkpt lat="47.1580988442" lon="9.2778078914">
				<ele>1940.9</ele>
				<extensions>
					<swisstopo:routepoint_id>1131291649</swisstopo:routepoint_id>
				</extensions>
			</trkpt>
			<trkpt lat="47.1581257774" lon="9.2778456972">
				<ele>1939.4</ele>
				<extensions>
					<swisstopo:routepoint_id>2132601497</swisstopo:routepoint_id>
				</extensions>
			</trkpt>
			<trkpt lat="47.1581363310" lon="9.2778604872">
				<ele>1938.8</ele>
				<extensions>
					<swisstopo:routepoint_id>1056683220</swisstopo:routepoint_id>
				</extensions>
			</trkpt>
			<trkpt lat="47.1581568813" lon="9.2778418842">
				<ele>1937.5</ele>
				<extensions>
					<swisstopo:routepoint_id>1575378269</swisstopo:routepoint_id>
				</extensions>
			</trkpt>
			<trkpt lat="47.1581950574" lon="9.2778073338">
				<ele>1934.2</ele>
				<extensions>
					<swisstopo:routepoint_id>567662149</swisstopo:routepoint_id>
				</extensions>
			</trkpt>
			<trkpt lat="47.1582039554" lon="9.2777992666">
				<ele>1933.4</ele>
				<extensions>
					<swisstopo:routepoint_id>184538231</swisstopo:routepoint_id>
				</extensions>
			</trkpt>
			<trkpt lat="47.1582607059" lon="9.2777939006">
				<ele>1929.6</ele>
				<extensions>
					<swisstopo:routepoint_id>1478985408</swisstopo:routepoint_id>
				</extensions>
			</trkpt>
			<trkpt lat="47.1583719660" lon="9.2778172791">
				<ele>1922.3</ele>
				<extensions>
					<swisstopo:routepoint_id>1982360938</swisstopo:routepoint_id>
				</extensions>
			</trkpt>
			<trkpt lat="47.1584110625" lon="9.2777069775">
				<ele>1918.5</ele>
				<extensions>
					<swisstopo:routepoint_id>573691703</swisstopo:routepoint_id>
				</extensions>
			</trkpt>
			<trkpt lat="47.1584251198" lon="9.2776492998">
				<ele>1917.0</ele>
				<extensions>
					<swisstopo:routepoint_id>1843800959</swisstopo:routepoint_id>
				</extensions>
			</trkpt>
			<trkpt lat="47.1584411616" lon="9.2776280037">
				<ele>1915.4</ele>
				<extensions>
					<swisstopo:routepoint_id>482197870</swisstopo:routepoint_id>
				</extensions>
			</trkpt>
			<trkpt lat="47.1584538068" lon="9.2775844732">
				<ele>1914.9</ele>
				<extensions>
					<swisstopo:routepoint_id>1553622649</swisstopo:routepoint_id>
				</extensions>
			</trkpt>
			<trkpt lat="47.1584759069" lon="9.2775761126">
				<ele>1912.8</ele>
				<extensions>
					<swisstopo:routepoint_id>1005667277</swisstopo:routepoint_id>
				</extensions>
			</trkpt>
			<trkpt lat="47.1584911366" lon="9.2774890403">
				<ele>1911.2</ele>
				<extensions>
					<swisstopo:routepoint_id>408039564</swisstopo:routepoint_id>
				</extensions>
			</trkpt>
			<trkpt lat="47.1585119488" lon="9.2774964024">
				<ele>1909.7</ele>
				<extensions>
					<swisstopo:routepoint_id>855721189</swisstopo:routepoint_id>
				</extensions>
			</trkpt>
			<trkpt lat="47.1585419736" lon="9.2774319823">
				<ele>1907.0</ele>
				<extensions>
					<swisstopo:routepoint_id>1947952872</swisstopo:routepoint_id>
				</extensions>
			</trkpt>
			<trkpt lat="47.1585773814" lon="9.2773732475">
				<ele>1904.3</ele>
				<extensions>
					<swisstopo:routepoint_id>989591320</swisstopo:routepoint_id>
				</extensions>
			</trkpt>
			<trkpt lat="47.1585928072" lon="9.2773729146">
				<ele>1903.4</ele>
				<extensions>
					<swisstopo:routepoint_id>808990811</swisstopo:routepoint_id>
				</extensions>
			</trkpt>
			<trkpt lat="47.1586088137" lon="9.2773395342">
				<ele>1902.3</ele>
				<extensions>
					<swisstopo:routepoint_id>329319590</swisstopo:routepoint_id>
				</extensions>
			</trkpt>
			<trkpt lat="47.1586337476" lon="9.2773913899">
				<ele>1900.8</ele>
				<extensions>
					<swisstopo:routepoint_id>1241719248</swisstopo:routepoint_id>
				</extensions>
			</trkpt>
			<trkpt lat="47.1586583630" lon="9.2774142377">
				<ele>1899.5</ele>
				<extensions>
					<swisstopo:routepoint_id>1495531048</swisstopo:routepoint_id>
				</extensions>
			</trkpt>
			<trkpt lat="47.1586740252" lon="9.2773732452">
				<ele>1898.3</ele>
				<extensions>
					<swisstopo:routepoint_id>567529625</swisstopo:routepoint_id>
				</extensions>
			</trkpt>
			<trkpt lat="47.1586906754" lon="9.2773738174">
				<ele>1897.4</ele>
				<extensions>
					<swisstopo:routepoint_id>1102205121</swisstopo:routepoint_id>
				</extensions>
			</trkpt>
			<trkpt lat="47.1587166651" lon="9.2774162413">
				<ele>1895.6</ele>
				<extensions>
					<swisstopo:routepoint_id>2119439130</swisstopo:routepoint_id>
				</extensions>
			</trkpt>
			<trkpt lat="47.1587333542" lon="9.2774143802">
				<ele>1894.5</ele>
				<extensions>
					<swisstopo:routepoint_id>1970005047</swisstopo:routepoint_id>
				</extensions>
			</trkpt>
			<trkpt lat="47.1587496926" lon="9.2773684644">
				<ele>1893.0</ele>
				<extensions>
					<swisstopo:routepoint_id>563213568</swisstopo:routepoint_id>
				</extensions>
			</trkpt>
			<trkpt lat="47.1587777658" lon="9.2773266485">
				<ele>1890.7</ele>
				<extensions>
					<swisstopo:routepoint_id>422068287</swisstopo:routepoint_id>
				</extensions>
			</trkpt>
			<trkpt lat="47.1587944065" lon="9.2772722669">
				<ele>1889.3</ele>
				<extensions>
					<swisstopo:routepoint_id>1984214650</swisstopo:routepoint_id>
				</extensions>
			</trkpt>
			<trkpt lat="47.1588070485" lon="9.2772267261">
				<ele>1888.5</ele>
				<extensions>
					<swisstopo:routepoint_id>1613893180</swisstopo:routepoint_id>
				</extensions>
			</trkpt>
			<trkpt lat="47.1588284591" lon="9.2772070572">
				<ele>1886.9</ele>
				<extensions>
					<swisstopo:routepoint_id>1671241299</swisstopo:routepoint_id>
				</extensions>
			</trkpt>
			<trkpt lat="47.1588364481" lon="9.2771832814">
				<ele>1886.4</ele>
				<extensions>
					<swisstopo:routepoint_id>48397695</swisstopo:routepoint_id>
				</extensions>
			</trkpt>
			<trkpt lat="47.1588772481" lon="9.2771362734">
				<ele>1884.0</ele>
				<extensions>
					<swisstopo:routepoint_id>403893866</swisstopo:routepoint_id>
				</extensions>
			</trkpt>
			<trkpt lat="47.1588959949" lon="9.2771238555">
				<ele>1882.8</ele>
				<extensions>
					<swisstopo:routepoint_id>1122766865</swisstopo:routepoint_id>
				</extensions>
			</trkpt>
			<trkpt lat="47.1589159973" lon="9.2770735308">
				<ele>1881.7</ele>
				<extensions>
					<swisstopo:routepoint_id>532753144</swisstopo:routepoint_id>
				</extensions>
			</trkpt>
			<trkpt lat="47.1589326583" lon="9.2770272135">
				<ele>1880.7</ele>
				<extensions>
					<swisstopo:routepoint_id>906965650</swisstopo:routepoint_id>
				</extensions>
			</trkpt>
			<trkpt lat="47.1589674527" lon="9.2769914769">
				<ele>1878.4</ele>
				<extensions>
					<swisstopo:routepoint_id>335075212</swisstopo:routepoint_id>
				</extensions>
			</trkpt>
			<trkpt lat="47.1589909495" lon="9.2770056940">
				<ele>1877.3</ele>
				<extensions>
					<swisstopo:routepoint_id>1583640590</swisstopo:routepoint_id>
				</extensions>
			</trkpt>
			<trkpt lat="47.1590237754" lon="9.2769661283">
				<ele>1875.2</ele>
				<extensions>
					<swisstopo:routepoint_id>715623970</swisstopo:routepoint_id>
				</extensions>
			</trkpt>
			<trkpt lat="47.1590494356" lon="9.2769268444">
				<ele>1873.3</ele>
				<extensions>
					<swisstopo:routepoint_id>2131682353</swisstopo:routepoint_id>
				</extensions>
			</trkpt>
			<trkpt lat="47.1590521871" lon="9.2768585364">
				<ele>1872.9</ele>
				<extensions>
					<swisstopo:routepoint_id>2085512720</swisstopo:routepoint_id>
				</extensions>
			</trkpt>
			<trkpt lat="47.1590580721" lon="9.2768025350">
				<ele>1872.2</ele>
				<extensions>
					<swisstopo:routepoint_id>2037083942</swisstopo:routepoint_id>
				</extensions>
			</trkpt>
			<trkpt lat="47.1590914458" lon="9.2766961955">
				<ele>1870.0</ele>
				<extensions>
					<swisstopo:routepoint_id>1788306701</swisstopo:routepoint_id>
				</extensions>
			</trkpt>
			<trkpt lat="47.1591106095" lon="9.2766488559">
				<ele>1868.4</ele>
				<extensions>
					<swisstopo:routepoint_id>288234898</swisstopo:routepoint_id>
				</extensions>
			</trkpt>
			<trkpt lat="47.1591436496" lon="9.2766299855">
				<ele>1866.4</ele>
				<extensions>
					<swisstopo:routepoint_id>1847872716</swisstopo:routepoint_id>
				</extensions>
			</trkpt>
			<trkpt lat="47.1591603720" lon="9.2766078749">
				<ele>1865.5</ele>
				<extensions>
					<swisstopo:routepoint_id>1554981637</swisstopo:routepoint_id>
				</extensions>
			</trkpt>
			<trkpt lat="47.1591898564" lon="9.2766047913">
				<ele>1863.4</ele>
				<extensions>
					<swisstopo:routepoint_id>69090031</swisstopo:routepoint_id>
				</extensions>
			</trkpt>
			<trkpt lat="47.1592079720" lon="9.2766032881">
				<ele>1862.3</ele>
				<extensions>
					<swisstopo:routepoint_id>1276841386</swisstopo:routepoint_id>
				</extensions>
			</trkpt>
			<trkpt lat="47.1592186364" lon="9.2765742709">
				<ele>1861.8</ele>
				<extensions>
					<swisstopo:routepoint_id>402305906</swisstopo:routepoint_id>
				</extensions>
			</trkpt>
			<trkpt lat="47.1592300135" lon="9.2765666621">
				<ele>1860.8</ele>
				<extensions>
					<swisstopo:routepoint_id>1409361988</swisstopo:routepoint_id>
				</extensions>
			</trkpt>
			<trkpt lat="47.1592286053" lon="9.2765359935">
				<ele>1860.4</ele>
				<extensions>
					<swisstopo:routepoint_id>1018052691</swisstopo:routepoint_id>
				</extensions>
			</trkpt>
			<trkpt lat="47.1592440166" lon="9.2765316147">
				<ele>1859.4</ele>
				<extensions>
					<swisstopo:routepoint_id>1163051955</swisstopo:routepoint_id>
				</extensions>
			</trkpt>
			<trkpt lat="47.1592560272" lon="9.2765030303">
				<ele>1858.3</ele>
				<extensions>
					<swisstopo:routepoint_id>660784256</swisstopo:routepoint_id>
				</extensions>
			</trkpt>
			<trkpt lat="47.1592612760" lon="9.2764521982">
				<ele>1857.3</ele>
				<extensions>
					<swisstopo:routepoint_id>2023327443</swisstopo:routepoint_id>
				</extensions>
			</trkpt>
			<trkpt lat="47.1592873571" lon="9.2764168187">
				<ele>1855.2</ele>
				<extensions>
					<swisstopo:routepoint_id>699039619</swisstopo:routepoint_id>
				</extensions>
			</trkpt>
			<trkpt lat="47.1593080692" lon="9.2763919208">
				<ele>1853.9</ele>
				<extensions>
					<swisstopo:routepoint_id>1212225644</swisstopo:routepoint_id>
				</extensions>
			</trkpt>
			<trkpt lat="47.1593288696" lon="9.2763972598">
				<ele>1852.8</ele>
				<extensions>
					<swisstopo:routepoint_id>201314867</swisstopo:routepoint_id>
				</extensions>
			</trkpt>
			<trkpt lat="47.1593462520" lon="9.2763723378">
				<ele>1851.5</ele>
				<extensions>
					<swisstopo:routepoint_id>141584649</swisstopo:routepoint_id>
				</extensions>
			</trkpt>
			<trkpt lat="47.1593636786" lon="9.2763716094">
				<ele>1850.5</ele>
				<extensions>
					<swisstopo:routepoint_id>638235402</swisstopo:routepoint_id>
				</extensions>
			</trkpt>
			<trkpt lat="47.1593837334" lon="9.2763394494">
				<ele>1849.1</ele>
				<extensions>
					<swisstopo:routepoint_id>1538426926</swisstopo:routepoint_id>
				</extensions>
			</trkpt>
			<trkpt lat="47.1594219515" lon="9.2763380182">
				<ele>1846.8</ele>
				<extensions>
					<swisstopo:routepoint_id>1383619406</swisstopo:routepoint_id>
				</extensions>
			</trkpt>
			<trkpt lat="47.1594514475" lon="9.2763369573">
				<ele>1845.2</ele>
				<extensions>
					<swisstopo:routepoint_id>770937851</swisstopo:routepoint_id>
				</extensions>
			</trkpt>
			<trkpt lat="47.1594830263" lon="9.2763677863">
				<ele>1843.7</ele>
				<extensions>
					<swisstopo:routepoint_id>1795386664</swisstopo:routepoint_id>
				</extensions>
			</trkpt>
			<trkpt lat="47.1595146610" lon="9.2764187903">
				<ele>1842.3</ele>
				<extensions>
					<swisstopo:routepoint_id>1557150658</swisstopo:routepoint_id>
				</extensions>
			</trkpt>
			<trkpt lat="47.1595327449" lon="9.2764071608">
				<ele>1841.3</ele>
				<extensions>
					<swisstopo:routepoint_id>1678904313</swisstopo:routepoint_id>
				</extensions>
			</trkpt>
			<trkpt lat="47.1595737085" lon="9.2764368435">
				<ele>1839.2</ele>
				<extensions>
					<swisstopo:routepoint_id>2024793525</swisstopo:routepoint_id>
				</extensions>
			</trkpt>
			<trkpt lat="47.1595803478" lon="9.2764106379">
				<ele>1838.6</ele>
				<extensions>
					<swisstopo:routepoint_id>171080973</swisstopo:routepoint_id>
				</extensions>
			</trkpt>
			<trkpt lat="47.1595930187" lon="9.2763792289">
				<ele>1837.6</ele>
				<extensions>
					<swisstopo:routepoint_id>1850548982</swisstopo:routepoint_id>
				</extensions>
			</trkpt>
			<trkpt lat="47.1596198917" lon="9.2763955071">
				<ele>1836.3</ele>
				<extensions>
					<swisstopo:routepoint_id>1972033419</swisstopo:routepoint_id>
				</extensions>
			</trkpt>
			<trkpt lat="47.1596385710" lon="9.2763548491">
				<ele>1834.9</ele>
				<extensions>
					<swisstopo:routepoint_id>1065490015</swisstopo:routepoint_id>
				</extensions>
			</trkpt>
			<trkpt lat="47.1596580337" lon="9.2763658231">
				<ele>1833.9</ele>
				<extensions>
					<swisstopo:routepoint_id>1894172849</swisstopo:routepoint_id>
				</extensions>
			</trkpt>
			<trkpt lat="47.1596735004" lon="9.2763816452">
				<ele>1832.9</ele>
				<extensions>
					<swisstopo:routepoint_id>1258295094</swisstopo:routepoint_id>
				</extensions>
			</trkpt>
			<trkpt lat="47.1597170822" lon="9.2764416135">
				<ele>1830.5</ele>
				<extensions>
					<swisstopo:routepoint_id>195951135</swisstopo:routepoint_id>
				</extensions>
			</trkpt>
			<trkpt lat="47.1597301450" lon="9.2764390478">
				<ele>1829.6</ele>
				<extensions>
					<swisstopo:routepoint_id>150017359</swisstopo:routepoint_id>
				</extensions>
			</trkpt>
			<trkpt lat="47.1597408247" lon="9.2764129163">
				<ele>1828.8</ele>
				<extensions>
					<swisstopo:routepoint_id>1014016793</swisstopo:routepoint_id>
				</extensions>
			</trkpt>
			<trkpt lat="47.1597574554" lon="9.2764466458">
				<ele>1827.7</ele>
				<extensions>
					<swisstopo:routepoint_id>1376688453</swisstopo:routepoint_id>
				</extensions>
			</trkpt>
			<trkpt lat="47.1597721771" lon="9.2764309718">
				<ele>1826.7</ele>
				<extensions>
					<swisstopo:routepoint_id>1986571366</swisstopo:routepoint_id>
				</extensions>
			</trkpt>
			<trkpt lat="47.1597881277" lon="9.2763713348">
				<ele>1825.0</ele>
				<extensions>
					<swisstopo:routepoint_id>1507713817</swisstopo:routepoint_id>
				</extensions>
			</trkpt>
			<trkpt lat="47.1598109583" lon="9.2763843568">
				<ele>1823.5</ele>
				<extensions>
					<swisstopo:routepoint_id>1459642614</swisstopo:routepoint_id>
				</extensions>
			</trkpt>
			<trkpt lat="47.1598342440" lon="9.2763154778">
				<ele>1821.6</ele>
				<extensions>
					<swisstopo:routepoint_id>474636396</swisstopo:routepoint_id>
				</extensions>
			</trkpt>
			<trkpt lat="47.1598428983" lon="9.2762846907">
				<ele>1821.0</ele>
				<extensions>
					<swisstopo:routepoint_id>735746146</swisstopo:routepoint_id>
				</extensions>
			</trkpt>
			<trkpt lat="47.1598474438" lon="9.2762091006">
				<ele>1819.2</ele>
				<extensions>
					<swisstopo:routepoint_id>277056006</swisstopo:routepoint_id>
				</extensions>
			</trkpt>
			<trkpt lat="47.1598299348" lon="9.2761571900">
				<ele>1818.7</ele>
				<extensions>
					<swisstopo:routepoint_id>1085449553</swisstopo:routepoint_id>
				</extensions>
			</trkpt>
			<trkpt lat="47.1598408639" lon="9.2760989266">
				<ele>1816.8</ele>
				<extensions>
					<swisstopo:routepoint_id>1499227172</swisstopo:routepoint_id>
				</extensions>
			</trkpt>
			<trkpt lat="47.1598438574" lon="9.2760159660">
				<ele>1815.7</ele>
				<extensions>
					<swisstopo:routepoint_id>161722261</swisstopo:routepoint_id>
				</extensions>
			</trkpt>
			<trkpt lat="47.1598274205" lon="9.2759607433">
				<ele>1815.8</ele>
				<extensions>
					<swisstopo:routepoint_id>1593724356</swisstopo:routepoint_id>
				</extensions>
			</trkpt>
			<trkpt lat="47.1598521252" lon="9.2759664481">
				<ele>1813.2</ele>
				<extensions>
					<swisstopo:routepoint_id>1816645965</swisstopo:routepoint_id>
				</extensions>
			</trkpt>
			<trkpt lat="47.1598612093" lon="9.2759725827">
				<ele>1812.8</ele>
				<extensions>
					<swisstopo:routepoint_id>165446569</swisstopo:routepoint_id>
				</extensions>
			</trkpt>
			<trkpt lat="47.1598967554" lon="9.2760422198">
				<ele>1810.7</ele>
				<extensions>
					<swisstopo:routepoint_id>396106667</swisstopo:routepoint_id>
				</extensions>
			</trkpt>
			<trkpt lat="47.1599308757" lon="9.2760971481">
				<ele>1809.2</ele>
				<extensions>
					<swisstopo:routepoint_id>536926423</swisstopo:routepoint_id>
				</extensions>
			</trkpt>
			<trkpt lat="47.1599575196" lon="9.2760980631">
				<ele>1807.8</ele>
				<extensions>
					<swisstopo:routepoint_id>1422402861</swisstopo:routepoint_id>
				</extensions>
			</trkpt>
			<trkpt lat="47.1599634996" lon="9.2760371818">
				<ele>1806.5</ele>
				<extensions>
					<swisstopo:routepoint_id>1392939944</swisstopo:routepoint_id>
				</extensions>
			</trkpt>
			<trkpt lat="47.1599547831" lon="9.2759562667">
				<ele>1805.4</ele>
				<extensions>
					<swisstopo:routepoint_id>849263358</swisstopo:routepoint_id>
				</extensions>
			</trkpt>
			<trkpt lat="47.1599444156" lon="9.2758752949">
				<ele>1804.7</ele>
				<extensions>
					<swisstopo:routepoint_id>575285336</swisstopo:routepoint_id>
				</extensions>
			</trkpt>
			<trkpt lat="47.1599129578" lon="9.2758187059">
				<ele>1804.2</ele>
				<extensions>
					<swisstopo:routepoint_id>817143643</swisstopo:routepoint_id>
				</extensions>
			</trkpt>
			<trkpt lat="47.1598887482" lon="9.2757951896">
				<ele>1802.4</ele>
				<extensions>
					<swisstopo:routepoint_id>231573601</swisstopo:routepoint_id>
				</extensions>
			</trkpt>
			<trkpt lat="47.1598739209" lon="9.2757563694">
				<ele>1801.7</ele>
				<extensions>
					<swisstopo:routepoint_id>1948043509</swisstopo:routepoint_id>
				</extensions>
			</trkpt>
			<trkpt lat="47.1598698399" lon="9.2757329513">
				<ele>1801.5</ele>
				<extensions>
					<swisstopo:routepoint_id>163921109</swisstopo:routepoint_id>
				</extensions>
			</trkpt>
			<trkpt lat="47.1598791779" lon="9.2757116043">
				<ele>1800.9</ele>
				<extensions>
					<swisstopo:routepoint_id>237667847</swisstopo:routepoint_id>
				</extensions>
			</trkpt>
			<trkpt lat="47.1598972349" lon="9.2756878900">
				<ele>1800.2</ele>
				<extensions>
					<swisstopo:routepoint_id>708771908</swisstopo:routepoint_id>
				</extensions>
			</trkpt>
			<trkpt lat="47.1598804037" lon="9.2756595645">
				<ele>1799.9</ele>
				<extensions>
					<swisstopo:routepoint_id>1424201910</swisstopo:routepoint_id>
				</extensions>
			</trkpt>
			<trkpt lat="47.1598924203" lon="9.2756350116">
				<ele>1798.5</ele>
				<extensions>
					<swisstopo:routepoint_id>1071846078</swisstopo:routepoint_id>
				</extensions>
			</trkpt>
			<trkpt lat="47.1599165241" lon="9.2756222099">
				<ele>1797.6</ele>
				<extensions>
					<swisstopo:routepoint_id>1133028461</swisstopo:routepoint_id>
				</extensions>
			</trkpt>
			<trkpt lat="47.1599526823" lon="9.2755989884">
				<ele>1795.3</ele>
				<extensions>
					<swisstopo:routepoint_id>960921643</swisstopo:routepoint_id>
				</extensions>
			</trkpt>
			<trkpt lat="47.1599694781" lon="9.2756091621">
				<ele>1794.6</ele>
				<extensions>
					<swisstopo:routepoint_id>1044347282</swisstopo:routepoint_id>
				</extensions>
			</trkpt>
			<trkpt lat="47.1599615494" lon="9.2756473557">
				<ele>1794.5</ele>
				<extensions>
					<swisstopo:routepoint_id>2005462021</swisstopo:routepoint_id>
				</extensions>
			</trkpt>
			<trkpt lat="47.1599588642" lon="9.2756603515">
				<ele>1794.5</ele>
				<extensions>
					<swisstopo:routepoint_id>2105182278</swisstopo:routepoint_id>
				</extensions>
			</trkpt>
			<trkpt lat="47.1599823166" lon="9.2756564291">
				<ele>1793.9</ele>
				<extensions>
					<swisstopo:routepoint_id>1452267319</swisstopo:routepoint_id>
				</extensions>
			</trkpt>
			<trkpt lat="47.1599790606" lon="9.2757007991">
				<ele>1793.1</ele>
				<extensions>
					<swisstopo:routepoint_id>648663013</swisstopo:routepoint_id>
				</extensions>
			</trkpt>
			<trkpt lat="47.1599998634" lon="9.2757021315">
				<ele>1792.1</ele>
				<extensions>
					<swisstopo:routepoint_id>1850832944</swisstopo:routepoint_id>
				</extensions>
			</trkpt>
			<trkpt lat="47.1600119891" lon="9.2757280028">
				<ele>1791.4</ele>
				<extensions>
					<swisstopo:routepoint_id>437222133</swisstopo:routepoint_id>
				</extensions>
			</trkpt>
			<trkpt lat="47.1600074536" lon="9.2758002314">
				<ele>1791.6</ele>
				<extensions>
					<swisstopo:routepoint_id>742643671</swisstopo:routepoint_id>
				</extensions>
			</trkpt>
			<trkpt lat="47.1600115493" lon="9.2758337365">
				<ele>1791.0</ele>
				<extensions>
					<swisstopo:routepoint_id>1043823202</swisstopo:routepoint_id>
				</extensions>
			</trkpt>
			<trkpt lat="47.1600310472" lon="9.2758568338">
				<ele>1790.2</ele>
				<extensions>
					<swisstopo:routepoint_id>290490519</swisstopo:routepoint_id>
				</extensions>
			</trkpt>
			<trkpt lat="47.1600419731" lon="9.2759408135">
				<ele>1789.1</ele>
				<extensions>
					<swisstopo:routepoint_id>2081697749</swisstopo:routepoint_id>
				</extensions>
			</trkpt>
			<trkpt lat="47.1600558260" lon="9.2760660006">
				<ele>1789.8</ele>
				<extensions>
					<swisstopo:routepoint_id>1820508194</swisstopo:routepoint_id>
				</extensions>
			</trkpt>
			<trkpt lat="47.1600629039" lon="9.2762324997">
				<ele>1790.2</ele>
				<extensions>
					<swisstopo:routepoint_id>1780755198</swisstopo:routepoint_id>
				</extensions>
			</trkpt>
			<trkpt lat="47.1600586100" lon="9.2762934259">
				<ele>1789.9</ele>
				<extensions>
					<swisstopo:routepoint_id>1612092250</swisstopo:routepoint_id>
				</extensions>
			</trkpt>
			<trkpt lat="47.1600475162" lon="9.2763614487">
				<ele>1790.4</ele>
				<extensions>
					<swisstopo:routepoint_id>1999234916</swisstopo:routepoint_id>
				</extensions>
			</trkpt>
			<trkpt lat="47.1600343383" lon="9.2764081060">
				<ele>1790.6</ele>
				<extensions>
					<swisstopo:routepoint_id>841760815</swisstopo:routepoint_id>
				</extensions>
			</trkpt>
			<trkpt lat="47.1600203256" lon="9.2764564347">
				<ele>1790.7</ele>
				<extensions>
					<swisstopo:routepoint_id>424895870</swisstopo:routepoint_id>
				</extensions>
			</trkpt>
			<trkpt lat="47.1600137390" lon="9.2765068480">
				<ele>1789.6</ele>
				<extensions>
					<swisstopo:routepoint_id>1106413149</swisstopo:routepoint_id>
				</extensions>
			</trkpt>
			<trkpt lat="47.1600366693" lon="9.2765642522">
				<ele>1787.1</ele>
				<extensions>
					<swisstopo:routepoint_id>472954328</swisstopo:routepoint_id>
				</extensions>
			</trkpt>
			<trkpt lat="47.1600414981" lon="9.2766272311">
				<ele>1785.2</ele>
				<extensions>
					<swisstopo:routepoint_id>1326441405</swisstopo:routepoint_id>
				</extensions>
			</trkpt>
			<trkpt lat="47.1600336033" lon="9.2766974119">
				<ele>1784.2</ele>
				<extensions>
					<swisstopo:routepoint_id>1245739544</swisstopo:routepoint_id>
				</extensions>
			</trkpt>
			<trkpt lat="47.1600182945" lon="9.2767481954">
				<ele>1784.7</ele>
				<extensions>
					<swisstopo:routepoint_id>1020598419</swisstopo:routepoint_id>
				</extensions>
			</trkpt>
			<trkpt lat="47.1600110864" lon="9.2768155271">
				<ele>1785.4</ele>
				<extensions>
					<swisstopo:routepoint_id>2120584233</swisstopo:routepoint_id>
				</extensions>
			</trkpt>
			<trkpt lat="47.1600504744" lon="9.2769251669">
				<ele>1783.4</ele>
				<extensions>
					<swisstopo:routepoint_id>1540559495</swisstopo:routepoint_id>
				</extensions>
			</trkpt>
			<trkpt lat="47.1600565653" lon="9.2769432177">
				<ele>1783.0</ele>
				<extensions>
					<swisstopo:routepoint_id>178207459</swisstopo:routepoint_id>
				</extensions>
			</trkpt>
			<trkpt lat="47.1600525357" lon="9.2769754648">
				<ele>1782.5</ele>
				<extensions>
					<swisstopo:routepoint_id>667753183</swisstopo:routepoint_id>
				</extensions>
			</trkpt>
			<trkpt lat="47.1600176157" lon="9.2770383147">
				<ele>1782.9</ele>
				<extensions>
					<swisstopo:routepoint_id>771150804</swisstopo:routepoint_id>
				</extensions>
			</trkpt>
			<trkpt lat="47.1600237559" lon="9.2770895903">
				<ele>1782.2</ele>
				<extensions>
					<swisstopo:routepoint_id>1445799287</swisstopo:routepoint_id>
				</extensions>
			</trkpt>
			<trkpt lat="47.1600057305" lon="9.2771234047">
				<ele>1780.7</ele>
				<extensions>
					<swisstopo:routepoint_id>1933549613</swisstopo:routepoint_id>
				</extensions>
			</trkpt>
			<trkpt lat="47.1600053337" lon="9.2772472906">
				<ele>1778.0</ele>
				<extensions>
					<swisstopo:routepoint_id>710917182</swisstopo:routepoint_id>
				</extensions>
			</trkpt>
			<trkpt lat="47.1599873200" lon="9.2772831152">
				<ele>1776.3</ele>
				<extensions>
					<swisstopo:routepoint_id>511262747</swisstopo:routepoint_id>
				</extensions>
			</trkpt>
			<trkpt lat="47.1599941437" lon="9.2773355992">
				<ele>1775.8</ele>
				<extensions>
					<swisstopo:routepoint_id>1039976240</swisstopo:routepoint_id>
				</extensions>
			</trkpt>
			<trkpt lat="47.1600276590" lon="9.2773337494">
				<ele>1774.3</ele>
				<extensions>
					<swisstopo:routepoint_id>1958569008</swisstopo:routepoint_id>
				</extensions>
			</trkpt>
			<trkpt lat="47.1600358437" lon="9.2773906860">
				<ele>1772.5</ele>
				<extensions>
					<swisstopo:routepoint_id>1874293372</swisstopo:routepoint_id>
				</extensions>
			</trkpt>
			<trkpt lat="47.1600606688" lon="9.2774053488">
				<ele>1771.1</ele>
				<extensions>
					<swisstopo:routepoint_id>1739743211</swisstopo:routepoint_id>
				</extensions>
			</trkpt>
			<trkpt lat="47.1600607475" lon="9.2774356244">
				<ele>1770.1</ele>
				<extensions>
					<swisstopo:routepoint_id>451398345</swisstopo:routepoint_id>
				</extensions>
			</trkpt>
			<trkpt lat="47.1600715464" lon="9.2774691669">
				<ele>1768.9</ele>
				<extensions>
					<swisstopo:routepoint_id>25198172</swisstopo:routepoint_id>
				</extensions>
			</trkpt>
			<trkpt lat="47.1600843404" lon="9.2774922273">
				<ele>1767.7</ele>
				<extensions>
					<swisstopo:routepoint_id>2120780554</swisstopo:routepoint_id>
				</extensions>
			</trkpt>
			<trkpt lat="47.1600770292" lon="9.2775192346">
				<ele>1766.8</ele>
				<extensions>
					<swisstopo:routepoint_id>573827712</swisstopo:routepoint_id>
				</extensions>
			</trkpt>
			<trkpt lat="47.1600884443" lon="9.2775257458">
				<ele>1766.3</ele>
				<extensions>
					<swisstopo:routepoint_id>1827829321</swisstopo:routepoint_id>
				</extensions>
			</trkpt>
			<trkpt lat="47.1600979842" lon="9.2775951990">
				<ele>1763.5</ele>
				<extensions>
					<swisstopo:routepoint_id>1260846610</swisstopo:routepoint_id>
				</extensions>
			</trkpt>
			<trkpt lat="47.1600853717" lon="9.2776487931">
				<ele>1761.6</ele>
				<extensions>
					<swisstopo:routepoint_id>1235002695</swisstopo:routepoint_id>
				</extensions>
			</trkpt>
			<trkpt lat="47.1601095103" lon="9.2776541701">
				<ele>1760.7</ele>
				<extensions>
					<swisstopo:routepoint_id>1308215183</swisstopo:routepoint_id>
				</extensions>
			</trkpt>
			<trkpt lat="47.1601295978" lon="9.2776441814">
				<ele>1760.1</ele>
				<extensions>
					<swisstopo:routepoint_id>1262732291</swisstopo:routepoint_id>
				</extensions>
			</trkpt>
			<trkpt lat="47.1601451286" lon="9.2776862341">
				<ele>1758.7</ele>
				<extensions>
					<swisstopo:routepoint_id>1633910640</swisstopo:routepoint_id>
				</extensions>
			</trkpt>
			<trkpt lat="47.1601799670" lon="9.2776747039">
				<ele>1757.2</ele>
				<extensions>
					<swisstopo:routepoint_id>1084380326</swisstopo:routepoint_id>
				</extensions>
			</trkpt>
			<trkpt lat="47.1601827564" lon="9.2777239580">
				<ele>1755.8</ele>
				<extensions>
					<swisstopo:routepoint_id>1434573885</swisstopo:routepoint_id>
				</extensions>
			</trkpt>
			<trkpt lat="47.1601955097" lon="9.2777308632">
				<ele>1754.7</ele>
				<extensions>
					<swisstopo:routepoint_id>447802539</swisstopo:routepoint_id>
				</extensions>
			</trkpt>
			<trkpt lat="47.1601868922" lon="9.2777736189">
				<ele>1753.4</ele>
				<extensions>
					<swisstopo:routepoint_id>1542632110</swisstopo:routepoint_id>
				</extensions>
			</trkpt>
			<trkpt lat="47.1602164994" lon="9.2778189510">
				<ele>1751.1</ele>
				<extensions>
					<swisstopo:routepoint_id>1360748259</swisstopo:routepoint_id>
				</extensions>
			</trkpt>
			<trkpt lat="47.1602233284" lon="9.2778754807">
				<ele>1749.3</ele>
				<extensions>
					<swisstopo:routepoint_id>1827876142</swisstopo:routepoint_id>
				</extensions>
			</trkpt>
			<trkpt lat="47.1602395513" lon="9.2779368936">
				<ele>1747.3</ele>
				<extensions>
					<swisstopo:routepoint_id>1685053533</swisstopo:routepoint_id>
				</extensions>
			</trkpt>
			<trkpt lat="47.1602349244" lon="9.2779647145">
				<ele>1746.7</ele>
				<extensions>
					<swisstopo:routepoint_id>1847700279</swisstopo:routepoint_id>
				</extensions>
			</trkpt>
			<trkpt lat="47.1602577372" lon="9.2779716950">
				<ele>1745.6</ele>
				<extensions>
					<swisstopo:routepoint_id>327720341</swisstopo:routepoint_id>
				</extensions>
			</trkpt>
			<trkpt lat="47.1602987619" lon="9.2780255741">
				<ele>1745.0</ele>
				<extensions>
					<swisstopo:routepoint_id>1641649171</swisstopo:routepoint_id>
				</extensions>
			</trkpt>
			<trkpt lat="47.1603186302" lon="9.2780166601">
				<ele>1744.2</ele>
				<extensions>
					<swisstopo:routepoint_id>1869291362</swisstopo:routepoint_id>
				</extensions>
			</trkpt>
			<trkpt lat="47.1603553505" lon="9.2779973495">
				<ele>1742.7</ele>
				<extensions>
					<swisstopo:routepoint_id>1787913398</swisstopo:routepoint_id>
				</extensions>
			</trkpt>
			<trkpt lat="47.1603809516" lon="9.2779903845">
				<ele>1741.7</ele>
				<extensions>
					<swisstopo:routepoint_id>1607620615</swisstopo:routepoint_id>
				</extensions>
			</trkpt>
			<trkpt lat="47.1604103541" lon="9.2779819653">
				<ele>1740.8</ele>
				<extensions>
					<swisstopo:routepoint_id>276596789</swisstopo:routepoint_id>
				</extensions>
			</trkpt>
			<trkpt lat="47.1604522245" lon="9.2779614794">
				<ele>1739.6</ele>
				<extensions>
					<swisstopo:routepoint_id>961509552</swisstopo:routepoint_id>
				</extensions>
			</trkpt>
			<trkpt lat="47.1604809778" lon="9.2779343074">
				<ele>1738.8</ele>
				<extensions>
					<swisstopo:routepoint_id>511277657</swisstopo:routepoint_id>
				</extensions>
			</trkpt>
			<trkpt lat="47.1605255266" lon="9.2779232656">
				<ele>1738.2</ele>
				<extensions>
					<swisstopo:routepoint_id>2146364109</swisstopo:routepoint_id>
				</extensions>
			</trkpt>
			<trkpt lat="47.1605700342" lon="9.2779153402">
				<ele>1737.9</ele>
				<extensions>
					<swisstopo:routepoint_id>160994126</swisstopo:routepoint_id>
				</extensions>
			</trkpt>
			<trkpt lat="47.1606191243" lon="9.2779153788">
				<ele>1737.0</ele>
				<extensions>
					<swisstopo:routepoint_id>1613656927</swisstopo:routepoint_id>
				</extensions>
			</trkpt>
			<trkpt lat="47.1606565025" lon="9.2778768703">
				<ele>1735.5</ele>
				<extensions>
					<swisstopo:routepoint_id>1664469307</swisstopo:routepoint_id>
				</extensions>
			</trkpt>
			<trkpt lat="47.1606793098" lon="9.2778797927">
				<ele>1734.7</ele>
				<extensions>
					<swisstopo:routepoint_id>1359094457</swisstopo:routepoint_id>
				</extensions>
			</trkpt>
			<trkpt lat="47.1606899653" lon="9.2778508004">
				<ele>1734.1</ele>
				<extensions>
					<swisstopo:routepoint_id>1092158138</swisstopo:routepoint_id>
				</extensions>
			</trkpt>
			<trkpt lat="47.1607026981" lon="9.2778435990">
				<ele>1733.6</ele>
				<extensions>
					<swisstopo:routepoint_id>1623295318</swisstopo:routepoint_id>
				</extensions>
			</trkpt>
			<trkpt lat="47.1607268428" lon="9.2778529956">
				<ele>1732.7</ele>
				<extensions>
					<swisstopo:routepoint_id>1439972423</swisstopo:routepoint_id>
				</extensions>
			</trkpt>
			<trkpt lat="47.1607737098" lon="9.2778128940">
				<ele>1730.5</ele>
				<extensions>
					<swisstopo:routepoint_id>1205625524</swisstopo:routepoint_id>
				</extensions>
			</trkpt>
			<trkpt lat="47.1608131459" lon="9.2777594225">
				<ele>1728.9</ele>
				<extensions>
					<swisstopo:routepoint_id>1970717315</swisstopo:routepoint_id>
				</extensions>
			</trkpt>
			<trkpt lat="47.1608306132" lon="9.2777809052">
				<ele>1728.4</ele>
				<extensions>
					<swisstopo:routepoint_id>909734444</swisstopo:routepoint_id>
				</extensions>
			</trkpt>
			<trkpt lat="47.1608580852" lon="9.2777701265">
				<ele>1727.5</ele>
				<extensions>
					<swisstopo:routepoint_id>1111425150</swisstopo:routepoint_id>
				</extensions>
			</trkpt>
			<trkpt lat="47.1608876452" lon="9.2777892552">
				<ele>1726.5</ele>
				<extensions>
					<swisstopo:routepoint_id>655286938</swisstopo:routepoint_id>
				</extensions>
			</trkpt>
			<trkpt lat="47.1609585810" lon="9.2777302965">
				<ele>1724.4</ele>
				<extensions>
					<swisstopo:routepoint_id>497587708</swisstopo:routepoint_id>
				</extensions>
			</trkpt>
			<trkpt lat="47.1609725641" lon="9.2776871703">
				<ele>1723.9</ele>
				<extensions>
					<swisstopo:routepoint_id>134830299</swisstopo:routepoint_id>
				</extensions>
			</trkpt>
			<trkpt lat="47.1610201407" lon="9.2776724839">
				<ele>1722.6</ele>
				<extensions>
					<swisstopo:routepoint_id>538188609</swisstopo:routepoint_id>
				</extensions>
			</trkpt>
			<trkpt lat="47.1610536939" lon="9.2776847674">
				<ele>1722.0</ele>
				<extensions>
					<swisstopo:routepoint_id>964208353</swisstopo:routepoint_id>
				</extensions>
			</trkpt>
			<trkpt lat="47.1610703813" lon="9.2776505587">
				<ele>1721.4</ele>
				<extensions>
					<swisstopo:routepoint_id>301090955</swisstopo:routepoint_id>
				</extensions>
			</trkpt>
			<trkpt lat="47.1611099957" lon="9.2776717332">
				<ele>1720.6</ele>
				<extensions>
					<swisstopo:routepoint_id>44227431</swisstopo:routepoint_id>
				</extensions>
			</trkpt>
			<trkpt lat="47.1611362413" lon="9.2776370801">
				<ele>1719.7</ele>
				<extensions>
					<swisstopo:routepoint_id>606925183</swisstopo:routepoint_id>
				</extensions>
			</trkpt>
			<trkpt lat="47.1611924256" lon="9.2776495489">
				<ele>1718.0</ele>
				<extensions>
					<swisstopo:routepoint_id>1585317816</swisstopo:routepoint_id>
				</extensions>
			</trkpt>
			<trkpt lat="47.1612378065" lon="9.2776029030">
				<ele>1716.6</ele>
				<extensions>
					<swisstopo:routepoint_id>265990289</swisstopo:routepoint_id>
				</extensions>
			</trkpt>
			<trkpt lat="47.1612606209" lon="9.2775927241">
				<ele>1716.0</ele>
				<extensions>
					<swisstopo:routepoint_id>945665048</swisstopo:routepoint_id>
				</extensions>
			</trkpt>
			<trkpt lat="47.1612909309" lon="9.2775874664">
				<ele>1715.2</ele>
				<extensions>
					<swisstopo:routepoint_id>52954358</swisstopo:routepoint_id>
				</extensions>
			</trkpt>
			<trkpt lat="47.1613177638" lon="9.2776210971">
				<ele>1714.4</ele>
				<extensions>
					<swisstopo:routepoint_id>1937938801</swisstopo:routepoint_id>
				</extensions>
			</trkpt>
			<trkpt lat="47.1613593757" lon="9.2776162279">
				<ele>1713.3</ele>
				<extensions>
					<swisstopo:routepoint_id>146671130</swisstopo:routepoint_id>
				</extensions>
			</trkpt>
			<trkpt lat="47.1613966548" lon="9.2775877766">
				<ele>1712.3</ele>
				<extensions>
					<swisstopo:routepoint_id>156914178</swisstopo:routepoint_id>
				</extensions>
			</trkpt>
			<trkpt lat="47.1614308893" lon="9.2775717036">
				<ele>1711.2</ele>
				<extensions>
					<swisstopo:routepoint_id>98266903</swisstopo:routepoint_id>
				</extensions>
			</trkpt>
			<trkpt lat="47.1614520750" lon="9.2776051788">
				<ele>1710.3</ele>
				<extensions>
					<swisstopo:routepoint_id>331832766</swisstopo:routepoint_id>
				</extensions>
			</trkpt>
			<trkpt lat="47.1614815861" lon="9.2776482800">
				<ele>1709.5</ele>
				<extensions>
					<swisstopo:routepoint_id>356123565</swisstopo:routepoint_id>
				</extensions>
			</trkpt>
			<trkpt lat="47.1615252538" lon="9.2776340774">
				<ele>1708.2</ele>
				<extensions>
					<swisstopo:routepoint_id>1140396720</swisstopo:routepoint_id>
				</extensions>
			</trkpt>
			<trkpt lat="47.1615446745" lon="9.2776003744">
				<ele>1707.5</ele>
				<extensions>
					<swisstopo:routepoint_id>566102990</swisstopo:routepoint_id>
				</extensions>
			</trkpt>
			<trkpt lat="47.1615680213" lon="9.2775574151">
				<ele>1706.6</ele>
				<extensions>
					<swisstopo:routepoint_id>632638641</swisstopo:routepoint_id>
				</extensions>
			</trkpt>
			<trkpt lat="47.1616117050" lon="9.2775416668">
				<ele>1705.4</ele>
				<extensions>
					<swisstopo:routepoint_id>110305886</swisstopo:routepoint_id>
				</extensions>
			</trkpt>
			<trkpt lat="47.1616246229" lon="9.2775608163">
				<ele>1705.1</ele>
				<extensions>
					<swisstopo:routepoint_id>1607520799</swisstopo:routepoint_id>
				</extensions>
			</trkpt>
			<trkpt lat="47.1616652122" lon="9.2775605624">
				<ele>1703.6</ele>
				<extensions>
					<swisstopo:routepoint_id>1444187999</swisstopo:routepoint_id>
				</extensions>
			</trkpt>
			<trkpt lat="47.1616948314" lon="9.2775974323">
				<ele>1702.8</ele>
				<extensions>
					<swisstopo:routepoint_id>1103535013</swisstopo:routepoint_id>
				</extensions>
			</trkpt>
			<trkpt lat="47.1617212479" lon="9.2775982887">
				<ele>1702.0</ele>
				<extensions>
					<swisstopo:routepoint_id>220985468</swisstopo:routepoint_id>
				</extensions>
			</trkpt>
			<trkpt lat="47.1617326089" lon="9.2775377837">
				<ele>1700.8</ele>
				<extensions>
					<swisstopo:routepoint_id>1032548125</swisstopo:routepoint_id>
				</extensions>
			</trkpt>
			<trkpt lat="47.1617534698" lon="9.2775321883">
				<ele>1700.1</ele>
				<extensions>
					<swisstopo:routepoint_id>959765706</swisstopo:routepoint_id>
				</extensions>
			</trkpt>
			<trkpt lat="47.1617784641" lon="9.2775626640">
				<ele>1698.9</ele>
				<extensions>
					<swisstopo:routepoint_id>2130035828</swisstopo:routepoint_id>
				</extensions>
			</trkpt>
			<trkpt lat="47.1618109025" lon="9.2775418659">
				<ele>1697.7</ele>
				<extensions>
					<swisstopo:routepoint_id>1518327526</swisstopo:routepoint_id>
				</extensions>
			</trkpt>
			<trkpt lat="47.1618464517" lon="9.2775617544">
				<ele>1696.6</ele>
				<extensions>
					<swisstopo:routepoint_id>411264396</swisstopo:routepoint_id>
				</extensions>
			</trkpt>
			<trkpt lat="47.1618940275" lon="9.2775383201">
				<ele>1695.4</ele>
				<extensions>
					<swisstopo:routepoint_id>2106748476</swisstopo:routepoint_id>
				</extensions>
			</trkpt>
			<trkpt lat="47.1619499151" lon="9.2775869658">
				<ele>1693.5</ele>
				<extensions>
					<swisstopo:routepoint_id>1153022651</swisstopo:routepoint_id>
				</extensions>
			</trkpt>
			<trkpt lat="47.1619766727" lon="9.2776253092">
				<ele>1692.2</ele>
				<extensions>
					<swisstopo:routepoint_id>1445822008</swisstopo:routepoint_id>
				</extensions>
			</trkpt>
			<trkpt lat="47.1620276337" lon="9.2776253861">
				<ele>1691.2</ele>
				<extensions>
					<swisstopo:routepoint_id>1141228195</swisstopo:routepoint_id>
				</extensions>
			</trkpt>
			<trkpt lat="47.1620613035" lon="9.2775874578">
				<ele>1690.4</ele>
				<extensions>
					<swisstopo:routepoint_id>1492586286</swisstopo:routepoint_id>
				</extensions>
			</trkpt>
			<trkpt lat="47.1620809240" lon="9.2775412523">
				<ele>1689.4</ele>
				<extensions>
					<swisstopo:routepoint_id>1628557843</swisstopo:routepoint_id>
				</extensions>
			</trkpt>
			<trkpt lat="47.1621063670" lon="9.2775436341">
				<ele>1688.3</ele>
				<extensions>
					<swisstopo:routepoint_id>878026340</swisstopo:routepoint_id>
				</extensions>
			</trkpt>
			<trkpt lat="47.1621172222" lon="9.2775736500">
				<ele>1687.6</ele>
				<extensions>
					<swisstopo:routepoint_id>1395079698</swisstopo:routepoint_id>
				</extensions>
			</trkpt>
			<trkpt lat="47.1621365611" lon="9.2776039318">
				<ele>1686.8</ele>
				<extensions>
					<swisstopo:routepoint_id>1302602688</swisstopo:routepoint_id>
				</extensions>
			</trkpt>
			<trkpt lat="47.1621711502" lon="9.2776168736">
				<ele>1685.9</ele>
				<extensions>
					<swisstopo:routepoint_id>71976610</swisstopo:routepoint_id>
				</extensions>
			</trkpt>
			<trkpt lat="47.1621763950" lon="9.2776194681">
				<ele>1685.7</ele>
				<extensions>
					<swisstopo:routepoint_id>223735101</swisstopo:routepoint_id>
				</extensions>
			</trkpt>
			<trkpt lat="47.1622038341" lon="9.2776156834">
				<ele>1684.1</ele>
				<extensions>
					<swisstopo:routepoint_id>1704507383</swisstopo:routepoint_id>
				</extensions>
			</trkpt>
			<trkpt lat="47.1622455546" lon="9.2776045441">
				<ele>1682.6</ele>
				<extensions>
					<swisstopo:routepoint_id>1817802515</swisstopo:routepoint_id>
				</extensions>
			</trkpt>
			<trkpt lat="47.1623010069" lon="9.2775610648">
				<ele>1680.6</ele>
				<extensions>
					<swisstopo:routepoint_id>844816576</swisstopo:routepoint_id>
				</extensions>
			</trkpt>
			<trkpt lat="47.1623567914" lon="9.2775550723">
				<ele>1678.5</ele>
				<extensions>
					<swisstopo:routepoint_id>1340518579</swisstopo:routepoint_id>
				</extensions>
			</trkpt>
			<trkpt lat="47.1624136667" lon="9.2775412975">
				<ele>1676.1</ele>
				<extensions>
					<swisstopo:routepoint_id>1651931285</swisstopo:routepoint_id>
				</extensions>
			</trkpt>
			<trkpt lat="47.1624446491" lon="9.2775516636">
				<ele>1674.5</ele>
				<extensions>
					<swisstopo:routepoint_id>1359093711</swisstopo:routepoint_id>
				</extensions>
			</trkpt>
			<trkpt lat="47.1624854135" lon="9.2775420759">
				<ele>1672.9</ele>
				<extensions>
					<swisstopo:routepoint_id>1084619521</swisstopo:routepoint_id>
				</extensions>
			</trkpt>
			<trkpt lat="47.1625201462" lon="9.2774948053">
				<ele>1671.3</ele>
				<extensions>
					<swisstopo:routepoint_id>331124814</swisstopo:routepoint_id>
				</extensions>
			</trkpt>
			<trkpt lat="47.1625574340" lon="9.2774663410">
				<ele>1669.9</ele>
				<extensions>
					<swisstopo:routepoint_id>312297326</swisstopo:routepoint_id>
				</extensions>
			</trkpt>
			<trkpt lat="47.1626081375" lon="9.2774835943">
				<ele>1668.2</ele>
				<extensions>
					<swisstopo:routepoint_id>1887483830</swisstopo:routepoint_id>
				</extensions>
			</trkpt>
			<trkpt lat="47.1626294300" lon="9.2775092540">
				<ele>1667.5</ele>
				<extensions>
					<swisstopo:routepoint_id>117152526</swisstopo:routepoint_id>
				</extensions>
			</trkpt>
			<trkpt lat="47.1626539417" lon="9.2775116166">
				<ele>1666.5</ele>
				<extensions>
					<swisstopo:routepoint_id>2047188680</swisstopo:routepoint_id>
				</extensions>
			</trkpt>
			<trkpt lat="47.1627065829" lon="9.2775258190">
				<ele>1664.9</ele>
				<extensions>
					<swisstopo:routepoint_id>1086193740</swisstopo:routepoint_id>
				</extensions>
			</trkpt>
			<trkpt lat="47.1627676916" lon="9.2775418455">
				<ele>1663.2</ele>
				<extensions>
					<swisstopo:routepoint_id>1687564867</swisstopo:routepoint_id>
				</extensions>
			</trkpt>
			<trkpt lat="47.1628157418" lon="9.2775480832">
				<ele>1661.5</ele>
				<extensions>
					<swisstopo:routepoint_id>33832525</swisstopo:routepoint_id>
				</extensions>
			</trkpt>
			<trkpt lat="47.1628547914" lon="9.2775259274">
				<ele>1659.6</ele>
				<extensions>
					<swisstopo:routepoint_id>616379779</swisstopo:routepoint_id>
				</extensions>
			</trkpt>
			<trkpt lat="47.1628930106" lon="9.2775568454">
				<ele>1658.4</ele>
				<extensions>
					<swisstopo:routepoint_id>1901429198</swisstopo:routepoint_id>
				</extensions>
			</trkpt>
			<trkpt lat="47.1629268623" lon="9.2775064267">
				<ele>1656.3</ele>
				<extensions>
					<swisstopo:routepoint_id>688299420</swisstopo:routepoint_id>
				</extensions>
			</trkpt>
			<trkpt lat="47.1629447031" lon="9.2774539245">
				<ele>1654.5</ele>
				<extensions>
					<swisstopo:routepoint_id>1655981220</swisstopo:routepoint_id>
				</extensions>
			</trkpt>
			<trkpt lat="47.1629556820" lon="9.2774168003">
				<ele>1653.5</ele>
				<extensions>
					<swisstopo:routepoint_id>1710470166</swisstopo:routepoint_id>
				</extensions>
			</trkpt>
			<trkpt lat="47.1629896166" lon="9.2774194738">
				<ele>1652.6</ele>
				<extensions>
					<swisstopo:routepoint_id>392876492</swisstopo:routepoint_id>
				</extensions>
			</trkpt>
			<trkpt lat="47.1630236190" lon="9.2774190064">
				<ele>1651.4</ele>
				<extensions>
					<swisstopo:routepoint_id>702903577</swisstopo:routepoint_id>
				</extensions>
			</trkpt>
			<trkpt lat="47.1630456689" lon="9.2774572014">
				<ele>1650.8</ele>
				<extensions>
					<swisstopo:routepoint_id>1454611575</swisstopo:routepoint_id>
				</extensions>
			</trkpt>
			<trkpt lat="47.1630884041" lon="9.2774413944">
				<ele>1649.2</ele>
				<extensions>
					<swisstopo:routepoint_id>1533492346</swisstopo:routepoint_id>
				</extensions>
			</trkpt>
			<trkpt lat="47.1631140797" lon="9.2774297548">
				<ele>1647.9</ele>
				<extensions>
					<swisstopo:routepoint_id>167218546</swisstopo:routepoint_id>
				</extensions>
			</trkpt>
			<trkpt lat="47.1631309721" lon="9.2773772198">
				<ele>1647.1</ele>
				<extensions>
					<swisstopo:routepoint_id>688068463</swisstopo:routepoint_id>
				</extensions>
			</trkpt>
			<trkpt lat="47.1631525555" lon="9.2773263919">
				<ele>1646.1</ele>
				<extensions>
					<swisstopo:routepoint_id>643378844</swisstopo:routepoint_id>
				</extensions>
			</trkpt>
			<trkpt lat="47.1631902171" lon="9.2772745320">
				<ele>1644.5</ele>
				<extensions>
					<swisstopo:routepoint_id>1002291016</swisstopo:routepoint_id>
				</extensions>
			</trkpt>
			<trkpt lat="47.1632439803" lon="9.2772185231">
				<ele>1642.0</ele>
				<extensions>
					<swisstopo:routepoint_id>1705831438</swisstopo:routepoint_id>
				</extensions>
			</trkpt>
			<trkpt lat="47.1632703631" lon="9.2771631707">
				<ele>1640.5</ele>
				<extensions>
					<swisstopo:routepoint_id>1728616922</swisstopo:routepoint_id>
				</extensions>
			</trkpt>
			<trkpt lat="47.1633001805" lon="9.2771282266">
				<ele>1638.6</ele>
				<extensions>
					<swisstopo:routepoint_id>338573975</swisstopo:routepoint_id>
				</extensions>
			</trkpt>
			<trkpt lat="47.1633254985" lon="9.2770806702">
				<ele>1637.6</ele>
				<extensions>
					<swisstopo:routepoint_id>596848616</swisstopo:routepoint_id>
				</extensions>
			</trkpt>
			<trkpt lat="47.1633851008" lon="9.2770138983">
				<ele>1635.4</ele>
				<extensions>
					<swisstopo:routepoint_id>375688628</swisstopo:routepoint_id>
				</extensions>
			</trkpt>
			<trkpt lat="47.1634313790" lon="9.2769545141">
				<ele>1633.4</ele>
				<extensions>
					<swisstopo:routepoint_id>1534833656</swisstopo:routepoint_id>
				</extensions>
			</trkpt>
			<trkpt lat="47.1634783387" lon="9.2769107672">
				<ele>1631.4</ele>
				<extensions>
					<swisstopo:routepoint_id>1504620383</swisstopo:routepoint_id>
				</extensions>
			</trkpt>
			<trkpt lat="47.1635016211" lon="9.2768696207">
				<ele>1630.4</ele>
				<extensions>
					<swisstopo:routepoint_id>1237061570</swisstopo:routepoint_id>
				</extensions>
			</trkpt>
			<trkpt lat="47.1635023232" lon="9.2768256757">
				<ele>1629.7</ele>
				<extensions>
					<swisstopo:routepoint_id>1246500865</swisstopo:routepoint_id>
				</extensions>
			</trkpt>
			<trkpt lat="47.1635257252" lon="9.2768215972">
				<ele>1628.7</ele>
				<extensions>
					<swisstopo:routepoint_id>1957814657</swisstopo:routepoint_id>
				</extensions>
			</trkpt>
			<trkpt lat="47.1635783880" lon="9.2768625059">
				<ele>1626.8</ele>
				<extensions>
					<swisstopo:routepoint_id>592983991</swisstopo:routepoint_id>
				</extensions>
			</trkpt>
			<trkpt lat="47.1636116580" lon="9.2768660839">
				<ele>1625.8</ele>
				<extensions>
					<swisstopo:routepoint_id>1810581083</swisstopo:routepoint_id>
				</extensions>
			</trkpt>
			<trkpt lat="47.1636509298" lon="9.2769114154">
				<ele>1624.6</ele>
				<extensions>
					<swisstopo:routepoint_id>1666908714</swisstopo:routepoint_id>
				</extensions>
			</trkpt>
			<trkpt lat="47.1636841694" lon="9.2769174401">
				<ele>1623.8</ele>
				<extensions>
					<swisstopo:routepoint_id>1268120106</swisstopo:routepoint_id>
				</extensions>
			</trkpt>
			<trkpt lat="47.1637088238" lon="9.2769378177">
				<ele>1623.1</ele>
				<extensions>
					<swisstopo:routepoint_id>386333741</swisstopo:routepoint_id>
				</extensions>
			</trkpt>
			<trkpt lat="47.1637415650" lon="9.2768705474">
				<ele>1621.7</ele>
				<extensions>
					<swisstopo:routepoint_id>1224089943</swisstopo:routepoint_id>
				</extensions>
			</trkpt>
			<trkpt lat="47.1637586050" lon="9.2768467069">
				<ele>1621.2</ele>
				<extensions>
					<swisstopo:routepoint_id>442934635</swisstopo:routepoint_id>
				</extensions>
			</trkpt>
			<trkpt lat="47.1638135781" lon="9.2768485957">
				<ele>1620.4</ele>
				<extensions>
					<swisstopo:routepoint_id>677607468</swisstopo:routepoint_id>
				</extensions>
			</trkpt>
			<trkpt lat="47.1638549390" lon="9.2768671124">
				<ele>1620.1</ele>
				<extensions>
					<swisstopo:routepoint_id>1974135774</swisstopo:routepoint_id>
				</extensions>
			</trkpt>
			<trkpt lat="47.1639067615" lon="9.2768566671">
				<ele>1620.5</ele>
				<extensions>
					<swisstopo:routepoint_id>1368312550</swisstopo:routepoint_id>
				</extensions>
			</trkpt>
			<trkpt lat="47.1639768719" lon="9.2768493236">
				<ele>1620.7</ele>
				<extensions>
					<swisstopo:routepoint_id>1669565636</swisstopo:routepoint_id>
				</extensions>
			</trkpt>
			<trkpt lat="47.1640483695" lon="9.2768590977">
				<ele>1619.5</ele>
				<extensions>
					<swisstopo:routepoint_id>1673927848</swisstopo:routepoint_id>
				</extensions>
			</trkpt>
			<trkpt lat="47.1640882177" lon="9.2768677972">
				<ele>1619.5</ele>
				<extensions>
					<swisstopo:routepoint_id>1568259697</swisstopo:routepoint_id>
				</extensions>
			</trkpt>
			<trkpt lat="47.1641317151" lon="9.2768570787">
				<ele>1619.6</ele>
				<extensions>
					<swisstopo:routepoint_id>961075312</swisstopo:routepoint_id>
				</extensions>
			</trkpt>
			<trkpt lat="47.1642313294" lon="9.2768800448">
				<ele>1618.6</ele>
				<extensions>
					<swisstopo:routepoint_id>1333497972</swisstopo:routepoint_id>
				</extensions>
			</trkpt>
			<trkpt lat="47.1643061638" lon="9.2768899466">
				<ele>1617.7</ele>
				<extensions>
					<swisstopo:routepoint_id>165290049</swisstopo:routepoint_id>
				</extensions>
			</trkpt>
			<trkpt lat="47.1643244523" lon="9.2768930098">
				<ele>1617.8</ele>
				<extensions>
					<swisstopo:routepoint_id>466765220</swisstopo:routepoint_id>
				</extensions>
			</trkpt>
			<trkpt lat="47.1643967033" lon="9.2769590186">
				<ele>1618.1</ele>
				<extensions>
					<swisstopo:routepoint_id>190793113</swisstopo:routepoint_id>
				</extensions>
			</trkpt>
			<trkpt lat="47.1644012882" lon="9.2769860631">
				<ele>1617.8</ele>
				<extensions>
					<swisstopo:routepoint_id>256707648</swisstopo:routepoint_id>
				</extensions>
			</trkpt>
			<trkpt lat="47.1644226144" lon="9.2770063265">
				<ele>1617.3</ele>
				<extensions>
					<swisstopo:routepoint_id>1961333414</swisstopo:routepoint_id>
				</extensions>
			</trkpt>
			<trkpt lat="47.1644391472" lon="9.2770142381">
				<ele>1617.2</ele>
				<extensions>
					<swisstopo:routepoint_id>1926936082</swisstopo:routepoint_id>
				</extensions>
			</trkpt>
			<trkpt lat="47.1644686204" lon="9.2770470204">
				<ele>1617.3</ele>
				<extensions>
					<swisstopo:routepoint_id>505329760</swisstopo:routepoint_id>
				</extensions>
			</trkpt>
			<trkpt lat="47.1645581632" lon="9.2770745237">
				<ele>1618.5</ele>
				<extensions>
					<swisstopo:routepoint_id>958201059</swisstopo:routepoint_id>
				</extensions>
			</trkpt>
			<trkpt lat="47.1647013228" lon="9.2770843258">
				<ele>1619.8</ele>
				<extensions>
					<swisstopo:routepoint_id>1745438497</swisstopo:routepoint_id>
				</extensions>
			</trkpt>
			<trkpt lat="47.1647804428" lon="9.2771383582">
				<ele>1620.4</ele>
				<extensions>
					<swisstopo:routepoint_id>172086537</swisstopo:routepoint_id>
				</extensions>
			</trkpt>
			<trkpt lat="47.1648113115" lon="9.2771882848">
				<ele>1621.2</ele>
				<extensions>
					<swisstopo:routepoint_id>1614424226</swisstopo:routepoint_id>
				</extensions>
			</trkpt>
			<trkpt lat="47.1648940326" lon="9.2773303817">
				<ele>1622.0</ele>
				<extensions>
					<swisstopo:routepoint_id>1706378952</swisstopo:routepoint_id>
				</extensions>
			</trkpt>
			<trkpt lat="47.1649356090" lon="9.2774393336">
				<ele>1621.1</ele>
				<extensions>
					<swisstopo:routepoint_id>1302621210</swisstopo:routepoint_id>
				</extensions>
			</trkpt>
			<trkpt lat="47.1649628285" lon="9.2775614484">
				<ele>1621.3</ele>
				<extensions>
					<swisstopo:routepoint_id>985464182</swisstopo:routepoint_id>
				</extensions>
			</trkpt>
			<trkpt lat="47.1649707310" lon="9.2776629432">
				<ele>1620.8</ele>
				<extensions>
					<swisstopo:routepoint_id>1275107085</swisstopo:routepoint_id>
				</extensions>
			</trkpt>
			<trkpt lat="47.1649742082" lon="9.2777433508">
				<ele>1620.7</ele>
				<extensions>
					<swisstopo:routepoint_id>1492849798</swisstopo:routepoint_id>
				</extensions>
			</trkpt>
			<trkpt lat="47.1649791777" lon="9.2778046008">
				<ele>1620.4</ele>
				<extensions>
					<swisstopo:routepoint_id>117384592</swisstopo:routepoint_id>
				</extensions>
			</trkpt>
			<trkpt lat="47.1649885254" lon="9.2778904280">
				<ele>1620.1</ele>
				<extensions>
					<swisstopo:routepoint_id>805489040</swisstopo:routepoint_id>
				</extensions>
			</trkpt>
			<trkpt lat="47.1649950938" lon="9.2780006119">
				<ele>1619.1</ele>
				<extensions>
					<swisstopo:routepoint_id>1861447448</swisstopo:routepoint_id>
				</extensions>
			</trkpt>
			<trkpt lat="47.1649893026" lon="9.2780649833">
				<ele>1618.6</ele>
				<extensions>
					<swisstopo:routepoint_id>1800562475</swisstopo:routepoint_id>
				</extensions>
			</trkpt>
			<trkpt lat="47.1649882149" lon="9.2781330208">
				<ele>1617.8</ele>
				<extensions>
					<swisstopo:routepoint_id>809805702</swisstopo:routepoint_id>
				</extensions>
			</trkpt>
			<trkpt lat="47.1649976460" lon="9.2782136202">
				<ele>1617.0</ele>
				<extensions>
					<swisstopo:routepoint_id>1635161423</swisstopo:routepoint_id>
				</extensions>
			</trkpt>
			<trkpt lat="47.1650045520" lon="9.2782850760">
				<ele>1617.7</ele>
				<extensions>
					<swisstopo:routepoint_id>1325616143</swisstopo:routepoint_id>
				</extensions>
			</trkpt>
			<trkpt lat="47.1650189567" lon="9.2783518941">
				<ele>1618.4</ele>
				<extensions>
					<swisstopo:routepoint_id>1663046664</swisstopo:routepoint_id>
				</extensions>
			</trkpt>
			<trkpt lat="47.1650047845" lon="9.2784194686">
				<ele>1618.8</ele>
				<extensions>
					<swisstopo:routepoint_id>371407778</swisstopo:routepoint_id>
				</extensions>
			</trkpt>
			<trkpt lat="47.1649975515" lon="9.2785745398">
				<ele>1618.7</ele>
				<extensions>
					<swisstopo:routepoint_id>1311230356</swisstopo:routepoint_id>
				</extensions>
			</trkpt>
			<trkpt lat="47.1650154656" lon="9.2786449700">
				<ele>1619.4</ele>
				<extensions>
					<swisstopo:routepoint_id>1186707435</swisstopo:routepoint_id>
				</extensions>
			</trkpt>
			<trkpt lat="47.1650485181" lon="9.2787368689">
				<ele>1619.4</ele>
				<extensions>
					<swisstopo:routepoint_id>1360854855</swisstopo:routepoint_id>
				</extensions>
			</trkpt>
			<trkpt lat="47.1650642060" lon="9.2788717805">
				<ele>1620.0</ele>
				<extensions>
					<swisstopo:routepoint_id>1293017664</swisstopo:routepoint_id>
				</extensions>
			</trkpt>
			<trkpt lat="47.1650815149" lon="9.2789805950">
				<ele>1620.0</ele>
				<extensions>
					<swisstopo:routepoint_id>1041044939</swisstopo:routepoint_id>
				</extensions>
			</trkpt>
			<trkpt lat="47.1651111884" lon="9.2790601519">
				<ele>1619.9</ele>
				<extensions>
					<swisstopo:routepoint_id>1799108157</swisstopo:routepoint_id>
				</extensions>
			</trkpt>
			<trkpt lat="47.1651490195" lon="9.2791504635">
				<ele>1619.1</ele>
				<extensions>
					<swisstopo:routepoint_id>2003590331</swisstopo:routepoint_id>
				</extensions>
			</trkpt>
			<trkpt lat="47.1651867758" lon="9.2792459906">
				<ele>1618.6</ele>
				<extensions>
					<swisstopo:routepoint_id>1942654696</swisstopo:routepoint_id>
				</extensions>
			</trkpt>
			<trkpt lat="47.1652242796" lon="9.2793259975">
				<ele>1617.9</ele>
				<extensions>
					<swisstopo:routepoint_id>1004157146</swisstopo:routepoint_id>
				</extensions>
			</trkpt>
			<trkpt lat="47.1652232614" lon="9.2793550400">
				<ele>1618.1</ele>
				<extensions>
					<swisstopo:routepoint_id>614648688</swisstopo:routepoint_id>
				</extensions>
			</trkpt>
			<trkpt lat="47.1652272639" lon="9.2794508746">
				<ele>1618.3</ele>
				<extensions>
					<swisstopo:routepoint_id>1182066155</swisstopo:routepoint_id>
				</extensions>
			</trkpt>
			<trkpt lat="47.1652358487" lon="9.2796095696">
				<ele>1618.5</ele>
				<extensions>
					<swisstopo:routepoint_id>897549069</swisstopo:routepoint_id>
				</extensions>
			</trkpt>
			<trkpt lat="47.1652492067" lon="9.2797126574">
				<ele>1618.3</ele>
				<extensions>
					<swisstopo:routepoint_id>1862602884</swisstopo:routepoint_id>
				</extensions>
			</trkpt>
			<trkpt lat="47.1652694382" lon="9.2798013077">
				<ele>1617.7</ele>
				<extensions>
					<swisstopo:routepoint_id>1990816792</swisstopo:routepoint_id>
				</extensions>
			</trkpt>
			<trkpt lat="47.1652945361" lon="9.2798999169">
				<ele>1616.9</ele>
				<extensions>
					<swisstopo:routepoint_id>751552457</swisstopo:routepoint_id>
				</extensions>
			</trkpt>
			<trkpt lat="47.1653261558" lon="9.2800060683">
				<ele>1616.1</ele>
				<extensions>
					<swisstopo:routepoint_id>1728304597</swisstopo:routepoint_id>
				</extensions>
			</trkpt>
			<trkpt lat="47.1653642542" lon="9.2801246562">
				<ele>1615.2</ele>
				<extensions>
					<swisstopo:routepoint_id>1946599285</swisstopo:routepoint_id>
				</extensions>
			</trkpt>
			<trkpt lat="47.1654005664" lon="9.2802505263">
				<ele>1614.1</ele>
				<extensions>
					<swisstopo:routepoint_id>550051539</swisstopo:routepoint_id>
				</extensions>
			</trkpt>
			<trkpt lat="47.1654579389" lon="9.2804137746">
				<ele>1612.0</ele>
				<extensions>
					<swisstopo:routepoint_id>388846480</swisstopo:routepoint_id>
				</extensions>
			</trkpt>
			<trkpt lat="47.1654976185" lon="9.2805373004">
				<ele>1611.0</ele>
				<extensions>
					<swisstopo:routepoint_id>1511451949</swisstopo:routepoint_id>
				</extensions>
			</trkpt>
			<trkpt lat="47.1655278603" lon="9.2806262960">
				<ele>1610.7</ele>
				<extensions>
					<swisstopo:routepoint_id>1639547458</swisstopo:routepoint_id>
				</extensions>
			</trkpt>
			<trkpt lat="47.1655697553" lon="9.2807157060">
				<ele>1610.3</ele>
				<extensions>
					<swisstopo:routepoint_id>1204487440</swisstopo:routepoint_id>
				</extensions>
			</trkpt>
			<trkpt lat="47.1656133491" lon="9.2808027139">
				<ele>1609.4</ele>
				<extensions>
					<swisstopo:routepoint_id>165282373</swisstopo:routepoint_id>
				</extensions>
			</trkpt>
			<trkpt lat="47.1656683486" lon="9.2809072366">
				<ele>1608.1</ele>
				<extensions>
					<swisstopo:routepoint_id>1275824924</swisstopo:routepoint_id>
				</extensions>
			</trkpt>
			<trkpt lat="47.1657087314" lon="9.2809868036">
				<ele>1607.1</ele>
				<extensions>
					<swisstopo:routepoint_id>1397658830</swisstopo:routepoint_id>
				</extensions>
			</trkpt>
			<trkpt lat="47.1657277712" lon="9.2810461045">
				<ele>1606.5</ele>
				<extensions>
					<swisstopo:routepoint_id>853224607</swisstopo:routepoint_id>
				</extensions>
			</trkpt>
			<trkpt lat="47.1657415971" lon="9.2811198871">
				<ele>1605.9</ele>
				<extensions>
					<swisstopo:routepoint_id>1498574489</swisstopo:routepoint_id>
				</extensions>
			</trkpt>
			<trkpt lat="47.1657389508" lon="9.2811809019">
				<ele>1605.4</ele>
				<extensions>
					<swisstopo:routepoint_id>1980445506</swisstopo:routepoint_id>
				</extensions>
			</trkpt>
			<trkpt lat="47.1657164742" lon="9.2812314293">
				<ele>1604.8</ele>
				<extensions>
					<swisstopo:routepoint_id>602440552</swisstopo:routepoint_id>
				</extensions>
			</trkpt>
			<trkpt lat="47.1656858291" lon="9.2812718971">
				<ele>1604.1</ele>
				<extensions>
					<swisstopo:routepoint_id>105576482</swisstopo:routepoint_id>
				</extensions>
			</trkpt>
			<trkpt lat="47.1656300524" lon="9.2813212904">
				<ele>1603.4</ele>
				<extensions>
					<swisstopo:routepoint_id>409135968</swisstopo:routepoint_id>
				</extensions>
			</trkpt>
			<trkpt lat="47.1655791553" lon="9.2813781695">
				<ele>1602.7</ele>
				<extensions>
					<swisstopo:routepoint_id>2084515818</swisstopo:routepoint_id>
				</extensions>
			</trkpt>
			<trkpt lat="47.1655550878" lon="9.2814237849">
				<ele>1602.3</ele>
				<extensions>
					<swisstopo:routepoint_id>11751385</swisstopo:routepoint_id>
				</extensions>
			</trkpt>
			<trkpt lat="47.1655527153" lon="9.2814676869">
				<ele>1602.1</ele>
				<extensions>
					<swisstopo:routepoint_id>1950458120</swisstopo:routepoint_id>
				</extensions>
			</trkpt>
			<trkpt lat="47.1655618096" lon="9.2815241845">
				<ele>1601.9</ele>
				<extensions>
					<swisstopo:routepoint_id>513253096</swisstopo:routepoint_id>
				</extensions>
			</trkpt>
			<trkpt lat="47.1655887918" lon="9.2816081858">
				<ele>1601.3</ele>
				<extensions>
					<swisstopo:routepoint_id>1322099515</swisstopo:routepoint_id>
				</extensions>
			</trkpt>
			<trkpt lat="47.1656385807" lon="9.2817247434">
				<ele>1600.0</ele>
				<extensions>
					<swisstopo:routepoint_id>1533740008</swisstopo:routepoint_id>
				</extensions>
			</trkpt>
			<trkpt lat="47.1656723543" lon="9.2818016483">
				<ele>1599.1</ele>
				<extensions>
					<swisstopo:routepoint_id>1478171272</swisstopo:routepoint_id>
				</extensions>
			</trkpt>
			<trkpt lat="47.1657130492" lon="9.2818616954">
				<ele>1598.4</ele>
				<extensions>
					<swisstopo:routepoint_id>468248840</swisstopo:routepoint_id>
				</extensions>
			</trkpt>
			<trkpt lat="47.1657476264" lon="9.2818873265">
				<ele>1597.9</ele>
				<extensions>
					<swisstopo:routepoint_id>30054555</swisstopo:routepoint_id>
				</extensions>
			</trkpt>
			<trkpt lat="47.1657891518" lon="9.2818960750">
				<ele>1597.8</ele>
				<extensions>
					<swisstopo:routepoint_id>788106693</swisstopo:routepoint_id>
				</extensions>
			</trkpt>
			<trkpt lat="47.1658359776" lon="9.2818854878">
				<ele>1597.4</ele>
				<extensions>
					<swisstopo:routepoint_id>1105157028</swisstopo:routepoint_id>
				</extensions>
			</trkpt>
			<trkpt lat="47.1659264669" lon="9.2818543871">
				<ele>1596.6</ele>
				<extensions>
					<swisstopo:routepoint_id>97173364</swisstopo:routepoint_id>
				</extensions>
			</trkpt>
			<trkpt lat="47.1660001405" lon="9.2818325112">
				<ele>1595.5</ele>
				<extensions>
					<swisstopo:routepoint_id>1270837718</swisstopo:routepoint_id>
				</extensions>
			</trkpt>
			<trkpt lat="47.1660737487" lon="9.2817960619">
				<ele>1594.0</ele>
				<extensions>
					<swisstopo:routepoint_id>1514826529</swisstopo:routepoint_id>
				</extensions>
			</trkpt>
			<trkpt lat="47.1661535747" lon="9.2817428076">
				<ele>1593.3</ele>
				<extensions>
					<swisstopo:routepoint_id>563697578</swisstopo:routepoint_id>
				</extensions>
			</trkpt>
			<trkpt lat="47.1662147169" lon="9.2817161064">
				<ele>1593.1</ele>
				<extensions>
					<swisstopo:routepoint_id>177638244</swisstopo:routepoint_id>
				</extensions>
			</trkpt>
			<trkpt lat="47.1662741931" lon="9.2816815147">
				<ele>1593.0</ele>
				<extensions>
					<swisstopo:routepoint_id>1050050470</swisstopo:routepoint_id>
				</extensions>
			</trkpt>
			<trkpt lat="47.1663157240" lon="9.2816515226">
				<ele>1593.1</ele>
				<extensions>
					<swisstopo:routepoint_id>1224512753</swisstopo:routepoint_id>
				</extensions>
			</trkpt>
			<trkpt lat="47.1663467352" lon="9.2816106937">
				<ele>1593.0</ele>
				<extensions>
					<swisstopo:routepoint_id>967571291</swisstopo:routepoint_id>
				</extensions>
			</trkpt>
			<trkpt lat="47.1663710586" lon="9.2815408653">
				<ele>1592.7</ele>
				<extensions>
					<swisstopo:routepoint_id>644800979</swisstopo:routepoint_id>
				</extensions>
			</trkpt>
			<trkpt lat="47.1664072358" lon="9.2814007532">
				<ele>1591.0</ele>
				<extensions>
					<swisstopo:routepoint_id>2002116146</swisstopo:routepoint_id>
				</extensions>
			</trkpt>
			<trkpt lat="47.1664467095" lon="9.2812764466">
				<ele>1589.3</ele>
				<extensions>
					<swisstopo:routepoint_id>1349531559</swisstopo:routepoint_id>
				</extensions>
			</trkpt>
			<trkpt lat="47.1664693429" lon="9.2812013034">
				<ele>1588.6</ele>
				<extensions>
					<swisstopo:routepoint_id>700660580</swisstopo:routepoint_id>
				</extensions>
			</trkpt>
			<trkpt lat="47.1664740396" lon="9.2811307729">
				<ele>1587.9</ele>
				<extensions>
					<swisstopo:routepoint_id>1308055617</swisstopo:routepoint_id>
				</extensions>
			</trkpt>
			<trkpt lat="47.1664803600" lon="9.2810707729">
				<ele>1587.4</ele>
				<extensions>
					<swisstopo:routepoint_id>2074091903</swisstopo:routepoint_id>
				</extensions>
			</trkpt>
			<trkpt lat="47.1665023980" lon="9.2810322627">
				<ele>1587.3</ele>
				<extensions>
					<swisstopo:routepoint_id>1268144333</swisstopo:routepoint_id>
				</extensions>
			</trkpt>
			<trkpt lat="47.1665330736" lon="9.2810123833">
				<ele>1587.2</ele>
				<extensions>
					<swisstopo:routepoint_id>2136698381</swisstopo:routepoint_id>
				</extensions>
			</trkpt>
			<trkpt lat="47.1665762790" lon="9.2809902943">
				<ele>1587.2</ele>
				<extensions>
					<swisstopo:routepoint_id>1626296250</swisstopo:routepoint_id>
				</extensions>
			</trkpt>
			<trkpt lat="47.1666216014" lon="9.2809473679">
				<ele>1587.3</ele>
				<extensions>
					<swisstopo:routepoint_id>1395635312</swisstopo:routepoint_id>
				</extensions>
			</trkpt>
			<trkpt lat="47.1666831866" lon="9.2808918990">
				<ele>1586.8</ele>
				<extensions>
					<swisstopo:routepoint_id>2069625053</swisstopo:routepoint_id>
				</extensions>
			</trkpt>
			<trkpt lat="47.1667465718" lon="9.2808364919">
				<ele>1586.0</ele>
				<extensions>
					<swisstopo:routepoint_id>771234214</swisstopo:routepoint_id>
				</extensions>
			</trkpt>
			<trkpt lat="47.1668084173" lon="9.2807653007">
				<ele>1584.9</ele>
				<extensions>
					<swisstopo:routepoint_id>2115969562</swisstopo:routepoint_id>
				</extensions>
			</trkpt>
			<trkpt lat="47.1668832106" lon="9.2806657730">
				<ele>1582.8</ele>
				<extensions>
					<swisstopo:routepoint_id>1544775735</swisstopo:routepoint_id>
				</extensions>
			</trkpt>
			<trkpt lat="47.1669650176" lon="9.2805743457">
				<ele>1580.8</ele>
				<extensions>
					<swisstopo:routepoint_id>618258503</swisstopo:routepoint_id>
				</extensions>
			</trkpt>
			<trkpt lat="47.1670520559" lon="9.2804909443">
				<ele>1579.8</ele>
				<extensions>
					<swisstopo:routepoint_id>1616878463</swisstopo:routepoint_id>
				</extensions>
			</trkpt>
			<trkpt lat="47.1671154740" lon="9.2804329221">
				<ele>1579.5</ele>
				<extensions>
					<swisstopo:routepoint_id>1776782114</swisstopo:routepoint_id>
				</extensions>
			</trkpt>
			<trkpt lat="47.1671682292" lon="9.2803719044">
				<ele>1578.9</ele>
				<extensions>
					<swisstopo:routepoint_id>1009641523</swisstopo:routepoint_id>
				</extensions>
			</trkpt>
			<trkpt lat="47.1672103546" lon="9.2803052898">
				<ele>1578.2</ele>
				<extensions>
					<swisstopo:routepoint_id>348625277</swisstopo:routepoint_id>
				</extensions>
			</trkpt>
			<trkpt lat="47.1672493333" lon="9.2802123869">
				<ele>1577.2</ele>
				<extensions>
					<swisstopo:routepoint_id>1323750771</swisstopo:routepoint_id>
				</extensions>
			</trkpt>
			<trkpt lat="47.1672956940" lon="9.2801040200">
				<ele>1576.3</ele>
				<extensions>
					<swisstopo:routepoint_id>326539208</swisstopo:routepoint_id>
				</extensions>
			</trkpt>
			<trkpt lat="47.1673380461" lon="9.2800243229">
				<ele>1575.7</ele>
				<extensions>
					<swisstopo:routepoint_id>590075922</swisstopo:routepoint_id>
				</extensions>
			</trkpt>
			<trkpt lat="47.1673695082" lon="9.2799547254">
				<ele>1575.1</ele>
				<extensions>
					<swisstopo:routepoint_id>1339609010</swisstopo:routepoint_id>
				</extensions>
			</trkpt>
			<trkpt lat="47.1673997320" lon="9.2798510463">
				<ele>1573.5</ele>
				<extensions>
					<swisstopo:routepoint_id>1433183566</swisstopo:routepoint_id>
				</extensions>
			</trkpt>
			<trkpt lat="47.1674206570" lon="9.2797705986">
				<ele>1572.5</ele>
				<extensions>
					<swisstopo:routepoint_id>327951224</swisstopo:routepoint_id>
				</extensions>
			</trkpt>
			<trkpt lat="47.1674394639" lon="9.2797110398">
				<ele>1571.9</ele>
				<extensions>
					<swisstopo:routepoint_id>1565368603</swisstopo:routepoint_id>
				</extensions>
			</trkpt>
			<trkpt lat="47.1674705997" lon="9.2796623799">
				<ele>1571.4</ele>
				<extensions>
					<swisstopo:routepoint_id>756638070</swisstopo:routepoint_id>
				</extensions>
			</trkpt>
			<trkpt lat="47.1675052506" lon="9.2796164305">
				<ele>1570.8</ele>
				<extensions>
					<swisstopo:routepoint_id>1301542516</swisstopo:routepoint_id>
				</extensions>
			</trkpt>
			<trkpt lat="47.1675367213" lon="9.2795468329">
				<ele>1569.9</ele>
				<extensions>
					<swisstopo:routepoint_id>1726165177</swisstopo:routepoint_id>
				</extensions>
			</trkpt>
			<trkpt lat="47.1675612199" lon="9.2794665207">
				<ele>1569.1</ele>
				<extensions>
					<swisstopo:routepoint_id>1358459262</swisstopo:routepoint_id>
				</extensions>
			</trkpt>
			<trkpt lat="47.1675766201" lon="9.2793963699">
				<ele>1568.3</ele>
				<extensions>
					<swisstopo:routepoint_id>1613728175</swisstopo:routepoint_id>
				</extensions>
			</trkpt>
			<trkpt lat="47.1675917361" lon="9.2793445301">
				<ele>1567.7</ele>
				<extensions>
					<swisstopo:routepoint_id>1906599466</swisstopo:routepoint_id>
				</extensions>
			</trkpt>
			<trkpt lat="47.1676137407" lon="9.2793086199">
				<ele>1567.3</ele>
				<extensions>
					<swisstopo:routepoint_id>1142916662</swisstopo:routepoint_id>
				</extensions>
			</trkpt>
			<trkpt lat="47.1676391251" lon="9.2792833391">
				<ele>1567.2</ele>
				<extensions>
					<swisstopo:routepoint_id>2080598509</swisstopo:routepoint_id>
				</extensions>
			</trkpt>
			<trkpt lat="47.1676750739" lon="9.2792688448">
				<ele>1566.9</ele>
				<extensions>
					<swisstopo:routepoint_id>591841338</swisstopo:routepoint_id>
				</extensions>
			</trkpt>
			<trkpt lat="47.1677699448" lon="9.2792538010">
				<ele>1566.3</ele>
				<extensions>
					<swisstopo:routepoint_id>42455906</swisstopo:routepoint_id>
				</extensions>
			</trkpt>
			<trkpt lat="47.1678808602" lon="9.2792392833">
				<ele>1566.0</ele>
				<extensions>
					<swisstopo:routepoint_id>929807875</swisstopo:routepoint_id>
				</extensions>
			</trkpt>
			<trkpt lat="47.1679882609" lon="9.2792220292">
				<ele>1566.2</ele>
				<extensions>
					<swisstopo:routepoint_id>586406394</swisstopo:routepoint_id>
				</extensions>
			</trkpt>
			<trkpt lat="47.1680475273" lon="9.2792005035">
				<ele>1566.3</ele>
				<extensions>
					<swisstopo:routepoint_id>1093006576</swisstopo:routepoint_id>
				</extensions>
			</trkpt>
			<trkpt lat="47.1681123596" lon="9.2791660793">
				<ele>1566.9</ele>
				<extensions>
					<swisstopo:routepoint_id>956574974</swisstopo:routepoint_id>
				</extensions>
			</trkpt>
			<trkpt lat="47.1681663108" lon="9.2791417681">
				<ele>1567.2</ele>
				<extensions>
					<swisstopo:routepoint_id>2110230797</swisstopo:routepoint_id>
				</extensions>
			</trkpt>
			<trkpt lat="47.1682221286" lon="9.2791122645">
				<ele>1567.2</ele>
				<extensions>
					<swisstopo:routepoint_id>719744043</swisstopo:routepoint_id>
				</extensions>
			</trkpt>
			<trkpt lat="47.1682671581" lon="9.2790876205">
				<ele>1567.1</ele>
				<extensions>
					<swisstopo:routepoint_id>1424330336</swisstopo:routepoint_id>
				</extensions>
			</trkpt>
			<trkpt lat="47.1683087471" lon="9.2790550375">
				<ele>1567.1</ele>
				<extensions>
					<swisstopo:routepoint_id>1782392677</swisstopo:routepoint_id>
				</extensions>
			</trkpt>
			<trkpt lat="47.1683757300" lon="9.2789971219">
				<ele>1567.0</ele>
				<extensions>
					<swisstopo:routepoint_id>763678507</swisstopo:routepoint_id>
				</extensions>
			</trkpt>
			<trkpt lat="47.1684591928" lon="9.2789136057">
				<ele>1566.4</ele>
				<extensions>
					<swisstopo:routepoint_id>1883166399</swisstopo:routepoint_id>
				</extensions>
			</trkpt>
			<trkpt lat="47.1685388811" lon="9.2788430368">
				<ele>1565.8</ele>
				<extensions>
					<swisstopo:routepoint_id>171583639</swisstopo:routepoint_id>
				</extensions>
			</trkpt>
			<trkpt lat="47.1686402718" lon="9.2787548929">
				<ele>1564.4</ele>
				<extensions>
					<swisstopo:routepoint_id>1650711776</swisstopo:routepoint_id>
				</extensions>
			</trkpt>
			<trkpt lat="47.1687596829" lon="9.2786568937">
				<ele>1563.4</ele>
				<extensions>
					<swisstopo:routepoint_id>1393592394</swisstopo:routepoint_id>
				</extensions>
			</trkpt>
			<trkpt lat="47.1688739827" lon="9.2785708294">
				<ele>1562.7</ele>
				<extensions>
					<swisstopo:routepoint_id>1754280751</swisstopo:routepoint_id>
				</extensions>
			</trkpt>
			<trkpt lat="47.1688498779" lon="9.2783946344">
				<ele>1562.7</ele>
				<extensions>
					<swisstopo:routepoint_id>1347216896</swisstopo:routepoint_id>
				</extensions>
			</trkpt>
			<trkpt lat="47.1688231766" lon="9.2781884721">
				<ele>1562.7</ele>
				<extensions>
					<swisstopo:routepoint_id>313507741</swisstopo:routepoint_id>
				</extensions>
			</trkpt>
			<trkpt lat="47.1687985039" lon="9.2779603737">
				<ele>1562.6</ele>
				<extensions>
					<swisstopo:routepoint_id>1588366914</swisstopo:routepoint_id>
				</extensions>
			</trkpt>
			<trkpt lat="47.1687579738" lon="9.2776804259">
				<ele>1562.3</ele>
				<extensions>
					<swisstopo:routepoint_id>2038332094</swisstopo:routepoint_id>
				</extensions>
			</trkpt>
			<trkpt lat="47.1687300499" lon="9.2774473203">
				<ele>1562.0</ele>
				<extensions>
					<swisstopo:routepoint_id>693162946</swisstopo:routepoint_id>
				</extensions>
			</trkpt>
			<trkpt lat="47.1687076326" lon="9.2772852925">
				<ele>1561.6</ele>
				<extensions>
					<swisstopo:routepoint_id>841683105</swisstopo:routepoint_id>
				</extensions>
			</trkpt>
			<trkpt lat="47.1686856620" lon="9.2770963783">
				<ele>1561.3</ele>
				<extensions>
					<swisstopo:routepoint_id>514720403</swisstopo:routepoint_id>
				</extensions>
			</trkpt>
			<trkpt lat="47.1687743642" lon="9.2770725504">
				<ele>1560.8</ele>
				<extensions>
					<swisstopo:routepoint_id>769097328</swisstopo:routepoint_id>
				</extensions>
			</trkpt>
			<trkpt lat="47.1689933638" lon="9.2770287460">
				<ele>1559.7</ele>
				<extensions>
					<swisstopo:routepoint_id>1611009872</swisstopo:routepoint_id>
				</extensions>
			</trkpt>
			<trkpt lat="47.1693058579" lon="9.2769735175">
				<ele>1558.2</ele>
				<extensions>
					<swisstopo:routepoint_id>883391769</swisstopo:routepoint_id>
				</extensions>
			</trkpt>
			<trkpt lat="47.1695414201" lon="9.2769351903">
				<ele>1558.7</ele>
				<extensions>
					<swisstopo:routepoint_id>65216877</swisstopo:routepoint_id>
				</extensions>
			</trkpt>
			<trkpt lat="47.1696483240" lon="9.2769193055">
				<ele>1558.7</ele>
				<extensions>
					<swisstopo:routepoint_id>1068187571</swisstopo:routepoint_id>
				</extensions>
			</trkpt>
			<trkpt lat="47.1696244499" lon="9.2767450108">
				<ele>1558.0</ele>
				<extensions>
					<swisstopo:routepoint_id>1472777099</swisstopo:routepoint_id>
				</extensions>
			</trkpt>
			<trkpt lat="47.1695871285" lon="9.2765775597">
				<ele>1556.4</ele>
				<extensions>
					<swisstopo:routepoint_id>269816788</swisstopo:routepoint_id>
				</extensions>
			</trkpt>
			<trkpt lat="47.1695626518" lon="9.2765449461">
				<ele>1556.2</ele>
				<extensions>
					<swisstopo:routepoint_id>328776417</swisstopo:routepoint_id>
				</extensions>
			</trkpt>
			<trkpt lat="47.1695602685" lon="9.2764862149">
				<ele>1555.7</ele>
				<extensions>
					<swisstopo:routepoint_id>655112598</swisstopo:routepoint_id>
				</extensions>
			</trkpt>
			<trkpt lat="47.1695430811" lon="9.2764147608">
				<ele>1555.3</ele>
				<extensions>
					<swisstopo:routepoint_id>520586868</swisstopo:routepoint_id>
				</extensions>
			</trkpt>
			<trkpt lat="47.1695056637" lon="9.2763572742">
				<ele>1554.7</ele>
				<extensions>
					<swisstopo:routepoint_id>385905944</swisstopo:routepoint_id>
				</extensions>
			</trkpt>
			<trkpt lat="47.1694669075" lon="9.2762801962">
				<ele>1553.4</ele>
				<extensions>
					<swisstopo:routepoint_id>738296330</swisstopo:routepoint_id>
				</extensions>
			</trkpt>
			<trkpt lat="47.1694476525" lon="9.2762331127">
				<ele>1553.1</ele>
				<extensions>
					<swisstopo:routepoint_id>1043567397</swisstopo:routepoint_id>
				</extensions>
			</trkpt>
			<trkpt lat="47.1694419320" lon="9.2761742672">
				<ele>1552.6</ele>
				<extensions>
					<swisstopo:routepoint_id>1680918126</swisstopo:routepoint_id>
				</extensions>
			</trkpt>
			<trkpt lat="47.1694296241" lon="9.2761103121">
				<ele>1552.1</ele>
				<extensions>
					<swisstopo:routepoint_id>1594070293</swisstopo:routepoint_id>
				</extensions>
			</trkpt>
			<trkpt lat="47.1694189369" lon="9.2760488607">
				<ele>1551.2</ele>
				<extensions>
					<swisstopo:routepoint_id>1688233951</swisstopo:routepoint_id>
				</extensions>
			</trkpt>
			<trkpt lat="47.1694149151" lon="9.2759876254">
				<ele>1550.7</ele>
				<extensions>
					<swisstopo:routepoint_id>76381030</swisstopo:routepoint_id>
				</extensions>
			</trkpt>
			<trkpt lat="47.1694294153" lon="9.2759148249">
				<ele>1549.3</ele>
				<extensions>
					<swisstopo:routepoint_id>918821401</swisstopo:routepoint_id>
				</extensions>
			</trkpt>
			<trkpt lat="47.1694458784" lon="9.2758225335">
				<ele>1547.8</ele>
				<extensions>
					<swisstopo:routepoint_id>104573121</swisstopo:routepoint_id>
				</extensions>
			</trkpt>
			<trkpt lat="47.1694505712" lon="9.2757371690">
				<ele>1547.5</ele>
				<extensions>
					<swisstopo:routepoint_id>791305456</swisstopo:routepoint_id>
				</extensions>
			</trkpt>
			<trkpt lat="47.1694387786" lon="9.2756414720">
				<ele>1546.4</ele>
				<extensions>
					<swisstopo:routepoint_id>1825031251</swisstopo:routepoint_id>
				</extensions>
			</trkpt>
			<trkpt lat="47.1694201082" lon="9.2755577531">
				<ele>1546.8</ele>
				<extensions>
					<swisstopo:routepoint_id>1691314249</swisstopo:routepoint_id>
				</extensions>
			</trkpt>
			<trkpt lat="47.1693883198" lon="9.2754613569">
				<ele>1546.1</ele>
				<extensions>
					<swisstopo:routepoint_id>1035574391</swisstopo:routepoint_id>
				</extensions>
			</trkpt>
			<trkpt lat="47.1693643195" lon="9.2753994357">
				<ele>1545.6</ele>
				<extensions>
					<swisstopo:routepoint_id>1891104513</swisstopo:routepoint_id>
				</extensions>
			</trkpt>
			<trkpt lat="47.1693313223" lon="9.2753787703">
				<ele>1545.7</ele>
				<extensions>
					<swisstopo:routepoint_id>512099606</swisstopo:routepoint_id>
				</extensions>
			</trkpt>
			<trkpt lat="47.1692868192" lon="9.2753479178">
				<ele>1546.0</ele>
				<extensions>
					<swisstopo:routepoint_id>282153626</swisstopo:routepoint_id>
				</extensions>
			</trkpt>
			<trkpt lat="47.1692673690" lon="9.2753130424">
				<ele>1545.8</ele>
				<extensions>
					<swisstopo:routepoint_id>1940124582</swisstopo:routepoint_id>
				</extensions>
			</trkpt>
			<trkpt lat="47.1692552254" lon="9.2752393144">
				<ele>1544.7</ele>
				<extensions>
					<swisstopo:routepoint_id>20175823</swisstopo:routepoint_id>
				</extensions>
			</trkpt>
			<trkpt lat="47.1692349729" lon="9.2751506586">
				<ele>1544.5</ele>
				<extensions>
					<swisstopo:routepoint_id>1678429545</swisstopo:routepoint_id>
				</extensions>
			</trkpt>
			<trkpt lat="47.1692023962" lon="9.2751030927">
				<ele>1545.3</ele>
				<extensions>
					<swisstopo:routepoint_id>416640395</swisstopo:routepoint_id>
				</extensions>
			</trkpt>
			<trkpt lat="47.1691530998" lon="9.2750598746">
				<ele>1545.5</ele>
				<extensions>
					<swisstopo:routepoint_id>8585592</swisstopo:routepoint_id>
				</extensions>
			</trkpt>
			<trkpt lat="47.1691322326" lon="9.2750102757">
				<ele>1545.7</ele>
				<extensions>
					<swisstopo:routepoint_id>924694933</swisstopo:routepoint_id>
				</extensions>
			</trkpt>
			<trkpt lat="47.1690909958" lon="9.2748793486">
				<ele>1545.3</ele>
				<extensions>
					<swisstopo:routepoint_id>630487833</swisstopo:routepoint_id>
				</extensions>
			</trkpt>
			<trkpt lat="47.1690560343" lon="9.2747730782">
				<ele>1544.5</ele>
				<extensions>
					<swisstopo:routepoint_id>2009398365</swisstopo:routepoint_id>
				</extensions>
			</trkpt>
			<trkpt lat="47.1690108097" lon="9.2746833596">
				<ele>1544.1</ele>
				<extensions>
					<swisstopo:routepoint_id>355840059</swisstopo:routepoint_id>
				</extensions>
			</trkpt>
			<trkpt lat="47.1690221249" lon="9.2746179357">
				<ele>1543.9</ele>
				<extensions>
					<swisstopo:routepoint_id>330825906</swisstopo:routepoint_id>
				</extensions>
			</trkpt>
			<trkpt lat="47.1690230684" lon="9.2745587913">
				<ele>1543.7</ele>
				<extensions>
					<swisstopo:routepoint_id>1603956271</swisstopo:routepoint_id>
				</extensions>
			</trkpt>
			<trkpt lat="47.1690188758" lon="9.2744905933">
				<ele>1543.6</ele>
				<extensions>
					<swisstopo:routepoint_id>278129849</swisstopo:routepoint_id>
				</extensions>
			</trkpt>
			<trkpt lat="47.1690081877" lon="9.2744291427">
				<ele>1543.5</ele>
				<extensions>
					<swisstopo:routepoint_id>701619018</swisstopo:routepoint_id>
				</extensions>
			</trkpt>
			<trkpt lat="47.1690042907" lon="9.2743605813">
				<ele>1543.2</ele>
				<extensions>
					<swisstopo:routepoint_id>802968338</swisstopo:routepoint_id>
				</extensions>
			</trkpt>
			<trkpt lat="47.1690089426" lon="9.2741989417">
				<ele>1542.7</ele>
				<extensions>
					<swisstopo:routepoint_id>2106771782</swisstopo:routepoint_id>
				</extensions>
			</trkpt>
			<trkpt lat="47.1689805443" lon="9.2741064256">
				<ele>1541.9</ele>
				<extensions>
					<swisstopo:routepoint_id>1365509432</swisstopo:routepoint_id>
				</extensions>
			</trkpt>
			<trkpt lat="47.1689321454" lon="9.2740069100">
				<ele>1541.4</ele>
				<extensions>
					<swisstopo:routepoint_id>22441551</swisstopo:routepoint_id>
				</extensions>
			</trkpt>
			<trkpt lat="47.1689085829" lon="9.2739180386">
				<ele>1540.6</ele>
				<extensions>
					<swisstopo:routepoint_id>77048556</swisstopo:routepoint_id>
				</extensions>
			</trkpt>
			<trkpt lat="47.1688692818" lon="9.2738017382">
				<ele>1540.4</ele>
				<extensions>
					<swisstopo:routepoint_id>381407493</swisstopo:routepoint_id>
				</extensions>
			</trkpt>
			<trkpt lat="47.1688365337" lon="9.2737345839">
				<ele>1540.7</ele>
				<extensions>
					<swisstopo:routepoint_id>1364256816</swisstopo:routepoint_id>
				</extensions>
			</trkpt>
			<trkpt lat="47.1687936108" lon="9.2736597108">
				<ele>1540.3</ele>
				<extensions>
					<swisstopo:routepoint_id>784608428</swisstopo:routepoint_id>
				</extensions>
			</trkpt>
			<trkpt lat="47.1687728505" lon="9.2736171512">
				<ele>1540.0</ele>
				<extensions>
					<swisstopo:routepoint_id>887942433</swisstopo:routepoint_id>
				</extensions>
			</trkpt>
			<trkpt lat="47.1687504396" lon="9.2735601820">
				<ele>1539.8</ele>
				<extensions>
					<swisstopo:routepoint_id>850638816</swisstopo:routepoint_id>
				</extensions>
			</trkpt>
			<trkpt lat="47.1687131853" lon="9.2734929377">
				<ele>1539.5</ele>
				<extensions>
					<swisstopo:routepoint_id>1992928725</swisstopo:routepoint_id>
				</extensions>
			</trkpt>
			<trkpt lat="47.1686582572" lon="9.2733835234">
				<ele>1539.4</ele>
				<extensions>
					<swisstopo:routepoint_id>1882345126</swisstopo:routepoint_id>
				</extensions>
			</trkpt>
			<trkpt lat="47.1685752375" lon="9.2732609576">
				<ele>1539.5</ele>
				<extensions>
					<swisstopo:routepoint_id>142706854</swisstopo:routepoint_id>
				</extensions>
			</trkpt>
			<trkpt lat="47.1685182306" lon="9.2731733496">
				<ele>1539.8</ele>
				<extensions>
					<swisstopo:routepoint_id>950385320</swisstopo:routepoint_id>
				</extensions>
			</trkpt>
			<trkpt lat="47.1684530866" lon="9.2730637403">
				<ele>1540.4</ele>
				<extensions>
					<swisstopo:routepoint_id>1182086131</swisstopo:routepoint_id>
				</extensions>
			</trkpt>
			<trkpt lat="47.1684192337" lon="9.2730096392">
				<ele>1540.8</ele>
				<extensions>
					<swisstopo:routepoint_id>1502427251</swisstopo:routepoint_id>
				</extensions>
			</trkpt>
			<trkpt lat="47.1683732632" lon="9.2729715883">
				<ele>1541.0</ele>
				<extensions>
					<swisstopo:routepoint_id>106141123</swisstopo:routepoint_id>
				</extensions>
			</trkpt>
			<trkpt lat="47.1683381027" lon="9.2729570736">
				<ele>1541.2</ele>
				<extensions>
					<swisstopo:routepoint_id>1615698034</swisstopo:routepoint_id>
				</extensions>
			</trkpt>
			<trkpt lat="47.1683190087" lon="9.2729317847">
				<ele>1541.3</ele>
				<extensions>
					<swisstopo:routepoint_id>1739855598</swisstopo:routepoint_id>
				</extensions>
			</trkpt>
			<trkpt lat="47.1683166446" lon="9.2729064640">
				<ele>1541.1</ele>
				<extensions>
					<swisstopo:routepoint_id>2073606502</swisstopo:routepoint_id>
				</extensions>
			</trkpt>
			<trkpt lat="47.1683260217" lon="9.2728853980">
				<ele>1540.7</ele>
				<extensions>
					<swisstopo:routepoint_id>1938953440</swisstopo:routepoint_id>
				</extensions>
			</trkpt>
			<trkpt lat="47.1683351120" lon="9.2728580607">
				<ele>1540.2</ele>
				<extensions>
					<swisstopo:routepoint_id>1346589018</swisstopo:routepoint_id>
				</extensions>
			</trkpt>
			<trkpt lat="47.1683440410" lon="9.2728342351">
				<ele>1539.7</ele>
				<extensions>
					<swisstopo:routepoint_id>1476115766</swisstopo:routepoint_id>
				</extensions>
			</trkpt>
			<trkpt lat="47.1683588721" lon="9.2728116556">
				<ele>1539.1</ele>
				<extensions>
					<swisstopo:routepoint_id>1349883582</swisstopo:routepoint_id>
				</extensions>
			</trkpt>
			<trkpt lat="47.1683793993" lon="9.2727823139">
				<ele>1538.5</ele>
				<extensions>
					<swisstopo:routepoint_id>1382202683</swisstopo:routepoint_id>
				</extensions>
			</trkpt>
			<trkpt lat="47.1684090176" lon="9.2727526010">
				<ele>1537.7</ele>
				<extensions>
					<swisstopo:routepoint_id>994540812</swisstopo:routepoint_id>
				</extensions>
			</trkpt>
			<trkpt lat="47.1684356962" lon="9.2727303631">
				<ele>1536.9</ele>
				<extensions>
					<swisstopo:routepoint_id>1652166246</swisstopo:routepoint_id>
				</extensions>
			</trkpt>
			<trkpt lat="47.1684573786" lon="9.2727145376">
				<ele>1536.2</ele>
				<extensions>
					<swisstopo:routepoint_id>1565830712</swisstopo:routepoint_id>
				</extensions>
			</trkpt>
			<trkpt lat="47.1684780401" lon="9.2726701519">
				<ele>1535.2</ele>
				<extensions>
					<swisstopo:routepoint_id>253467359</swisstopo:routepoint_id>
				</extensions>
			</trkpt>
			<trkpt lat="47.1684922979" lon="9.2726350293">
				<ele>1534.2</ele>
				<extensions>
					<swisstopo:routepoint_id>551228531</swisstopo:routepoint_id>
				</extensions>
			</trkpt>
			<trkpt lat="47.1684943309" lon="9.2725929167">
				<ele>1533.3</ele>
				<extensions>
					<swisstopo:routepoint_id>520580687</swisstopo:routepoint_id>
				</extensions>
			</trkpt>
			<trkpt lat="47.1684937401" lon="9.2725307440">
				<ele>1532.5</ele>
				<extensions>
					<swisstopo:routepoint_id>1138106588</swisstopo:routepoint_id>
				</extensions>
			</trkpt>
			<trkpt lat="47.1684970360" lon="9.2724871286">
				<ele>1531.8</ele>
				<extensions>
					<swisstopo:routepoint_id>366393391</swisstopo:routepoint_id>
				</extensions>
			</trkpt>
			<trkpt lat="47.1685164882" lon="9.2724061365">
				<ele>1530.8</ele>
				<extensions>
					<swisstopo:routepoint_id>1075999654</swisstopo:routepoint_id>
				</extensions>
			</trkpt>
			<trkpt lat="47.1685408307" lon="9.2723474338">
				<ele>1530.4</ele>
				<extensions>
					<swisstopo:routepoint_id>939835677</swisstopo:routepoint_id>
				</extensions>
			</trkpt>
			<trkpt lat="47.1685559574" lon="9.2723063111">
				<ele>1530.0</ele>
				<extensions>
					<swisstopo:routepoint_id>741906937</swisstopo:routepoint_id>
				</extensions>
			</trkpt>
			<trkpt lat="47.1685650920" lon="9.2722657045">
				<ele>1529.8</ele>
				<extensions>
					<swisstopo:routepoint_id>1814550912</swisstopo:routepoint_id>
				</extensions>
			</trkpt>
			<trkpt lat="47.1685530554" lon="9.2721807340">
				<ele>1529.5</ele>
				<extensions>
					<swisstopo:routepoint_id>863343492</swisstopo:routepoint_id>
				</extensions>
			</trkpt>
			<trkpt lat="47.1685434813" lon="9.2721193227">
				<ele>1529.5</ele>
				<extensions>
					<swisstopo:routepoint_id>1587121897</swisstopo:routepoint_id>
				</extensions>
			</trkpt>
			<trkpt lat="47.1685053117" lon="9.2721050661">
				<ele>1529.8</ele>
				<extensions>
					<swisstopo:routepoint_id>974492617</swisstopo:routepoint_id>
				</extensions>
			</trkpt>
			<trkpt lat="47.1684504655" lon="9.2720775602">
				<ele>1530.8</ele>
				<extensions>
					<swisstopo:routepoint_id>491984681</swisstopo:routepoint_id>
				</extensions>
			</trkpt>
			<trkpt lat="47.1684311121" lon="9.2720575064">
				<ele>1531.4</ele>
				<extensions>
					<swisstopo:routepoint_id>65449135</swisstopo:routepoint_id>
				</extensions>
			</trkpt>
			<trkpt lat="47.1684151523" lon="9.2720169289">
				<ele>1532.0</ele>
				<extensions>
					<swisstopo:routepoint_id>1665016056</swisstopo:routepoint_id>
				</extensions>
			</trkpt>
			<trkpt lat="47.1683553898" lon="9.2719671070">
				<ele>1532.4</ele>
				<extensions>
					<swisstopo:routepoint_id>2096984539</swisstopo:routepoint_id>
				</extensions>
			</trkpt>
			<trkpt lat="47.1683166165" lon="9.2719521341">
				<ele>1532.3</ele>
				<extensions>
					<swisstopo:routepoint_id>327607400</swisstopo:routepoint_id>
				</extensions>
			</trkpt>
			<trkpt lat="47.1682272969" lon="9.2719099961">
				<ele>1531.9</ele>
				<extensions>
					<swisstopo:routepoint_id>1850430522</swisstopo:routepoint_id>
				</extensions>
			</trkpt>
			<trkpt lat="47.1682075909" lon="9.2718922239">
				<ele>1531.7</ele>
				<extensions>
					<swisstopo:routepoint_id>659802969</swisstopo:routepoint_id>
				</extensions>
			</trkpt>
			<trkpt lat="47.1682016347" lon="9.2718480340">
				<ele>1531.5</ele>
				<extensions>
					<swisstopo:routepoint_id>1379222841</swisstopo:routepoint_id>
				</extensions>
			</trkpt>
			<trkpt lat="47.1682075565" lon="9.2717895892">
				<ele>1531.2</ele>
				<extensions>
					<swisstopo:routepoint_id>2132871795</swisstopo:routepoint_id>
				</extensions>
			</trkpt>
			<trkpt lat="47.1682206583" lon="9.2716996057">
				<ele>1530.1</ele>
				<extensions>
					<swisstopo:routepoint_id>34370113</swisstopo:routepoint_id>
				</extensions>
			</trkpt>
			<trkpt lat="47.1682306560" lon="9.2715948796">
				<ele>1528.8</ele>
				<extensions>
					<swisstopo:routepoint_id>1264573096</swisstopo:routepoint_id>
				</extensions>
			</trkpt>
			<trkpt lat="47.1682587862" lon="9.2715030017">
				<ele>1527.6</ele>
				<extensions>
					<swisstopo:routepoint_id>1498726737</swisstopo:routepoint_id>
				</extensions>
			</trkpt>
			<trkpt lat="47.1682659914" lon="9.2713639600">
				<ele>1526.5</ele>
				<extensions>
					<swisstopo:routepoint_id>1267854553</swisstopo:routepoint_id>
				</extensions>
			</trkpt>
			<trkpt lat="47.1682776183" lon="9.2712617376">
				<ele>1525.5</ele>
				<extensions>
					<swisstopo:routepoint_id>14386031</swisstopo:routepoint_id>
				</extensions>
			</trkpt>
			<trkpt lat="47.1682686358" lon="9.2711979120">
				<ele>1524.7</ele>
				<extensions>
					<swisstopo:routepoint_id>352143709</swisstopo:routepoint_id>
				</extensions>
			</trkpt>
			<trkpt lat="47.1682559428" lon="9.2711783832">
				<ele>1524.4</ele>
				<extensions>
					<swisstopo:routepoint_id>429211026</swisstopo:routepoint_id>
				</extensions>
			</trkpt>
			<trkpt lat="47.1682574193" lon="9.2711226333">
				<ele>1523.5</ele>
				<extensions>
					<swisstopo:routepoint_id>484924713</swisstopo:routepoint_id>
				</extensions>
			</trkpt>
			<trkpt lat="47.1682653997" lon="9.2710628932">
				<ele>1522.3</ele>
				<extensions>
					<swisstopo:routepoint_id>377470793</swisstopo:routepoint_id>
				</extensions>
			</trkpt>
			<trkpt lat="47.1682753689" lon="9.2709974492">
				<ele>1521.0</ele>
				<extensions>
					<swisstopo:routepoint_id>196793139</swisstopo:routepoint_id>
				</extensions>
			</trkpt>
			<trkpt lat="47.1682815100" lon="9.2709566499">
				<ele>1520.6</ele>
				<extensions>
					<swisstopo:routepoint_id>575502061</swisstopo:routepoint_id>
				</extensions>
			</trkpt>
			<trkpt lat="47.1682836072" lon="9.2708955744">
				<ele>1521.0</ele>
				<extensions>
					<swisstopo:routepoint_id>1645624882</swisstopo:routepoint_id>
				</extensions>
			</trkpt>
			<trkpt lat="47.1683069537" lon="9.2708375717">
				<ele>1520.8</ele>
				<extensions>
					<swisstopo:routepoint_id>324897308</swisstopo:routepoint_id>
				</extensions>
			</trkpt>
			<trkpt lat="47.1683470969" lon="9.2707913402">
				<ele>1520.0</ele>
				<extensions>
					<swisstopo:routepoint_id>1506081671</swisstopo:routepoint_id>
				</extensions>
			</trkpt>
			<trkpt lat="47.1683807088" lon="9.2707629613">
				<ele>1519.3</ele>
				<extensions>
					<swisstopo:routepoint_id>1846667445</swisstopo:routepoint_id>
				</extensions>
			</trkpt>
			<trkpt lat="47.1684072232" lon="9.2707162500">
				<ele>1518.4</ele>
				<extensions>
					<swisstopo:routepoint_id>1629728869</swisstopo:routepoint_id>
				</extensions>
			</trkpt>
			<trkpt lat="47.1684261892" lon="9.2706651704">
				<ele>1517.4</ele>
				<extensions>
					<swisstopo:routepoint_id>1617321964</swisstopo:routepoint_id>
				</extensions>
			</trkpt>
			<trkpt lat="47.1684303139" lon="9.2706478151">
				<ele>1517.3</ele>
				<extensions>
					<swisstopo:routepoint_id>78037862</swisstopo:routepoint_id>
				</extensions>
			</trkpt>
			<trkpt lat="47.1684398726" lon="9.2706120029">
				<ele>1517.2</ele>
				<extensions>
					<swisstopo:routepoint_id>2013326463</swisstopo:routepoint_id>
				</extensions>
			</trkpt>
			<trkpt lat="47.1684589165" lon="9.2705758970">
				<ele>1517.0</ele>
				<extensions>
					<swisstopo:routepoint_id>198551522</swisstopo:routepoint_id>
				</extensions>
			</trkpt>
			<trkpt lat="47.1684949289" lon="9.2705462987">
				<ele>1516.0</ele>
				<extensions>
					<swisstopo:routepoint_id>1133104274</swisstopo:routepoint_id>
				</extensions>
			</trkpt>
			<trkpt lat="47.1685381619" lon="9.2704963848">
				<ele>1515.1</ele>
				<extensions>
					<swisstopo:routepoint_id>1977484978</swisstopo:routepoint_id>
				</extensions>
			</trkpt>
			<trkpt lat="47.1685823278" lon="9.2704369943">
				<ele>1513.4</ele>
				<extensions>
					<swisstopo:routepoint_id>323894868</swisstopo:routepoint_id>
				</extensions>
			</trkpt>
			<trkpt lat="47.1686134740" lon="9.2703763849">
				<ele>1512.0</ele>
				<extensions>
					<swisstopo:routepoint_id>1278645371</swisstopo:routepoint_id>
				</extensions>
			</trkpt>
			<trkpt lat="47.1686323293" lon="9.2703455033">
				<ele>1511.1</ele>
				<extensions>
					<swisstopo:routepoint_id>1265285995</swisstopo:routepoint_id>
				</extensions>
			</trkpt>
			<trkpt lat="47.1686377350" lon="9.2703089431">
				<ele>1510.4</ele>
				<extensions>
					<swisstopo:routepoint_id>1031204755</swisstopo:routepoint_id>
				</extensions>
			</trkpt>
			<trkpt lat="47.1686386829" lon="9.2702642937">
				<ele>1509.9</ele>
				<extensions>
					<swisstopo:routepoint_id>1058150966</swisstopo:routepoint_id>
				</extensions>
			</trkpt>
			<trkpt lat="47.1686552460" lon="9.2702311304">
				<ele>1509.7</ele>
				<extensions>
					<swisstopo:routepoint_id>517288746</swisstopo:routepoint_id>
				</extensions>
			</trkpt>
			<trkpt lat="47.1686933122" lon="9.2701740560">
				<ele>1509.4</ele>
				<extensions>
					<swisstopo:routepoint_id>2044401478</swisstopo:routepoint_id>
				</extensions>
			</trkpt>
			<trkpt lat="47.1687279662" lon="9.2701342969">
				<ele>1509.2</ele>
				<extensions>
					<swisstopo:routepoint_id>1476796151</swisstopo:routepoint_id>
				</extensions>
			</trkpt>
			<trkpt lat="47.1687593010" lon="9.2701203468">
				<ele>1508.9</ele>
				<extensions>
					<swisstopo:routepoint_id>991352111</swisstopo:routepoint_id>
				</extensions>
			</trkpt>
			<trkpt lat="47.1687828423" lon="9.2701257137">
				<ele>1509.0</ele>
				<extensions>
					<swisstopo:routepoint_id>176130411</swisstopo:routepoint_id>
				</extensions>
			</trkpt>
			<trkpt lat="47.1687956970" lon="9.2701488942">
				<ele>1508.9</ele>
				<extensions>
					<swisstopo:routepoint_id>1988033212</swisstopo:routepoint_id>
				</extensions>
			</trkpt>
			<trkpt lat="47.1688388287" lon="9.2701710369">
				<ele>1509.3</ele>
				<extensions>
					<swisstopo:routepoint_id>1622070890</swisstopo:routepoint_id>
				</extensions>
			</trkpt>
			<trkpt lat="47.1688771566" lon="9.2701604571">
				<ele>1509.3</ele>
				<extensions>
					<swisstopo:routepoint_id>598586034</swisstopo:routepoint_id>
				</extensions>
			</trkpt>
			<trkpt lat="47.1689113927" lon="9.2701480494">
				<ele>1509.3</ele>
				<extensions>
					<swisstopo:routepoint_id>1852746562</swisstopo:routepoint_id>
				</extensions>
			</trkpt>
			<trkpt lat="47.1689456216" lon="9.2701239555">
				<ele>1508.8</ele>
				<extensions>
					<swisstopo:routepoint_id>240451567</swisstopo:routepoint_id>
				</extensions>
			</trkpt>
			<trkpt lat="47.1689880116" lon="9.2700789723">
				<ele>1508.5</ele>
				<extensions>
					<swisstopo:routepoint_id>1492021598</swisstopo:routepoint_id>
				</extensions>
			</trkpt>
			<trkpt lat="47.1690157346" lon="9.2700115067">
				<ele>1508.5</ele>
				<extensions>
					<swisstopo:routepoint_id>833169834</swisstopo:routepoint_id>
				</extensions>
			</trkpt>
			<trkpt lat="47.1690679149" lon="9.2699790856">
				<ele>1508.3</ele>
				<extensions>
					<swisstopo:routepoint_id>588572788</swisstopo:routepoint_id>
				</extensions>
			</trkpt>
			<trkpt lat="47.1690983918" lon="9.2699483695">
				<ele>1507.7</ele>
				<extensions>
					<swisstopo:routepoint_id>554698345</swisstopo:routepoint_id>
				</extensions>
			</trkpt>
			<trkpt lat="47.1691626918" lon="9.2698870258">
				<ele>1508.3</ele>
				<extensions>
					<swisstopo:routepoint_id>1489484832</swisstopo:routepoint_id>
				</extensions>
			</trkpt>
			<trkpt lat="47.1691765577" lon="9.2698532930">
				<ele>1508.8</ele>
				<extensions>
					<swisstopo:routepoint_id>1157969078</swisstopo:routepoint_id>
				</extensions>
			</trkpt>
			<trkpt lat="47.1692077429" lon="9.2697786144">
				<ele>1510.2</ele>
				<extensions>
					<swisstopo:routepoint_id>2053639266</swisstopo:routepoint_id>
				</extensions>
			</trkpt>
			<trkpt lat="47.1692352114" lon="9.2697282369">
				<ele>1511.0</ele>
				<extensions>
					<swisstopo:routepoint_id>91352232</swisstopo:routepoint_id>
				</extensions>
			</trkpt>
			<trkpt lat="47.1693043911" lon="9.2696744168">
				<ele>1512.3</ele>
				<extensions>
					<swisstopo:routepoint_id>1251415850</swisstopo:routepoint_id>
				</extensions>
			</trkpt>
			<trkpt lat="47.1693768218" lon="9.2696255652">
				<ele>1513.0</ele>
				<extensions>
					<swisstopo:routepoint_id>2023362585</swisstopo:routepoint_id>
				</extensions>
			</trkpt>
			<trkpt lat="47.1694157099" lon="9.2695902664">
				<ele>1514.1</ele>
				<extensions>
					<swisstopo:routepoint_id>1998364974</swisstopo:routepoint_id>
				</extensions>
			</trkpt>
			<trkpt lat="47.1694581600" lon="9.2695403884">
				<ele>1515.6</ele>
				<extensions>
					<swisstopo:routepoint_id>1751761271</swisstopo:routepoint_id>
				</extensions>
			</trkpt>
			<trkpt lat="47.1694897131" lon="9.2695281719">
				<ele>1516.5</ele>
				<extensions>
					<swisstopo:routepoint_id>1639433983</swisstopo:routepoint_id>
				</extensions>
			</trkpt>
			<trkpt lat="47.1694912135" lon="9.2695012436">
				<ele>1517.7</ele>
				<extensions>
					<swisstopo:routepoint_id>1333027241</swisstopo:routepoint_id>
				</extensions>
			</trkpt>
			<trkpt lat="47.1694806703" lon="9.2694874059">
				<ele>1518.3</ele>
				<extensions>
					<swisstopo:routepoint_id>1254939604</swisstopo:routepoint_id>
				</extensions>
			</trkpt>
			<trkpt lat="47.1695143678" lon="9.2694641177">
				<ele>1520.0</ele>
				<extensions>
					<swisstopo:routepoint_id>215372457</swisstopo:routepoint_id>
				</extensions>
			</trkpt>
			<trkpt lat="47.1695122137" lon="9.2694388037">
				<ele>1521.0</ele>
				<extensions>
					<swisstopo:routepoint_id>1996468576</swisstopo:routepoint_id>
				</extensions>
			</trkpt>
			<trkpt lat="47.1695583110" lon="9.2694319421">
				<ele>1523.7</ele>
				<extensions>
					<swisstopo:routepoint_id>1351064501</swisstopo:routepoint_id>
				</extensions>
			</trkpt>
			<trkpt lat="47.1695874019" lon="9.2693994256">
				<ele>1528.6</ele>
				<extensions>
					<swisstopo:routepoint_id>1838608512</swisstopo:routepoint_id>
				</extensions>
			</trkpt>
			<trkpt lat="47.1696256925" lon="9.2693867695">
				<ele>1530.1</ele>
				<extensions>
					<swisstopo:routepoint_id>1424141361</swisstopo:routepoint_id>
				</extensions>
			</trkpt>
			<trkpt lat="47.1696618996" lon="9.2693852257">
				<ele>1531.5</ele>
				<extensions>
					<swisstopo:routepoint_id>1263122508</swisstopo:routepoint_id>
				</extensions>
			</trkpt>
			<trkpt lat="47.1697184271" lon="9.2693866061">
				<ele>1531.5</ele>
				<extensions>
					<swisstopo:routepoint_id>582720804</swisstopo:routepoint_id>
				</extensions>
			</trkpt>
			<trkpt lat="47.1697617864" lon="9.2693811968">
				<ele>1531.8</ele>
				<extensions>
					<swisstopo:routepoint_id>1593749405</swisstopo:routepoint_id>
				</extensions>
			</trkpt>
			<trkpt lat="47.1697782600" lon="9.2693691082">
				<ele>1532.7</ele>
				<extensions>
					<swisstopo:routepoint_id>1036335225</swisstopo:routepoint_id>
				</extensions>
			</trkpt>
			<trkpt lat="47.1697906550" lon="9.2693361362">
				<ele>1533.3</ele>
				<extensions>
					<swisstopo:routepoint_id>189421497</swisstopo:routepoint_id>
				</extensions>
			</trkpt>
			<trkpt lat="47.1698000072" lon="9.2693099661">
				<ele>1534.0</ele>
				<extensions>
					<swisstopo:routepoint_id>1917758760</swisstopo:routepoint_id>
				</extensions>
			</trkpt>
			<trkpt lat="47.1697912511" lon="9.2692892706">
				<ele>1534.5</ele>
				<extensions>
					<swisstopo:routepoint_id>826423187</swisstopo:routepoint_id>
				</extensions>
			</trkpt>
			<trkpt lat="47.1698021402" lon="9.2692548556">
				<ele>1535.3</ele>
				<extensions>
					<swisstopo:routepoint_id>1179523292</swisstopo:routepoint_id>
				</extensions>
			</trkpt>
			<trkpt lat="47.1698413539" lon="9.2692377471">
				<ele>1536.1</ele>
				<extensions>
					<swisstopo:routepoint_id>2107816372</swisstopo:routepoint_id>
				</extensions>
			</trkpt>
			<trkpt lat="47.1698666422" lon="9.2692051003">
				<ele>1536.9</ele>
				<extensions>
					<swisstopo:routepoint_id>205329122</swisstopo:routepoint_id>
				</extensions>
			</trkpt>
			<trkpt lat="47.1698915046" lon="9.2691434362">
				<ele>1540.5</ele>
				<extensions>
					<swisstopo:routepoint_id>2072620787</swisstopo:routepoint_id>
				</extensions>
			</trkpt>
			<trkpt lat="47.1699062853" lon="9.2691118342">
				<ele>1543.0</ele>
				<extensions>
					<swisstopo:routepoint_id>98636432</swisstopo:routepoint_id>
				</extensions>
			</trkpt>
			<trkpt lat="47.1699304832" lon="9.2690875248">
				<ele>1544.6</ele>
				<extensions>
					<swisstopo:routepoint_id>1432087544</swisstopo:routepoint_id>
				</extensions>
			</trkpt>
			<trkpt lat="47.1699576816" lon="9.2690535517">
				<ele>1546.1</ele>
				<extensions>
					<swisstopo:routepoint_id>2108342492</swisstopo:routepoint_id>
				</extensions>
			</trkpt>
			<trkpt lat="47.1699845561" lon="9.2690404917">
				<ele>1546.6</ele>
				<extensions>
					<swisstopo:routepoint_id>248260938</swisstopo:routepoint_id>
				</extensions>
			</trkpt>
			<trkpt lat="47.1700081902" lon="9.2690510796">
				<ele>1547.2</ele>
				<extensions>
					<swisstopo:routepoint_id>1564980542</swisstopo:routepoint_id>
				</extensions>
			</trkpt>
			<trkpt lat="47.1700310091" lon="9.2690532648">
				<ele>1547.7</ele>
				<extensions>
					<swisstopo:routepoint_id>217563048</swisstopo:routepoint_id>
				</extensions>
			</trkpt>
			<trkpt lat="47.1700540721" lon="9.2690400873">
				<ele>1548.6</ele>
				<extensions>
					<swisstopo:routepoint_id>1780404278</swisstopo:routepoint_id>
				</extensions>
			</trkpt>
			<trkpt lat="47.1700659188" lon="9.2690139637">
				<ele>1549.5</ele>
				<extensions>
					<swisstopo:routepoint_id>967604366</swisstopo:routepoint_id>
				</extensions>
			</trkpt>
			<trkpt lat="47.1700702761" lon="9.2689792090">
				<ele>1550.3</ele>
				<extensions>
					<swisstopo:routepoint_id>2116109019</swisstopo:routepoint_id>
				</extensions>
			</trkpt>
			<trkpt lat="47.1700876992" lon="9.2689339366">
				<ele>1550.8</ele>
				<extensions>
					<swisstopo:routepoint_id>1886057877</swisstopo:routepoint_id>
				</extensions>
			</trkpt>
			<trkpt lat="47.1700932786" lon="9.2688974714">
				<ele>1551.1</ele>
				<extensions>
					<swisstopo:routepoint_id>1905593484</swisstopo:routepoint_id>
				</extensions>
			</trkpt>
			<trkpt lat="47.1701176125" lon="9.2688347710">
				<ele>1551.5</ele>
				<extensions>
					<swisstopo:routepoint_id>1380574696</swisstopo:routepoint_id>
				</extensions>
			</trkpt>
			<trkpt lat="47.1701449854" lon="9.2687892722">
				<ele>1552.2</ele>
				<extensions>
					<swisstopo:routepoint_id>1869786921</swisstopo:routepoint_id>
				</extensions>
			</trkpt>
			<trkpt lat="47.1701736556" lon="9.2687682722">
				<ele>1552.7</ele>
				<extensions>
					<swisstopo:routepoint_id>206464918</swisstopo:routepoint_id>
				</extensions>
			</trkpt>
			<trkpt lat="47.1702116539" lon="9.2687292440">
				<ele>1553.8</ele>
				<extensions>
					<swisstopo:routepoint_id>43582935</swisstopo:routepoint_id>
				</extensions>
			</trkpt>
			<trkpt lat="47.1702540895" lon="9.2687067693">
				<ele>1554.2</ele>
				<extensions>
					<swisstopo:routepoint_id>1532513979</swisstopo:routepoint_id>
				</extensions>
			</trkpt>
			<trkpt lat="47.1702824212" lon="9.2686783234">
				<ele>1554.0</ele>
				<extensions>
					<swisstopo:routepoint_id>1803737233</swisstopo:routepoint_id>
				</extensions>
			</trkpt>
			<trkpt lat="47.1702952610" lon="9.2686505199">
				<ele>1553.8</ele>
				<extensions>
					<swisstopo:routepoint_id>898480470</swisstopo:routepoint_id>
				</extensions>
			</trkpt>
			<trkpt lat="47.1703359601" lon="9.2686532651">
				<ele>1552.7</ele>
				<extensions>
					<swisstopo:routepoint_id>1847142386</swisstopo:routepoint_id>
				</extensions>
			</trkpt>
			<trkpt lat="47.1703893992" lon="9.2686527095">
				<ele>1551.7</ele>
				<extensions>
					<swisstopo:routepoint_id>1952867241</swisstopo:routepoint_id>
				</extensions>
			</trkpt>
			<trkpt lat="47.1704297335" lon="9.2686181674">
				<ele>1551.2</ele>
				<extensions>
					<swisstopo:routepoint_id>1509500636</swisstopo:routepoint_id>
				</extensions>
			</trkpt>
			<trkpt lat="47.1704857395" lon="9.2685617295">
				<ele>1550.7</ele>
				<extensions>
					<swisstopo:routepoint_id>1625236747</swisstopo:routepoint_id>
				</extensions>
			</trkpt>
			<trkpt lat="47.1705463558" lon="9.2685054491">
				<ele>1549.7</ele>
				<extensions>
					<swisstopo:routepoint_id>1521364047</swisstopo:routepoint_id>
				</extensions>
			</trkpt>
			<trkpt lat="47.1705853762" lon="9.2684573846">
				<ele>1549.5</ele>
				<extensions>
					<swisstopo:routepoint_id>1685163069</swisstopo:routepoint_id>
				</extensions>
			</trkpt>
			<trkpt lat="47.1706331268" lon="9.2684388279">
				<ele>1548.6</ele>
				<extensions>
					<swisstopo:routepoint_id>1682234032</swisstopo:routepoint_id>
				</extensions>
			</trkpt>
			<trkpt lat="47.1706764721" lon="9.2684088723">
				<ele>1547.7</ele>
				<extensions>
					<swisstopo:routepoint_id>55170327</swisstopo:routepoint_id>
				</extensions>
			</trkpt>
			<trkpt lat="47.1707328705" lon="9.2683277476">
				<ele>1546.1</ele>
				<extensions>
					<swisstopo:routepoint_id>210829011</swisstopo:routepoint_id>
				</extensions>
			</trkpt>
			<trkpt lat="47.1707864448" lon="9.2682308199">
				<ele>1545.4</ele>
				<extensions>
					<swisstopo:routepoint_id>2078498680</swisstopo:routepoint_id>
				</extensions>
			</trkpt>
			<trkpt lat="47.1708461932" lon="9.2681318484">
				<ele>1544.1</ele>
				<extensions>
					<swisstopo:routepoint_id>1995685018</swisstopo:routepoint_id>
				</extensions>
			</trkpt>
			<trkpt lat="47.1708959413" lon="9.2679876319">
				<ele>1543.5</ele>
				<extensions>
					<swisstopo:routepoint_id>1769521582</swisstopo:routepoint_id>
				</extensions>
			</trkpt>
			<trkpt lat="47.1709392026" lon="9.2678656641">
				<ele>1542.8</ele>
				<extensions>
					<swisstopo:routepoint_id>1666906271</swisstopo:routepoint_id>
				</extensions>
			</trkpt>
			<trkpt lat="47.1709726185" lon="9.2677859945">
				<ele>1543.1</ele>
				<extensions>
					<swisstopo:routepoint_id>434527953</swisstopo:routepoint_id>
				</extensions>
			</trkpt>
			<trkpt lat="47.1710294444" lon="9.2676779416">
				<ele>1543.1</ele>
				<extensions>
					<swisstopo:routepoint_id>1100280610</swisstopo:routepoint_id>
				</extensions>
			</trkpt>
			<trkpt lat="47.1710720370" lon="9.2675985856">
				<ele>1543.3</ele>
				<extensions>
					<swisstopo:routepoint_id>1523888276</swisstopo:routepoint_id>
				</extensions>
			</trkpt>
			<trkpt lat="47.1710791560" lon="9.2675359778">
				<ele>1543.1</ele>
				<extensions>
					<swisstopo:routepoint_id>1334425871</swisstopo:routepoint_id>
				</extensions>
			</trkpt>
			<trkpt lat="47.1710888776" lon="9.2673095923">
				<ele>1541.5</ele>
				<extensions>
					<swisstopo:routepoint_id>1087429063</swisstopo:routepoint_id>
				</extensions>
			</trkpt>
			<trkpt lat="47.1710904107" lon="9.2672131132">
				<ele>1540.8</ele>
				<extensions>
					<swisstopo:routepoint_id>1841659382</swisstopo:routepoint_id>
				</extensions>
			</trkpt>
			<trkpt lat="47.1710760397" lon="9.2671542675">
				<ele>1540.4</ele>
				<extensions>
					<swisstopo:routepoint_id>76645705</swisstopo:routepoint_id>
				</extensions>
			</trkpt>
			<trkpt lat="47.1710501043" lon="9.2670523785">
				<ele>1539.3</ele>
				<extensions>
					<swisstopo:routepoint_id>153460136</swisstopo:routepoint_id>
				</extensions>
			</trkpt>
			<trkpt lat="47.1710117494" lon="9.2669612619">
				<ele>1538.3</ele>
				<extensions>
					<swisstopo:routepoint_id>325064072</swisstopo:routepoint_id>
				</extensions>
			</trkpt>
			<trkpt lat="47.1709856711" lon="9.2668683489">
				<ele>1537.5</ele>
				<extensions>
					<swisstopo:routepoint_id>1325921513</swisstopo:routepoint_id>
				</extensions>
			</trkpt>
			<trkpt lat="47.1709747126" lon="9.2667871622">
				<ele>1536.9</ele>
				<extensions>
					<swisstopo:routepoint_id>39433027</swisstopo:routepoint_id>
				</extensions>
			</trkpt>
			<trkpt lat="47.1709459708" lon="9.2666694327">
				<ele>1535.6</ele>
				<extensions>
					<swisstopo:routepoint_id>386771728</swisstopo:routepoint_id>
				</extensions>
			</trkpt>
			<trkpt lat="47.1709098200" lon="9.2665357827">
				<ele>1534.3</ele>
				<extensions>
					<swisstopo:routepoint_id>747751596</swisstopo:routepoint_id>
				</extensions>
			</trkpt>
			<trkpt lat="47.1708583362" lon="9.2664038249">
				<ele>1533.1</ele>
				<extensions>
					<swisstopo:routepoint_id>1757947746</swisstopo:routepoint_id>
				</extensions>
			</trkpt>
			<trkpt lat="47.1708166040" lon="9.2663327968">
				<ele>1532.3</ele>
				<extensions>
					<swisstopo:routepoint_id>770832350</swisstopo:routepoint_id>
				</extensions>
			</trkpt>
			<trkpt lat="47.1707900623" lon="9.2662690391">
				<ele>1531.7</ele>
				<extensions>
					<swisstopo:routepoint_id>1843301596</swisstopo:routepoint_id>
				</extensions>
			</trkpt>
			<trkpt lat="47.1707741985" lon="9.2662079011">
				<ele>1531.1</ele>
				<extensions>
					<swisstopo:routepoint_id>937070321</swisstopo:routepoint_id>
				</extensions>
			</trkpt>
			<trkpt lat="47.1707737750" lon="9.2661382972">
				<ele>1530.5</ele>
				<extensions>
					<swisstopo:routepoint_id>1278426308</swisstopo:routepoint_id>
				</extensions>
			</trkpt>
			<trkpt lat="47.1707736362" lon="9.2660507550">
				<ele>1529.7</ele>
				<extensions>
					<swisstopo:routepoint_id>1380409607</swisstopo:routepoint_id>
				</extensions>
			</trkpt>
			<trkpt lat="47.1707679381" lon="9.2659270878">
				<ele>1528.5</ele>
				<extensions>
					<swisstopo:routepoint_id>1971877673</swisstopo:routepoint_id>
				</extensions>
			</trkpt>
			<trkpt lat="47.1707629660" lon="9.2658550866">
				<ele>1527.7</ele>
				<extensions>
					<swisstopo:routepoint_id>1903937539</swisstopo:routepoint_id>
				</extensions>
			</trkpt>
			<trkpt lat="47.1707745342" lon="9.2658016244">
				<ele>1527.2</ele>
				<extensions>
					<swisstopo:routepoint_id>1207569727</swisstopo:routepoint_id>
				</extensions>
			</trkpt>
			<trkpt lat="47.1708098957" lon="9.2656950658">
				<ele>1525.8</ele>
				<extensions>
					<swisstopo:routepoint_id>675353046</swisstopo:routepoint_id>
				</extensions>
			</trkpt>
			<trkpt lat="47.1708374384" lon="9.2655994884">
				<ele>1524.6</ele>
				<extensions>
					<swisstopo:routepoint_id>1622887199</swisstopo:routepoint_id>
				</extensions>
			</trkpt>
			<trkpt lat="47.1708645808" lon="9.2655285710">
				<ele>1523.6</ele>
				<extensions>
					<swisstopo:routepoint_id>830622157</swisstopo:routepoint_id>
				</extensions>
			</trkpt>
			<trkpt lat="47.1708683932" lon="9.2654815824">
				<ele>1523.3</ele>
				<extensions>
					<swisstopo:routepoint_id>552668376</swisstopo:routepoint_id>
				</extensions>
			</trkpt>
			<trkpt lat="47.1708699526" lon="9.2654043798">
				<ele>1523.5</ele>
				<extensions>
					<swisstopo:routepoint_id>1342417794</swisstopo:routepoint_id>
				</extensions>
			</trkpt>
			<trkpt lat="47.1708641817" lon="9.2653406103">
				<ele>1524.0</ele>
				<extensions>
					<swisstopo:routepoint_id>1076441046</swisstopo:routepoint_id>
				</extensions>
			</trkpt>
			<trkpt lat="47.1708625959" lon="9.2653059998">
				<ele>1524.4</ele>
				<extensions>
					<swisstopo:routepoint_id>420182226</swisstopo:routepoint_id>
				</extensions>
			</trkpt>
			<trkpt lat="47.1708523808" lon="9.2652742255">
				<ele>1524.8</ele>
				<extensions>
					<swisstopo:routepoint_id>1391474808</swisstopo:routepoint_id>
				</extensions>
			</trkpt>
			<trkpt lat="47.1708313697" lon="9.2652483833">
				<ele>1525.3</ele>
				<extensions>
					<swisstopo:routepoint_id>1599802864</swisstopo:routepoint_id>
				</extensions>
			</trkpt>
			<trkpt lat="47.1708017878" lon="9.2652222354">
				<ele>1525.8</ele>
				<extensions>
					<swisstopo:routepoint_id>2145534463</swisstopo:routepoint_id>
				</extensions>
			</trkpt>
			<trkpt lat="47.1707722556" lon="9.2651929583">
				<ele>1526.3</ele>
				<extensions>
					<swisstopo:routepoint_id>1190334724</swisstopo:routepoint_id>
				</extensions>
			</trkpt>
			<trkpt lat="47.1707493015" lon="9.2651544616">
				<ele>1526.8</ele>
				<extensions>
					<swisstopo:routepoint_id>118388778</swisstopo:routepoint_id>
				</extensions>
			</trkpt>
			<trkpt lat="47.1707285805" lon="9.2651097792">
				<ele>1527.4</ele>
				<extensions>
					<swisstopo:routepoint_id>2115675172</swisstopo:routepoint_id>
				</extensions>
			</trkpt>
			<trkpt lat="47.1707229145" lon="9.2650626474">
				<ele>1527.8</ele>
				<extensions>
					<swisstopo:routepoint_id>1874558266</swisstopo:routepoint_id>
				</extensions>
			</trkpt>
			<trkpt lat="47.1707246589" lon="9.2649527247">
				<ele>1528.5</ele>
				<extensions>
					<swisstopo:routepoint_id>17999778</swisstopo:routepoint_id>
				</extensions>
			</trkpt>
			<trkpt lat="47.1707274815" lon="9.2648795081">
				<ele>1529.0</ele>
				<extensions>
					<swisstopo:routepoint_id>1707561698</swisstopo:routepoint_id>
				</extensions>
			</trkpt>
			<trkpt lat="47.1707199226" lon="9.2648303920">
				<ele>1529.5</ele>
				<extensions>
					<swisstopo:routepoint_id>899496933</swisstopo:routepoint_id>
				</extensions>
			</trkpt>
			<trkpt lat="47.1706954901" lon="9.2647953495">
				<ele>1530.0</ele>
				<extensions>
					<swisstopo:routepoint_id>111982815</swisstopo:routepoint_id>
				</extensions>
			</trkpt>
			<trkpt lat="47.1706672916" lon="9.2647872231">
				<ele>1530.3</ele>
				<extensions>
					<swisstopo:routepoint_id>1837129283</swisstopo:routepoint_id>
				</extensions>
			</trkpt>
			<trkpt lat="47.1706388968" lon="9.2648208101">
				<ele>1530.8</ele>
				<extensions>
					<swisstopo:routepoint_id>89167206</swisstopo:routepoint_id>
				</extensions>
			</trkpt>
			<trkpt lat="47.1706210749" lon="9.2648641893">
				<ele>1531.4</ele>
				<extensions>
					<swisstopo:routepoint_id>1169640892</swisstopo:routepoint_id>
				</extensions>
			</trkpt>
			<trkpt lat="47.1705921318" lon="9.2649323265">
				<ele>1532.3</ele>
				<extensions>
					<swisstopo:routepoint_id>42106965</swisstopo:routepoint_id>
				</extensions>
			</trkpt>
			<trkpt lat="47.1705700745" lon="9.2649724045">
				<ele>1532.9</ele>
				<extensions>
					<swisstopo:routepoint_id>791812832</swisstopo:routepoint_id>
				</extensions>
			</trkpt>
			<trkpt lat="47.1705439395" lon="9.2649997937">
				<ele>1533.4</ele>
				<extensions>
					<swisstopo:routepoint_id>354362109</swisstopo:routepoint_id>
				</extensions>
			</trkpt>
			<trkpt lat="47.1705137098" lon="9.2650144678">
				<ele>1534.0</ele>
				<extensions>
					<swisstopo:routepoint_id>1970922212</swisstopo:routepoint_id>
				</extensions>
			</trkpt>
			<trkpt lat="47.1704838289" lon="9.2650071600">
				<ele>1534.6</ele>
				<extensions>
					<swisstopo:routepoint_id>1175374874</swisstopo:routepoint_id>
				</extensions>
			</trkpt>
			<trkpt lat="47.1704585322" lon="9.2649811717">
				<ele>1535.3</ele>
				<extensions>
					<swisstopo:routepoint_id>309281002</swisstopo:routepoint_id>
				</extensions>
			</trkpt>
			<trkpt lat="47.1704399541" lon="9.2649365499">
				<ele>1536.0</ele>
				<extensions>
					<swisstopo:routepoint_id>929951524</swisstopo:routepoint_id>
				</extensions>
			</trkpt>
			<trkpt lat="47.1704279039" lon="9.2648858633">
				<ele>1536.5</ele>
				<extensions>
					<swisstopo:routepoint_id>624610580</swisstopo:routepoint_id>
				</extensions>
			</trkpt>
			<trkpt lat="47.1704114276" lon="9.2648444572">
				<ele>1536.9</ele>
				<extensions>
					<swisstopo:routepoint_id>1229981686</swisstopo:routepoint_id>
				</extensions>
			</trkpt>
			<trkpt lat="47.1703863711" lon="9.2648027710">
				<ele>1537.1</ele>
				<extensions>
					<swisstopo:routepoint_id>1662402108</swisstopo:routepoint_id>
				</extensions>
			</trkpt>
			<trkpt lat="47.1703527565" lon="9.2647616560">
				<ele>1536.9</ele>
				<extensions>
					<swisstopo:routepoint_id>588238807</swisstopo:routepoint_id>
				</extensions>
			</trkpt>
			<trkpt lat="47.1703267330" lon="9.2647216634">
				<ele>1536.8</ele>
				<extensions>
					<swisstopo:routepoint_id>1039980820</swisstopo:routepoint_id>
				</extensions>
			</trkpt>
			<trkpt lat="47.1703176608" lon="9.2646627039">
				<ele>1537.0</ele>
				<extensions>
					<swisstopo:routepoint_id>225837067</swisstopo:routepoint_id>
				</extensions>
			</trkpt>
			<trkpt lat="47.1703250712" lon="9.2646165343">
				<ele>1537.5</ele>
				<extensions>
					<swisstopo:routepoint_id>2029306903</swisstopo:routepoint_id>
				</extensions>
			</trkpt>
			<trkpt lat="47.1703679837" lon="9.2645373682">
				<ele>1538.7</ele>
				<extensions>
					<swisstopo:routepoint_id>959697239</swisstopo:routepoint_id>
				</extensions>
			</trkpt>
			<trkpt lat="47.1703953160" lon="9.2644943136">
				<ele>1539.4</ele>
				<extensions>
					<swisstopo:routepoint_id>1774954188</swisstopo:routepoint_id>
				</extensions>
			</trkpt>
			<trkpt lat="47.1704245581" lon="9.2644366617">
				<ele>1539.8</ele>
				<extensions>
					<swisstopo:routepoint_id>1559960452</swisstopo:routepoint_id>
				</extensions>
			</trkpt>
			<trkpt lat="47.1704670919" lon="9.2643819113">
				<ele>1539.9</ele>
				<extensions>
					<swisstopo:routepoint_id>1441757479</swisstopo:routepoint_id>
				</extensions>
			</trkpt>
			<trkpt lat="47.1705090834" lon="9.2643613507">
				<ele>1540.2</ele>
				<extensions>
					<swisstopo:routepoint_id>2127764589</swisstopo:routepoint_id>
				</extensions>
			</trkpt>
			<trkpt lat="47.1705626033" lon="9.2643485018">
				<ele>1540.8</ele>
				<extensions>
					<swisstopo:routepoint_id>2122694479</swisstopo:routepoint_id>
				</extensions>
			</trkpt>
			<trkpt lat="47.1706045082" lon="9.2643328342">
				<ele>1541.3</ele>
				<extensions>
					<swisstopo:routepoint_id>889683099</swisstopo:routepoint_id>
				</extensions>
			</trkpt>
			<trkpt lat="47.1706466070" lon="9.2643049587">
				<ele>1542.0</ele>
				<extensions>
					<swisstopo:routepoint_id>322424640</swisstopo:routepoint_id>
				</extensions>
			</trkpt>
			<trkpt lat="47.1706939913" lon="9.2642601529">
				<ele>1542.4</ele>
				<extensions>
					<swisstopo:routepoint_id>290830916</swisstopo:routepoint_id>
				</extensions>
			</trkpt>
			<trkpt lat="47.1707464624" lon="9.2642081765">
				<ele>1542.7</ele>
				<extensions>
					<swisstopo:routepoint_id>935827992</swisstopo:routepoint_id>
				</extensions>
			</trkpt>
			<trkpt lat="47.1708358981" lon="9.2641379154">
				<ele>1543.1</ele>
				<extensions>
					<swisstopo:routepoint_id>184176817</swisstopo:routepoint_id>
				</extensions>
			</trkpt>
			<trkpt lat="47.1709353273" lon="9.2640679952">
				<ele>1543.8</ele>
				<extensions>
					<swisstopo:routepoint_id>1212067237</swisstopo:routepoint_id>
				</extensions>
			</trkpt>
			<trkpt lat="47.1709976840" lon="9.2640237128">
				<ele>1544.6</ele>
				<extensions>
					<swisstopo:routepoint_id>422745759</swisstopo:routepoint_id>
				</extensions>
			</trkpt>
			<trkpt lat="47.1710433823" lon="9.2639788360">
				<ele>1545.5</ele>
				<extensions>
					<swisstopo:routepoint_id>608864302</swisstopo:routepoint_id>
				</extensions>
			</trkpt>
			<trkpt lat="47.1710875757" lon="9.2639241413">
				<ele>1546.0</ele>
				<extensions>
					<swisstopo:routepoint_id>1223080998</swisstopo:routepoint_id>
				</extensions>
			</trkpt>
			<trkpt lat="47.1711153426" lon="9.2638542234">
				<ele>1546.4</ele>
				<extensions>
					<swisstopo:routepoint_id>146884143</swisstopo:routepoint_id>
				</extensions>
			</trkpt>
			<trkpt lat="47.1711384789" lon="9.2637621533">
				<ele>1547.2</ele>
				<extensions>
					<swisstopo:routepoint_id>516084568</swisstopo:routepoint_id>
				</extensions>
			</trkpt>
			<trkpt lat="47.1711479658" lon="9.2636891764">
				<ele>1547.7</ele>
				<extensions>
					<swisstopo:routepoint_id>964334811</swisstopo:routepoint_id>
				</extensions>
			</trkpt>
			<trkpt lat="47.1711436661" lon="9.2636450416">
				<ele>1548.0</ele>
				<extensions>
					<swisstopo:routepoint_id>957206184</swisstopo:routepoint_id>
				</extensions>
			</trkpt>
			<trkpt lat="47.1711275788" lon="9.2635995770">
				<ele>1548.1</ele>
				<extensions>
					<swisstopo:routepoint_id>1223101724</swisstopo:routepoint_id>
				</extensions>
			</trkpt>
			<trkpt lat="47.1710982950" lon="9.2635546029">
				<ele>1548.5</ele>
				<extensions>
					<swisstopo:routepoint_id>2095041648</swisstopo:routepoint_id>
				</extensions>
			</trkpt>
			<trkpt lat="47.1710601284" lon="9.2635184866">
				<ele>1548.8</ele>
				<extensions>
					<swisstopo:routepoint_id>1659259249</swisstopo:routepoint_id>
				</extensions>
			</trkpt>
			<trkpt lat="47.1710219619" lon="9.2634823576">
				<ele>1549.2</ele>
				<extensions>
					<swisstopo:routepoint_id>105128269</swisstopo:routepoint_id>
				</extensions>
			</trkpt>
			<trkpt lat="47.1709937218" lon="9.2634502523">
				<ele>1549.5</ele>
				<extensions>
					<swisstopo:routepoint_id>563358156</swisstopo:routepoint_id>
				</extensions>
			</trkpt>
			<trkpt lat="47.1709696751" lon="9.2634085879">
				<ele>1549.6</ele>
				<extensions>
					<swisstopo:routepoint_id>1566532568</swisstopo:routepoint_id>
				</extensions>
			</trkpt>
			<trkpt lat="47.1709540618" lon="9.2633420734">
				<ele>1549.6</ele>
				<extensions>
					<swisstopo:routepoint_id>442955010</swisstopo:routepoint_id>
				</extensions>
			</trkpt>
			<trkpt lat="47.1709520502" lon="9.2632589250">
				<ele>1550.1</ele>
				<extensions>
					<swisstopo:routepoint_id>304893136</swisstopo:routepoint_id>
				</extensions>
			</trkpt>
			<trkpt lat="47.1709667182" lon="9.2631739104">
				<ele>1550.6</ele>
				<extensions>
					<swisstopo:routepoint_id>574869627</swisstopo:routepoint_id>
				</extensions>
			</trkpt>
			<trkpt lat="47.1709997614" lon="9.2630870615">
				<ele>1551.6</ele>
				<extensions>
					<swisstopo:routepoint_id>1817990849</swisstopo:routepoint_id>
				</extensions>
			</trkpt>
			<trkpt lat="47.1710206004" lon="9.2630340049">
				<ele>1552.3</ele>
				<extensions>
					<swisstopo:routepoint_id>986261485</swisstopo:routepoint_id>
				</extensions>
			</trkpt>
			<trkpt lat="47.1710349674" lon="9.2629685257">
				<ele>1552.7</ele>
				<extensions>
					<swisstopo:routepoint_id>549355534</swisstopo:routepoint_id>
				</extensions>
			</trkpt>
			<trkpt lat="47.1710394183" lon="9.2628978123">
				<ele>1553.3</ele>
				<extensions>
					<swisstopo:routepoint_id>917699584</swisstopo:routepoint_id>
				</extensions>
			</trkpt>
			<trkpt lat="47.1710487199" lon="9.2628370436">
				<ele>1553.9</ele>
				<extensions>
					<swisstopo:routepoint_id>510252865</swisstopo:routepoint_id>
				</extensions>
			</trkpt>
			<trkpt lat="47.1710744307" lon="9.2627914842">
				<ele>1554.6</ele>
				<extensions>
					<swisstopo:routepoint_id>305536006</swisstopo:routepoint_id>
				</extensions>
			</trkpt>
			<trkpt lat="47.1711252114" lon="9.2627418965">
				<ele>1555.1</ele>
				<extensions>
					<swisstopo:routepoint_id>2131530180</swisstopo:routepoint_id>
				</extensions>
			</trkpt>
			<trkpt lat="47.1711591784" lon="9.2627015146">
				<ele>1555.4</ele>
				<extensions>
					<swisstopo:routepoint_id>999696323</swisstopo:routepoint_id>
				</extensions>
			</trkpt>
			<trkpt lat="47.1712083591" lon="9.2626469888">
				<ele>1555.8</ele>
				<extensions>
					<swisstopo:routepoint_id>1626611919</swisstopo:routepoint_id>
				</extensions>
			</trkpt>
			<trkpt lat="47.1712539967" lon="9.2626070177">
				<ele>1556.3</ele>
				<extensions>
					<swisstopo:routepoint_id>1922827425</swisstopo:routepoint_id>
				</extensions>
			</trkpt>
			<trkpt lat="47.1713113177" lon="9.2625649839">
				<ele>1556.7</ele>
				<extensions>
					<swisstopo:routepoint_id>1633183276</swisstopo:routepoint_id>
				</extensions>
			</trkpt>
			<trkpt lat="47.1713638742" lon="9.2625081248">
				<ele>1557.5</ele>
				<extensions>
					<swisstopo:routepoint_id>1944038162</swisstopo:routepoint_id>
				</extensions>
			</trkpt>
			<trkpt lat="47.1714030315" lon="9.2624556921">
				<ele>1557.8</ele>
				<extensions>
					<swisstopo:routepoint_id>810069785</swisstopo:routepoint_id>
				</extensions>
			</trkpt>
			<trkpt lat="47.1714157772" lon="9.2623877090">
				<ele>1557.8</ele>
				<extensions>
					<swisstopo:routepoint_id>748671194</swisstopo:routepoint_id>
				</extensions>
			</trkpt>
			<trkpt lat="47.1714082263" lon="9.2623385800">
				<ele>1557.9</ele>
				<extensions>
					<swisstopo:routepoint_id>2011833087</swisstopo:routepoint_id>
				</extensions>
			</trkpt>
			<trkpt lat="47.1713838527" lon="9.2622986570">
				<ele>1558.1</ele>
				<extensions>
					<swisstopo:routepoint_id>220400645</swisstopo:routepoint_id>
				</extensions>
			</trkpt>
			<trkpt lat="47.1713392779" lon="9.2622726824">
				<ele>1558.6</ele>
				<extensions>
					<swisstopo:routepoint_id>1297421869</swisstopo:routepoint_id>
				</extensions>
			</trkpt>
			<trkpt lat="47.1712613461" lon="9.2622480445">
				<ele>1559.6</ele>
				<extensions>
					<swisstopo:routepoint_id>1880770466</swisstopo:routepoint_id>
				</extensions>
			</trkpt>
			<trkpt lat="47.1712017030" lon="9.2622264782">
				<ele>1560.2</ele>
				<extensions>
					<swisstopo:routepoint_id>770967431</swisstopo:routepoint_id>
				</extensions>
			</trkpt>
			<trkpt lat="47.1711318647" lon="9.2622167404">
				<ele>1561.1</ele>
				<extensions>
					<swisstopo:routepoint_id>1173131334</swisstopo:routepoint_id>
				</extensions>
			</trkpt>
			<trkpt lat="47.1710588612" lon="9.2621971539">
				<ele>1561.9</ele>
				<extensions>
					<swisstopo:routepoint_id>298292376</swisstopo:routepoint_id>
				</extensions>
			</trkpt>
			<trkpt lat="47.1709742643" lon="9.2621722762">
				<ele>1562.8</ele>
				<extensions>
					<swisstopo:routepoint_id>1226640168</swisstopo:routepoint_id>
				</extensions>
			</trkpt>
			<trkpt lat="47.1708848343" lon="9.2621374544">
				<ele>1564.1</ele>
				<extensions>
					<swisstopo:routepoint_id>942144557</swisstopo:routepoint_id>
				</extensions>
			</trkpt>
			<trkpt lat="47.1707589904" lon="9.2620867418">
				<ele>1565.6</ele>
				<extensions>
					<swisstopo:routepoint_id>1643474553</swisstopo:routepoint_id>
				</extensions>
			</trkpt>
			<trkpt lat="47.1706828908" lon="9.2620523876">
				<ele>1566.7</ele>
				<extensions>
					<swisstopo:routepoint_id>43923982</swisstopo:routepoint_id>
				</extensions>
			</trkpt>
			<trkpt lat="47.1706283046" lon="9.2620260851">
				<ele>1567.5</ele>
				<extensions>
					<swisstopo:routepoint_id>548660600</swisstopo:routepoint_id>
				</extensions>
			</trkpt>
			<trkpt lat="47.1705872895" lon="9.2619856086">
				<ele>1567.9</ele>
				<extensions>
					<swisstopo:routepoint_id>1535099494</swisstopo:routepoint_id>
				</extensions>
			</trkpt>
			<trkpt lat="47.1705580141" lon="9.2619406231">
				<ele>1568.3</ele>
				<extensions>
					<swisstopo:routepoint_id>1485071104</swisstopo:routepoint_id>
				</extensions>
			</trkpt>
			<trkpt lat="47.1705389083" lon="9.2618837570">
				<ele>1568.7</ele>
				<extensions>
					<swisstopo:routepoint_id>1750580772</swisstopo:routepoint_id>
				</extensions>
			</trkpt>
			<trkpt lat="47.1705246920" lon="9.2618343889">
				<ele>1569.4</ele>
				<extensions>
					<swisstopo:routepoint_id>1849365229</swisstopo:routepoint_id>
				</extensions>
			</trkpt>
			<trkpt lat="47.1704938640" lon="9.2617820323">
				<ele>1570.3</ele>
				<extensions>
					<swisstopo:routepoint_id>36142069</swisstopo:routepoint_id>
				</extensions>
			</trkpt>
			<trkpt lat="47.1704578844" lon="9.2617392796">
				<ele>1570.9</ele>
				<extensions>
					<swisstopo:routepoint_id>2060088950</swisstopo:routepoint_id>
				</extensions>
			</trkpt>
			<trkpt lat="47.1704151237" lon="9.2617036012">
				<ele>1571.4</ele>
				<extensions>
					<swisstopo:routepoint_id>682175748</swisstopo:routepoint_id>
				</extensions>
			</trkpt>
			<trkpt lat="47.1703658524" lon="9.2616579347">
				<ele>1571.9</ele>
				<extensions>
					<swisstopo:routepoint_id>1256434157</swisstopo:routepoint_id>
				</extensions>
			</trkpt>
			<trkpt lat="47.1703251084" lon="9.2616003444">
				<ele>1572.6</ele>
				<extensions>
					<swisstopo:routepoint_id>1319460497</swisstopo:routepoint_id>
				</extensions>
			</trkpt>
			<trkpt lat="47.1702942803" lon="9.2615479754">
				<ele>1573.3</ele>
				<extensions>
					<swisstopo:routepoint_id>1308859074</swisstopo:routepoint_id>
				</extensions>
			</trkpt>
			<trkpt lat="47.1702599904" lon="9.2615028324">
				<ele>1574.0</ele>
				<extensions>
					<swisstopo:routepoint_id>1243566354</swisstopo:routepoint_id>
				</extensions>
			</trkpt>
			<trkpt lat="47.1702105729" lon="9.2614669405">
				<ele>1574.8</ele>
				<extensions>
					<swisstopo:routepoint_id>2025662035</swisstopo:routepoint_id>
				</extensions>
			</trkpt>
			<trkpt lat="47.1701329211" lon="9.2614251776">
				<ele>1575.7</ele>
				<extensions>
					<swisstopo:routepoint_id>2102244697</swisstopo:routepoint_id>
				</extensions>
			</trkpt>
			<trkpt lat="47.1700915875" lon="9.2614042366">
				<ele>1576.1</ele>
				<extensions>
					<swisstopo:routepoint_id>688822461</swisstopo:routepoint_id>
				</extensions>
			</trkpt>
			<trkpt lat="47.1700516521" lon="9.2614004278">
				<ele>1576.3</ele>
				<extensions>
					<swisstopo:routepoint_id>1083429682</swisstopo:routepoint_id>
				</extensions>
			</trkpt>
			<trkpt lat="47.1700128908" lon="9.2614284447">
				<ele>1576.7</ele>
				<extensions>
					<swisstopo:routepoint_id>1880246641</swisstopo:routepoint_id>
				</extensions>
			</trkpt>
			<trkpt lat="47.1699872019" lon="9.2614715437">
				<ele>1577.3</ele>
				<extensions>
					<swisstopo:routepoint_id>1531345527</swisstopo:routepoint_id>
				</extensions>
			</trkpt>
			<trkpt lat="47.1699662180" lon="9.2615343484">
				<ele>1578.3</ele>
				<extensions>
					<swisstopo:routepoint_id>1620127120</swisstopo:routepoint_id>
				</extensions>
			</trkpt>
			<trkpt lat="47.1699602572" lon="9.2616299789">
				<ele>1578.0</ele>
				<extensions>
					<swisstopo:routepoint_id>1532735555</swisstopo:routepoint_id>
				</extensions>
			</trkpt>
			<trkpt lat="47.1699181732" lon="9.2615416014">
				<ele>1578.6</ele>
				<extensions>
					<swisstopo:routepoint_id>127864365</swisstopo:routepoint_id>
				</extensions>
			</trkpt>
			<trkpt lat="47.1698613592" lon="9.2614468083">
				<ele>1578.7</ele>
				<extensions>
					<swisstopo:routepoint_id>1604710834</swisstopo:routepoint_id>
				</extensions>
			</trkpt>
			<trkpt lat="47.1698024810" lon="9.2613763865">
				<ele>1578.9</ele>
				<extensions>
					<swisstopo:routepoint_id>1486736297</swisstopo:routepoint_id>
				</extensions>
			</trkpt>
			<trkpt lat="47.1697501133" lon="9.2613159531">
				<ele>1579.1</ele>
				<extensions>
					<swisstopo:routepoint_id>2074613627</swisstopo:routepoint_id>
				</extensions>
			</trkpt>
			<trkpt lat="47.1696990362" lon="9.2612800052">
				<ele>1579.4</ele>
				<extensions>
					<swisstopo:routepoint_id>63371156</swisstopo:routepoint_id>
				</extensions>
			</trkpt>
			<trkpt lat="47.1696393842" lon="9.2612584273">
				<ele>1579.8</ele>
				<extensions>
					<swisstopo:routepoint_id>255550108</swisstopo:routepoint_id>
				</extensions>
			</trkpt>
			<trkpt lat="47.1695847290" lon="9.2612370199">
				<ele>1580.2</ele>
				<extensions>
					<swisstopo:routepoint_id>1398620310</swisstopo:routepoint_id>
				</extensions>
			</trkpt>
			<trkpt lat="47.1695323703" lon="9.2611765742">
				<ele>1580.6</ele>
				<extensions>
					<swisstopo:routepoint_id>419179210</swisstopo:routepoint_id>
				</extensions>
			</trkpt>
			<trkpt lat="47.1695002513" lon="9.2610997465">
				<ele>1581.2</ele>
				<extensions>
					<swisstopo:routepoint_id>2090905074</swisstopo:routepoint_id>
				</extensions>
			</trkpt>
			<trkpt lat="47.1694847143" lon="9.2610283412">
				<ele>1581.6</ele>
				<extensions>
					<swisstopo:routepoint_id>1471560218</swisstopo:routepoint_id>
				</extensions>
			</trkpt>
			<trkpt lat="47.1694540109" lon="9.2609686464">
				<ele>1581.9</ele>
				<extensions>
					<swisstopo:routepoint_id>1712631337</swisstopo:routepoint_id>
				</extensions>
			</trkpt>
			<trkpt lat="47.1694148484" lon="9.2609160204">
				<ele>1582.1</ele>
				<extensions>
					<swisstopo:routepoint_id>541604589</swisstopo:routepoint_id>
				</extensions>
			</trkpt>
			<trkpt lat="47.1693506638" lon="9.2608649644">
				<ele>1582.4</ele>
				<extensions>
					<swisstopo:routepoint_id>1452429834</swisstopo:routepoint_id>
				</extensions>
			</trkpt>
			<trkpt lat="47.1692667715" lon="9.2607961270">
				<ele>1582.9</ele>
				<extensions>
					<swisstopo:routepoint_id>2138370397</swisstopo:routepoint_id>
				</extensions>
			</trkpt>
			<trkpt lat="47.1691812104" lon="9.2607272460">
				<ele>1583.3</ele>
				<extensions>
					<swisstopo:routepoint_id>836147074</swisstopo:routepoint_id>
				</extensions>
			</trkpt>
			<trkpt lat="47.1690923900" lon="9.2606533453">
				<ele>1583.8</ele>
				<extensions>
					<swisstopo:routepoint_id>281789587</swisstopo:routepoint_id>
				</extensions>
			</trkpt>
			<trkpt lat="47.1690251952" lon="9.2605826293">
				<ele>1584.2</ele>
				<extensions>
					<swisstopo:routepoint_id>192954251</swisstopo:routepoint_id>
				</extensions>
			</trkpt>
			<trkpt lat="47.1689596899" lon="9.2605095360">
				<ele>1584.4</ele>
				<extensions>
					<swisstopo:routepoint_id>1196734979</swisstopo:routepoint_id>
				</extensions>
			</trkpt>
			<trkpt lat="47.1688814899" lon="9.2603969203">
				<ele>1584.8</ele>
				<extensions>
					<swisstopo:routepoint_id>1260425741</swisstopo:routepoint_id>
				</extensions>
			</trkpt>
			<trkpt lat="47.1688309062" lon="9.2603292186">
				<ele>1584.7</ele>
				<extensions>
					<swisstopo:routepoint_id>1412224055</swisstopo:routepoint_id>
				</extensions>
			</trkpt>
			<trkpt lat="47.1687669145" lon="9.2602659563">
				<ele>1584.4</ele>
				<extensions>
					<swisstopo:routepoint_id>753562402</swisstopo:routepoint_id>
				</extensions>
			</trkpt>
			<trkpt lat="47.1687047372" lon="9.2601929770">
				<ele>1584.4</ele>
				<extensions>
					<swisstopo:routepoint_id>273990510</swisstopo:routepoint_id>
				</extensions>
			</trkpt>
			<trkpt lat="47.1686427022" lon="9.2601126718">
				<ele>1584.7</ele>
				<extensions>
					<swisstopo:routepoint_id>1674866998</swisstopo:routepoint_id>
				</extensions>
			</trkpt>
			<trkpt lat="47.1685725474" lon="9.2600174412">
				<ele>1585.0</ele>
				<extensions>
					<swisstopo:routepoint_id>424945439</swisstopo:routepoint_id>
				</extensions>
			</trkpt>
			<trkpt lat="47.1685202178" lon="9.2599545637">
				<ele>1585.2</ele>
				<extensions>
					<swisstopo:routepoint_id>61484178</swisstopo:routepoint_id>
				</extensions>
			</trkpt>
			<trkpt lat="47.1684857517" lon="9.2599216185">
				<ele>1585.5</ele>
				<extensions>
					<swisstopo:routepoint_id>1608156760</swisstopo:routepoint_id>
				</extensions>
			</trkpt>
			<trkpt lat="47.1684461636" lon="9.2598958556">
				<ele>1585.8</ele>
				<extensions>
					<swisstopo:routepoint_id>1166409168</swisstopo:routepoint_id>
				</extensions>
			</trkpt>
			<trkpt lat="47.1683933017" lon="9.2598671673">
				<ele>1586.2</ele>
				<extensions>
					<swisstopo:routepoint_id>1559796471</swisstopo:routepoint_id>
				</extensions>
			</trkpt>
			<trkpt lat="47.1683489016" lon="9.2598290009">
				<ele>1586.5</ele>
				<extensions>
					<swisstopo:routepoint_id>29352862</swisstopo:routepoint_id>
				</extensions>
			</trkpt>
			<trkpt lat="47.1683213238" lon="9.2597816414">
				<ele>1586.6</ele>
				<extensions>
					<swisstopo:routepoint_id>269219813</swisstopo:routepoint_id>
				</extensions>
			</trkpt>
			<trkpt lat="47.1682926573" lon="9.2596975772">
				<ele>1586.6</ele>
				<extensions>
					<swisstopo:routepoint_id>1357478163</swisstopo:routepoint_id>
				</extensions>
			</trkpt>
			<trkpt lat="47.1682559360" lon="9.2595961420">
				<ele>1586.4</ele>
				<extensions>
					<swisstopo:routepoint_id>1472410992</swisstopo:routepoint_id>
				</extensions>
			</trkpt>
			<trkpt lat="47.1682253002" lon="9.2595315815">
				<ele>1586.1</ele>
				<extensions>
					<swisstopo:routepoint_id>1581919436</swisstopo:routepoint_id>
				</extensions>
			</trkpt>
			<trkpt lat="47.1681767235" lon="9.2594419570">
				<ele>1585.6</ele>
				<extensions>
					<swisstopo:routepoint_id>1521617016</swisstopo:routepoint_id>
				</extensions>
			</trkpt>
			<trkpt lat="47.1681494934" lon="9.2593726039">
				<ele>1585.2</ele>
				<extensions>
					<swisstopo:routepoint_id>294863235</swisstopo:routepoint_id>
				</extensions>
			</trkpt>
			<trkpt lat="47.1681240176" lon="9.2592984405">
				<ele>1585.1</ele>
				<extensions>
					<swisstopo:routepoint_id>642844356</swisstopo:routepoint_id>
				</extensions>
			</trkpt>
			<trkpt lat="47.1681166793" lon="9.2592346733">
				<ele>1585.3</ele>
				<extensions>
					<swisstopo:routepoint_id>466026995</swisstopo:routepoint_id>
				</extensions>
			</trkpt>
			<trkpt lat="47.1681127255" lon="9.2591685733">
				<ele>1585.5</ele>
				<extensions>
					<swisstopo:routepoint_id>206636942</swisstopo:routepoint_id>
				</extensions>
			</trkpt>
			<trkpt lat="47.1681209752" lon="9.2590686562">
				<ele>1585.8</ele>
				<extensions>
					<swisstopo:routepoint_id>1868311568</swisstopo:routepoint_id>
				</extensions>
			</trkpt>
			<trkpt lat="47.1681205355" lon="9.2589998027">
				<ele>1586.5</ele>
				<extensions>
					<swisstopo:routepoint_id>419079383</swisstopo:routepoint_id>
				</extensions>
			</trkpt>
			<trkpt lat="47.1681100799" lon="9.2589236898">
				<ele>1587.8</ele>
				<extensions>
					<swisstopo:routepoint_id>658951166</swisstopo:routepoint_id>
				</extensions>
			</trkpt>
			<trkpt lat="47.1680929588" lon="9.2588473630">
				<ele>1589.5</ele>
				<extensions>
					<swisstopo:routepoint_id>414279820</swisstopo:routepoint_id>
				</extensions>
			</trkpt>
			<trkpt lat="47.1680671646" lon="9.2587927468">
				<ele>1590.6</ele>
				<extensions>
					<swisstopo:routepoint_id>1022848865</swisstopo:routepoint_id>
				</extensions>
			</trkpt>
			<trkpt lat="47.1680281562" lon="9.2587303244">
				<ele>1591.9</ele>
				<extensions>
					<swisstopo:routepoint_id>1890464890</swisstopo:routepoint_id>
				</extensions>
			</trkpt>
			<trkpt lat="47.1679434052" lon="9.2586101467">
				<ele>1594.5</ele>
				<extensions>
					<swisstopo:routepoint_id>1984940884</swisstopo:routepoint_id>
				</extensions>
			</trkpt>
			<trkpt lat="47.1678440112" lon="9.2584674914">
				<ele>1596.8</ele>
				<extensions>
					<swisstopo:routepoint_id>1364607771</swisstopo:routepoint_id>
				</extensions>
			</trkpt>
			<trkpt lat="47.1678017427" lon="9.2584000758">
				<ele>1597.9</ele>
				<extensions>
					<swisstopo:routepoint_id>1305667431</swisstopo:routepoint_id>
				</extensions>
			</trkpt>
			<trkpt lat="47.1677691290" lon="9.2583549812">
				<ele>1598.7</ele>
				<extensions>
					<swisstopo:routepoint_id>877751582</swisstopo:routepoint_id>
				</extensions>
			</trkpt>
			<trkpt lat="47.1677326373" lon="9.2583439740">
				<ele>1599.3</ele>
				<extensions>
					<swisstopo:routepoint_id>1272672986</swisstopo:routepoint_id>
				</extensions>
			</trkpt>
			<trkpt lat="47.1676775359" lon="9.2583518656">
				<ele>1599.7</ele>
				<extensions>
					<swisstopo:routepoint_id>290248589</swisstopo:routepoint_id>
				</extensions>
			</trkpt>
			<trkpt lat="47.1676359790" lon="9.2583455692">
				<ele>1600.2</ele>
				<extensions>
					<swisstopo:routepoint_id>1479247244</swisstopo:routepoint_id>
				</extensions>
			</trkpt>
			<trkpt lat="47.1676047073" lon="9.2583200650">
				<ele>1600.7</ele>
				<extensions>
					<swisstopo:routepoint_id>1289063740</swisstopo:routepoint_id>
				</extensions>
			</trkpt>
			<trkpt lat="47.1675771463" lon="9.2582727075">
				<ele>1601.1</ele>
				<extensions>
					<swisstopo:routepoint_id>1282791539</swisstopo:routepoint_id>
				</extensions>
			</trkpt>
			<trkpt lat="47.1675535821" lon="9.2581815138">
				<ele>1601.8</ele>
				<extensions>
					<swisstopo:routepoint_id>1181467043</swisstopo:routepoint_id>
				</extensions>
			</trkpt>
			<trkpt lat="47.1675400679" lon="9.2580882011">
				<ele>1602.5</ele>
				<extensions>
					<swisstopo:routepoint_id>197607615</swisstopo:routepoint_id>
				</extensions>
			</trkpt>
			<trkpt lat="47.1675295939" lon="9.2580121015">
				<ele>1603.0</ele>
				<extensions>
					<swisstopo:routepoint_id>1810940878</swisstopo:routepoint_id>
				</extensions>
			</trkpt>
			<trkpt lat="47.1675159639" lon="9.2579261029">
				<ele>1603.1</ele>
				<extensions>
					<swisstopo:routepoint_id>1384913352</swisstopo:routepoint_id>
				</extensions>
			</trkpt>
			<trkpt lat="47.1675117307" lon="9.2578770782">
				<ele>1603.0</ele>
				<extensions>
					<swisstopo:routepoint_id>1819700097</swisstopo:routepoint_id>
				</extensions>
			</trkpt>
			<trkpt lat="47.1675147978" lon="9.2577892253">
				<ele>1603.0</ele>
				<extensions>
					<swisstopo:routepoint_id>1487771274</swisstopo:routepoint_id>
				</extensions>
			</trkpt>
			<trkpt lat="47.1675095994" lon="9.2576961956">
				<ele>1602.9</ele>
				<extensions>
					<swisstopo:routepoint_id>209892064</swisstopo:routepoint_id>
				</extensions>
			</trkpt>
			<trkpt lat="47.1674926617" lon="9.2576076625">
				<ele>1602.6</ele>
				<extensions>
					<swisstopo:routepoint_id>1220374023</swisstopo:routepoint_id>
				</extensions>
			</trkpt>
			<trkpt lat="47.1674752693" lon="9.2575484374">
				<ele>1602.5</ele>
				<extensions>
					<swisstopo:routepoint_id>222653471</swisstopo:routepoint_id>
				</extensions>
			</trkpt>
			<trkpt lat="47.1674433887" lon="9.2574569357">
				<ele>1602.5</ele>
				<extensions>
					<swisstopo:routepoint_id>1264073206</swisstopo:routepoint_id>
				</extensions>
			</trkpt>
			<trkpt lat="47.1674084110" lon="9.2573506929">
				<ele>1602.8</ele>
				<extensions>
					<swisstopo:routepoint_id>989678403</swisstopo:routepoint_id>
				</extensions>
			</trkpt>
			<trkpt lat="47.1673848552" lon="9.2572594744">
				<ele>1603.0</ele>
				<extensions>
					<swisstopo:routepoint_id>736160110</swisstopo:routepoint_id>
				</extensions>
			</trkpt>
			<trkpt lat="47.1673727981" lon="9.2571784385">
				<ele>1603.4</ele>
				<extensions>
					<swisstopo:routepoint_id>1748619615</swisstopo:routepoint_id>
				</extensions>
			</trkpt>
			<trkpt lat="47.1673652537" lon="9.2571293142">
				<ele>1603.8</ele>
				<extensions>
					<swisstopo:routepoint_id>227156962</swisstopo:routepoint_id>
				</extensions>
			</trkpt>
			<trkpt lat="47.1673594760" lon="9.2570729192">
				<ele>1604.0</ele>
				<extensions>
					<swisstopo:routepoint_id>44223032</swisstopo:routepoint_id>
				</extensions>
			</trkpt>
			<trkpt lat="47.1673418520" lon="9.2570283353">
				<ele>1604.3</ele>
				<extensions>
					<swisstopo:routepoint_id>1578640131</swisstopo:routepoint_id>
				</extensions>
			</trkpt>
			<trkpt lat="47.1673157312" lon="9.2569932284">
				<ele>1604.5</ele>
				<extensions>
					<swisstopo:routepoint_id>79952158</swisstopo:routepoint_id>
				</extensions>
			</trkpt>
			<trkpt lat="47.1672796130" lon="9.2569602426">
				<ele>1604.7</ele>
				<extensions>
					<swisstopo:routepoint_id>591338982</swisstopo:routepoint_id>
				</extensions>
			</trkpt>
			<trkpt lat="47.1672335436" lon="9.2569220228">
				<ele>1604.8</ele>
				<extensions>
					<swisstopo:routepoint_id>682982771</swisstopo:routepoint_id>
				</extensions>
			</trkpt>
			<trkpt lat="47.1672058190" lon="9.2568844266">
				<ele>1604.8</ele>
				<extensions>
					<swisstopo:routepoint_id>1532807569</swisstopo:routepoint_id>
				</extensions>
			</trkpt>
			<trkpt lat="47.1671667322" lon="9.2568268997">
				<ele>1604.7</ele>
				<extensions>
					<swisstopo:routepoint_id>613785730</swisstopo:routepoint_id>
				</extensions>
			</trkpt>
			<trkpt lat="47.1671212976" lon="9.2567496000">
				<ele>1604.7</ele>
				<extensions>
					<swisstopo:routepoint_id>2128098645</swisstopo:routepoint_id>
				</extensions>
			</trkpt>
			<trkpt lat="47.1670839563" lon="9.2566872497">
				<ele>1604.7</ele>
				<extensions>
					<swisstopo:routepoint_id>1986488301</swisstopo:routepoint_id>
				</extensions>
			</trkpt>
			<trkpt lat="47.1670432097" lon="9.2566296668">
				<ele>1604.4</ele>
				<extensions>
					<swisstopo:routepoint_id>1154804320</swisstopo:routepoint_id>
				</extensions>
			</trkpt>
			<trkpt lat="47.1669990013" lon="9.2565793099">
				<ele>1604.1</ele>
				<extensions>
					<swisstopo:routepoint_id>1979658413</swisstopo:routepoint_id>
				</extensions>
			</trkpt>
			<trkpt lat="47.1669582546" lon="9.2565217272">
				<ele>1603.7</ele>
				<extensions>
					<swisstopo:routepoint_id>602312732</swisstopo:routepoint_id>
				</extensions>
			</trkpt>
			<trkpt lat="47.1669209518" lon="9.2564569307">
				<ele>1603.1</ele>
				<extensions>
					<swisstopo:routepoint_id>2043767671</swisstopo:routepoint_id>
				</extensions>
			</trkpt>
			<trkpt lat="47.1668899671" lon="9.2564143413">
				<ele>1602.7</ele>
				<extensions>
					<swisstopo:routepoint_id>1643923418</swisstopo:routepoint_id>
				</extensions>
			</trkpt>
			<trkpt lat="47.1668689674" lon="9.2563720783">
				<ele>1602.5</ele>
				<extensions>
					<swisstopo:routepoint_id>719588525</swisstopo:routepoint_id>
				</extensions>
			</trkpt>
			<trkpt lat="47.1668664107" lon="9.2563231241">
				<ele>1602.4</ele>
				<extensions>
					<swisstopo:routepoint_id>1090586810</swisstopo:routepoint_id>
				</extensions>
			</trkpt>
			<trkpt lat="47.1668819794" lon="9.2562870122">
				<ele>1602.3</ele>
				<extensions>
					<swisstopo:routepoint_id>379551200</swisstopo:routepoint_id>
				</extensions>
			</trkpt>
			<trkpt lat="47.1669124618" lon="9.2562562770">
				<ele>1602.3</ele>
				<extensions>
					<swisstopo:routepoint_id>652049063</swisstopo:routepoint_id>
				</extensions>
			</trkpt>
			<trkpt lat="47.1669713331" lon="9.2562216362">
				<ele>1602.5</ele>
				<extensions>
					<swisstopo:routepoint_id>2048114918</swisstopo:routepoint_id>
				</extensions>
			</trkpt>
			<trkpt lat="47.1670467691" lon="9.2561924152">
				<ele>1602.5</ele>
				<extensions>
					<swisstopo:routepoint_id>319043690</swisstopo:routepoint_id>
				</extensions>
			</trkpt>
			<trkpt lat="47.1670920573" lon="9.2561744222">
				<ele>1602.5</ele>
				<extensions>
					<swisstopo:routepoint_id>208417021</swisstopo:routepoint_id>
				</extensions>
			</trkpt>
			<trkpt lat="47.1671438005" lon="9.2561688623">
				<ele>1602.5</ele>
				<extensions>
					<swisstopo:routepoint_id>1873678147</swisstopo:routepoint_id>
				</extensions>
			</trkpt>
			<trkpt lat="47.1672071205" lon="9.2561685397">
				<ele>1602.9</ele>
				<extensions>
					<swisstopo:routepoint_id>862580371</swisstopo:routepoint_id>
				</extensions>
			</trkpt>
			<trkpt lat="47.1672455804" lon="9.2561600806">
				<ele>1603.4</ele>
				<extensions>
					<swisstopo:routepoint_id>862009119</swisstopo:routepoint_id>
				</extensions>
			</trkpt>
			<trkpt lat="47.1673158826" lon="9.2561404766">
				<ele>1604.3</ele>
				<extensions>
					<swisstopo:routepoint_id>696926151</swisstopo:routepoint_id>
				</extensions>
			</trkpt>
			<trkpt lat="47.1673745613" lon="9.2561180297">
				<ele>1604.7</ele>
				<extensions>
					<swisstopo:routepoint_id>1813270504</swisstopo:routepoint_id>
				</extensions>
			</trkpt>
			<trkpt lat="47.1674149212" lon="9.2560949733">
				<ele>1604.8</ele>
				<extensions>
					<swisstopo:routepoint_id>175923768</swisstopo:routepoint_id>
				</extensions>
			</trkpt>
			<trkpt lat="47.1674570563" lon="9.2560646593">
				<ele>1605.0</ele>
				<extensions>
					<swisstopo:routepoint_id>639642950</swisstopo:routepoint_id>
				</extensions>
			</trkpt>
			<trkpt lat="47.1674956710" lon="9.2560464007">
				<ele>1605.1</ele>
				<extensions>
					<swisstopo:routepoint_id>845002023</swisstopo:routepoint_id>
				</extensions>
			</trkpt>
			<trkpt lat="47.1675408261" lon="9.2560357209">
				<ele>1605.4</ele>
				<extensions>
					<swisstopo:routepoint_id>557524612</swisstopo:routepoint_id>
				</extensions>
			</trkpt>
			<trkpt lat="47.1676009713" lon="9.2560255633">
				<ele>1605.8</ele>
				<extensions>
					<swisstopo:routepoint_id>1387138692</swisstopo:routepoint_id>
				</extensions>
			</trkpt>
			<trkpt lat="47.1676609717" lon="9.2560251407">
				<ele>1605.9</ele>
				<extensions>
					<swisstopo:routepoint_id>1589197433</swisstopo:routepoint_id>
				</extensions>
			</trkpt>
			<trkpt lat="47.1677294897" lon="9.2560127937">
				<ele>1606.1</ele>
				<extensions>
					<swisstopo:routepoint_id>1550366412</swisstopo:routepoint_id>
				</extensions>
			</trkpt>
			<trkpt lat="47.1678216016" lon="9.2559841772">
				<ele>1606.5</ele>
				<extensions>
					<swisstopo:routepoint_id>1904295779</swisstopo:routepoint_id>
				</extensions>
			</trkpt>
			<trkpt lat="47.1679154197" lon="9.2559671237">
				<ele>1607.1</ele>
				<extensions>
					<swisstopo:routepoint_id>273675658</swisstopo:routepoint_id>
				</extensions>
			</trkpt>
			<trkpt lat="47.1679703844" lon="9.2559689908">
				<ele>1607.4</ele>
				<extensions>
					<swisstopo:routepoint_id>168549093</swisstopo:routepoint_id>
				</extensions>
			</trkpt>
			<trkpt lat="47.1680119117" lon="9.2559777195">
				<ele>1607.6</ele>
				<extensions>
					<swisstopo:routepoint_id>1695048885</swisstopo:routepoint_id>
				</extensions>
			</trkpt>
			<trkpt lat="47.1680566041" lon="9.2559963347">
				<ele>1607.7</ele>
				<extensions>
					<swisstopo:routepoint_id>2009206159</swisstopo:routepoint_id>
				</extensions>
			</trkpt>
			<trkpt lat="47.1681030804" lon="9.2560077052">
				<ele>1607.9</ele>
				<extensions>
					<swisstopo:routepoint_id>2547236</swisstopo:routepoint_id>
				</extensions>
			</trkpt>
			<trkpt lat="47.1681696685" lon="9.2560124151">
				<ele>1608.3</ele>
				<extensions>
					<swisstopo:routepoint_id>2020605042</swisstopo:routepoint_id>
				</extensions>
			</trkpt>
			<trkpt lat="47.1682479784" lon="9.2560126275">
				<ele>1608.9</ele>
				<extensions>
					<swisstopo:routepoint_id>1304045411</swisstopo:routepoint_id>
				</extensions>
			</trkpt>
			<trkpt lat="47.1683114611" lon="9.2560025572">
				<ele>1609.5</ele>
				<extensions>
					<swisstopo:routepoint_id>405629627</swisstopo:routepoint_id>
				</extensions>
			</trkpt>
			<trkpt lat="47.1683535965" lon="9.2559722297">
				<ele>1609.9</ele>
				<extensions>
					<swisstopo:routepoint_id>98792794</swisstopo:routepoint_id>
				</extensions>
			</trkpt>
			<trkpt lat="47.1684155650" lon="9.2559523291">
				<ele>1610.4</ele>
				<extensions>
					<swisstopo:routepoint_id>139278632</swisstopo:routepoint_id>
				</extensions>
			</trkpt>
			<trkpt lat="47.1684692851" lon="9.2559272909">
				<ele>1610.9</ele>
				<extensions>
					<swisstopo:routepoint_id>1236597014</swisstopo:routepoint_id>
				</extensions>
			</trkpt>
			<trkpt lat="47.1685129731" lon="9.2559043470">
				<ele>1611.5</ele>
				<extensions>
					<swisstopo:routepoint_id>1727822364</swisstopo:routepoint_id>
				</extensions>
			</trkpt>
			<trkpt lat="47.1685520172" lon="9.2558806011">
				<ele>1611.8</ele>
				<extensions>
					<swisstopo:routepoint_id>1814609573</swisstopo:routepoint_id>
				</extensions>
			</trkpt>
			<trkpt lat="47.1685826148" lon="9.2558425504">
				<ele>1611.7</ele>
				<extensions>
					<swisstopo:routepoint_id>1562646048</swisstopo:routepoint_id>
				</extensions>
			</trkpt>
			<trkpt lat="47.1686225845" lon="9.2557885586">
				<ele>1611.2</ele>
				<extensions>
					<swisstopo:routepoint_id>1475234209</swisstopo:routepoint_id>
				</extensions>
			</trkpt>
			<trkpt lat="47.1686614898" lon="9.2557340795">
				<ele>1610.7</ele>
				<extensions>
					<swisstopo:routepoint_id>884533649</swisstopo:routepoint_id>
				</extensions>
			</trkpt>
			<trkpt lat="47.1686960199" lon="9.2556562091">
				<ele>1610.4</ele>
				<extensions>
					<swisstopo:routepoint_id>325746436</swisstopo:routepoint_id>
				</extensions>
			</trkpt>
			<trkpt lat="47.1687294652" lon="9.2555457566">
				<ele>1610.8</ele>
				<extensions>
					<swisstopo:routepoint_id>1473882883</swisstopo:routepoint_id>
				</extensions>
			</trkpt>
			<trkpt lat="47.1687665294" lon="9.2554075331">
				<ele>1611.8</ele>
				<extensions>
					<swisstopo:routepoint_id>631926014</swisstopo:routepoint_id>
				</extensions>
			</trkpt>
			<trkpt lat="47.1688003870" lon="9.2552715067">
				<ele>1613.1</ele>
				<extensions>
					<swisstopo:routepoint_id>1213882702</swisstopo:routepoint_id>
				</extensions>
			</trkpt>
			<trkpt lat="47.1688404378" lon="9.2551450057">
				<ele>1614.5</ele>
				<extensions>
					<swisstopo:routepoint_id>1603242173</swisstopo:routepoint_id>
				</extensions>
			</trkpt>
			<trkpt lat="47.1688818404" lon="9.2550324908">
				<ele>1615.9</ele>
				<extensions>
					<swisstopo:routepoint_id>863075373</swisstopo:routepoint_id>
				</extensions>
			</trkpt>
			<trkpt lat="47.1689263294" lon="9.2549270638">
				<ele>1617.2</ele>
				<extensions>
					<swisstopo:routepoint_id>1183486441</swisstopo:routepoint_id>
				</extensions>
			</trkpt>
			<trkpt lat="47.1689670348" lon="9.2548587172">
				<ele>1618.2</ele>
				<extensions>
					<swisstopo:routepoint_id>1852781363</swisstopo:routepoint_id>
				</extensions>
			</trkpt>
			<trkpt lat="47.1690090736" lon="9.2548066498">
				<ele>1619.2</ele>
				<extensions>
					<swisstopo:routepoint_id>410773203</swisstopo:routepoint_id>
				</extensions>
			</trkpt>
			<trkpt lat="47.1690555047" lon="9.2547780129">
				<ele>1620.1</ele>
				<extensions>
					<swisstopo:routepoint_id>1360297595</swisstopo:routepoint_id>
				</extensions>
			</trkpt>
			<trkpt lat="47.1691080477" lon="9.2547635240">
				<ele>1621.0</ele>
				<extensions>
					<swisstopo:routepoint_id>624508412</swisstopo:routepoint_id>
				</extensions>
			</trkpt>
			<trkpt lat="47.1691699178" lon="9.2547609733">
				<ele>1622.0</ele>
				<extensions>
					<swisstopo:routepoint_id>813568923</swisstopo:routepoint_id>
				</extensions>
			</trkpt>
			<trkpt lat="47.1692303994" lon="9.2547467538">
				<ele>1622.8</ele>
				<extensions>
					<swisstopo:routepoint_id>1507260705</swisstopo:routepoint_id>
				</extensions>
			</trkpt>
			<trkpt lat="47.1692847516" lon="9.2547183857">
				<ele>1623.4</ele>
				<extensions>
					<swisstopo:routepoint_id>974232319</swisstopo:routepoint_id>
				</extensions>
			</trkpt>
			<trkpt lat="47.1693312479" lon="9.2546850738">
				<ele>1623.8</ele>
				<extensions>
					<swisstopo:routepoint_id>1528991703</swisstopo:routepoint_id>
				</extensions>
			</trkpt>
			<trkpt lat="47.1693715219" lon="9.2546446061">
				<ele>1624.2</ele>
				<extensions>
					<swisstopo:routepoint_id>1099195771</swisstopo:routepoint_id>
				</extensions>
			</trkpt>
			<trkpt lat="47.1694098942" lon="9.2546249848">
				<ele>1624.5</ele>
				<extensions>
					<swisstopo:routepoint_id>6070740</swisstopo:routepoint_id>
				</extensions>
			</trkpt>
			<trkpt lat="47.1694622906" lon="9.2546197803">
				<ele>1624.8</ele>
				<extensions>
					<swisstopo:routepoint_id>480683022</swisstopo:routepoint_id>
				</extensions>
			</trkpt>
			<trkpt lat="47.1695208158" lon="9.2546287501">
				<ele>1625.3</ele>
				<extensions>
					<swisstopo:routepoint_id>1767259297</swisstopo:routepoint_id>
				</extensions>
			</trkpt>
			<trkpt lat="47.1695777341" lon="9.2546376655">
				<ele>1625.8</ele>
				<extensions>
					<swisstopo:routepoint_id>882123334</swisstopo:routepoint_id>
				</extensions>
			</trkpt>
			<trkpt lat="47.1696285863" lon="9.2546300894">
				<ele>1626.5</ele>
				<extensions>
					<swisstopo:routepoint_id>42856497</swisstopo:routepoint_id>
				</extensions>
			</trkpt>
			<trkpt lat="47.1696713884" lon="9.2546315422">
				<ele>1627.1</ele>
				<extensions>
					<swisstopo:routepoint_id>231016439</swisstopo:routepoint_id>
				</extensions>
			</trkpt>
			<trkpt lat="47.1697124277" lon="9.2546422378">
				<ele>1627.6</ele>
				<extensions>
					<swisstopo:routepoint_id>1792926849</swisstopo:routepoint_id>
				</extensions>
			</trkpt>
			<trkpt lat="47.1697423204" lon="9.2546571934">
				<ele>1627.7</ele>
				<extensions>
					<swisstopo:routepoint_id>664654928</swisstopo:routepoint_id>
				</extensions>
			</trkpt>
			<trkpt lat="47.1697637052" lon="9.2546578290">
				<ele>1627.7</ele>
				<extensions>
					<swisstopo:routepoint_id>186077280</swisstopo:routepoint_id>
				</extensions>
			</trkpt>
			<trkpt lat="47.1698107305" lon="9.2546349710">
				<ele>1627.4</ele>
				<extensions>
					<swisstopo:routepoint_id>775849752</swisstopo:routepoint_id>
				</extensions>
			</trkpt>
			<trkpt lat="47.1698442016" lon="9.2546124647">
				<ele>1627.3</ele>
				<extensions>
					<swisstopo:routepoint_id>649517179</swisstopo:routepoint_id>
				</extensions>
			</trkpt>
			<trkpt lat="47.1698809212" lon="9.2545828790">
				<ele>1627.3</ele>
				<extensions>
					<swisstopo:routepoint_id>556874115</swisstopo:routepoint_id>
				</extensions>
			</trkpt>
			<trkpt lat="47.1699179151" lon="9.2545492699">
				<ele>1627.3</ele>
				<extensions>
					<swisstopo:routepoint_id>896234139</swisstopo:routepoint_id>
				</extensions>
			</trkpt>
			<trkpt lat="47.1699535763" lon="9.2544993298">
				<ele>1627.1</ele>
				<extensions>
					<swisstopo:routepoint_id>757237123</swisstopo:routepoint_id>
				</extensions>
			</trkpt>
			<trkpt lat="47.1699944647" lon="9.2544193662">
				<ele>1626.9</ele>
				<extensions>
					<swisstopo:routepoint_id>552919556</swisstopo:routepoint_id>
				</extensions>
			</trkpt>
			<trkpt lat="47.1700324938" lon="9.2543207005">
				<ele>1626.8</ele>
				<extensions>
					<swisstopo:routepoint_id>616282891</swisstopo:routepoint_id>
				</extensions>
			</trkpt>
			<trkpt lat="47.1700771758" lon="9.2542013234">
				<ele>1626.3</ele>
				<extensions>
					<swisstopo:routepoint_id>1578674168</swisstopo:routepoint_id>
				</extensions>
			</trkpt>
			<trkpt lat="47.1701008242" lon="9.2541091527">
				<ele>1626.0</ele>
				<extensions>
					<swisstopo:routepoint_id>674352941</swisstopo:routepoint_id>
				</extensions>
			</trkpt>
			<trkpt lat="47.1701291870" lon="9.2540194610">
				<ele>1625.8</ele>
				<extensions>
					<swisstopo:routepoint_id>523782342</swisstopo:routepoint_id>
				</extensions>
			</trkpt>
			<trkpt lat="47.1701572203" lon="9.2539506565">
				<ele>1625.4</ele>
				<extensions>
					<swisstopo:routepoint_id>1230870099</swisstopo:routepoint_id>
				</extensions>
			</trkpt>
			<trkpt lat="47.1701834524" lon="9.2538957702">
				<ele>1625.2</ele>
				<extensions>
					<swisstopo:routepoint_id>222270776</swisstopo:routepoint_id>
				</extensions>
			</trkpt>
			<trkpt lat="47.1702074334" lon="9.2538476750">
				<ele>1625.0</ele>
				<extensions>
					<swisstopo:routepoint_id>1619793685</swisstopo:routepoint_id>
				</extensions>
			</trkpt>
			<trkpt lat="47.1702201627" lon="9.2538205215">
				<ele>1625.0</ele>
				<extensions>
					<swisstopo:routepoint_id>1810514404</swisstopo:routepoint_id>
				</extensions>
			</trkpt>
			<trkpt lat="47.1702512992" lon="9.2537482660">
				<ele>1624.8</ele>
				<extensions>
					<swisstopo:routepoint_id>1387468790</swisstopo:routepoint_id>
				</extensions>
			</trkpt>
			<trkpt lat="47.1702705509" lon="9.2536902824">
				<ele>1624.6</ele>
				<extensions>
					<swisstopo:routepoint_id>440005573</swisstopo:routepoint_id>
				</extensions>
			</trkpt>
			<trkpt lat="47.1702848744" lon="9.2536272227">
				<ele>1624.3</ele>
				<extensions>
					<swisstopo:routepoint_id>365840762</swisstopo:routepoint_id>
				</extensions>
			</trkpt>
			<trkpt lat="47.1702958221" lon="9.2535665093">
				<ele>1623.8</ele>
				<extensions>
					<swisstopo:routepoint_id>1746808757</swisstopo:routepoint_id>
				</extensions>
			</trkpt>
			<trkpt lat="47.1703073177" lon="9.2534716065">
				<ele>1623.1</ele>
				<extensions>
					<swisstopo:routepoint_id>961469255</swisstopo:routepoint_id>
				</extensions>
			</trkpt>
			<trkpt lat="47.1703204522" lon="9.2533791814">
				<ele>1622.2</ele>
				<extensions>
					<swisstopo:routepoint_id>1131744162</swisstopo:routepoint_id>
				</extensions>
			</trkpt>
			<trkpt lat="47.1703316012" lon="9.2533062475">
				<ele>1621.7</ele>
				<extensions>
					<swisstopo:routepoint_id>1233078416</swisstopo:routepoint_id>
				</extensions>
			</trkpt>
			<trkpt lat="47.1703442172" lon="9.2532455907">
				<ele>1621.4</ele>
				<extensions>
					<swisstopo:routepoint_id>876213985</swisstopo:routepoint_id>
				</extensions>
			</trkpt>
			<trkpt lat="47.1703536679" lon="9.2531750471">
				<ele>1620.7</ele>
				<extensions>
					<swisstopo:routepoint_id>1518380698</swisstopo:routepoint_id>
				</extensions>
			</trkpt>
			<trkpt lat="47.1703481488" lon="9.2531015606">
				<ele>1620.0</ele>
				<extensions>
					<swisstopo:routepoint_id>1017675858</swisstopo:routepoint_id>
				</extensions>
			</trkpt>
			<trkpt lat="47.1703343906" lon="9.2530228987">
				<ele>1619.3</ele>
				<extensions>
					<swisstopo:routepoint_id>541691013</swisstopo:routepoint_id>
				</extensions>
			</trkpt>
			<trkpt lat="47.1703140529" lon="9.2529391305">
				<ele>1618.8</ele>
				<extensions>
					<swisstopo:routepoint_id>1433391637</swisstopo:routepoint_id>
				</extensions>
			</trkpt>
			<trkpt lat="47.1702984422" lon="9.2528726330">
				<ele>1618.2</ele>
				<extensions>
					<swisstopo:routepoint_id>1794403894</swisstopo:routepoint_id>
				</extensions>
			</trkpt>
			<trkpt lat="47.1702744121" lon="9.2528107205">
				<ele>1617.4</ele>
				<extensions>
					<swisstopo:routepoint_id>682159940</swisstopo:routepoint_id>
				</extensions>
			</trkpt>
			<trkpt lat="47.1702388914" lon="9.2527386519">
				<ele>1616.8</ele>
				<extensions>
					<swisstopo:routepoint_id>923968371</swisstopo:routepoint_id>
				</extensions>
			</trkpt>
			<trkpt lat="47.1702006102" lon="9.2526722491">
				<ele>1616.5</ele>
				<extensions>
					<swisstopo:routepoint_id>870701347</swisstopo:routepoint_id>
				</extensions>
			</trkpt>
			<trkpt lat="47.1701856815" lon="9.2526343784">
				<ele>1616.5</ele>
				<extensions>
					<swisstopo:routepoint_id>1559267784</swisstopo:routepoint_id>
				</extensions>
			</trkpt>
			<trkpt lat="47.1701755759" lon="9.2526026881">
				<ele>1616.6</ele>
				<extensions>
					<swisstopo:routepoint_id>694539947</swisstopo:routepoint_id>
				</extensions>
			</trkpt>
			<trkpt lat="47.1701750274" lon="9.2525533095">
				<ele>1616.5</ele>
				<extensions>
					<swisstopo:routepoint_id>1051486730</swisstopo:routepoint_id>
				</extensions>
			</trkpt>
			<trkpt lat="47.1701810046" lon="9.2524996428">
				<ele>1616.3</ele>
				<extensions>
					<swisstopo:routepoint_id>2110875310</swisstopo:routepoint_id>
				</extensions>
			</trkpt>
			<trkpt lat="47.1701923066" lon="9.2524169607">
				<ele>1615.8</ele>
				<extensions>
					<swisstopo:routepoint_id>102344130</swisstopo:routepoint_id>
				</extensions>
			</trkpt>
			<trkpt lat="47.1702007425" lon="9.2523048437">
				<ele>1614.9</ele>
				<extensions>
					<swisstopo:routepoint_id>521448391</swisstopo:routepoint_id>
				</extensions>
			</trkpt>
			<trkpt lat="47.1702073671" lon="9.2521666002">
				<ele>1614.0</ele>
				<extensions>
					<swisstopo:routepoint_id>205490281</swisstopo:routepoint_id>
				</extensions>
			</trkpt>
			<trkpt lat="47.1702383099" lon="9.2521065644">
				<ele>1613.3</ele>
				<extensions>
					<swisstopo:routepoint_id>1717794707</swisstopo:routepoint_id>
				</extensions>
			</trkpt>
			<trkpt lat="47.1702664636" lon="9.2520122003">
				<ele>1612.2</ele>
				<extensions>
					<swisstopo:routepoint_id>1761327565</swisstopo:routepoint_id>
				</extensions>
			</trkpt>
			<trkpt lat="47.1702992061" lon="9.2518373741">
				<ele>1608.8</ele>
				<extensions>
					<swisstopo:routepoint_id>55941672</swisstopo:routepoint_id>
				</extensions>
			</trkpt>
			<trkpt lat="47.1703126378" lon="9.2517254519">
				<ele>1607.0</ele>
				<extensions>
					<swisstopo:routepoint_id>587248812</swisstopo:routepoint_id>
				</extensions>
			</trkpt>
			<trkpt lat="47.1703123162" lon="9.2516399017">
				<ele>1606.0</ele>
				<extensions>
					<swisstopo:routepoint_id>181217294</swisstopo:routepoint_id>
				</extensions>
			</trkpt>
			<trkpt lat="47.1703100476" lon="9.2515714088">
				<ele>1605.5</ele>
				<extensions>
					<swisstopo:routepoint_id>457183180</swisstopo:routepoint_id>
				</extensions>
			</trkpt>
			<trkpt lat="47.1703225738" lon="9.2515180669">
				<ele>1605.0</ele>
				<extensions>
					<swisstopo:routepoint_id>670964111</swisstopo:routepoint_id>
				</extensions>
			</trkpt>
			<trkpt lat="47.1703422600" lon="9.2514307595">
				<ele>1604.2</ele>
				<extensions>
					<swisstopo:routepoint_id>1847128849</swisstopo:routepoint_id>
				</extensions>
			</trkpt>
			<trkpt lat="47.1703672855" lon="9.2513241002">
				<ele>1604.1</ele>
				<extensions>
					<swisstopo:routepoint_id>851718072</swisstopo:routepoint_id>
				</extensions>
			</trkpt>
			<trkpt lat="47.1703839211" lon="9.2512195917">
				<ele>1602.7</ele>
				<extensions>
					<swisstopo:routepoint_id>2092719634</swisstopo:routepoint_id>
				</extensions>
			</trkpt>
			<trkpt lat="47.1703952908" lon="9.2511320024">
				<ele>1601.5</ele>
				<extensions>
					<swisstopo:routepoint_id>14690656</swisstopo:routepoint_id>
				</extensions>
			</trkpt>
			<trkpt lat="47.1703965985" lon="9.2510489681">
				<ele>1600.6</ele>
				<extensions>
					<swisstopo:routepoint_id>128668455</swisstopo:routepoint_id>
				</extensions>
			</trkpt>
			<trkpt lat="47.1704065950" lon="9.2509442347">
				<ele>1599.0</ele>
				<extensions>
					<swisstopo:routepoint_id>628012780</swisstopo:routepoint_id>
				</extensions>
			</trkpt>
			<trkpt lat="47.1704032519" lon="9.2508390492">
				<ele>1598.1</ele>
				<extensions>
					<swisstopo:routepoint_id>1442871</swisstopo:routepoint_id>
				</extensions>
			</trkpt>
			<trkpt lat="47.1704025981" lon="9.2506679739">
				<ele>1596.5</ele>
				<extensions>
					<swisstopo:routepoint_id>1992367106</swisstopo:routepoint_id>
				</extensions>
			</trkpt>
			<trkpt lat="47.1704042514" lon="9.2505629706">
				<ele>1595.7</ele>
				<extensions>
					<swisstopo:routepoint_id>510572353</swisstopo:routepoint_id>
				</extensions>
			</trkpt>
			<trkpt lat="47.1704175285" lon="9.2504607833">
				<ele>1594.6</ele>
				<extensions>
					<swisstopo:routepoint_id>1599622678</swisstopo:routepoint_id>
				</extensions>
			</trkpt>
			<trkpt lat="47.1704202056" lon="9.2503973410">
				<ele>1594.1</ele>
				<extensions>
					<swisstopo:routepoint_id>2046126927</swisstopo:routepoint_id>
				</extensions>
			</trkpt>
			<trkpt lat="47.1704171692" lon="9.2503558020">
				<ele>1593.9</ele>
				<extensions>
					<swisstopo:routepoint_id>1477051800</swisstopo:routepoint_id>
				</extensions>
			</trkpt>
			<trkpt lat="47.1704109522" lon="9.2502506352">
				<ele>1593.2</ele>
				<extensions>
					<swisstopo:routepoint_id>1194128145</swisstopo:routepoint_id>
				</extensions>
			</trkpt>
			<trkpt lat="47.1704062268" lon="9.2502047614">
				<ele>1592.5</ele>
				<extensions>
					<swisstopo:routepoint_id>249612048</swisstopo:routepoint_id>
				</extensions>
			</trkpt>
			<trkpt lat="47.1704019252" lon="9.2501782929">
				<ele>1592.1</ele>
				<extensions>
					<swisstopo:routepoint_id>554550404</swisstopo:routepoint_id>
				</extensions>
			</trkpt>
			<trkpt lat="47.1703924497" lon="9.2501628974">
				<ele>1591.7</ele>
				<extensions>
					<swisstopo:routepoint_id>573095657</swisstopo:routepoint_id>
				</extensions>
			</trkpt>
			<trkpt lat="47.1703635685" lon="9.2501288709">
				<ele>1590.9</ele>
				<extensions>
					<swisstopo:routepoint_id>639411035</swisstopo:routepoint_id>
				</extensions>
			</trkpt>
			<trkpt lat="47.1703149242" lon="9.2500849501">
				<ele>1589.9</ele>
				<extensions>
					<swisstopo:routepoint_id>2045047610</swisstopo:routepoint_id>
				</extensions>
			</trkpt>
			<trkpt lat="47.1702840377" lon="9.2500566281">
				<ele>1589.4</ele>
				<extensions>
					<swisstopo:routepoint_id>1408309771</swisstopo:routepoint_id>
				</extensions>
			</trkpt>
			<trkpt lat="47.1702621296" lon="9.2500110874">
				<ele>1588.9</ele>
				<extensions>
					<swisstopo:routepoint_id>1096505354</swisstopo:routepoint_id>
				</extensions>
			</trkpt>
			<trkpt lat="47.1702471730" lon="9.2499565183">
				<ele>1588.4</ele>
				<extensions>
					<swisstopo:routepoint_id>1757585177</swisstopo:routepoint_id>
				</extensions>
			</trkpt>
			<trkpt lat="47.1702397706" lon="9.2498976181">
				<ele>1588.1</ele>
				<extensions>
					<swisstopo:routepoint_id>282099958</swisstopo:routepoint_id>
				</extensions>
			</trkpt>
			<trkpt lat="47.1702290396" lon="9.2498386182">
				<ele>1587.6</ele>
				<extensions>
					<swisstopo:routepoint_id>1058106395</swisstopo:routepoint_id>
				</extensions>
			</trkpt>
			<trkpt lat="47.1702218205" lon="9.2497675099">
				<ele>1587.1</ele>
				<extensions>
					<swisstopo:routepoint_id>1975436145</swisstopo:routepoint_id>
				</extensions>
			</trkpt>
			<trkpt lat="47.1702193971" lon="9.2497087783">
				<ele>1586.7</ele>
				<extensions>
					<swisstopo:routepoint_id>1540678632</swisstopo:routepoint_id>
				</extensions>
			</trkpt>
			<trkpt lat="47.1702236654" lon="9.2496502733">
				<ele>1586.0</ele>
				<extensions>
					<swisstopo:routepoint_id>1005027641</swisstopo:routepoint_id>
				</extensions>
			</trkpt>
			<trkpt lat="47.1702572346" lon="9.2496343122">
				<ele>1585.2</ele>
				<extensions>
					<swisstopo:routepoint_id>760949018</swisstopo:routepoint_id>
				</extensions>
			</trkpt>
			<trkpt lat="47.1702927975" lon="9.2495988601">
				<ele>1584.4</ele>
				<extensions>
					<swisstopo:routepoint_id>2082620153</swisstopo:routepoint_id>
				</extensions>
			</trkpt>
			<trkpt lat="47.1703084409" lon="9.2495578634">
				<ele>1583.9</ele>
				<extensions>
					<swisstopo:routepoint_id>646145055</swisstopo:routepoint_id>
				</extensions>
			</trkpt>
			<trkpt lat="47.1703126443" lon="9.2495018041">
				<ele>1583.5</ele>
				<extensions>
					<swisstopo:routepoint_id>1438764325</swisstopo:routepoint_id>
				</extensions>
			</trkpt>
			<trkpt lat="47.1703051736" lon="9.2494477848">
				<ele>1582.8</ele>
				<extensions>
					<swisstopo:routepoint_id>1064691647</swisstopo:routepoint_id>
				</extensions>
			</trkpt>
			<trkpt lat="47.1702794434" lon="9.2493882642">
				<ele>1581.9</ele>
				<extensions>
					<swisstopo:routepoint_id>240021359</swisstopo:routepoint_id>
				</extensions>
			</trkpt>
			<trkpt lat="47.1702455037" lon="9.2493211219">
				<ele>1581.0</ele>
				<extensions>
					<swisstopo:routepoint_id>121143245</swisstopo:routepoint_id>
				</extensions>
			</trkpt>
			<trkpt lat="47.1702166371" lon="9.2492492938">
				<ele>1580.3</ele>
				<extensions>
					<swisstopo:routepoint_id>2122575087</swisstopo:routepoint_id>
				</extensions>
			</trkpt>
			<trkpt lat="47.1701993647" lon="9.2491827286">
				<ele>1579.5</ele>
				<extensions>
					<swisstopo:routepoint_id>1882480613</swisstopo:routepoint_id>
				</extensions>
			</trkpt>
			<trkpt lat="47.1701855181" lon="9.2491089611">
				<ele>1578.7</ele>
				<extensions>
					<swisstopo:routepoint_id>1906232137</swisstopo:routepoint_id>
				</extensions>
			</trkpt>
			<trkpt lat="47.1701765005" lon="9.2490298296">
				<ele>1578.2</ele>
				<extensions>
					<swisstopo:routepoint_id>260642910</swisstopo:routepoint_id>
				</extensions>
			</trkpt>
			<trkpt lat="47.1701417597" lon="9.2489242265">
				<ele>1578.6</ele>
				<extensions>
					<swisstopo:routepoint_id>1818866565</swisstopo:routepoint_id>
				</extensions>
			</trkpt>
			<trkpt lat="47.1701016624" lon="9.2488251164">
				<ele>1580.1</ele>
				<extensions>
					<swisstopo:routepoint_id>1925138781</swisstopo:routepoint_id>
				</extensions>
			</trkpt>
			<trkpt lat="47.1700627342" lon="9.2487578186">
				<ele>1581.2</ele>
				<extensions>
					<swisstopo:routepoint_id>429560164</swisstopo:routepoint_id>
				</extensions>
			</trkpt>
			<trkpt lat="47.1700170253" lon="9.2486976228">
				<ele>1581.6</ele>
				<extensions>
					<swisstopo:routepoint_id>909898293</swisstopo:routepoint_id>
				</extensions>
			</trkpt>
			<trkpt lat="47.1699829309" lon="9.2486402809">
				<ele>1581.9</ele>
				<extensions>
					<swisstopo:routepoint_id>1394059409</swisstopo:routepoint_id>
				</extensions>
			</trkpt>
			<trkpt lat="47.1699475525" lon="9.2485584412">
				<ele>1581.7</ele>
				<extensions>
					<swisstopo:routepoint_id>1007063288</swisstopo:routepoint_id>
				</extensions>
			</trkpt>
			<trkpt lat="47.1699089610" lon="9.2484691619">
				<ele>1582.4</ele>
				<extensions>
					<swisstopo:routepoint_id>763887922</swisstopo:routepoint_id>
				</extensions>
			</trkpt>
			<trkpt lat="47.1698729471" lon="9.2484288398">
				<ele>1583.2</ele>
				<extensions>
					<swisstopo:routepoint_id>1186930415</swisstopo:routepoint_id>
				</extensions>
			</trkpt>
			<trkpt lat="47.1698152683" lon="9.2483878107">
				<ele>1584.0</ele>
				<extensions>
					<swisstopo:routepoint_id>378534747</swisstopo:routepoint_id>
				</extensions>
			</trkpt>
			<trkpt lat="47.1697045241" lon="9.2483302985">
				<ele>1585.6</ele>
				<extensions>
					<swisstopo:routepoint_id>1431593105</swisstopo:routepoint_id>
				</extensions>
			</trkpt>
			<trkpt lat="47.1695887830" lon="9.2482726176">
				<ele>1587.2</ele>
				<extensions>
					<swisstopo:routepoint_id>1887550427</swisstopo:routepoint_id>
				</extensions>
			</trkpt>
			<trkpt lat="47.1695444645" lon="9.2482295928">
				<ele>1588.0</ele>
				<extensions>
					<swisstopo:routepoint_id>931195388</swisstopo:routepoint_id>
				</extensions>
			</trkpt>
			<trkpt lat="47.1695185507" lon="9.2481822688">
				<ele>1588.6</ele>
				<extensions>
					<swisstopo:routepoint_id>2134506189</swisstopo:routepoint_id>
				</extensions>
			</trkpt>
			<trkpt lat="47.1694963103" lon="9.2481131145">
				<ele>1589.3</ele>
				<extensions>
					<swisstopo:routepoint_id>861829251</swisstopo:routepoint_id>
				</extensions>
			</trkpt>
			<trkpt lat="47.1694707802" lon="9.2480413882">
				<ele>1590.0</ele>
				<extensions>
					<swisstopo:routepoint_id>1562206039</swisstopo:routepoint_id>
				</extensions>
			</trkpt>
			<trkpt lat="47.1694434574" lon="9.2479769323">
				<ele>1590.5</ele>
				<extensions>
					<swisstopo:routepoint_id>1044510831</swisstopo:routepoint_id>
				</extensions>
			</trkpt>
			<trkpt lat="47.1694107332" lon="9.2479391702">
				<ele>1591.1</ele>
				<extensions>
					<swisstopo:routepoint_id>891791092</swisstopo:routepoint_id>
				</extensions>
			</trkpt>
			<trkpt lat="47.1693728496" lon="9.2479110127">
				<ele>1591.7</ele>
				<extensions>
					<swisstopo:routepoint_id>8613863</swisstopo:routepoint_id>
				</extensions>
			</trkpt>
			<trkpt lat="47.1693248101" lon="9.2478922908">
				<ele>1592.3</ele>
				<extensions>
					<swisstopo:routepoint_id>194215729</swisstopo:routepoint_id>
				</extensions>
			</trkpt>
			<trkpt lat="47.1692767028" lon="9.2478784368">
				<ele>1592.8</ele>
				<extensions>
					<swisstopo:routepoint_id>535636679</swisstopo:routepoint_id>
				</extensions>
			</trkpt>
			<trkpt lat="47.1692420411" lon="9.2478577194">
				<ele>1593.1</ele>
				<extensions>
					<swisstopo:routepoint_id>1262430777</swisstopo:routepoint_id>
				</extensions>
			</trkpt>
		</trkseg>
	</trk>
</gpx>
