<?xml version="1.0"?>
<gpx version="1.1" creator="Generated by Swisstopo App. See https://www.swisstopo.ch/app for more information." xmlns="http://www.topografix.com/GPX/1/1" xmlns:xsi="http://www.w3.org/2001/XMLSchema-instance" xmlns:swisstopo="https://prod-static.swisstopo-app.ch/xmlschemas/SwisstopoExtensions" xsi:schemaLocation="http://www.topografix.com/GPX/1/1 http://www.topografix.com/GPX/1/1/gpx.xsd https://swisstopo-app.ch/xmlschemas/SwisstopoExtensions https://prod-static.swisstopo-app.ch/xmlschemas/SwisstopoExtensions.xsd">
	<metadata>
		<name>monte leone</name>
		<desc />
		<time>2026-05-30T07:29:31+02:00</time>
		<extensions>
			<swisstopo:tour_type>0</swisstopo:tour_type>
		</extensions>
	</metadata>
	<wpt lat="46.2792552858" lon="8.0381105437">
		<ele>1753.7</ele>
		<name />
		<extensions>
			<swisstopo:waypoint_id>1</swisstopo:waypoint_id>
			<swisstopo:waypoint_routepoint_id>1254028007</swisstopo:waypoint_routepoint_id>
			<swisstopo:waypoint_meters_into_tour>0.000000</swisstopo:waypoint_meters_into_tour>
			<swisstopo:waypoint_is_controlpoint>1</swisstopo:waypoint_is_controlpoint>
		</extensions>
	</wpt>
	<wpt lat="46.2605719638" lon="8.0804060876">
		<ele>2844.0</ele>
		<name>Waypoint</name>
		<extensions>
			<swisstopo:waypoint_id>1827248068</swisstopo:waypoint_id>
			<swisstopo:waypoint_routepoint_id>1968534997</swisstopo:waypoint_routepoint_id>
			<swisstopo:waypoint_meters_into_tour>6605.185489</swisstopo:waypoint_meters_into_tour>
			<swisstopo:waypoint_is_controlpoint>1</swisstopo:waypoint_is_controlpoint>
		</extensions>
	</wpt>
	<wpt lat="46.2469574345" lon="8.0294140920">
		<ele>2000.3</ele>
		<name>Destination</name>
		<extensions>
			<swisstopo:waypoint_id>205306785</swisstopo:waypoint_id>
			<swisstopo:waypoint_routepoint_id>412596359</swisstopo:waypoint_routepoint_id>
			<swisstopo:waypoint_meters_into_tour>12084.653243</swisstopo:waypoint_meters_into_tour>
			<swisstopo:waypoint_is_controlpoint>1</swisstopo:waypoint_is_controlpoint>
			<swisstopo:waypoint_stage_before distance="12084.653243" duration="18515.520827" ascent="1159.350000" descent="912.750000" />
		</extensions>
	</wpt>
	<trk>
		<name>Swisstopo Route</name>
		<trkseg>
			<trkpt lat="46.2792552858" lon="8.0381105437">
				<ele>1753.7</ele>
				<time>1970-01-01T01:00:00+01:00</time>
				<extensions>
					<swisstopo:routepoint_id>1254028007</swisstopo:routepoint_id>
				</extensions>
			</trkpt>
			<trkpt lat="46.2792876095" lon="8.0381376148">
				<ele>1754.9</ele>
				<time>1970-01-01T01:00:00+01:00</time>
				<extensions>
					<swisstopo:routepoint_id>1246679748</swisstopo:routepoint_id>
				</extensions>
			</trkpt>
			<trkpt lat="46.2793342485" lon="8.0381350540">
				<ele>1756.4</ele>
				<time>1970-01-01T01:00:00+01:00</time>
				<extensions>
					<swisstopo:routepoint_id>290480061</swisstopo:routepoint_id>
				</extensions>
			</trkpt>
			<trkpt lat="46.2793673981" lon="8.0381435680">
				<ele>1757.3</ele>
				<time>1970-01-01T01:00:00+01:00</time>
				<extensions>
					<swisstopo:routepoint_id>1578511462</swisstopo:routepoint_id>
				</extensions>
			</trkpt>
			<trkpt lat="46.2793878114" lon="8.0381534066">
				<ele>1757.7</ele>
				<time>1970-01-01T01:00:00+01:00</time>
				<extensions>
					<swisstopo:routepoint_id>2053815831</swisstopo:routepoint_id>
				</extensions>
			</trkpt>
			<trkpt lat="46.2794147420" lon="8.0381845048">
				<ele>1758.4</ele>
				<time>1970-01-01T01:00:00+01:00</time>
				<extensions>
					<swisstopo:routepoint_id>563229405</swisstopo:routepoint_id>
				</extensions>
			</trkpt>
			<trkpt lat="46.2793770704" lon="8.0382178874">
				<ele>1759.1</ele>
				<time>1970-01-01T01:00:00+01:00</time>
				<extensions>
					<swisstopo:routepoint_id>1256434206</swisstopo:routepoint_id>
				</extensions>
			</trkpt>
			<trkpt lat="46.2793409640" lon="8.0382496140">
				<ele>1760.0</ele>
				<time>1970-01-01T01:00:00+01:00</time>
				<extensions>
					<swisstopo:routepoint_id>2058075918</swisstopo:routepoint_id>
				</extensions>
			</trkpt>
			<trkpt lat="46.2793666850" lon="8.0382781292">
				<ele>1759.7</ele>
				<time>1970-01-01T01:00:00+01:00</time>
				<extensions>
					<swisstopo:routepoint_id>152144838</swisstopo:routepoint_id>
				</extensions>
			</trkpt>
			<trkpt lat="46.2793866250" lon="8.0382872761">
				<ele>1760.0</ele>
				<time>1970-01-01T01:00:00+01:00</time>
				<extensions>
					<swisstopo:routepoint_id>316706001</swisstopo:routepoint_id>
				</extensions>
			</trkpt>
			<trkpt lat="46.2794085053" lon="8.0382902550">
				<ele>1760.8</ele>
				<time>1970-01-01T01:00:00+01:00</time>
				<extensions>
					<swisstopo:routepoint_id>958611189</swisstopo:routepoint_id>
				</extensions>
			</trkpt>
			<trkpt lat="46.2794537317" lon="8.0382893781">
				<ele>1761.7</ele>
				<time>1970-01-01T01:00:00+01:00</time>
				<extensions>
					<swisstopo:routepoint_id>296195403</swisstopo:routepoint_id>
				</extensions>
			</trkpt>
			<trkpt lat="46.2795084916" lon="8.0382872443">
				<ele>1762.4</ele>
				<time>1970-01-01T01:00:00+01:00</time>
				<extensions>
					<swisstopo:routepoint_id>532237288</swisstopo:routepoint_id>
				</extensions>
			</trkpt>
			<trkpt lat="46.2795617058" lon="8.0382865340">
				<ele>1763.2</ele>
				<time>1970-01-01T01:00:00+01:00</time>
				<extensions>
					<swisstopo:routepoint_id>1969568339</swisstopo:routepoint_id>
				</extensions>
			</trkpt>
			<trkpt lat="46.2796126982" lon="8.0382959441">
				<ele>1764.2</ele>
				<time>1970-01-01T01:00:00+01:00</time>
				<extensions>
					<swisstopo:routepoint_id>672380105</swisstopo:routepoint_id>
				</extensions>
			</trkpt>
			<trkpt lat="46.2796716362" lon="8.0383116962">
				<ele>1765.6</ele>
				<time>1970-01-01T01:00:00+01:00</time>
				<extensions>
					<swisstopo:routepoint_id>1629336717</swisstopo:routepoint_id>
				</extensions>
			</trkpt>
			<trkpt lat="46.2797287272" lon="8.0383178143">
				<ele>1766.2</ele>
				<time>1970-01-01T01:00:00+01:00</time>
				<extensions>
					<swisstopo:routepoint_id>837219403</swisstopo:routepoint_id>
				</extensions>
			</trkpt>
			<trkpt lat="46.2798096417" lon="8.0383200820">
				<ele>1768.2</ele>
				<time>1970-01-01T01:00:00+01:00</time>
				<extensions>
					<swisstopo:routepoint_id>1659719538</swisstopo:routepoint_id>
				</extensions>
			</trkpt>
			<trkpt lat="46.2798743884" lon="8.0383194204">
				<ele>1769.6</ele>
				<time>1970-01-01T01:00:00+01:00</time>
				<extensions>
					<swisstopo:routepoint_id>1343632883</swisstopo:routepoint_id>
				</extensions>
			</trkpt>
			<trkpt lat="46.2799144231" lon="8.0383102609">
				<ele>1770.9</ele>
				<time>1970-01-01T01:00:00+01:00</time>
				<extensions>
					<swisstopo:routepoint_id>1139488314</swisstopo:routepoint_id>
				</extensions>
			</trkpt>
			<trkpt lat="46.2799591366" lon="8.0383162418">
				<ele>1771.3</ele>
				<time>1970-01-01T01:00:00+01:00</time>
				<extensions>
					<swisstopo:routepoint_id>405872533</swisstopo:routepoint_id>
				</extensions>
			</trkpt>
			<trkpt lat="46.2800123572" lon="8.0383346813">
				<ele>1772.5</ele>
				<time>1970-01-01T01:00:00+01:00</time>
				<extensions>
					<swisstopo:routepoint_id>1961627510</swisstopo:routepoint_id>
				</extensions>
			</trkpt>
			<trkpt lat="46.2800626591" lon="8.0383640659">
				<ele>1773.5</ele>
				<time>1970-01-01T01:00:00+01:00</time>
				<extensions>
					<swisstopo:routepoint_id>1906388751</swisstopo:routepoint_id>
				</extensions>
			</trkpt>
			<trkpt lat="46.2801168751" lon="8.0383729027">
				<ele>1775.0</ele>
				<time>1970-01-01T01:00:00+01:00</time>
				<extensions>
					<swisstopo:routepoint_id>2086754574</swisstopo:routepoint_id>
				</extensions>
			</trkpt>
			<trkpt lat="46.2801606440" lon="8.0383788860">
				<ele>1775.9</ele>
				<time>1970-01-01T01:00:00+01:00</time>
				<extensions>
					<swisstopo:routepoint_id>1897534610</swisstopo:routepoint_id>
				</extensions>
			</trkpt>
			<trkpt lat="46.2802029764" lon="8.0383843220">
				<ele>1777.2</ele>
				<time>1970-01-01T01:00:00+01:00</time>
				<extensions>
					<swisstopo:routepoint_id>47512100</swisstopo:routepoint_id>
				</extensions>
			</trkpt>
			<trkpt lat="46.2802492429" lon="8.0383926436">
				<ele>1778.3</ele>
				<time>1970-01-01T01:00:00+01:00</time>
				<extensions>
					<swisstopo:routepoint_id>559823030</swisstopo:routepoint_id>
				</extensions>
			</trkpt>
			<trkpt lat="46.2802916205" lon="8.0383878819">
				<ele>1778.7</ele>
				<time>1970-01-01T01:00:00+01:00</time>
				<extensions>
					<swisstopo:routepoint_id>2053642492</swisstopo:routepoint_id>
				</extensions>
			</trkpt>
			<trkpt lat="46.2803427811" lon="8.0383910151">
				<ele>1780.4</ele>
				<time>1970-01-01T01:00:00+01:00</time>
				<extensions>
					<swisstopo:routepoint_id>1098762426</swisstopo:routepoint_id>
				</extensions>
			</trkpt>
			<trkpt lat="46.2803885576" lon="8.0383983834">
				<ele>1781.6</ele>
				<time>1970-01-01T01:00:00+01:00</time>
				<extensions>
					<swisstopo:routepoint_id>753577229</swisstopo:routepoint_id>
				</extensions>
			</trkpt>
			<trkpt lat="46.2804397003" lon="8.0384032419">
				<ele>1782.7</ele>
				<time>1970-01-01T01:00:00+01:00</time>
				<extensions>
					<swisstopo:routepoint_id>902649737</swisstopo:routepoint_id>
				</extensions>
			</trkpt>
			<trkpt lat="46.2804866459" lon="8.0384157745">
				<ele>1784.2</ele>
				<time>1970-01-01T01:00:00+01:00</time>
				<extensions>
					<swisstopo:routepoint_id>1823000192</swisstopo:routepoint_id>
				</extensions>
			</trkpt>
			<trkpt lat="46.2805360030" lon="8.0384214693">
				<ele>1786.1</ele>
				<time>1970-01-01T01:00:00+01:00</time>
				<extensions>
					<swisstopo:routepoint_id>1340347564</swisstopo:routepoint_id>
				</extensions>
			</trkpt>
			<trkpt lat="46.2805687943" lon="8.0384245687">
				<ele>1786.5</ele>
				<time>1970-01-01T01:00:00+01:00</time>
				<extensions>
					<swisstopo:routepoint_id>1874734304</swisstopo:routepoint_id>
				</extensions>
			</trkpt>
			<trkpt lat="46.2805947308" lon="8.0384429285">
				<ele>1787.2</ele>
				<time>1970-01-01T01:00:00+01:00</time>
				<extensions>
					<swisstopo:routepoint_id>322077256</swisstopo:routepoint_id>
				</extensions>
			</trkpt>
			<trkpt lat="46.2806212310" lon="8.0384517321">
				<ele>1788.1</ele>
				<time>1970-01-01T01:00:00+01:00</time>
				<extensions>
					<swisstopo:routepoint_id>2143223561</swisstopo:routepoint_id>
				</extensions>
			</trkpt>
			<trkpt lat="46.2806464982" lon="8.0384707332">
				<ele>1789.0</ele>
				<time>1970-01-01T01:00:00+01:00</time>
				<extensions>
					<swisstopo:routepoint_id>411084566</swisstopo:routepoint_id>
				</extensions>
			</trkpt>
			<trkpt lat="46.2806745629" lon="8.0385186856">
				<ele>1790.4</ele>
				<time>1970-01-01T01:00:00+01:00</time>
				<extensions>
					<swisstopo:routepoint_id>939728205</swisstopo:routepoint_id>
				</extensions>
			</trkpt>
			<trkpt lat="46.2807078084" lon="8.0385905301">
				<ele>1791.2</ele>
				<time>1970-01-01T01:00:00+01:00</time>
				<extensions>
					<swisstopo:routepoint_id>1099464728</swisstopo:routepoint_id>
				</extensions>
			</trkpt>
			<trkpt lat="46.2807388367" lon="8.0386359717">
				<ele>1791.9</ele>
				<time>1970-01-01T01:00:00+01:00</time>
				<extensions>
					<swisstopo:routepoint_id>2003433083</swisstopo:routepoint_id>
				</extensions>
			</trkpt>
			<trkpt lat="46.2807651293" lon="8.0386839183">
				<ele>1792.5</ele>
				<time>1970-01-01T01:00:00+01:00</time>
				<extensions>
					<swisstopo:routepoint_id>1931952361</swisstopo:routepoint_id>
				</extensions>
			</trkpt>
			<trkpt lat="46.2807855161" lon="8.0387326422">
				<ele>1793.7</ele>
				<time>1970-01-01T01:00:00+01:00</time>
				<extensions>
					<swisstopo:routepoint_id>1136526498</swisstopo:routepoint_id>
				</extensions>
			</trkpt>
			<trkpt lat="46.2807991723" lon="8.0387613896">
				<ele>1794.1</ele>
				<time>1970-01-01T01:00:00+01:00</time>
				<extensions>
					<swisstopo:routepoint_id>1771298946</swisstopo:routepoint_id>
				</extensions>
			</trkpt>
			<trkpt lat="46.2808116601" lon="8.0388340040">
				<ele>1794.7</ele>
				<time>1970-01-01T01:00:00+01:00</time>
				<extensions>
					<swisstopo:routepoint_id>1050384219</swisstopo:routepoint_id>
				</extensions>
			</trkpt>
			<trkpt lat="46.2808364079" lon="8.0389238408">
				<ele>1796.2</ele>
				<time>1970-01-01T01:00:00+01:00</time>
				<extensions>
					<swisstopo:routepoint_id>1132348936</swisstopo:routepoint_id>
				</extensions>
			</trkpt>
			<trkpt lat="46.2808671090" lon="8.0389885471">
				<ele>1797.4</ele>
				<time>1970-01-01T01:00:00+01:00</time>
				<extensions>
					<swisstopo:routepoint_id>1160144215</swisstopo:routepoint_id>
				</extensions>
			</trkpt>
			<trkpt lat="46.2808989392" lon="8.0390252924">
				<ele>1798.5</ele>
				<time>1970-01-01T01:00:00+01:00</time>
				<extensions>
					<swisstopo:routepoint_id>285703833</swisstopo:routepoint_id>
				</extensions>
			</trkpt>
			<trkpt lat="46.2809434089" lon="8.0390551713">
				<ele>1800.0</ele>
				<time>1970-01-01T01:00:00+01:00</time>
				<extensions>
					<swisstopo:routepoint_id>1845214737</swisstopo:routepoint_id>
				</extensions>
			</trkpt>
			<trkpt lat="46.2809704336" lon="8.0390820550">
				<ele>1801.2</ele>
				<time>1970-01-01T01:00:00+01:00</time>
				<extensions>
					<swisstopo:routepoint_id>1253847005</swisstopo:routepoint_id>
				</extensions>
			</trkpt>
			<trkpt lat="46.2809955005" lon="8.0391117197">
				<ele>1802.6</ele>
				<time>1970-01-01T01:00:00+01:00</time>
				<extensions>
					<swisstopo:routepoint_id>1529489021</swisstopo:routepoint_id>
				</extensions>
			</trkpt>
			<trkpt lat="46.2810040345" lon="8.0391495962">
				<ele>1803.4</ele>
				<time>1970-01-01T01:00:00+01:00</time>
				<extensions>
					<swisstopo:routepoint_id>1380583211</swisstopo:routepoint_id>
				</extensions>
			</trkpt>
			<trkpt lat="46.2809785813" lon="8.0391927025">
				<ele>1804.2</ele>
				<time>1970-01-01T01:00:00+01:00</time>
				<extensions>
					<swisstopo:routepoint_id>466601607</swisstopo:routepoint_id>
				</extensions>
			</trkpt>
			<trkpt lat="46.2809289347" lon="8.0392229304">
				<ele>1804.4</ele>
				<time>1970-01-01T01:00:00+01:00</time>
				<extensions>
					<swisstopo:routepoint_id>64092900</swisstopo:routepoint_id>
				</extensions>
			</trkpt>
			<trkpt lat="46.2808774360" lon="8.0392377628">
				<ele>1804.5</ele>
				<time>1970-01-01T01:00:00+01:00</time>
				<extensions>
					<swisstopo:routepoint_id>1858876651</swisstopo:routepoint_id>
				</extensions>
			</trkpt>
			<trkpt lat="46.2808316516" lon="8.0392708359">
				<ele>1805.0</ele>
				<time>1970-01-01T01:00:00+01:00</time>
				<extensions>
					<swisstopo:routepoint_id>1526931544</swisstopo:routepoint_id>
				</extensions>
			</trkpt>
			<trkpt lat="46.2807811019" lon="8.0392898687">
				<ele>1805.3</ele>
				<time>1970-01-01T01:00:00+01:00</time>
				<extensions>
					<swisstopo:routepoint_id>1991375766</swisstopo:routepoint_id>
				</extensions>
			</trkpt>
			<trkpt lat="46.2807179986" lon="8.0392961785">
				<ele>1806.2</ele>
				<time>1970-01-01T01:00:00+01:00</time>
				<extensions>
					<swisstopo:routepoint_id>1096233322</swisstopo:routepoint_id>
				</extensions>
			</trkpt>
			<trkpt lat="46.2806539330" lon="8.0393024643">
				<ele>1807.3</ele>
				<time>1970-01-01T01:00:00+01:00</time>
				<extensions>
					<swisstopo:routepoint_id>1953729448</swisstopo:routepoint_id>
				</extensions>
			</trkpt>
			<trkpt lat="46.2805966348" lon="8.0393116273">
				<ele>1808.6</ele>
				<time>1970-01-01T01:00:00+01:00</time>
				<extensions>
					<swisstopo:routepoint_id>1150992755</swisstopo:routepoint_id>
				</extensions>
			</trkpt>
			<trkpt lat="46.2805354748" lon="8.0393179452">
				<ele>1809.5</ele>
				<time>1970-01-01T01:00:00+01:00</time>
				<extensions>
					<swisstopo:routepoint_id>1423245882</swisstopo:routepoint_id>
				</extensions>
			</trkpt>
			<trkpt lat="46.2804559127" lon="8.0393184672">
				<ele>1810.3</ele>
				<time>1970-01-01T01:00:00+01:00</time>
				<extensions>
					<swisstopo:routepoint_id>1560713313</swisstopo:routepoint_id>
				</extensions>
			</trkpt>
			<trkpt lat="46.2803889401" lon="8.0393233326">
				<ele>1811.3</ele>
				<time>1970-01-01T01:00:00+01:00</time>
				<extensions>
					<swisstopo:routepoint_id>1175399080</swisstopo:routepoint_id>
				</extensions>
			</trkpt>
			<trkpt lat="46.2803315825" lon="8.0393436791">
				<ele>1812.1</ele>
				<time>1970-01-01T01:00:00+01:00</time>
				<extensions>
					<swisstopo:routepoint_id>1500922936</swisstopo:routepoint_id>
				</extensions>
			</trkpt>
			<trkpt lat="46.2802878466" lon="8.0393585970">
				<ele>1812.7</ele>
				<time>1970-01-01T01:00:00+01:00</time>
				<extensions>
					<swisstopo:routepoint_id>1344607651</swisstopo:routepoint_id>
				</extensions>
			</trkpt>
			<trkpt lat="46.2802197910" lon="8.0393844302">
				<ele>1813.7</ele>
				<time>1970-01-01T01:00:00+01:00</time>
				<extensions>
					<swisstopo:routepoint_id>1463649738</swisstopo:routepoint_id>
				</extensions>
			</trkpt>
			<trkpt lat="46.2801653702" lon="8.0394006181">
				<ele>1814.6</ele>
				<time>1970-01-01T01:00:00+01:00</time>
				<extensions>
					<swisstopo:routepoint_id>1529832699</swisstopo:routepoint_id>
				</extensions>
			</trkpt>
			<trkpt lat="46.2801070650" lon="8.0394181767">
				<ele>1815.9</ele>
				<time>1970-01-01T01:00:00+01:00</time>
				<extensions>
					<swisstopo:routepoint_id>1043758833</swisstopo:routepoint_id>
				</extensions>
			</trkpt>
			<trkpt lat="46.2800448145" lon="8.0394468638">
				<ele>1816.8</ele>
				<time>1970-01-01T01:00:00+01:00</time>
				<extensions>
					<swisstopo:routepoint_id>555135131</swisstopo:routepoint_id>
				</extensions>
			</trkpt>
			<trkpt lat="46.2800320396" lon="8.0394775101">
				<ele>1817.3</ele>
				<time>1970-01-01T01:00:00+01:00</time>
				<extensions>
					<swisstopo:routepoint_id>1155259492</swisstopo:routepoint_id>
				</extensions>
			</trkpt>
			<trkpt lat="46.2800590941" lon="8.0394988023">
				<ele>1817.6</ele>
				<time>1970-01-01T01:00:00+01:00</time>
				<extensions>
					<swisstopo:routepoint_id>2110421878</swisstopo:routepoint_id>
				</extensions>
			</trkpt>
			<trkpt lat="46.2801075000" lon="8.0395175272">
				<ele>1818.6</ele>
				<time>1970-01-01T01:00:00+01:00</time>
				<extensions>
					<swisstopo:routepoint_id>232134137</swisstopo:routepoint_id>
				</extensions>
			</trkpt>
			<trkpt lat="46.2801471450" lon="8.0395445636">
				<ele>1819.6</ele>
				<time>1970-01-01T01:00:00+01:00</time>
				<extensions>
					<swisstopo:routepoint_id>881568141</swisstopo:routepoint_id>
				</extensions>
			</trkpt>
			<trkpt lat="46.2801866993" lon="8.0395869731">
				<ele>1820.5</ele>
				<time>1970-01-01T01:00:00+01:00</time>
				<extensions>
					<swisstopo:routepoint_id>4177562</swisstopo:routepoint_id>
				</extensions>
			</trkpt>
			<trkpt lat="46.2802416960" lon="8.0396435653">
				<ele>1821.4</ele>
				<time>1970-01-01T01:00:00+01:00</time>
				<extensions>
					<swisstopo:routepoint_id>611154731</swisstopo:routepoint_id>
				</extensions>
			</trkpt>
			<trkpt lat="46.2802928692" lon="8.0396917100">
				<ele>1822.3</ele>
				<time>1970-01-01T01:00:00+01:00</time>
				<extensions>
					<swisstopo:routepoint_id>764680386</swisstopo:routepoint_id>
				</extensions>
			</trkpt>
			<trkpt lat="46.2803315635" lon="8.0397131167">
				<ele>1822.8</ele>
				<time>1970-01-01T01:00:00+01:00</time>
				<extensions>
					<swisstopo:routepoint_id>1434617847</swisstopo:routepoint_id>
				</extensions>
			</trkpt>
			<trkpt lat="46.2803606426" lon="8.0397190433">
				<ele>1823.1</ele>
				<time>1970-01-01T01:00:00+01:00</time>
				<extensions>
					<swisstopo:routepoint_id>2053780858</swisstopo:routepoint_id>
				</extensions>
			</trkpt>
			<trkpt lat="46.2803983207" lon="8.0397488473">
				<ele>1823.6</ele>
				<time>1970-01-01T01:00:00+01:00</time>
				<extensions>
					<swisstopo:routepoint_id>903698460</swisstopo:routepoint_id>
				</extensions>
			</trkpt>
			<trkpt lat="46.2804156258" lon="8.0397798263">
				<ele>1824.1</ele>
				<time>1970-01-01T01:00:00+01:00</time>
				<extensions>
					<swisstopo:routepoint_id>464631526</swisstopo:routepoint_id>
				</extensions>
			</trkpt>
			<trkpt lat="46.2803920695" lon="8.0398299470">
				<ele>1825.1</ele>
				<time>1970-01-01T01:00:00+01:00</time>
				<extensions>
					<swisstopo:routepoint_id>787245397</swisstopo:routepoint_id>
				</extensions>
			</trkpt>
			<trkpt lat="46.2803609376" lon="8.0398463912">
				<ele>1825.8</ele>
				<time>1970-01-01T01:00:00+01:00</time>
				<extensions>
					<swisstopo:routepoint_id>1465396121</swisstopo:routepoint_id>
				</extensions>
			</trkpt>
			<trkpt lat="46.2803172892" lon="8.0398431069">
				<ele>1826.4</ele>
				<time>1970-01-01T01:00:00+01:00</time>
				<extensions>
					<swisstopo:routepoint_id>1669190208</swisstopo:routepoint_id>
				</extensions>
			</trkpt>
			<trkpt lat="46.2802552466" lon="8.0398326252">
				<ele>1827.3</ele>
				<time>1970-01-01T01:00:00+01:00</time>
				<extensions>
					<swisstopo:routepoint_id>1087153711</swisstopo:routepoint_id>
				</extensions>
			</trkpt>
			<trkpt lat="46.2801931597" lon="8.0398305371">
				<ele>1828.1</ele>
				<time>1970-01-01T01:00:00+01:00</time>
				<extensions>
					<swisstopo:routepoint_id>220200781</swisstopo:routepoint_id>
				</extensions>
			</trkpt>
			<trkpt lat="46.2801552136" lon="8.0398511111">
				<ele>1829.4</ele>
				<time>1970-01-01T01:00:00+01:00</time>
				<extensions>
					<swisstopo:routepoint_id>762643329</swisstopo:routepoint_id>
				</extensions>
			</trkpt>
			<trkpt lat="46.2801065610" lon="8.0398771574">
				<ele>1830.2</ele>
				<time>1970-01-01T01:00:00+01:00</time>
				<extensions>
					<swisstopo:routepoint_id>1720685743</swisstopo:routepoint_id>
				</extensions>
			</trkpt>
			<trkpt lat="46.2800578782" lon="8.0399088099">
				<ele>1831.0</ele>
				<time>1970-01-01T01:00:00+01:00</time>
				<extensions>
					<swisstopo:routepoint_id>840383011</swisstopo:routepoint_id>
				</extensions>
			</trkpt>
			<trkpt lat="46.2800024056" lon="8.0399417874">
				<ele>1831.7</ele>
				<time>1970-01-01T01:00:00+01:00</time>
				<extensions>
					<swisstopo:routepoint_id>1820471088</swisstopo:routepoint_id>
				</extensions>
			</trkpt>
			<trkpt lat="46.2799614339" lon="8.0399833067">
				<ele>1831.9</ele>
				<time>1970-01-01T01:00:00+01:00</time>
				<extensions>
					<swisstopo:routepoint_id>393016135</swisstopo:routepoint_id>
				</extensions>
			</trkpt>
			<trkpt lat="46.2799272164" lon="8.0400319073">
				<ele>1831.7</ele>
				<time>1970-01-01T01:00:00+01:00</time>
				<extensions>
					<swisstopo:routepoint_id>2123077322</swisstopo:routepoint_id>
				</extensions>
			</trkpt>
			<trkpt lat="46.2798910185" lon="8.0400874910">
				<ele>1831.7</ele>
				<time>1970-01-01T01:00:00+01:00</time>
				<extensions>
					<swisstopo:routepoint_id>2069806593</swisstopo:routepoint_id>
				</extensions>
			</trkpt>
			<trkpt lat="46.2798615971" lon="8.0401459404">
				<ele>1832.4</ele>
				<time>1970-01-01T01:00:00+01:00</time>
				<extensions>
					<swisstopo:routepoint_id>216105662</swisstopo:routepoint_id>
				</extensions>
			</trkpt>
			<trkpt lat="46.2798409923" lon="8.0401890863">
				<ele>1833.1</ele>
				<time>1970-01-01T01:00:00+01:00</time>
				<extensions>
					<swisstopo:routepoint_id>1859232990</swisstopo:routepoint_id>
				</extensions>
			</trkpt>
			<trkpt lat="46.2798096964" lon="8.0402363173">
				<ele>1834.4</ele>
				<time>1970-01-01T01:00:00+01:00</time>
				<extensions>
					<swisstopo:routepoint_id>2118573885</swisstopo:routepoint_id>
				</extensions>
			</trkpt>
			<trkpt lat="46.2797891213" lon="8.0402738711">
				<ele>1835.0</ele>
				<time>1970-01-01T01:00:00+01:00</time>
				<extensions>
					<swisstopo:routepoint_id>300848818</swisstopo:routepoint_id>
				</extensions>
			</trkpt>
			<trkpt lat="46.2797376371" lon="8.0402858990">
				<ele>1835.8</ele>
				<time>1970-01-01T01:00:00+01:00</time>
				<extensions>
					<swisstopo:routepoint_id>908514606</swisstopo:routepoint_id>
				</extensions>
			</trkpt>
			<trkpt lat="46.2796890808" lon="8.0402937575">
				<ele>1837.1</ele>
				<time>1970-01-01T01:00:00+01:00</time>
				<extensions>
					<swisstopo:routepoint_id>374573207</swisstopo:routepoint_id>
				</extensions>
			</trkpt>
			<trkpt lat="46.2796278835" lon="8.0403070796">
				<ele>1837.7</ele>
				<time>1970-01-01T01:00:00+01:00</time>
				<extensions>
					<swisstopo:routepoint_id>1080820602</swisstopo:routepoint_id>
				</extensions>
			</trkpt>
			<trkpt lat="46.2795675234" lon="8.0403455948">
				<ele>1838.6</ele>
				<time>1970-01-01T01:00:00+01:00</time>
				<extensions>
					<swisstopo:routepoint_id>323000994</swisstopo:routepoint_id>
				</extensions>
			</trkpt>
			<trkpt lat="46.2795033372" lon="8.0403728701">
				<ele>1839.8</ele>
				<time>1970-01-01T01:00:00+01:00</time>
				<extensions>
					<swisstopo:routepoint_id>273691350</swisstopo:routepoint_id>
				</extensions>
			</trkpt>
			<trkpt lat="46.2794216984" lon="8.0403985506">
				<ele>1841.4</ele>
				<time>1970-01-01T01:00:00+01:00</time>
				<extensions>
					<swisstopo:routepoint_id>2106244316</swisstopo:routepoint_id>
				</extensions>
			</trkpt>
			<trkpt lat="46.2793711188" lon="8.0404231747">
				<ele>1842.8</ele>
				<time>1970-01-01T01:00:00+01:00</time>
				<extensions>
					<swisstopo:routepoint_id>1768463054</swisstopo:routepoint_id>
				</extensions>
			</trkpt>
			<trkpt lat="46.2793147548" lon="8.0404393518">
				<ele>1844.2</ele>
				<time>1970-01-01T01:00:00+01:00</time>
				<extensions>
					<swisstopo:routepoint_id>116887755</swisstopo:routepoint_id>
				</extensions>
			</trkpt>
			<trkpt lat="46.2792884489" lon="8.0404600537">
				<ele>1844.8</ele>
				<time>1970-01-01T01:00:00+01:00</time>
				<extensions>
					<swisstopo:routepoint_id>717043363</swisstopo:routepoint_id>
				</extensions>
			</trkpt>
			<trkpt lat="46.2792872913" lon="8.0404950202">
				<ele>1845.0</ele>
				<time>1970-01-01T01:00:00+01:00</time>
				<extensions>
					<swisstopo:routepoint_id>704857521</swisstopo:routepoint_id>
				</extensions>
			</trkpt>
			<trkpt lat="46.2792967216" lon="8.0405469047">
				<ele>1845.4</ele>
				<time>1970-01-01T01:00:00+01:00</time>
				<extensions>
					<swisstopo:routepoint_id>2008465573</swisstopo:routepoint_id>
				</extensions>
			</trkpt>
			<trkpt lat="46.2793275487" lon="8.0405878302">
				<ele>1846.1</ele>
				<time>1970-01-01T01:00:00+01:00</time>
				<extensions>
					<swisstopo:routepoint_id>969986321</swisstopo:routepoint_id>
				</extensions>
			</trkpt>
			<trkpt lat="46.2793797215" lon="8.0406289779">
				<ele>1847.1</ele>
				<time>1970-01-01T01:00:00+01:00</time>
				<extensions>
					<swisstopo:routepoint_id>1266535460</swisstopo:routepoint_id>
				</extensions>
			</trkpt>
			<trkpt lat="46.2794367216" lon="8.0406757967">
				<ele>1847.7</ele>
				<time>1970-01-01T01:00:00+01:00</time>
				<extensions>
					<swisstopo:routepoint_id>1585785987</swisstopo:routepoint_id>
				</extensions>
			</trkpt>
			<trkpt lat="46.2794878855" lon="8.0407239415">
				<ele>1848.5</ele>
				<time>1970-01-01T01:00:00+01:00</time>
				<extensions>
					<swisstopo:routepoint_id>942924966</swisstopo:routepoint_id>
				</extensions>
			</trkpt>
			<trkpt lat="46.2795409703" lon="8.0407762970">
				<ele>1849.6</ele>
				<time>1970-01-01T01:00:00+01:00</time>
				<extensions>
					<swisstopo:routepoint_id>1847575334</swisstopo:routepoint_id>
				</extensions>
			</trkpt>
			<trkpt lat="46.2795939356" lon="8.0408510569">
				<ele>1851.0</ele>
				<time>1970-01-01T01:00:00+01:00</time>
				<extensions>
					<swisstopo:routepoint_id>1245195339</swisstopo:routepoint_id>
				</extensions>
			</trkpt>
			<trkpt lat="46.2796276247" lon="8.0409018103">
				<ele>1851.9</ele>
				<time>1970-01-01T01:00:00+01:00</time>
				<extensions>
					<swisstopo:routepoint_id>906546879</swisstopo:routepoint_id>
				</extensions>
			</trkpt>
			<trkpt lat="46.2796593126" lon="8.0409651264">
				<ele>1853.0</ele>
				<time>1970-01-01T01:00:00+01:00</time>
				<extensions>
					<swisstopo:routepoint_id>1513951616</swisstopo:routepoint_id>
				</extensions>
			</trkpt>
			<trkpt lat="46.2796667834" lon="8.0410183913">
				<ele>1853.7</ele>
				<time>1970-01-01T01:00:00+01:00</time>
				<extensions>
					<swisstopo:routepoint_id>1527301418</swisstopo:routepoint_id>
				</extensions>
			</trkpt>
			<trkpt lat="46.2796539486" lon="8.0410602211">
				<ele>1854.3</ele>
				<time>1970-01-01T01:00:00+01:00</time>
				<extensions>
					<swisstopo:routepoint_id>1089655889</swisstopo:routepoint_id>
				</extensions>
			</trkpt>
			<trkpt lat="46.2796314016" lon="8.0411047593">
				<ele>1855.0</ele>
				<time>1970-01-01T01:00:00+01:00</time>
				<extensions>
					<swisstopo:routepoint_id>1327669608</swisstopo:routepoint_id>
				</extensions>
			</trkpt>
			<trkpt lat="46.2795843858" lon="8.0411881951">
				<ele>1856.9</ele>
				<time>1970-01-01T01:00:00+01:00</time>
				<extensions>
					<swisstopo:routepoint_id>864789337</swisstopo:routepoint_id>
				</extensions>
			</trkpt>
			<trkpt lat="46.2795383402" lon="8.0412702541">
				<ele>1858.6</ele>
				<time>1970-01-01T01:00:00+01:00</time>
				<extensions>
					<swisstopo:routepoint_id>1898148142</swisstopo:routepoint_id>
				</extensions>
			</trkpt>
			<trkpt lat="46.2795175929" lon="8.0413399943">
				<ele>1859.5</ele>
				<time>1970-01-01T01:00:00+01:00</time>
				<extensions>
					<swisstopo:routepoint_id>176910473</swisstopo:routepoint_id>
				</extensions>
			</trkpt>
			<trkpt lat="46.2795027257" lon="8.0413985912">
				<ele>1860.5</ele>
				<time>1970-01-01T01:00:00+01:00</time>
				<extensions>
					<swisstopo:routepoint_id>263844332</swisstopo:routepoint_id>
				</extensions>
			</trkpt>
			<trkpt lat="46.2794955614" lon="8.0414684819">
				<ele>1861.4</ele>
				<time>1970-01-01T01:00:00+01:00</time>
				<extensions>
					<swisstopo:routepoint_id>2098716356</swisstopo:routepoint_id>
				</extensions>
			</trkpt>
			<trkpt lat="46.2794837202" lon="8.0415061318">
				<ele>1862.0</ele>
				<time>1970-01-01T01:00:00+01:00</time>
				<extensions>
					<swisstopo:routepoint_id>2062740492</swisstopo:routepoint_id>
				</extensions>
			</trkpt>
			<trkpt lat="46.2794575111" lon="8.0415086445">
				<ele>1862.4</ele>
				<time>1970-01-01T01:00:00+01:00</time>
				<extensions>
					<swisstopo:routepoint_id>950718384</swisstopo:routepoint_id>
				</extensions>
			</trkpt>
			<trkpt lat="46.2794118691" lon="8.0415165327">
				<ele>1863.0</ele>
				<time>1970-01-01T01:00:00+01:00</time>
				<extensions>
					<swisstopo:routepoint_id>1744000678</swisstopo:routepoint_id>
				</extensions>
			</trkpt>
			<trkpt lat="46.2794280739" lon="8.0415698941">
				<ele>1864.0</ele>
				<time>1970-01-01T01:00:00+01:00</time>
				<extensions>
					<swisstopo:routepoint_id>1367511863</swisstopo:routepoint_id>
				</extensions>
			</trkpt>
			<trkpt lat="46.2794469937" lon="8.0416624560">
				<ele>1865.7</ele>
				<time>1970-01-01T01:00:00+01:00</time>
				<extensions>
					<swisstopo:routepoint_id>585513612</swisstopo:routepoint_id>
				</extensions>
			</trkpt>
			<trkpt lat="46.2794677486" lon="8.0417718390">
				<ele>1867.3</ele>
				<time>1970-01-01T01:00:00+01:00</time>
				<extensions>
					<swisstopo:routepoint_id>100881856</swisstopo:routepoint_id>
				</extensions>
			</trkpt>
			<trkpt lat="46.2794790918" lon="8.0418293374">
				<ele>1868.3</ele>
				<time>1970-01-01T01:00:00+01:00</time>
				<extensions>
					<swisstopo:routepoint_id>1122059934</swisstopo:routepoint_id>
				</extensions>
			</trkpt>
			<trkpt lat="46.2794952892" lon="8.0418841007">
				<ele>1869.3</ele>
				<time>1970-01-01T01:00:00+01:00</time>
				<extensions>
					<swisstopo:routepoint_id>702021588</swisstopo:routepoint_id>
				</extensions>
			</trkpt>
			<trkpt lat="46.2795026639" lon="8.0419569432">
				<ele>1870.5</ele>
				<time>1970-01-01T01:00:00+01:00</time>
				<extensions>
					<swisstopo:routepoint_id>156803595</swisstopo:routepoint_id>
				</extensions>
			</trkpt>
			<trkpt lat="46.2794542197" lon="8.0419438068">
				<ele>1871.3</ele>
				<time>1970-01-01T01:00:00+01:00</time>
				<extensions>
					<swisstopo:routepoint_id>1389200953</swisstopo:routepoint_id>
				</extensions>
			</trkpt>
			<trkpt lat="46.2793854381" lon="8.0419234523">
				<ele>1872.5</ele>
				<time>1970-01-01T01:00:00+01:00</time>
				<extensions>
					<swisstopo:routepoint_id>1063605533</swisstopo:routepoint_id>
				</extensions>
			</trkpt>
			<trkpt lat="46.2793147450" lon="8.0418988861">
				<ele>1873.9</ele>
				<time>1970-01-01T01:00:00+01:00</time>
				<extensions>
					<swisstopo:routepoint_id>255905830</swisstopo:routepoint_id>
				</extensions>
			</trkpt>
			<trkpt lat="46.2792527623" lon="8.0418772071">
				<ele>1875.0</ele>
				<time>1970-01-01T01:00:00+01:00</time>
				<extensions>
					<swisstopo:routepoint_id>1894540690</swisstopo:routepoint_id>
				</extensions>
			</trkpt>
			<trkpt lat="46.2792130373" lon="8.0418669709">
				<ele>1875.3</ele>
				<time>1970-01-01T01:00:00+01:00</time>
				<extensions>
					<swisstopo:routepoint_id>1585805708</swisstopo:routepoint_id>
				</extensions>
			</trkpt>
			<trkpt lat="46.2791819794" lon="8.0418694281">
				<ele>1875.5</ele>
				<time>1970-01-01T01:00:00+01:00</time>
				<extensions>
					<swisstopo:routepoint_id>422679586</swisstopo:routepoint_id>
				</extensions>
			</trkpt>
			<trkpt lat="46.2792608449" lon="8.0420113463">
				<ele>1876.1</ele>
				<time>1970-01-01T01:00:00+01:00</time>
				<extensions>
					<swisstopo:routepoint_id>27061355</swisstopo:routepoint_id>
				</extensions>
			</trkpt>
			<trkpt lat="46.2793243110" lon="8.0420972800">
				<ele>1877.0</ele>
				<time>1970-01-01T01:00:00+01:00</time>
				<extensions>
					<swisstopo:routepoint_id>1566443774</swisstopo:routepoint_id>
				</extensions>
			</trkpt>
			<trkpt lat="46.2793583348" lon="8.0421678222">
				<ele>1877.5</ele>
				<time>1970-01-01T01:00:00+01:00</time>
				<extensions>
					<swisstopo:routepoint_id>340590648</swisstopo:routepoint_id>
				</extensions>
			</trkpt>
			<trkpt lat="46.2794098545" lon="8.0422806478">
				<ele>1878.4</ele>
				<time>1970-01-01T01:00:00+01:00</time>
				<extensions>
					<swisstopo:routepoint_id>36378087</swisstopo:routepoint_id>
				</extensions>
			</trkpt>
			<trkpt lat="46.2794450514" lon="8.0423757900">
				<ele>1878.9</ele>
				<time>1970-01-01T01:00:00+01:00</time>
				<extensions>
					<swisstopo:routepoint_id>333623718</swisstopo:routepoint_id>
				</extensions>
			</trkpt>
			<trkpt lat="46.2794950343" lon="8.0425102143">
				<ele>1880.0</ele>
				<time>1970-01-01T01:00:00+01:00</time>
				<extensions>
					<swisstopo:routepoint_id>1865377569</swisstopo:routepoint_id>
				</extensions>
			</trkpt>
			<trkpt lat="46.2795392851" lon="8.0426466516">
				<ele>1881.1</ele>
				<time>1970-01-01T01:00:00+01:00</time>
				<extensions>
					<swisstopo:routepoint_id>1964374638</swisstopo:routepoint_id>
				</extensions>
			</trkpt>
			<trkpt lat="46.2795813580" lon="8.0427912927">
				<ele>1881.9</ele>
				<time>1970-01-01T01:00:00+01:00</time>
				<extensions>
					<swisstopo:routepoint_id>186282008</swisstopo:routepoint_id>
				</extensions>
			</trkpt>
			<trkpt lat="46.2796080379" lon="8.0428883650">
				<ele>1882.2</ele>
				<time>1970-01-01T01:00:00+01:00</time>
				<extensions>
					<swisstopo:routepoint_id>662512081</swisstopo:routepoint_id>
				</extensions>
			</trkpt>
			<trkpt lat="46.2796229555" lon="8.0429565069">
				<ele>1882.3</ele>
				<time>1970-01-01T01:00:00+01:00</time>
				<extensions>
					<swisstopo:routepoint_id>1338991394</swisstopo:routepoint_id>
				</extensions>
			</trkpt>
			<trkpt lat="46.2796306826" lon="8.0430410658">
				<ele>1882.6</ele>
				<time>1970-01-01T01:00:00+01:00</time>
				<extensions>
					<swisstopo:routepoint_id>1150759134</swisstopo:routepoint_id>
				</extensions>
			</trkpt>
			<trkpt lat="46.2796303183" lon="8.0431026775">
				<ele>1882.9</ele>
				<time>1970-01-01T01:00:00+01:00</time>
				<extensions>
					<swisstopo:routepoint_id>600945005</swisstopo:routepoint_id>
				</extensions>
			</trkpt>
			<trkpt lat="46.2796242069" lon="8.0431802280">
				<ele>1883.2</ele>
				<time>1970-01-01T01:00:00+01:00</time>
				<extensions>
					<swisstopo:routepoint_id>1946915434</swisstopo:routepoint_id>
				</extensions>
			</trkpt>
			<trkpt lat="46.2796155461" lon="8.0432490329">
				<ele>1883.3</ele>
				<time>1970-01-01T01:00:00+01:00</time>
				<extensions>
					<swisstopo:routepoint_id>261653629</swisstopo:routepoint_id>
				</extensions>
			</trkpt>
			<trkpt lat="46.2796041291" lon="8.0433404490">
				<ele>1883.7</ele>
				<time>1970-01-01T01:00:00+01:00</time>
				<extensions>
					<swisstopo:routepoint_id>1460609596</swisstopo:routepoint_id>
				</extensions>
			</trkpt>
			<trkpt lat="46.2795973894" lon="8.0433990883">
				<ele>1884.0</ele>
				<time>1970-01-01T01:00:00+01:00</time>
				<extensions>
					<swisstopo:routepoint_id>354715677</swisstopo:routepoint_id>
				</extensions>
			</trkpt>
			<trkpt lat="46.2796013910" lon="8.0434516512">
				<ele>1884.2</ele>
				<time>1970-01-01T01:00:00+01:00</time>
				<extensions>
					<swisstopo:routepoint_id>695228628</swisstopo:routepoint_id>
				</extensions>
			</trkpt>
			<trkpt lat="46.2796147110" lon="8.0434981474">
				<ele>1884.4</ele>
				<time>1970-01-01T01:00:00+01:00</time>
				<extensions>
					<swisstopo:routepoint_id>365204772</swisstopo:routepoint_id>
				</extensions>
			</trkpt>
			<trkpt lat="46.2796323397" lon="8.0435405609">
				<ele>1884.6</ele>
				<time>1970-01-01T01:00:00+01:00</time>
				<extensions>
					<swisstopo:routepoint_id>1643118822</swisstopo:routepoint_id>
				</extensions>
			</trkpt>
			<trkpt lat="46.2796081694" lon="8.0435197028">
				<ele>1884.7</ele>
				<time>1970-01-01T01:00:00+01:00</time>
				<extensions>
					<swisstopo:routepoint_id>245451929</swisstopo:routepoint_id>
				</extensions>
			</trkpt>
			<trkpt lat="46.2795833692" lon="8.0434844063">
				<ele>1885.3</ele>
				<time>1970-01-01T01:00:00+01:00</time>
				<extensions>
					<swisstopo:routepoint_id>2030975671</swisstopo:routepoint_id>
				</extensions>
			</trkpt>
			<trkpt lat="46.2795579038" lon="8.0434388014">
				<ele>1886.3</ele>
				<time>1970-01-01T01:00:00+01:00</time>
				<extensions>
					<swisstopo:routepoint_id>2091561909</swisstopo:routepoint_id>
				</extensions>
			</trkpt>
			<trkpt lat="46.2795294952" lon="8.0434096605">
				<ele>1887.2</ele>
				<time>1970-01-01T01:00:00+01:00</time>
				<extensions>
					<swisstopo:routepoint_id>1880342628</swisstopo:routepoint_id>
				</extensions>
			</trkpt>
			<trkpt lat="46.2795154406" lon="8.0433683131">
				<ele>1888.0</ele>
				<time>1970-01-01T01:00:00+01:00</time>
				<extensions>
					<swisstopo:routepoint_id>1785899703</swisstopo:routepoint_id>
				</extensions>
			</trkpt>
			<trkpt lat="46.2794899421" lon="8.0433288911">
				<ele>1889.1</ele>
				<time>1970-01-01T01:00:00+01:00</time>
				<extensions>
					<swisstopo:routepoint_id>2048381413</swisstopo:routepoint_id>
				</extensions>
			</trkpt>
			<trkpt lat="46.2794773171" lon="8.0432854944">
				<ele>1889.8</ele>
				<time>1970-01-01T01:00:00+01:00</time>
				<extensions>
					<swisstopo:routepoint_id>1642143911</swisstopo:routepoint_id>
				</extensions>
			</trkpt>
			<trkpt lat="46.2794475780" lon="8.0432398421">
				<ele>1890.9</ele>
				<time>1970-01-01T01:00:00+01:00</time>
				<extensions>
					<swisstopo:routepoint_id>1625283472</swisstopo:routepoint_id>
				</extensions>
			</trkpt>
			<trkpt lat="46.2794213843" lon="8.0431973336">
				<ele>1891.6</ele>
				<time>1970-01-01T01:00:00+01:00</time>
				<extensions>
					<swisstopo:routepoint_id>1980709892</swisstopo:routepoint_id>
				</extensions>
			</trkpt>
			<trkpt lat="46.2793767017" lon="8.0431401882">
				<ele>1892.3</ele>
				<time>1970-01-01T01:00:00+01:00</time>
				<extensions>
					<swisstopo:routepoint_id>1867479335</swisstopo:routepoint_id>
				</extensions>
			</trkpt>
			<trkpt lat="46.2793597106" lon="8.0431132398">
				<ele>1892.6</ele>
				<time>1970-01-01T01:00:00+01:00</time>
				<extensions>
					<swisstopo:routepoint_id>19361934</swisstopo:routepoint_id>
				</extensions>
			</trkpt>
			<trkpt lat="46.2793456175" lon="8.0430790888">
				<ele>1893.2</ele>
				<time>1970-01-01T01:00:00+01:00</time>
				<extensions>
					<swisstopo:routepoint_id>82088938</swisstopo:routepoint_id>
				</extensions>
			</trkpt>
			<trkpt lat="46.2793313999" lon="8.0430665773">
				<ele>1893.8</ele>
				<time>1970-01-01T01:00:00+01:00</time>
				<extensions>
					<swisstopo:routepoint_id>2138166916</swisstopo:routepoint_id>
				</extensions>
			</trkpt>
			<trkpt lat="46.2793078565" lon="8.0430632241">
				<ele>1894.6</ele>
				<time>1970-01-01T01:00:00+01:00</time>
				<extensions>
					<swisstopo:routepoint_id>1232820056</swisstopo:routepoint_id>
				</extensions>
			</trkpt>
			<trkpt lat="46.2792807422" lon="8.0430598312">
				<ele>1895.3</ele>
				<time>1970-01-01T01:00:00+01:00</time>
				<extensions>
					<swisstopo:routepoint_id>622696726</swisstopo:routepoint_id>
				</extensions>
			</trkpt>
			<trkpt lat="46.2792551004" lon="8.0430471928">
				<ele>1896.1</ele>
				<time>1970-01-01T01:00:00+01:00</time>
				<extensions>
					<swisstopo:routepoint_id>219487097</swisstopo:routepoint_id>
				</extensions>
			</trkpt>
			<trkpt lat="46.2792363556" lon="8.0430048053">
				<ele>1896.7</ele>
				<time>1970-01-01T01:00:00+01:00</time>
				<extensions>
					<swisstopo:routepoint_id>147341710</swisstopo:routepoint_id>
				</extensions>
			</trkpt>
			<trkpt lat="46.2792071475" lon="8.0429921146">
				<ele>1897.3</ele>
				<time>1970-01-01T01:00:00+01:00</time>
				<extensions>
					<swisstopo:routepoint_id>1202865488</swisstopo:routepoint_id>
				</extensions>
			</trkpt>
			<trkpt lat="46.2791721314" lon="8.0429968822">
				<ele>1898.2</ele>
				<time>1970-01-01T01:00:00+01:00</time>
				<extensions>
					<swisstopo:routepoint_id>625383243</swisstopo:routepoint_id>
				</extensions>
			</trkpt>
			<trkpt lat="46.2791357595" lon="8.0429882297">
				<ele>1899.3</ele>
				<time>1970-01-01T01:00:00+01:00</time>
				<extensions>
					<swisstopo:routepoint_id>1183006521</swisstopo:routepoint_id>
				</extensions>
			</trkpt>
			<trkpt lat="46.2791050841" lon="8.0429837837">
				<ele>1900.5</ele>
				<time>1970-01-01T01:00:00+01:00</time>
				<extensions>
					<swisstopo:routepoint_id>61567076</swisstopo:routepoint_id>
				</extensions>
			</trkpt>
			<trkpt lat="46.2790700725" lon="8.0429885261">
				<ele>1901.4</ele>
				<time>1970-01-01T01:00:00+01:00</time>
				<extensions>
					<swisstopo:routepoint_id>1539559608</swisstopo:routepoint_id>
				</extensions>
			</trkpt>
			<trkpt lat="46.2790337071" lon="8.0429778338">
				<ele>1902.4</ele>
				<time>1970-01-01T01:00:00+01:00</time>
				<extensions>
					<swisstopo:routepoint_id>889105505</swisstopo:routepoint_id>
				</extensions>
			</trkpt>
			<trkpt lat="46.2790109742" lon="8.0429559531">
				<ele>1902.9</ele>
				<time>1970-01-01T01:00:00+01:00</time>
				<extensions>
					<swisstopo:routepoint_id>1287819057</swisstopo:routepoint_id>
				</extensions>
			</trkpt>
			<trkpt lat="46.2789939237" lon="8.0429392925">
				<ele>1903.3</ele>
				<time>1970-01-01T01:00:00+01:00</time>
				<extensions>
					<swisstopo:routepoint_id>1592199757</swisstopo:routepoint_id>
				</extensions>
			</trkpt>
			<trkpt lat="46.2789624709" lon="8.0429471787">
				<ele>1904.4</ele>
				<time>1970-01-01T01:00:00+01:00</time>
				<extensions>
					<swisstopo:routepoint_id>1713908649</swisstopo:routepoint_id>
				</extensions>
			</trkpt>
			<trkpt lat="46.2789288164" lon="8.0429643021">
				<ele>1905.5</ele>
				<time>1970-01-01T01:00:00+01:00</time>
				<extensions>
					<swisstopo:routepoint_id>1095404824</swisstopo:routepoint_id>
				</extensions>
			</trkpt>
			<trkpt lat="46.2789081399" lon="8.0429579020">
				<ele>1906.4</ele>
				<time>1970-01-01T01:00:00+01:00</time>
				<extensions>
					<swisstopo:routepoint_id>859080503</swisstopo:routepoint_id>
				</extensions>
			</trkpt>
			<trkpt lat="46.2788840048" lon="8.0429329144">
				<ele>1906.9</ele>
				<time>1970-01-01T01:00:00+01:00</time>
				<extensions>
					<swisstopo:routepoint_id>449776699</swisstopo:routepoint_id>
				</extensions>
			</trkpt>
			<trkpt lat="46.2788568652" lon="8.0429326128">
				<ele>1907.8</ele>
				<time>1970-01-01T01:00:00+01:00</time>
				<extensions>
					<swisstopo:routepoint_id>481712748</swisstopo:routepoint_id>
				</extensions>
			</trkpt>
			<trkpt lat="46.2788388942" lon="8.0429550673">
				<ele>1908.6</ele>
				<time>1970-01-01T01:00:00+01:00</time>
				<extensions>
					<swisstopo:routepoint_id>1699040560</swisstopo:routepoint_id>
				</extensions>
			</trkpt>
			<trkpt lat="46.2788095254" lon="8.0429732774">
				<ele>1909.7</ele>
				<time>1970-01-01T01:00:00+01:00</time>
				<extensions>
					<swisstopo:routepoint_id>512592949</swisstopo:routepoint_id>
				</extensions>
			</trkpt>
			<trkpt lat="46.2787931248" lon="8.0429689774">
				<ele>1910.4</ele>
				<time>1970-01-01T01:00:00+01:00</time>
				<extensions>
					<swisstopo:routepoint_id>245075968</swisstopo:routepoint_id>
				</extensions>
			</trkpt>
			<trkpt lat="46.2787789249" lon="8.0429523358">
				<ele>1910.9</ele>
				<time>1970-01-01T01:00:00+01:00</time>
				<extensions>
					<swisstopo:routepoint_id>43180496</swisstopo:routepoint_id>
				</extensions>
			</trkpt>
			<trkpt lat="46.2787662249" lon="8.0429254354">
				<ele>1910.9</ele>
				<time>1970-01-01T01:00:00+01:00</time>
				<extensions>
					<swisstopo:routepoint_id>238198717</swisstopo:routepoint_id>
				</extensions>
			</trkpt>
			<trkpt lat="46.2787490865" lon="8.0429252449">
				<ele>1911.6</ele>
				<time>1970-01-01T01:00:00+01:00</time>
				<extensions>
					<swisstopo:routepoint_id>160616231</swisstopo:routepoint_id>
				</extensions>
			</trkpt>
			<trkpt lat="46.2787473784" lon="8.0429777436">
				<ele>1912.4</ele>
				<time>1970-01-01T01:00:00+01:00</time>
				<extensions>
					<swisstopo:routepoint_id>67671521</swisstopo:routepoint_id>
				</extensions>
			</trkpt>
			<trkpt lat="46.2787448610" lon="8.0430477306">
				<ele>1913.3</ele>
				<time>1970-01-01T01:00:00+01:00</time>
				<extensions>
					<swisstopo:routepoint_id>1922148224</swisstopo:routepoint_id>
				</extensions>
			</trkpt>
			<trkpt lat="46.2787581205" lon="8.0431055524">
				<ele>1914.4</ele>
				<time>1970-01-01T01:00:00+01:00</time>
				<extensions>
					<swisstopo:routepoint_id>1605921538</swisstopo:routepoint_id>
				</extensions>
			</trkpt>
			<trkpt lat="46.2787798942" lon="8.0431737696">
				<ele>1915.8</ele>
				<time>1970-01-01T01:00:00+01:00</time>
				<extensions>
					<swisstopo:routepoint_id>1898620954</swisstopo:routepoint_id>
				</extensions>
			</trkpt>
			<trkpt lat="46.2788009090" lon="8.0432491750">
				<ele>1916.9</ele>
				<time>1970-01-01T01:00:00+01:00</time>
				<extensions>
					<swisstopo:routepoint_id>1876796067</swisstopo:routepoint_id>
				</extensions>
			</trkpt>
			<trkpt lat="46.2788113927" lon="8.0432904822">
				<ele>1917.4</ele>
				<time>1970-01-01T01:00:00+01:00</time>
				<extensions>
					<swisstopo:routepoint_id>934025525</swisstopo:routepoint_id>
				</extensions>
			</trkpt>
			<trkpt lat="46.2788203257" lon="8.0433564915">
				<ele>1917.8</ele>
				<time>1970-01-01T01:00:00+01:00</time>
				<extensions>
					<swisstopo:routepoint_id>1606875859</swisstopo:routepoint_id>
				</extensions>
			</trkpt>
			<trkpt lat="46.2788350675" lon="8.0434040417">
				<ele>1918.0</ele>
				<time>1970-01-01T01:00:00+01:00</time>
				<extensions>
					<swisstopo:routepoint_id>1918679819</swisstopo:routepoint_id>
				</extensions>
			</trkpt>
			<trkpt lat="46.2788505760" lon="8.0434412743">
				<ele>1918.6</ele>
				<time>1970-01-01T01:00:00+01:00</time>
				<extensions>
					<swisstopo:routepoint_id>1085478346</swisstopo:routepoint_id>
				</extensions>
			</trkpt>
			<trkpt lat="46.2788525861" lon="8.0434670551">
				<ele>1919.0</ele>
				<time>1970-01-01T01:00:00+01:00</time>
				<extensions>
					<swisstopo:routepoint_id>1567314886</swisstopo:routepoint_id>
				</extensions>
			</trkpt>
			<trkpt lat="46.2788395583" lon="8.0434998653">
				<ele>1919.7</ele>
				<time>1970-01-01T01:00:00+01:00</time>
				<extensions>
					<swisstopo:routepoint_id>1741587501</swisstopo:routepoint_id>
				</extensions>
			</trkpt>
			<trkpt lat="46.2788330025" lon="8.0435224465">
				<ele>1920.0</ele>
				<time>1970-01-01T01:00:00+01:00</time>
				<extensions>
					<swisstopo:routepoint_id>1111818836</swisstopo:routepoint_id>
				</extensions>
			</trkpt>
			<trkpt lat="46.2788299538" lon="8.0435594728">
				<ele>1920.8</ele>
				<time>1970-01-01T01:00:00+01:00</time>
				<extensions>
					<swisstopo:routepoint_id>1141298412</swisstopo:routepoint_id>
				</extensions>
			</trkpt>
			<trkpt lat="46.2788105441" lon="8.0435839763">
				<ele>1921.6</ele>
				<time>1970-01-01T01:00:00+01:00</time>
				<extensions>
					<swisstopo:routepoint_id>1233307283</swisstopo:routepoint_id>
				</extensions>
			</trkpt>
			<trkpt lat="46.2787803943" lon="8.0436135044">
				<ele>1922.9</ele>
				<time>1970-01-01T01:00:00+01:00</time>
				<extensions>
					<swisstopo:routepoint_id>293901016</swisstopo:routepoint_id>
				</extensions>
			</trkpt>
			<trkpt lat="46.2787673620" lon="8.0436463144">
				<ele>1923.5</ele>
				<time>1970-01-01T01:00:00+01:00</time>
				<extensions>
					<swisstopo:routepoint_id>921231667</swisstopo:routepoint_id>
				</extensions>
			</trkpt>
			<trkpt lat="46.2787422203" lon="8.0436748845">
				<ele>1924.2</ele>
				<time>1970-01-01T01:00:00+01:00</time>
				<extensions>
					<swisstopo:routepoint_id>2094843499</swisstopo:routepoint_id>
				</extensions>
			</trkpt>
			<trkpt lat="46.2787156689" lon="8.0436992959">
				<ele>1924.9</ele>
				<time>1970-01-01T01:00:00+01:00</time>
				<extensions>
					<swisstopo:routepoint_id>1322680504</swisstopo:routepoint_id>
				</extensions>
			</trkpt>
			<trkpt lat="46.2786947656" lon="8.0437361360">
				<ele>1925.6</ele>
				<time>1970-01-01T01:00:00+01:00</time>
				<extensions>
					<swisstopo:routepoint_id>192414233</swisstopo:routepoint_id>
				</extensions>
			</trkpt>
			<trkpt lat="46.2786781050" lon="8.0437812716">
				<ele>1926.4</ele>
				<time>1970-01-01T01:00:00+01:00</time>
				<extensions>
					<swisstopo:routepoint_id>733119253</swisstopo:routepoint_id>
				</extensions>
			</trkpt>
			<trkpt lat="46.2786670180" lon="8.0438511632">
				<ele>1927.9</ele>
				<time>1970-01-01T01:00:00+01:00</time>
				<extensions>
					<swisstopo:routepoint_id>1264131950</swisstopo:routepoint_id>
				</extensions>
			</trkpt>
			<trkpt lat="46.2786674187" lon="8.0439109072">
				<ele>1929.0</ele>
				<time>1970-01-01T01:00:00+01:00</time>
				<extensions>
					<swisstopo:routepoint_id>613692075</swisstopo:routepoint_id>
				</extensions>
			</trkpt>
			<trkpt lat="46.2786791908" lon="8.0439790006">
				<ele>1930.8</ele>
				<time>1970-01-01T01:00:00+01:00</time>
				<extensions>
					<swisstopo:routepoint_id>1307523591</swisstopo:routepoint_id>
				</extensions>
			</trkpt>
			<trkpt lat="46.2786924014" lon="8.0440450575">
				<ele>1931.9</ele>
				<time>1970-01-01T01:00:00+01:00</time>
				<extensions>
					<swisstopo:routepoint_id>2084667398</swisstopo:routepoint_id>
				</extensions>
			</trkpt>
			<trkpt lat="46.2786993391" lon="8.0440832464">
				<ele>1931.7</ele>
				<time>1970-01-01T01:00:00+01:00</time>
				<extensions>
					<swisstopo:routepoint_id>236636780</swisstopo:routepoint_id>
				</extensions>
			</trkpt>
			<trkpt lat="46.2787196143" lon="8.0441637879">
				<ele>1932.4</ele>
				<time>1970-01-01T01:00:00+01:00</time>
				<extensions>
					<swisstopo:routepoint_id>1655860064</swisstopo:routepoint_id>
				</extensions>
			</trkpt>
			<trkpt lat="46.2787378011" lon="8.0442340181">
				<ele>1934.2</ele>
				<time>1970-01-01T01:00:00+01:00</time>
				<extensions>
					<swisstopo:routepoint_id>274394232</swisstopo:routepoint_id>
				</extensions>
			</trkpt>
			<trkpt lat="46.2787560253" lon="8.0442980785">
				<ele>1935.7</ele>
				<time>1970-01-01T01:00:00+01:00</time>
				<extensions>
					<swisstopo:routepoint_id>84459737</swisstopo:routepoint_id>
				</extensions>
			</trkpt>
			<trkpt lat="46.2787650194" lon="8.0443517226">
				<ele>1936.8</ele>
				<time>1970-01-01T01:00:00+01:00</time>
				<extensions>
					<swisstopo:routepoint_id>2122992623</swisstopo:routepoint_id>
				</extensions>
			</trkpt>
			<trkpt lat="46.2787526521" lon="8.0443948406">
				<ele>1937.6</ele>
				<time>1970-01-01T01:00:00+01:00</time>
				<extensions>
					<swisstopo:routepoint_id>463534140</swisstopo:routepoint_id>
				</extensions>
			</trkpt>
			<trkpt lat="46.2787445947" lon="8.0444328626">
				<ele>1938.4</ele>
				<time>1970-01-01T01:00:00+01:00</time>
				<extensions>
					<swisstopo:routepoint_id>702178340</swisstopo:routepoint_id>
				</extensions>
			</trkpt>
			<trkpt lat="46.2787499672" lon="8.0444967671">
				<ele>1939.5</ele>
				<time>1970-01-01T01:00:00+01:00</time>
				<extensions>
					<swisstopo:routepoint_id>316534215</swisstopo:routepoint_id>
				</extensions>
			</trkpt>
			<trkpt lat="46.2787432281" lon="8.0445543537">
				<ele>1940.7</ele>
				<time>1970-01-01T01:00:00+01:00</time>
				<extensions>
					<swisstopo:routepoint_id>45352157</swisstopo:routepoint_id>
				</extensions>
			</trkpt>
			<trkpt lat="46.2787294619" lon="8.0445912857">
				<ele>1941.7</ele>
				<time>1970-01-01T01:00:00+01:00</time>
				<extensions>
					<swisstopo:routepoint_id>671896013</swisstopo:routepoint_id>
				</extensions>
			</trkpt>
			<trkpt lat="46.2786956748" lon="8.0446331261">
				<ele>1943.3</ele>
				<time>1970-01-01T01:00:00+01:00</time>
				<extensions>
					<swisstopo:routepoint_id>291745094</swisstopo:routepoint_id>
				</extensions>
			</trkpt>
			<trkpt lat="46.2786718665" lon="8.0446792081">
				<ele>1944.8</ele>
				<time>1970-01-01T01:00:00+01:00</time>
				<extensions>
					<swisstopo:routepoint_id>2105599896</swisstopo:routepoint_id>
				</extensions>
			</trkpt>
			<trkpt lat="46.2786587722" lon="8.0447243704">
				<ele>1946.0</ele>
				<time>1970-01-01T01:00:00+01:00</time>
				<extensions>
					<swisstopo:routepoint_id>1996030827</swisstopo:routepoint_id>
				</extensions>
			</trkpt>
			<trkpt lat="46.2786548979" lon="8.0447809626">
				<ele>1947.1</ele>
				<time>1970-01-01T01:00:00+01:00</time>
				<extensions>
					<swisstopo:routepoint_id>39560973</swisstopo:routepoint_id>
				</extensions>
			</trkpt>
			<trkpt lat="46.2786474503" lon="8.0448395801">
				<ele>1948.1</ele>
				<time>1970-01-01T01:00:00+01:00</time>
				<extensions>
					<swisstopo:routepoint_id>177092317</swisstopo:routepoint_id>
				</extensions>
			</trkpt>
			<trkpt lat="46.2786371800" lon="8.0448888917">
				<ele>1949.0</ele>
				<time>1970-01-01T01:00:00+01:00</time>
				<extensions>
					<swisstopo:routepoint_id>2121143158</swisstopo:routepoint_id>
				</extensions>
			</trkpt>
			<trkpt lat="46.2786263105" lon="8.0449196855">
				<ele>1949.7</ele>
				<time>1970-01-01T01:00:00+01:00</time>
				<extensions>
					<swisstopo:routepoint_id>426016473</swisstopo:routepoint_id>
				</extensions>
			</trkpt>
			<trkpt lat="46.2785939055" lon="8.0449708028">
				<ele>1951.6</ele>
				<time>1970-01-01T01:00:00+01:00</time>
				<extensions>
					<swisstopo:routepoint_id>508280218</swisstopo:routepoint_id>
				</extensions>
			</trkpt>
			<trkpt lat="46.2785807901" lon="8.0450190562">
				<ele>1952.8</ele>
				<time>1970-01-01T01:00:00+01:00</time>
				<extensions>
					<swisstopo:routepoint_id>817917820</swisstopo:routepoint_id>
				</extensions>
			</trkpt>
			<trkpt lat="46.2785741036" lon="8.0450684203">
				<ele>1953.6</ele>
				<time>1970-01-01T01:00:00+01:00</time>
				<extensions>
					<swisstopo:routepoint_id>220066745</swisstopo:routepoint_id>
				</extensions>
			</trkpt>
			<trkpt lat="46.2785739158" lon="8.0451034383">
				<ele>1954.6</ele>
				<time>1970-01-01T01:00:00+01:00</time>
				<extensions>
					<swisstopo:routepoint_id>1285947432</swisstopo:routepoint_id>
				</extensions>
			</trkpt>
			<trkpt lat="46.2785693741" lon="8.0451517747">
				<ele>1955.8</ele>
				<time>1970-01-01T01:00:00+01:00</time>
				<extensions>
					<swisstopo:routepoint_id>1118704160</swisstopo:routepoint_id>
				</extensions>
			</trkpt>
			<trkpt lat="46.2785351842" lon="8.0451359613">
				<ele>1957.1</ele>
				<time>1970-01-01T01:00:00+01:00</time>
				<extensions>
					<swisstopo:routepoint_id>728817434</swisstopo:routepoint_id>
				</extensions>
			</trkpt>
			<trkpt lat="46.2785038880" lon="8.0451129582">
				<ele>1958.1</ele>
				<time>1970-01-01T01:00:00+01:00</time>
				<extensions>
					<swisstopo:routepoint_id>1361724245</swisstopo:routepoint_id>
				</extensions>
			</trkpt>
			<trkpt lat="46.2784818627" lon="8.0450910848">
				<ele>1958.7</ele>
				<time>1970-01-01T01:00:00+01:00</time>
				<extensions>
					<swisstopo:routepoint_id>58548554</swisstopo:routepoint_id>
				</extensions>
			</trkpt>
			<trkpt lat="46.2784590751" lon="8.0450795037">
				<ele>1959.3</ele>
				<time>1970-01-01T01:00:00+01:00</time>
				<extensions>
					<swisstopo:routepoint_id>1726205805</swisstopo:routepoint_id>
				</extensions>
			</trkpt>
			<trkpt lat="46.2784191201" lon="8.0450739015">
				<ele>1960.5</ele>
				<time>1970-01-01T01:00:00+01:00</time>
				<extensions>
					<swisstopo:routepoint_id>1573079310</swisstopo:routepoint_id>
				</extensions>
			</trkpt>
			<trkpt lat="46.2783877389" lon="8.0450684075">
				<ele>1961.6</ele>
				<time>1970-01-01T01:00:00+01:00</time>
				<extensions>
					<swisstopo:routepoint_id>1326948200</swisstopo:routepoint_id>
				</extensions>
			</trkpt>
			<trkpt lat="46.2783598768" lon="8.0450701493">
				<ele>1962.6</ele>
				<time>1970-01-01T01:00:00+01:00</time>
				<extensions>
					<swisstopo:routepoint_id>377055295</swisstopo:routepoint_id>
				</extensions>
			</trkpt>
			<trkpt lat="46.2783370670" lon="8.0450626859">
				<ele>1963.6</ele>
				<time>1970-01-01T01:00:00+01:00</time>
				<extensions>
					<swisstopo:routepoint_id>1799147175</swisstopo:routepoint_id>
				</extensions>
			</trkpt>
			<trkpt lat="46.2783121789" lon="8.0450438721">
				<ele>1965.2</ele>
				<time>1970-01-01T01:00:00+01:00</time>
				<extensions>
					<swisstopo:routepoint_id>1810273166</swisstopo:routepoint_id>
				</extensions>
			</trkpt>
			<trkpt lat="46.2782921843" lon="8.0450446881">
				<ele>1965.9</ele>
				<time>1970-01-01T01:00:00+01:00</time>
				<extensions>
					<swisstopo:routepoint_id>152177043</swisstopo:routepoint_id>
				</extensions>
			</trkpt>
			<trkpt lat="46.2782644480" lon="8.0450582018">
				<ele>1966.1</ele>
				<time>1970-01-01T01:00:00+01:00</time>
				<extensions>
					<swisstopo:routepoint_id>1680351088</swisstopo:routepoint_id>
				</extensions>
			</trkpt>
			<trkpt lat="46.2783351551" lon="8.0452480649">
				<ele>1967.5</ele>
				<time>1970-01-01T01:00:00+01:00</time>
				<extensions>
					<swisstopo:routepoint_id>1958343739</swisstopo:routepoint_id>
				</extensions>
			</trkpt>
			<trkpt lat="46.2783118045" lon="8.0452595623">
				<ele>1967.6</ele>
				<time>1970-01-01T01:00:00+01:00</time>
				<extensions>
					<swisstopo:routepoint_id>1529765044</swisstopo:routepoint_id>
				</extensions>
			</trkpt>
			<trkpt lat="46.2782834915" lon="8.0452446126">
				<ele>1968.1</ele>
				<time>1970-01-01T01:00:00+01:00</time>
				<extensions>
					<swisstopo:routepoint_id>1806458408</swisstopo:routepoint_id>
				</extensions>
			</trkpt>
			<trkpt lat="46.2782505640" lon="8.0452071856">
				<ele>1969.0</ele>
				<time>1970-01-01T01:00:00+01:00</time>
				<extensions>
					<swisstopo:routepoint_id>418181983</swisstopo:routepoint_id>
				</extensions>
			</trkpt>
			<trkpt lat="46.2782122461" lon="8.0451658088">
				<ele>1970.3</ele>
				<time>1970-01-01T01:00:00+01:00</time>
				<extensions>
					<swisstopo:routepoint_id>30282327</swisstopo:routepoint_id>
				</extensions>
			</trkpt>
			<trkpt lat="46.2781631189" lon="8.0451243115">
				<ele>1971.9</ele>
				<time>1970-01-01T01:00:00+01:00</time>
				<extensions>
					<swisstopo:routepoint_id>24789120</swisstopo:routepoint_id>
				</extensions>
			</trkpt>
			<trkpt lat="46.2781314883" lon="8.0450956795">
				<ele>1972.9</ele>
				<time>1970-01-01T01:00:00+01:00</time>
				<extensions>
					<swisstopo:routepoint_id>87235909</swisstopo:routepoint_id>
				</extensions>
			</trkpt>
			<trkpt lat="46.2781052001" lon="8.0450807525">
				<ele>1974.2</ele>
				<time>1970-01-01T01:00:00+01:00</time>
				<extensions>
					<swisstopo:routepoint_id>823348834</swisstopo:routepoint_id>
				</extensions>
			</trkpt>
			<trkpt lat="46.2780747900" lon="8.0450784749">
				<ele>1975.3</ele>
				<time>1970-01-01T01:00:00+01:00</time>
				<extensions>
					<swisstopo:routepoint_id>252184121</swisstopo:routepoint_id>
				</extensions>
			</trkpt>
			<trkpt lat="46.2780356118" lon="8.0450721845">
				<ele>1976.4</ele>
				<time>1970-01-01T01:00:00+01:00</time>
				<extensions>
					<swisstopo:routepoint_id>1928507578</swisstopo:routepoint_id>
				</extensions>
			</trkpt>
			<trkpt lat="46.2780044799" lon="8.0450767153">
				<ele>1977.6</ele>
				<time>1970-01-01T01:00:00+01:00</time>
				<extensions>
					<swisstopo:routepoint_id>2022371317</swisstopo:routepoint_id>
				</extensions>
			</trkpt>
			<trkpt lat="46.2779794968" lon="8.0450715588">
				<ele>1978.5</ele>
				<time>1970-01-01T01:00:00+01:00</time>
				<extensions>
					<swisstopo:routepoint_id>1761028148</swisstopo:routepoint_id>
				</extensions>
			</trkpt>
			<trkpt lat="46.2779538693" lon="8.0450595661">
				<ele>1979.6</ele>
				<time>1970-01-01T01:00:00+01:00</time>
				<extensions>
					<swisstopo:routepoint_id>1816295747</swisstopo:routepoint_id>
				</extensions>
			</trkpt>
			<trkpt lat="46.2779268950" lon="8.0450456198">
				<ele>1980.4</ele>
				<time>1970-01-01T01:00:00+01:00</time>
				<extensions>
					<swisstopo:routepoint_id>1303225338</swisstopo:routepoint_id>
				</extensions>
			</trkpt>
			<trkpt lat="46.2779087769" lon="8.0450200653">
				<ele>1981.0</ele>
				<time>1970-01-01T01:00:00+01:00</time>
				<extensions>
					<swisstopo:routepoint_id>205949728</swisstopo:routepoint_id>
				</extensions>
			</trkpt>
			<trkpt lat="46.2778948103" lon="8.0449779847">
				<ele>1981.9</ele>
				<time>1970-01-01T01:00:00+01:00</time>
				<extensions>
					<swisstopo:routepoint_id>1369816433</swisstopo:routepoint_id>
				</extensions>
			</trkpt>
			<trkpt lat="46.2778814843" lon="8.0449417523">
				<ele>1982.6</ele>
				<time>1970-01-01T01:00:00+01:00</time>
				<extensions>
					<swisstopo:routepoint_id>1846697307</swisstopo:routepoint_id>
				</extensions>
			</trkpt>
			<trkpt lat="46.2778539592" lon="8.0449043860">
				<ele>1983.5</ele>
				<time>1970-01-01T01:00:00+01:00</time>
				<extensions>
					<swisstopo:routepoint_id>1638732959</swisstopo:routepoint_id>
				</extensions>
			</trkpt>
			<trkpt lat="46.2778317972" lon="8.0448768479">
				<ele>1984.5</ele>
				<time>1970-01-01T01:00:00+01:00</time>
				<extensions>
					<swisstopo:routepoint_id>2071706835</swisstopo:routepoint_id>
				</extensions>
			</trkpt>
			<trkpt lat="46.2777988077" lon="8.0448501521">
				<ele>1985.5</ele>
				<time>1970-01-01T01:00:00+01:00</time>
				<extensions>
					<swisstopo:routepoint_id>1060155606</swisstopo:routepoint_id>
				</extensions>
			</trkpt>
			<trkpt lat="46.2777906064" lon="8.0448666330">
				<ele>1986.0</ele>
				<time>1970-01-01T01:00:00+01:00</time>
				<extensions>
					<swisstopo:routepoint_id>1150095276</swisstopo:routepoint_id>
				</extensions>
			</trkpt>
			<trkpt lat="46.2777884301" lon="8.0448948879">
				<ele>1986.8</ele>
				<time>1970-01-01T01:00:00+01:00</time>
				<extensions>
					<swisstopo:routepoint_id>1936128583</swisstopo:routepoint_id>
				</extensions>
			</trkpt>
			<trkpt lat="46.2777929881" lon="8.0449271203">
				<ele>1987.5</ele>
				<time>1970-01-01T01:00:00+01:00</time>
				<extensions>
					<swisstopo:routepoint_id>879084002</swisstopo:routepoint_id>
				</extensions>
			</trkpt>
			<trkpt lat="46.2777881532" lon="8.0449465653">
				<ele>1987.9</ele>
				<time>1970-01-01T01:00:00+01:00</time>
				<extensions>
					<swisstopo:routepoint_id>1349150510</swisstopo:routepoint_id>
				</extensions>
			</trkpt>
			<trkpt lat="46.2777752588" lon="8.0449552018">
				<ele>1988.5</ele>
				<time>1970-01-01T01:00:00+01:00</time>
				<extensions>
					<swisstopo:routepoint_id>1921415783</swisstopo:routepoint_id>
				</extensions>
			</trkpt>
			<trkpt lat="46.2777591071" lon="8.0449413636">
				<ele>1989.2</ele>
				<time>1970-01-01T01:00:00+01:00</time>
				<extensions>
					<swisstopo:routepoint_id>1664158682</swisstopo:routepoint_id>
				</extensions>
			</trkpt>
			<trkpt lat="46.2777368564" lon="8.0449303968">
				<ele>1989.8</ele>
				<time>1970-01-01T01:00:00+01:00</time>
				<extensions>
					<swisstopo:routepoint_id>224878251</swisstopo:routepoint_id>
				</extensions>
			</trkpt>
			<trkpt lat="46.2776956873" lon="8.0449153042">
				<ele>1991.1</ele>
				<time>1970-01-01T01:00:00+01:00</time>
				<extensions>
					<swisstopo:routepoint_id>118796086</swisstopo:routepoint_id>
				</extensions>
			</trkpt>
			<trkpt lat="46.2776625873" lon="8.0449100574">
				<ele>1992.2</ele>
				<time>1970-01-01T01:00:00+01:00</time>
				<extensions>
					<swisstopo:routepoint_id>1999413074</swisstopo:routepoint_id>
				</extensions>
			</trkpt>
			<trkpt lat="46.2776335865" lon="8.0448980398">
				<ele>1993.0</ele>
				<time>1970-01-01T01:00:00+01:00</time>
				<extensions>
					<swisstopo:routepoint_id>769895647</swisstopo:routepoint_id>
				</extensions>
			</trkpt>
			<trkpt lat="46.2776085475" lon="8.0449016503">
				<ele>1993.9</ele>
				<time>1970-01-01T01:00:00+01:00</time>
				<extensions>
					<swisstopo:routepoint_id>2021376328</swisstopo:routepoint_id>
				</extensions>
			</trkpt>
			<trkpt lat="46.2775842162" lon="8.0448994406">
				<ele>1994.6</ele>
				<time>1970-01-01T01:00:00+01:00</time>
				<extensions>
					<swisstopo:routepoint_id>1540161756</swisstopo:routepoint_id>
				</extensions>
			</trkpt>
			<trkpt lat="46.2775457563" lon="8.0448853539">
				<ele>1996.0</ele>
				<time>1970-01-01T01:00:00+01:00</time>
				<extensions>
					<swisstopo:routepoint_id>1499482717</swisstopo:routepoint_id>
				</extensions>
			</trkpt>
			<trkpt lat="46.2775262427" lon="8.0448685641">
				<ele>1996.9</ele>
				<time>1970-01-01T01:00:00+01:00</time>
				<extensions>
					<swisstopo:routepoint_id>1781669288</swisstopo:routepoint_id>
				</extensions>
			</trkpt>
			<trkpt lat="46.2775033120" lon="8.0448566016">
				<ele>1997.6</ele>
				<time>1970-01-01T01:00:00+01:00</time>
				<extensions>
					<swisstopo:routepoint_id>330946073</swisstopo:routepoint_id>
				</extensions>
			</trkpt>
			<trkpt lat="46.2774931695" lon="8.0448574641">
				<ele>1998.1</ele>
				<time>1970-01-01T01:00:00+01:00</time>
				<extensions>
					<swisstopo:routepoint_id>1354417141</swisstopo:routepoint_id>
				</extensions>
			</trkpt>
			<trkpt lat="46.2774802168" lon="8.0448778069">
				<ele>1998.8</ele>
				<time>1970-01-01T01:00:00+01:00</time>
				<extensions>
					<swisstopo:routepoint_id>1920088647</swisstopo:routepoint_id>
				</extensions>
			</trkpt>
			<trkpt lat="46.2774699455" lon="8.0449010809">
				<ele>1999.4</ele>
				<time>1970-01-01T01:00:00+01:00</time>
				<extensions>
					<swisstopo:routepoint_id>306211979</swisstopo:routepoint_id>
				</extensions>
			</trkpt>
			<trkpt lat="46.2774557132" lon="8.0449077512">
				<ele>2000.2</ele>
				<time>1970-01-01T01:00:00+01:00</time>
				<extensions>
					<swisstopo:routepoint_id>948461165</swisstopo:routepoint_id>
				</extensions>
			</trkpt>
			<trkpt lat="46.2774462793" lon="8.0449017926">
				<ele>2000.8</ele>
				<time>1970-01-01T01:00:00+01:00</time>
				<extensions>
					<swisstopo:routepoint_id>638639621</swisstopo:routepoint_id>
				</extensions>
			</trkpt>
			<trkpt lat="46.2774443501" lon="8.0448822723">
				<ele>2001.1</ele>
				<time>1970-01-01T01:00:00+01:00</time>
				<extensions>
					<swisstopo:routepoint_id>112211831</swisstopo:routepoint_id>
				</extensions>
			</trkpt>
			<trkpt lat="46.2774478985" lon="8.0448520817">
				<ele>2001.7</ele>
				<time>1970-01-01T01:00:00+01:00</time>
				<extensions>
					<swisstopo:routepoint_id>719145979</swisstopo:routepoint_id>
				</extensions>
			</trkpt>
			<trkpt lat="46.2774453801" lon="8.0448179338">
				<ele>2002.2</ele>
				<time>1970-01-01T01:00:00+01:00</time>
				<extensions>
					<swisstopo:routepoint_id>1555078420</swisstopo:routepoint_id>
				</extensions>
			</trkpt>
			<trkpt lat="46.2774341521" lon="8.0447680797">
				<ele>2002.7</ele>
				<time>1970-01-01T01:00:00+01:00</time>
				<extensions>
					<swisstopo:routepoint_id>446479314</swisstopo:routepoint_id>
				</extensions>
			</trkpt>
			<trkpt lat="46.2774242291" lon="8.0447279831">
				<ele>2003.1</ele>
				<time>1970-01-01T01:00:00+01:00</time>
				<extensions>
					<swisstopo:routepoint_id>1604011678</swisstopo:routepoint_id>
				</extensions>
			</trkpt>
			<trkpt lat="46.2774060863" lon="8.0447053554">
				<ele>2003.8</ele>
				<time>1970-01-01T01:00:00+01:00</time>
				<extensions>
					<swisstopo:routepoint_id>714700416</swisstopo:routepoint_id>
				</extensions>
			</trkpt>
			<trkpt lat="46.2773751251" lon="8.0446796581">
				<ele>2004.9</ele>
				<time>1970-01-01T01:00:00+01:00</time>
				<extensions>
					<swisstopo:routepoint_id>1445593246</swisstopo:routepoint_id>
				</extensions>
			</trkpt>
			<trkpt lat="46.2773454958" lon="8.0446578780">
				<ele>2005.8</ele>
				<time>1970-01-01T01:00:00+01:00</time>
				<extensions>
					<swisstopo:routepoint_id>786541701</swisstopo:routepoint_id>
				</extensions>
			</trkpt>
			<trkpt lat="46.2773070524" lon="8.0446398894">
				<ele>2007.2</ele>
				<time>1970-01-01T01:00:00+01:00</time>
				<extensions>
					<swisstopo:routepoint_id>488637683</swisstopo:routepoint_id>
				</extensions>
			</trkpt>
			<trkpt lat="46.2772786975" lon="8.0446327571">
				<ele>2008.4</ele>
				<time>1970-01-01T01:00:00+01:00</time>
				<extensions>
					<swisstopo:routepoint_id>135578252</swisstopo:routepoint_id>
				</extensions>
			</trkpt>
			<trkpt lat="46.2772558131" lon="8.0446343012">
				<ele>2008.5</ele>
				<time>1970-01-01T01:00:00+01:00</time>
				<extensions>
					<swisstopo:routepoint_id>181071604</swisstopo:routepoint_id>
				</extensions>
			</trkpt>
			<trkpt lat="46.2772266991" lon="8.0446204708">
				<ele>2008.8</ele>
				<time>1970-01-01T01:00:00+01:00</time>
				<extensions>
					<swisstopo:routepoint_id>1948428414</swisstopo:routepoint_id>
				</extensions>
			</trkpt>
			<trkpt lat="46.2772065194" lon="8.0446017229">
				<ele>2009.3</ele>
				<time>1970-01-01T01:00:00+01:00</time>
				<extensions>
					<swisstopo:routepoint_id>14712799</swisstopo:routepoint_id>
				</extensions>
			</trkpt>
			<trkpt lat="46.2771809650" lon="8.0445760860">
				<ele>2010.3</ele>
				<time>1970-01-01T01:00:00+01:00</time>
				<extensions>
					<swisstopo:routepoint_id>1362408968</swisstopo:routepoint_id>
				</extensions>
			</trkpt>
			<trkpt lat="46.2771546933" lon="8.0445572701">
				<ele>2012.1</ele>
				<time>1970-01-01T01:00:00+01:00</time>
				<extensions>
					<swisstopo:routepoint_id>1124272259</swisstopo:routepoint_id>
				</extensions>
			</trkpt>
			<trkpt lat="46.2771344143" lon="8.0445570441">
				<ele>2013.4</ele>
				<time>1970-01-01T01:00:00+01:00</time>
				<extensions>
					<swisstopo:routepoint_id>1802619697</swisstopo:routepoint_id>
				</extensions>
			</trkpt>
			<trkpt lat="46.2771107177" lon="8.0445626209">
				<ele>2014.5</ele>
				<time>1970-01-01T01:00:00+01:00</time>
				<extensions>
					<swisstopo:routepoint_id>1812229255</swisstopo:routepoint_id>
				</extensions>
			</trkpt>
			<trkpt lat="46.2770809533" lon="8.0445652287">
				<ele>2015.7</ele>
				<time>1970-01-01T01:00:00+01:00</time>
				<extensions>
					<swisstopo:routepoint_id>1602466252</swisstopo:routepoint_id>
				</extensions>
			</trkpt>
			<trkpt lat="46.2770586870" lon="8.0445571634">
				<ele>2016.5</ele>
				<time>1970-01-01T01:00:00+01:00</time>
				<extensions>
					<swisstopo:routepoint_id>244903406</swisstopo:routepoint_id>
				</extensions>
			</trkpt>
			<trkpt lat="46.2770270016" lon="8.0445412140">
				<ele>2017.6</ele>
				<time>1970-01-01T01:00:00+01:00</time>
				<extensions>
					<swisstopo:routepoint_id>459251318</swisstopo:routepoint_id>
				</extensions>
			</trkpt>
			<trkpt lat="46.2770088013" lon="8.0445293170">
				<ele>2018.2</ele>
				<time>1970-01-01T01:00:00+01:00</time>
				<extensions>
					<swisstopo:routepoint_id>1417896578</swisstopo:routepoint_id>
				</extensions>
			</trkpt>
			<trkpt lat="46.2769939702" lon="8.0445223229">
				<ele>2018.9</ele>
				<time>1970-01-01T01:00:00+01:00</time>
				<extensions>
					<swisstopo:routepoint_id>239707040</swisstopo:routepoint_id>
				</extensions>
			</trkpt>
			<trkpt lat="46.2769655069" lon="8.0445223099">
				<ele>2019.1</ele>
				<time>1970-01-01T01:00:00+01:00</time>
				<extensions>
					<swisstopo:routepoint_id>1209215683</swisstopo:routepoint_id>
				</extensions>
			</trkpt>
			<trkpt lat="46.2769855234" lon="8.0445846397">
				<ele>2019.6</ele>
				<time>1970-01-01T01:00:00+01:00</time>
				<extensions>
					<swisstopo:routepoint_id>145065575</swisstopo:routepoint_id>
				</extensions>
			</trkpt>
			<trkpt lat="46.2769612862" lon="8.0445648711">
				<ele>2019.5</ele>
				<time>1970-01-01T01:00:00+01:00</time>
				<extensions>
					<swisstopo:routepoint_id>2009064288</swisstopo:routepoint_id>
				</extensions>
			</trkpt>
			<trkpt lat="46.2769337279" lon="8.0445352970">
				<ele>2020.3</ele>
				<time>1970-01-01T01:00:00+01:00</time>
				<extensions>
					<swisstopo:routepoint_id>24734094</swisstopo:routepoint_id>
				</extensions>
			</trkpt>
			<trkpt lat="46.2769047131" lon="8.0445242553">
				<ele>2021.6</ele>
				<time>1970-01-01T01:00:00+01:00</time>
				<extensions>
					<swisstopo:routepoint_id>405955976</swisstopo:routepoint_id>
				</extensions>
			</trkpt>
			<trkpt lat="46.2768777164" lon="8.0445161499">
				<ele>2022.7</ele>
				<time>1970-01-01T01:00:00+01:00</time>
				<extensions>
					<swisstopo:routepoint_id>1281449026</swisstopo:routepoint_id>
				</extensions>
			</trkpt>
			<trkpt lat="46.2768460803" lon="8.0444885071">
				<ele>2024.2</ele>
				<time>1970-01-01T01:00:00+01:00</time>
				<extensions>
					<swisstopo:routepoint_id>194000148</swisstopo:routepoint_id>
				</extensions>
			</trkpt>
			<trkpt lat="46.2768191044" lon="8.0444764998">
				<ele>2025.0</ele>
				<time>1970-01-01T01:00:00+01:00</time>
				<extensions>
					<swisstopo:routepoint_id>229315186</swisstopo:routepoint_id>
				</extensions>
			</trkpt>
			<trkpt lat="46.2767853966" lon="8.0444576013">
				<ele>2026.4</ele>
				<time>1970-01-01T01:00:00+01:00</time>
				<extensions>
					<swisstopo:routepoint_id>1231044849</swisstopo:routepoint_id>
				</extensions>
			</trkpt>
			<trkpt lat="46.2767591180" lon="8.0444416995">
				<ele>2027.1</ele>
				<time>1970-01-01T01:00:00+01:00</time>
				<extensions>
					<swisstopo:routepoint_id>1813216165</swisstopo:routepoint_id>
				</extensions>
			</trkpt>
			<trkpt lat="46.2767301458" lon="8.0444218782">
				<ele>2028.1</ele>
				<time>1970-01-01T01:00:00+01:00</time>
				<extensions>
					<swisstopo:routepoint_id>1262617948</swisstopo:routepoint_id>
				</extensions>
			</trkpt>
			<trkpt lat="46.2767058903" lon="8.0444079629">
				<ele>2029.2</ele>
				<time>1970-01-01T01:00:00+01:00</time>
				<extensions>
					<swisstopo:routepoint_id>840378003</swisstopo:routepoint_id>
				</extensions>
			</trkpt>
			<trkpt lat="46.2766856705" lon="8.0443950554">
				<ele>2029.8</ele>
				<time>1970-01-01T01:00:00+01:00</time>
				<extensions>
					<swisstopo:routepoint_id>1148369715</swisstopo:routepoint_id>
				</extensions>
			</trkpt>
			<trkpt lat="46.2766621043" lon="8.0443762699">
				<ele>2030.0</ele>
				<time>1970-01-01T01:00:00+01:00</time>
				<extensions>
					<swisstopo:routepoint_id>817469977</swisstopo:routepoint_id>
				</extensions>
			</trkpt>
			<trkpt lat="46.2766386305" lon="8.0443418765">
				<ele>2030.5</ele>
				<time>1970-01-01T01:00:00+01:00</time>
				<extensions>
					<swisstopo:routepoint_id>226062733</swisstopo:routepoint_id>
				</extensions>
			</trkpt>
			<trkpt lat="46.2766130343" lon="8.0443240440">
				<ele>2031.2</ele>
				<time>1970-01-01T01:00:00+01:00</time>
				<extensions>
					<swisstopo:routepoint_id>1310014994</swisstopo:routepoint_id>
				</extensions>
			</trkpt>
			<trkpt lat="46.2765955245" lon="8.0443111668">
				<ele>2031.8</ele>
				<time>1970-01-01T01:00:00+01:00</time>
				<extensions>
					<swisstopo:routepoint_id>605470096</swisstopo:routepoint_id>
				</extensions>
			</trkpt>
			<trkpt lat="46.2765835101" lon="8.0442817915">
				<ele>2032.4</ele>
				<time>1970-01-01T01:00:00+01:00</time>
				<extensions>
					<swisstopo:routepoint_id>687692917</swisstopo:routepoint_id>
				</extensions>
			</trkpt>
			<trkpt lat="46.2765647214" lon="8.0442542667">
				<ele>2033.1</ele>
				<time>1970-01-01T01:00:00+01:00</time>
				<extensions>
					<swisstopo:routepoint_id>120865452</swisstopo:routepoint_id>
				</extensions>
			</trkpt>
			<trkpt lat="46.2765451971" lon="8.0442394285">
				<ele>2033.7</ele>
				<time>1970-01-01T01:00:00+01:00</time>
				<extensions>
					<swisstopo:routepoint_id>966146284</swisstopo:routepoint_id>
				</extensions>
			</trkpt>
			<trkpt lat="46.2765174942" lon="8.0442352178">
				<ele>2034.6</ele>
				<time>1970-01-01T01:00:00+01:00</time>
				<extensions>
					<swisstopo:routepoint_id>824156155</swisstopo:routepoint_id>
				</extensions>
			</trkpt>
			<trkpt lat="46.2764979536" lon="8.0442242817">
				<ele>2035.3</ele>
				<time>1970-01-01T01:00:00+01:00</time>
				<extensions>
					<swisstopo:routepoint_id>359576750</swisstopo:routepoint_id>
				</extensions>
			</trkpt>
			<trkpt lat="46.2764750437" lon="8.0442084177">
				<ele>2036.0</ele>
				<time>1970-01-01T01:00:00+01:00</time>
				<extensions>
					<swisstopo:routepoint_id>1697663360</swisstopo:routepoint_id>
				</extensions>
			</trkpt>
			<trkpt lat="46.2764460639" lon="8.0441924988">
				<ele>2036.9</ele>
				<time>1970-01-01T01:00:00+01:00</time>
				<extensions>
					<swisstopo:routepoint_id>1669289654</swisstopo:routepoint_id>
				</extensions>
			</trkpt>
			<trkpt lat="46.2764123551" lon="8.0441745762">
				<ele>2037.6</ele>
				<time>1970-01-01T01:00:00+01:00</time>
				<extensions>
					<swisstopo:routepoint_id>1557716290</swisstopo:routepoint_id>
				</extensions>
			</trkpt>
			<trkpt lat="46.2763705661" lon="8.0441497347">
				<ele>2038.9</ele>
				<time>1970-01-01T01:00:00+01:00</time>
				<extensions>
					<swisstopo:routepoint_id>1352977937</swisstopo:routepoint_id>
				</extensions>
			</trkpt>
			<trkpt lat="46.2763273348" lon="8.0441424244">
				<ele>2040.0</ele>
				<time>1970-01-01T01:00:00+01:00</time>
				<extensions>
					<swisstopo:routepoint_id>184569674</swisstopo:routepoint_id>
				</extensions>
			</trkpt>
			<trkpt lat="46.2762963527" lon="8.0441206173">
				<ele>2041.7</ele>
				<time>1970-01-01T01:00:00+01:00</time>
				<extensions>
					<swisstopo:routepoint_id>5196366</swisstopo:routepoint_id>
				</extensions>
			</trkpt>
			<trkpt lat="46.2762654607" lon="8.0440803137">
				<ele>2042.6</ele>
				<time>1970-01-01T01:00:00+01:00</time>
				<extensions>
					<swisstopo:routepoint_id>1397519283</swisstopo:routepoint_id>
				</extensions>
			</trkpt>
			<trkpt lat="46.2762425432" lon="8.0440683520">
				<ele>2043.4</ele>
				<time>1970-01-01T01:00:00+01:00</time>
				<extensions>
					<swisstopo:routepoint_id>1272831002</swisstopo:routepoint_id>
				</extensions>
			</trkpt>
			<trkpt lat="46.2762230363" lon="8.0440486364">
				<ele>2043.9</ele>
				<time>1970-01-01T01:00:00+01:00</time>
				<extensions>
					<swisstopo:routepoint_id>378126399</swisstopo:routepoint_id>
				</extensions>
			</trkpt>
			<trkpt lat="46.2762055942" lon="8.0440230906">
				<ele>2044.4</ele>
				<time>1970-01-01T01:00:00+01:00</time>
				<extensions>
					<swisstopo:routepoint_id>1184481588</swisstopo:routepoint_id>
				</extensions>
			</trkpt>
			<trkpt lat="46.2761773324" lon="8.0439993754">
				<ele>2045.4</ele>
				<time>1970-01-01T01:00:00+01:00</time>
				<extensions>
					<swisstopo:routepoint_id>1886593247</swisstopo:routepoint_id>
				</extensions>
			</trkpt>
			<trkpt lat="46.2761556702" lon="8.0440040120">
				<ele>2046.1</ele>
				<time>1970-01-01T01:00:00+01:00</time>
				<extensions>
					<swisstopo:routepoint_id>727615262</swisstopo:routepoint_id>
				</extensions>
			</trkpt>
			<trkpt lat="46.2761312188" lon="8.0440242138">
				<ele>2047.2</ele>
				<time>1970-01-01T01:00:00+01:00</time>
				<extensions>
					<swisstopo:routepoint_id>1978217594</swisstopo:routepoint_id>
				</extensions>
			</trkpt>
			<trkpt lat="46.2761222631" lon="8.0440553065">
				<ele>2048.1</ele>
				<time>1970-01-01T01:00:00+01:00</time>
				<extensions>
					<swisstopo:routepoint_id>176640790</swisstopo:routepoint_id>
				</extensions>
			</trkpt>
			<trkpt lat="46.2761240583" lon="8.0440982380">
				<ele>2048.8</ele>
				<time>1970-01-01T01:00:00+01:00</time>
				<extensions>
					<swisstopo:routepoint_id>50404177</swisstopo:routepoint_id>
				</extensions>
			</trkpt>
			<trkpt lat="46.2761258884" lon="8.0441362796">
				<ele>2049.6</ele>
				<time>1970-01-01T01:00:00+01:00</time>
				<extensions>
					<swisstopo:routepoint_id>528267631</swisstopo:routepoint_id>
				</extensions>
			</trkpt>
			<trkpt lat="46.2761217099" lon="8.0441586581">
				<ele>2050.0</ele>
				<time>1970-01-01T01:00:00+01:00</time>
				<extensions>
					<swisstopo:routepoint_id>1114180885</swisstopo:routepoint_id>
				</extensions>
			</trkpt>
			<trkpt lat="46.2761107613" lon="8.0441829250">
				<ele>2050.8</ele>
				<time>1970-01-01T01:00:00+01:00</time>
				<extensions>
					<swisstopo:routepoint_id>390666845</swisstopo:routepoint_id>
				</extensions>
			</trkpt>
			<trkpt lat="46.2760903363" lon="8.0442099877">
				<ele>2051.7</ele>
				<time>1970-01-01T01:00:00+01:00</time>
				<extensions>
					<swisstopo:routepoint_id>664846449</swisstopo:routepoint_id>
				</extensions>
			</trkpt>
			<trkpt lat="46.2760847528" lon="8.0442421060">
				<ele>2052.6</ele>
				<time>1970-01-01T01:00:00+01:00</time>
				<extensions>
					<swisstopo:routepoint_id>445147971</swisstopo:routepoint_id>
				</extensions>
			</trkpt>
			<trkpt lat="46.2760898979" lon="8.0442918911">
				<ele>2053.1</ele>
				<time>1970-01-01T01:00:00+01:00</time>
				<extensions>
					<swisstopo:routepoint_id>614315270</swisstopo:routepoint_id>
				</extensions>
			</trkpt>
			<trkpt lat="46.2760997159" lon="8.0443524466">
				<ele>2053.9</ele>
				<time>1970-01-01T01:00:00+01:00</time>
				<extensions>
					<swisstopo:routepoint_id>1985838369</swisstopo:routepoint_id>
				</extensions>
			</trkpt>
			<trkpt lat="46.2761135940" lon="8.0444111089">
				<ele>2055.0</ele>
				<time>1970-01-01T01:00:00+01:00</time>
				<extensions>
					<swisstopo:routepoint_id>211999881</swisstopo:routepoint_id>
				</extensions>
			</trkpt>
			<trkpt lat="46.2761241501" lon="8.0444609670">
				<ele>2056.2</ele>
				<time>1970-01-01T01:00:00+01:00</time>
				<extensions>
					<swisstopo:routepoint_id>1685853464</swisstopo:routepoint_id>
				</extensions>
			</trkpt>
			<trkpt lat="46.2761339532" lon="8.0445234735">
				<ele>2056.8</ele>
				<time>1970-01-01T01:00:00+01:00</time>
				<extensions>
					<swisstopo:routepoint_id>1189149542</swisstopo:routepoint_id>
				</extensions>
			</trkpt>
			<trkpt lat="46.2761444624" lon="8.0445820857">
				<ele>2057.7</ele>
				<time>1970-01-01T01:00:00+01:00</time>
				<extensions>
					<swisstopo:routepoint_id>1786807460</swisstopo:routepoint_id>
				</extensions>
			</trkpt>
			<trkpt lat="46.2761522248" lon="8.0446475089">
				<ele>2059.2</ele>
				<time>1970-01-01T01:00:00+01:00</time>
				<extensions>
					<swisstopo:routepoint_id>2011020410</swisstopo:routepoint_id>
				</extensions>
			</trkpt>
			<trkpt lat="46.2761687083" lon="8.0447256861">
				<ele>2060.7</ele>
				<time>1970-01-01T01:00:00+01:00</time>
				<extensions>
					<swisstopo:routepoint_id>1908772350</swisstopo:routepoint_id>
				</extensions>
			</trkpt>
			<trkpt lat="46.2761811900" lon="8.0447940885">
				<ele>2061.7</ele>
				<time>1970-01-01T01:00:00+01:00</time>
				<extensions>
					<swisstopo:routepoint_id>1415966572</swisstopo:routepoint_id>
				</extensions>
			</trkpt>
			<trkpt lat="46.2761950513" lon="8.0448566404">
				<ele>2062.6</ele>
				<time>1970-01-01T01:00:00+01:00</time>
				<extensions>
					<swisstopo:routepoint_id>1302350148</swisstopo:routepoint_id>
				</extensions>
			</trkpt>
			<trkpt lat="46.2762015871" lon="8.0448976738">
				<ele>2063.4</ele>
				<time>1970-01-01T01:00:00+01:00</time>
				<extensions>
					<swisstopo:routepoint_id>949344108</swisstopo:routepoint_id>
				</extensions>
			</trkpt>
			<trkpt lat="46.2762033855" lon="8.0449415684">
				<ele>2064.3</ele>
				<time>1970-01-01T01:00:00+01:00</time>
				<extensions>
					<swisstopo:routepoint_id>344685423</swisstopo:routepoint_id>
				</extensions>
			</trkpt>
			<trkpt lat="46.2761916933" lon="8.0449775209">
				<ele>2065.6</ele>
				<time>1970-01-01T01:00:00+01:00</time>
				<extensions>
					<swisstopo:routepoint_id>1484719980</swisstopo:routepoint_id>
				</extensions>
			</trkpt>
			<trkpt lat="46.2761807796" lon="8.0449968976">
				<ele>2066.3</ele>
				<time>1970-01-01T01:00:00+01:00</time>
				<extensions>
					<swisstopo:routepoint_id>1552519924</swisstopo:routepoint_id>
				</extensions>
			</trkpt>
			<trkpt lat="46.2761798574" lon="8.0450427256">
				<ele>2067.4</ele>
				<time>1970-01-01T01:00:00+01:00</time>
				<extensions>
					<swisstopo:routepoint_id>2102942302</swisstopo:routepoint_id>
				</extensions>
			</trkpt>
			<trkpt lat="46.2761803196" lon="8.0450827031">
				<ele>2068.5</ele>
				<time>1970-01-01T01:00:00+01:00</time>
				<extensions>
					<swisstopo:routepoint_id>1059222320</swisstopo:routepoint_id>
				</extensions>
			</trkpt>
			<trkpt lat="46.2761767076" lon="8.0451255618">
				<ele>2069.4</ele>
				<time>1970-01-01T01:00:00+01:00</time>
				<extensions>
					<swisstopo:routepoint_id>1774553615</swisstopo:routepoint_id>
				</extensions>
			</trkpt>
			<trkpt lat="46.2761764305" lon="8.0451772377">
				<ele>2070.8</ele>
				<time>1970-01-01T01:00:00+01:00</time>
				<extensions>
					<swisstopo:routepoint_id>213037694</swisstopo:routepoint_id>
				</extensions>
			</trkpt>
			<trkpt lat="46.2761856353" lon="8.0452251171">
				<ele>2071.8</ele>
				<time>1970-01-01T01:00:00+01:00</time>
				<extensions>
					<swisstopo:routepoint_id>1533721403</swisstopo:routepoint_id>
				</extensions>
			</trkpt>
			<trkpt lat="46.2762014829" lon="8.0452964839">
				<ele>2071.9</ele>
				<time>1970-01-01T01:00:00+01:00</time>
				<extensions>
					<swisstopo:routepoint_id>1797994785</swisstopo:routepoint_id>
				</extensions>
			</trkpt>
			<trkpt lat="46.2762172613" lon="8.0453495931">
				<ele>2071.9</ele>
				<time>1970-01-01T01:00:00+01:00</time>
				<extensions>
					<swisstopo:routepoint_id>1353747642</swisstopo:routepoint_id>
				</extensions>
			</trkpt>
			<trkpt lat="46.2762120735" lon="8.0453832363">
				<ele>2072.2</ele>
				<time>1970-01-01T01:00:00+01:00</time>
				<extensions>
					<swisstopo:routepoint_id>1709952456</swisstopo:routepoint_id>
				</extensions>
			</trkpt>
			<trkpt lat="46.2762151965" lon="8.0454241937">
				<ele>2072.5</ele>
				<time>1970-01-01T01:00:00+01:00</time>
				<extensions>
					<swisstopo:routepoint_id>677211084</swisstopo:routepoint_id>
				</extensions>
			</trkpt>
			<trkpt lat="46.2762283208" lon="8.0454652373">
				<ele>2072.7</ele>
				<time>1970-01-01T01:00:00+01:00</time>
				<extensions>
					<swisstopo:routepoint_id>1449949963</swisstopo:routepoint_id>
				</extensions>
			</trkpt>
			<trkpt lat="46.2762597700" lon="8.0455137452">
				<ele>2073.4</ele>
				<time>1970-01-01T01:00:00+01:00</time>
				<extensions>
					<swisstopo:routepoint_id>1209943553</swisstopo:routepoint_id>
				</extensions>
			</trkpt>
			<trkpt lat="46.2762714354" lon="8.0455270389">
				<ele>2073.6</ele>
				<time>1970-01-01T01:00:00+01:00</time>
				<extensions>
					<swisstopo:routepoint_id>1807220980</swisstopo:routepoint_id>
				</extensions>
			</trkpt>
			<trkpt lat="46.2762703355" lon="8.0455683040">
				<ele>2074.5</ele>
				<time>1970-01-01T01:00:00+01:00</time>
				<extensions>
					<swisstopo:routepoint_id>2010904829</swisstopo:routepoint_id>
				</extensions>
			</trkpt>
			<trkpt lat="46.2762762034" lon="8.0456093302">
				<ele>2075.5</ele>
				<time>1970-01-01T01:00:00+01:00</time>
				<extensions>
					<swisstopo:routepoint_id>669032914</swisstopo:routepoint_id>
				</extensions>
			</trkpt>
			<trkpt lat="46.2762806976" lon="8.0456542305">
				<ele>2076.7</ele>
				<time>1970-01-01T01:00:00+01:00</time>
				<extensions>
					<swisstopo:routepoint_id>1923835223</swisstopo:routepoint_id>
				</extensions>
			</trkpt>
			<trkpt lat="46.2762913132" lon="8.0456904319">
				<ele>2077.7</ele>
				<time>1970-01-01T01:00:00+01:00</time>
				<extensions>
					<swisstopo:routepoint_id>826491728</swisstopo:routepoint_id>
				</extensions>
			</trkpt>
			<trkpt lat="46.2762924978" lon="8.0457226130">
				<ele>2078.7</ele>
				<time>1970-01-01T01:00:00+01:00</time>
				<extensions>
					<swisstopo:routepoint_id>233148090</swisstopo:routepoint_id>
				</extensions>
			</trkpt>
			<trkpt lat="46.2762863369" lon="8.0457362021">
				<ele>2079.1</ele>
				<time>1970-01-01T01:00:00+01:00</time>
				<extensions>
					<swisstopo:routepoint_id>1075945453</swisstopo:routepoint_id>
				</extensions>
			</trkpt>
			<trkpt lat="46.2762660258" lon="8.0457428042">
				<ele>2079.7</ele>
				<time>1970-01-01T01:00:00+01:00</time>
				<extensions>
					<swisstopo:routepoint_id>796688827</swisstopo:routepoint_id>
				</extensions>
			</trkpt>
			<trkpt lat="46.2762389584" lon="8.0457454161">
				<ele>2080.5</ele>
				<time>1970-01-01T01:00:00+01:00</time>
				<extensions>
					<swisstopo:routepoint_id>572676069</swisstopo:routepoint_id>
				</extensions>
			</trkpt>
			<trkpt lat="46.2762280286" lon="8.0457677318">
				<ele>2081.0</ele>
				<time>1970-01-01T01:00:00+01:00</time>
				<extensions>
					<swisstopo:routepoint_id>1822316702</swisstopo:routepoint_id>
				</extensions>
			</trkpt>
			<trkpt lat="46.2762230741" lon="8.0458086244">
				<ele>2081.9</ele>
				<time>1970-01-01T01:00:00+01:00</time>
				<extensions>
					<swisstopo:routepoint_id>1427860840</swisstopo:routepoint_id>
				</extensions>
			</trkpt>
			<trkpt lat="46.2762215023" lon="8.0458485919">
				<ele>2082.7</ele>
				<time>1970-01-01T01:00:00+01:00</time>
				<extensions>
					<swisstopo:routepoint_id>370840888</swisstopo:routepoint_id>
				</extensions>
			</trkpt>
			<trkpt lat="46.2762118584" lon="8.0458826033">
				<ele>2083.8</ele>
				<time>1970-01-01T01:00:00+01:00</time>
				<extensions>
					<swisstopo:routepoint_id>708670261</swisstopo:routepoint_id>
				</extensions>
			</trkpt>
			<trkpt lat="46.2762136721" lon="8.0459235714">
				<ele>2084.8</ele>
				<time>1970-01-01T01:00:00+01:00</time>
				<extensions>
					<swisstopo:routepoint_id>959428242</swisstopo:routepoint_id>
				</extensions>
			</trkpt>
			<trkpt lat="46.2762174277" lon="8.0459791946">
				<ele>2086.3</ele>
				<time>1970-01-01T01:00:00+01:00</time>
				<extensions>
					<swisstopo:routepoint_id>1071281149</swisstopo:routepoint_id>
				</extensions>
			</trkpt>
			<trkpt lat="46.2762136217" lon="8.0460581339">
				<ele>2088.0</ele>
				<time>1970-01-01T01:00:00+01:00</time>
				<extensions>
					<swisstopo:routepoint_id>1965113816</swisstopo:routepoint_id>
				</extensions>
			</trkpt>
			<trkpt lat="46.2762099727" lon="8.0461078211">
				<ele>2089.1</ele>
				<time>1970-01-01T01:00:00+01:00</time>
				<extensions>
					<swisstopo:routepoint_id>1544307832</swisstopo:routepoint_id>
				</extensions>
			</trkpt>
			<trkpt lat="46.2762057101" lon="8.0461458074">
				<ele>2090.0</ele>
				<time>1970-01-01T01:00:00+01:00</time>
				<extensions>
					<swisstopo:routepoint_id>389226768</swisstopo:routepoint_id>
				</extensions>
			</trkpt>
			<trkpt lat="46.2761953843" lon="8.0461807993">
				<ele>2090.8</ele>
				<time>1970-01-01T01:00:00+01:00</time>
				<extensions>
					<swisstopo:routepoint_id>425497660</swisstopo:routepoint_id>
				</extensions>
			</trkpt>
			<trkpt lat="46.2761783887" lon="8.0461981567">
				<ele>2091.3</ele>
				<time>1970-01-01T01:00:00+01:00</time>
				<extensions>
					<swisstopo:routepoint_id>1925449957</swisstopo:routepoint_id>
				</extensions>
			</trkpt>
			<trkpt lat="46.2761673358" lon="8.0462409449">
				<ele>2092.1</ele>
				<time>1970-01-01T01:00:00+01:00</time>
				<extensions>
					<swisstopo:routepoint_id>1889904608</swisstopo:routepoint_id>
				</extensions>
			</trkpt>
			<trkpt lat="46.2761569472" lon="8.0462876173">
				<ele>2093.0</ele>
				<time>1970-01-01T01:00:00+01:00</time>
				<extensions>
					<swisstopo:routepoint_id>1672984564</swisstopo:routepoint_id>
				</extensions>
			</trkpt>
			<trkpt lat="46.2761446193" lon="8.0463167335">
				<ele>2093.6</ele>
				<time>1970-01-01T01:00:00+01:00</time>
				<extensions>
					<swisstopo:routepoint_id>2124042477</swisstopo:routepoint_id>
				</extensions>
			</trkpt>
			<trkpt lat="46.2761282582" lon="8.0463419024">
				<ele>2094.4</ele>
				<time>1970-01-01T01:00:00+01:00</time>
				<extensions>
					<swisstopo:routepoint_id>1006773700</swisstopo:routepoint_id>
				</extensions>
			</trkpt>
			<trkpt lat="46.2761111737" lon="8.0463758305">
				<ele>2095.1</ele>
				<time>1970-01-01T01:00:00+01:00</time>
				<extensions>
					<swisstopo:routepoint_id>1971252595</swisstopo:routepoint_id>
				</extensions>
			</trkpt>
			<trkpt lat="46.2761076396" lon="8.0464040820">
				<ele>2095.8</ele>
				<time>1970-01-01T01:00:00+01:00</time>
				<extensions>
					<swisstopo:routepoint_id>1120783701</swisstopo:routepoint_id>
				</extensions>
			</trkpt>
			<trkpt lat="46.2760979387" lon="8.0464478481">
				<ele>2096.8</ele>
				<time>1970-01-01T01:00:00+01:00</time>
				<extensions>
					<swisstopo:routepoint_id>2051281326</swisstopo:routepoint_id>
				</extensions>
			</trkpt>
			<trkpt lat="46.2760875604" lon="8.0464925822">
				<ele>2097.8</ele>
				<time>1970-01-01T01:00:00+01:00</time>
				<extensions>
					<swisstopo:routepoint_id>500008903</swisstopo:routepoint_id>
				</extensions>
			</trkpt>
			<trkpt lat="46.2760840108" lon="8.0465237348">
				<ele>2098.5</ele>
				<time>1970-01-01T01:00:00+01:00</time>
				<extensions>
					<swisstopo:routepoint_id>1017473752</swisstopo:routepoint_id>
				</extensions>
			</trkpt>
			<trkpt lat="46.2760872356" lon="8.0465530374">
				<ele>2098.8</ele>
				<time>1970-01-01T01:00:00+01:00</time>
				<extensions>
					<swisstopo:routepoint_id>1586528782</swisstopo:routepoint_id>
				</extensions>
			</trkpt>
			<trkpt lat="46.2760897857" lon="8.0465803686">
				<ele>2099.5</ele>
				<time>1970-01-01T01:00:00+01:00</time>
				<extensions>
					<swisstopo:routepoint_id>540910638</swisstopo:routepoint_id>
				</extensions>
			</trkpt>
			<trkpt lat="46.2760721548" lon="8.0465908900">
				<ele>2100.0</ele>
				<time>1970-01-01T01:00:00+01:00</time>
				<extensions>
					<swisstopo:routepoint_id>2030869404</swisstopo:routepoint_id>
				</extensions>
			</trkpt>
			<trkpt lat="46.2760538116" lon="8.0466072693">
				<ele>2100.6</ele>
				<time>1970-01-01T01:00:00+01:00</time>
				<extensions>
					<swisstopo:routepoint_id>1184413101</swisstopo:routepoint_id>
				</extensions>
			</trkpt>
			<trkpt lat="46.2760434595" lon="8.0466471132">
				<ele>2101.2</ele>
				<time>1970-01-01T01:00:00+01:00</time>
				<extensions>
					<swisstopo:routepoint_id>435884824</swisstopo:routepoint_id>
				</extensions>
			</trkpt>
			<trkpt lat="46.2760372146" lon="8.0466763099">
				<ele>2101.8</ele>
				<time>1970-01-01T01:00:00+01:00</time>
				<extensions>
					<swisstopo:routepoint_id>847889770</swisstopo:routepoint_id>
				</extensions>
			</trkpt>
			<trkpt lat="46.2760369264" lon="8.0467299365">
				<ele>2102.5</ele>
				<time>1970-01-01T01:00:00+01:00</time>
				<extensions>
					<swisstopo:routepoint_id>29802901</swisstopo:routepoint_id>
				</extensions>
			</trkpt>
			<trkpt lat="46.2760293218" lon="8.0467620193">
				<ele>2103.1</ele>
				<time>1970-01-01T01:00:00+01:00</time>
				<extensions>
					<swisstopo:routepoint_id>1807955669</swisstopo:routepoint_id>
				</extensions>
			</trkpt>
			<trkpt lat="46.2760136274" lon="8.0467881711">
				<ele>2103.6</ele>
				<time>1970-01-01T01:00:00+01:00</time>
				<extensions>
					<swisstopo:routepoint_id>1401112399</swisstopo:routepoint_id>
				</extensions>
			</trkpt>
			<trkpt lat="46.2759802662" lon="8.0468306968">
				<ele>2105.0</ele>
				<time>1970-01-01T01:00:00+01:00</time>
				<extensions>
					<swisstopo:routepoint_id>1516311635</swisstopo:routepoint_id>
				</extensions>
			</trkpt>
			<trkpt lat="46.2759686232" lon="8.0468598332">
				<ele>2105.6</ele>
				<time>1970-01-01T01:00:00+01:00</time>
				<extensions>
					<swisstopo:routepoint_id>201835181</swisstopo:routepoint_id>
				</extensions>
			</trkpt>
			<trkpt lat="46.2759623268" lon="8.0468977839">
				<ele>2106.2</ele>
				<time>1970-01-01T01:00:00+01:00</time>
				<extensions>
					<swisstopo:routepoint_id>1113646441</swisstopo:routepoint_id>
				</extensions>
			</trkpt>
			<trkpt lat="46.2759553775" lon="8.0469337888">
				<ele>2106.7</ele>
				<time>1970-01-01T01:00:00+01:00</time>
				<extensions>
					<swisstopo:routepoint_id>468432598</swisstopo:routepoint_id>
				</extensions>
			</trkpt>
			<trkpt lat="46.2759456143" lon="8.0469882850">
				<ele>2107.5</ele>
				<time>1970-01-01T01:00:00+01:00</time>
				<extensions>
					<swisstopo:routepoint_id>1447043387</swisstopo:routepoint_id>
				</extensions>
			</trkpt>
			<trkpt lat="46.2759420418" lon="8.0470252906">
				<ele>2108.1</ele>
				<time>1970-01-01T01:00:00+01:00</time>
				<extensions>
					<swisstopo:routepoint_id>891040093</swisstopo:routepoint_id>
				</extensions>
			</trkpt>
			<trkpt lat="46.2759336986" lon="8.0470681087">
				<ele>2109.0</ele>
				<time>1970-01-01T01:00:00+01:00</time>
				<extensions>
					<swisstopo:routepoint_id>1562604058</swisstopo:routepoint_id>
				</extensions>
			</trkpt>
			<trkpt lat="46.2759193263" lon="8.0470991402">
				<ele>2109.5</ele>
				<time>1970-01-01T01:00:00+01:00</time>
				<extensions>
					<swisstopo:routepoint_id>682054380</swisstopo:routepoint_id>
				</extensions>
			</trkpt>
			<trkpt lat="46.2758988683" lon="8.0471330301">
				<ele>2110.2</ele>
				<time>1970-01-01T01:00:00+01:00</time>
				<extensions>
					<swisstopo:routepoint_id>1539616156</swisstopo:routepoint_id>
				</extensions>
			</trkpt>
			<trkpt lat="46.2758750569" lon="8.0471591035">
				<ele>2111.0</ele>
				<time>1970-01-01T01:00:00+01:00</time>
				<extensions>
					<swisstopo:routepoint_id>1766341523</swisstopo:routepoint_id>
				</extensions>
			</trkpt>
			<trkpt lat="46.2758586800" lon="8.0471871858">
				<ele>2111.8</ele>
				<time>1970-01-01T01:00:00+01:00</time>
				<extensions>
					<swisstopo:routepoint_id>646805808</swisstopo:routepoint_id>
				</extensions>
			</trkpt>
			<trkpt lat="46.2758511172" lon="8.0472114899">
				<ele>2112.4</ele>
				<time>1970-01-01T01:00:00+01:00</time>
				<extensions>
					<swisstopo:routepoint_id>899996743</swisstopo:routepoint_id>
				</extensions>
			</trkpt>
			<trkpt lat="46.2758455179" lon="8.0472455587">
				<ele>2113.0</ele>
				<time>1970-01-01T01:00:00+01:00</time>
				<extensions>
					<swisstopo:routepoint_id>1948891127</swisstopo:routepoint_id>
				</extensions>
			</trkpt>
			<trkpt lat="46.2758406459" lon="8.0472718186">
				<ele>2113.4</ele>
				<time>1970-01-01T01:00:00+01:00</time>
				<extensions>
					<swisstopo:routepoint_id>883130907</swisstopo:routepoint_id>
				</extensions>
			</trkpt>
			<trkpt lat="46.2758282705" lon="8.0473097138">
				<ele>2114.3</ele>
				<time>1970-01-01T01:00:00+01:00</time>
				<extensions>
					<swisstopo:routepoint_id>1849215617</swisstopo:routepoint_id>
				</extensions>
			</trkpt>
			<trkpt lat="46.2758078544" lon="8.0473357997">
				<ele>2114.9</ele>
				<time>1970-01-01T01:00:00+01:00</time>
				<extensions>
					<swisstopo:routepoint_id>1003258776</swisstopo:routepoint_id>
				</extensions>
			</trkpt>
			<trkpt lat="46.2757873882" lon="8.0473687392">
				<ele>2115.8</ele>
				<time>1970-01-01T01:00:00+01:00</time>
				<extensions>
					<swisstopo:routepoint_id>1102976022</swisstopo:routepoint_id>
				</extensions>
			</trkpt>
			<trkpt lat="46.2757669107" lon="8.0474045799">
				<ele>2116.6</ele>
				<time>1970-01-01T01:00:00+01:00</time>
				<extensions>
					<swisstopo:routepoint_id>1471243691</swisstopo:routepoint_id>
				</extensions>
			</trkpt>
			<trkpt lat="46.2757539105" lon="8.0474336881">
				<ele>2117.2</ele>
				<time>1970-01-01T01:00:00+01:00</time>
				<extensions>
					<swisstopo:routepoint_id>103309948</swisstopo:routepoint_id>
				</extensions>
			</trkpt>
			<trkpt lat="46.2757462548" lon="8.0474735871">
				<ele>2117.8</ele>
				<time>1970-01-01T01:00:00+01:00</time>
				<extensions>
					<swisstopo:routepoint_id>464752544</swisstopo:routepoint_id>
				</extensions>
			</trkpt>
			<trkpt lat="46.2757351579" lon="8.0475261043">
				<ele>2118.5</ele>
				<time>1970-01-01T01:00:00+01:00</time>
				<extensions>
					<swisstopo:routepoint_id>2106581913</swisstopo:routepoint_id>
				</extensions>
			</trkpt>
			<trkpt lat="46.2757234063" lon="8.0475737491">
				<ele>2119.6</ele>
				<time>1970-01-01T01:00:00+01:00</time>
				<extensions>
					<swisstopo:routepoint_id>1134087996</swisstopo:routepoint_id>
				</extensions>
			</trkpt>
			<trkpt lat="46.2757144757" lon="8.0475999762">
				<ele>2120.2</ele>
				<time>1970-01-01T01:00:00+01:00</time>
				<extensions>
					<swisstopo:routepoint_id>402115681</swisstopo:routepoint_id>
				</extensions>
			</trkpt>
			<trkpt lat="46.2756988004" lon="8.0476241766">
				<ele>2121.0</ele>
				<time>1970-01-01T01:00:00+01:00</time>
				<extensions>
					<swisstopo:routepoint_id>105025814</swisstopo:routepoint_id>
				</extensions>
			</trkpt>
			<trkpt lat="46.2756803582" lon="8.0476581015">
				<ele>2122.2</ele>
				<time>1970-01-01T01:00:00+01:00</time>
				<extensions>
					<swisstopo:routepoint_id>1182979634</swisstopo:routepoint_id>
				</extensions>
			</trkpt>
			<trkpt lat="46.2756720365" lon="8.0476960419">
				<ele>2123.2</ele>
				<time>1970-01-01T01:00:00+01:00</time>
				<extensions>
					<swisstopo:routepoint_id>1154610199</swisstopo:routepoint_id>
				</extensions>
			</trkpt>
			<trkpt lat="46.2756671277" lon="8.0477291301">
				<ele>2124.0</ele>
				<time>1970-01-01T01:00:00+01:00</time>
				<extensions>
					<swisstopo:routepoint_id>775412803</swisstopo:routepoint_id>
				</extensions>
			</trkpt>
			<trkpt lat="46.2756648771" lon="8.0477710279">
				<ele>2124.8</ele>
				<time>1970-01-01T01:00:00+01:00</time>
				<extensions>
					<swisstopo:routepoint_id>1594261019</swisstopo:routepoint_id>
				</extensions>
			</trkpt>
			<trkpt lat="46.2756473143" lon="8.0477688928">
				<ele>2125.4</ele>
				<time>1970-01-01T01:00:00+01:00</time>
				<extensions>
					<swisstopo:routepoint_id>660974914</swisstopo:routepoint_id>
				</extensions>
			</trkpt>
			<trkpt lat="46.2756136176" lon="8.0477480290">
				<ele>2126.7</ele>
				<time>1970-01-01T01:00:00+01:00</time>
				<extensions>
					<swisstopo:routepoint_id>1606120488</swisstopo:routepoint_id>
				</extensions>
			</trkpt>
			<trkpt lat="46.2755860041" lon="8.0477272460">
				<ele>2127.8</ele>
				<time>1970-01-01T01:00:00+01:00</time>
				<extensions>
					<swisstopo:routepoint_id>287465958</swisstopo:routepoint_id>
				</extensions>
			</trkpt>
			<trkpt lat="46.2755658764" lon="8.0476997308">
				<ele>2128.5</ele>
				<time>1970-01-01T01:00:00+01:00</time>
				<extensions>
					<swisstopo:routepoint_id>1047879037</swisstopo:routepoint_id>
				</extensions>
			</trkpt>
			<trkpt lat="46.2755429672" lon="8.0476838656">
				<ele>2129.1</ele>
				<time>1970-01-01T01:00:00+01:00</time>
				<extensions>
					<swisstopo:routepoint_id>902275442</swisstopo:routepoint_id>
				</extensions>
			</trkpt>
			<trkpt lat="46.2755160599" lon="8.0476591884">
				<ele>2129.7</ele>
				<time>1970-01-01T01:00:00+01:00</time>
				<extensions>
					<swisstopo:routepoint_id>222606348</swisstopo:routepoint_id>
				</extensions>
			</trkpt>
			<trkpt lat="46.2754904274" lon="8.0476481705">
				<ele>2130.2</ele>
				<time>1970-01-01T01:00:00+01:00</time>
				<extensions>
					<swisstopo:routepoint_id>1053312188</swisstopo:routepoint_id>
				</extensions>
			</trkpt>
			<trkpt lat="46.2754600908" lon="8.0476322348">
				<ele>2130.8</ele>
				<time>1970-01-01T01:00:00+01:00</time>
				<extensions>
					<swisstopo:routepoint_id>764989006</swisstopo:routepoint_id>
				</extensions>
			</trkpt>
			<trkpt lat="46.2754331160" lon="8.0476192634">
				<ele>2131.4</ele>
				<time>1970-01-01T01:00:00+01:00</time>
				<extensions>
					<swisstopo:routepoint_id>1498907584</swisstopo:routepoint_id>
				</extensions>
			</trkpt>
			<trkpt lat="46.2753994342" lon="8.0475964489">
				<ele>2131.8</ele>
				<time>1970-01-01T01:00:00+01:00</time>
				<extensions>
					<swisstopo:routepoint_id>1943746183</swisstopo:routepoint_id>
				</extensions>
			</trkpt>
			<trkpt lat="46.2753890781" lon="8.0476353419">
				<ele>2132.5</ele>
				<time>1970-01-01T01:00:00+01:00</time>
				<extensions>
					<swisstopo:routepoint_id>35248572</swisstopo:routepoint_id>
				</extensions>
			</trkpt>
			<trkpt lat="46.2753929275" lon="8.0476734183">
				<ele>2132.9</ele>
				<time>1970-01-01T01:00:00+01:00</time>
				<extensions>
					<swisstopo:routepoint_id>639619413</swisstopo:routepoint_id>
				</extensions>
			</trkpt>
			<trkpt lat="46.2754075197" lon="8.0477271984">
				<ele>2133.4</ele>
				<time>1970-01-01T01:00:00+01:00</time>
				<extensions>
					<swisstopo:routepoint_id>1964934043</swisstopo:routepoint_id>
				</extensions>
			</trkpt>
			<trkpt lat="46.2754187061" lon="8.0477829040">
				<ele>2134.1</ele>
				<time>1970-01-01T01:00:00+01:00</time>
				<extensions>
					<swisstopo:routepoint_id>1911158549</swisstopo:routepoint_id>
				</extensions>
			</trkpt>
			<trkpt lat="46.2754157520" lon="8.0478306471">
				<ele>2134.8</ele>
				<time>1970-01-01T01:00:00+01:00</time>
				<extensions>
					<swisstopo:routepoint_id>1198264774</swisstopo:routepoint_id>
				</extensions>
			</trkpt>
			<trkpt lat="46.2754080333" lon="8.0478822389">
				<ele>2136.0</ele>
				<time>1970-01-01T01:00:00+01:00</time>
				<extensions>
					<swisstopo:routepoint_id>945632351</swisstopo:routepoint_id>
				</extensions>
			</trkpt>
			<trkpt lat="46.2753922388" lon="8.0479269241">
				<ele>2137.0</ele>
				<time>1970-01-01T01:00:00+01:00</time>
				<extensions>
					<swisstopo:routepoint_id>1927638533</swisstopo:routepoint_id>
				</extensions>
			</trkpt>
			<trkpt lat="46.2753859815" lon="8.0479599969">
				<ele>2137.4</ele>
				<time>1970-01-01T01:00:00+01:00</time>
				<extensions>
					<swisstopo:routepoint_id>377971926</swisstopo:routepoint_id>
				</extensions>
			</trkpt>
			<trkpt lat="46.2753878706" lon="8.0479843939">
				<ele>2137.9</ele>
				<time>1970-01-01T01:00:00+01:00</time>
				<extensions>
					<swisstopo:routepoint_id>899948828</swisstopo:routepoint_id>
				</extensions>
			</trkpt>
			<trkpt lat="46.2753870148" lon="8.0480185155">
				<ele>2138.3</ele>
				<time>1970-01-01T01:00:00+01:00</time>
				<extensions>
					<swisstopo:routepoint_id>638223477</swisstopo:routepoint_id>
				</extensions>
			</trkpt>
			<trkpt lat="46.2753700190" lon="8.0480358722">
				<ele>2138.9</ele>
				<time>1970-01-01T01:00:00+01:00</time>
				<extensions>
					<swisstopo:routepoint_id>1512145426</swisstopo:routepoint_id>
				</extensions>
			</trkpt>
			<trkpt lat="46.2753472479" lon="8.0480612091">
				<ele>2139.0</ele>
				<time>1970-01-01T01:00:00+01:00</time>
				<extensions>
					<swisstopo:routepoint_id>1116705600</swisstopo:routepoint_id>
				</extensions>
			</trkpt>
			<trkpt lat="46.2753272077" lon="8.0480753642">
				<ele>2139.1</ele>
				<time>1970-01-01T01:00:00+01:00</time>
				<extensions>
					<swisstopo:routepoint_id>62636863</swisstopo:routepoint_id>
				</extensions>
			</trkpt>
			<trkpt lat="46.2752953862" lon="8.0480847630">
				<ele>2140.2</ele>
				<time>1970-01-01T01:00:00+01:00</time>
				<extensions>
					<swisstopo:routepoint_id>2001556099</swisstopo:routepoint_id>
				</extensions>
			</trkpt>
			<trkpt lat="46.2752785533" lon="8.0480718924">
				<ele>2140.8</ele>
				<time>1970-01-01T01:00:00+01:00</time>
				<extensions>
					<swisstopo:routepoint_id>2098592009</swisstopo:routepoint_id>
				</extensions>
			</trkpt>
			<trkpt lat="46.2752543796" lon="8.0480404170">
				<ele>2141.6</ele>
				<time>1970-01-01T01:00:00+01:00</time>
				<extensions>
					<swisstopo:routepoint_id>1394989129</swisstopo:routepoint_id>
				</extensions>
			</trkpt>
			<trkpt lat="46.2752329115" lon="8.0480089847">
				<ele>2142.5</ele>
				<time>1970-01-01T01:00:00+01:00</time>
				<extensions>
					<swisstopo:routepoint_id>1477096658</swisstopo:routepoint_id>
				</extensions>
			</trkpt>
			<trkpt lat="46.2752153968" lon="8.0479970820">
				<ele>2142.9</ele>
				<time>1970-01-01T01:00:00+01:00</time>
				<extensions>
					<swisstopo:routepoint_id>1736202263</swisstopo:routepoint_id>
				</extensions>
			</trkpt>
			<trkpt lat="46.2752011793" lon="8.0480018004">
				<ele>2143.6</ele>
				<time>1970-01-01T01:00:00+01:00</time>
				<extensions>
					<swisstopo:routepoint_id>493635285</swisstopo:routepoint_id>
				</extensions>
			</trkpt>
			<trkpt lat="46.2751902360" lon="8.0480241025">
				<ele>2144.5</ele>
				<time>1970-01-01T01:00:00+01:00</time>
				<extensions>
					<swisstopo:routepoint_id>1316775963</swisstopo:routepoint_id>
				</extensions>
			</trkpt>
			<trkpt lat="46.2751800199" lon="8.0480386211">
				<ele>2145.2</ele>
				<time>1970-01-01T01:00:00+01:00</time>
				<extensions>
					<swisstopo:routepoint_id>1306795061</swisstopo:routepoint_id>
				</extensions>
			</trkpt>
			<trkpt lat="46.2751697251" lon="8.0480677591">
				<ele>2146.2</ele>
				<time>1970-01-01T01:00:00+01:00</time>
				<extensions>
					<swisstopo:routepoint_id>1760579525</swisstopo:routepoint_id>
				</extensions>
			</trkpt>
			<trkpt lat="46.2751500612" lon="8.0480772941">
				<ele>2146.9</ele>
				<time>1970-01-01T01:00:00+01:00</time>
				<extensions>
					<swisstopo:routepoint_id>703845046</swisstopo:routepoint_id>
				</extensions>
			</trkpt>
			<trkpt lat="46.2751297307" lon="8.0480858335">
				<ele>2147.2</ele>
				<time>1970-01-01T01:00:00+01:00</time>
				<extensions>
					<swisstopo:routepoint_id>64859610</swisstopo:routepoint_id>
				</extensions>
			</trkpt>
			<trkpt lat="46.2751067042" lon="8.0480933671">
				<ele>2147.4</ele>
				<time>1970-01-01T01:00:00+01:00</time>
				<extensions>
					<swisstopo:routepoint_id>2142050497</swisstopo:routepoint_id>
				</extensions>
			</trkpt>
			<trkpt lat="46.2750672898" lon="8.0481309585">
				<ele>2148.1</ele>
				<time>1970-01-01T01:00:00+01:00</time>
				<extensions>
					<swisstopo:routepoint_id>137286435</swisstopo:routepoint_id>
				</extensions>
			</trkpt>
			<trkpt lat="46.2750489088" lon="8.0481551282">
				<ele>2149.1</ele>
				<time>1970-01-01T01:00:00+01:00</time>
				<extensions>
					<swisstopo:routepoint_id>871182411</swisstopo:routepoint_id>
				</extensions>
			</trkpt>
			<trkpt lat="46.2750318770" lon="8.0481783375">
				<ele>2150.1</ele>
				<time>1970-01-01T01:00:00+01:00</time>
				<extensions>
					<swisstopo:routepoint_id>1257049653</swisstopo:routepoint_id>
				</extensions>
			</trkpt>
			<trkpt lat="46.2750013899" lon="8.0481887266">
				<ele>2151.0</ele>
				<time>1970-01-01T01:00:00+01:00</time>
				<extensions>
					<swisstopo:routepoint_id>729740434</swisstopo:routepoint_id>
				</extensions>
			</trkpt>
			<trkpt lat="46.2749634851" lon="8.0481980445">
				<ele>2152.0</ele>
				<time>1970-01-01T01:00:00+01:00</time>
				<extensions>
					<swisstopo:routepoint_id>859288171</swisstopo:routepoint_id>
				</extensions>
			</trkpt>
			<trkpt lat="46.2749275806" lon="8.0482103113">
				<ele>2152.9</ele>
				<time>1970-01-01T01:00:00+01:00</time>
				<extensions>
					<swisstopo:routepoint_id>2126295787</swisstopo:routepoint_id>
				</extensions>
			</trkpt>
			<trkpt lat="46.2748889802" lon="8.0482215851">
				<ele>2153.6</ele>
				<time>1970-01-01T01:00:00+01:00</time>
				<extensions>
					<swisstopo:routepoint_id>271573671</swisstopo:routepoint_id>
				</extensions>
			</trkpt>
			<trkpt lat="46.2748584754" lon="8.0482368517">
				<ele>2154.1</ele>
				<time>1970-01-01T01:00:00+01:00</time>
				<extensions>
					<swisstopo:routepoint_id>1588838287</swisstopo:routepoint_id>
				</extensions>
			</trkpt>
			<trkpt lat="46.2748245415" lon="8.0482608470">
				<ele>2154.7</ele>
				<time>1970-01-01T01:00:00+01:00</time>
				<extensions>
					<swisstopo:routepoint_id>1019301692</swisstopo:routepoint_id>
				</extensions>
			</trkpt>
			<trkpt lat="46.2747932554" lon="8.0482955899">
				<ele>2155.4</ele>
				<time>1970-01-01T01:00:00+01:00</time>
				<extensions>
					<swisstopo:routepoint_id>2131003663</swisstopo:routepoint_id>
				</extensions>
			</trkpt>
			<trkpt lat="46.2747484132" lon="8.0483370223">
				<ele>2156.1</ele>
				<time>1970-01-01T01:00:00+01:00</time>
				<extensions>
					<swisstopo:routepoint_id>820292848</swisstopo:routepoint_id>
				</extensions>
			</trkpt>
			<trkpt lat="46.2747090172" lon="8.0483687478">
				<ele>2156.9</ele>
				<time>1970-01-01T01:00:00+01:00</time>
				<extensions>
					<swisstopo:routepoint_id>45683523</swisstopo:routepoint_id>
				</extensions>
			</trkpt>
			<trkpt lat="46.2746750395" lon="8.0484024976">
				<ele>2158.4</ele>
				<time>1970-01-01T01:00:00+01:00</time>
				<extensions>
					<swisstopo:routepoint_id>1289415056</swisstopo:routepoint_id>
				</extensions>
			</trkpt>
			<trkpt lat="46.2746315246" lon="8.0484478342">
				<ele>2158.9</ele>
				<time>1970-01-01T01:00:00+01:00</time>
				<extensions>
					<swisstopo:routepoint_id>1013310147</swisstopo:routepoint_id>
				</extensions>
			</trkpt>
			<trkpt lat="46.2746029772" lon="8.0484748161">
				<ele>2159.4</ele>
				<time>1970-01-01T01:00:00+01:00</time>
				<extensions>
					<swisstopo:routepoint_id>1930726875</swisstopo:routepoint_id>
				</extensions>
			</trkpt>
			<trkpt lat="46.2745718058" lon="8.0484890995">
				<ele>2160.1</ele>
				<time>1970-01-01T01:00:00+01:00</time>
				<extensions>
					<swisstopo:routepoint_id>575586614</swisstopo:routepoint_id>
				</extensions>
			</trkpt>
			<trkpt lat="46.2745446858" lon="8.0485014645">
				<ele>2160.9</ele>
				<time>1970-01-01T01:00:00+01:00</time>
				<extensions>
					<swisstopo:routepoint_id>1658072975</swisstopo:routepoint_id>
				</extensions>
			</trkpt>
			<trkpt lat="46.2745215374" lon="8.0485324090">
				<ele>2162.2</ele>
				<time>1970-01-01T01:00:00+01:00</time>
				<extensions>
					<swisstopo:routepoint_id>1165597239</swisstopo:routepoint_id>
				</extensions>
			</trkpt>
			<trkpt lat="46.2744977100" lon="8.0485613949">
				<ele>2163.2</ele>
				<time>1970-01-01T01:00:00+01:00</time>
				<extensions>
					<swisstopo:routepoint_id>815131382</swisstopo:routepoint_id>
				</extensions>
			</trkpt>
			<trkpt lat="46.2744819872" lon="8.0485943611">
				<ele>2163.9</ele>
				<time>1970-01-01T01:00:00+01:00</time>
				<extensions>
					<swisstopo:routepoint_id>524459440</swisstopo:routepoint_id>
				</extensions>
			</trkpt>
			<trkpt lat="46.2744615198" lon="8.0486282621">
				<ele>2164.7</ele>
				<time>1970-01-01T01:00:00+01:00</time>
				<extensions>
					<swisstopo:routepoint_id>362389746</swisstopo:routepoint_id>
				</extensions>
			</trkpt>
			<trkpt lat="46.2744369941" lon="8.0486621050">
				<ele>2165.1</ele>
				<time>1970-01-01T01:00:00+01:00</time>
				<extensions>
					<swisstopo:routepoint_id>901353844</swisstopo:routepoint_id>
				</extensions>
			</trkpt>
			<trkpt lat="46.2744166144" lon="8.0486813869">
				<ele>2165.2</ele>
				<time>1970-01-01T01:00:00+01:00</time>
				<extensions>
					<swisstopo:routepoint_id>160320695</swisstopo:routepoint_id>
				</extensions>
			</trkpt>
			<trkpt lat="46.2743955022" lon="8.0487094276">
				<ele>2165.5</ele>
				<time>1970-01-01T01:00:00+01:00</time>
				<extensions>
					<swisstopo:routepoint_id>429407202</swisstopo:routepoint_id>
				</extensions>
			</trkpt>
			<trkpt lat="46.2743777194" lon="8.0487472480">
				<ele>2165.9</ele>
				<time>1970-01-01T01:00:00+01:00</time>
				<extensions>
					<swisstopo:routepoint_id>880539407</swisstopo:routepoint_id>
				</extensions>
			</trkpt>
			<trkpt lat="46.2743674261" lon="8.0487744472">
				<ele>2166.2</ele>
				<time>1970-01-01T01:00:00+01:00</time>
				<extensions>
					<swisstopo:routepoint_id>612930917</swisstopo:routepoint_id>
				</extensions>
			</trkpt>
			<trkpt lat="46.2743395955" lon="8.0487955711">
				<ele>2166.5</ele>
				<time>1970-01-01T01:00:00+01:00</time>
				<extensions>
					<swisstopo:routepoint_id>1241935451</swisstopo:routepoint_id>
				</extensions>
			</trkpt>
			<trkpt lat="46.2743115720" lon="8.0488508360">
				<ele>2167.0</ele>
				<time>1970-01-01T01:00:00+01:00</time>
				<extensions>
					<swisstopo:routepoint_id>1766012676</swisstopo:routepoint_id>
				</extensions>
			</trkpt>
			<trkpt lat="46.2742852991" lon="8.0489137980">
				<ele>2167.6</ele>
				<time>1970-01-01T01:00:00+01:00</time>
				<extensions>
					<swisstopo:routepoint_id>566558610</swisstopo:routepoint_id>
				</extensions>
			</trkpt>
			<trkpt lat="46.2742553522" lon="8.0489852323">
				<ele>2168.5</ele>
				<time>1970-01-01T01:00:00+01:00</time>
				<extensions>
					<swisstopo:routepoint_id>1341160846</swisstopo:routepoint_id>
				</extensions>
			</trkpt>
			<trkpt lat="46.2742308727" lon="8.0490739832">
				<ele>2169.7</ele>
				<time>1970-01-01T01:00:00+01:00</time>
				<extensions>
					<swisstopo:routepoint_id>885000844</swisstopo:routepoint_id>
				</extensions>
			</trkpt>
			<trkpt lat="46.2742027260" lon="8.0491569284">
				<ele>2170.5</ele>
				<time>1970-01-01T01:00:00+01:00</time>
				<extensions>
					<swisstopo:routepoint_id>1555029649</swisstopo:routepoint_id>
				</extensions>
			</trkpt>
			<trkpt lat="46.2741959692" lon="8.0492157383">
				<ele>2170.9</ele>
				<time>1970-01-01T01:00:00+01:00</time>
				<extensions>
					<swisstopo:routepoint_id>11894240</swisstopo:routepoint_id>
				</extensions>
			</trkpt>
			<trkpt lat="46.2741975245" lon="8.0492775175">
				<ele>2171.1</ele>
				<time>1970-01-01T01:00:00+01:00</time>
				<extensions>
					<swisstopo:routepoint_id>1278237513</swisstopo:routepoint_id>
				</extensions>
			</trkpt>
			<trkpt lat="46.2741898798" lon="8.0493291088">
				<ele>2171.6</ele>
				<time>1970-01-01T01:00:00+01:00</time>
				<extensions>
					<swisstopo:routepoint_id>458166763</swisstopo:routepoint_id>
				</extensions>
			</trkpt>
			<trkpt lat="46.2741748607" lon="8.0493748908">
				<ele>2171.6</ele>
				<time>1970-01-01T01:00:00+01:00</time>
				<extensions>
					<swisstopo:routepoint_id>1417933532</swisstopo:routepoint_id>
				</extensions>
			</trkpt>
			<trkpt lat="46.2741419857" lon="8.0494793200">
				<ele>2172.0</ele>
				<time>1970-01-01T01:00:00+01:00</time>
				<extensions>
					<swisstopo:routepoint_id>1106994095</swisstopo:routepoint_id>
				</extensions>
			</trkpt>
			<trkpt lat="46.2741214811" lon="8.0495444620">
				<ele>2172.5</ele>
				<time>1970-01-01T01:00:00+01:00</time>
				<extensions>
					<swisstopo:routepoint_id>288053655</swisstopo:routepoint_id>
				</extensions>
			</trkpt>
			<trkpt lat="46.2741158686" lon="8.0495889940">
				<ele>2173.1</ele>
				<time>1970-01-01T01:00:00+01:00</time>
				<extensions>
					<swisstopo:routepoint_id>768545439</swisstopo:routepoint_id>
				</extensions>
			</trkpt>
			<trkpt lat="46.2741136110" lon="8.0496345139">
				<ele>2173.3</ele>
				<time>1970-01-01T01:00:00+01:00</time>
				<extensions>
					<swisstopo:routepoint_id>973618169</swisstopo:routepoint_id>
				</extensions>
			</trkpt>
			<trkpt lat="46.2741119178" lon="8.0496975107">
				<ele>2173.9</ele>
				<time>1970-01-01T01:00:00+01:00</time>
				<extensions>
					<swisstopo:routepoint_id>841588607</swisstopo:routepoint_id>
				</extensions>
			</trkpt>
			<trkpt lat="46.2741042012" lon="8.0497575132">
				<ele>2174.2</ele>
				<time>1970-01-01T01:00:00+01:00</time>
				<extensions>
					<swisstopo:routepoint_id>1954466348</swisstopo:routepoint_id>
				</extensions>
			</trkpt>
			<trkpt lat="46.2741039866" lon="8.0497972409">
				<ele>2174.6</ele>
				<time>1970-01-01T01:00:00+01:00</time>
				<extensions>
					<swisstopo:routepoint_id>262440295</swisstopo:routepoint_id>
				</extensions>
			</trkpt>
			<trkpt lat="46.2741105793" lon="8.0498225137">
				<ele>2174.7</ele>
				<time>1970-01-01T01:00:00+01:00</time>
				<extensions>
					<swisstopo:routepoint_id>713828442</swisstopo:routepoint_id>
				</extensions>
			</trkpt>
			<trkpt lat="46.2741230917" lon="8.0498691877">
				<ele>2175.7</ele>
				<time>1970-01-01T01:00:00+01:00</time>
				<extensions>
					<swisstopo:routepoint_id>1502720820</swisstopo:routepoint_id>
				</extensions>
			</trkpt>
			<trkpt lat="46.2741339776" lon="8.0499152860">
				<ele>2175.8</ele>
				<time>1970-01-01T01:00:00+01:00</time>
				<extensions>
					<swisstopo:routepoint_id>765129636</swisstopo:routepoint_id>
				</extensions>
			</trkpt>
			<trkpt lat="46.2741175724" lon="8.0499663607">
				<ele>2176.2</ele>
				<time>1970-01-01T01:00:00+01:00</time>
				<extensions>
					<swisstopo:routepoint_id>1907938880</swisstopo:routepoint_id>
				</extensions>
			</trkpt>
			<trkpt lat="46.2740791729" lon="8.0500460607">
				<ele>2176.7</ele>
				<time>1970-01-01T01:00:00+01:00</time>
				<extensions>
					<swisstopo:routepoint_id>1133613535</swisstopo:routepoint_id>
				</extensions>
			</trkpt>
			<trkpt lat="46.2740345935" lon="8.0500769408">
				<ele>2177.1</ele>
				<time>1970-01-01T01:00:00+01:00</time>
				<extensions>
					<swisstopo:routepoint_id>803207493</swisstopo:routepoint_id>
				</extensions>
			</trkpt>
			<trkpt lat="46.2740350213" lon="8.0501221360">
				<ele>2177.3</ele>
				<time>1970-01-01T01:00:00+01:00</time>
				<extensions>
					<swisstopo:routepoint_id>2061261185</swisstopo:routepoint_id>
				</extensions>
			</trkpt>
			<trkpt lat="46.2740235081" lon="8.0501384763">
				<ele>2177.5</ele>
				<time>1970-01-01T01:00:00+01:00</time>
				<extensions>
					<swisstopo:routepoint_id>364138745</swisstopo:routepoint_id>
				</extensions>
			</trkpt>
			<trkpt lat="46.2739973048" lon="8.0501372188">
				<ele>2177.7</ele>
				<time>1970-01-01T01:00:00+01:00</time>
				<extensions>
					<swisstopo:routepoint_id>2080466191</swisstopo:routepoint_id>
				</extensions>
			</trkpt>
			<trkpt lat="46.2739684764" lon="8.0501242891">
				<ele>2179.0</ele>
				<time>1970-01-01T01:00:00+01:00</time>
				<extensions>
					<swisstopo:routepoint_id>20814437</swisstopo:routepoint_id>
				</extensions>
			</trkpt>
			<trkpt lat="46.2739328764" lon="8.0501200248">
				<ele>2180.2</ele>
				<time>1970-01-01T01:00:00+01:00</time>
				<extensions>
					<swisstopo:routepoint_id>1694873425</swisstopo:routepoint_id>
				</extensions>
			</trkpt>
			<trkpt lat="46.2738999478" lon="8.0501196547">
				<ele>2180.8</ele>
				<time>1970-01-01T01:00:00+01:00</time>
				<extensions>
					<swisstopo:routepoint_id>1334955399</swisstopo:routepoint_id>
				</extensions>
			</trkpt>
			<trkpt lat="46.2738750677" lon="8.0501222761">
				<ele>2181.6</ele>
				<time>1970-01-01T01:00:00+01:00</time>
				<extensions>
					<swisstopo:routepoint_id>1262010379</swisstopo:routepoint_id>
				</extensions>
			</trkpt>
			<trkpt lat="46.2738548148" lon="8.0501375552">
				<ele>2181.9</ele>
				<time>1970-01-01T01:00:00+01:00</time>
				<extensions>
					<swisstopo:routepoint_id>46372307</swisstopo:routepoint_id>
				</extensions>
			</trkpt>
			<trkpt lat="46.2738371216" lon="8.0501790373">
				<ele>2182.7</ele>
				<time>1970-01-01T01:00:00+01:00</time>
				<extensions>
					<swisstopo:routepoint_id>2048258252</swisstopo:routepoint_id>
				</extensions>
			</trkpt>
			<trkpt lat="46.2738227632" lon="8.0502244209">
				<ele>2183.2</ele>
				<time>1970-01-01T01:00:00+01:00</time>
				<extensions>
					<swisstopo:routepoint_id>881011832</swisstopo:routepoint_id>
				</extensions>
			</trkpt>
			<trkpt lat="46.2738091308" lon="8.0502581950">
				<ele>2183.8</ele>
				<time>1970-01-01T01:00:00+01:00</time>
				<extensions>
					<swisstopo:routepoint_id>1159012609</swisstopo:routepoint_id>
				</extensions>
			</trkpt>
			<trkpt lat="46.2737960840" lon="8.0503103965">
				<ele>2184.6</ele>
				<time>1970-01-01T01:00:00+01:00</time>
				<extensions>
					<swisstopo:routepoint_id>1329266606</swisstopo:routepoint_id>
				</extensions>
			</trkpt>
			<trkpt lat="46.2737704741" lon="8.0503236770">
				<ele>2185.1</ele>
				<time>1970-01-01T01:00:00+01:00</time>
				<extensions>
					<swisstopo:routepoint_id>1754246978</swisstopo:routepoint_id>
				</extensions>
			</trkpt>
			<trkpt lat="46.2737414588" lon="8.0503437097">
				<ele>2185.7</ele>
				<time>1970-01-01T01:00:00+01:00</time>
				<extensions>
					<swisstopo:routepoint_id>1096862885</swisstopo:routepoint_id>
				</extensions>
			</trkpt>
			<trkpt lat="46.2737131557" lon="8.0503579227">
				<ele>2186.1</ele>
				<time>1970-01-01T01:00:00+01:00</time>
				<extensions>
					<swisstopo:routepoint_id>741444355</swisstopo:routepoint_id>
				</extensions>
			</trkpt>
			<trkpt lat="46.2736908904" lon="8.0503741419">
				<ele>2186.3</ele>
				<time>1970-01-01T01:00:00+01:00</time>
				<extensions>
					<swisstopo:routepoint_id>171243418</swisstopo:routepoint_id>
				</extensions>
			</trkpt>
			<trkpt lat="46.2736685157" lon="8.0504097560">
				<ele>2186.6</ele>
				<time>1970-01-01T01:00:00+01:00</time>
				<extensions>
					<swisstopo:routepoint_id>170113108</swisstopo:routepoint_id>
				</extensions>
			</trkpt>
			<trkpt lat="46.2736502036" lon="8.0504405763">
				<ele>2186.8</ele>
				<time>1970-01-01T01:00:00+01:00</time>
				<extensions>
					<swisstopo:routepoint_id>649388093</swisstopo:routepoint_id>
				</extensions>
			</trkpt>
			<trkpt lat="46.2736372475" lon="8.0504743580">
				<ele>2186.8</ele>
				<time>1970-01-01T01:00:00+01:00</time>
				<extensions>
					<swisstopo:routepoint_id>133375925</swisstopo:routepoint_id>
				</extensions>
			</trkpt>
			<trkpt lat="46.2736209463" lon="8.0505061510">
				<ele>2186.8</ele>
				<time>1970-01-01T01:00:00+01:00</time>
				<extensions>
					<swisstopo:routepoint_id>1593948696</swisstopo:routepoint_id>
				</extensions>
			</trkpt>
			<trkpt lat="46.2736040263" lon="8.0505272825">
				<ele>2186.8</ele>
				<time>1970-01-01T01:00:00+01:00</time>
				<extensions>
					<swisstopo:routepoint_id>961562738</swisstopo:routepoint_id>
				</extensions>
			</trkpt>
			<trkpt lat="46.2735870461" lon="8.0505619817">
				<ele>2187.1</ele>
				<time>1970-01-01T01:00:00+01:00</time>
				<extensions>
					<swisstopo:routepoint_id>711177874</swisstopo:routepoint_id>
				</extensions>
			</trkpt>
			<trkpt lat="46.2735607232" lon="8.0505820318">
				<ele>2187.3</ele>
				<time>1970-01-01T01:00:00+01:00</time>
				<extensions>
					<swisstopo:routepoint_id>127760165</swisstopo:routepoint_id>
				</extensions>
			</trkpt>
			<trkpt lat="46.2735371040" lon="8.0505992238">
				<ele>2187.7</ele>
				<time>1970-01-01T01:00:00+01:00</time>
				<extensions>
					<swisstopo:routepoint_id>451745528</swisstopo:routepoint_id>
				</extensions>
			</trkpt>
			<trkpt lat="46.2735176900" lon="8.0505844742">
				<ele>2188.0</ele>
				<time>1970-01-01T01:00:00+01:00</time>
				<extensions>
					<swisstopo:routepoint_id>1644794307</swisstopo:routepoint_id>
				</extensions>
			</trkpt>
			<trkpt lat="46.2734922531" lon="8.0505657674">
				<ele>2188.5</ele>
				<time>1970-01-01T01:00:00+01:00</time>
				<extensions>
					<swisstopo:routepoint_id>953373210</swisstopo:routepoint_id>
				</extensions>
			</trkpt>
			<trkpt lat="46.2734573244" lon="8.0505624607">
				<ele>2189.0</ele>
				<time>1970-01-01T01:00:00+01:00</time>
				<extensions>
					<swisstopo:routepoint_id>369107285</swisstopo:routepoint_id>
				</extensions>
			</trkpt>
			<trkpt lat="46.2734196978" lon="8.0505600990">
				<ele>2189.6</ele>
				<time>1970-01-01T01:00:00+01:00</time>
				<extensions>
					<swisstopo:routepoint_id>2109405791</swisstopo:routepoint_id>
				</extensions>
			</trkpt>
			<trkpt lat="46.2734023610" lon="8.0505356811">
				<ele>2189.8</ele>
				<time>1970-01-01T01:00:00+01:00</time>
				<extensions>
					<swisstopo:routepoint_id>1994161342</swisstopo:routepoint_id>
				</extensions>
			</trkpt>
			<trkpt lat="46.2733762111" lon="8.0505237441">
				<ele>2190.0</ele>
				<time>1970-01-01T01:00:00+01:00</time>
				<extensions>
					<swisstopo:routepoint_id>769474789</swisstopo:routepoint_id>
				</extensions>
			</trkpt>
			<trkpt lat="46.2733540364" lon="8.0505215691">
				<ele>2190.0</ele>
				<time>1970-01-01T01:00:00+01:00</time>
				<extensions>
					<swisstopo:routepoint_id>870224949</swisstopo:routepoint_id>
				</extensions>
			</trkpt>
			<trkpt lat="46.2733412097" lon="8.0505330421">
				<ele>2190.0</ele>
				<time>1970-01-01T01:00:00+01:00</time>
				<extensions>
					<swisstopo:routepoint_id>2040446748</swisstopo:routepoint_id>
				</extensions>
			</trkpt>
			<trkpt lat="46.2733196904" lon="8.0505347510">
				<ele>2190.1</ele>
				<time>1970-01-01T01:00:00+01:00</time>
				<extensions>
					<swisstopo:routepoint_id>816748968</swisstopo:routepoint_id>
				</extensions>
			</trkpt>
			<trkpt lat="46.2732901473" lon="8.0505305420">
				<ele>2190.3</ele>
				<time>1970-01-01T01:00:00+01:00</time>
				<extensions>
					<swisstopo:routepoint_id>745510792</swisstopo:routepoint_id>
				</extensions>
			</trkpt>
			<trkpt lat="46.2732693202" lon="8.0505293322">
				<ele>2190.6</ele>
				<time>1970-01-01T01:00:00+01:00</time>
				<extensions>
					<swisstopo:routepoint_id>906287706</swisstopo:routepoint_id>
				</extensions>
			</trkpt>
			<trkpt lat="46.2732398007" lon="8.0505183330">
				<ele>2191.2</ele>
				<time>1970-01-01T01:00:00+01:00</time>
				<extensions>
					<swisstopo:routepoint_id>1648501118</swisstopo:routepoint_id>
				</extensions>
			</trkpt>
			<trkpt lat="46.2732135616" lon="8.0505228900">
				<ele>2191.6</ele>
				<time>1970-01-01T01:00:00+01:00</time>
				<extensions>
					<swisstopo:routepoint_id>1434180795</swisstopo:routepoint_id>
				</extensions>
			</trkpt>
			<trkpt lat="46.2731894260" lon="8.0505129268">
				<ele>2192.1</ele>
				<time>1970-01-01T01:00:00+01:00</time>
				<extensions>
					<swisstopo:routepoint_id>380998546</swisstopo:routepoint_id>
				</extensions>
			</trkpt>
			<trkpt lat="46.2731658908" lon="8.0505146003">
				<ele>2192.2</ele>
				<time>1970-01-01T01:00:00+01:00</time>
				<extensions>
					<swisstopo:routepoint_id>1034843345</swisstopo:routepoint_id>
				</extensions>
			</trkpt>
			<trkpt lat="46.2731402422" lon="8.0504952453">
				<ele>2192.3</ele>
				<time>1970-01-01T01:00:00+01:00</time>
				<extensions>
					<swisstopo:routepoint_id>718991646</swisstopo:routepoint_id>
				</extensions>
			</trkpt>
			<trkpt lat="46.2729165825" lon="8.0507401251">
				<ele>2194.7</ele>
				<time>1970-01-01T01:00:00+01:00</time>
				<extensions>
					<swisstopo:routepoint_id>1274248502</swisstopo:routepoint_id>
				</extensions>
			</trkpt>
			<trkpt lat="46.2727688425" lon="8.0509386792">
				<ele>2197.5</ele>
				<time>1970-01-01T01:00:00+01:00</time>
				<extensions>
					<swisstopo:routepoint_id>62149724</swisstopo:routepoint_id>
				</extensions>
			</trkpt>
			<trkpt lat="46.2726887132" lon="8.0510492998">
				<ele>2199.1</ele>
				<time>1970-01-01T01:00:00+01:00</time>
				<extensions>
					<swisstopo:routepoint_id>587822251</swisstopo:routepoint_id>
				</extensions>
			</trkpt>
			<trkpt lat="46.2726283412" lon="8.0511104434">
				<ele>2200.0</ele>
				<time>1970-01-01T01:00:00+01:00</time>
				<extensions>
					<swisstopo:routepoint_id>1583003560</swisstopo:routepoint_id>
				</extensions>
			</trkpt>
			<trkpt lat="46.2725574906" lon="8.0511639182">
				<ele>2201.0</ele>
				<time>1970-01-01T01:00:00+01:00</time>
				<extensions>
					<swisstopo:routepoint_id>926749777</swisstopo:routepoint_id>
				</extensions>
			</trkpt>
			<trkpt lat="46.2724785005" lon="8.0512279682">
				<ele>2202.0</ele>
				<time>1970-01-01T01:00:00+01:00</time>
				<extensions>
					<swisstopo:routepoint_id>92056262</swisstopo:routepoint_id>
				</extensions>
			</trkpt>
			<trkpt lat="46.2724082920" lon="8.0512853394">
				<ele>2203.0</ele>
				<time>1970-01-01T01:00:00+01:00</time>
				<extensions>
					<swisstopo:routepoint_id>37867493</swisstopo:routepoint_id>
				</extensions>
			</trkpt>
			<trkpt lat="46.2723259874" lon="8.0513425613">
				<ele>2204.4</ele>
				<time>1970-01-01T01:00:00+01:00</time>
				<extensions>
					<swisstopo:routepoint_id>723648060</swisstopo:routepoint_id>
				</extensions>
			</trkpt>
			<trkpt lat="46.2722471058" lon="8.0513881919">
				<ele>2205.7</ele>
				<time>1970-01-01T01:00:00+01:00</time>
				<extensions>
					<swisstopo:routepoint_id>1835309003</swisstopo:routepoint_id>
				</extensions>
			</trkpt>
			<trkpt lat="46.2721979501" lon="8.0514050828">
				<ele>2206.3</ele>
				<time>1970-01-01T01:00:00+01:00</time>
				<extensions>
					<swisstopo:routepoint_id>1569681699</swisstopo:routepoint_id>
				</extensions>
			</trkpt>
			<trkpt lat="46.2721468720" lon="8.0514054703">
				<ele>2207.0</ele>
				<time>1970-01-01T01:00:00+01:00</time>
				<extensions>
					<swisstopo:routepoint_id>1466188530</swisstopo:routepoint_id>
				</extensions>
			</trkpt>
			<trkpt lat="46.2720979210" lon="8.0513845857">
				<ele>2207.6</ele>
				<time>1970-01-01T01:00:00+01:00</time>
				<extensions>
					<swisstopo:routepoint_id>509817210</swisstopo:routepoint_id>
				</extensions>
			</trkpt>
			<trkpt lat="46.2720476480" lon="8.0513588090">
				<ele>2208.2</ele>
				<time>1970-01-01T01:00:00+01:00</time>
				<extensions>
					<swisstopo:routepoint_id>1213867215</swisstopo:routepoint_id>
				</extensions>
			</trkpt>
			<trkpt lat="46.2720033853" lon="8.0513408658">
				<ele>2208.7</ele>
				<time>1970-01-01T01:00:00+01:00</time>
				<extensions>
					<swisstopo:routepoint_id>1321870603</swisstopo:routepoint_id>
				</extensions>
			</trkpt>
			<trkpt lat="46.2719550110" lon="8.0513383826">
				<ele>2209.4</ele>
				<time>1970-01-01T01:00:00+01:00</time>
				<extensions>
					<swisstopo:routepoint_id>82638243</swisstopo:routepoint_id>
				</extensions>
			</trkpt>
			<trkpt lat="46.2718938484" lon="8.0513386564">
				<ele>2210.1</ele>
				<time>1970-01-01T01:00:00+01:00</time>
				<extensions>
					<swisstopo:routepoint_id>1682872163</swisstopo:routepoint_id>
				</extensions>
			</trkpt>
			<trkpt lat="46.2718461373" lon="8.0513361808">
				<ele>2210.6</ele>
				<time>1970-01-01T01:00:00+01:00</time>
				<extensions>
					<swisstopo:routepoint_id>1106695515</swisstopo:routepoint_id>
				</extensions>
			</trkpt>
			<trkpt lat="46.2717931430" lon="8.0513181393">
				<ele>2210.9</ele>
				<time>1970-01-01T01:00:00+01:00</time>
				<extensions>
					<swisstopo:routepoint_id>1747116143</swisstopo:routepoint_id>
				</extensions>
			</trkpt>
			<trkpt lat="46.2717328361" lon="8.0512845092">
				<ele>2211.3</ele>
				<time>1970-01-01T01:00:00+01:00</time>
				<extensions>
					<swisstopo:routepoint_id>1239180842</swisstopo:routepoint_id>
				</extensions>
			</trkpt>
			<trkpt lat="46.2716618356" lon="8.0512391292">
				<ele>2212.0</ele>
				<time>1970-01-01T01:00:00+01:00</time>
				<extensions>
					<swisstopo:routepoint_id>2101198242</swisstopo:routepoint_id>
				</extensions>
			</trkpt>
			<trkpt lat="46.2715981677" lon="8.0512064243">
				<ele>2212.5</ele>
				<time>1970-01-01T01:00:00+01:00</time>
				<extensions>
					<swisstopo:routepoint_id>2100209469</swisstopo:routepoint_id>
				</extensions>
			</trkpt>
			<trkpt lat="46.2715203368" lon="8.0511813258">
				<ele>2213.3</ele>
				<time>1970-01-01T01:00:00+01:00</time>
				<extensions>
					<swisstopo:routepoint_id>124714157</swisstopo:routepoint_id>
				</extensions>
			</trkpt>
			<trkpt lat="46.2714458128" lon="8.0511669187">
				<ele>2214.4</ele>
				<time>1970-01-01T01:00:00+01:00</time>
				<extensions>
					<swisstopo:routepoint_id>1134159042</swisstopo:routepoint_id>
				</extensions>
			</trkpt>
			<trkpt lat="46.2713786860" lon="8.0511516195">
				<ele>2215.3</ele>
				<time>1970-01-01T01:00:00+01:00</time>
				<extensions>
					<swisstopo:routepoint_id>1315731497</swisstopo:routepoint_id>
				</extensions>
			</trkpt>
			<trkpt lat="46.2713249776" lon="8.0511413233">
				<ele>2215.9</ele>
				<time>1970-01-01T01:00:00+01:00</time>
				<extensions>
					<swisstopo:routepoint_id>1458813645</swisstopo:routepoint_id>
				</extensions>
			</trkpt>
			<trkpt lat="46.2712679738" lon="8.0511174223">
				<ele>2216.5</ele>
				<time>1970-01-01T01:00:00+01:00</time>
				<extensions>
					<swisstopo:routepoint_id>525289159</swisstopo:routepoint_id>
				</extensions>
			</trkpt>
			<trkpt lat="46.2712016704" lon="8.0510749969">
				<ele>2217.2</ele>
				<time>1970-01-01T01:00:00+01:00</time>
				<extensions>
					<swisstopo:routepoint_id>613657773</swisstopo:routepoint_id>
				</extensions>
			</trkpt>
			<trkpt lat="46.2711380934" lon="8.0510238737">
				<ele>2218.1</ele>
				<time>1970-01-01T01:00:00+01:00</time>
				<extensions>
					<swisstopo:routepoint_id>715189149</swisstopo:routepoint_id>
				</extensions>
			</trkpt>
			<trkpt lat="46.2710765324" lon="8.0509727859">
				<ele>2219.0</ele>
				<time>1970-01-01T01:00:00+01:00</time>
				<extensions>
					<swisstopo:routepoint_id>1254233692</swisstopo:routepoint_id>
				</extensions>
			</trkpt>
			<trkpt lat="46.2710397503" lon="8.0509394216">
				<ele>2219.4</ele>
				<time>1970-01-01T01:00:00+01:00</time>
				<extensions>
					<swisstopo:routepoint_id>972693621</swisstopo:routepoint_id>
				</extensions>
			</trkpt>
			<trkpt lat="46.2710056665" lon="8.0509041493">
				<ele>2219.8</ele>
				<time>1970-01-01T01:00:00+01:00</time>
				<extensions>
					<swisstopo:routepoint_id>131169395</swisstopo:routepoint_id>
				</extensions>
			</trkpt>
			<trkpt lat="46.2709763411" lon="8.0508572885">
				<ele>2220.1</ele>
				<time>1970-01-01T01:00:00+01:00</time>
				<extensions>
					<swisstopo:routepoint_id>1838728590</swisstopo:routepoint_id>
				</extensions>
			</trkpt>
			<trkpt lat="46.2709572416" lon="8.0508744925">
				<ele>2220.2</ele>
				<time>1970-01-01T01:00:00+01:00</time>
				<extensions>
					<swisstopo:routepoint_id>1282883594</swisstopo:routepoint_id>
				</extensions>
			</trkpt>
			<trkpt lat="46.2709418344" lon="8.0508685043">
				<ele>2219.8</ele>
				<time>1970-01-01T01:00:00+01:00</time>
				<extensions>
					<swisstopo:routepoint_id>495765989</swisstopo:routepoint_id>
				</extensions>
			</trkpt>
			<trkpt lat="46.2709150476" lon="8.0508565733">
				<ele>2218.8</ele>
				<time>1970-01-01T01:00:00+01:00</time>
				<extensions>
					<swisstopo:routepoint_id>1545136067</swisstopo:routepoint_id>
				</extensions>
			</trkpt>
			<trkpt lat="46.2708895952" lon="8.0508456582">
				<ele>2218.2</ele>
				<time>1970-01-01T01:00:00+01:00</time>
				<extensions>
					<swisstopo:routepoint_id>203101717</swisstopo:routepoint_id>
				</extensions>
			</trkpt>
			<trkpt lat="46.2708593951" lon="8.0508443428">
				<ele>2217.9</ele>
				<time>1970-01-01T01:00:00+01:00</time>
				<extensions>
					<swisstopo:routepoint_id>404230907</swisstopo:routepoint_id>
				</extensions>
			</trkpt>
			<trkpt lat="46.2708237499" lon="8.0508565212">
				<ele>2217.7</ele>
				<time>1970-01-01T01:00:00+01:00</time>
				<extensions>
					<swisstopo:routepoint_id>615669441</swisstopo:routepoint_id>
				</extensions>
			</trkpt>
			<trkpt lat="46.2707739227" lon="8.0508830705">
				<ele>2217.8</ele>
				<time>1970-01-01T01:00:00+01:00</time>
				<extensions>
					<swisstopo:routepoint_id>1404943177</swisstopo:routepoint_id>
				</extensions>
			</trkpt>
			<trkpt lat="46.2707294664" lon="8.0509106430">
				<ele>2218.2</ele>
				<time>1970-01-01T01:00:00+01:00</time>
				<extensions>
					<swisstopo:routepoint_id>1325491793</swisstopo:routepoint_id>
				</extensions>
			</trkpt>
			<trkpt lat="46.2706789026" lon="8.0509507389">
				<ele>2218.6</ele>
				<time>1970-01-01T01:00:00+01:00</time>
				<extensions>
					<swisstopo:routepoint_id>355814484</swisstopo:routepoint_id>
				</extensions>
			</trkpt>
			<trkpt lat="46.2706310330" lon="8.0509889141">
				<ele>2218.8</ele>
				<time>1970-01-01T01:00:00+01:00</time>
				<extensions>
					<swisstopo:routepoint_id>144317927</swisstopo:routepoint_id>
				</extensions>
			</trkpt>
			<trkpt lat="46.2705710750" lon="8.0510279414">
				<ele>2219.4</ele>
				<time>1970-01-01T01:00:00+01:00</time>
				<extensions>
					<swisstopo:routepoint_id>427178966</swisstopo:routepoint_id>
				</extensions>
			</trkpt>
			<trkpt lat="46.2705157398" lon="8.0510795875">
				<ele>2220.4</ele>
				<time>1970-01-01T01:00:00+01:00</time>
				<extensions>
					<swisstopo:routepoint_id>1678478699</swisstopo:routepoint_id>
				</extensions>
			</trkpt>
			<trkpt lat="46.2704610951" lon="8.0511302784">
				<ele>2221.4</ele>
				<time>1970-01-01T01:00:00+01:00</time>
				<extensions>
					<swisstopo:routepoint_id>215175088</swisstopo:routepoint_id>
				</extensions>
			</trkpt>
			<trkpt lat="46.2704199697" lon="8.0511608018">
				<ele>2221.9</ele>
				<time>1970-01-01T01:00:00+01:00</time>
				<extensions>
					<swisstopo:routepoint_id>483005748</swisstopo:routepoint_id>
				</extensions>
			</trkpt>
			<trkpt lat="46.2703977456" lon="8.0511750566">
				<ele>2222.4</ele>
				<time>1970-01-01T01:00:00+01:00</time>
				<extensions>
					<swisstopo:routepoint_id>443691321</swisstopo:routepoint_id>
				</extensions>
			</trkpt>
			<trkpt lat="46.2703708645" lon="8.0511805685">
				<ele>2223.0</ele>
				<time>1970-01-01T01:00:00+01:00</time>
				<extensions>
					<swisstopo:routepoint_id>1152980921</swisstopo:routepoint_id>
				</extensions>
			</trkpt>
			<trkpt lat="46.2703500392" lon="8.0511822723">
				<ele>2223.4</ele>
				<time>1970-01-01T01:00:00+01:00</time>
				<extensions>
					<swisstopo:routepoint_id>1794390322</swisstopo:routepoint_id>
				</extensions>
			</trkpt>
			<trkpt lat="46.2703198615" lon="8.0511979070">
				<ele>2224.1</ele>
				<time>1970-01-01T01:00:00+01:00</time>
				<extensions>
					<swisstopo:routepoint_id>1114466684</swisstopo:routepoint_id>
				</extensions>
			</trkpt>
			<trkpt lat="46.2702932254" lon="8.0512182055">
				<ele>2225.0</ele>
				<time>1970-01-01T01:00:00+01:00</time>
				<extensions>
					<swisstopo:routepoint_id>967039199</swisstopo:routepoint_id>
				</extensions>
			</trkpt>
			<trkpt lat="46.2702699206" lon="8.0512503101">
				<ele>2226.4</ele>
				<time>1970-01-01T01:00:00+01:00</time>
				<extensions>
					<swisstopo:routepoint_id>784477972</swisstopo:routepoint_id>
				</extensions>
			</trkpt>
			<trkpt lat="46.2702506599" lon="8.0512883637">
				<ele>2227.4</ele>
				<time>1970-01-01T01:00:00+01:00</time>
				<extensions>
					<swisstopo:routepoint_id>813384160</swisstopo:routepoint_id>
				</extensions>
			</trkpt>
			<trkpt lat="46.2702395741" lon="8.0513255085">
				<ele>2228.0</ele>
				<time>1970-01-01T01:00:00+01:00</time>
				<extensions>
					<swisstopo:routepoint_id>608869883</swisstopo:routepoint_id>
				</extensions>
			</trkpt>
			<trkpt lat="46.2702229559" lon="8.0513792877">
				<ele>2229.0</ele>
				<time>1970-01-01T01:00:00+01:00</time>
				<extensions>
					<swisstopo:routepoint_id>702073724</swisstopo:routepoint_id>
				</extensions>
			</trkpt>
			<trkpt lat="46.2702056817" lon="8.0514300950">
				<ele>2229.9</ele>
				<time>1970-01-01T01:00:00+01:00</time>
				<extensions>
					<swisstopo:routepoint_id>743624496</swisstopo:routepoint_id>
				</extensions>
			</trkpt>
			<trkpt lat="46.2701822884" lon="8.0514769189">
				<ele>2230.7</ele>
				<time>1970-01-01T01:00:00+01:00</time>
				<extensions>
					<swisstopo:routepoint_id>1418539115</swisstopo:routepoint_id>
				</extensions>
			</trkpt>
			<trkpt lat="46.2701623768" lon="8.0515110378">
				<ele>2231.3</ele>
				<time>1970-01-01T01:00:00+01:00</time>
				<extensions>
					<swisstopo:routepoint_id>1788447799</swisstopo:routepoint_id>
				</extensions>
			</trkpt>
			<trkpt lat="46.2701275160" lon="8.0515430247">
				<ele>2232.2</ele>
				<time>1970-01-01T01:00:00+01:00</time>
				<extensions>
					<swisstopo:routepoint_id>584019754</swisstopo:routepoint_id>
				</extensions>
			</trkpt>
			<trkpt lat="46.2700749480" lon="8.0515816783">
				<ele>2233.1</ele>
				<time>1970-01-01T01:00:00+01:00</time>
				<extensions>
					<swisstopo:routepoint_id>1562988750</swisstopo:routepoint_id>
				</extensions>
			</trkpt>
			<trkpt lat="46.2700358210" lon="8.0516178989">
				<ele>2233.8</ele>
				<time>1970-01-01T01:00:00+01:00</time>
				<extensions>
					<swisstopo:routepoint_id>1837293675</swisstopo:routepoint_id>
				</extensions>
			</trkpt>
			<trkpt lat="46.2700062588" lon="8.0516496540">
				<ele>2234.2</ele>
				<time>1970-01-01T01:00:00+01:00</time>
				<extensions>
					<swisstopo:routepoint_id>1782887054</swisstopo:routepoint_id>
				</extensions>
			</trkpt>
			<trkpt lat="46.2699743400" lon="8.0516744911">
				<ele>2234.6</ele>
				<time>1970-01-01T01:00:00+01:00</time>
				<extensions>
					<swisstopo:routepoint_id>293592523</swisstopo:routepoint_id>
				</extensions>
			</trkpt>
			<trkpt lat="46.2699249286" lon="8.0517037169">
				<ele>2235.3</ele>
				<time>1970-01-01T01:00:00+01:00</time>
				<extensions>
					<swisstopo:routepoint_id>1079781877</swisstopo:routepoint_id>
				</extensions>
			</trkpt>
			<trkpt lat="46.2698786635" lon="8.0517375639">
				<ele>2236.0</ele>
				<time>1970-01-01T01:00:00+01:00</time>
				<extensions>
					<swisstopo:routepoint_id>91535082</swisstopo:routepoint_id>
				</extensions>
			</trkpt>
			<trkpt lat="46.2698307427" lon="8.0517851371">
				<ele>2236.6</ele>
				<time>1970-01-01T01:00:00+01:00</time>
				<extensions>
					<swisstopo:routepoint_id>929466625</swisstopo:routepoint_id>
				</extensions>
			</trkpt>
			<trkpt lat="46.2697827988" lon="8.0518361429">
				<ele>2237.8</ele>
				<time>1970-01-01T01:00:00+01:00</time>
				<extensions>
					<swisstopo:routepoint_id>945642188</swisstopo:routepoint_id>
				</extensions>
			</trkpt>
			<trkpt lat="46.2697388423" lon="8.0518849133">
				<ele>2238.8</ele>
				<time>1970-01-01T01:00:00+01:00</time>
				<extensions>
					<swisstopo:routepoint_id>1226222762</swisstopo:routepoint_id>
				</extensions>
			</trkpt>
			<trkpt lat="46.2696917571" lon="8.0519233493">
				<ele>2240.1</ele>
				<time>1970-01-01T01:00:00+01:00</time>
				<extensions>
					<swisstopo:routepoint_id>259854957</swisstopo:routepoint_id>
				</extensions>
			</trkpt>
			<trkpt lat="46.2696462870" lon="8.0519571924">
				<ele>2241.0</ele>
				<time>1970-01-01T01:00:00+01:00</time>
				<extensions>
					<swisstopo:routepoint_id>1260625250</swisstopo:routepoint_id>
				</extensions>
			</trkpt>
			<trkpt lat="46.2696088432" lon="8.0519762409">
				<ele>2241.0</ele>
				<time>1970-01-01T01:00:00+01:00</time>
				<extensions>
					<swisstopo:routepoint_id>898312826</swisstopo:routepoint_id>
				</extensions>
			</trkpt>
			<trkpt lat="46.2695595124" lon="8.0519905823">
				<ele>2240.9</ele>
				<time>1970-01-01T01:00:00+01:00</time>
				<extensions>
					<swisstopo:routepoint_id>824819433</swisstopo:routepoint_id>
				</extensions>
			</trkpt>
			<trkpt lat="46.2695054532" lon="8.0519980041">
				<ele>2240.7</ele>
				<time>1970-01-01T01:00:00+01:00</time>
				<extensions>
					<swisstopo:routepoint_id>2076626487</swisstopo:routepoint_id>
				</extensions>
			</trkpt>
			<trkpt lat="46.2694577410" lon="8.0520054723">
				<ele>2240.7</ele>
				<time>1970-01-01T01:00:00+01:00</time>
				<extensions>
					<swisstopo:routepoint_id>2091656866</swisstopo:routepoint_id>
				</extensions>
			</trkpt>
			<trkpt lat="46.2694275036" lon="8.0520142903">
				<ele>2240.7</ele>
				<time>1970-01-01T01:00:00+01:00</time>
				<extensions>
					<swisstopo:routepoint_id>1234787378</swisstopo:routepoint_id>
				</extensions>
			</trkpt>
			<trkpt lat="46.2693947444" lon="8.0520483017">
				<ele>2240.8</ele>
				<time>1970-01-01T01:00:00+01:00</time>
				<extensions>
					<swisstopo:routepoint_id>1209677814</swisstopo:routepoint_id>
				</extensions>
			</trkpt>
			<trkpt lat="46.2693563980" lon="8.0520879634">
				<ele>2241.4</ele>
				<time>1970-01-01T01:00:00+01:00</time>
				<extensions>
					<swisstopo:routepoint_id>836099074</swisstopo:routepoint_id>
				</extensions>
			</trkpt>
			<trkpt lat="46.2693164884" lon="8.0521218814">
				<ele>2242.0</ele>
				<time>1970-01-01T01:00:00+01:00</time>
				<extensions>
					<swisstopo:routepoint_id>1476708285</swisstopo:routepoint_id>
				</extensions>
			</trkpt>
			<trkpt lat="46.2692734031" lon="8.0521557636">
				<ele>2243.0</ele>
				<time>1970-01-01T01:00:00+01:00</time>
				<extensions>
					<swisstopo:routepoint_id>185941722</swisstopo:routepoint_id>
				</extensions>
			</trkpt>
			<trkpt lat="46.2692336016" lon="8.0521713522">
				<ele>2243.9</ele>
				<time>1970-01-01T01:00:00+01:00</time>
				<extensions>
					<swisstopo:routepoint_id>1009912350</swisstopo:routepoint_id>
				</extensions>
			</trkpt>
			<trkpt lat="46.2692112493" lon="8.0521905707">
				<ele>2244.3</ele>
				<time>1970-01-01T01:00:00+01:00</time>
				<extensions>
					<swisstopo:routepoint_id>301082524</swisstopo:routepoint_id>
				</extensions>
			</trkpt>
			<trkpt lat="46.2692000083" lon="8.0522133602">
				<ele>2244.6</ele>
				<time>1970-01-01T01:00:00+01:00</time>
				<extensions>
					<swisstopo:routepoint_id>358169316</swisstopo:routepoint_id>
				</extensions>
			</trkpt>
			<trkpt lat="46.2691688036" lon="8.0522531147">
				<ele>2245.2</ele>
				<time>1970-01-01T01:00:00+01:00</time>
				<extensions>
					<swisstopo:routepoint_id>82404247</swisstopo:routepoint_id>
				</extensions>
			</trkpt>
			<trkpt lat="46.2691511220" lon="8.0522907162">
				<ele>2245.8</ele>
				<time>1970-01-01T01:00:00+01:00</time>
				<extensions>
					<swisstopo:routepoint_id>69759664</swisstopo:routepoint_id>
				</extensions>
			</trkpt>
			<trkpt lat="46.2691372988" lon="8.0523489846">
				<ele>2246.5</ele>
				<time>1970-01-01T01:00:00+01:00</time>
				<extensions>
					<swisstopo:routepoint_id>1337814416</swisstopo:routepoint_id>
				</extensions>
			</trkpt>
			<trkpt lat="46.2691322225" lon="8.0524062116">
				<ele>2247.2</ele>
				<time>1970-01-01T01:00:00+01:00</time>
				<extensions>
					<swisstopo:routepoint_id>1061109573</swisstopo:routepoint_id>
				</extensions>
			</trkpt>
			<trkpt lat="46.2691216417" lon="8.0524530394">
				<ele>2247.8</ele>
				<time>1970-01-01T01:00:00+01:00</time>
				<extensions>
					<swisstopo:routepoint_id>159604742</swisstopo:routepoint_id>
				</extensions>
			</trkpt>
			<trkpt lat="46.2691063529" lon="8.0524883875">
				<ele>2248.4</ele>
				<time>1970-01-01T01:00:00+01:00</time>
				<extensions>
					<swisstopo:routepoint_id>2003034012</swisstopo:routepoint_id>
				</extensions>
			</trkpt>
			<trkpt lat="46.2690879737" lon="8.0525088035">
				<ele>2248.9</ele>
				<time>1970-01-01T01:00:00+01:00</time>
				<extensions>
					<swisstopo:routepoint_id>2098637772</swisstopo:routepoint_id>
				</extensions>
			</trkpt>
			<trkpt lat="46.2690742295" lon="8.0525533279">
				<ele>2249.4</ele>
				<time>1970-01-01T01:00:00+01:00</time>
				<extensions>
					<swisstopo:routepoint_id>948616348</swisstopo:routepoint_id>
				</extensions>
			</trkpt>
			<trkpt lat="46.2690494300" lon="8.0525839703">
				<ele>2250.0</ele>
				<time>1970-01-01T01:00:00+01:00</time>
				<extensions>
					<swisstopo:routepoint_id>1269396227</swisstopo:routepoint_id>
				</extensions>
			</trkpt>
			<trkpt lat="46.2690166377" lon="8.0526248594">
				<ele>2250.7</ele>
				<time>1970-01-01T01:00:00+01:00</time>
				<extensions>
					<swisstopo:routepoint_id>757511798</swisstopo:routepoint_id>
				</extensions>
			</trkpt>
			<trkpt lat="46.2689901887" lon="8.0526680877">
				<ele>2251.3</ele>
				<time>1970-01-01T01:00:00+01:00</time>
				<extensions>
					<swisstopo:routepoint_id>1691351972</swisstopo:routepoint_id>
				</extensions>
			</trkpt>
			<trkpt lat="46.2689684777" lon="8.0527148150">
				<ele>2251.9</ele>
				<time>1970-01-01T01:00:00+01:00</time>
				<extensions>
					<swisstopo:routepoint_id>1511609545</swisstopo:routepoint_id>
				</extensions>
			</trkpt>
			<trkpt lat="46.2689390645" lon="8.0527190561">
				<ele>2252.4</ele>
				<time>1970-01-01T01:00:00+01:00</time>
				<extensions>
					<swisstopo:routepoint_id>134139689</swisstopo:routepoint_id>
				</extensions>
			</trkpt>
			<trkpt lat="46.2689159943" lon="8.0527256742">
				<ele>2253.0</ele>
				<time>1970-01-01T01:00:00+01:00</time>
				<extensions>
					<swisstopo:routepoint_id>1012795968</swisstopo:routepoint_id>
				</extensions>
			</trkpt>
			<trkpt lat="46.2688866283" lon="8.0527196169">
				<ele>2253.8</ele>
				<time>1970-01-01T01:00:00+01:00</time>
				<extensions>
					<swisstopo:routepoint_id>669611668</swisstopo:routepoint_id>
				</extensions>
			</trkpt>
			<trkpt lat="46.2688477604" lon="8.0527088538">
				<ele>2254.6</ele>
				<time>1970-01-01T01:00:00+01:00</time>
				<extensions>
					<swisstopo:routepoint_id>1832500585</swisstopo:routepoint_id>
				</extensions>
			</trkpt>
			<trkpt lat="46.2688184005" lon="8.0527016565">
				<ele>2255.3</ele>
				<time>1970-01-01T01:00:00+01:00</time>
				<extensions>
					<swisstopo:routepoint_id>327909935</swisstopo:routepoint_id>
				</extensions>
			</trkpt>
			<trkpt lat="46.2687731228" lon="8.0527000053">
				<ele>2256.3</ele>
				<time>1970-01-01T01:00:00+01:00</time>
				<extensions>
					<swisstopo:routepoint_id>1582519172</swisstopo:routepoint_id>
				</extensions>
			</trkpt>
			<trkpt lat="46.2687334474" lon="8.0526915386">
				<ele>2257.1</ele>
				<time>1970-01-01T01:00:00+01:00</time>
				<extensions>
					<swisstopo:routepoint_id>1331482411</swisstopo:routepoint_id>
				</extensions>
			</trkpt>
			<trkpt lat="46.2686818808" lon="8.0526783521">
				<ele>2257.9</ele>
				<time>1970-01-01T01:00:00+01:00</time>
				<extensions>
					<swisstopo:routepoint_id>954139608</swisstopo:routepoint_id>
				</extensions>
			</trkpt>
			<trkpt lat="46.2686478388" lon="8.0526573447">
				<ele>2258.4</ele>
				<time>1970-01-01T01:00:00+01:00</time>
				<extensions>
					<swisstopo:routepoint_id>1737515703</swisstopo:routepoint_id>
				</extensions>
			</trkpt>
			<trkpt lat="46.2686256980" lon="8.0526376117">
				<ele>2258.8</ele>
				<time>1970-01-01T01:00:00+01:00</time>
				<extensions>
					<swisstopo:routepoint_id>866948672</swisstopo:routepoint_id>
				</extensions>
			</trkpt>
			<trkpt lat="46.2686075363" lon="8.0526179364">
				<ele>2259.4</ele>
				<time>1970-01-01T01:00:00+01:00</time>
				<extensions>
					<swisstopo:routepoint_id>1255557792</swisstopo:routepoint_id>
				</extensions>
			</trkpt>
			<trkpt lat="46.2685806255" lon="8.0525981623">
				<ele>2260.1</ele>
				<time>1970-01-01T01:00:00+01:00</time>
				<extensions>
					<swisstopo:routepoint_id>1905562741</swisstopo:routepoint_id>
				</extensions>
			</trkpt>
			<trkpt lat="46.2685727963" lon="8.0525774509">
				<ele>2260.6</ele>
				<time>1970-01-01T01:00:00+01:00</time>
				<extensions>
					<swisstopo:routepoint_id>1023736092</swisstopo:routepoint_id>
				</extensions>
			</trkpt>
			<trkpt lat="46.2685554377" lon="8.0525554917">
				<ele>2261.1</ele>
				<time>1970-01-01T01:00:00+01:00</time>
				<extensions>
					<swisstopo:routepoint_id>1973670372</swisstopo:routepoint_id>
				</extensions>
			</trkpt>
			<trkpt lat="46.2685428695" lon="8.0525290010">
				<ele>2261.6</ele>
				<time>1970-01-01T01:00:00+01:00</time>
				<extensions>
					<swisstopo:routepoint_id>1175625761</swisstopo:routepoint_id>
				</extensions>
			</trkpt>
			<trkpt lat="46.2685358558" lon="8.0525037130">
				<ele>2262.0</ele>
				<time>1970-01-01T01:00:00+01:00</time>
				<extensions>
					<swisstopo:routepoint_id>1975256053</swisstopo:routepoint_id>
				</extensions>
			</trkpt>
			<trkpt lat="46.2685288047" lon="8.0524853159">
				<ele>2262.4</ele>
				<time>1970-01-01T01:00:00+01:00</time>
				<extensions>
					<swisstopo:routepoint_id>927508102</swisstopo:routepoint_id>
				</extensions>
			</trkpt>
			<trkpt lat="46.2685113858" lon="8.0524736550">
				<ele>2263.1</ele>
				<time>1970-01-01T01:00:00+01:00</time>
				<extensions>
					<swisstopo:routepoint_id>231322859</swisstopo:routepoint_id>
				</extensions>
			</trkpt>
			<trkpt lat="46.2684923590" lon="8.0524677145">
				<ele>2263.6</ele>
				<time>1970-01-01T01:00:00+01:00</time>
				<extensions>
					<swisstopo:routepoint_id>1167838548</swisstopo:routepoint_id>
				</extensions>
			</trkpt>
			<trkpt lat="46.2684701870" lon="8.0524537198">
				<ele>2264.1</ele>
				<time>1970-01-01T01:00:00+01:00</time>
				<extensions>
					<swisstopo:routepoint_id>1168778322</swisstopo:routepoint_id>
				</extensions>
			</trkpt>
			<trkpt lat="46.2684354281" lon="8.0524166799">
				<ele>2264.8</ele>
				<time>1970-01-01T01:00:00+01:00</time>
				<extensions>
					<swisstopo:routepoint_id>2057638570</swisstopo:routepoint_id>
				</extensions>
			</trkpt>
			<trkpt lat="46.2684109874" lon="8.0523820240">
				<ele>2265.4</ele>
				<time>1970-01-01T01:00:00+01:00</time>
				<extensions>
					<swisstopo:routepoint_id>1482264051</swisstopo:routepoint_id>
				</extensions>
			</trkpt>
			<trkpt lat="46.2683959535" lon="8.0523704027">
				<ele>2265.8</ele>
				<time>1970-01-01T01:00:00+01:00</time>
				<extensions>
					<swisstopo:routepoint_id>1109955448</swisstopo:routepoint_id>
				</extensions>
			</trkpt>
			<trkpt lat="46.2683793570" lon="8.0523553182">
				<ele>2266.2</ele>
				<time>1970-01-01T01:00:00+01:00</time>
				<extensions>
					<swisstopo:routepoint_id>1358472042</swisstopo:routepoint_id>
				</extensions>
			</trkpt>
			<trkpt lat="46.2683643586" lon="8.0523379589">
				<ele>2266.6</ele>
				<time>1970-01-01T01:00:00+01:00</time>
				<extensions>
					<swisstopo:routepoint_id>733637785</swisstopo:routepoint_id>
				</extensions>
			</trkpt>
			<trkpt lat="46.2683461926" lon="8.0523182837">
				<ele>2267.2</ele>
				<time>1970-01-01T01:00:00+01:00</time>
				<extensions>
					<swisstopo:routepoint_id>1341125974</swisstopo:routepoint_id>
				</extensions>
			</trkpt>
			<trkpt lat="46.2683169241" lon="8.0522950503">
				<ele>2268.1</ele>
				<time>1970-01-01T01:00:00+01:00</time>
				<extensions>
					<swisstopo:routepoint_id>1404748024</swisstopo:routepoint_id>
				</extensions>
			</trkpt>
			<trkpt lat="46.2682884879" lon="8.0522649351">
				<ele>2268.7</ele>
				<time>1970-01-01T01:00:00+01:00</time>
				<extensions>
					<swisstopo:routepoint_id>1905270330</swisstopo:routepoint_id>
				</extensions>
			</trkpt>
			<trkpt lat="46.2682480734" lon="8.0522461491">
				<ele>2269.5</ele>
				<time>1970-01-01T01:00:00+01:00</time>
				<extensions>
					<swisstopo:routepoint_id>623372109</swisstopo:routepoint_id>
				</extensions>
			</trkpt>
			<trkpt lat="46.2682163472" lon="8.0522354924">
				<ele>2270.2</ele>
				<time>1970-01-01T01:00:00+01:00</time>
				<extensions>
					<swisstopo:routepoint_id>678556004</swisstopo:routepoint_id>
				</extensions>
			</trkpt>
			<trkpt lat="46.2681989823" lon="8.0522146736">
				<ele>2270.6</ele>
				<time>1970-01-01T01:00:00+01:00</time>
				<extensions>
					<swisstopo:routepoint_id>841997877</swisstopo:routepoint_id>
				</extensions>
			</trkpt>
			<trkpt lat="46.2681791729" lon="8.0522064315">
				<ele>2270.9</ele>
				<time>1970-01-01T01:00:00+01:00</time>
				<extensions>
					<swisstopo:routepoint_id>449122751</swisstopo:routepoint_id>
				</extensions>
			</trkpt>
			<trkpt lat="46.2681537446" lon="8.0522072848">
				<ele>2271.5</ele>
				<time>1970-01-01T01:00:00+01:00</time>
				<extensions>
					<swisstopo:routepoint_id>684886032</swisstopo:routepoint_id>
				</extensions>
			</trkpt>
			<trkpt lat="46.2681259479" lon="8.0522058312">
				<ele>2272.1</ele>
				<time>1970-01-01T01:00:00+01:00</time>
				<extensions>
					<swisstopo:routepoint_id>1234576144</swisstopo:routepoint_id>
				</extensions>
			</trkpt>
			<trkpt lat="46.2681037572" lon="8.0521952694">
				<ele>2272.6</ele>
				<time>1970-01-01T01:00:00+01:00</time>
				<extensions>
					<swisstopo:routepoint_id>501018174</swisstopo:routepoint_id>
				</extensions>
			</trkpt>
			<trkpt lat="46.2680727353" lon="8.0522029382">
				<ele>2273.3</ele>
				<time>1970-01-01T01:00:00+01:00</time>
				<extensions>
					<swisstopo:routepoint_id>1521253975</swisstopo:routepoint_id>
				</extensions>
			</trkpt>
			<trkpt lat="46.2680449388" lon="8.0522014846">
				<ele>2273.9</ele>
				<time>1970-01-01T01:00:00+01:00</time>
				<extensions>
					<swisstopo:routepoint_id>1992487117</swisstopo:routepoint_id>
				</extensions>
			</trkpt>
			<trkpt lat="46.2680251766" lon="8.0521829316">
				<ele>2274.4</ele>
				<time>1970-01-01T01:00:00+01:00</time>
				<extensions>
					<swisstopo:routepoint_id>464533739</swisstopo:routepoint_id>
				</extensions>
			</trkpt>
			<trkpt lat="46.2680093930" lon="8.0521621180">
				<ele>2274.7</ele>
				<time>1970-01-01T01:00:00+01:00</time>
				<extensions>
					<swisstopo:routepoint_id>1846065463</swisstopo:routepoint_id>
				</extensions>
			</trkpt>
			<trkpt lat="46.2679752266" lon="8.0521640382">
				<ele>2275.5</ele>
				<time>1970-01-01T01:00:00+01:00</time>
				<extensions>
					<swisstopo:routepoint_id>1979436610</swisstopo:routepoint_id>
				</extensions>
			</trkpt>
			<trkpt lat="46.2679442376" lon="8.0521648288">
				<ele>2276.4</ele>
				<time>1970-01-01T01:00:00+01:00</time>
				<extensions>
					<swisstopo:routepoint_id>1990696228</swisstopo:routepoint_id>
				</extensions>
			</trkpt>
			<trkpt lat="46.2679196166" lon="8.0521634110">
				<ele>2276.9</ele>
				<time>1970-01-01T01:00:00+01:00</time>
				<extensions>
					<swisstopo:routepoint_id>1429371068</swisstopo:routepoint_id>
				</extensions>
			</trkpt>
			<trkpt lat="46.2678966974" lon="8.0521413769">
				<ele>2277.7</ele>
				<time>1970-01-01T01:00:00+01:00</time>
				<extensions>
					<swisstopo:routepoint_id>729936980</swisstopo:routepoint_id>
				</extensions>
			</trkpt>
			<trkpt lat="46.2678657004" lon="8.0521444729">
				<ele>2278.4</ele>
				<time>1970-01-01T01:00:00+01:00</time>
				<extensions>
					<swisstopo:routepoint_id>1195963687</swisstopo:routepoint_id>
				</extensions>
			</trkpt>
			<trkpt lat="46.2678307117" lon="8.0521497914">
				<ele>2279.6</ele>
				<time>1970-01-01T01:00:00+01:00</time>
				<extensions>
					<swisstopo:routepoint_id>1046162269</swisstopo:routepoint_id>
				</extensions>
			</trkpt>
			<trkpt lat="46.2678108501" lon="8.0521495674">
				<ele>2280.1</ele>
				<time>1970-01-01T01:00:00+01:00</time>
				<extensions>
					<swisstopo:routepoint_id>944302901</swisstopo:routepoint_id>
				</extensions>
			</trkpt>
			<trkpt lat="46.2677831528" lon="8.0521297849">
				<ele>2280.6</ele>
				<time>1970-01-01T01:00:00+01:00</time>
				<extensions>
					<swisstopo:routepoint_id>807417505</swisstopo:routepoint_id>
				</extensions>
			</trkpt>
			<trkpt lat="46.2677609808" lon="8.0521157906">
				<ele>2280.9</ele>
				<time>1970-01-01T01:00:00+01:00</time>
				<extensions>
					<swisstopo:routepoint_id>1906213428</swisstopo:routepoint_id>
				</extensions>
			</trkpt>
			<trkpt lat="46.2677284266" lon="8.0521119906">
				<ele>2281.4</ele>
				<time>1970-01-01T01:00:00+01:00</time>
				<extensions>
					<swisstopo:routepoint_id>321167937</swisstopo:routepoint_id>
				</extensions>
			</trkpt>
			<trkpt lat="46.2676982325" lon="8.0521128028">
				<ele>2282.2</ele>
				<time>1970-01-01T01:00:00+01:00</time>
				<extensions>
					<swisstopo:routepoint_id>1833058145</swisstopo:routepoint_id>
				</extensions>
			</trkpt>
			<trkpt lat="46.2676616254" lon="8.0521249815">
				<ele>2282.8</ele>
				<time>1970-01-01T01:00:00+01:00</time>
				<extensions>
					<swisstopo:routepoint_id>58822874</swisstopo:routepoint_id>
				</extensions>
			</trkpt>
			<trkpt lat="46.2676025727" lon="8.0521735795">
				<ele>2284.0</ele>
				<time>1970-01-01T01:00:00+01:00</time>
				<extensions>
					<swisstopo:routepoint_id>699166528</swisstopo:routepoint_id>
				</extensions>
			</trkpt>
			<trkpt lat="46.2675674577" lon="8.0522029649">
				<ele>2284.7</ele>
				<time>1970-01-01T01:00:00+01:00</time>
				<extensions>
					<swisstopo:routepoint_id>748626266</swisstopo:routepoint_id>
				</extensions>
			</trkpt>
			<trkpt lat="46.2675506182" lon="8.0522302635">
				<ele>2285.0</ele>
				<time>1970-01-01T01:00:00+01:00</time>
				<extensions>
					<swisstopo:routepoint_id>1916313122</swisstopo:routepoint_id>
				</extensions>
			</trkpt>
			<trkpt lat="46.2675282356" lon="8.0522575122">
				<ele>2285.6</ele>
				<time>1970-01-01T01:00:00+01:00</time>
				<extensions>
					<swisstopo:routepoint_id>2101207666</swisstopo:routepoint_id>
				</extensions>
			</trkpt>
			<trkpt lat="46.2674914374" lon="8.0523040683">
				<ele>2286.4</ele>
				<time>1970-01-01T01:00:00+01:00</time>
				<extensions>
					<swisstopo:routepoint_id>975851103</swisstopo:routepoint_id>
				</extensions>
			</trkpt>
			<trkpt lat="46.2674778177" lon="8.0523256774">
				<ele>2286.7</ele>
				<time>1970-01-01T01:00:00+01:00</time>
				<extensions>
					<swisstopo:routepoint_id>717753865</swisstopo:routepoint_id>
				</extensions>
			</trkpt>
			<trkpt lat="46.2674728302" lon="8.0523657137">
				<ele>2287.2</ele>
				<time>1970-01-01T01:00:00+01:00</time>
				<extensions>
					<swisstopo:routepoint_id>726192020</swisstopo:routepoint_id>
				</extensions>
			</trkpt>
			<trkpt lat="46.2674724883" lon="8.0524287181">
				<ele>2288.3</ele>
				<time>1970-01-01T01:00:00+01:00</time>
				<extensions>
					<swisstopo:routepoint_id>1063272453</swisstopo:routepoint_id>
				</extensions>
			</trkpt>
			<trkpt lat="46.2674713807" lon="8.0524871281">
				<ele>2289.6</ele>
				<time>1970-01-01T01:00:00+01:00</time>
				<extensions>
					<swisstopo:routepoint_id>174249357</swisstopo:routepoint_id>
				</extensions>
			</trkpt>
			<trkpt lat="46.2674616109" lon="8.0525293906">
				<ele>2290.4</ele>
				<time>1970-01-01T01:00:00+01:00</time>
				<extensions>
					<swisstopo:routepoint_id>2141153619</swisstopo:routepoint_id>
				</extensions>
			</trkpt>
			<trkpt lat="46.2674407410" lon="8.0525692604">
				<ele>2291.4</ele>
				<time>1970-01-01T01:00:00+01:00</time>
				<extensions>
					<swisstopo:routepoint_id>1754905380</swisstopo:routepoint_id>
				</extensions>
			</trkpt>
			<trkpt lat="46.2674198835" lon="8.0526068374">
				<ele>2292.4</ele>
				<time>1970-01-01T01:00:00+01:00</time>
				<extensions>
					<swisstopo:routepoint_id>2095588225</swisstopo:routepoint_id>
				</extensions>
			</trkpt>
			<trkpt lat="46.2674118119" lon="8.0526307892">
				<ele>2292.6</ele>
				<time>1970-01-01T01:00:00+01:00</time>
				<extensions>
					<swisstopo:routepoint_id>1311115705</swisstopo:routepoint_id>
				</extensions>
			</trkpt>
			<trkpt lat="46.2673981273" lon="8.0526627089">
				<ele>2293.1</ele>
				<time>1970-01-01T01:00:00+01:00</time>
				<extensions>
					<swisstopo:routepoint_id>1389572675</swisstopo:routepoint_id>
				</extensions>
			</trkpt>
			<trkpt lat="46.2673733215" lon="8.0526945156">
				<ele>2293.7</ele>
				<time>1970-01-01T01:00:00+01:00</time>
				<extensions>
					<swisstopo:routepoint_id>36484435</swisstopo:routepoint_id>
				</extensions>
			</trkpt>
			<trkpt lat="46.2673389810" lon="8.0527284821">
				<ele>2294.6</ele>
				<time>1970-01-01T01:00:00+01:00</time>
				<extensions>
					<swisstopo:routepoint_id>1822672160</swisstopo:routepoint_id>
				</extensions>
			</trkpt>
			<trkpt lat="46.2673054310" lon="8.0527624829">
				<ele>2295.6</ele>
				<time>1970-01-01T01:00:00+01:00</time>
				<extensions>
					<swisstopo:routepoint_id>13050507</swisstopo:routepoint_id>
				</extensions>
			</trkpt>
			<trkpt lat="46.2672806689" lon="8.0527862462">
				<ele>2296.3</ele>
				<time>1970-01-01T01:00:00+01:00</time>
				<extensions>
					<swisstopo:routepoint_id>621321159</swisstopo:routepoint_id>
				</extensions>
			</trkpt>
			<trkpt lat="46.2672804450" lon="8.0528275015">
				<ele>2296.8</ele>
				<time>1970-01-01T01:00:00+01:00</time>
				<extensions>
					<swisstopo:routepoint_id>416694395</swisstopo:routepoint_id>
				</extensions>
			</trkpt>
			<trkpt lat="46.2672761349" lon="8.0528915882">
				<ele>2297.6</ele>
				<time>1970-01-01T01:00:00+01:00</time>
				<extensions>
					<swisstopo:routepoint_id>1249499630</swisstopo:routepoint_id>
				</extensions>
			</trkpt>
			<trkpt lat="46.2672726226" lon="8.0529511236">
				<ele>2298.7</ele>
				<time>1970-01-01T01:00:00+01:00</time>
				<extensions>
					<swisstopo:routepoint_id>794732541</swisstopo:routepoint_id>
				</extensions>
			</trkpt>
			<trkpt lat="46.2672620271" lon="8.0530014078">
				<ele>2299.7</ele>
				<time>1970-01-01T01:00:00+01:00</time>
				<extensions>
					<swisstopo:routepoint_id>383208799</swisstopo:routepoint_id>
				</extensions>
			</trkpt>
			<trkpt lat="46.2672545344" lon="8.0530643311">
				<ele>2300.7</ele>
				<time>1970-01-01T01:00:00+01:00</time>
				<extensions>
					<swisstopo:routepoint_id>1933117726</swisstopo:routepoint_id>
				</extensions>
			</trkpt>
			<trkpt lat="46.2672504269" lon="8.0530894803">
				<ele>2301.1</ele>
				<time>1970-01-01T01:00:00+01:00</time>
				<extensions>
					<swisstopo:routepoint_id>388546182</swisstopo:routepoint_id>
				</extensions>
			</trkpt>
			<trkpt lat="46.2672352045" lon="8.0531133764">
				<ele>2301.6</ele>
				<time>1970-01-01T01:00:00+01:00</time>
				<extensions>
					<swisstopo:routepoint_id>1287432489</swisstopo:routepoint_id>
				</extensions>
			</trkpt>
			<trkpt lat="46.2672231160" lon="8.0531441738">
				<ele>2302.3</ele>
				<time>1970-01-01T01:00:00+01:00</time>
				<extensions>
					<swisstopo:routepoint_id>623134964</swisstopo:routepoint_id>
				</extensions>
			</trkpt>
			<trkpt lat="46.2672102617" lon="8.0531703768">
				<ele>2302.7</ele>
				<time>1970-01-01T01:00:00+01:00</time>
				<extensions>
					<swisstopo:routepoint_id>1121843008</swisstopo:routepoint_id>
				</extensions>
			</trkpt>
			<trkpt lat="46.2671791048" lon="8.0532020862">
				<ele>2303.2</ele>
				<time>1970-01-01T01:00:00+01:00</time>
				<extensions>
					<swisstopo:routepoint_id>1847390554</swisstopo:routepoint_id>
				</extensions>
			</trkpt>
			<trkpt lat="46.2671463080" lon="8.0532429607">
				<ele>2303.8</ele>
				<time>1970-01-01T01:00:00+01:00</time>
				<extensions>
					<swisstopo:routepoint_id>1769485056</swisstopo:routepoint_id>
				</extensions>
			</trkpt>
			<trkpt lat="46.2671175092" lon="8.0532804350">
				<ele>2304.4</ele>
				<time>1970-01-01T01:00:00+01:00</time>
				<extensions>
					<swisstopo:routepoint_id>1084431878</swisstopo:routepoint_id>
				</extensions>
			</trkpt>
			<trkpt lat="46.2670974484" lon="8.0533168679">
				<ele>2305.0</ele>
				<time>1970-01-01T01:00:00+01:00</time>
				<extensions>
					<swisstopo:routepoint_id>289993400</swisstopo:routepoint_id>
				</extensions>
			</trkpt>
			<trkpt lat="46.2670734605" lon="8.0533452378">
				<ele>2305.7</ele>
				<time>1970-01-01T01:00:00+01:00</time>
				<extensions>
					<swisstopo:routepoint_id>745442510</swisstopo:routepoint_id>
				</extensions>
			</trkpt>
			<trkpt lat="46.2670454933" lon="8.0533735628">
				<ele>2306.3</ele>
				<time>1970-01-01T01:00:00+01:00</time>
				<extensions>
					<swisstopo:routepoint_id>1920258811</swisstopo:routepoint_id>
				</extensions>
			</trkpt>
			<trkpt lat="46.2670119369" lon="8.0534087030">
				<ele>2306.9</ele>
				<time>1970-01-01T01:00:00+01:00</time>
				<extensions>
					<swisstopo:routepoint_id>1198559256</swisstopo:routepoint_id>
				</extensions>
			</trkpt>
			<trkpt lat="46.2669910606" lon="8.0534496994">
				<ele>2307.2</ele>
				<time>1970-01-01T01:00:00+01:00</time>
				<extensions>
					<swisstopo:routepoint_id>1375015646</swisstopo:routepoint_id>
				</extensions>
			</trkpt>
			<trkpt lat="46.2669678036" lon="8.0534906689">
				<ele>2307.5</ele>
				<time>1970-01-01T01:00:00+01:00</time>
				<extensions>
					<swisstopo:routepoint_id>2060062298</swisstopo:routepoint_id>
				</extensions>
			</trkpt>
			<trkpt lat="46.2669492579" lon="8.0535408754">
				<ele>2307.5</ele>
				<time>1970-01-01T01:00:00+01:00</time>
				<extensions>
					<swisstopo:routepoint_id>543504508</swisstopo:routepoint_id>
				</extensions>
			</trkpt>
			<trkpt lat="46.2669371569" lon="8.0535739525">
				<ele>2307.4</ele>
				<time>1970-01-01T01:00:00+01:00</time>
				<extensions>
					<swisstopo:routepoint_id>732522048</swisstopo:routepoint_id>
				</extensions>
			</trkpt>
			<trkpt lat="46.2669242154" lon="8.0536161913">
				<ele>2307.2</ele>
				<time>1970-01-01T01:00:00+01:00</time>
				<extensions>
					<swisstopo:routepoint_id>1455850720</swisstopo:routepoint_id>
				</extensions>
			</trkpt>
			<trkpt lat="46.2669240472" lon="8.0536471231">
				<ele>2307.1</ele>
				<time>1970-01-01T01:00:00+01:00</time>
				<extensions>
					<swisstopo:routepoint_id>226144780</swisstopo:routepoint_id>
				</extensions>
			</trkpt>
			<trkpt lat="46.2669206829" lon="8.0536825918">
				<ele>2306.8</ele>
				<time>1970-01-01T01:00:00+01:00</time>
				<extensions>
					<swisstopo:routepoint_id>830037914</swisstopo:routepoint_id>
				</extensions>
			</trkpt>
			<trkpt lat="46.2669196370" lon="8.0537295505">
				<ele>2306.5</ele>
				<time>1970-01-01T01:00:00+01:00</time>
				<extensions>
					<swisstopo:routepoint_id>365332705</swisstopo:routepoint_id>
				</extensions>
			</trkpt>
			<trkpt lat="46.2669177891" lon="8.0537753475">
				<ele>2306.1</ele>
				<time>1970-01-01T01:00:00+01:00</time>
				<extensions>
					<swisstopo:routepoint_id>2059103790</swisstopo:routepoint_id>
				</extensions>
			</trkpt>
			<trkpt lat="46.2669088741" lon="8.0538073205">
				<ele>2305.8</ele>
				<time>1970-01-01T01:00:00+01:00</time>
				<extensions>
					<swisstopo:routepoint_id>1635927193</swisstopo:routepoint_id>
				</extensions>
			</trkpt>
			<trkpt lat="46.2668903469" lon="8.0538540817">
				<ele>2305.6</ele>
				<time>1970-01-01T01:00:00+01:00</time>
				<extensions>
					<swisstopo:routepoint_id>1376522168</swisstopo:routepoint_id>
				</extensions>
			</trkpt>
			<trkpt lat="46.2668765898" lon="8.0539008966">
				<ele>2305.9</ele>
				<time>1970-01-01T01:00:00+01:00</time>
				<extensions>
					<swisstopo:routepoint_id>1562646924</swisstopo:routepoint_id>
				</extensions>
			</trkpt>
			<trkpt lat="46.2668723700" lon="8.0539466668">
				<ele>2306.5</ele>
				<time>1970-01-01T01:00:00+01:00</time>
				<extensions>
					<swisstopo:routepoint_id>1405977765</swisstopo:routepoint_id>
				</extensions>
			</trkpt>
			<trkpt lat="46.2668840412" lon="8.0539926293">
				<ele>2307.2</ele>
				<time>1970-01-01T01:00:00+01:00</time>
				<extensions>
					<swisstopo:routepoint_id>911034525</swisstopo:routepoint_id>
				</extensions>
			</trkpt>
			<trkpt lat="46.2668862785" lon="8.0540190028">
				<ele>2307.6</ele>
				<time>1970-01-01T01:00:00+01:00</time>
				<extensions>
					<swisstopo:routepoint_id>1974072266</swisstopo:routepoint_id>
				</extensions>
			</trkpt>
			<trkpt lat="46.2668749206" lon="8.0540623993">
				<ele>2308.8</ele>
				<time>1970-01-01T01:00:00+01:00</time>
				<extensions>
					<swisstopo:routepoint_id>33485596</swisstopo:routepoint_id>
				</extensions>
			</trkpt>
			<trkpt lat="46.2668539977" lon="8.0541102732">
				<ele>2309.7</ele>
				<time>1970-01-01T01:00:00+01:00</time>
				<extensions>
					<swisstopo:routepoint_id>1463865551</swisstopo:routepoint_id>
				</extensions>
			</trkpt>
			<trkpt lat="46.2668451164" lon="8.0541376736">
				<ele>2309.6</ele>
				<time>1970-01-01T01:00:00+01:00</time>
				<extensions>
					<swisstopo:routepoint_id>406186359</swisstopo:routepoint_id>
				</extensions>
			</trkpt>
			<trkpt lat="46.2668233494" lon="8.0541969893">
				<ele>2309.7</ele>
				<time>1970-01-01T01:00:00+01:00</time>
				<extensions>
					<swisstopo:routepoint_id>1243259957</swisstopo:routepoint_id>
				</extensions>
			</trkpt>
			<trkpt lat="46.2668063909" lon="8.0542460480">
				<ele>2309.8</ele>
				<time>1970-01-01T01:00:00+01:00</time>
				<extensions>
					<swisstopo:routepoint_id>1309982762</swisstopo:routepoint_id>
				</extensions>
			</trkpt>
			<trkpt lat="46.2668021934" lon="8.0542860927">
				<ele>2310.0</ele>
				<time>1970-01-01T01:00:00+01:00</time>
				<extensions>
					<swisstopo:routepoint_id>1414186822</swisstopo:routepoint_id>
				</extensions>
			</trkpt>
			<trkpt lat="46.2667940777" lon="8.0543180872">
				<ele>2310.3</ele>
				<time>1970-01-01T01:00:00+01:00</time>
				<extensions>
					<swisstopo:routepoint_id>1587525583</swisstopo:routepoint_id>
				</extensions>
			</trkpt>
			<trkpt lat="46.2667747348" lon="8.0543694117">
				<ele>2310.9</ele>
				<time>1970-01-01T01:00:00+01:00</time>
				<extensions>
					<swisstopo:routepoint_id>1001133556</swisstopo:routepoint_id>
				</extensions>
			</trkpt>
			<trkpt lat="46.2667514775" lon="8.0544104060">
				<ele>2311.3</ele>
				<time>1970-01-01T01:00:00+01:00</time>
				<extensions>
					<swisstopo:routepoint_id>37411129</swisstopo:routepoint_id>
				</extensions>
			</trkpt>
			<trkpt lat="46.2667401480" lon="8.0544469243">
				<ele>2311.7</ele>
				<time>1970-01-01T01:00:00+01:00</time>
				<extensions>
					<swisstopo:routepoint_id>1557397154</swisstopo:routepoint_id>
				</extensions>
			</trkpt>
			<trkpt lat="46.2667319761" lon="8.0544892166">
				<ele>2311.9</ele>
				<time>1970-01-01T01:00:00+01:00</time>
				<extensions>
					<swisstopo:routepoint_id>1024042546</swisstopo:routepoint_id>
				</extensions>
			</trkpt>
			<trkpt lat="46.2667157945" lon="8.0545440097">
				<ele>2311.9</ele>
				<time>1970-01-01T01:00:00+01:00</time>
				<extensions>
					<swisstopo:routepoint_id>1311656715</swisstopo:routepoint_id>
				</extensions>
			</trkpt>
			<trkpt lat="46.2667027777" lon="8.0546000039">
				<ele>2312.7</ele>
				<time>1970-01-01T01:00:00+01:00</time>
				<extensions>
					<swisstopo:routepoint_id>1238917791</swisstopo:routepoint_id>
				</extensions>
			</trkpt>
			<trkpt lat="46.2666960809" lon="8.0546617953">
				<ele>2313.4</ele>
				<time>1970-01-01T01:00:00+01:00</time>
				<extensions>
					<swisstopo:routepoint_id>1517910512</swisstopo:routepoint_id>
				</extensions>
			</trkpt>
			<trkpt lat="46.2666942252" lon="8.0547121649">
				<ele>2313.8</ele>
				<time>1970-01-01T01:00:00+01:00</time>
				<extensions>
					<swisstopo:routepoint_id>2007680161</swisstopo:routepoint_id>
				</extensions>
			</trkpt>
			<trkpt lat="46.2666844794" lon="8.0547498665">
				<ele>2314.4</ele>
				<time>1970-01-01T01:00:00+01:00</time>
				<extensions>
					<swisstopo:routepoint_id>655054748</swisstopo:routepoint_id>
				</extensions>
			</trkpt>
			<trkpt lat="46.2666874535" lon="8.0547876995">
				<ele>2314.9</ele>
				<time>1970-01-01T01:00:00+01:00</time>
				<extensions>
					<swisstopo:routepoint_id>642493597</swisstopo:routepoint_id>
				</extensions>
			</trkpt>
			<trkpt lat="46.2666864507" lon="8.0548266401">
				<ele>2315.6</ele>
				<time>1970-01-01T01:00:00+01:00</time>
				<extensions>
					<swisstopo:routepoint_id>604211577</swisstopo:routepoint_id>
				</extensions>
			</trkpt>
			<trkpt lat="46.2666680917" lon="8.0548424690">
				<ele>2316.2</ele>
				<time>1970-01-01T01:00:00+01:00</time>
				<extensions>
					<swisstopo:routepoint_id>317359728</swisstopo:routepoint_id>
				</extensions>
			</trkpt>
			<trkpt lat="46.2666458469" lon="8.0548410770">
				<ele>2316.9</ele>
				<time>1970-01-01T01:00:00+01:00</time>
				<extensions>
					<swisstopo:routepoint_id>2049967782</swisstopo:routepoint_id>
				</extensions>
			</trkpt>
			<trkpt lat="46.2666292402" lon="8.0548271322">
				<ele>2317.7</ele>
				<time>1970-01-01T01:00:00+01:00</time>
				<extensions>
					<swisstopo:routepoint_id>1090518015</swisstopo:routepoint_id>
				</extensions>
			</trkpt>
			<trkpt lat="46.2666125710" lon="8.0548246506">
				<ele>2318.1</ele>
				<time>1970-01-01T01:00:00+01:00</time>
				<extensions>
					<swisstopo:routepoint_id>314524637</swisstopo:routepoint_id>
				</extensions>
			</trkpt>
			<trkpt lat="46.2666006031" lon="8.0548348262">
				<ele>2318.6</ele>
				<time>1970-01-01T01:00:00+01:00</time>
				<extensions>
					<swisstopo:routepoint_id>1341594369</swisstopo:routepoint_id>
				</extensions>
			</trkpt>
			<trkpt lat="46.2665987796" lon="8.0548760502">
				<ele>2319.6</ele>
				<time>1970-01-01T01:00:00+01:00</time>
				<extensions>
					<swisstopo:routepoint_id>1136294184</swisstopo:routepoint_id>
				</extensions>
			</trkpt>
			<trkpt lat="46.2665994255" lon="8.0549058384">
				<ele>2320.1</ele>
				<time>1970-01-01T01:00:00+01:00</time>
				<extensions>
					<swisstopo:routepoint_id>496456866</swisstopo:routepoint_id>
				</extensions>
			</trkpt>
			<trkpt lat="46.2665944871" lon="8.0549367160">
				<ele>2320.8</ele>
				<time>1970-01-01T01:00:00+01:00</time>
				<extensions>
					<swisstopo:routepoint_id>229949428</swisstopo:routepoint_id>
				</extensions>
			</trkpt>
			<trkpt lat="46.2665848411" lon="8.0549560891">
				<ele>2321.2</ele>
				<time>1970-01-01T01:00:00+01:00</time>
				<extensions>
					<swisstopo:routepoint_id>465487643</swisstopo:routepoint_id>
				</extensions>
			</trkpt>
			<trkpt lat="46.2665713393" lon="8.0549559361">
				<ele>2321.6</ele>
				<time>1970-01-01T01:00:00+01:00</time>
				<extensions>
					<swisstopo:routepoint_id>1736058306</swisstopo:routepoint_id>
				</extensions>
			</trkpt>
			<trkpt lat="46.2665563475" lon="8.0549374367">
				<ele>2322.3</ele>
				<time>1970-01-01T01:00:00+01:00</time>
				<extensions>
					<swisstopo:routepoint_id>1372492169</swisstopo:routepoint_id>
				</extensions>
			</trkpt>
			<trkpt lat="46.2665413183" lon="8.0549258025">
				<ele>2322.8</ele>
				<time>1970-01-01T01:00:00+01:00</time>
				<extensions>
					<swisstopo:routepoint_id>1594652621</swisstopo:routepoint_id>
				</extensions>
			</trkpt>
			<trkpt lat="46.2665255770" lon="8.0548981362">
				<ele>2323.5</ele>
				<time>1970-01-01T01:00:00+01:00</time>
				<extensions>
					<swisstopo:routepoint_id>1567885907</swisstopo:routepoint_id>
				</extensions>
			</trkpt>
			<trkpt lat="46.2665121353" lon="8.0548853673">
				<ele>2323.6</ele>
				<time>1970-01-01T01:00:00+01:00</time>
				<extensions>
					<swisstopo:routepoint_id>937709286</swisstopo:routepoint_id>
				</extensions>
			</trkpt>
			<trkpt lat="46.2664962903" lon="8.0548783348">
				<ele>2324.0</ele>
				<time>1970-01-01T01:00:00+01:00</time>
				<extensions>
					<swisstopo:routepoint_id>153882789</swisstopo:routepoint_id>
				</extensions>
			</trkpt>
			<trkpt lat="46.2664773129" lon="8.0548609303">
				<ele>2324.5</ele>
				<time>1970-01-01T01:00:00+01:00</time>
				<extensions>
					<swisstopo:routepoint_id>1139483185</swisstopo:routepoint_id>
				</extensions>
			</trkpt>
			<trkpt lat="46.2664590974" lon="8.0548504129">
				<ele>2325.0</ele>
				<time>1970-01-01T01:00:00+01:00</time>
				<extensions>
					<swisstopo:routepoint_id>1803218022</swisstopo:routepoint_id>
				</extensions>
			</trkpt>
			<trkpt lat="46.2664368802" lon="8.0548455756">
				<ele>2325.6</ele>
				<time>1970-01-01T01:00:00+01:00</time>
				<extensions>
					<swisstopo:routepoint_id>308849206</swisstopo:routepoint_id>
				</extensions>
			</trkpt>
			<trkpt lat="46.2664193367" lon="8.0548568281">
				<ele>2326.3</ele>
				<time>1970-01-01T01:00:00+01:00</time>
				<extensions>
					<swisstopo:routepoint_id>1376775692</swisstopo:routepoint_id>
				</extensions>
			</trkpt>
			<trkpt lat="46.2664207982" lon="8.0548820525">
				<ele>2326.6</ele>
				<time>1970-01-01T01:00:00+01:00</time>
				<extensions>
					<swisstopo:routepoint_id>30128429</swisstopo:routepoint_id>
				</extensions>
			</trkpt>
			<trkpt lat="46.2664269833" lon="8.0549141961">
				<ele>2327.4</ele>
				<time>1970-01-01T01:00:00+01:00</time>
				<extensions>
					<swisstopo:routepoint_id>2124574658</swisstopo:routepoint_id>
				</extensions>
			</trkpt>
			<trkpt lat="46.2664221011" lon="8.0549347631">
				<ele>2327.8</ele>
				<time>1970-01-01T01:00:00+01:00</time>
				<extensions>
					<swisstopo:routepoint_id>873238062</swisstopo:routepoint_id>
				</extensions>
			</trkpt>
			<trkpt lat="46.2664030550" lon="8.0549299618">
				<ele>2328.3</ele>
				<time>1970-01-01T01:00:00+01:00</time>
				<extensions>
					<swisstopo:routepoint_id>318479362</swisstopo:routepoint_id>
				</extensions>
			</trkpt>
			<trkpt lat="46.2663903814" lon="8.0549229399">
				<ele>2328.9</ele>
				<time>1970-01-01T01:00:00+01:00</time>
				<extensions>
					<swisstopo:routepoint_id>1653615681</swisstopo:routepoint_id>
				</extensions>
			</trkpt>
			<trkpt lat="46.2663745053" lon="8.0549216200">
				<ele>2329.5</ele>
				<time>1970-01-01T01:00:00+01:00</time>
				<extensions>
					<swisstopo:routepoint_id>1451460201</swisstopo:routepoint_id>
				</extensions>
			</trkpt>
			<trkpt lat="46.2663680331" lon="8.0549421562">
				<ele>2329.9</ele>
				<time>1970-01-01T01:00:00+01:00</time>
				<extensions>
					<swisstopo:routepoint_id>583863043</swisstopo:routepoint_id>
				</extensions>
			</trkpt>
			<trkpt lat="46.2663655126" lon="8.0549661954">
				<ele>2330.6</ele>
				<time>1970-01-01T01:00:00+01:00</time>
				<extensions>
					<swisstopo:routepoint_id>875416915</swisstopo:routepoint_id>
				</extensions>
			</trkpt>
			<trkpt lat="46.2663487273" lon="8.0549866275">
				<ele>2331.3</ele>
				<time>1970-01-01T01:00:00+01:00</time>
				<extensions>
					<swisstopo:routepoint_id>1403468584</swisstopo:routepoint_id>
				</extensions>
			</trkpt>
			<trkpt lat="46.2663304495" lon="8.0549875605">
				<ele>2331.8</ele>
				<time>1970-01-01T01:00:00+01:00</time>
				<extensions>
					<swisstopo:routepoint_id>337695020</swisstopo:routepoint_id>
				</extensions>
			</trkpt>
			<trkpt lat="46.2663224584" lon="8.0549966284">
				<ele>2332.2</ele>
				<time>1970-01-01T01:00:00+01:00</time>
				<extensions>
					<swisstopo:routepoint_id>740009463</swisstopo:routepoint_id>
				</extensions>
			</trkpt>
			<trkpt lat="46.2663356604" lon="8.0550517792">
				<ele>2333.1</ele>
				<time>1970-01-01T01:00:00+01:00</time>
				<extensions>
					<swisstopo:routepoint_id>1661177210</swisstopo:routepoint_id>
				</extensions>
			</trkpt>
			<trkpt lat="46.2663465881" lon="8.0550874092">
				<ele>2333.2</ele>
				<time>1970-01-01T01:00:00+01:00</time>
				<extensions>
					<swisstopo:routepoint_id>2835090</swisstopo:routepoint_id>
				</extensions>
			</trkpt>
			<trkpt lat="46.2663637419" lon="8.0551460249">
				<ele>2334.0</ele>
				<time>1970-01-01T01:00:00+01:00</time>
				<extensions>
					<swisstopo:routepoint_id>708373412</swisstopo:routepoint_id>
				</extensions>
			</trkpt>
			<trkpt lat="46.2663738352" lon="8.0551896640">
				<ele>2334.5</ele>
				<time>1970-01-01T01:00:00+01:00</time>
				<extensions>
					<swisstopo:routepoint_id>2101707479</swisstopo:routepoint_id>
				</extensions>
			</trkpt>
			<trkpt lat="46.2663712898" lon="8.0552182759">
				<ele>2335.0</ele>
				<time>1970-01-01T01:00:00+01:00</time>
				<extensions>
					<swisstopo:routepoint_id>1965551419</swisstopo:routepoint_id>
				</extensions>
			</trkpt>
			<trkpt lat="46.2663727324" lon="8.0552469328">
				<ele>2335.5</ele>
				<time>1970-01-01T01:00:00+01:00</time>
				<extensions>
					<swisstopo:routepoint_id>1111644941</swisstopo:routepoint_id>
				</extensions>
			</trkpt>
			<trkpt lat="46.2663646888" lon="8.0552640312">
				<ele>2335.9</ele>
				<time>1970-01-01T01:00:00+01:00</time>
				<extensions>
					<swisstopo:routepoint_id>670806541</swisstopo:routepoint_id>
				</extensions>
			</trkpt>
			<trkpt lat="46.2663423966" lon="8.0552729369">
				<ele>2336.5</ele>
				<time>1970-01-01T01:00:00+01:00</time>
				<extensions>
					<swisstopo:routepoint_id>907882208</swisstopo:routepoint_id>
				</extensions>
			</trkpt>
			<trkpt lat="46.2663272363" lon="8.0552853689">
				<ele>2337.0</ele>
				<time>1970-01-01T01:00:00+01:00</time>
				<extensions>
					<swisstopo:routepoint_id>1004940907</swisstopo:routepoint_id>
				</extensions>
			</trkpt>
			<trkpt lat="46.2663158779" lon="8.0553287648">
				<ele>2337.7</ele>
				<time>1970-01-01T01:00:00+01:00</time>
				<extensions>
					<swisstopo:routepoint_id>1018318670</swisstopo:routepoint_id>
				</extensions>
			</trkpt>
			<trkpt lat="46.2663061031" lon="8.0553733440">
				<ele>2338.1</ele>
				<time>1970-01-01T01:00:00+01:00</time>
				<extensions>
					<swisstopo:routepoint_id>168172399</swisstopo:routepoint_id>
				</extensions>
			</trkpt>
			<trkpt lat="46.2662953853" lon="8.0554442350">
				<ele>2338.9</ele>
				<time>1970-01-01T01:00:00+01:00</time>
				<extensions>
					<swisstopo:routepoint_id>434782882</swisstopo:routepoint_id>
				</extensions>
			</trkpt>
			<trkpt lat="46.2662863638" lon="8.0554956756">
				<ele>2339.9</ele>
				<time>1970-01-01T01:00:00+01:00</time>
				<extensions>
					<swisstopo:routepoint_id>1440769832</swisstopo:routepoint_id>
				</extensions>
			</trkpt>
			<trkpt lat="46.2663004524" lon="8.0555347871">
				<ele>2340.5</ele>
				<time>1970-01-01T01:00:00+01:00</time>
				<extensions>
					<swisstopo:routepoint_id>428402722</swisstopo:routepoint_id>
				</extensions>
			</trkpt>
			<trkpt lat="46.2663145598" lon="8.0555704661">
				<ele>2341.2</ele>
				<time>1970-01-01T01:00:00+01:00</time>
				<extensions>
					<swisstopo:routepoint_id>1281974912</swisstopo:routepoint_id>
				</extensions>
			</trkpt>
			<trkpt lat="46.2663262653" lon="8.0556083979">
				<ele>2342.2</ele>
				<time>1970-01-01T01:00:00+01:00</time>
				<extensions>
					<swisstopo:routepoint_id>1992517231</swisstopo:routepoint_id>
				</extensions>
			</trkpt>
			<trkpt lat="46.2663428096" lon="8.0556337933">
				<ele>2343.0</ele>
				<time>1970-01-01T01:00:00+01:00</time>
				<extensions>
					<swisstopo:routepoint_id>1910191140</swisstopo:routepoint_id>
				</extensions>
			</trkpt>
			<trkpt lat="46.2663451177" lon="8.0556487035">
				<ele>2343.3</ele>
				<time>1970-01-01T01:00:00+01:00</time>
				<extensions>
					<swisstopo:routepoint_id>1773089592</swisstopo:routepoint_id>
				</extensions>
			</trkpt>
			<trkpt lat="46.2663243342" lon="8.0556725355">
				<ele>2344.0</ele>
				<time>1970-01-01T01:00:00+01:00</time>
				<extensions>
					<swisstopo:routepoint_id>331758196</swisstopo:routepoint_id>
				</extensions>
			</trkpt>
			<trkpt lat="46.2663003808" lon="8.0556928734">
				<ele>2344.5</ele>
				<time>1970-01-01T01:00:00+01:00</time>
				<extensions>
					<swisstopo:routepoint_id>503537630</swisstopo:routepoint_id>
				</extensions>
			</trkpt>
			<trkpt lat="46.2662788692" lon="8.0557052332">
				<ele>2344.9</ele>
				<time>1970-01-01T01:00:00+01:00</time>
				<extensions>
					<swisstopo:routepoint_id>1859132715</swisstopo:routepoint_id>
				</extensions>
			</trkpt>
			<trkpt lat="46.2662548532" lon="8.0557370343">
				<ele>2344.7</ele>
				<time>1970-01-01T01:00:00+01:00</time>
				<extensions>
					<swisstopo:routepoint_id>470958976</swisstopo:routepoint_id>
				</extensions>
			</trkpt>
			<trkpt lat="46.2662267317" lon="8.0557951365">
				<ele>2345.9</ele>
				<time>1970-01-01T01:00:00+01:00</time>
				<extensions>
					<swisstopo:routepoint_id>1569261509</swisstopo:routepoint_id>
				</extensions>
			</trkpt>
			<trkpt lat="46.2662145762" lon="8.0558396758">
				<ele>2346.1</ele>
				<time>1970-01-01T01:00:00+01:00</time>
				<extensions>
					<swisstopo:routepoint_id>1882099967</swisstopo:routepoint_id>
				</extensions>
			</trkpt>
			<trkpt lat="46.2662032613" lon="8.0558750537">
				<ele>2346.0</ele>
				<time>1970-01-01T01:00:00+01:00</time>
				<extensions>
					<swisstopo:routepoint_id>778198766</swisstopo:routepoint_id>
				</extensions>
			</trkpt>
			<trkpt lat="46.2661862671" lon="8.0559321420">
				<ele>2346.3</ele>
				<time>1970-01-01T01:00:00+01:00</time>
				<extensions>
					<swisstopo:routepoint_id>47991617</swisstopo:routepoint_id>
				</extensions>
			</trkpt>
			<trkpt lat="46.2661652336" lon="8.0560017756">
				<ele>2346.7</ele>
				<time>1970-01-01T01:00:00+01:00</time>
				<extensions>
					<swisstopo:routepoint_id>246168022</swisstopo:routepoint_id>
				</extensions>
			</trkpt>
			<trkpt lat="46.2661538974" lon="8.0560394585">
				<ele>2347.4</ele>
				<time>1970-01-01T01:00:00+01:00</time>
				<extensions>
					<swisstopo:routepoint_id>135407451</swisstopo:routepoint_id>
				</extensions>
			</trkpt>
			<trkpt lat="46.2661354782" lon="8.0560678773">
				<ele>2348.1</ele>
				<time>1970-01-01T01:00:00+01:00</time>
				<extensions>
					<swisstopo:routepoint_id>1889775022</swisstopo:routepoint_id>
				</extensions>
			</trkpt>
			<trkpt lat="46.2661217076" lon="8.0561169838">
				<ele>2348.6</ele>
				<time>1970-01-01T01:00:00+01:00</time>
				<extensions>
					<swisstopo:routepoint_id>334859930</swisstopo:routepoint_id>
				</extensions>
			</trkpt>
			<trkpt lat="46.2661072101" lon="8.0561511853">
				<ele>2349.3</ele>
				<time>1970-01-01T01:00:00+01:00</time>
				<extensions>
					<swisstopo:routepoint_id>31636051</swisstopo:routepoint_id>
				</extensions>
			</trkpt>
			<trkpt lat="46.2660918559" lon="8.0561991209">
				<ele>2350.1</ele>
				<time>1970-01-01T01:00:00+01:00</time>
				<extensions>
					<swisstopo:routepoint_id>1706953379</swisstopo:routepoint_id>
				</extensions>
			</trkpt>
			<trkpt lat="46.2660685228" lon="8.0562538444">
				<ele>2351.2</ele>
				<time>1970-01-01T01:00:00+01:00</time>
				<extensions>
					<swisstopo:routepoint_id>184767319</swisstopo:routepoint_id>
				</extensions>
			</trkpt>
			<trkpt lat="46.2660675319" lon="8.0562905045">
				<ele>2351.8</ele>
				<time>1970-01-01T01:00:00+01:00</time>
				<extensions>
					<swisstopo:routepoint_id>1744212119</swisstopo:routepoint_id>
				</extensions>
			</trkpt>
			<trkpt lat="46.2660633525" lon="8.0563271033">
				<ele>2352.6</ele>
				<time>1970-01-01T01:00:00+01:00</time>
				<extensions>
					<swisstopo:routepoint_id>1430900938</swisstopo:routepoint_id>
				</extensions>
			</trkpt>
			<trkpt lat="46.2660385145" lon="8.0563646201">
				<ele>2353.8</ele>
				<time>1970-01-01T01:00:00+01:00</time>
				<extensions>
					<swisstopo:routepoint_id>1057669210</swisstopo:routepoint_id>
				</extensions>
			</trkpt>
			<trkpt lat="46.2660145971" lon="8.0563815379">
				<ele>2355.1</ele>
				<time>1970-01-01T01:00:00+01:00</time>
				<extensions>
					<swisstopo:routepoint_id>106704034</swisstopo:routepoint_id>
				</extensions>
			</trkpt>
			<trkpt lat="46.2659874537" lon="8.0564052846">
				<ele>2356.3</ele>
				<time>1970-01-01T01:00:00+01:00</time>
				<extensions>
					<swisstopo:routepoint_id>1799971519</swisstopo:routepoint_id>
				</extensions>
			</trkpt>
			<trkpt lat="46.2659691194" lon="8.0564165274">
				<ele>2356.9</ele>
				<time>1970-01-01T01:00:00+01:00</time>
				<extensions>
					<swisstopo:routepoint_id>739709809</swisstopo:routepoint_id>
				</extensions>
			</trkpt>
			<trkpt lat="46.2659580797" lon="8.0564015056">
				<ele>2357.6</ele>
				<time>1970-01-01T01:00:00+01:00</time>
				<extensions>
					<swisstopo:routepoint_id>570158024</swisstopo:routepoint_id>
				</extensions>
			</trkpt>
			<trkpt lat="46.2659357562" lon="8.0564161486">
				<ele>2358.3</ele>
				<time>1970-01-01T01:00:00+01:00</time>
				<extensions>
					<swisstopo:routepoint_id>1725032486</swisstopo:routepoint_id>
				</extensions>
			</trkpt>
			<trkpt lat="46.2659229575" lon="8.0564320399">
				<ele>2358.9</ele>
				<time>1970-01-01T01:00:00+01:00</time>
				<extensions>
					<swisstopo:routepoint_id>1887253325</swisstopo:routepoint_id>
				</extensions>
			</trkpt>
			<trkpt lat="46.2659062419" lon="8.0564364355">
				<ele>2359.5</ele>
				<time>1970-01-01T01:00:00+01:00</time>
				<extensions>
					<swisstopo:routepoint_id>1300291618</swisstopo:routepoint_id>
				</extensions>
			</trkpt>
			<trkpt lat="46.2658862552" lon="8.0564591108">
				<ele>2360.5</ele>
				<time>1970-01-01T01:00:00+01:00</time>
				<extensions>
					<swisstopo:routepoint_id>1595736248</swisstopo:routepoint_id>
				</extensions>
			</trkpt>
			<trkpt lat="46.2658694321" lon="8.0564864200">
				<ele>2361.2</ele>
				<time>1970-01-01T01:00:00+01:00</time>
				<extensions>
					<swisstopo:routepoint_id>665695229</swisstopo:routepoint_id>
				</extensions>
			</trkpt>
			<trkpt lat="46.2658431005" lon="8.0565078832">
				<ele>2362.2</ele>
				<time>1970-01-01T01:00:00+01:00</time>
				<extensions>
					<swisstopo:routepoint_id>1656368968</swisstopo:routepoint_id>
				</extensions>
			</trkpt>
			<trkpt lat="46.2658302893" lon="8.0565260670">
				<ele>2362.6</ele>
				<time>1970-01-01T01:00:00+01:00</time>
				<extensions>
					<swisstopo:routepoint_id>1660759035</swisstopo:routepoint_id>
				</extensions>
			</trkpt>
			<trkpt lat="46.2658253191" lon="8.0565626691">
				<ele>2363.4</ele>
				<time>1970-01-01T01:00:00+01:00</time>
				<extensions>
					<swisstopo:routepoint_id>1406653510</swisstopo:routepoint_id>
				</extensions>
			</trkpt>
			<trkpt lat="46.2658210669" lon="8.0566141761">
				<ele>2364.0</ele>
				<time>1970-01-01T01:00:00+01:00</time>
				<extensions>
					<swisstopo:routepoint_id>2061440525</swisstopo:routepoint_id>
				</extensions>
			</trkpt>
			<trkpt lat="46.2658145093" lon="8.0566518876">
				<ele>2364.5</ele>
				<time>1970-01-01T01:00:00+01:00</time>
				<extensions>
					<swisstopo:routepoint_id>2008282867</swisstopo:routepoint_id>
				</extensions>
			</trkpt>
			<trkpt lat="46.2657992485" lon="8.0566826600">
				<ele>2364.8</ele>
				<time>1970-01-01T01:00:00+01:00</time>
				<extensions>
					<swisstopo:routepoint_id>1081759769</swisstopo:routepoint_id>
				</extensions>
			</trkpt>
			<trkpt lat="46.2657807991" lon="8.0567133708">
				<ele>2365.5</ele>
				<time>1970-01-01T01:00:00+01:00</time>
				<extensions>
					<swisstopo:routepoint_id>2124516395</swisstopo:routepoint_id>
				</extensions>
			</trkpt>
			<trkpt lat="46.2657599561" lon="8.0567078518">
				<ele>2366.1</ele>
				<time>1970-01-01T01:00:00+01:00</time>
				<extensions>
					<swisstopo:routepoint_id>1840243858</swisstopo:routepoint_id>
				</extensions>
			</trkpt>
			<trkpt lat="46.2657422162" lon="8.0566891183">
				<ele>2366.6</ele>
				<time>1970-01-01T01:00:00+01:00</time>
				<extensions>
					<swisstopo:routepoint_id>1521269891</swisstopo:routepoint_id>
				</extensions>
			</trkpt>
			<trkpt lat="46.2657209622" lon="8.0566559297">
				<ele>2367.6</ele>
				<time>1970-01-01T01:00:00+01:00</time>
				<extensions>
					<swisstopo:routepoint_id>1635931945</swisstopo:routepoint_id>
				</extensions>
			</trkpt>
			<trkpt lat="46.2657031322" lon="8.0566536624">
				<ele>2368.0</ele>
				<time>1970-01-01T01:00:00+01:00</time>
				<extensions>
					<swisstopo:routepoint_id>642791315</swisstopo:routepoint_id>
				</extensions>
			</trkpt>
			<trkpt lat="46.2656787339" lon="8.0566750079">
				<ele>2368.8</ele>
				<time>1970-01-01T01:00:00+01:00</time>
				<extensions>
					<swisstopo:routepoint_id>305700243</swisstopo:routepoint_id>
				</extensions>
			</trkpt>
			<trkpt lat="46.2656592808" lon="8.0567077341">
				<ele>2369.6</ele>
				<time>1970-01-01T01:00:00+01:00</time>
				<extensions>
					<swisstopo:routepoint_id>2058791740</swisstopo:routepoint_id>
				</extensions>
			</trkpt>
			<trkpt lat="46.2656362749" lon="8.0567363029">
				<ele>2370.5</ele>
				<time>1970-01-01T01:00:00+01:00</time>
				<extensions>
					<swisstopo:routepoint_id>103771400</swisstopo:routepoint_id>
				</extensions>
			</trkpt>
			<trkpt lat="46.2656168749" lon="8.0567577052">
				<ele>2371.2</ele>
				<time>1970-01-01T01:00:00+01:00</time>
				<extensions>
					<swisstopo:routepoint_id>182821643</swisstopo:routepoint_id>
				</extensions>
			</trkpt>
			<trkpt lat="46.2656003579" lon="8.0567739974">
				<ele>2372.1</ele>
				<time>1970-01-01T01:00:00+01:00</time>
				<extensions>
					<swisstopo:routepoint_id>150092610</swisstopo:routepoint_id>
				</extensions>
			</trkpt>
			<trkpt lat="46.2655837855" lon="8.0568036527">
				<ele>2372.8</ele>
				<time>1970-01-01T01:00:00+01:00</time>
				<extensions>
					<swisstopo:routepoint_id>434907580</swisstopo:routepoint_id>
				</extensions>
			</trkpt>
			<trkpt lat="46.2655658422" lon="8.0568189027">
				<ele>2373.4</ele>
				<time>1970-01-01T01:00:00+01:00</time>
				<extensions>
					<swisstopo:routepoint_id>276052441</swisstopo:routepoint_id>
				</extensions>
			</trkpt>
			<trkpt lat="46.2655407661" lon="8.0568340588">
				<ele>2374.1</ele>
				<time>1970-01-01T01:00:00+01:00</time>
				<extensions>
					<swisstopo:routepoint_id>1274581757</swisstopo:routepoint_id>
				</extensions>
			</trkpt>
			<trkpt lat="46.2655235320" lon="8.0568513689">
				<ele>2374.5</ele>
				<time>1970-01-01T01:00:00+01:00</time>
				<extensions>
					<swisstopo:routepoint_id>1637508084</swisstopo:routepoint_id>
				</extensions>
			</trkpt>
			<trkpt lat="46.2655134035" lon="8.0568769805">
				<ele>2375.0</ele>
				<time>1970-01-01T01:00:00+01:00</time>
				<extensions>
					<swisstopo:routepoint_id>1778413067</swisstopo:routepoint_id>
				</extensions>
			</trkpt>
			<trkpt lat="46.2655082499" lon="8.0569037002">
				<ele>2375.4</ele>
				<time>1970-01-01T01:00:00+01:00</time>
				<extensions>
					<swisstopo:routepoint_id>317959401</swisstopo:routepoint_id>
				</extensions>
			</trkpt>
			<trkpt lat="46.2654937671" lon="8.0569416253">
				<ele>2376.0</ele>
				<time>1970-01-01T01:00:00+01:00</time>
				<extensions>
					<swisstopo:routepoint_id>1684029658</swisstopo:routepoint_id>
				</extensions>
			</trkpt>
			<trkpt lat="46.2654893114" lon="8.0569724570">
				<ele>2376.6</ele>
				<time>1970-01-01T01:00:00+01:00</time>
				<extensions>
					<swisstopo:routepoint_id>74939033</swisstopo:routepoint_id>
				</extensions>
			</trkpt>
			<trkpt lat="46.2654770393" lon="8.0569980696">
				<ele>2377.3</ele>
				<time>1970-01-01T01:00:00+01:00</time>
				<extensions>
					<swisstopo:routepoint_id>999940132</swisstopo:routepoint_id>
				</extensions>
			</trkpt>
			<trkpt lat="46.2654704909" lon="8.0570196178">
				<ele>2377.7</ele>
				<time>1970-01-01T01:00:00+01:00</time>
				<extensions>
					<swisstopo:routepoint_id>1417350054</swisstopo:routepoint_id>
				</extensions>
			</trkpt>
			<trkpt lat="46.2654767579" lon="8.0570495326">
				<ele>2378.3</ele>
				<time>1970-01-01T01:00:00+01:00</time>
				<extensions>
					<swisstopo:routepoint_id>129296237</swisstopo:routepoint_id>
				</extensions>
			</trkpt>
			<trkpt lat="46.2654772862" lon="8.0570814596">
				<ele>2379.0</ele>
				<time>1970-01-01T01:00:00+01:00</time>
				<extensions>
					<swisstopo:routepoint_id>1221558095</swisstopo:routepoint_id>
				</extensions>
			</trkpt>
			<trkpt lat="46.2654592592" lon="8.0571152276">
				<ele>2380.3</ele>
				<time>1970-01-01T01:00:00+01:00</time>
				<extensions>
					<swisstopo:routepoint_id>1791406298</swisstopo:routepoint_id>
				</extensions>
			</trkpt>
			<trkpt lat="46.2654312548" lon="8.0571437521">
				<ele>2381.5</ele>
				<time>1970-01-01T01:00:00+01:00</time>
				<extensions>
					<swisstopo:routepoint_id>2082460861</swisstopo:routepoint_id>
				</extensions>
			</trkpt>
			<trkpt lat="46.2654118323" lon="8.0571692580">
				<ele>2382.3</ele>
				<time>1970-01-01T01:00:00+01:00</time>
				<extensions>
					<swisstopo:routepoint_id>1406525367</swisstopo:routepoint_id>
				</extensions>
			</trkpt>
			<trkpt lat="46.2654096157" lon="8.0571826218">
				<ele>2382.7</ele>
				<time>1970-01-01T01:00:00+01:00</time>
				<extensions>
					<swisstopo:routepoint_id>1742412090</swisstopo:routepoint_id>
				</extensions>
			</trkpt>
			<trkpt lat="46.2654231088" lon="8.0571971903">
				<ele>2383.3</ele>
				<time>1970-01-01T01:00:00+01:00</time>
				<extensions>
					<swisstopo:routepoint_id>1799959816</swisstopo:routepoint_id>
				</extensions>
			</trkpt>
			<trkpt lat="46.2654222114" lon="8.0572311658">
				<ele>2384.2</ele>
				<time>1970-01-01T01:00:00+01:00</time>
				<extensions>
					<swisstopo:routepoint_id>324893741</swisstopo:routepoint_id>
				</extensions>
			</trkpt>
			<trkpt lat="46.2654141386" lon="8.0572712158">
				<ele>2385.5</ele>
				<time>1970-01-01T01:00:00+01:00</time>
				<extensions>
					<swisstopo:routepoint_id>2084407778</swisstopo:routepoint_id>
				</extensions>
			</trkpt>
			<trkpt lat="46.2654125828" lon="8.0572938594">
				<ele>2386.0</ele>
				<time>1970-01-01T01:00:00+01:00</time>
				<extensions>
					<swisstopo:routepoint_id>168039009</swisstopo:routepoint_id>
				</extensions>
			</trkpt>
			<trkpt lat="46.2654059193" lon="8.0573380549">
				<ele>2387.4</ele>
				<time>1970-01-01T01:00:00+01:00</time>
				<extensions>
					<swisstopo:routepoint_id>1707973525</swisstopo:routepoint_id>
				</extensions>
			</trkpt>
			<trkpt lat="46.2653972105" lon="8.0573626566">
				<ele>2388.1</ele>
				<time>1970-01-01T01:00:00+01:00</time>
				<extensions>
					<swisstopo:routepoint_id>488584450</swisstopo:routepoint_id>
				</extensions>
			</trkpt>
			<trkpt lat="46.2653820240" lon="8.0573974954">
				<ele>2389.1</ele>
				<time>1970-01-01T01:00:00+01:00</time>
				<extensions>
					<swisstopo:routepoint_id>1197452543</swisstopo:routepoint_id>
				</extensions>
			</trkpt>
			<trkpt lat="46.2653653918" lon="8.0574364347">
				<ele>2389.9</ele>
				<time>1970-01-01T01:00:00+01:00</time>
				<extensions>
					<swisstopo:routepoint_id>1215569648</swisstopo:routepoint_id>
				</extensions>
			</trkpt>
			<trkpt lat="46.2653631076" lon="8.0574621355">
				<ele>2390.5</ele>
				<time>1970-01-01T01:00:00+01:00</time>
				<extensions>
					<swisstopo:routepoint_id>1724623852</swisstopo:routepoint_id>
				</extensions>
			</trkpt>
			<trkpt lat="46.2653694308" lon="8.0574817653">
				<ele>2391.0</ele>
				<time>1970-01-01T01:00:00+01:00</time>
				<extensions>
					<swisstopo:routepoint_id>539019914</swisstopo:routepoint_id>
				</extensions>
			</trkpt>
			<trkpt lat="46.2653599147" lon="8.0575238761">
				<ele>2391.9</ele>
				<time>1970-01-01T01:00:00+01:00</time>
				<extensions>
					<swisstopo:routepoint_id>122878600</swisstopo:routepoint_id>
				</extensions>
			</trkpt>
			<trkpt lat="46.2653568006" lon="8.0575712027">
				<ele>2392.3</ele>
				<time>1970-01-01T01:00:00+01:00</time>
				<extensions>
					<swisstopo:routepoint_id>1908699130</swisstopo:routepoint_id>
				</extensions>
			</trkpt>
			<trkpt lat="46.2653608903" lon="8.0576072869">
				<ele>2393.0</ele>
				<time>1970-01-01T01:00:00+01:00</time>
				<extensions>
					<swisstopo:routepoint_id>1816347468</swisstopo:routepoint_id>
				</extensions>
			</trkpt>
			<trkpt lat="46.2653528679" lon="8.0576380778">
				<ele>2393.3</ele>
				<time>1970-01-01T01:00:00+01:00</time>
				<extensions>
					<swisstopo:routepoint_id>2054252850</swisstopo:routepoint_id>
				</extensions>
			</trkpt>
			<trkpt lat="46.2653526595" lon="8.0576761652">
				<ele>2394.2</ele>
				<time>1970-01-01T01:00:00+01:00</time>
				<extensions>
					<swisstopo:routepoint_id>1022994501</swisstopo:routepoint_id>
				</extensions>
			</trkpt>
			<trkpt lat="46.2653537638" lon="8.0577328120">
				<ele>2395.3</ele>
				<time>1970-01-01T01:00:00+01:00</time>
				<extensions>
					<swisstopo:routepoint_id>944883143</swisstopo:routepoint_id>
				</extensions>
			</trkpt>
			<trkpt lat="46.2653506923" lon="8.0577739575">
				<ele>2395.8</ele>
				<time>1970-01-01T01:00:00+01:00</time>
				<extensions>
					<swisstopo:routepoint_id>645123022</swisstopo:routepoint_id>
				</extensions>
			</trkpt>
			<trkpt lat="46.2653504500" lon="8.0578182259">
				<ele>2396.2</ele>
				<time>1970-01-01T01:00:00+01:00</time>
				<extensions>
					<swisstopo:routepoint_id>956622356</swisstopo:routepoint_id>
				</extensions>
			</trkpt>
			<trkpt lat="46.2653530087" lon="8.0578707598">
				<ele>2396.7</ele>
				<time>1970-01-01T01:00:00+01:00</time>
				<extensions>
					<swisstopo:routepoint_id>2100962074</swisstopo:routepoint_id>
				</extensions>
			</trkpt>
			<trkpt lat="46.2653540685" lon="8.0579387304">
				<ele>2397.4</ele>
				<time>1970-01-01T01:00:00+01:00</time>
				<extensions>
					<swisstopo:routepoint_id>1703474034</swisstopo:routepoint_id>
				</extensions>
			</trkpt>
			<trkpt lat="46.2653502710" lon="8.0579808936">
				<ele>2397.8</ele>
				<time>1970-01-01T01:00:00+01:00</time>
				<extensions>
					<swisstopo:routepoint_id>1465502916</swisstopo:routepoint_id>
				</extensions>
			</trkpt>
			<trkpt lat="46.2653349827" lon="8.0580342631">
				<ele>2398.1</ele>
				<time>1970-01-01T01:00:00+01:00</time>
				<extensions>
					<swisstopo:routepoint_id>266679603</swisstopo:routepoint_id>
				</extensions>
			</trkpt>
			<trkpt lat="46.2653054085" lon="8.0580895219">
				<ele>2399.2</ele>
				<time>1970-01-01T01:00:00+01:00</time>
				<extensions>
					<swisstopo:routepoint_id>2093126443</swisstopo:routepoint_id>
				</extensions>
			</trkpt>
			<trkpt lat="46.2652830631" lon="8.0581273697">
				<ele>2399.9</ele>
				<time>1970-01-01T01:00:00+01:00</time>
				<extensions>
					<swisstopo:routepoint_id>1925865685</swisstopo:routepoint_id>
				</extensions>
			</trkpt>
			<trkpt lat="46.2652714372" lon="8.0581632623">
				<ele>2400.7</ele>
				<time>1970-01-01T01:00:00+01:00</time>
				<extensions>
					<swisstopo:routepoint_id>1773427404</swisstopo:routepoint_id>
				</extensions>
			</trkpt>
			<trkpt lat="46.2652520344" lon="8.0581867286">
				<ele>2401.4</ele>
				<time>1970-01-01T01:00:00+01:00</time>
				<extensions>
					<swisstopo:routepoint_id>194319024</swisstopo:routepoint_id>
				</extensions>
			</trkpt>
			<trkpt lat="46.2652361699" lon="8.0582153780">
				<ele>2402.0</ele>
				<time>1970-01-01T01:00:00+01:00</time>
				<extensions>
					<swisstopo:routepoint_id>1962516376</swisstopo:routepoint_id>
				</extensions>
			</trkpt>
			<trkpt lat="46.2652238607" lon="8.0582461200">
				<ele>2402.9</ele>
				<time>1970-01-01T01:00:00+01:00</time>
				<extensions>
					<swisstopo:routepoint_id>48994207</swisstopo:routepoint_id>
				</extensions>
			</trkpt>
			<trkpt lat="46.2652236294" lon="8.0582883364">
				<ele>2403.7</ele>
				<time>1970-01-01T01:00:00+01:00</time>
				<extensions>
					<swisstopo:routepoint_id>282501045</swisstopo:routepoint_id>
				</extensions>
			</trkpt>
			<trkpt lat="46.2652297857" lon="8.0583367944">
				<ele>2404.5</ele>
				<time>1970-01-01T01:00:00+01:00</time>
				<extensions>
					<swisstopo:routepoint_id>1081631625</swisstopo:routepoint_id>
				</extensions>
			</trkpt>
			<trkpt lat="46.2652180895" lon="8.0583871137">
				<ele>2405.7</ele>
				<time>1970-01-01T01:00:00+01:00</time>
				<extensions>
					<swisstopo:routepoint_id>1805487960</swisstopo:routepoint_id>
				</extensions>
			</trkpt>
			<trkpt lat="46.2652043346" lon="8.0584219559">
				<ele>2406.7</ele>
				<time>1970-01-01T01:00:00+01:00</time>
				<extensions>
					<swisstopo:routepoint_id>1631920806</swisstopo:routepoint_id>
				</extensions>
			</trkpt>
			<trkpt lat="46.2651826642" lon="8.0584680448">
				<ele>2407.8</ele>
				<time>1970-01-01T01:00:00+01:00</time>
				<extensions>
					<swisstopo:routepoint_id>764403864</swisstopo:routepoint_id>
				</extensions>
			</trkpt>
			<trkpt lat="46.2651609482" lon="8.0585192633">
				<ele>2408.4</ele>
				<time>1970-01-01T01:00:00+01:00</time>
				<extensions>
					<swisstopo:routepoint_id>1595823327</swisstopo:routepoint_id>
				</extensions>
			</trkpt>
			<trkpt lat="46.2651478739" lon="8.0585613461">
				<ele>2408.9</ele>
				<time>1970-01-01T01:00:00+01:00</time>
				<extensions>
					<swisstopo:routepoint_id>1118070114</swisstopo:routepoint_id>
				</extensions>
			</trkpt>
			<trkpt lat="46.2651382897" lon="8.0586157935">
				<ele>2409.0</ele>
				<time>1970-01-01T01:00:00+01:00</time>
				<extensions>
					<swisstopo:routepoint_id>492403877</swisstopo:routepoint_id>
				</extensions>
			</trkpt>
			<trkpt lat="46.2651315378" lon="8.0586744025">
				<ele>2409.4</ele>
				<time>1970-01-01T01:00:00+01:00</time>
				<extensions>
					<swisstopo:routepoint_id>911444246</swisstopo:routepoint_id>
				</extensions>
			</trkpt>
			<trkpt lat="46.2651220074" lon="8.0587206297">
				<ele>2410.4</ele>
				<time>1970-01-01T01:00:00+01:00</time>
				<extensions>
					<swisstopo:routepoint_id>658432628</swisstopo:routepoint_id>
				</extensions>
			</trkpt>
			<trkpt lat="46.2651246593" lon="8.0587577107">
				<ele>2410.9</ele>
				<time>1970-01-01T01:00:00+01:00</time>
				<extensions>
					<swisstopo:routepoint_id>1092691047</swisstopo:routepoint_id>
				</extensions>
			</trkpt>
			<trkpt lat="46.2651430602" lon="8.0587888279">
				<ele>2410.8</ele>
				<time>1970-01-01T01:00:00+01:00</time>
				<extensions>
					<swisstopo:routepoint_id>1963408370</swisstopo:routepoint_id>
				</extensions>
			</trkpt>
			<trkpt lat="46.2651601052" lon="8.0588044506">
				<ele>2410.9</ele>
				<time>1970-01-01T01:00:00+01:00</time>
				<extensions>
					<swisstopo:routepoint_id>870156094</swisstopo:routepoint_id>
				</extensions>
			</trkpt>
			<trkpt lat="46.2651870540" lon="8.0588387433">
				<ele>2410.7</ele>
				<time>1970-01-01T01:00:00+01:00</time>
				<extensions>
					<swisstopo:routepoint_id>216109398</swisstopo:routepoint_id>
				</extensions>
			</trkpt>
			<trkpt lat="46.2652004366" lon="8.0588718427">
				<ele>2410.9</ele>
				<time>1970-01-01T01:00:00+01:00</time>
				<extensions>
					<swisstopo:routepoint_id>885704628</swisstopo:routepoint_id>
				</extensions>
			</trkpt>
			<trkpt lat="46.2652202607" lon="8.0589029508">
				<ele>2411.5</ele>
				<time>1970-01-01T01:00:00+01:00</time>
				<extensions>
					<swisstopo:routepoint_id>871464325</swisstopo:routepoint_id>
				</extensions>
			</trkpt>
			<trkpt lat="46.2652357358" lon="8.0589453336">
				<ele>2412.2</ele>
				<time>1970-01-01T01:00:00+01:00</time>
				<extensions>
					<swisstopo:routepoint_id>1409129828</swisstopo:routepoint_id>
				</extensions>
			</trkpt>
			<trkpt lat="46.2652455743" lon="8.0589742885">
				<ele>2412.8</ele>
				<time>1970-01-01T01:00:00+01:00</time>
				<extensions>
					<swisstopo:routepoint_id>66372145</swisstopo:routepoint_id>
				</extensions>
			</trkpt>
			<trkpt lat="46.2652354987" lon="8.0589885760">
				<ele>2413.4</ele>
				<time>1970-01-01T01:00:00+01:00</time>
				<extensions>
					<swisstopo:routepoint_id>991404717</swisstopo:routepoint_id>
				</extensions>
			</trkpt>
			<trkpt lat="46.2652126503" lon="8.0589883155">
				<ele>2414.1</ele>
				<time>1970-01-01T01:00:00+01:00</time>
				<extensions>
					<swisstopo:routepoint_id>1089132636</swisstopo:routepoint_id>
				</extensions>
			</trkpt>
			<trkpt lat="46.2652026116" lon="8.0589974606">
				<ele>2414.4</ele>
				<time>1970-01-01T01:00:00+01:00</time>
				<extensions>
					<swisstopo:routepoint_id>1638603087</swisstopo:routepoint_id>
				</extensions>
			</trkpt>
			<trkpt lat="46.2652016993" lon="8.0590324617">
				<ele>2415.3</ele>
				<time>1970-01-01T01:00:00+01:00</time>
				<extensions>
					<swisstopo:routepoint_id>1834282471</swisstopo:routepoint_id>
				</extensions>
			</trkpt>
			<trkpt lat="46.2651971697" lon="8.0590766811">
				<ele>2416.5</ele>
				<time>1970-01-01T01:00:00+01:00</time>
				<extensions>
					<swisstopo:routepoint_id>1757831238</swisstopo:routepoint_id>
				</extensions>
			</trkpt>
			<trkpt lat="46.2651862693" lon="8.0591115683">
				<ele>2417.7</ele>
				<time>1970-01-01T01:00:00+01:00</time>
				<extensions>
					<swisstopo:routepoint_id>1687120879</swisstopo:routepoint_id>
				</extensions>
			</trkpt>
			<trkpt lat="46.2651661857" lon="8.0591278064">
				<ele>2418.6</ele>
				<time>1970-01-01T01:00:00+01:00</time>
				<extensions>
					<swisstopo:routepoint_id>640735847</swisstopo:routepoint_id>
				</extensions>
			</trkpt>
			<trkpt lat="46.2651567398" lon="8.0591585807">
				<ele>2419.3</ele>
				<time>1970-01-01T01:00:00+01:00</time>
				<extensions>
					<swisstopo:routepoint_id>1898807419</swisstopo:routepoint_id>
				</extensions>
			</trkpt>
			<trkpt lat="46.2651521932" lon="8.0592059033">
				<ele>2420.2</ele>
				<time>1970-01-01T01:00:00+01:00</time>
				<extensions>
					<swisstopo:routepoint_id>2110832956</swisstopo:routepoint_id>
				</extensions>
			</trkpt>
			<trkpt lat="46.2651447521" lon="8.0592603750">
				<ele>2421.1</ele>
				<time>1970-01-01T01:00:00+01:00</time>
				<extensions>
					<swisstopo:routepoint_id>1724433197</swisstopo:routepoint_id>
				</extensions>
			</trkpt>
			<trkpt lat="46.2651310251" lon="8.0592900745">
				<ele>2421.5</ele>
				<time>1970-01-01T01:00:00+01:00</time>
				<extensions>
					<swisstopo:routepoint_id>2059301627</swisstopo:routepoint_id>
				</extensions>
			</trkpt>
			<trkpt lat="46.2651100715" lon="8.0593351452">
				<ele>2422.1</ele>
				<time>1970-01-01T01:00:00+01:00</time>
				<extensions>
					<swisstopo:routepoint_id>880884751</swisstopo:routepoint_id>
				</extensions>
			</trkpt>
			<trkpt lat="46.2650926732" lon="8.0593823084">
				<ele>2422.7</ele>
				<time>1970-01-01T01:00:00+01:00</time>
				<extensions>
					<swisstopo:routepoint_id>390989895</swisstopo:routepoint_id>
				</extensions>
			</trkpt>
			<trkpt lat="46.2650759865" lon="8.0594294671">
				<ele>2423.4</ele>
				<time>1970-01-01T01:00:00+01:00</time>
				<extensions>
					<swisstopo:routepoint_id>798063886</swisstopo:routepoint_id>
				</extensions>
			</trkpt>
			<trkpt lat="46.2650550328" lon="8.0594745376">
				<ele>2424.2</ele>
				<time>1970-01-01T01:00:00+01:00</time>
				<extensions>
					<swisstopo:routepoint_id>317227761</swisstopo:routepoint_id>
				</extensions>
			</trkpt>
			<trkpt lat="46.2650482949" lon="8.0595321207">
				<ele>2425.0</ele>
				<time>1970-01-01T01:00:00+01:00</time>
				<extensions>
					<swisstopo:routepoint_id>209664633</swisstopo:routepoint_id>
				</extensions>
			</trkpt>
			<trkpt lat="46.2650466427" lon="8.0595722434">
				<ele>2425.5</ele>
				<time>1970-01-01T01:00:00+01:00</time>
				<extensions>
					<swisstopo:routepoint_id>513850692</swisstopo:routepoint_id>
				</extensions>
			</trkpt>
			<trkpt lat="46.2650348580" lon="8.0596369763">
				<ele>2426.3</ele>
				<time>1970-01-01T01:00:00+01:00</time>
				<extensions>
					<swisstopo:routepoint_id>271999986</swisstopo:routepoint_id>
				</extensions>
			</trkpt>
			<trkpt lat="46.2650202893" lon="8.0596903532">
				<ele>2426.6</ele>
				<time>1970-01-01T01:00:00+01:00</time>
				<extensions>
					<swisstopo:routepoint_id>684379081</swisstopo:routepoint_id>
				</extensions>
			</trkpt>
			<trkpt lat="46.2650072004" lon="8.0597334360">
				<ele>2426.6</ele>
				<time>1970-01-01T01:00:00+01:00</time>
				<extensions>
					<swisstopo:routepoint_id>459637486</swisstopo:routepoint_id>
				</extensions>
			</trkpt>
			<trkpt lat="46.2649905360" lon="8.0597764907">
				<ele>2426.5</ele>
				<time>1970-01-01T01:00:00+01:00</time>
				<extensions>
					<swisstopo:routepoint_id>1547196478</swisstopo:routepoint_id>
				</extensions>
			</trkpt>
			<trkpt lat="46.2649803445" lon="8.0598134504">
				<ele>2426.5</ele>
				<time>1970-01-01T01:00:00+01:00</time>
				<extensions>
					<swisstopo:routepoint_id>1095519523</swisstopo:routepoint_id>
				</extensions>
			</trkpt>
			<trkpt lat="46.2649680574" lon="8.0598400626">
				<ele>2426.4</ele>
				<time>1970-01-01T01:00:00+01:00</time>
				<extensions>
					<swisstopo:routepoint_id>1935760182</swisstopo:routepoint_id>
				</extensions>
			</trkpt>
			<trkpt lat="46.2649706128" lon="8.0598946610">
				<ele>2426.7</ele>
				<time>1970-01-01T01:00:00+01:00</time>
				<extensions>
					<swisstopo:routepoint_id>876581649</swisstopo:routepoint_id>
				</extensions>
			</trkpt>
			<trkpt lat="46.2649760963" lon="8.0599359165">
				<ele>2427.0</ele>
				<time>1970-01-01T01:00:00+01:00</time>
				<extensions>
					<swisstopo:routepoint_id>1077703742</swisstopo:routepoint_id>
				</extensions>
			</trkpt>
			<trkpt lat="46.2649736364" lon="8.0599935356">
				<ele>2427.7</ele>
				<time>1970-01-01T01:00:00+01:00</time>
				<extensions>
					<swisstopo:routepoint_id>2146175417</swisstopo:routepoint_id>
				</extensions>
			</trkpt>
			<trkpt lat="46.2649725798" lon="8.0600563262">
				<ele>2428.6</ele>
				<time>1970-01-01T01:00:00+01:00</time>
				<extensions>
					<swisstopo:routepoint_id>954463218</swisstopo:routepoint_id>
				</extensions>
			</trkpt>
			<trkpt lat="46.2649722686" lon="8.0601129565">
				<ele>2429.0</ele>
				<time>1970-01-01T01:00:00+01:00</time>
				<extensions>
					<swisstopo:routepoint_id>819332483</swisstopo:routepoint_id>
				</extensions>
			</trkpt>
			<trkpt lat="46.2649748351" lon="8.0601654902">
				<ele>2429.5</ele>
				<time>1970-01-01T01:00:00+01:00</time>
				<extensions>
					<swisstopo:routepoint_id>2027543256</swisstopo:routepoint_id>
				</extensions>
			</trkpt>
			<trkpt lat="46.2649738011" lon="8.0602241642">
				<ele>2429.7</ele>
				<time>1970-01-01T01:00:00+01:00</time>
				<extensions>
					<swisstopo:routepoint_id>319997192</swisstopo:routepoint_id>
				</extensions>
			</trkpt>
			<trkpt lat="46.2649706746" lon="8.0602735422">
				<ele>2429.9</ele>
				<time>1970-01-01T01:00:00+01:00</time>
				<extensions>
					<swisstopo:routepoint_id>575252706</swisstopo:routepoint_id>
				</extensions>
			</trkpt>
			<trkpt lat="46.2649603723" lon="8.0603290323">
				<ele>2430.6</ele>
				<time>1970-01-01T01:00:00+01:00</time>
				<extensions>
					<swisstopo:routepoint_id>1304605894</swisstopo:routepoint_id>
				</extensions>
			</trkpt>
			<trkpt lat="46.2649507646" lon="8.0603876083">
				<ele>2431.1</ele>
				<time>1970-01-01T01:00:00+01:00</time>
				<extensions>
					<swisstopo:routepoint_id>1478785045</swisstopo:routepoint_id>
				</extensions>
			</trkpt>
			<trkpt lat="46.2649383447" lon="8.0604399708">
				<ele>2431.6</ele>
				<time>1970-01-01T01:00:00+01:00</time>
				<extensions>
					<swisstopo:routepoint_id>2098965856</swisstopo:routepoint_id>
				</extensions>
			</trkpt>
			<trkpt lat="46.2649216064" lon="8.0604964133">
				<ele>2432.3</ele>
				<time>1970-01-01T01:00:00+01:00</time>
				<extensions>
					<swisstopo:routepoint_id>1193546624</swisstopo:routepoint_id>
				</extensions>
			</trkpt>
			<trkpt lat="46.2649126963" lon="8.0605591140">
				<ele>2432.9</ele>
				<time>1970-01-01T01:00:00+01:00</time>
				<extensions>
					<swisstopo:routepoint_id>2006507467</swisstopo:routepoint_id>
				</extensions>
			</trkpt>
			<trkpt lat="46.2648966727" lon="8.0606165906">
				<ele>2433.6</ele>
				<time>1970-01-01T01:00:00+01:00</time>
				<extensions>
					<swisstopo:routepoint_id>1723771571</swisstopo:routepoint_id>
				</extensions>
			</trkpt>
			<trkpt lat="46.2648841817" lon="8.0606802764">
				<ele>2434.2</ele>
				<time>1970-01-01T01:00:00+01:00</time>
				<extensions>
					<swisstopo:routepoint_id>1063786298</swisstopo:routepoint_id>
				</extensions>
			</trkpt>
			<trkpt lat="46.2648710778" lon="8.0607243973">
				<ele>2434.6</ele>
				<time>1970-01-01T01:00:00+01:00</time>
				<extensions>
					<swisstopo:routepoint_id>1986989439</swisstopo:routepoint_id>
				</extensions>
			</trkpt>
			<trkpt lat="46.2648657824" lon="8.0607799319">
				<ele>2435.2</ele>
				<time>1970-01-01T01:00:00+01:00</time>
				<extensions>
					<swisstopo:routepoint_id>1229948205</swisstopo:routepoint_id>
				</extensions>
			</trkpt>
			<trkpt lat="46.2648427132" lon="8.0608198221">
				<ele>2435.7</ele>
				<time>1970-01-01T01:00:00+01:00</time>
				<extensions>
					<swisstopo:routepoint_id>1333443302</swisstopo:routepoint_id>
				</extensions>
			</trkpt>
			<trkpt lat="46.2648189577" lon="8.0608535231">
				<ele>2436.3</ele>
				<time>1970-01-01T01:00:00+01:00</time>
				<extensions>
					<swisstopo:routepoint_id>1261237741</swisstopo:routepoint_id>
				</extensions>
			</trkpt>
			<trkpt lat="46.2647987806" lon="8.0608882909">
				<ele>2436.9</ele>
				<time>1970-01-01T01:00:00+01:00</time>
				<extensions>
					<swisstopo:routepoint_id>563656989</swisstopo:routepoint_id>
				</extensions>
			</trkpt>
			<trkpt lat="46.2647828644" lon="8.0609262109">
				<ele>2437.3</ele>
				<time>1970-01-01T01:00:00+01:00</time>
				<extensions>
					<swisstopo:routepoint_id>181325262</swisstopo:routepoint_id>
				</extensions>
			</trkpt>
			<trkpt lat="46.2647641726" lon="8.0609496841">
				<ele>2437.7</ele>
				<time>1970-01-01T01:00:00+01:00</time>
				<extensions>
					<swisstopo:routepoint_id>284213194</swisstopo:routepoint_id>
				</extensions>
			</trkpt>
			<trkpt lat="46.2647412449" lon="8.0609638241">
				<ele>2438.1</ele>
				<time>1970-01-01T01:00:00+01:00</time>
				<extensions>
					<swisstopo:routepoint_id>45227775</swisstopo:routepoint_id>
				</extensions>
			</trkpt>
			<trkpt lat="46.2647062566" lon="8.0609634239">
				<ele>2438.8</ele>
				<time>1970-01-01T01:00:00+01:00</time>
				<extensions>
					<swisstopo:routepoint_id>1672769199</swisstopo:routepoint_id>
				</extensions>
			</trkpt>
			<trkpt lat="46.2646641264" lon="8.0609629419">
				<ele>2439.4</ele>
				<time>1970-01-01T01:00:00+01:00</time>
				<extensions>
					<swisstopo:routepoint_id>54213206</swisstopo:routepoint_id>
				</extensions>
			</trkpt>
			<trkpt lat="46.2646419417" lon="8.0609729863">
				<ele>2439.8</ele>
				<time>1970-01-01T01:00:00+01:00</time>
				<extensions>
					<swisstopo:routepoint_id>872287156</swisstopo:routepoint_id>
				</extensions>
			</trkpt>
			<trkpt lat="46.2646196689" lon="8.0609974446">
				<ele>2440.2</ele>
				<time>1970-01-01T01:00:00+01:00</time>
				<extensions>
					<swisstopo:routepoint_id>1736343206</swisstopo:routepoint_id>
				</extensions>
			</trkpt>
			<trkpt lat="46.2645923525" lon="8.0610300785">
				<ele>2441.0</ele>
				<time>1970-01-01T01:00:00+01:00</time>
				<extensions>
					<swisstopo:routepoint_id>671360951</swisstopo:routepoint_id>
				</extensions>
			</trkpt>
			<trkpt lat="46.2645685263" lon="8.0610781933">
				<ele>2441.7</ele>
				<time>1970-01-01T01:00:00+01:00</time>
				<extensions>
					<swisstopo:routepoint_id>670614829</swisstopo:routepoint_id>
				</extensions>
			</trkpt>
			<trkpt lat="46.2645384004" lon="8.0611025489">
				<ele>2442.2</ele>
				<time>1970-01-01T01:00:00+01:00</time>
				<extensions>
					<swisstopo:routepoint_id>17815781</swisstopo:routepoint_id>
				</extensions>
			</trkpt>
			<trkpt lat="46.2645104063" lon="8.0611290062">
				<ele>2442.8</ele>
				<time>1970-01-01T01:00:00+01:00</time>
				<extensions>
					<swisstopo:routepoint_id>1937068413</swisstopo:routepoint_id>
				</extensions>
			</trkpt>
			<trkpt lat="46.2644944901" lon="8.0611669132">
				<ele>2443.3</ele>
				<time>1970-01-01T01:00:00+01:00</time>
				<extensions>
					<swisstopo:routepoint_id>2069602078</swisstopo:routepoint_id>
				</extensions>
			</trkpt>
			<trkpt lat="46.2644878049" lon="8.0612131720">
				<ele>2444.0</ele>
				<time>1970-01-01T01:00:00+01:00</time>
				<extensions>
					<swisstopo:routepoint_id>258371259</swisstopo:routepoint_id>
				</extensions>
			</trkpt>
			<trkpt lat="46.2644882702" lon="8.0612595126">
				<ele>2444.5</ele>
				<time>1970-01-01T01:00:00+01:00</time>
				<extensions>
					<swisstopo:routepoint_id>118632161</swisstopo:routepoint_id>
				</extensions>
			</trkpt>
			<trkpt lat="46.2644851175" lon="8.0613119804">
				<ele>2445.3</ele>
				<time>1970-01-01T01:00:00+01:00</time>
				<extensions>
					<swisstopo:routepoint_id>634466026</swisstopo:routepoint_id>
				</extensions>
			</trkpt>
			<trkpt lat="46.2644627911" lon="8.0613477619">
				<ele>2446.1</ele>
				<time>1970-01-01T01:00:00+01:00</time>
				<extensions>
					<swisstopo:routepoint_id>244079777</swisstopo:routepoint_id>
				</extensions>
			</trkpt>
			<trkpt lat="46.2644554906" lon="8.0613764953">
				<ele>2446.8</ele>
				<time>1970-01-01T01:00:00+01:00</time>
				<extensions>
					<swisstopo:routepoint_id>722937362</swisstopo:routepoint_id>
				</extensions>
			</trkpt>
			<trkpt lat="46.2644552809" lon="8.0614145947">
				<ele>2447.3</ele>
				<time>1970-01-01T01:00:00+01:00</time>
				<extensions>
					<swisstopo:routepoint_id>988695794</swisstopo:routepoint_id>
				</extensions>
			</trkpt>
			<trkpt lat="46.2644608352" lon="8.0614445140">
				<ele>2447.5</ele>
				<time>1970-01-01T01:00:00+01:00</time>
				<extensions>
					<swisstopo:routepoint_id>623770498</swisstopo:routepoint_id>
				</extensions>
			</trkpt>
			<trkpt lat="46.2644806611" lon="8.0614735706">
				<ele>2447.9</ele>
				<time>1970-01-01T01:00:00+01:00</time>
				<extensions>
					<swisstopo:routepoint_id>111059270</swisstopo:routepoint_id>
				</extensions>
			</trkpt>
			<trkpt lat="46.2645047371" lon="8.0615109093">
				<ele>2448.6</ele>
				<time>1970-01-01T01:00:00+01:00</time>
				<extensions>
					<swisstopo:routepoint_id>1619761226</swisstopo:routepoint_id>
				</extensions>
			</trkpt>
			<trkpt lat="46.2645295047" lon="8.0615503081">
				<ele>2448.9</ele>
				<time>1970-01-01T01:00:00+01:00</time>
				<extensions>
					<swisstopo:routepoint_id>375194285</swisstopo:routepoint_id>
				</extensions>
			</trkpt>
			<trkpt lat="46.2645436748" lon="8.0615710666">
				<ele>2449.1</ele>
				<time>1970-01-01T01:00:00+01:00</time>
				<extensions>
					<swisstopo:routepoint_id>129760326</swisstopo:routepoint_id>
				</extensions>
			</trkpt>
			<trkpt lat="46.2645570540" lon="8.0616062310">
				<ele>2449.6</ele>
				<time>1970-01-01T01:00:00+01:00</time>
				<extensions>
					<swisstopo:routepoint_id>19518028</swisstopo:routepoint_id>
				</extensions>
			</trkpt>
			<trkpt lat="46.2645683490" lon="8.0616290086">
				<ele>2450.2</ele>
				<time>1970-01-01T01:00:00+01:00</time>
				<extensions>
					<swisstopo:routepoint_id>493823365</swisstopo:routepoint_id>
				</extensions>
			</trkpt>
			<trkpt lat="46.2645910557" lon="8.0616549950">
				<ele>2451.1</ele>
				<time>1970-01-01T01:00:00+01:00</time>
				<extensions>
					<swisstopo:routepoint_id>1877826644</swisstopo:routepoint_id>
				</extensions>
			</trkpt>
			<trkpt lat="46.2646101642" lon="8.0616850822">
				<ele>2451.9</ele>
				<time>1970-01-01T01:00:00+01:00</time>
				<extensions>
					<swisstopo:routepoint_id>725751698</swisstopo:routepoint_id>
				</extensions>
			</trkpt>
			<trkpt lat="46.2646293893" lon="8.0616956005">
				<ele>2452.3</ele>
				<time>1970-01-01T01:00:00+01:00</time>
				<extensions>
					<swisstopo:routepoint_id>666291216</swisstopo:routepoint_id>
				</extensions>
			</trkpt>
			<trkpt lat="46.2646606979" lon="8.0617165427">
				<ele>2452.9</ele>
				<time>1970-01-01T01:00:00+01:00</time>
				<extensions>
					<swisstopo:routepoint_id>1152118040</swisstopo:routepoint_id>
				</extensions>
			</trkpt>
			<trkpt lat="46.2646940869" lon="8.0617457550">
				<ele>2453.9</ele>
				<time>1970-01-01T01:00:00+01:00</time>
				<extensions>
					<swisstopo:routepoint_id>977024546</swisstopo:routepoint_id>
				</extensions>
			</trkpt>
			<trkpt lat="46.2647096717" lon="8.0617696205">
				<ele>2454.5</ele>
				<time>1970-01-01T01:00:00+01:00</time>
				<extensions>
					<swisstopo:routepoint_id>518429214</swisstopo:routepoint_id>
				</extensions>
			</trkpt>
			<trkpt lat="46.2647345445" lon="8.0617915151">
				<ele>2455.1</ele>
				<time>1970-01-01T01:00:00+01:00</time>
				<extensions>
					<swisstopo:routepoint_id>656039710</swisstopo:routepoint_id>
				</extensions>
			</trkpt>
			<trkpt lat="46.2647544724" lon="8.0618020415">
				<ele>2455.6</ele>
				<time>1970-01-01T01:00:00+01:00</time>
				<extensions>
					<swisstopo:routepoint_id>229999988</swisstopo:routepoint_id>
				</extensions>
			</trkpt>
			<trkpt lat="46.2647715256" lon="8.0618176905">
				<ele>2456.4</ele>
				<time>1970-01-01T01:00:00+01:00</time>
				<extensions>
					<swisstopo:routepoint_id>1320424266</swisstopo:routepoint_id>
				</extensions>
			</trkpt>
			<trkpt lat="46.2647864754" lon="8.0618260952">
				<ele>2457.0</ele>
				<time>1970-01-01T01:00:00+01:00</time>
				<extensions>
					<swisstopo:routepoint_id>2083909641</swisstopo:routepoint_id>
				</extensions>
			</trkpt>
			<trkpt lat="46.2648085043" lon="8.0618459052">
				<ele>2457.8</ele>
				<time>1970-01-01T01:00:00+01:00</time>
				<extensions>
					<swisstopo:routepoint_id>1530335902</swisstopo:routepoint_id>
				</extensions>
			</trkpt>
			<trkpt lat="46.2648305586" lon="8.0618595468">
				<ele>2458.6</ele>
				<time>1970-01-01T01:00:00+01:00</time>
				<extensions>
					<swisstopo:routepoint_id>201672327</swisstopo:routepoint_id>
				</extensions>
			</trkpt>
			<trkpt lat="46.2648533388" lon="8.0618721579">
				<ele>2459.0</ele>
				<time>1970-01-01T01:00:00+01:00</time>
				<extensions>
					<swisstopo:routepoint_id>1718527424</swisstopo:routepoint_id>
				</extensions>
			</trkpt>
			<trkpt lat="46.2648776133" lon="8.0618734748">
				<ele>2459.7</ele>
				<time>1970-01-01T01:00:00+01:00</time>
				<extensions>
					<swisstopo:routepoint_id>881776186</swisstopo:routepoint_id>
				</extensions>
			</trkpt>
			<trkpt lat="46.2648968467" lon="8.0618808898">
				<ele>2460.1</ele>
				<time>1970-01-01T01:00:00+01:00</time>
				<extensions>
					<swisstopo:routepoint_id>748496398</swisstopo:routepoint_id>
				</extensions>
			</trkpt>
			<trkpt lat="46.2648995971" lon="8.0619015178">
				<ele>2460.5</ele>
				<time>1970-01-01T01:00:00+01:00</time>
				<extensions>
					<swisstopo:routepoint_id>1906928170</swisstopo:routepoint_id>
				</extensions>
			</trkpt>
			<trkpt lat="46.2648837543" lon="8.0619260494">
				<ele>2461.1</ele>
				<time>1970-01-01T01:00:00+01:00</time>
				<extensions>
					<swisstopo:routepoint_id>1818436252</swisstopo:routepoint_id>
				</extensions>
			</trkpt>
			<trkpt lat="46.2648572513" lon="8.0619401481">
				<ele>2462.2</ele>
				<time>1970-01-01T01:00:00+01:00</time>
				<extensions>
					<swisstopo:routepoint_id>1435136052</swisstopo:routepoint_id>
				</extensions>
			</trkpt>
			<trkpt lat="46.2648249791" lon="8.0619665561">
				<ele>2463.5</ele>
				<time>1970-01-01T01:00:00+01:00</time>
				<extensions>
					<swisstopo:routepoint_id>14291482</swisstopo:routepoint_id>
				</extensions>
			</trkpt>
			<trkpt lat="46.2648106105" lon="8.0619818325">
				<ele>2464.0</ele>
				<time>1970-01-01T01:00:00+01:00</time>
				<extensions>
					<swisstopo:routepoint_id>1543178447</swisstopo:routepoint_id>
				</extensions>
			</trkpt>
			<trkpt lat="46.2647898457" lon="8.0619908667">
				<ele>2464.7</ele>
				<time>1970-01-01T01:00:00+01:00</time>
				<extensions>
					<swisstopo:routepoint_id>1793253880</swisstopo:routepoint_id>
				</extensions>
			</trkpt>
			<trkpt lat="46.2647718627" lon="8.0620163871">
				<ele>2465.6</ele>
				<time>1970-01-01T01:00:00+01:00</time>
				<extensions>
					<swisstopo:routepoint_id>1767792927</swisstopo:routepoint_id>
				</extensions>
			</trkpt>
			<trkpt lat="46.2647402905" lon="8.0620448677">
				<ele>2466.5</ele>
				<time>1970-01-01T01:00:00+01:00</time>
				<extensions>
					<swisstopo:routepoint_id>611878092</swisstopo:routepoint_id>
				</extensions>
			</trkpt>
			<trkpt lat="46.2647066174" lon="8.0620640396">
				<ele>2467.4</ele>
				<time>1970-01-01T01:00:00+01:00</time>
				<extensions>
					<swisstopo:routepoint_id>1516418216</swisstopo:routepoint_id>
				</extensions>
			</trkpt>
			<trkpt lat="46.2646786516" lon="8.0620853414">
				<ele>2468.1</ele>
				<time>1970-01-01T01:00:00+01:00</time>
				<extensions>
					<swisstopo:routepoint_id>248576213</swisstopo:routepoint_id>
				</extensions>
			</trkpt>
			<trkpt lat="46.2646507456" lon="8.0620973718">
				<ele>2468.6</ele>
				<time>1970-01-01T01:00:00+01:00</time>
				<extensions>
					<swisstopo:routepoint_id>2128782592</swisstopo:routepoint_id>
				</extensions>
			</trkpt>
			<trkpt lat="46.2646256745" lon="8.0621114867">
				<ele>2469.0</ele>
				<time>1970-01-01T01:00:00+01:00</time>
				<extensions>
					<swisstopo:routepoint_id>1600243198</swisstopo:routepoint_id>
				</extensions>
			</trkpt>
			<trkpt lat="46.2645841397" lon="8.0621336717">
				<ele>2469.7</ele>
				<time>1970-01-01T01:00:00+01:00</time>
				<extensions>
					<swisstopo:routepoint_id>2028854567</swisstopo:routepoint_id>
				</extensions>
			</trkpt>
			<trkpt lat="46.2645547843" lon="8.0621456854">
				<ele>2470.0</ele>
				<time>1970-01-01T01:00:00+01:00</time>
				<extensions>
					<swisstopo:routepoint_id>399417330</swisstopo:routepoint_id>
				</extensions>
			</trkpt>
			<trkpt lat="46.2645347997" lon="8.0621454564">
				<ele>2470.2</ele>
				<time>1970-01-01T01:00:00+01:00</time>
				<extensions>
					<swisstopo:routepoint_id>1441249977</swisstopo:routepoint_id>
				</extensions>
			</trkpt>
			<trkpt lat="46.2645096944" lon="8.0621657649">
				<ele>2471.0</ele>
				<time>1970-01-01T01:00:00+01:00</time>
				<extensions>
					<swisstopo:routepoint_id>1975015797</swisstopo:routepoint_id>
				</extensions>
			</trkpt>
			<trkpt lat="46.2644881784" lon="8.0621819979">
				<ele>2471.6</ele>
				<time>1970-01-01T01:00:00+01:00</time>
				<extensions>
					<swisstopo:routepoint_id>725708604</swisstopo:routepoint_id>
				</extensions>
			</trkpt>
			<trkpt lat="46.2645088127" lon="8.0621966365">
				<ele>2472.4</ele>
				<time>1970-01-01T01:00:00+01:00</time>
				<extensions>
					<swisstopo:routepoint_id>1896210800</swisstopo:routepoint_id>
				</extensions>
			</trkpt>
			<trkpt lat="46.2645422159" lon="8.0622248231">
				<ele>2473.6</ele>
				<time>1970-01-01T01:00:00+01:00</time>
				<extensions>
					<swisstopo:routepoint_id>147862001</swisstopo:routepoint_id>
				</extensions>
			</trkpt>
			<trkpt lat="46.2645628301" lon="8.0622415263">
				<ele>2474.6</ele>
				<time>1970-01-01T01:00:00+01:00</time>
				<extensions>
					<swisstopo:routepoint_id>496078329</swisstopo:routepoint_id>
				</extensions>
			</trkpt>
			<trkpt lat="46.2645956127" lon="8.0622532262">
				<ele>2475.5</ele>
				<time>1970-01-01T01:00:00+01:00</time>
				<extensions>
					<swisstopo:routepoint_id>747024558</swisstopo:routepoint_id>
				</extensions>
			</trkpt>
			<trkpt lat="46.2646076960" lon="8.0622636629">
				<ele>2476.0</ele>
				<time>1970-01-01T01:00:00+01:00</time>
				<extensions>
					<swisstopo:routepoint_id>1345488596</swisstopo:routepoint_id>
				</extensions>
			</trkpt>
			<trkpt lat="46.2646239893" lon="8.0622864979">
				<ele>2477.0</ele>
				<time>1970-01-01T01:00:00+01:00</time>
				<extensions>
					<swisstopo:routepoint_id>719613717</swisstopo:routepoint_id>
				</extensions>
			</trkpt>
			<trkpt lat="46.2646581810" lon="8.0623023435">
				<ele>2478.2</ele>
				<time>1970-01-01T01:00:00+01:00</time>
				<extensions>
					<swisstopo:routepoint_id>847147734</swisstopo:routepoint_id>
				</extensions>
			</trkpt>
			<trkpt lat="46.2646723737" lon="8.0623189731">
				<ele>2479.2</ele>
				<time>1970-01-01T01:00:00+01:00</time>
				<extensions>
					<swisstopo:routepoint_id>1118751939</swisstopo:routepoint_id>
				</extensions>
			</trkpt>
			<trkpt lat="46.2646815396" lon="8.0623407005">
				<ele>2480.2</ele>
				<time>1970-01-01T01:00:00+01:00</time>
				<extensions>
					<swisstopo:routepoint_id>365382217</swisstopo:routepoint_id>
				</extensions>
			</trkpt>
			<trkpt lat="46.2646742926" lon="8.0623581230">
				<ele>2481.1</ele>
				<time>1970-01-01T01:00:00+01:00</time>
				<extensions>
					<swisstopo:routepoint_id>648559716</swisstopo:routepoint_id>
				</extensions>
			</trkpt>
			<trkpt lat="46.2646527909" lon="8.0623733174">
				<ele>2481.7</ele>
				<time>1970-01-01T01:00:00+01:00</time>
				<extensions>
					<swisstopo:routepoint_id>1600659577</swisstopo:routepoint_id>
				</extensions>
			</trkpt>
			<trkpt lat="46.2646362449" lon="8.0623947500">
				<ele>2482.7</ele>
				<time>1970-01-01T01:00:00+01:00</time>
				<extensions>
					<swisstopo:routepoint_id>1959082902</swisstopo:routepoint_id>
				</extensions>
			</trkpt>
			<trkpt lat="46.2646211192" lon="8.0624182510">
				<ele>2483.5</ele>
				<time>1970-01-01T01:00:00+01:00</time>
				<extensions>
					<swisstopo:routepoint_id>1210823581</swisstopo:routepoint_id>
				</extensions>
			</trkpt>
			<trkpt lat="46.2645967286" lon="8.0624395936">
				<ele>2484.6</ele>
				<time>1970-01-01T01:00:00+01:00</time>
				<extensions>
					<swisstopo:routepoint_id>1460843994</swisstopo:routepoint_id>
				</extensions>
			</trkpt>
			<trkpt lat="46.2645659078" lon="8.0624608625">
				<ele>2485.4</ele>
				<time>1970-01-01T01:00:00+01:00</time>
				<extensions>
					<swisstopo:routepoint_id>1892636688</swisstopo:routepoint_id>
				</extensions>
			</trkpt>
			<trkpt lat="46.2645320925" lon="8.0625057840">
				<ele>2487.0</ele>
				<time>1970-01-01T01:00:00+01:00</time>
				<extensions>
					<swisstopo:routepoint_id>275257805</swisstopo:routepoint_id>
				</extensions>
			</trkpt>
			<trkpt lat="46.2645069620" lon="8.0625322482">
				<ele>2487.8</ele>
				<time>1970-01-01T01:00:00+01:00</time>
				<extensions>
					<swisstopo:routepoint_id>1789365820</swisstopo:routepoint_id>
				</extensions>
			</trkpt>
			<trkpt lat="46.2644810996" lon="8.0625607939">
				<ele>2488.9</ele>
				<time>1970-01-01T01:00:00+01:00</time>
				<extensions>
					<swisstopo:routepoint_id>393982203</swisstopo:routepoint_id>
				</extensions>
			</trkpt>
			<trkpt lat="46.2644559319" lon="8.0625924130">
				<ele>2489.9</ele>
				<time>1970-01-01T01:00:00+01:00</time>
				<extensions>
					<swisstopo:routepoint_id>931300355</swisstopo:routepoint_id>
				</extensions>
			</trkpt>
			<trkpt lat="46.2644436384" lon="8.0626200756">
				<ele>2490.5</ele>
				<time>1970-01-01T01:00:00+01:00</time>
				<extensions>
					<swisstopo:routepoint_id>276835663</swisstopo:routepoint_id>
				</extensions>
			</trkpt>
			<trkpt lat="46.2644120663" lon="8.0626485432">
				<ele>2491.8</ele>
				<time>1970-01-01T01:00:00+01:00</time>
				<extensions>
					<swisstopo:routepoint_id>1519216714</swisstopo:routepoint_id>
				</extensions>
			</trkpt>
			<trkpt lat="46.2643791133" lon="8.0626677228">
				<ele>2493.0</ele>
				<time>1970-01-01T01:00:00+01:00</time>
				<extensions>
					<swisstopo:routepoint_id>630579148</swisstopo:routepoint_id>
				</extensions>
			</trkpt>
			<trkpt lat="46.2643455056" lon="8.0626766093">
				<ele>2494.1</ele>
				<time>1970-01-01T01:00:00+01:00</time>
				<extensions>
					<swisstopo:routepoint_id>2063658666</swisstopo:routepoint_id>
				</extensions>
			</trkpt>
			<trkpt lat="46.2643089749" lon="8.0626977998">
				<ele>2495.4</ele>
				<time>1970-01-01T01:00:00+01:00</time>
				<extensions>
					<swisstopo:routepoint_id>367205293</swisstopo:routepoint_id>
				</extensions>
			</trkpt>
			<trkpt lat="46.2642745673" lon="8.0627210919">
				<ele>2496.8</ele>
				<time>1970-01-01T01:00:00+01:00</time>
				<extensions>
					<swisstopo:routepoint_id>1729365262</swisstopo:routepoint_id>
				</extensions>
			</trkpt>
			<trkpt lat="46.2642358760" lon="8.0627453610">
				<ele>2498.2</ele>
				<time>1970-01-01T01:00:00+01:00</time>
				<extensions>
					<swisstopo:routepoint_id>158993220</swisstopo:routepoint_id>
				</extensions>
			</trkpt>
			<trkpt lat="46.2641943468" lon="8.0627665067">
				<ele>2499.4</ele>
				<time>1970-01-01T01:00:00+01:00</time>
				<extensions>
					<swisstopo:routepoint_id>53838770</swisstopo:routepoint_id>
				</extensions>
			</trkpt>
			<trkpt lat="46.2641692757" lon="8.0627806212">
				<ele>2500.2</ele>
				<time>1970-01-01T01:00:00+01:00</time>
				<extensions>
					<swisstopo:routepoint_id>1821192374</swisstopo:routepoint_id>
				</extensions>
			</trkpt>
			<trkpt lat="46.2641413665" lon="8.0627916251">
				<ele>2501.1</ele>
				<time>1970-01-01T01:00:00+01:00</time>
				<extensions>
					<swisstopo:routepoint_id>1692522825</swisstopo:routepoint_id>
				</extensions>
			</trkpt>
			<trkpt lat="46.2641240349" lon="8.0628264371">
				<ele>2502.1</ele>
				<time>1970-01-01T01:00:00+01:00</time>
				<extensions>
					<swisstopo:routepoint_id>1827153796</swisstopo:routepoint_id>
				</extensions>
			</trkpt>
			<trkpt lat="46.2641146448" lon="8.0628469254">
				<ele>2503.2</ele>
				<time>1970-01-01T01:00:00+01:00</time>
				<extensions>
					<swisstopo:routepoint_id>229630274</swisstopo:routepoint_id>
				</extensions>
			</trkpt>
			<trkpt lat="46.2641366056" lon="8.0628790849">
				<ele>2504.6</ele>
				<time>1970-01-01T01:00:00+01:00</time>
				<extensions>
					<swisstopo:routepoint_id>1149186242</swisstopo:routepoint_id>
				</extensions>
			</trkpt>
			<trkpt lat="46.2641663399" lon="8.0629257611">
				<ele>2505.9</ele>
				<time>1970-01-01T01:00:00+01:00</time>
				<extensions>
					<swisstopo:routepoint_id>949857053</swisstopo:routepoint_id>
				</extensions>
			</trkpt>
			<trkpt lat="46.2641904434" lon="8.0629548672">
				<ele>2506.6</ele>
				<time>1970-01-01T01:00:00+01:00</time>
				<extensions>
					<swisstopo:routepoint_id>1923948260</swisstopo:routepoint_id>
				</extensions>
			</trkpt>
			<trkpt lat="46.2642231780" lon="8.0629768523">
				<ele>2507.0</ele>
				<time>1970-01-01T01:00:00+01:00</time>
				<extensions>
					<swisstopo:routepoint_id>2047360472</swisstopo:routepoint_id>
				</extensions>
			</trkpt>
			<trkpt lat="46.2642644597" lon="8.0629989483">
				<ele>2508.1</ele>
				<time>1970-01-01T01:00:00+01:00</time>
				<extensions>
					<swisstopo:routepoint_id>226736657</swisstopo:routepoint_id>
				</extensions>
			</trkpt>
			<trkpt lat="46.2642930438" lon="8.0629961856">
				<ele>2509.0</ele>
				<time>1970-01-01T01:00:00+01:00</time>
				<extensions>
					<swisstopo:routepoint_id>354231500</swisstopo:routepoint_id>
				</extensions>
			</trkpt>
			<trkpt lat="46.2643116734" lon="8.0629840619">
				<ele>2509.4</ele>
				<time>1970-01-01T01:00:00+01:00</time>
				<extensions>
					<swisstopo:routepoint_id>198588017</swisstopo:routepoint_id>
				</extensions>
			</trkpt>
			<trkpt lat="46.2643238420" lon="8.0629790462">
				<ele>2509.6</ele>
				<time>1970-01-01T01:00:00+01:00</time>
				<extensions>
					<swisstopo:routepoint_id>1665576010</swisstopo:routepoint_id>
				</extensions>
			</trkpt>
			<trkpt lat="46.2643344479" lon="8.0629976995">
				<ele>2510.2</ele>
				<time>1970-01-01T01:00:00+01:00</time>
				<extensions>
					<swisstopo:routepoint_id>553782963</swisstopo:routepoint_id>
				</extensions>
			</trkpt>
			<trkpt lat="46.2643106607" lon="8.0630386188">
				<ele>2511.5</ele>
				<time>1970-01-01T01:00:00+01:00</time>
				<extensions>
					<swisstopo:routepoint_id>1585219783</swisstopo:routepoint_id>
				</extensions>
			</trkpt>
			<trkpt lat="46.2642918718" lon="8.0630795829">
				<ele>2512.7</ele>
				<time>1970-01-01T01:00:00+01:00</time>
				<extensions>
					<swisstopo:routepoint_id>139815582</swisstopo:routepoint_id>
				</extensions>
			</trkpt>
			<trkpt lat="46.2642780415" lon="8.0631277986">
				<ele>2514.0</ele>
				<time>1970-01-01T01:00:00+01:00</time>
				<extensions>
					<swisstopo:routepoint_id>66446213</swisstopo:routepoint_id>
				</extensions>
			</trkpt>
			<trkpt lat="46.2642699723" lon="8.0631668336">
				<ele>2515.1</ele>
				<time>1970-01-01T01:00:00+01:00</time>
				<extensions>
					<swisstopo:routepoint_id>935565776</swisstopo:routepoint_id>
				</extensions>
			</trkpt>
			<trkpt lat="46.2642547726" lon="8.0632037220">
				<ele>2516.2</ele>
				<time>1970-01-01T01:00:00+01:00</time>
				<extensions>
					<swisstopo:routepoint_id>1818961822</swisstopo:routepoint_id>
				</extensions>
			</trkpt>
			<trkpt lat="46.2642525325" lon="8.0632212018">
				<ele>2516.8</ele>
				<time>1970-01-01T01:00:00+01:00</time>
				<extensions>
					<swisstopo:routepoint_id>1498654485</swisstopo:routepoint_id>
				</extensions>
			</trkpt>
			<trkpt lat="46.2642682903" lon="8.0632121106">
				<ele>2517.0</ele>
				<time>1970-01-01T01:00:00+01:00</time>
				<extensions>
					<swisstopo:routepoint_id>1491441098</swisstopo:routepoint_id>
				</extensions>
			</trkpt>
			<trkpt lat="46.2642962961" lon="8.0631836026">
				<ele>2517.5</ele>
				<time>1970-01-01T01:00:00+01:00</time>
				<extensions>
					<swisstopo:routepoint_id>1512530156</swisstopo:routepoint_id>
				</extensions>
			</trkpt>
			<trkpt lat="46.2643236189" lon="8.0631499439">
				<ele>2518.2</ele>
				<time>1970-01-01T01:00:00+01:00</time>
				<extensions>
					<swisstopo:routepoint_id>1022249137</swisstopo:routepoint_id>
				</extensions>
			</trkpt>
			<trkpt lat="46.2643357671" lon="8.0631470053">
				<ele>2518.6</ele>
				<time>1970-01-01T01:00:00+01:00</time>
				<extensions>
					<swisstopo:routepoint_id>300721207</swisstopo:routepoint_id>
				</extensions>
			</trkpt>
			<trkpt lat="46.2643313440" lon="8.0631716547">
				<ele>2519.0</ele>
				<time>1970-01-01T01:00:00+01:00</time>
				<extensions>
					<swisstopo:routepoint_id>360660645</swisstopo:routepoint_id>
				</extensions>
			</trkpt>
			<trkpt lat="46.2643117355" lon="8.0632321795">
				<ele>2520.4</ele>
				<time>1970-01-01T01:00:00+01:00</time>
				<extensions>
					<swisstopo:routepoint_id>1152011420</swisstopo:routepoint_id>
				</extensions>
			</trkpt>
			<trkpt lat="46.2642972417" lon="8.0632701021">
				<ele>2521.3</ele>
				<time>1970-01-01T01:00:00+01:00</time>
				<extensions>
					<swisstopo:routepoint_id>1048697534</swisstopo:routepoint_id>
				</extensions>
			</trkpt>
			<trkpt lat="46.2642827565" lon="8.0633080375">
				<ele>2522.3</ele>
				<time>1970-01-01T01:00:00+01:00</time>
				<extensions>
					<swisstopo:routepoint_id>1904665446</swisstopo:routepoint_id>
				</extensions>
			</trkpt>
			<trkpt lat="46.2642675626" lon="8.0633438873">
				<ele>2523.1</ele>
				<time>1970-01-01T01:00:00+01:00</time>
				<extensions>
					<swisstopo:routepoint_id>313366523</swisstopo:routepoint_id>
				</extensions>
			</trkpt>
			<trkpt lat="46.2642530061" lon="8.0633931458">
				<ele>2524.1</ele>
				<time>1970-01-01T01:00:00+01:00</time>
				<extensions>
					<swisstopo:routepoint_id>2055656536</swisstopo:routepoint_id>
				</extensions>
			</trkpt>
			<trkpt lat="46.2642406670" lon="8.0634290284">
				<ele>2525.0</ele>
				<time>1970-01-01T01:00:00+01:00</time>
				<extensions>
					<swisstopo:routepoint_id>613954043</swisstopo:routepoint_id>
				</extensions>
			</trkpt>
			<trkpt lat="46.2642175854" lon="8.0634709943">
				<ele>2526.3</ele>
				<time>1970-01-01T01:00:00+01:00</time>
				<extensions>
					<swisstopo:routepoint_id>374168622</swisstopo:routepoint_id>
				</extensions>
			</trkpt>
			<trkpt lat="46.2642030719" lon="8.0635140593">
				<ele>2527.6</ele>
				<time>1970-01-01T01:00:00+01:00</time>
				<extensions>
					<swisstopo:routepoint_id>1591562099</swisstopo:routepoint_id>
				</extensions>
			</trkpt>
			<trkpt lat="46.2641914531" lon="8.0635499501">
				<ele>2528.6</ele>
				<time>1970-01-01T01:00:00+01:00</time>
				<extensions>
					<swisstopo:routepoint_id>543336583</swisstopo:routepoint_id>
				</extensions>
			</trkpt>
			<trkpt lat="46.2641741497" lon="8.0635796069">
				<ele>2529.5</ele>
				<time>1970-01-01T01:00:00+01:00</time>
				<extensions>
					<swisstopo:routepoint_id>877296742</swisstopo:routepoint_id>
				</extensions>
			</trkpt>
			<trkpt lat="46.2641583149" lon="8.0636010471">
				<ele>2530.1</ele>
				<time>1970-01-01T01:00:00+01:00</time>
				<extensions>
					<swisstopo:routepoint_id>453165662</swisstopo:routepoint_id>
				</extensions>
			</trkpt>
			<trkpt lat="46.2641268107" lon="8.0636171647">
				<ele>2530.8</ele>
				<time>1970-01-01T01:00:00+01:00</time>
				<extensions>
					<swisstopo:routepoint_id>1249309418</swisstopo:routepoint_id>
				</extensions>
			</trkpt>
			<trkpt lat="46.2640902399" lon="8.0636455740">
				<ele>2531.8</ele>
				<time>1970-01-01T01:00:00+01:00</time>
				<extensions>
					<swisstopo:routepoint_id>723120396</swisstopo:routepoint_id>
				</extensions>
			</trkpt>
			<trkpt lat="46.2640543636" lon="8.0636770693">
				<ele>2533.3</ele>
				<time>1970-01-01T01:00:00+01:00</time>
				<extensions>
					<swisstopo:routepoint_id>1569716760</swisstopo:routepoint_id>
				</extensions>
			</trkpt>
			<trkpt lat="46.2640191563" lon="8.0637178570">
				<ele>2534.7</ele>
				<time>1970-01-01T01:00:00+01:00</time>
				<extensions>
					<swisstopo:routepoint_id>1848772454</swisstopo:routepoint_id>
				</extensions>
			</trkpt>
			<trkpt lat="46.2639940080" lon="8.0637443327">
				<ele>2535.2</ele>
				<time>1970-01-01T01:00:00+01:00</time>
				<extensions>
					<swisstopo:routepoint_id>708644295</swisstopo:routepoint_id>
				</extensions>
			</trkpt>
			<trkpt lat="46.2639759644" lon="8.0637791362">
				<ele>2536.0</ele>
				<time>1970-01-01T01:00:00+01:00</time>
				<extensions>
					<swisstopo:routepoint_id>1947932185</swisstopo:routepoint_id>
				</extensions>
			</trkpt>
			<trkpt lat="46.2639557606" lon="8.0638169928">
				<ele>2536.7</ele>
				<time>1970-01-01T01:00:00+01:00</time>
				<extensions>
					<swisstopo:routepoint_id>760851882</swisstopo:routepoint_id>
				</extensions>
			</trkpt>
			<trkpt lat="46.2639778917" lon="8.0638182731">
				<ele>2537.4</ele>
				<time>1970-01-01T01:00:00+01:00</time>
				<extensions>
					<swisstopo:routepoint_id>1525760427</swisstopo:routepoint_id>
				</extensions>
			</trkpt>
			<trkpt lat="46.2640093535" lon="8.0638114273">
				<ele>2538.4</ele>
				<time>1970-01-01T01:00:00+01:00</time>
				<extensions>
					<swisstopo:routepoint_id>487336749</swisstopo:routepoint_id>
				</extensions>
			</trkpt>
			<trkpt lat="46.2640365537" lon="8.0637983638">
				<ele>2538.9</ele>
				<time>1970-01-01T01:00:00+01:00</time>
				<extensions>
					<swisstopo:routepoint_id>649654007</swisstopo:routepoint_id>
				</extensions>
			</trkpt>
			<trkpt lat="46.2640530376" lon="8.0637882552">
				<ele>2539.1</ele>
				<time>1970-01-01T01:00:00+01:00</time>
				<extensions>
					<swisstopo:routepoint_id>468337408</swisstopo:routepoint_id>
				</extensions>
			</trkpt>
			<trkpt lat="46.2640844337" lon="8.0637917067">
				<ele>2539.7</ele>
				<time>1970-01-01T01:00:00+01:00</time>
				<extensions>
					<swisstopo:routepoint_id>715275376</swisstopo:routepoint_id>
				</extensions>
			</trkpt>
			<trkpt lat="46.2641179390" lon="8.0638013511">
				<ele>2540.4</ele>
				<time>1970-01-01T01:00:00+01:00</time>
				<extensions>
					<swisstopo:routepoint_id>1591608325</swisstopo:routepoint_id>
				</extensions>
			</trkpt>
			<trkpt lat="46.2641214459" lon="8.0638137540">
				<ele>2540.7</ele>
				<time>1970-01-01T01:00:00+01:00</time>
				<extensions>
					<swisstopo:routepoint_id>306431666</swisstopo:routepoint_id>
				</extensions>
			</trkpt>
			<trkpt lat="46.2641020871" lon="8.0638258817">
				<ele>2541.5</ele>
				<time>1970-01-01T01:00:00+01:00</time>
				<extensions>
					<swisstopo:routepoint_id>476405348</swisstopo:routepoint_id>
				</extensions>
			</trkpt>
			<trkpt lat="46.2640755843" lon="8.0638430825">
				<ele>2542.4</ele>
				<time>1970-01-01T01:00:00+01:00</time>
				<extensions>
					<swisstopo:routepoint_id>1190719891</swisstopo:routepoint_id>
				</extensions>
			</trkpt>
			<trkpt lat="46.2640625449" lon="8.0638769049">
				<ele>2543.2</ele>
				<time>1970-01-01T01:00:00+01:00</time>
				<extensions>
					<swisstopo:routepoint_id>1151869511</swisstopo:routepoint_id>
				</extensions>
			</trkpt>
			<trkpt lat="46.2640437128" lon="8.0639240493">
				<ele>2544.9</ele>
				<time>1970-01-01T01:00:00+01:00</time>
				<extensions>
					<swisstopo:routepoint_id>2017721364</swisstopo:routepoint_id>
				</extensions>
			</trkpt>
			<trkpt lat="46.2640198740" lon="8.0639742268">
				<ele>2546.2</ele>
				<time>1970-01-01T01:00:00+01:00</time>
				<extensions>
					<swisstopo:routepoint_id>1399507321</swisstopo:routepoint_id>
				</extensions>
			</trkpt>
			<trkpt lat="46.2639981756" lon="8.0640233902">
				<ele>2547.5</ele>
				<time>1970-01-01T01:00:00+01:00</time>
				<extensions>
					<swisstopo:routepoint_id>603478847</swisstopo:routepoint_id>
				</extensions>
			</trkpt>
			<trkpt lat="46.2639944130" lon="8.0640604098">
				<ele>2548.5</ele>
				<time>1970-01-01T01:00:00+01:00</time>
				<extensions>
					<swisstopo:routepoint_id>838644897</swisstopo:routepoint_id>
				</extensions>
			</trkpt>
			<trkpt lat="46.2640201872" lon="8.0640462913">
				<ele>2549.3</ele>
				<time>1970-01-01T01:00:00+01:00</time>
				<extensions>
					<swisstopo:routepoint_id>1140524646</swisstopo:routepoint_id>
				</extensions>
			</trkpt>
			<trkpt lat="46.2640545778" lon="8.0640261032">
				<ele>2550.4</ele>
				<time>1970-01-01T01:00:00+01:00</time>
				<extensions>
					<swisstopo:routepoint_id>1290711403</swisstopo:routepoint_id>
				</extensions>
			</trkpt>
			<trkpt lat="46.2640846533" lon="8.0640110082">
				<ele>2551.1</ele>
				<time>1970-01-01T01:00:00+01:00</time>
				<extensions>
					<swisstopo:routepoint_id>2086681549</swisstopo:routepoint_id>
				</extensions>
			</trkpt>
			<trkpt lat="46.2641132457" lon="8.0640051556">
				<ele>2551.8</ele>
				<time>1970-01-01T01:00:00+01:00</time>
				<extensions>
					<swisstopo:routepoint_id>464094436</swisstopo:routepoint_id>
				</extensions>
			</trkpt>
			<trkpt lat="46.2641275375" lon="8.0640022291">
				<ele>2552.2</ele>
				<time>1970-01-01T01:00:00+01:00</time>
				<extensions>
					<swisstopo:routepoint_id>70617459</swisstopo:routepoint_id>
				</extensions>
			</trkpt>
			<trkpt lat="46.2641374690" lon="8.0640157194">
				<ele>2552.7</ele>
				<time>1970-01-01T01:00:00+01:00</time>
				<extensions>
					<swisstopo:routepoint_id>1644355527</swisstopo:routepoint_id>
				</extensions>
			</trkpt>
			<trkpt lat="46.2641373437" lon="8.0640383787">
				<ele>2553.5</ele>
				<time>1970-01-01T01:00:00+01:00</time>
				<extensions>
					<swisstopo:routepoint_id>1138396437</swisstopo:routepoint_id>
				</extensions>
			</trkpt>
			<trkpt lat="46.2641222805" lon="8.0640505557">
				<ele>2554.0</ele>
				<time>1970-01-01T01:00:00+01:00</time>
				<extensions>
					<swisstopo:routepoint_id>1441510813</swisstopo:routepoint_id>
				</extensions>
			</trkpt>
			<trkpt lat="46.2641064740" lon="8.0640668406">
				<ele>2554.6</ele>
				<time>1970-01-01T01:00:00+01:00</time>
				<extensions>
					<swisstopo:routepoint_id>154176346</swisstopo:routepoint_id>
				</extensions>
			</trkpt>
			<trkpt lat="46.2640999159" lon="8.0640914780">
				<ele>2555.5</ele>
				<time>1970-01-01T01:00:00+01:00</time>
				<extensions>
					<swisstopo:routepoint_id>1030932549</swisstopo:routepoint_id>
				</extensions>
			</trkpt>
			<trkpt lat="46.2640954527" lon="8.0641233470">
				<ele>2556.4</ele>
				<time>1970-01-01T01:00:00+01:00</time>
				<extensions>
					<swisstopo:routepoint_id>1548020611</swisstopo:routepoint_id>
				</extensions>
			</trkpt>
			<trkpt lat="46.2640709846" lon="8.0641570378">
				<ele>2556.8</ele>
				<time>1970-01-01T01:00:00+01:00</time>
				<extensions>
					<swisstopo:routepoint_id>14476101</swisstopo:routepoint_id>
				</extensions>
			</trkpt>
			<trkpt lat="46.2640587051" lon="8.0641836740">
				<ele>2557.3</ele>
				<time>1970-01-01T01:00:00+01:00</time>
				<extensions>
					<swisstopo:routepoint_id>1769268223</swisstopo:routepoint_id>
				</extensions>
			</trkpt>
			<trkpt lat="46.2640542476" lon="8.0642145043">
				<ele>2558.1</ele>
				<time>1970-01-01T01:00:00+01:00</time>
				<extensions>
					<swisstopo:routepoint_id>1087920572</swisstopo:routepoint_id>
				</extensions>
			</trkpt>
			<trkpt lat="46.2640405105" lon="8.0642442017">
				<ele>2558.6</ele>
				<time>1970-01-01T01:00:00+01:00</time>
				<extensions>
					<swisstopo:routepoint_id>1330367515</swisstopo:routepoint_id>
				</extensions>
			</trkpt>
			<trkpt lat="46.2640267822" lon="8.0642738993">
				<ele>2559.4</ele>
				<time>1970-01-01T01:00:00+01:00</time>
				<extensions>
					<swisstopo:routepoint_id>1460595435</swisstopo:routepoint_id>
				</extensions>
			</trkpt>
			<trkpt lat="46.2640115595" lon="8.0643149037">
				<ele>2560.8</ele>
				<time>1970-01-01T01:00:00+01:00</time>
				<extensions>
					<swisstopo:routepoint_id>111197875</swisstopo:routepoint_id>
				</extensions>
			</trkpt>
			<trkpt lat="46.2639927959" lon="8.0643527894">
				<ele>2562.1</ele>
				<time>1970-01-01T01:00:00+01:00</time>
				<extensions>
					<swisstopo:routepoint_id>1057423019</swisstopo:routepoint_id>
				</extensions>
			</trkpt>
			<trkpt lat="46.2639689995" lon="8.0643936951">
				<ele>2563.6</ele>
				<time>1970-01-01T01:00:00+01:00</time>
				<extensions>
					<swisstopo:routepoint_id>1919545021</swisstopo:routepoint_id>
				</extensions>
			</trkpt>
			<trkpt lat="46.2639509616" lon="8.0644274598">
				<ele>2564.9</ele>
				<time>1970-01-01T01:00:00+01:00</time>
				<extensions>
					<swisstopo:routepoint_id>1205529329</swisstopo:routepoint_id>
				</extensions>
			</trkpt>
			<trkpt lat="46.2639350241" lon="8.0644674299">
				<ele>2566.8</ele>
				<time>1970-01-01T01:00:00+01:00</time>
				<extensions>
					<swisstopo:routepoint_id>161905742</swisstopo:routepoint_id>
				</extensions>
			</trkpt>
			<trkpt lat="46.2639178261" lon="8.0644795820">
				<ele>2567.5</ele>
				<time>1970-01-01T01:00:00+01:00</time>
				<extensions>
					<swisstopo:routepoint_id>238870027</swisstopo:routepoint_id>
				</extensions>
			</trkpt>
			<trkpt lat="46.2638913030" lon="8.0644988343">
				<ele>2568.5</ele>
				<time>1970-01-01T01:00:00+01:00</time>
				<extensions>
					<swisstopo:routepoint_id>400888434</swisstopo:routepoint_id>
				</extensions>
			</trkpt>
			<trkpt lat="46.2638675805" lon="8.0645263774">
				<ele>2569.6</ele>
				<time>1970-01-01T01:00:00+01:00</time>
				<extensions>
					<swisstopo:routepoint_id>1302045802</swisstopo:routepoint_id>
				</extensions>
			</trkpt>
			<trkpt lat="46.2638467617" lon="8.0645467213">
				<ele>2570.4</ele>
				<time>1970-01-01T01:00:00+01:00</time>
				<extensions>
					<swisstopo:routepoint_id>606167632</swisstopo:routepoint_id>
				</extensions>
			</trkpt>
			<trkpt lat="46.2638616770" lon="8.0645613076">
				<ele>2571.1</ele>
				<time>1970-01-01T01:00:00+01:00</time>
				<extensions>
					<swisstopo:routepoint_id>1938696218</swisstopo:routepoint_id>
				</extensions>
			</trkpt>
			<trkpt lat="46.2638945391" lon="8.0645585950">
				<ele>2571.7</ele>
				<time>1970-01-01T01:00:00+01:00</time>
				<extensions>
					<swisstopo:routepoint_id>548390664</swisstopo:routepoint_id>
				</extensions>
			</trkpt>
			<trkpt lat="46.2639202252" lon="8.0645619812">
				<ele>2572.6</ele>
				<time>1970-01-01T01:00:00+01:00</time>
				<extensions>
					<swisstopo:routepoint_id>1179076467</swisstopo:routepoint_id>
				</extensions>
			</trkpt>
			<trkpt lat="46.2639101145" lon="8.0645824608">
				<ele>2573.2</ele>
				<time>1970-01-01T01:00:00+01:00</time>
				<extensions>
					<swisstopo:routepoint_id>258982675</swisstopo:routepoint_id>
				</extensions>
			</trkpt>
			<trkpt lat="46.2638821141" lon="8.0646099294">
				<ele>2574.3</ele>
				<time>1970-01-01T01:00:00+01:00</time>
				<extensions>
					<swisstopo:routepoint_id>1460251092</swisstopo:routepoint_id>
				</extensions>
			</trkpt>
			<trkpt lat="46.2638598691" lon="8.0646292308">
				<ele>2574.9</ele>
				<time>1970-01-01T01:00:00+01:00</time>
				<extensions>
					<swisstopo:routepoint_id>899446995</swisstopo:routepoint_id>
				</extensions>
			</trkpt>
			<trkpt lat="46.2638269272" lon="8.0646463571">
				<ele>2575.3</ele>
				<time>1970-01-01T01:00:00+01:00</time>
				<extensions>
					<swisstopo:routepoint_id>676430209</swisstopo:routepoint_id>
				</extensions>
			</trkpt>
			<trkpt lat="46.2637968687" lon="8.0646583738">
				<ele>2575.8</ele>
				<time>1970-01-01T01:00:00+01:00</time>
				<extensions>
					<swisstopo:routepoint_id>1220093943</swisstopo:routepoint_id>
				</extensions>
			</trkpt>
			<trkpt lat="46.2637688713" lon="8.0646868683">
				<ele>2576.3</ele>
				<time>1970-01-01T01:00:00+01:00</time>
				<extensions>
					<swisstopo:routepoint_id>442326022</swisstopo:routepoint_id>
				</extensions>
			</trkpt>
			<trkpt lat="46.2637394731" lon="8.0647081520">
				<ele>2577.0</ele>
				<time>1970-01-01T01:00:00+01:00</time>
				<extensions>
					<swisstopo:routepoint_id>1473181647</swisstopo:routepoint_id>
				</extensions>
			</trkpt>
			<trkpt lat="46.2637043681" lon="8.0647304087">
				<ele>2578.0</ele>
				<time>1970-01-01T01:00:00+01:00</time>
				<extensions>
					<swisstopo:routepoint_id>776590294</swisstopo:routepoint_id>
				</extensions>
			</trkpt>
			<trkpt lat="46.2636763872" lon="8.0647527346">
				<ele>2579.0</ele>
				<time>1970-01-01T01:00:00+01:00</time>
				<extensions>
					<swisstopo:routepoint_id>1490179181</swisstopo:routepoint_id>
				</extensions>
			</trkpt>
			<trkpt lat="46.2636462750" lon="8.0647760494">
				<ele>2579.8</ele>
				<time>1970-01-01T01:00:00+01:00</time>
				<extensions>
					<swisstopo:routepoint_id>107463888</swisstopo:routepoint_id>
				</extensions>
			</trkpt>
			<trkpt lat="46.2636218325" lon="8.0648066746">
				<ele>2580.8</ele>
				<time>1970-01-01T01:00:00+01:00</time>
				<extensions>
					<swisstopo:routepoint_id>2040973850</swisstopo:routepoint_id>
				</extensions>
			</trkpt>
			<trkpt lat="46.2635995760" lon="8.0648280403">
				<ele>2581.2</ele>
				<time>1970-01-01T01:00:00+01:00</time>
				<extensions>
					<swisstopo:routepoint_id>139700244</swisstopo:routepoint_id>
				</extensions>
			</trkpt>
			<trkpt lat="46.2635787084" lon="8.0648555907">
				<ele>2582.1</ele>
				<time>1970-01-01T01:00:00+01:00</time>
				<extensions>
					<swisstopo:routepoint_id>1409147974</swisstopo:routepoint_id>
				</extensions>
			</trkpt>
			<trkpt lat="46.2635614592" lon="8.0648770140">
				<ele>2583.0</ele>
				<time>1970-01-01T01:00:00+01:00</time>
				<extensions>
					<swisstopo:routepoint_id>460100039</swisstopo:routepoint_id>
				</extensions>
			</trkpt>
			<trkpt lat="46.2635490568" lon="8.0649242317">
				<ele>2585.0</ele>
				<time>1970-01-01T01:00:00+01:00</time>
				<extensions>
					<swisstopo:routepoint_id>831592234</swisstopo:routepoint_id>
				</extensions>
			</trkpt>
			<trkpt lat="46.2635274465" lon="8.0649589934">
				<ele>2586.3</ele>
				<time>1970-01-01T01:00:00+01:00</time>
				<extensions>
					<swisstopo:routepoint_id>308672788</swisstopo:routepoint_id>
				</extensions>
			</trkpt>
			<trkpt lat="46.2634871577" lon="8.0650130846">
				<ele>2587.4</ele>
				<time>1970-01-01T01:00:00+01:00</time>
				<extensions>
					<swisstopo:routepoint_id>976722696</swisstopo:routepoint_id>
				</extensions>
			</trkpt>
			<trkpt lat="46.2634698285" lon="8.0650489215">
				<ele>2588.3</ele>
				<time>1970-01-01T01:00:00+01:00</time>
				<extensions>
					<swisstopo:routepoint_id>272944496</swisstopo:routepoint_id>
				</extensions>
			</trkpt>
			<trkpt lat="46.2634417678" lon="8.0650856608">
				<ele>2589.1</ele>
				<time>1970-01-01T01:00:00+01:00</time>
				<extensions>
					<swisstopo:routepoint_id>1688534062</swisstopo:routepoint_id>
				</extensions>
			</trkpt>
			<trkpt lat="46.2634186742" lon="8.0651296646">
				<ele>2589.8</ele>
				<time>1970-01-01T01:00:00+01:00</time>
				<extensions>
					<swisstopo:routepoint_id>1053152194</swisstopo:routepoint_id>
				</extensions>
			</trkpt>
			<trkpt lat="46.2634033655" lon="8.0651861079">
				<ele>2591.1</ele>
				<time>1970-01-01T01:00:00+01:00</time>
				<extensions>
					<swisstopo:routepoint_id>895517277</swisstopo:routepoint_id>
				</extensions>
			</trkpt>
			<trkpt lat="46.2633866654" lon="8.0652384311">
				<ele>2591.9</ele>
				<time>1970-01-01T01:00:00+01:00</time>
				<extensions>
					<swisstopo:routepoint_id>1680674994</swisstopo:routepoint_id>
				</extensions>
			</trkpt>
			<trkpt lat="46.2633771008" lon="8.0652887592">
				<ele>2592.8</ele>
				<time>1970-01-01T01:00:00+01:00</time>
				<extensions>
					<swisstopo:routepoint_id>804640895</swisstopo:routepoint_id>
				</extensions>
			</trkpt>
			<trkpt lat="46.2633689738" lon="8.0653380779">
				<ele>2592.9</ele>
				<time>1970-01-01T01:00:00+01:00</time>
				<extensions>
					<swisstopo:routepoint_id>1007343587</swisstopo:routepoint_id>
				</extensions>
			</trkpt>
			<trkpt lat="46.2633552476" lon="8.0653657356">
				<ele>2592.8</ele>
				<time>1970-01-01T01:00:00+01:00</time>
				<extensions>
					<swisstopo:routepoint_id>1780186043</swisstopo:routepoint_id>
				</extensions>
			</trkpt>
			<trkpt lat="46.2633379667" lon="8.0653912623">
				<ele>2592.9</ele>
				<time>1970-01-01T01:00:00+01:00</time>
				<extensions>
					<swisstopo:routepoint_id>609675863</swisstopo:routepoint_id>
				</extensions>
			</trkpt>
			<trkpt lat="46.2633171736" lon="8.0654085279">
				<ele>2593.2</ele>
				<time>1970-01-01T01:00:00+01:00</time>
				<extensions>
					<swisstopo:routepoint_id>753655138</swisstopo:routepoint_id>
				</extensions>
			</trkpt>
			<trkpt lat="46.2632885126" lon="8.0654267289">
				<ele>2593.1</ele>
				<time>1970-01-01T01:00:00+01:00</time>
				<extensions>
					<swisstopo:routepoint_id>1574574812</swisstopo:routepoint_id>
				</extensions>
			</trkpt>
			<trkpt lat="46.2632670101" lon="8.0654388437">
				<ele>2593.0</ele>
				<time>1970-01-01T01:00:00+01:00</time>
				<extensions>
					<swisstopo:routepoint_id>1679713543</swisstopo:routepoint_id>
				</extensions>
			</trkpt>
			<trkpt lat="46.2632369832" lon="8.0654467310">
				<ele>2592.5</ele>
				<time>1970-01-01T01:00:00+01:00</time>
				<extensions>
					<swisstopo:routepoint_id>1235623220</swisstopo:routepoint_id>
				</extensions>
			</trkpt>
			<trkpt lat="46.2632062557" lon="8.0654494676">
				<ele>2592.0</ele>
				<time>1970-01-01T01:00:00+01:00</time>
				<extensions>
					<swisstopo:routepoint_id>279629472</swisstopo:routepoint_id>
				</extensions>
			</trkpt>
			<trkpt lat="46.2631775207" lon="8.0654810435">
				<ele>2592.0</ele>
				<time>1970-01-01T01:00:00+01:00</time>
				<extensions>
					<swisstopo:routepoint_id>1730036113</swisstopo:routepoint_id>
				</extensions>
			</trkpt>
			<trkpt lat="46.2631541007" lon="8.0654999255">
				<ele>2591.9</ele>
				<time>1970-01-01T01:00:00+01:00</time>
				<extensions>
					<swisstopo:routepoint_id>240157148</swisstopo:routepoint_id>
				</extensions>
			</trkpt>
			<trkpt lat="46.2631239927" lon="8.0655208583">
				<ele>2591.8</ele>
				<time>1970-01-01T01:00:00+01:00</time>
				<extensions>
					<swisstopo:routepoint_id>457120973</swisstopo:routepoint_id>
				</extensions>
			</trkpt>
			<trkpt lat="46.2631029238" lon="8.0655418952">
				<ele>2591.6</ele>
				<time>1970-01-01T01:00:00+01:00</time>
				<extensions>
					<swisstopo:routepoint_id>1350732210</swisstopo:routepoint_id>
				</extensions>
			</trkpt>
			<trkpt lat="46.2630893897" lon="8.0655808661">
				<ele>2593.1</ele>
				<time>1970-01-01T01:00:00+01:00</time>
				<extensions>
					<swisstopo:routepoint_id>443503649</swisstopo:routepoint_id>
				</extensions>
			</trkpt>
			<trkpt lat="46.2630757469" lon="8.0656362895">
				<ele>2594.7</ele>
				<time>1970-01-01T01:00:00+01:00</time>
				<extensions>
					<swisstopo:routepoint_id>1099630488</swisstopo:routepoint_id>
				</extensions>
			</trkpt>
			<trkpt lat="46.2630574048" lon="8.0656820701">
				<ele>2595.5</ele>
				<time>1970-01-01T01:00:00+01:00</time>
				<extensions>
					<swisstopo:routepoint_id>1365717759</swisstopo:routepoint_id>
				</extensions>
			</trkpt>
			<trkpt lat="46.2630319895" lon="8.0657154067">
				<ele>2595.3</ele>
				<time>1970-01-01T01:00:00+01:00</time>
				<extensions>
					<swisstopo:routepoint_id>883100092</swisstopo:routepoint_id>
				</extensions>
			</trkpt>
			<trkpt lat="46.2630032181" lon="8.0657535178">
				<ele>2594.8</ele>
				<time>1970-01-01T01:00:00+01:00</time>
				<extensions>
					<swisstopo:routepoint_id>1350478937</swisstopo:routepoint_id>
				</extensions>
			</trkpt>
			<trkpt lat="46.2629778637" lon="8.0657758732">
				<ele>2594.7</ele>
				<time>1970-01-01T01:00:00+01:00</time>
				<extensions>
					<swisstopo:routepoint_id>845799562</swisstopo:routepoint_id>
				</extensions>
			</trkpt>
			<trkpt lat="46.2629353403" lon="8.0658035279">
				<ele>2594.3</ele>
				<time>1970-01-01T01:00:00+01:00</time>
				<extensions>
					<swisstopo:routepoint_id>1580873810</swisstopo:routepoint_id>
				</extensions>
			</trkpt>
			<trkpt lat="46.2628823129" lon="8.0658385980">
				<ele>2594.1</ele>
				<time>1970-01-01T01:00:00+01:00</time>
				<extensions>
					<swisstopo:routepoint_id>1455591658</swisstopo:routepoint_id>
				</extensions>
			</trkpt>
			<trkpt lat="46.2628521857" lon="8.0658629630">
				<ele>2594.0</ele>
				<time>1970-01-01T01:00:00+01:00</time>
				<extensions>
					<swisstopo:routepoint_id>1100475186</swisstopo:routepoint_id>
				</extensions>
			</trkpt>
			<trkpt lat="46.2628273513" lon="8.0658770911">
				<ele>2593.6</ele>
				<time>1970-01-01T01:00:00+01:00</time>
				<extensions>
					<swisstopo:routepoint_id>1630860991</swisstopo:routepoint_id>
				</extensions>
			</trkpt>
			<trkpt lat="46.2627919583" lon="8.0659068798">
				<ele>2593.5</ele>
				<time>1970-01-01T01:00:00+01:00</time>
				<extensions>
					<swisstopo:routepoint_id>558647738</swisstopo:routepoint_id>
				</extensions>
			</trkpt>
			<trkpt lat="46.2627693750" lon="8.0659443653">
				<ele>2595.4</ele>
				<time>1970-01-01T01:00:00+01:00</time>
				<extensions>
					<swisstopo:routepoint_id>767622374</swisstopo:routepoint_id>
				</extensions>
			</trkpt>
			<trkpt lat="46.2627462868" lon="8.0659873423">
				<ele>2595.8</ele>
				<time>1970-01-01T01:00:00+01:00</time>
				<extensions>
					<swisstopo:routepoint_id>2071054150</swisstopo:routepoint_id>
				</extensions>
			</trkpt>
			<trkpt lat="46.2627276542" lon="8.0660015419">
				<ele>2596.1</ele>
				<time>1970-01-01T01:00:00+01:00</time>
				<extensions>
					<swisstopo:routepoint_id>1524910866</swisstopo:routepoint_id>
				</extensions>
			</trkpt>
			<trkpt lat="46.2626924399" lon="8.0659990838">
				<ele>2595.9</ele>
				<time>1970-01-01T01:00:00+01:00</time>
				<extensions>
					<swisstopo:routepoint_id>7859068</swisstopo:routepoint_id>
				</extensions>
			</trkpt>
			<trkpt lat="46.2626566981" lon="8.0660062208">
				<ele>2595.9</ele>
				<time>1970-01-01T01:00:00+01:00</time>
				<extensions>
					<swisstopo:routepoint_id>248511298</swisstopo:routepoint_id>
				</extensions>
			</trkpt>
			<trkpt lat="46.2626271025" lon="8.0660202812">
				<ele>2595.7</ele>
				<time>1970-01-01T01:00:00+01:00</time>
				<extensions>
					<swisstopo:routepoint_id>2035657338</swisstopo:routepoint_id>
				</extensions>
			</trkpt>
			<trkpt lat="46.2625980116" lon="8.0660288756">
				<ele>2595.7</ele>
				<time>1970-01-01T01:00:00+01:00</time>
				<extensions>
					<swisstopo:routepoint_id>2047972598</swisstopo:routepoint_id>
				</extensions>
			</trkpt>
			<trkpt lat="46.2625633377" lon="8.0660161134">
				<ele>2594.5</ele>
				<time>1970-01-01T01:00:00+01:00</time>
				<extensions>
					<swisstopo:routepoint_id>194965032</swisstopo:routepoint_id>
				</extensions>
			</trkpt>
			<trkpt lat="46.2625338410" lon="8.0660123533">
				<ele>2594.1</ele>
				<time>1970-01-01T01:00:00+01:00</time>
				<extensions>
					<swisstopo:routepoint_id>253688449</swisstopo:routepoint_id>
				</extensions>
			</trkpt>
			<trkpt lat="46.2625004836" lon="8.0660188212">
				<ele>2593.8</ele>
				<time>1970-01-01T01:00:00+01:00</time>
				<extensions>
					<swisstopo:routepoint_id>205611231</swisstopo:routepoint_id>
				</extensions>
			</trkpt>
			<trkpt lat="46.2624629052" lon="8.0660149552">
				<ele>2593.9</ele>
				<time>1970-01-01T01:00:00+01:00</time>
				<extensions>
					<swisstopo:routepoint_id>1077445968</swisstopo:routepoint_id>
				</extensions>
			</trkpt>
			<trkpt lat="46.2624172429" lon="8.0660082602">
				<ele>2594.4</ele>
				<time>1970-01-01T01:00:00+01:00</time>
				<extensions>
					<swisstopo:routepoint_id>1665515565</swisstopo:routepoint_id>
				</extensions>
			</trkpt>
			<trkpt lat="46.2623844093" lon="8.0660058170">
				<ele>2594.8</ele>
				<time>1970-01-01T01:00:00+01:00</time>
				<extensions>
					<swisstopo:routepoint_id>1294945340</swisstopo:routepoint_id>
				</extensions>
			</trkpt>
			<trkpt lat="46.2623643169" lon="8.0660234321">
				<ele>2595.6</ele>
				<time>1970-01-01T01:00:00+01:00</time>
				<extensions>
					<swisstopo:routepoint_id>2097161078</swisstopo:routepoint_id>
				</extensions>
			</trkpt>
			<trkpt lat="46.2623484580" lon="8.0660507099">
				<ele>2596.1</ele>
				<time>1970-01-01T01:00:00+01:00</time>
				<extensions>
					<swisstopo:routepoint_id>995466072</swisstopo:routepoint_id>
				</extensions>
			</trkpt>
			<trkpt lat="46.2623297926" lon="8.0660676448">
				<ele>2595.8</ele>
				<time>1970-01-01T01:00:00+01:00</time>
				<extensions>
					<swisstopo:routepoint_id>1969992146</swisstopo:routepoint_id>
				</extensions>
			</trkpt>
			<trkpt lat="46.2623012116" lon="8.0660714318">
				<ele>2595.0</ele>
				<time>1970-01-01T01:00:00+01:00</time>
				<extensions>
					<swisstopo:routepoint_id>379303903</swisstopo:routepoint_id>
				</extensions>
			</trkpt>
			<trkpt lat="46.2622574593" lon="8.0660640620">
				<ele>2594.0</ele>
				<time>1970-01-01T01:00:00+01:00</time>
				<extensions>
					<swisstopo:routepoint_id>1944137147</swisstopo:routepoint_id>
				</extensions>
			</trkpt>
			<trkpt lat="46.2622289657" lon="8.0660520678">
				<ele>2593.9</ele>
				<time>1970-01-01T01:00:00+01:00</time>
				<extensions>
					<swisstopo:routepoint_id>1504974133</swisstopo:routepoint_id>
				</extensions>
			</trkpt>
			<trkpt lat="46.2622009733" lon="8.0660352661">
				<ele>2594.4</ele>
				<time>1970-01-01T01:00:00+01:00</time>
				<extensions>
					<swisstopo:routepoint_id>2132498099</swisstopo:routepoint_id>
				</extensions>
			</trkpt>
			<trkpt lat="46.2621758548" lon="8.0660150777">
				<ele>2595.1</ele>
				<time>1970-01-01T01:00:00+01:00</time>
				<extensions>
					<swisstopo:routepoint_id>1707887205</swisstopo:routepoint_id>
				</extensions>
			</trkpt>
			<trkpt lat="46.2621602928" lon="8.0659888184">
				<ele>2595.5</ele>
				<time>1970-01-01T01:00:00+01:00</time>
				<extensions>
					<swisstopo:routepoint_id>1896635199</swisstopo:routepoint_id>
				</extensions>
			</trkpt>
			<trkpt lat="46.2621414118" lon="8.0659591009">
				<ele>2596.1</ele>
				<time>1970-01-01T01:00:00+01:00</time>
				<extensions>
					<swisstopo:routepoint_id>519918197</swisstopo:routepoint_id>
				</extensions>
			</trkpt>
			<trkpt lat="46.2621272856" lon="8.0659321616">
				<ele>2596.3</ele>
				<time>1970-01-01T01:00:00+01:00</time>
				<extensions>
					<swisstopo:routepoint_id>1449709929</swisstopo:routepoint_id>
				</extensions>
			</trkpt>
			<trkpt lat="46.2621184927" lon="8.0658860689">
				<ele>2595.7</ele>
				<time>1970-01-01T01:00:00+01:00</time>
				<extensions>
					<swisstopo:routepoint_id>2042370926</swisstopo:routepoint_id>
				</extensions>
			</trkpt>
			<trkpt lat="46.2620948238" lon="8.0658610842">
				<ele>2596.1</ele>
				<time>1970-01-01T01:00:00+01:00</time>
				<extensions>
					<swisstopo:routepoint_id>1892808024</swisstopo:routepoint_id>
				</extensions>
			</trkpt>
			<trkpt lat="46.2620715620" lon="8.0658498470">
				<ele>2596.5</ele>
				<time>1970-01-01T01:00:00+01:00</time>
				<extensions>
					<swisstopo:routepoint_id>2097496467</swisstopo:routepoint_id>
				</extensions>
			</trkpt>
			<trkpt lat="46.2620473401" lon="8.0658406381">
				<ele>2597.0</ele>
				<time>1970-01-01T01:00:00+01:00</time>
				<extensions>
					<swisstopo:routepoint_id>896943920</swisstopo:routepoint_id>
				</extensions>
			</trkpt>
			<trkpt lat="46.2620185130" lon="8.0658032443">
				<ele>2597.4</ele>
				<time>1970-01-01T01:00:00+01:00</time>
				<extensions>
					<swisstopo:routepoint_id>332852812</swisstopo:routepoint_id>
				</extensions>
			</trkpt>
			<trkpt lat="46.2620002014" lon="8.0657563708">
				<ele>2597.6</ele>
				<time>1970-01-01T01:00:00+01:00</time>
				<extensions>
					<swisstopo:routepoint_id>1707290488</swisstopo:routepoint_id>
				</extensions>
			</trkpt>
			<trkpt lat="46.2619842374" lon="8.0657170608">
				<ele>2598.0</ele>
				<time>1970-01-01T01:00:00+01:00</time>
				<extensions>
					<swisstopo:routepoint_id>1181220519</swisstopo:routepoint_id>
				</extensions>
			</trkpt>
			<trkpt lat="46.2619572481" lon="8.0656920379">
				<ele>2597.8</ele>
				<time>1970-01-01T01:00:00+01:00</time>
				<extensions>
					<swisstopo:routepoint_id>759763306</swisstopo:routepoint_id>
				</extensions>
			</trkpt>
			<trkpt lat="46.2619330707" lon="8.0656732285">
				<ele>2597.9</ele>
				<time>1970-01-01T01:00:00+01:00</time>
				<extensions>
					<swisstopo:routepoint_id>1822542852</swisstopo:routepoint_id>
				</extensions>
			</trkpt>
			<trkpt lat="46.2619208418" lon="8.0656463239">
				<ele>2598.7</ele>
				<time>1970-01-01T01:00:00+01:00</time>
				<extensions>
					<swisstopo:routepoint_id>1636737176</swisstopo:routepoint_id>
				</extensions>
			</trkpt>
			<trkpt lat="46.2619096274" lon="8.0656091332">
				<ele>2599.6</ele>
				<time>1970-01-01T01:00:00+01:00</time>
				<extensions>
					<swisstopo:routepoint_id>107370117</swisstopo:routepoint_id>
				</extensions>
			</trkpt>
			<trkpt lat="46.2618840485" lon="8.0655848233">
				<ele>2600.6</ele>
				<time>1970-01-01T01:00:00+01:00</time>
				<extensions>
					<swisstopo:routepoint_id>53546266</swisstopo:routepoint_id>
				</extensions>
			</trkpt>
			<trkpt lat="46.2618608070" lon="8.0655714966">
				<ele>2601.4</ele>
				<time>1970-01-01T01:00:00+01:00</time>
				<extensions>
					<swisstopo:routepoint_id>1781968888</swisstopo:routepoint_id>
				</extensions>
			</trkpt>
			<trkpt lat="46.2618394807" lon="8.0655534042">
				<ele>2602.2</ele>
				<time>1970-01-01T01:00:00+01:00</time>
				<extensions>
					<swisstopo:routepoint_id>1842361367</swisstopo:routepoint_id>
				</extensions>
			</trkpt>
			<trkpt lat="46.2618262802" lon="8.0655306050">
				<ele>2602.8</ele>
				<time>1970-01-01T01:00:00+01:00</time>
				<extensions>
					<swisstopo:routepoint_id>1265002712</swisstopo:routepoint_id>
				</extensions>
			</trkpt>
			<trkpt lat="46.2618039709" lon="8.0655186950">
				<ele>2603.4</ele>
				<time>1970-01-01T01:00:00+01:00</time>
				<extensions>
					<swisstopo:routepoint_id>735656532</swisstopo:routepoint_id>
				</extensions>
			</trkpt>
			<trkpt lat="46.2617854207" lon="8.0655164166">
				<ele>2603.8</ele>
				<time>1970-01-01T01:00:00+01:00</time>
				<extensions>
					<swisstopo:routepoint_id>1058149538</swisstopo:routepoint_id>
				</extensions>
			</trkpt>
			<trkpt lat="46.2617630353" lon="8.0655182233">
				<ele>2604.4</ele>
				<time>1970-01-01T01:00:00+01:00</time>
				<extensions>
					<swisstopo:routepoint_id>1127768538</swisstopo:routepoint_id>
				</extensions>
			</trkpt>
			<trkpt lat="46.2617249803" lon="8.0655115911">
				<ele>2605.5</ele>
				<time>1970-01-01T01:00:00+01:00</time>
				<extensions>
					<swisstopo:routepoint_id>670049493</swisstopo:routepoint_id>
				</extensions>
			</trkpt>
			<trkpt lat="46.2616921745" lon="8.0655057287">
				<ele>2606.3</ele>
				<time>1970-01-01T01:00:00+01:00</time>
				<extensions>
					<swisstopo:routepoint_id>1472436842</swisstopo:routepoint_id>
				</extensions>
			</trkpt>
			<trkpt lat="46.2616646069" lon="8.0654978620">
				<ele>2607.0</ele>
				<time>1970-01-01T01:00:00+01:00</time>
				<extensions>
					<swisstopo:routepoint_id>1717857175</swisstopo:routepoint_id>
				</extensions>
			</trkpt>
			<trkpt lat="46.2616350817" lon="8.0655166604">
				<ele>2608.2</ele>
				<time>1970-01-01T01:00:00+01:00</time>
				<extensions>
					<swisstopo:routepoint_id>1198812573</swisstopo:routepoint_id>
				</extensions>
			</trkpt>
			<trkpt lat="46.2616072018" lon="8.0655255094">
				<ele>2609.2</ele>
				<time>1970-01-01T01:00:00+01:00</time>
				<extensions>
					<swisstopo:routepoint_id>465018013</swisstopo:routepoint_id>
				</extensions>
			</trkpt>
			<trkpt lat="46.2615856246" lon="8.0655447540">
				<ele>2610.2</ele>
				<time>1970-01-01T01:00:00+01:00</time>
				<extensions>
					<swisstopo:routepoint_id>394289451</swisstopo:routepoint_id>
				</extensions>
			</trkpt>
			<trkpt lat="46.2615815207" lon="8.0655687724">
				<ele>2611.0</ele>
				<time>1970-01-01T01:00:00+01:00</time>
				<extensions>
					<swisstopo:routepoint_id>236249941</swisstopo:routepoint_id>
				</extensions>
			</trkpt>
			<trkpt lat="46.2615836216" lon="8.0656192459">
				<ele>2612.1</ele>
				<time>1970-01-01T01:00:00+01:00</time>
				<extensions>
					<swisstopo:routepoint_id>1755822581</swisstopo:routepoint_id>
				</extensions>
			</trkpt>
			<trkpt lat="46.2615841795" lon="8.0656628112">
				<ele>2613.0</ele>
				<time>1970-01-01T01:00:00+01:00</time>
				<extensions>
					<swisstopo:routepoint_id>1612579902</swisstopo:routepoint_id>
				</extensions>
			</trkpt>
			<trkpt lat="46.2615799841" lon="8.0657017366">
				<ele>2614.1</ele>
				<time>1970-01-01T01:00:00+01:00</time>
				<extensions>
					<swisstopo:routepoint_id>258177276</swisstopo:routepoint_id>
				</extensions>
			</trkpt>
			<trkpt lat="46.2615497108" lon="8.0657128632">
				<ele>2615.1</ele>
				<time>1970-01-01T01:00:00+01:00</time>
				<extensions>
					<swisstopo:routepoint_id>2001747921</swisstopo:routepoint_id>
				</extensions>
			</trkpt>
			<trkpt lat="46.2615138278" lon="8.0657296376">
				<ele>2616.7</ele>
				<time>1970-01-01T01:00:00+01:00</time>
				<extensions>
					<swisstopo:routepoint_id>774593821</swisstopo:routepoint_id>
				</extensions>
			</trkpt>
			<trkpt lat="46.2614755562" lon="8.0657509821">
				<ele>2618.0</ele>
				<time>1970-01-01T01:00:00+01:00</time>
				<extensions>
					<swisstopo:routepoint_id>1499697110</swisstopo:routepoint_id>
				</extensions>
			</trkpt>
			<trkpt lat="46.2614476038" lon="8.0657712931">
				<ele>2618.4</ele>
				<time>1970-01-01T01:00:00+01:00</time>
				<extensions>
					<swisstopo:routepoint_id>1145427006</swisstopo:routepoint_id>
				</extensions>
			</trkpt>
			<trkpt lat="46.2614245535" lon="8.0657710274">
				<ele>2618.2</ele>
				<time>1970-01-01T01:00:00+01:00</time>
				<extensions>
					<swisstopo:routepoint_id>1559955212</swisstopo:routepoint_id>
				</extensions>
			</trkpt>
			<trkpt lat="46.2614150493" lon="8.0657629002">
				<ele>2618.4</ele>
				<time>1970-01-01T01:00:00+01:00</time>
				<extensions>
					<swisstopo:routepoint_id>390205979</swisstopo:routepoint_id>
				</extensions>
			</trkpt>
			<trkpt lat="46.2614001840" lon="8.0657203101">
				<ele>2619.3</ele>
				<time>1970-01-01T01:00:00+01:00</time>
				<extensions>
					<swisstopo:routepoint_id>1863207049</swisstopo:routepoint_id>
				</extensions>
			</trkpt>
			<trkpt lat="46.2613820473" lon="8.0656925902">
				<ele>2620.0</ele>
				<time>1970-01-01T01:00:00+01:00</time>
				<extensions>
					<swisstopo:routepoint_id>1720573154</swisstopo:routepoint_id>
				</extensions>
			</trkpt>
			<trkpt lat="46.2613614666" lon="8.0656762924">
				<ele>2620.8</ele>
				<time>1970-01-01T01:00:00+01:00</time>
				<extensions>
					<swisstopo:routepoint_id>2032231284</swisstopo:routepoint_id>
				</extensions>
			</trkpt>
			<trkpt lat="46.2613449795" lon="8.0656394214">
				<ele>2621.6</ele>
				<time>1970-01-01T01:00:00+01:00</time>
				<extensions>
					<swisstopo:routepoint_id>1691966991</swisstopo:routepoint_id>
				</extensions>
			</trkpt>
			<trkpt lat="46.2613252973" lon="8.0656036536">
				<ele>2622.6</ele>
				<time>1970-01-01T01:00:00+01:00</time>
				<extensions>
					<swisstopo:routepoint_id>652393188</swisstopo:routepoint_id>
				</extensions>
			</trkpt>
			<trkpt lat="46.2613032702" lon="8.0655598411">
				<ele>2623.7</ele>
				<time>1970-01-01T01:00:00+01:00</time>
				<extensions>
					<swisstopo:routepoint_id>1768996585</swisstopo:routepoint_id>
				</extensions>
			</trkpt>
			<trkpt lat="46.2612867640" lon="8.0655264025">
				<ele>2624.6</ele>
				<time>1970-01-01T01:00:00+01:00</time>
				<extensions>
					<swisstopo:routepoint_id>2002251936</swisstopo:routepoint_id>
				</extensions>
			</trkpt>
			<trkpt lat="46.2612640099" lon="8.0654711062">
				<ele>2625.7</ele>
				<time>1970-01-01T01:00:00+01:00</time>
				<extensions>
					<swisstopo:routepoint_id>412492398</swisstopo:routepoint_id>
				</extensions>
			</trkpt>
			<trkpt lat="46.2612419153" lon="8.0654410483">
				<ele>2626.8</ele>
				<time>1970-01-01T01:00:00+01:00</time>
				<extensions>
					<swisstopo:routepoint_id>936027202</swisstopo:routepoint_id>
				</extensions>
			</trkpt>
			<trkpt lat="46.2612285612" lon="8.0654110913">
				<ele>2627.5</ele>
				<time>1970-01-01T01:00:00+01:00</time>
				<extensions>
					<swisstopo:routepoint_id>1046312356</swisstopo:routepoint_id>
				</extensions>
			</trkpt>
			<trkpt lat="46.2612120272" lon="8.0653810975">
				<ele>2628.2</ele>
				<time>1970-01-01T01:00:00+01:00</time>
				<extensions>
					<swisstopo:routepoint_id>784211829</swisstopo:routepoint_id>
				</extensions>
			</trkpt>
			<trkpt lat="46.2611991103" lon="8.0654164897">
				<ele>2629.2</ele>
				<time>1970-01-01T01:00:00+01:00</time>
				<extensions>
					<swisstopo:routepoint_id>137234174</swisstopo:routepoint_id>
				</extensions>
			</trkpt>
			<trkpt lat="46.2611845147" lon="8.0654678978">
				<ele>2630.5</ele>
				<time>1970-01-01T01:00:00+01:00</time>
				<extensions>
					<swisstopo:routepoint_id>65607038</swisstopo:routepoint_id>
				</extensions>
			</trkpt>
			<trkpt lat="46.2611746858" lon="8.0655056687">
				<ele>2631.5</ele>
				<time>1970-01-01T01:00:00+01:00</time>
				<extensions>
					<swisstopo:routepoint_id>1733196344</swisstopo:routepoint_id>
				</extensions>
			</trkpt>
			<trkpt lat="46.2611565557" lon="8.0655591638">
				<ele>2633.0</ele>
				<time>1970-01-01T01:00:00+01:00</time>
				<extensions>
					<swisstopo:routepoint_id>1557395011</swisstopo:routepoint_id>
				</extensions>
			</trkpt>
			<trkpt lat="46.2611511563" lon="8.0655870809">
				<ele>2633.6</ele>
				<time>1970-01-01T01:00:00+01:00</time>
				<extensions>
					<swisstopo:routepoint_id>1618720568</swisstopo:routepoint_id>
				</extensions>
			</trkpt>
			<trkpt lat="46.2611472831" lon="8.0656233498">
				<ele>2634.3</ele>
				<time>1970-01-01T01:00:00+01:00</time>
				<extensions>
					<swisstopo:routepoint_id>1007418828</swisstopo:routepoint_id>
				</extensions>
			</trkpt>
			<trkpt lat="46.2611323859" lon="8.0656609989">
				<ele>2635.1</ele>
				<time>1970-01-01T01:00:00+01:00</time>
				<extensions>
					<swisstopo:routepoint_id>1323567723</swisstopo:routepoint_id>
				</extensions>
			</trkpt>
			<trkpt lat="46.2611217044" lon="8.0656956569">
				<ele>2635.8</ele>
				<time>1970-01-01T01:00:00+01:00</time>
				<extensions>
					<swisstopo:routepoint_id>962562631</swisstopo:routepoint_id>
				</extensions>
			</trkpt>
			<trkpt lat="46.2611078484" lon="8.0657340652">
				<ele>2636.6</ele>
				<time>1970-01-01T01:00:00+01:00</time>
				<extensions>
					<swisstopo:routepoint_id>856679080</swisstopo:routepoint_id>
				</extensions>
			</trkpt>
			<trkpt lat="46.2610970998" lon="8.0657808436">
				<ele>2637.4</ele>
				<time>1970-01-01T01:00:00+01:00</time>
				<extensions>
					<swisstopo:routepoint_id>929193197</swisstopo:routepoint_id>
				</extensions>
			</trkpt>
			<trkpt lat="46.2610810896" lon="8.0658290687">
				<ele>2638.3</ele>
				<time>1970-01-01T01:00:00+01:00</time>
				<extensions>
					<swisstopo:routepoint_id>2125556313</swisstopo:routepoint_id>
				</extensions>
			</trkpt>
			<trkpt lat="46.2610720271" lon="8.0658569435">
				<ele>2638.8</ele>
				<time>1970-01-01T01:00:00+01:00</time>
				<extensions>
					<swisstopo:routepoint_id>1901558308</swisstopo:routepoint_id>
				</extensions>
			</trkpt>
			<trkpt lat="46.2610635872" lon="8.0658644077">
				<ele>2639.1</ele>
				<time>1970-01-01T01:00:00+01:00</time>
				<extensions>
					<swisstopo:routepoint_id>837986081</swisstopo:routepoint_id>
				</extensions>
			</trkpt>
			<trkpt lat="46.2610505686" lon="8.0658468546">
				<ele>2639.8</ele>
				<time>1970-01-01T01:00:00+01:00</time>
				<extensions>
					<swisstopo:routepoint_id>905963814</swisstopo:routepoint_id>
				</extensions>
			</trkpt>
			<trkpt lat="46.2610412846" lon="8.0658180084">
				<ele>2640.5</ele>
				<time>1970-01-01T01:00:00+01:00</time>
				<extensions>
					<swisstopo:routepoint_id>856320915</swisstopo:routepoint_id>
				</extensions>
			</trkpt>
			<trkpt lat="46.2610257739" lon="8.0657777543">
				<ele>2641.4</ele>
				<time>1970-01-01T01:00:00+01:00</time>
				<extensions>
					<swisstopo:routepoint_id>1362122257</swisstopo:routepoint_id>
				</extensions>
			</trkpt>
			<trkpt lat="46.2610049976" lon="8.0657396940">
				<ele>2642.5</ele>
				<time>1970-01-01T01:00:00+01:00</time>
				<extensions>
					<swisstopo:routepoint_id>1109491131</swisstopo:routepoint_id>
				</extensions>
			</trkpt>
			<trkpt lat="46.2609893904" lon="8.0657168294">
				<ele>2643.3</ele>
				<time>1970-01-01T01:00:00+01:00</time>
				<extensions>
					<swisstopo:routepoint_id>1429703605</swisstopo:routepoint_id>
				</extensions>
			</trkpt>
			<trkpt lat="46.2609821847" lon="8.0656902743">
				<ele>2643.7</ele>
				<time>1970-01-01T01:00:00+01:00</time>
				<extensions>
					<swisstopo:routepoint_id>1986865706</swisstopo:routepoint_id>
				</extensions>
			</trkpt>
			<trkpt lat="46.2609687231" lon="8.0656591129">
				<ele>2644.3</ele>
				<time>1970-01-01T01:00:00+01:00</time>
				<extensions>
					<swisstopo:routepoint_id>505458342</swisstopo:routepoint_id>
				</extensions>
			</trkpt>
			<trkpt lat="46.2609447520" lon="8.0656316047">
				<ele>2644.8</ele>
				<time>1970-01-01T01:00:00+01:00</time>
				<extensions>
					<swisstopo:routepoint_id>171240058</swisstopo:routepoint_id>
				</extensions>
			</trkpt>
			<trkpt lat="46.2609238833" lon="8.0656101866">
				<ele>2645.4</ele>
				<time>1970-01-01T01:00:00+01:00</time>
				<extensions>
					<swisstopo:routepoint_id>1068179965</swisstopo:routepoint_id>
				</extensions>
			</trkpt>
			<trkpt lat="46.2609086938" lon="8.0656054772">
				<ele>2645.8</ele>
				<time>1970-01-01T01:00:00+01:00</time>
				<extensions>
					<swisstopo:routepoint_id>263234699</swisstopo:routepoint_id>
				</extensions>
			</trkpt>
			<trkpt lat="46.2609012667" lon="8.0656220220">
				<ele>2646.2</ele>
				<time>1970-01-01T01:00:00+01:00</time>
				<extensions>
					<swisstopo:routepoint_id>1837198703</swisstopo:routepoint_id>
				</extensions>
			</trkpt>
			<trkpt lat="46.2609025959" lon="8.0656659124">
				<ele>2647.4</ele>
				<time>1970-01-01T01:00:00+01:00</time>
				<extensions>
					<swisstopo:routepoint_id>239900790</swisstopo:routepoint_id>
				</extensions>
			</trkpt>
			<trkpt lat="46.2609066016" lon="8.0656992321">
				<ele>2648.1</ele>
				<time>1970-01-01T01:00:00+01:00</time>
				<extensions>
					<swisstopo:routepoint_id>832969383</swisstopo:routepoint_id>
				</extensions>
			</trkpt>
			<trkpt lat="46.2609032132" lon="8.0657415354">
				<ele>2648.7</ele>
				<time>1970-01-01T01:00:00+01:00</time>
				<extensions>
					<swisstopo:routepoint_id>955939579</swisstopo:routepoint_id>
				</extensions>
			</trkpt>
			<trkpt lat="46.2608945766" lon="8.0657860708">
				<ele>2649.2</ele>
				<time>1970-01-01T01:00:00+01:00</time>
				<extensions>
					<swisstopo:routepoint_id>1775764217</swisstopo:routepoint_id>
				</extensions>
			</trkpt>
			<trkpt lat="46.2608848570" lon="8.0658373826">
				<ele>2650.1</ele>
				<time>1970-01-01T01:00:00+01:00</time>
				<extensions>
					<swisstopo:routepoint_id>798793028</swisstopo:routepoint_id>
				</extensions>
			</trkpt>
			<trkpt lat="46.2608788591" lon="8.0658781613">
				<ele>2650.8</ele>
				<time>1970-01-01T01:00:00+01:00</time>
				<extensions>
					<swisstopo:routepoint_id>980705318</swisstopo:routepoint_id>
				</extensions>
			</trkpt>
			<trkpt lat="46.2608608166" lon="8.0659142540">
				<ele>2651.6</ele>
				<time>1970-01-01T01:00:00+01:00</time>
				<extensions>
					<swisstopo:routepoint_id>1198499132</swisstopo:routepoint_id>
				</extensions>
			</trkpt>
			<trkpt lat="46.2608496880" lon="8.0659360632">
				<ele>2652.0</ele>
				<time>1970-01-01T01:00:00+01:00</time>
				<extensions>
					<swisstopo:routepoint_id>727322811</swisstopo:routepoint_id>
				</extensions>
			</trkpt>
			<trkpt lat="46.2608350504" lon="8.0659253057">
				<ele>2652.6</ele>
				<time>1970-01-01T01:00:00+01:00</time>
				<extensions>
					<swisstopo:routepoint_id>594370118</swisstopo:routepoint_id>
				</extensions>
			</trkpt>
			<trkpt lat="46.2608325920" lon="8.0658965382">
				<ele>2653.1</ele>
				<time>1970-01-01T01:00:00+01:00</time>
				<extensions>
					<swisstopo:routepoint_id>725777516</swisstopo:routepoint_id>
				</extensions>
			</trkpt>
			<trkpt lat="46.2608186287" lon="8.0658608238">
				<ele>2654.1</ele>
				<time>1970-01-01T01:00:00+01:00</time>
				<extensions>
					<swisstopo:routepoint_id>233827287</swisstopo:routepoint_id>
				</extensions>
			</trkpt>
			<trkpt lat="46.2608025318" lon="8.0658296321">
				<ele>2654.9</ele>
				<time>1970-01-01T01:00:00+01:00</time>
				<extensions>
					<swisstopo:routepoint_id>656157937</swisstopo:routepoint_id>
				</extensions>
			</trkpt>
			<trkpt lat="46.2607848257" lon="8.0658082504">
				<ele>2655.3</ele>
				<time>1970-01-01T01:00:00+01:00</time>
				<extensions>
					<swisstopo:routepoint_id>150739748</swisstopo:routepoint_id>
				</extensions>
			</trkpt>
			<trkpt lat="46.2607534685" lon="8.0657867115">
				<ele>2656.1</ele>
				<time>1970-01-01T01:00:00+01:00</time>
				<extensions>
					<swisstopo:routepoint_id>394374526</swisstopo:routepoint_id>
				</extensions>
			</trkpt>
			<trkpt lat="46.2607226210" lon="8.0657666983">
				<ele>2657.2</ele>
				<time>1970-01-01T01:00:00+01:00</time>
				<extensions>
					<swisstopo:routepoint_id>984489966</swisstopo:routepoint_id>
				</extensions>
			</trkpt>
			<trkpt lat="46.2606959270" lon="8.0657565619">
				<ele>2658.2</ele>
				<time>1970-01-01T01:00:00+01:00</time>
				<extensions>
					<swisstopo:routepoint_id>1102604419</swisstopo:routepoint_id>
				</extensions>
			</trkpt>
			<trkpt lat="46.2606770741" lon="8.0657502776">
				<ele>2658.7</ele>
				<time>1970-01-01T01:00:00+01:00</time>
				<extensions>
					<swisstopo:routepoint_id>91207115</swisstopo:routepoint_id>
				</extensions>
			</trkpt>
			<trkpt lat="46.2606694954" lon="8.0657925578">
				<ele>2659.7</ele>
				<time>1970-01-01T01:00:00+01:00</time>
				<extensions>
					<swisstopo:routepoint_id>1219592499</swisstopo:routepoint_id>
				</extensions>
			</trkpt>
			<trkpt lat="46.2606624983" lon="8.0658249906">
				<ele>2660.6</ele>
				<time>1970-01-01T01:00:00+01:00</time>
				<extensions>
					<swisstopo:routepoint_id>1045237393</swisstopo:routepoint_id>
				</extensions>
			</trkpt>
			<trkpt lat="46.2606549994" lon="8.0658528959">
				<ele>2661.1</ele>
				<time>1970-01-01T01:00:00+01:00</time>
				<extensions>
					<swisstopo:routepoint_id>1623347472</swisstopo:routepoint_id>
				</extensions>
			</trkpt>
			<trkpt lat="46.2606438369" lon="8.0658792390">
				<ele>2661.6</ele>
				<time>1970-01-01T01:00:00+01:00</time>
				<extensions>
					<swisstopo:routepoint_id>1943956331</swisstopo:routepoint_id>
				</extensions>
			</trkpt>
			<trkpt lat="46.2606373585" lon="8.0659131976">
				<ele>2662.2</ele>
				<time>1970-01-01T01:00:00+01:00</time>
				<extensions>
					<swisstopo:routepoint_id>1574100958</swisstopo:routepoint_id>
				</extensions>
			</trkpt>
			<trkpt lat="46.2606282321" lon="8.0659493930">
				<ele>2662.9</ele>
				<time>1970-01-01T01:00:00+01:00</time>
				<extensions>
					<swisstopo:routepoint_id>1522740199</swisstopo:routepoint_id>
				</extensions>
			</trkpt>
			<trkpt lat="46.2606211679" lon="8.0659939462">
				<ele>2663.7</ele>
				<time>1970-01-01T01:00:00+01:00</time>
				<extensions>
					<swisstopo:routepoint_id>604032788</swisstopo:routepoint_id>
				</extensions>
			</trkpt>
			<trkpt lat="46.2606151868" lon="8.0660316724">
				<ele>2664.6</ele>
				<time>1970-01-01T01:00:00+01:00</time>
				<extensions>
					<swisstopo:routepoint_id>1258463547</swisstopo:routepoint_id>
				</extensions>
			</trkpt>
			<trkpt lat="46.2606129325" lon="8.0660611580">
				<ele>2665.2</ele>
				<time>1970-01-01T01:00:00+01:00</time>
				<extensions>
					<swisstopo:routepoint_id>918685740</swisstopo:routepoint_id>
				</extensions>
			</trkpt>
			<trkpt lat="46.2605899225" lon="8.0660472768">
				<ele>2665.9</ele>
				<time>1970-01-01T01:00:00+01:00</time>
				<extensions>
					<swisstopo:routepoint_id>242223643</swisstopo:routepoint_id>
				</extensions>
			</trkpt>
			<trkpt lat="46.2605779198" lon="8.0660350425">
				<ele>2666.3</ele>
				<time>1970-01-01T01:00:00+01:00</time>
				<extensions>
					<swisstopo:routepoint_id>481525003</swisstopo:routepoint_id>
				</extensions>
			</trkpt>
			<trkpt lat="46.2605591511" lon="8.0660151559">
				<ele>2666.8</ele>
				<time>1970-01-01T01:00:00+01:00</time>
				<extensions>
					<swisstopo:routepoint_id>828279175</swisstopo:routepoint_id>
				</extensions>
			</trkpt>
			<trkpt lat="46.2605314612" lon="8.0659929119">
				<ele>2667.5</ele>
				<time>1970-01-01T01:00:00+01:00</time>
				<extensions>
					<swisstopo:routepoint_id>1577748964</swisstopo:routepoint_id>
				</extensions>
			</trkpt>
			<trkpt lat="46.2605085066" lon="8.0659722171">
				<ele>2668.2</ele>
				<time>1970-01-01T01:00:00+01:00</time>
				<extensions>
					<swisstopo:routepoint_id>881259123</swisstopo:routepoint_id>
				</extensions>
			</trkpt>
			<trkpt lat="46.2604913309" lon="8.0659470673">
				<ele>2668.8</ele>
				<time>1970-01-01T01:00:00+01:00</time>
				<extensions>
					<swisstopo:routepoint_id>611620221</swisstopo:routepoint_id>
				</extensions>
			</trkpt>
			<trkpt lat="46.2604632066" lon="8.0659096700">
				<ele>2669.6</ele>
				<time>1970-01-01T01:00:00+01:00</time>
				<extensions>
					<swisstopo:routepoint_id>34176354</swisstopo:routepoint_id>
				</extensions>
			</trkpt>
			<trkpt lat="46.2604418827" lon="8.0658769108">
				<ele>2670.3</ele>
				<time>1970-01-01T01:00:00+01:00</time>
				<extensions>
					<swisstopo:routepoint_id>2122717909</swisstopo:routepoint_id>
				</extensions>
			</trkpt>
			<trkpt lat="46.2604173510" lon="8.0658554506">
				<ele>2671.0</ele>
				<time>1970-01-01T01:00:00+01:00</time>
				<extensions>
					<swisstopo:routepoint_id>577265084</swisstopo:routepoint_id>
				</extensions>
			</trkpt>
			<trkpt lat="46.2604062724" lon="8.0658666716">
				<ele>2671.4</ele>
				<time>1970-01-01T01:00:00+01:00</time>
				<extensions>
					<swisstopo:routepoint_id>71470217</swisstopo:routepoint_id>
				</extensions>
			</trkpt>
			<trkpt lat="46.2604050757" lon="8.0658923568">
				<ele>2671.8</ele>
				<time>1970-01-01T01:00:00+01:00</time>
				<extensions>
					<swisstopo:routepoint_id>386335200</swisstopo:routepoint_id>
				</extensions>
			</trkpt>
			<trkpt lat="46.2604043935" lon="8.0659203406">
				<ele>2672.4</ele>
				<time>1970-01-01T01:00:00+01:00</time>
				<extensions>
					<swisstopo:routepoint_id>472721616</swisstopo:routepoint_id>
				</extensions>
			</trkpt>
			<trkpt lat="46.2603990149" lon="8.0659444830">
				<ele>2672.8</ele>
				<time>1970-01-01T01:00:00+01:00</time>
				<extensions>
					<swisstopo:routepoint_id>493495523</swisstopo:routepoint_id>
				</extensions>
			</trkpt>
			<trkpt lat="46.2603930971" lon="8.0659724064">
				<ele>2673.4</ele>
				<time>1970-01-01T01:00:00+01:00</time>
				<extensions>
					<swisstopo:routepoint_id>2085695829</swisstopo:routepoint_id>
				</extensions>
			</trkpt>
			<trkpt lat="46.2603913862" lon="8.0659973384">
				<ele>2673.7</ele>
				<time>1970-01-01T01:00:00+01:00</time>
				<extensions>
					<swisstopo:routepoint_id>575037767</swisstopo:routepoint_id>
				</extensions>
			</trkpt>
			<trkpt lat="46.2603911975" lon="8.0660313694">
				<ele>2674.3</ele>
				<time>1970-01-01T01:00:00+01:00</time>
				<extensions>
					<swisstopo:routepoint_id>1986936409</swisstopo:routepoint_id>
				</extensions>
			</trkpt>
			<trkpt lat="46.2603878173" lon="8.0660721652">
				<ele>2675.0</ele>
				<time>1970-01-01T01:00:00+01:00</time>
				<extensions>
					<swisstopo:routepoint_id>1819151619</swisstopo:routepoint_id>
				</extensions>
			</trkpt>
			<trkpt lat="46.2603896861" lon="8.0661137815">
				<ele>2676.0</ele>
				<time>1970-01-01T01:00:00+01:00</time>
				<extensions>
					<swisstopo:routepoint_id>1195618977</swisstopo:routepoint_id>
				</extensions>
			</trkpt>
			<trkpt lat="46.2603848215" lon="8.0661386898">
				<ele>2676.5</ele>
				<time>1970-01-01T01:00:00+01:00</time>
				<extensions>
					<swisstopo:routepoint_id>303167411</swisstopo:routepoint_id>
				</extensions>
			</trkpt>
			<trkpt lat="46.2603711546" lon="8.0661445865">
				<ele>2676.9</ele>
				<time>1970-01-01T01:00:00+01:00</time>
				<extensions>
					<swisstopo:routepoint_id>1912381114</swisstopo:routepoint_id>
				</extensions>
			</trkpt>
			<trkpt lat="46.2603523188" lon="8.0661368077">
				<ele>2677.5</ele>
				<time>1970-01-01T01:00:00+01:00</time>
				<extensions>
					<swisstopo:routepoint_id>57367026</swisstopo:routepoint_id>
				</extensions>
			</trkpt>
			<trkpt lat="46.2603292710" lon="8.0661297277">
				<ele>2678.2</ele>
				<time>1970-01-01T01:00:00+01:00</time>
				<extensions>
					<swisstopo:routepoint_id>615343291</swisstopo:routepoint_id>
				</extensions>
			</trkpt>
			<trkpt lat="46.2603120617" lon="8.0661106317">
				<ele>2678.6</ele>
				<time>1970-01-01T01:00:00+01:00</time>
				<extensions>
					<swisstopo:routepoint_id>1423119816</swisstopo:routepoint_id>
				</extensions>
			</trkpt>
			<trkpt lat="46.2603027490" lon="8.0660885744">
				<ele>2678.8</ele>
				<time>1970-01-01T01:00:00+01:00</time>
				<extensions>
					<swisstopo:routepoint_id>1618620083</swisstopo:routepoint_id>
				</extensions>
			</trkpt>
			<trkpt lat="46.2602971157" lon="8.0660620378">
				<ele>2678.9</ele>
				<time>1970-01-01T01:00:00+01:00</time>
				<extensions>
					<swisstopo:routepoint_id>100607273</swisstopo:routepoint_id>
				</extensions>
			</trkpt>
			<trkpt lat="46.2602835829" lon="8.0660437443">
				<ele>2679.2</ele>
				<time>1970-01-01T01:00:00+01:00</time>
				<extensions>
					<swisstopo:routepoint_id>1339923542</swisstopo:routepoint_id>
				</extensions>
			</trkpt>
			<trkpt lat="46.2602647634" lon="8.0660314314">
				<ele>2679.9</ele>
				<time>1970-01-01T01:00:00+01:00</time>
				<extensions>
					<swisstopo:routepoint_id>315637411</swisstopo:routepoint_id>
				</extensions>
			</trkpt>
			<trkpt lat="46.2602506114" lon="8.0660297483">
				<ele>2680.4</ele>
				<time>1970-01-01T01:00:00+01:00</time>
				<extensions>
					<swisstopo:routepoint_id>604054458</swisstopo:routepoint_id>
				</extensions>
			</trkpt>
			<trkpt lat="46.2602350001" lon="8.0660076310">
				<ele>2680.9</ele>
				<time>1970-01-01T01:00:00+01:00</time>
				<extensions>
					<swisstopo:routepoint_id>361809145</swisstopo:routepoint_id>
				</extensions>
			</trkpt>
			<trkpt lat="46.2602130862" lon="8.0659862011">
				<ele>2681.6</ele>
				<time>1970-01-01T01:00:00+01:00</time>
				<extensions>
					<swisstopo:routepoint_id>776938544</swisstopo:routepoint_id>
				</extensions>
			</trkpt>
			<trkpt lat="46.2601938025" lon="8.0659625470">
				<ele>2682.2</ele>
				<time>1970-01-01T01:00:00+01:00</time>
				<extensions>
					<swisstopo:routepoint_id>90406565</swisstopo:routepoint_id>
				</extensions>
			</trkpt>
			<trkpt lat="46.2601819178" lon="8.0659306314">
				<ele>2682.8</ele>
				<time>1970-01-01T01:00:00+01:00</time>
				<extensions>
					<swisstopo:routepoint_id>811958327</swisstopo:routepoint_id>
				</extensions>
			</trkpt>
			<trkpt lat="46.2601700748" lon="8.0658911675">
				<ele>2683.6</ele>
				<time>1970-01-01T01:00:00+01:00</time>
				<extensions>
					<swisstopo:routepoint_id>1747749527</swisstopo:routepoint_id>
				</extensions>
			</trkpt>
			<trkpt lat="46.2601576416" lon="8.0658615255">
				<ele>2684.3</ele>
				<time>1970-01-01T01:00:00+01:00</time>
				<extensions>
					<swisstopo:routepoint_id>216658953</swisstopo:routepoint_id>
				</extensions>
			</trkpt>
			<trkpt lat="46.2601447193" lon="8.0658265835">
				<ele>2685.4</ele>
				<time>1970-01-01T01:00:00+01:00</time>
				<extensions>
					<swisstopo:routepoint_id>1543572609</swisstopo:routepoint_id>
				</extensions>
			</trkpt>
			<trkpt lat="46.2601391371" lon="8.0657940060">
				<ele>2686.3</ele>
				<time>1970-01-01T01:00:00+01:00</time>
				<extensions>
					<swisstopo:routepoint_id>906024862</swisstopo:routepoint_id>
				</extensions>
			</trkpt>
			<trkpt lat="46.2601288120" lon="8.0657643884">
				<ele>2687.3</ele>
				<time>1970-01-01T01:00:00+01:00</time>
				<extensions>
					<swisstopo:routepoint_id>34355137</swisstopo:routepoint_id>
				</extensions>
			</trkpt>
			<trkpt lat="46.2601200463" lon="8.0657355486">
				<ele>2688.1</ele>
				<time>1970-01-01T01:00:00+01:00</time>
				<extensions>
					<swisstopo:routepoint_id>2110189785</swisstopo:routepoint_id>
				</extensions>
			</trkpt>
			<trkpt lat="46.2601125852" lon="8.0657566271">
				<ele>2688.4</ele>
				<time>1970-01-01T01:00:00+01:00</time>
				<extensions>
					<swisstopo:routepoint_id>1736382709</swisstopo:routepoint_id>
				</extensions>
			</trkpt>
			<trkpt lat="46.2601014268" lon="8.0657822228">
				<ele>2689.0</ele>
				<time>1970-01-01T01:00:00+01:00</time>
				<extensions>
					<swisstopo:routepoint_id>104543468</swisstopo:routepoint_id>
				</extensions>
			</trkpt>
			<trkpt lat="46.2600923597" lon="8.0658093371">
				<ele>2689.5</ele>
				<time>1970-01-01T01:00:00+01:00</time>
				<extensions>
					<swisstopo:routepoint_id>1725458342</swisstopo:routepoint_id>
				</extensions>
			</trkpt>
			<trkpt lat="46.2600738325" lon="8.0658393821">
				<ele>2690.4</ele>
				<time>1970-01-01T01:00:00+01:00</time>
				<extensions>
					<swisstopo:routepoint_id>448123019</swisstopo:routepoint_id>
				</extensions>
			</trkpt>
			<trkpt lat="46.2600542721" lon="8.0658656281">
				<ele>2691.2</ele>
				<time>1970-01-01T01:00:00+01:00</time>
				<extensions>
					<swisstopo:routepoint_id>2045167497</swisstopo:routepoint_id>
				</extensions>
			</trkpt>
			<trkpt lat="46.2600462591" lon="8.0658927672">
				<ele>2691.7</ele>
				<time>1970-01-01T01:00:00+01:00</time>
				<extensions>
					<swisstopo:routepoint_id>654042762</swisstopo:routepoint_id>
				</extensions>
			</trkpt>
			<trkpt lat="46.2600481949" lon="8.0659222882">
				<ele>2691.9</ele>
				<time>1970-01-01T01:00:00+01:00</time>
				<extensions>
					<swisstopo:routepoint_id>266544210</swisstopo:routepoint_id>
				</extensions>
			</trkpt>
			<trkpt lat="46.2600470024" lon="8.0659472260">
				<ele>2692.3</ele>
				<time>1970-01-01T01:00:00+01:00</time>
				<extensions>
					<swisstopo:routepoint_id>1526902438</swisstopo:routepoint_id>
				</extensions>
			</trkpt>
			<trkpt lat="46.2600405907" lon="8.0659675693">
				<ele>2692.6</ele>
				<time>1970-01-01T01:00:00+01:00</time>
				<extensions>
					<swisstopo:routepoint_id>1683768998</swisstopo:routepoint_id>
				</extensions>
			</trkpt>
			<trkpt lat="46.2600248242" lon="8.0659734418">
				<ele>2693.1</ele>
				<time>1970-01-01T01:00:00+01:00</time>
				<extensions>
					<swisstopo:routepoint_id>2054254152</swisstopo:routepoint_id>
				</extensions>
			</trkpt>
			<trkpt lat="46.2600064270" lon="8.0659800439">
				<ele>2693.6</ele>
				<time>1970-01-01T01:00:00+01:00</time>
				<extensions>
					<swisstopo:routepoint_id>1138251951</swisstopo:routepoint_id>
				</extensions>
			</trkpt>
			<trkpt lat="46.2599967530" lon="8.0660215267">
				<ele>2694.3</ele>
				<time>1970-01-01T01:00:00+01:00</time>
				<extensions>
					<swisstopo:routepoint_id>1835307768</swisstopo:routepoint_id>
				</extensions>
			</trkpt>
			<trkpt lat="46.2599876568" lon="8.0660554548">
				<ele>2695.0</ele>
				<time>1970-01-01T01:00:00+01:00</time>
				<extensions>
					<swisstopo:routepoint_id>489261298</swisstopo:routepoint_id>
				</extensions>
			</trkpt>
			<trkpt lat="46.2599833068" lon="8.0660826234">
				<ele>2695.7</ele>
				<time>1970-01-01T01:00:00+01:00</time>
				<extensions>
					<swisstopo:routepoint_id>586230590</swisstopo:routepoint_id>
				</extensions>
			</trkpt>
			<trkpt lat="46.2599757280" lon="8.0661249030">
				<ele>2696.9</ele>
				<time>1970-01-01T01:00:00+01:00</time>
				<extensions>
					<swisstopo:routepoint_id>514736017</swisstopo:routepoint_id>
				</extensions>
			</trkpt>
			<trkpt lat="46.2599598357" lon="8.0661534584">
				<ele>2698.0</ele>
				<time>1970-01-01T01:00:00+01:00</time>
				<extensions>
					<swisstopo:routepoint_id>83196274</swisstopo:routepoint_id>
				</extensions>
			</trkpt>
			<trkpt lat="46.2599407850" lon="8.0661812300">
				<ele>2699.1</ele>
				<time>1970-01-01T01:00:00+01:00</time>
				<extensions>
					<swisstopo:routepoint_id>1302982672</swisstopo:routepoint_id>
				</extensions>
			</trkpt>
			<trkpt lat="46.2599300405" lon="8.0662272348">
				<ele>2699.8</ele>
				<time>1970-01-01T01:00:00+01:00</time>
				<extensions>
					<swisstopo:routepoint_id>1644036463</swisstopo:routepoint_id>
				</extensions>
			</trkpt>
			<trkpt lat="46.2599183471" lon="8.0662558385">
				<ele>2700.1</ele>
				<time>1970-01-01T01:00:00+01:00</time>
				<extensions>
					<swisstopo:routepoint_id>978114397</swisstopo:routepoint_id>
				</extensions>
			</trkpt>
			<trkpt lat="46.2599051270" lon="8.0662745960">
				<ele>2700.3</ele>
				<time>1970-01-01T01:00:00+01:00</time>
				<extensions>
					<swisstopo:routepoint_id>1686182515</swisstopo:routepoint_id>
				</extensions>
			</trkpt>
			<trkpt lat="46.2599012914" lon="8.0663040503">
				<ele>2700.4</ele>
				<time>1970-01-01T01:00:00+01:00</time>
				<extensions>
					<swisstopo:routepoint_id>513647893</swisstopo:routepoint_id>
				</extensions>
			</trkpt>
			<trkpt lat="46.2598959002" lon="8.0663304595">
				<ele>2700.5</ele>
				<time>1970-01-01T01:00:00+01:00</time>
				<extensions>
					<swisstopo:routepoint_id>1697334465</swisstopo:routepoint_id>
				</extensions>
			</trkpt>
			<trkpt lat="46.2598768416" lon="8.0663612454">
				<ele>2700.9</ele>
				<time>1970-01-01T01:00:00+01:00</time>
				<extensions>
					<swisstopo:routepoint_id>1176672664</swisstopo:routepoint_id>
				</extensions>
			</trkpt>
			<trkpt lat="46.2598724244" lon="8.0664005216">
				<ele>2701.2</ele>
				<time>1970-01-01T01:00:00+01:00</time>
				<extensions>
					<swisstopo:routepoint_id>2021231260</swisstopo:routepoint_id>
				</extensions>
			</trkpt>
			<trkpt lat="46.2598701951" lon="8.0664254474">
				<ele>2701.7</ele>
				<time>1970-01-01T01:00:00+01:00</time>
				<extensions>
					<swisstopo:routepoint_id>1415869366</swisstopo:routepoint_id>
				</extensions>
			</trkpt>
			<trkpt lat="46.2598620598" lon="8.0664730021">
				<ele>2702.8</ele>
				<time>1970-01-01T01:00:00+01:00</time>
				<extensions>
					<swisstopo:routepoint_id>841724665</swisstopo:routepoint_id>
				</extensions>
			</trkpt>
			<trkpt lat="46.2598540295" lon="8.0665016480">
				<ele>2703.5</ele>
				<time>1970-01-01T01:00:00+01:00</time>
				<extensions>
					<swisstopo:routepoint_id>182303816</swisstopo:routepoint_id>
				</extensions>
			</trkpt>
			<trkpt lat="46.2598511934" lon="8.0665409424">
				<ele>2704.1</ele>
				<time>1970-01-01T01:00:00+01:00</time>
				<extensions>
					<swisstopo:routepoint_id>1580866472</swisstopo:routepoint_id>
				</extensions>
			</trkpt>
			<trkpt lat="46.2598530615" lon="8.0665810511">
				<ele>2704.9</ele>
				<time>1970-01-01T01:00:00+01:00</time>
				<extensions>
					<swisstopo:routepoint_id>1317125800</swisstopo:routepoint_id>
				</extensions>
			</trkpt>
			<trkpt lat="46.2598565780" lon="8.0666090830">
				<ele>2705.2</ele>
				<time>1970-01-01T01:00:00+01:00</time>
				<extensions>
					<swisstopo:routepoint_id>2077295317</swisstopo:routepoint_id>
				</extensions>
			</trkpt>
			<trkpt lat="46.2598595464" lon="8.0666408830">
				<ele>2705.7</ele>
				<time>1970-01-01T01:00:00+01:00</time>
				<extensions>
					<swisstopo:routepoint_id>384731443</swisstopo:routepoint_id>
				</extensions>
			</trkpt>
			<trkpt lat="46.2598503914" lon="8.0666853860">
				<ele>2706.7</ele>
				<time>1970-01-01T01:00:00+01:00</time>
				<extensions>
					<swisstopo:routepoint_id>1288259690</swisstopo:routepoint_id>
				</extensions>
			</trkpt>
			<trkpt lat="46.2598364719" lon="8.0667351537">
				<ele>2707.7</ele>
				<time>1970-01-01T01:00:00+01:00</time>
				<extensions>
					<swisstopo:routepoint_id>206859619</swisstopo:routepoint_id>
				</extensions>
			</trkpt>
			<trkpt lat="46.2598214987" lon="8.0667864164">
				<ele>2708.6</ele>
				<time>1970-01-01T01:00:00+01:00</time>
				<extensions>
					<swisstopo:routepoint_id>1071415579</swisstopo:routepoint_id>
				</extensions>
			</trkpt>
			<trkpt lat="46.2598159855" lon="8.0668347612">
				<ele>2709.5</ele>
				<time>1970-01-01T01:00:00+01:00</time>
				<extensions>
					<swisstopo:routepoint_id>181578809</swisstopo:routepoint_id>
				</extensions>
			</trkpt>
			<trkpt lat="46.2598115136" lon="8.0668838653">
				<ele>2710.4</ele>
				<time>1970-01-01T01:00:00+01:00</time>
				<extensions>
					<swisstopo:routepoint_id>518265058</swisstopo:routepoint_id>
				</extensions>
			</trkpt>
			<trkpt lat="46.2598055489" lon="8.0669185892">
				<ele>2711.0</ele>
				<time>1970-01-01T01:00:00+01:00</time>
				<extensions>
					<swisstopo:routepoint_id>1117757412</swisstopo:routepoint_id>
				</extensions>
			</trkpt>
			<trkpt lat="46.2598010307" lon="8.0669760015">
				<ele>2711.9</ele>
				<time>1970-01-01T01:00:00+01:00</time>
				<extensions>
					<swisstopo:routepoint_id>359773705</swisstopo:routepoint_id>
				</extensions>
			</trkpt>
			<trkpt lat="46.2597991599" lon="8.0670296953">
				<ele>2712.8</ele>
				<time>1970-01-01T01:00:00+01:00</time>
				<extensions>
					<swisstopo:routepoint_id>388650487</swisstopo:routepoint_id>
				</extensions>
			</trkpt>
			<trkpt lat="46.2597951813" lon="8.0670848592">
				<ele>2713.7</ele>
				<time>1970-01-01T01:00:00+01:00</time>
				<extensions>
					<swisstopo:routepoint_id>1995944878</swisstopo:routepoint_id>
				</extensions>
			</trkpt>
			<trkpt lat="46.2597891077" lon="8.0671407463">
				<ele>2714.7</ele>
				<time>1970-01-01T01:00:00+01:00</time>
				<extensions>
					<swisstopo:routepoint_id>1564992854</swisstopo:routepoint_id>
				</extensions>
			</trkpt>
			<trkpt lat="46.2597878182" lon="8.0671830983">
				<ele>2715.6</ele>
				<time>1970-01-01T01:00:00+01:00</time>
				<extensions>
					<swisstopo:routepoint_id>552021360</swisstopo:routepoint_id>
				</extensions>
			</trkpt>
			<trkpt lat="46.2597870268" lon="8.0672322449">
				<ele>2716.7</ele>
				<time>1970-01-01T01:00:00+01:00</time>
				<extensions>
					<swisstopo:routepoint_id>1320571750</swisstopo:routepoint_id>
				</extensions>
			</trkpt>
			<trkpt lat="46.2597867789" lon="8.0672768507">
				<ele>2717.5</ele>
				<time>1970-01-01T01:00:00+01:00</time>
				<extensions>
					<swisstopo:routepoint_id>406065024</swisstopo:routepoint_id>
				</extensions>
			</trkpt>
			<trkpt lat="46.2597865392" lon="8.0673199620">
				<ele>2718.1</ele>
				<time>1970-01-01T01:00:00+01:00</time>
				<extensions>
					<swisstopo:routepoint_id>1430731566</swisstopo:routepoint_id>
				</extensions>
			</trkpt>
			<trkpt lat="46.2597862659" lon="8.0673691273">
				<ele>2718.7</ele>
				<time>1970-01-01T01:00:00+01:00</time>
				<extensions>
					<swisstopo:routepoint_id>1018183202</swisstopo:routepoint_id>
				</extensions>
			</trkpt>
			<trkpt lat="46.2597896263" lon="8.0674236161">
				<ele>2719.2</ele>
				<time>1970-01-01T01:00:00+01:00</time>
				<extensions>
					<swisstopo:routepoint_id>1252565524</swisstopo:routepoint_id>
				</extensions>
			</trkpt>
			<trkpt lat="46.2597914693" lon="8.0674697786">
				<ele>2719.9</ele>
				<time>1970-01-01T01:00:00+01:00</time>
				<extensions>
					<swisstopo:routepoint_id>1764283805</swisstopo:routepoint_id>
				</extensions>
			</trkpt>
			<trkpt lat="46.2597949604" lon="8.0675023319">
				<ele>2720.5</ele>
				<time>1970-01-01T01:00:00+01:00</time>
				<extensions>
					<swisstopo:routepoint_id>1130388570</swisstopo:routepoint_id>
				</extensions>
			</trkpt>
			<trkpt lat="46.2597916095" lon="8.0675393532">
				<ele>2721.0</ele>
				<time>1970-01-01T01:00:00+01:00</time>
				<extensions>
					<swisstopo:routepoint_id>1428263580</swisstopo:routepoint_id>
				</extensions>
			</trkpt>
			<trkpt lat="46.2597866820" lon="8.0675771160">
				<ele>2721.6</ele>
				<time>1970-01-01T01:00:00+01:00</time>
				<extensions>
					<swisstopo:routepoint_id>509509850</swisstopo:routepoint_id>
				</extensions>
			</trkpt>
			<trkpt lat="46.2597896964" lon="8.0676005952">
				<ele>2722.1</ele>
				<time>1970-01-01T01:00:00+01:00</time>
				<extensions>
					<swisstopo:routepoint_id>639900281</swisstopo:routepoint_id>
				</extensions>
			</trkpt>
			<trkpt lat="46.2597962399" lon="8.0676498266">
				<ele>2722.7</ele>
				<time>1970-01-01T01:00:00+01:00</time>
				<extensions>
					<swisstopo:routepoint_id>281465099</swisstopo:routepoint_id>
				</extensions>
			</trkpt>
			<trkpt lat="46.2598037486" lon="8.0677134573">
				<ele>2723.7</ele>
				<time>1970-01-01T01:00:00+01:00</time>
				<extensions>
					<swisstopo:routepoint_id>334947999</swisstopo:routepoint_id>
				</extensions>
			</trkpt>
			<trkpt lat="46.2598103090" lon="8.0677611817">
				<ele>2724.6</ele>
				<time>1970-01-01T01:00:00+01:00</time>
				<extensions>
					<swisstopo:routepoint_id>1838927443</swisstopo:routepoint_id>
				</extensions>
			</trkpt>
			<trkpt lat="46.2598215864" lon="8.0678074408">
				<ele>2725.6</ele>
				<time>1970-01-01T01:00:00+01:00</time>
				<extensions>
					<swisstopo:routepoint_id>1982486541</swisstopo:routepoint_id>
				</extensions>
			</trkpt>
			<trkpt lat="46.2598319197" lon="8.0678370588">
				<ele>2726.0</ele>
				<time>1970-01-01T01:00:00+01:00</time>
				<extensions>
					<swisstopo:routepoint_id>1672082513</swisstopo:routepoint_id>
				</extensions>
			</trkpt>
			<trkpt lat="46.2598411947" lon="8.0678674245">
				<ele>2726.5</ele>
				<time>1970-01-01T01:00:00+01:00</time>
				<extensions>
					<swisstopo:routepoint_id>252492147</swisstopo:routepoint_id>
				</extensions>
			</trkpt>
			<trkpt lat="46.2598238805" lon="8.0678672242">
				<ele>2727.0</ele>
				<time>1970-01-01T01:00:00+01:00</time>
				<extensions>
					<swisstopo:routepoint_id>1196135029</swisstopo:routepoint_id>
				</extensions>
			</trkpt>
			<trkpt lat="46.2597956563" lon="8.0678494951">
				<ele>2727.5</ele>
				<time>1970-01-01T01:00:00+01:00</time>
				<extensions>
					<swisstopo:routepoint_id>28866110</swisstopo:routepoint_id>
				</extensions>
			</trkpt>
			<trkpt lat="46.2597648304" lon="8.0678256944">
				<ele>2727.9</ele>
				<time>1970-01-01T01:00:00+01:00</time>
				<extensions>
					<swisstopo:routepoint_id>1870435698</swisstopo:routepoint_id>
				</extensions>
			</trkpt>
			<trkpt lat="46.2597308389" lon="8.0678071513">
				<ele>2728.9</ele>
				<time>1970-01-01T01:00:00+01:00</time>
				<extensions>
					<swisstopo:routepoint_id>1460799511</swisstopo:routepoint_id>
				</extensions>
			</trkpt>
			<trkpt lat="46.2596942167" lon="8.0677893377">
				<ele>2729.9</ele>
				<time>1970-01-01T01:00:00+01:00</time>
				<extensions>
					<swisstopo:routepoint_id>1106680881</swisstopo:routepoint_id>
				</extensions>
			</trkpt>
			<trkpt lat="46.2596664899" lon="8.0677753889">
				<ele>2730.6</ele>
				<time>1970-01-01T01:00:00+01:00</time>
				<extensions>
					<swisstopo:routepoint_id>1836078208</swisstopo:routepoint_id>
				</extensions>
			</trkpt>
			<trkpt lat="46.2596377848" lon="8.0677493456">
				<ele>2731.6</ele>
				<time>1970-01-01T01:00:00+01:00</time>
				<extensions>
					<swisstopo:routepoint_id>2101141815</swisstopo:routepoint_id>
				</extensions>
			</trkpt>
			<trkpt lat="46.2596001677" lon="8.0677224394">
				<ele>2732.4</ele>
				<time>1970-01-01T01:00:00+01:00</time>
				<extensions>
					<swisstopo:routepoint_id>1969288751</swisstopo:routepoint_id>
				</extensions>
			</trkpt>
			<trkpt lat="46.2595630941" lon="8.0676910051">
				<ele>2733.5</ele>
				<time>1970-01-01T01:00:00+01:00</time>
				<extensions>
					<swisstopo:routepoint_id>129614571</swisstopo:routepoint_id>
				</extensions>
			</trkpt>
			<trkpt lat="46.2595344143" lon="8.0676604279">
				<ele>2734.2</ele>
				<time>1970-01-01T01:00:00+01:00</time>
				<extensions>
					<swisstopo:routepoint_id>1269296182</swisstopo:routepoint_id>
				</extensions>
			</trkpt>
			<trkpt lat="46.2594999631" lon="8.0676297714">
				<ele>2735.3</ele>
				<time>1970-01-01T01:00:00+01:00</time>
				<extensions>
					<swisstopo:routepoint_id>942264499</swisstopo:routepoint_id>
				</extensions>
			</trkpt>
			<trkpt lat="46.2594775143" lon="8.0676113619">
				<ele>2736.1</ele>
				<time>1970-01-01T01:00:00+01:00</time>
				<extensions>
					<swisstopo:routepoint_id>1984112775</swisstopo:routepoint_id>
				</extensions>
			</trkpt>
			<trkpt lat="46.2594555962" lon="8.0675891717">
				<ele>2736.8</ele>
				<time>1970-01-01T01:00:00+01:00</time>
				<extensions>
					<swisstopo:routepoint_id>675373127</swisstopo:routepoint_id>
				</extensions>
			</trkpt>
			<trkpt lat="46.2594425950" lon="8.0675701116">
				<ele>2737.3</ele>
				<time>1970-01-01T01:00:00+01:00</time>
				<extensions>
					<swisstopo:routepoint_id>1158927830</swisstopo:routepoint_id>
				</extensions>
			</trkpt>
			<trkpt lat="46.2594065499" lon="8.0675417165">
				<ele>2738.3</ele>
				<time>1970-01-01T01:00:00+01:00</time>
				<extensions>
					<swisstopo:routepoint_id>1268773442</swisstopo:routepoint_id>
				</extensions>
			</trkpt>
			<trkpt lat="46.2593767612" lon="8.0675209552">
				<ele>2739.1</ele>
				<time>1970-01-01T01:00:00+01:00</time>
				<extensions>
					<swisstopo:routepoint_id>302388548</swisstopo:routepoint_id>
				</extensions>
			</trkpt>
			<trkpt lat="46.2593475165" lon="8.0674971604">
				<ele>2739.9</ele>
				<time>1970-01-01T01:00:00+01:00</time>
				<extensions>
					<swisstopo:routepoint_id>1300983147</swisstopo:routepoint_id>
				</extensions>
			</trkpt>
			<trkpt lat="46.2593130740" lon="8.0674665168">
				<ele>2740.9</ele>
				<time>1970-01-01T01:00:00+01:00</time>
				<extensions>
					<swisstopo:routepoint_id>1813931408</swisstopo:routepoint_id>
				</extensions>
			</trkpt>
			<trkpt lat="46.2592864763" lon="8.0674374712">
				<ele>2741.6</ele>
				<time>1970-01-01T01:00:00+01:00</time>
				<extensions>
					<swisstopo:routepoint_id>2035278280</swisstopo:routepoint_id>
				</extensions>
			</trkpt>
			<trkpt lat="46.2592598917" lon="8.0674076657">
				<ele>2742.4</ele>
				<time>1970-01-01T01:00:00+01:00</time>
				<extensions>
					<swisstopo:routepoint_id>1971785592</swisstopo:routepoint_id>
				</extensions>
			</trkpt>
			<trkpt lat="46.2592374594" lon="8.0673847224">
				<ele>2742.7</ele>
				<time>1970-01-01T01:00:00+01:00</time>
				<extensions>
					<swisstopo:routepoint_id>1254773955</swisstopo:routepoint_id>
				</extensions>
			</trkpt>
			<trkpt lat="46.2592181471" lon="8.0673678566">
				<ele>2743.2</ele>
				<time>1970-01-01T01:00:00+01:00</time>
				<extensions>
					<swisstopo:routepoint_id>490488289</swisstopo:routepoint_id>
				</extensions>
			</trkpt>
			<trkpt lat="46.2592039989" lon="8.0673639061">
				<ele>2743.4</ele>
				<time>1970-01-01T01:00:00+01:00</time>
				<extensions>
					<swisstopo:routepoint_id>1146798480</swisstopo:routepoint_id>
				</extensions>
			</trkpt>
			<trkpt lat="46.2592110652" lon="8.0674139029">
				<ele>2744.6</ele>
				<time>1970-01-01T01:00:00+01:00</time>
				<extensions>
					<swisstopo:routepoint_id>174561851</swisstopo:routepoint_id>
				</extensions>
			</trkpt>
			<trkpt lat="46.2592118502" lon="8.0674623198">
				<ele>2745.7</ele>
				<time>1970-01-01T01:00:00+01:00</time>
				<extensions>
					<swisstopo:routepoint_id>948456485</swisstopo:routepoint_id>
				</extensions>
			</trkpt>
			<trkpt lat="46.2592162857" lon="8.0675130462">
				<ele>2746.7</ele>
				<time>1970-01-01T01:00:00+01:00</time>
				<extensions>
					<swisstopo:routepoint_id>446462206</swisstopo:routepoint_id>
				</extensions>
			</trkpt>
			<trkpt lat="46.2591977176" lon="8.0675506455">
				<ele>2748.2</ele>
				<time>1970-01-01T01:00:00+01:00</time>
				<extensions>
					<swisstopo:routepoint_id>810349134</swisstopo:routepoint_id>
				</extensions>
			</trkpt>
			<trkpt lat="46.2591907184" lon="8.0675830922">
				<ele>2749.2</ele>
				<time>1970-01-01T01:00:00+01:00</time>
				<extensions>
					<swisstopo:routepoint_id>1586435296</swisstopo:routepoint_id>
				</extensions>
			</trkpt>
			<trkpt lat="46.2591785254" lon="8.0676063874">
				<ele>2750.4</ele>
				<time>1970-01-01T01:00:00+01:00</time>
				<extensions>
					<swisstopo:routepoint_id>786351512</swisstopo:routepoint_id>
				</extensions>
			</trkpt>
			<trkpt lat="46.2591664580" lon="8.0676054959">
				<ele>2751.0</ele>
				<time>1970-01-01T01:00:00+01:00</time>
				<extensions>
					<swisstopo:routepoint_id>1643216403</swisstopo:routepoint_id>
				</extensions>
			</trkpt>
			<trkpt lat="46.2591564660" lon="8.0676099193">
				<ele>2751.5</ele>
				<time>1970-01-01T01:00:00+01:00</time>
				<extensions>
					<swisstopo:routepoint_id>529540097</swisstopo:routepoint_id>
				</extensions>
			</trkpt>
			<trkpt lat="46.2591505696" lon="8.0676332999">
				<ele>2752.3</ele>
				<time>1970-01-01T01:00:00+01:00</time>
				<extensions>
					<swisstopo:routepoint_id>1882819166</swisstopo:routepoint_id>
				</extensions>
			</trkpt>
			<trkpt lat="46.2591493364" lon="8.0676658007">
				<ele>2753.1</ele>
				<time>1970-01-01T01:00:00+01:00</time>
				<extensions>
					<swisstopo:routepoint_id>1069668876</swisstopo:routepoint_id>
				</extensions>
			</trkpt>
			<trkpt lat="46.2591476486" lon="8.0676862084">
				<ele>2753.5</ele>
				<time>1970-01-01T01:00:00+01:00</time>
				<extensions>
					<swisstopo:routepoint_id>34357489</swisstopo:routepoint_id>
				</extensions>
			</trkpt>
			<trkpt lat="46.2591314488" lon="8.0676761767">
				<ele>2754.2</ele>
				<time>1970-01-01T01:00:00+01:00</time>
				<extensions>
					<swisstopo:routepoint_id>1507141344</swisstopo:routepoint_id>
				</extensions>
			</trkpt>
			<trkpt lat="46.2590979290" lon="8.0676667239">
				<ele>2755.7</ele>
				<time>1970-01-01T01:00:00+01:00</time>
				<extensions>
					<swisstopo:routepoint_id>1284875778</swisstopo:routepoint_id>
				</extensions>
			</trkpt>
			<trkpt lat="46.2590748766" lon="8.0676611655">
				<ele>2756.8</ele>
				<time>1970-01-01T01:00:00+01:00</time>
				<extensions>
					<swisstopo:routepoint_id>1706463637</swisstopo:routepoint_id>
				</extensions>
			</trkpt>
			<trkpt lat="46.2590711392" lon="8.0676732234">
				<ele>2757.2</ele>
				<time>1970-01-01T01:00:00+01:00</time>
				<extensions>
					<swisstopo:routepoint_id>831845632</swisstopo:routepoint_id>
				</extensions>
			</trkpt>
			<trkpt lat="46.2590762236" lon="8.0677020093">
				<ele>2757.6</ele>
				<time>1970-01-01T01:00:00+01:00</time>
				<extensions>
					<swisstopo:routepoint_id>1027024252</swisstopo:routepoint_id>
				</extensions>
			</trkpt>
			<trkpt lat="46.2590671196" lon="8.0677344316">
				<ele>2758.7</ele>
				<time>1970-01-01T01:00:00+01:00</time>
				<extensions>
					<swisstopo:routepoint_id>292985444</swisstopo:routepoint_id>
				</extensions>
			</trkpt>
			<trkpt lat="46.2590690982" lon="8.0677571385">
				<ele>2759.1</ele>
				<time>1970-01-01T01:00:00+01:00</time>
				<extensions>
					<swisstopo:routepoint_id>593923055</swisstopo:routepoint_id>
				</extensions>
			</trkpt>
			<trkpt lat="46.2590631886" lon="8.0677812709">
				<ele>2760.0</ele>
				<time>1970-01-01T01:00:00+01:00</time>
				<extensions>
					<swisstopo:routepoint_id>1930820316</swisstopo:routepoint_id>
				</extensions>
			</trkpt>
			<trkpt lat="46.2590485120" lon="8.0677788451">
				<ele>2760.7</ele>
				<time>1970-01-01T01:00:00+01:00</time>
				<extensions>
					<swisstopo:routepoint_id>715339332</swisstopo:routepoint_id>
				</extensions>
			</trkpt>
			<trkpt lat="46.2590302452" lon="8.0677619937">
				<ele>2761.4</ele>
				<time>1970-01-01T01:00:00+01:00</time>
				<extensions>
					<swisstopo:routepoint_id>372984579</swisstopo:routepoint_id>
				</extensions>
			</trkpt>
			<trkpt lat="46.2590114020" lon="8.0677549666">
				<ele>2762.1</ele>
				<time>1970-01-01T01:00:00+01:00</time>
				<extensions>
					<swisstopo:routepoint_id>2005428331</swisstopo:routepoint_id>
				</extensions>
			</trkpt>
			<trkpt lat="46.2590055393" lon="8.0677722909">
				<ele>2762.8</ele>
				<time>1970-01-01T01:00:00+01:00</time>
				<extensions>
					<swisstopo:routepoint_id>1602325682</swisstopo:routepoint_id>
				</extensions>
			</trkpt>
			<trkpt lat="46.2590106616" lon="8.0677942822">
				<ele>2763.2</ele>
				<time>1970-01-01T01:00:00+01:00</time>
				<extensions>
					<swisstopo:routepoint_id>414593915</swisstopo:routepoint_id>
				</extensions>
			</trkpt>
			<trkpt lat="46.2590100257" lon="8.0678131844">
				<ele>2763.5</ele>
				<time>1970-01-01T01:00:00+01:00</time>
				<extensions>
					<swisstopo:routepoint_id>1476681203</swisstopo:routepoint_id>
				</extensions>
			</trkpt>
			<trkpt lat="46.2589985057" lon="8.0678092635">
				<ele>2764.1</ele>
				<time>1970-01-01T01:00:00+01:00</time>
				<extensions>
					<swisstopo:routepoint_id>559157453</swisstopo:routepoint_id>
				</extensions>
			</trkpt>
			<trkpt lat="46.2589823524" lon="8.0677909325">
				<ele>2764.7</ele>
				<time>1970-01-01T01:00:00+01:00</time>
				<extensions>
					<swisstopo:routepoint_id>1544789991</swisstopo:routepoint_id>
				</extensions>
			</trkpt>
			<trkpt lat="46.2589535712" lon="8.0677769819">
				<ele>2766.1</ele>
				<time>1970-01-01T01:00:00+01:00</time>
				<extensions>
					<swisstopo:routepoint_id>824987112</swisstopo:routepoint_id>
				</extensions>
			</trkpt>
			<trkpt lat="46.2589471700" lon="8.0677973350">
				<ele>2766.9</ele>
				<time>1970-01-01T01:00:00+01:00</time>
				<extensions>
					<swisstopo:routepoint_id>1080212103</swisstopo:routepoint_id>
				</extensions>
			</trkpt>
			<trkpt lat="46.2589386849" lon="8.0678138762">
				<ele>2767.8</ele>
				<time>1970-01-01T01:00:00+01:00</time>
				<extensions>
					<swisstopo:routepoint_id>1689515451</swisstopo:routepoint_id>
				</extensions>
			</trkpt>
			<trkpt lat="46.2589203719" lon="8.0678053384">
				<ele>2768.5</ele>
				<time>1970-01-01T01:00:00+01:00</time>
				<extensions>
					<swisstopo:routepoint_id>700336274</swisstopo:routepoint_id>
				</extensions>
			</trkpt>
			<trkpt lat="46.2588942089" lon="8.0677929356">
				<ele>2770.0</ele>
				<time>1970-01-01T01:00:00+01:00</time>
				<extensions>
					<swisstopo:routepoint_id>1511696365</swisstopo:routepoint_id>
				</extensions>
			</trkpt>
			<trkpt lat="46.2588815483" lon="8.0678048895">
				<ele>2770.9</ele>
				<time>1970-01-01T01:00:00+01:00</time>
				<extensions>
					<swisstopo:routepoint_id>1509504837</swisstopo:routepoint_id>
				</extensions>
			</trkpt>
			<trkpt lat="46.2588819444" lon="8.0678290947">
				<ele>2771.5</ele>
				<time>1970-01-01T01:00:00+01:00</time>
				<extensions>
					<swisstopo:routepoint_id>1807594342</swisstopo:routepoint_id>
				</extensions>
			</trkpt>
			<trkpt lat="46.2588712869" lon="8.0678577120">
				<ele>2772.7</ele>
				<time>1970-01-01T01:00:00+01:00</time>
				<extensions>
					<swisstopo:routepoint_id>1314616379</swisstopo:routepoint_id>
				</extensions>
			</trkpt>
			<trkpt lat="46.2588561644" lon="8.0678416624">
				<ele>2773.5</ele>
				<time>1970-01-01T01:00:00+01:00</time>
				<extensions>
					<swisstopo:routepoint_id>1056895198</swisstopo:routepoint_id>
				</extensions>
			</trkpt>
			<trkpt lat="46.2588451541" lon="8.0678415351">
				<ele>2774.0</ele>
				<time>1970-01-01T01:00:00+01:00</time>
				<extensions>
					<swisstopo:routepoint_id>1051015994</swisstopo:routepoint_id>
				</extensions>
			</trkpt>
			<trkpt lat="46.2588303429" lon="8.0678632958">
				<ele>2775.2</ele>
				<time>1970-01-01T01:00:00+01:00</time>
				<extensions>
					<swisstopo:routepoint_id>573547526</swisstopo:routepoint_id>
				</extensions>
			</trkpt>
			<trkpt lat="46.2588301830" lon="8.0678920343">
				<ele>2776.2</ele>
				<time>1970-01-01T01:00:00+01:00</time>
				<extensions>
					<swisstopo:routepoint_id>495182608</swisstopo:routepoint_id>
				</extensions>
			</trkpt>
			<trkpt lat="46.2588237768" lon="8.0679116219">
				<ele>2777.1</ele>
				<time>1970-01-01T01:00:00+01:00</time>
				<extensions>
					<swisstopo:routepoint_id>375677821</swisstopo:routepoint_id>
				</extensions>
			</trkpt>
			<trkpt lat="46.2588189591" lon="8.0679282015">
				<ele>2777.8</ele>
				<time>1970-01-01T01:00:00+01:00</time>
				<extensions>
					<swisstopo:routepoint_id>1932276746</swisstopo:routepoint_id>
				</extensions>
			</trkpt>
			<trkpt lat="46.2588012911" lon="8.0679000191">
				<ele>2778.1</ele>
				<time>1970-01-01T01:00:00+01:00</time>
				<extensions>
					<swisstopo:routepoint_id>475377500</swisstopo:routepoint_id>
				</extensions>
			</trkpt>
			<trkpt lat="46.2587935171" lon="8.0678825267">
				<ele>2778.3</ele>
				<time>1970-01-01T01:00:00+01:00</time>
				<extensions>
					<swisstopo:routepoint_id>675295712</swisstopo:routepoint_id>
				</extensions>
			</trkpt>
			<trkpt lat="46.2587794992" lon="8.0678551465">
				<ele>2778.5</ele>
				<time>1970-01-01T01:00:00+01:00</time>
				<extensions>
					<swisstopo:routepoint_id>257851525</swisstopo:routepoint_id>
				</extensions>
			</trkpt>
			<trkpt lat="46.2587649383" lon="8.0678338014">
				<ele>2778.9</ele>
				<time>1970-01-01T01:00:00+01:00</time>
				<extensions>
					<swisstopo:routepoint_id>1413478193</swisstopo:routepoint_id>
				</extensions>
			</trkpt>
			<trkpt lat="46.2587425018" lon="8.0678116053">
				<ele>2779.8</ele>
				<time>1970-01-01T01:00:00+01:00</time>
				<extensions>
					<swisstopo:routepoint_id>237922577</swisstopo:routepoint_id>
				</extensions>
			</trkpt>
			<trkpt lat="46.2587330376" lon="8.0678152702">
				<ele>2780.3</ele>
				<time>1970-01-01T01:00:00+01:00</time>
				<extensions>
					<swisstopo:routepoint_id>1243687584</swisstopo:routepoint_id>
				</extensions>
			</trkpt>
			<trkpt lat="46.2587323548" lon="8.0678432530">
				<ele>2781.2</ele>
				<time>1970-01-01T01:00:00+01:00</time>
				<extensions>
					<swisstopo:routepoint_id>1725129759</swisstopo:routepoint_id>
				</extensions>
			</trkpt>
			<trkpt lat="46.2587347459" lon="8.0678856214">
				<ele>2782.3</ele>
				<time>1970-01-01T01:00:00+01:00</time>
				<extensions>
					<swisstopo:routepoint_id>220938475</swisstopo:routepoint_id>
				</extensions>
			</trkpt>
			<trkpt lat="46.2587349526" lon="8.0679416052">
				<ele>2783.7</ele>
				<time>1970-01-01T01:00:00+01:00</time>
				<extensions>
					<swisstopo:routepoint_id>2072875633</swisstopo:routepoint_id>
				</extensions>
			</trkpt>
			<trkpt lat="46.2587347297" lon="8.0679816763">
				<ele>2784.8</ele>
				<time>1970-01-01T01:00:00+01:00</time>
				<extensions>
					<swisstopo:routepoint_id>1260497298</swisstopo:routepoint_id>
				</extensions>
			</trkpt>
			<trkpt lat="46.2587328668" lon="8.0680338492">
				<ele>2786.4</ele>
				<time>1970-01-01T01:00:00+01:00</time>
				<extensions>
					<swisstopo:routepoint_id>2105874312</swisstopo:routepoint_id>
				</extensions>
			</trkpt>
			<trkpt lat="46.2587300934" lon="8.0680617951">
				<ele>2787.2</ele>
				<time>1970-01-01T01:00:00+01:00</time>
				<extensions>
					<swisstopo:routepoint_id>528747128</swisstopo:routepoint_id>
				</extensions>
			</trkpt>
			<trkpt lat="46.2587226360" lon="8.0680821256">
				<ele>2788.1</ele>
				<time>1970-01-01T01:00:00+01:00</time>
				<extensions>
					<swisstopo:routepoint_id>1043168228</swisstopo:routepoint_id>
				</extensions>
			</trkpt>
			<trkpt lat="46.2587095418" lon="8.0680781999">
				<ele>2789.1</ele>
				<time>1970-01-01T01:00:00+01:00</time>
				<extensions>
					<swisstopo:routepoint_id>1017287572</swisstopo:routepoint_id>
				</extensions>
			</trkpt>
			<trkpt lat="46.2586981127" lon="8.0680576382">
				<ele>2789.7</ele>
				<time>1970-01-01T01:00:00+01:00</time>
				<extensions>
					<swisstopo:routepoint_id>651694091</swisstopo:routepoint_id>
				</extensions>
			</trkpt>
			<trkpt lat="46.2586888677" lon="8.0680234992">
				<ele>2790.3</ele>
				<time>1970-01-01T01:00:00+01:00</time>
				<extensions>
					<swisstopo:routepoint_id>1626428998</swisstopo:routepoint_id>
				</extensions>
			</trkpt>
			<trkpt lat="46.2586712200" lon="8.0679885030">
				<ele>2791.1</ele>
				<time>1970-01-01T01:00:00+01:00</time>
				<extensions>
					<swisstopo:routepoint_id>2002758188</swisstopo:routepoint_id>
				</extensions>
			</trkpt>
			<trkpt lat="46.2586461406" lon="8.0679708231">
				<ele>2792.1</ele>
				<time>1970-01-01T01:00:00+01:00</time>
				<extensions>
					<swisstopo:routepoint_id>124650837</swisstopo:routepoint_id>
				</extensions>
			</trkpt>
			<trkpt lat="46.2586232108" lon="8.0679425799">
				<ele>2792.7</ele>
				<time>1970-01-01T01:00:00+01:00</time>
				<extensions>
					<swisstopo:routepoint_id>1715999386</swisstopo:routepoint_id>
				</extensions>
			</trkpt>
			<trkpt lat="46.2585976847" lon="8.0679120269">
				<ele>2793.7</ele>
				<time>1970-01-01T01:00:00+01:00</time>
				<extensions>
					<swisstopo:routepoint_id>180010614</swisstopo:routepoint_id>
				</extensions>
			</trkpt>
			<trkpt lat="46.2585846201" lon="8.0679027947">
				<ele>2794.2</ele>
				<time>1970-01-01T01:00:00+01:00</time>
				<extensions>
					<swisstopo:routepoint_id>1040225580</swisstopo:routepoint_id>
				</extensions>
			</trkpt>
			<trkpt lat="46.2585813780" lon="8.0679186523">
				<ele>2794.7</ele>
				<time>1970-01-01T01:00:00+01:00</time>
				<extensions>
					<swisstopo:routepoint_id>197079986</swisstopo:routepoint_id>
				</extensions>
			</trkpt>
			<trkpt lat="46.2585821376" lon="8.0679716027">
				<ele>2796.1</ele>
				<time>1970-01-01T01:00:00+01:00</time>
				<extensions>
					<swisstopo:routepoint_id>452609639</swisstopo:routepoint_id>
				</extensions>
			</trkpt>
			<trkpt lat="46.2585797941" lon="8.0680154361">
				<ele>2796.8</ele>
				<time>1970-01-01T01:00:00+01:00</time>
				<extensions>
					<swisstopo:routepoint_id>756578348</swisstopo:routepoint_id>
				</extensions>
			</trkpt>
			<trkpt lat="46.2585806248" lon="8.0680540120">
				<ele>2797.3</ele>
				<time>1970-01-01T01:00:00+01:00</time>
				<extensions>
					<swisstopo:routepoint_id>741068852</swisstopo:routepoint_id>
				</extensions>
			</trkpt>
			<trkpt lat="46.2585762200" lon="8.0680925400">
				<ele>2798.1</ele>
				<time>1970-01-01T01:00:00+01:00</time>
				<extensions>
					<swisstopo:routepoint_id>561712590</swisstopo:routepoint_id>
				</extensions>
			</trkpt>
			<trkpt lat="46.2585749597" lon="8.0681295719">
				<ele>2799.0</ele>
				<time>1970-01-01T01:00:00+01:00</time>
				<extensions>
					<swisstopo:routepoint_id>675338172</swisstopo:routepoint_id>
				</extensions>
			</trkpt>
			<trkpt lat="46.2585825905" lon="8.0681727734">
				<ele>2800.0</ele>
				<time>1970-01-01T01:00:00+01:00</time>
				<extensions>
					<swisstopo:routepoint_id>788754428</swisstopo:routepoint_id>
				</extensions>
			</trkpt>
			<trkpt lat="46.2585792310" lon="8.0682113008">
				<ele>2800.7</ele>
				<time>1970-01-01T01:00:00+01:00</time>
				<extensions>
					<swisstopo:routepoint_id>19805108</swisstopo:routepoint_id>
				</extensions>
			</trkpt>
			<trkpt lat="46.2585832317" lon="8.0682453918">
				<ele>2801.2</ele>
				<time>1970-01-01T01:00:00+01:00</time>
				<extensions>
					<swisstopo:routepoint_id>1847865757</swisstopo:routepoint_id>
				</extensions>
			</trkpt>
			<trkpt lat="46.2585856394" lon="8.0682847460">
				<ele>2802.1</ele>
				<time>1970-01-01T01:00:00+01:00</time>
				<extensions>
					<swisstopo:routepoint_id>1674425221</swisstopo:routepoint_id>
				</extensions>
			</trkpt>
			<trkpt lat="46.2585858969" lon="8.0683331562">
				<ele>2803.5</ele>
				<time>1970-01-01T01:00:00+01:00</time>
				<extensions>
					<swisstopo:routepoint_id>1209382954</swisstopo:routepoint_id>
				</extensions>
			</trkpt>
			<trkpt lat="46.2585908676" lon="8.0683823684">
				<ele>2804.7</ele>
				<time>1970-01-01T01:00:00+01:00</time>
				<extensions>
					<swisstopo:routepoint_id>437373134</swisstopo:routepoint_id>
				</extensions>
			</trkpt>
			<trkpt lat="46.2585838188" lon="8.0684223730">
				<ele>2806.0</ele>
				<time>1970-01-01T01:00:00+01:00</time>
				<extensions>
					<swisstopo:routepoint_id>1161647589</swisstopo:routepoint_id>
				</extensions>
			</trkpt>
			<trkpt lat="46.2585865218" lon="8.0685033365">
				<ele>2808.3</ele>
				<time>1970-01-01T01:00:00+01:00</time>
				<extensions>
					<swisstopo:routepoint_id>1835832082</swisstopo:routepoint_id>
				</extensions>
			</trkpt>
			<trkpt lat="46.2585909497" lon="8.0685616489">
				<ele>2810.3</ele>
				<time>1970-01-01T01:00:00+01:00</time>
				<extensions>
					<swisstopo:routepoint_id>16984102</swisstopo:routepoint_id>
				</extensions>
			</trkpt>
			<trkpt lat="46.2585907420" lon="8.0685926262">
				<ele>2811.8</ele>
				<time>1970-01-01T01:00:00+01:00</time>
				<extensions>
					<swisstopo:routepoint_id>1318295598</swisstopo:routepoint_id>
				</extensions>
			</trkpt>
			<trkpt lat="46.2585952237" lon="8.0686365385">
				<ele>2813.5</ele>
				<time>1970-01-01T01:00:00+01:00</time>
				<extensions>
					<swisstopo:routepoint_id>464632461</swisstopo:routepoint_id>
				</extensions>
			</trkpt>
			<trkpt lat="46.2586022938" lon="8.0686857751">
				<ele>2815.3</ele>
				<time>1970-01-01T01:00:00+01:00</time>
				<extensions>
					<swisstopo:routepoint_id>262547811</swisstopo:routepoint_id>
				</extensions>
			</trkpt>
			<trkpt lat="46.2585791787" lon="8.0686908142">
				<ele>2816.5</ele>
				<time>1970-01-01T01:00:00+01:00</time>
				<extensions>
					<swisstopo:routepoint_id>1544128505</swisstopo:routepoint_id>
				</extensions>
			</trkpt>
			<trkpt lat="46.2585451201" lon="8.0686843531">
				<ele>2818.1</ele>
				<time>1970-01-01T01:00:00+01:00</time>
				<extensions>
					<swisstopo:routepoint_id>217329070</swisstopo:routepoint_id>
				</extensions>
			</trkpt>
			<trkpt lat="46.2585079544" lon="8.0686710800">
				<ele>2819.8</ele>
				<time>1970-01-01T01:00:00+01:00</time>
				<extensions>
					<swisstopo:routepoint_id>1088586740</swisstopo:routepoint_id>
				</extensions>
			</trkpt>
			<trkpt lat="46.2584838443" lon="8.0686655067">
				<ele>2820.8</ele>
				<time>1970-01-01T01:00:00+01:00</time>
				<extensions>
					<swisstopo:routepoint_id>2024536685</swisstopo:routepoint_id>
				</extensions>
			</trkpt>
			<trkpt lat="46.2584888190" lon="8.0687139589">
				<ele>2822.5</ele>
				<time>1970-01-01T01:00:00+01:00</time>
				<extensions>
					<swisstopo:routepoint_id>1564222878</swisstopo:routepoint_id>
				</extensions>
			</trkpt>
			<trkpt lat="46.2584897173" lon="8.0687419472">
				<ele>2823.8</ele>
				<time>1970-01-01T01:00:00+01:00</time>
				<extensions>
					<swisstopo:routepoint_id>1162013032</swisstopo:routepoint_id>
				</extensions>
			</trkpt>
			<trkpt lat="46.2584931617" lon="8.0687828332">
				<ele>2825.4</ele>
				<time>1970-01-01T01:00:00+01:00</time>
				<extensions>
					<swisstopo:routepoint_id>527043253</swisstopo:routepoint_id>
				</extensions>
			</trkpt>
			<trkpt lat="46.2584945487" lon="8.0688161212">
				<ele>2826.5</ele>
				<time>1970-01-01T01:00:00+01:00</time>
				<extensions>
					<swisstopo:routepoint_id>2057913260</swisstopo:routepoint_id>
				</extensions>
			</trkpt>
			<trkpt lat="46.2584948857" lon="8.0688486627">
				<ele>2827.8</ele>
				<time>1970-01-01T01:00:00+01:00</time>
				<extensions>
					<swisstopo:routepoint_id>1822747574</swisstopo:routepoint_id>
				</extensions>
			</trkpt>
			<trkpt lat="46.2584842623" lon="8.0688727306">
				<ele>2829.1</ele>
				<time>1970-01-01T01:00:00+01:00</time>
				<extensions>
					<swisstopo:routepoint_id>1231908905</swisstopo:routepoint_id>
				</extensions>
			</trkpt>
			<trkpt lat="46.2584877657" lon="8.0689030162">
				<ele>2830.4</ele>
				<time>1970-01-01T01:00:00+01:00</time>
				<extensions>
					<swisstopo:routepoint_id>1518919399</swisstopo:routepoint_id>
				</extensions>
			</trkpt>
			<trkpt lat="46.2585047678" lon="8.0689591817">
				<ele>2832.4</ele>
				<time>1970-01-01T01:00:00+01:00</time>
				<extensions>
					<swisstopo:routepoint_id>1874884623</swisstopo:routepoint_id>
				</extensions>
			</trkpt>
			<trkpt lat="46.2585170945" lon="8.0690062247">
				<ele>2834.1</ele>
				<time>1970-01-01T01:00:00+01:00</time>
				<extensions>
					<swisstopo:routepoint_id>283647232</swisstopo:routepoint_id>
				</extensions>
			</trkpt>
			<trkpt lat="46.2585262766" lon="8.0690532059">
				<ele>2835.8</ele>
				<time>1970-01-01T01:00:00+01:00</time>
				<extensions>
					<swisstopo:routepoint_id>1603494782</swisstopo:routepoint_id>
				</extensions>
			</trkpt>
			<trkpt lat="46.2585402136" lon="8.0690934661">
				<ele>2837.3</ele>
				<time>1970-01-01T01:00:00+01:00</time>
				<extensions>
					<swisstopo:routepoint_id>2038380696</swisstopo:routepoint_id>
				</extensions>
			</trkpt>
			<trkpt lat="46.2585566971" lon="8.0691481059">
				<ele>2839.1</ele>
				<time>1970-01-01T01:00:00+01:00</time>
				<extensions>
					<swisstopo:routepoint_id>81240175</swisstopo:routepoint_id>
				</extensions>
			</trkpt>
			<trkpt lat="46.2585663678" lon="8.0692003996">
				<ele>2840.7</ele>
				<time>1970-01-01T01:00:00+01:00</time>
				<extensions>
					<swisstopo:routepoint_id>2099798072</swisstopo:routepoint_id>
				</extensions>
			</trkpt>
			<trkpt lat="46.2585840276" lon="8.0692331292">
				<ele>2841.2</ele>
				<time>1970-01-01T01:00:00+01:00</time>
				<extensions>
					<swisstopo:routepoint_id>541907482</swisstopo:routepoint_id>
				</extensions>
			</trkpt>
			<trkpt lat="46.2586032303" lon="8.0692711707">
				<ele>2841.6</ele>
				<time>1970-01-01T01:00:00+01:00</time>
				<extensions>
					<swisstopo:routepoint_id>974956063</swisstopo:routepoint_id>
				</extensions>
			</trkpt>
			<trkpt lat="46.2586166360" lon="8.0693121722">
				<ele>2842.8</ele>
				<time>1970-01-01T01:00:00+01:00</time>
				<extensions>
					<swisstopo:routepoint_id>1261812855</swisstopo:routepoint_id>
				</extensions>
			</trkpt>
			<trkpt lat="46.2586284272" lon="8.0693607036">
				<ele>2844.3</ele>
				<time>1970-01-01T01:00:00+01:00</time>
				<extensions>
					<swisstopo:routepoint_id>957905801</swisstopo:routepoint_id>
				</extensions>
			</trkpt>
			<trkpt lat="46.2586386838" lon="8.0694024159">
				<ele>2845.6</ele>
				<time>1970-01-01T01:00:00+01:00</time>
				<extensions>
					<swisstopo:routepoint_id>1410492623</swisstopo:routepoint_id>
				</extensions>
			</trkpt>
			<trkpt lat="46.2586551968" lon="8.0694517621">
				<ele>2846.9</ele>
				<time>1970-01-01T01:00:00+01:00</time>
				<extensions>
					<swisstopo:routepoint_id>512777631</swisstopo:routepoint_id>
				</extensions>
			</trkpt>
			<trkpt lat="46.2586748713" lon="8.0694981305">
				<ele>2848.0</ele>
				<time>1970-01-01T01:00:00+01:00</time>
				<extensions>
					<swisstopo:routepoint_id>1521034520</swisstopo:routepoint_id>
				</extensions>
			</trkpt>
			<trkpt lat="46.2586861947" lon="8.0695375881">
				<ele>2848.7</ele>
				<time>1970-01-01T01:00:00+01:00</time>
				<extensions>
					<swisstopo:routepoint_id>420389032</swisstopo:routepoint_id>
				</extensions>
			</trkpt>
			<trkpt lat="46.2586928427" lon="8.0695679103">
				<ele>2849.3</ele>
				<time>1970-01-01T01:00:00+01:00</time>
				<extensions>
					<swisstopo:routepoint_id>1990835639</swisstopo:routepoint_id>
				</extensions>
			</trkpt>
			<trkpt lat="46.2586931381" lon="8.0696110270">
				<ele>2850.5</ele>
				<time>1970-01-01T01:00:00+01:00</time>
				<extensions>
					<swisstopo:routepoint_id>1371199621</swisstopo:routepoint_id>
				</extensions>
			</trkpt>
			<trkpt lat="46.2587001946" lon="8.0696610235">
				<ele>2851.4</ele>
				<time>1970-01-01T01:00:00+01:00</time>
				<extensions>
					<swisstopo:routepoint_id>1901919938</swisstopo:routepoint_id>
				</extensions>
			</trkpt>
			<trkpt lat="46.2587079472" lon="8.0696823028">
				<ele>2851.4</ele>
				<time>1970-01-01T01:00:00+01:00</time>
				<extensions>
					<swisstopo:routepoint_id>1921650741</swisstopo:routepoint_id>
				</extensions>
			</trkpt>
			<trkpt lat="46.2587135329" lon="8.0697156398">
				<ele>2851.8</ele>
				<time>1970-01-01T01:00:00+01:00</time>
				<extensions>
					<swisstopo:routepoint_id>247303391</swisstopo:routepoint_id>
				</extensions>
			</trkpt>
			<trkpt lat="46.2587127485" lon="8.0697617711">
				<ele>2852.7</ele>
				<time>1970-01-01T01:00:00+01:00</time>
				<extensions>
					<swisstopo:routepoint_id>1321444719</swisstopo:routepoint_id>
				</extensions>
			</trkpt>
			<trkpt lat="46.2587151763" lon="8.0697958314">
				<ele>2853.4</ele>
				<time>1970-01-01T01:00:00+01:00</time>
				<extensions>
					<swisstopo:routepoint_id>1667075468</swisstopo:routepoint_id>
				</extensions>
			</trkpt>
			<trkpt lat="46.2587179796" lon="8.0698586341">
				<ele>2855.0</ele>
				<time>1970-01-01T01:00:00+01:00</time>
				<extensions>
					<swisstopo:routepoint_id>800589839</swisstopo:routepoint_id>
				</extensions>
			</trkpt>
			<trkpt lat="46.2587234724" lon="8.0699086125">
				<ele>2856.1</ele>
				<time>1970-01-01T01:00:00+01:00</time>
				<extensions>
					<swisstopo:routepoint_id>2074057356</swisstopo:routepoint_id>
				</extensions>
			</trkpt>
			<trkpt lat="46.2587347661" lon="8.0699533641">
				<ele>2856.9</ele>
				<time>1970-01-01T01:00:00+01:00</time>
				<extensions>
					<swisstopo:routepoint_id>1497493431</swisstopo:routepoint_id>
				</extensions>
			</trkpt>
			<trkpt lat="46.2587376619" lon="8.0699980181">
				<ele>2857.9</ele>
				<time>1970-01-01T01:00:00+01:00</time>
				<extensions>
					<swisstopo:routepoint_id>1653793266</swisstopo:routepoint_id>
				</extensions>
			</trkpt>
			<trkpt lat="46.2587494315" lon="8.0700503493">
				<ele>2858.9</ele>
				<time>1970-01-01T01:00:00+01:00</time>
				<extensions>
					<swisstopo:routepoint_id>1486749106</swisstopo:routepoint_id>
				</extensions>
			</trkpt>
			<trkpt lat="46.2587627825" lon="8.0701026733">
				<ele>2859.7</ele>
				<time>1970-01-01T01:00:00+01:00</time>
				<extensions>
					<swisstopo:routepoint_id>1442617996</swisstopo:routepoint_id>
				</extensions>
			</trkpt>
			<trkpt lat="46.2587740719" lon="8.0701481848">
				<ele>2860.7</ele>
				<time>1970-01-01T01:00:00+01:00</time>
				<extensions>
					<swisstopo:routepoint_id>538993860</swisstopo:routepoint_id>
				</extensions>
			</trkpt>
			<trkpt lat="46.2587853270" lon="8.0701982429">
				<ele>2861.9</ele>
				<time>1970-01-01T01:00:00+01:00</time>
				<extensions>
					<swisstopo:routepoint_id>2095346599</swisstopo:routepoint_id>
				</extensions>
			</trkpt>
			<trkpt lat="46.2587945296" lon="8.0702414630">
				<ele>2863.1</ele>
				<time>1970-01-01T01:00:00+01:00</time>
				<extensions>
					<swisstopo:routepoint_id>948261672</swisstopo:routepoint_id>
				</extensions>
			</trkpt>
			<trkpt lat="46.2587990061" lon="8.0702846158">
				<ele>2864.6</ele>
				<time>1970-01-01T01:00:00+01:00</time>
				<extensions>
					<swisstopo:routepoint_id>2062908265</swisstopo:routepoint_id>
				</extensions>
			</trkpt>
			<trkpt lat="46.2588013667" lon="8.0703322782">
				<ele>2866.2</ele>
				<time>1970-01-01T01:00:00+01:00</time>
				<extensions>
					<swisstopo:routepoint_id>1983987574</swisstopo:routepoint_id>
				</extensions>
			</trkpt>
			<trkpt lat="46.2587959406" lon="8.0703647528">
				<ele>2867.6</ele>
				<time>1970-01-01T01:00:00+01:00</time>
				<extensions>
					<swisstopo:routepoint_id>202407057</swisstopo:routepoint_id>
				</extensions>
			</trkpt>
			<trkpt lat="46.2588015346" lon="8.0703965702">
				<ele>2868.6</ele>
				<time>1970-01-01T01:00:00+01:00</time>
				<extensions>
					<swisstopo:routepoint_id>1651180357</swisstopo:routepoint_id>
				</extensions>
			</trkpt>
			<trkpt lat="46.2588096998" lon="8.0704367641">
				<ele>2870.1</ele>
				<time>1970-01-01T01:00:00+01:00</time>
				<extensions>
					<swisstopo:routepoint_id>1496473214</swisstopo:routepoint_id>
				</extensions>
			</trkpt>
			<trkpt lat="46.2588232065" lon="8.0704596048">
				<ele>2870.9</ele>
				<time>1970-01-01T01:00:00+01:00</time>
				<extensions>
					<swisstopo:routepoint_id>1253767760</swisstopo:routepoint_id>
				</extensions>
			</trkpt>
			<trkpt lat="46.2588436067" lon="8.0704719372">
				<ele>2871.3</ele>
				<time>1970-01-01T01:00:00+01:00</time>
				<extensions>
					<swisstopo:routepoint_id>837985217</swisstopo:routepoint_id>
				</extensions>
			</trkpt>
			<trkpt lat="46.2588691785" lon="8.0704941708">
				<ele>2872.4</ele>
				<time>1970-01-01T01:00:00+01:00</time>
				<extensions>
					<swisstopo:routepoint_id>1731485329</swisstopo:routepoint_id>
				</extensions>
			</trkpt>
			<trkpt lat="46.2588926345" lon="8.0705209142">
				<ele>2874.0</ele>
				<time>1970-01-01T01:00:00+01:00</time>
				<extensions>
					<swisstopo:routepoint_id>1711947088</swisstopo:routepoint_id>
				</extensions>
			</trkpt>
			<trkpt lat="46.2589223888" lon="8.0705477307">
				<ele>2875.8</ele>
				<time>1970-01-01T01:00:00+01:00</time>
				<extensions>
					<swisstopo:routepoint_id>749035223</swisstopo:routepoint_id>
				</extensions>
			</trkpt>
			<trkpt lat="46.2589464396" lon="8.0705638926">
				<ele>2877.2</ele>
				<time>1970-01-01T01:00:00+01:00</time>
				<extensions>
					<swisstopo:routepoint_id>1584354929</swisstopo:routepoint_id>
				</extensions>
			</trkpt>
			<trkpt lat="46.2589630278" lon="8.0705981176">
				<ele>2878.4</ele>
				<time>1970-01-01T01:00:00+01:00</time>
				<extensions>
					<swisstopo:routepoint_id>990103590</swisstopo:routepoint_id>
				</extensions>
			</trkpt>
			<trkpt lat="46.2589795782" lon="8.0706406634">
				<ele>2879.9</ele>
				<time>1970-01-01T01:00:00+01:00</time>
				<extensions>
					<swisstopo:routepoint_id>669425640</swisstopo:routepoint_id>
				</extensions>
			</trkpt>
			<trkpt lat="46.2589993367" lon="8.0706719109">
				<ele>2881.0</ele>
				<time>1970-01-01T01:00:00+01:00</time>
				<extensions>
					<swisstopo:routepoint_id>149834899</swisstopo:routepoint_id>
				</extensions>
			</trkpt>
			<trkpt lat="46.2590034089" lon="8.0706946421">
				<ele>2881.9</ele>
				<time>1970-01-01T01:00:00+01:00</time>
				<extensions>
					<swisstopo:routepoint_id>665952742</swisstopo:routepoint_id>
				</extensions>
			</trkpt>
			<trkpt lat="46.2589823639" lon="8.0707049734">
				<ele>2883.0</ele>
				<time>1970-01-01T01:00:00+01:00</time>
				<extensions>
					<swisstopo:routepoint_id>69184898</swisstopo:routepoint_id>
				</extensions>
			</trkpt>
			<trkpt lat="46.2589566648" lon="8.0707039277">
				<ele>2884.2</ele>
				<time>1970-01-01T01:00:00+01:00</time>
				<extensions>
					<swisstopo:routepoint_id>1123896230</swisstopo:routepoint_id>
				</extensions>
			</trkpt>
			<trkpt lat="46.2589267837" lon="8.0706997936">
				<ele>2884.8</ele>
				<time>1970-01-01T01:00:00+01:00</time>
				<extensions>
					<swisstopo:routepoint_id>580475219</swisstopo:routepoint_id>
				</extensions>
			</trkpt>
			<trkpt lat="46.2589026152" lon="8.0707078340">
				<ele>2885.2</ele>
				<time>1970-01-01T01:00:00+01:00</time>
				<extensions>
					<swisstopo:routepoint_id>254575272</swisstopo:routepoint_id>
				</extensions>
			</trkpt>
			<trkpt lat="46.2588720636" lon="8.0707309357">
				<ele>2885.4</ele>
				<time>1970-01-01T01:00:00+01:00</time>
				<extensions>
					<swisstopo:routepoint_id>1594197199</swisstopo:routepoint_id>
				</extensions>
			</trkpt>
			<trkpt lat="46.2588446440" lon="8.0707548082">
				<ele>2885.6</ele>
				<time>1970-01-01T01:00:00+01:00</time>
				<extensions>
					<swisstopo:routepoint_id>1394871011</swisstopo:routepoint_id>
				</extensions>
			</trkpt>
			<trkpt lat="46.2588297578" lon="8.0707901747">
				<ele>2886.1</ele>
				<time>1970-01-01T01:00:00+01:00</time>
				<extensions>
					<swisstopo:routepoint_id>169582037</swisstopo:routepoint_id>
				</extensions>
			</trkpt>
			<trkpt lat="46.2588277700" lon="8.0708393318">
				<ele>2886.3</ele>
				<time>1970-01-01T01:00:00+01:00</time>
				<extensions>
					<swisstopo:routepoint_id>1294280221</swisstopo:routepoint_id>
				</extensions>
			</trkpt>
			<trkpt lat="46.2588431427" lon="8.0708992284">
				<ele>2885.4</ele>
				<time>1970-01-01T01:00:00+01:00</time>
				<extensions>
					<swisstopo:routepoint_id>587308250</swisstopo:routepoint_id>
				</extensions>
			</trkpt>
			<trkpt lat="46.2588572103" lon="8.0709364384">
				<ele>2884.7</ele>
				<time>1970-01-01T01:00:00+01:00</time>
				<extensions>
					<swisstopo:routepoint_id>54875435</swisstopo:routepoint_id>
				</extensions>
			</trkpt>
			<trkpt lat="46.2588946507" lon="8.0710089531">
				<ele>2883.5</ele>
				<time>1970-01-01T01:00:00+01:00</time>
				<extensions>
					<swisstopo:routepoint_id>1114799406</swisstopo:routepoint_id>
				</extensions>
			</trkpt>
			<trkpt lat="46.2589292707" lon="8.0710752416">
				<ele>2882.3</ele>
				<time>1970-01-01T01:00:00+01:00</time>
				<extensions>
					<swisstopo:routepoint_id>1538886155</swisstopo:routepoint_id>
				</extensions>
			</trkpt>
			<trkpt lat="46.2589640519" lon="8.0711126925">
				<ele>2882.2</ele>
				<time>1970-01-01T01:00:00+01:00</time>
				<extensions>
					<swisstopo:routepoint_id>494356324</swisstopo:routepoint_id>
				</extensions>
			</trkpt>
			<trkpt lat="46.2589995619" lon="8.0711470743">
				<ele>2882.2</ele>
				<time>1970-01-01T01:00:00+01:00</time>
				<extensions>
					<swisstopo:routepoint_id>623569243</swisstopo:routepoint_id>
				</extensions>
			</trkpt>
			<trkpt lat="46.2590464282" lon="8.0711929239">
				<ele>2882.4</ele>
				<time>1970-01-01T01:00:00+01:00</time>
				<extensions>
					<swisstopo:routepoint_id>111359024</swisstopo:routepoint_id>
				</extensions>
			</trkpt>
			<trkpt lat="46.2590967776" lon="8.0712552792">
				<ele>2881.8</ele>
				<time>1970-01-01T01:00:00+01:00</time>
				<extensions>
					<swisstopo:routepoint_id>745854615</swisstopo:routepoint_id>
				</extensions>
			</trkpt>
			<trkpt lat="46.2591428721" lon="8.0713134689">
				<ele>2881.2</ele>
				<time>1970-01-01T01:00:00+01:00</time>
				<extensions>
					<swisstopo:routepoint_id>411727908</swisstopo:routepoint_id>
				</extensions>
			</trkpt>
			<trkpt lat="46.2591725137" lon="8.0713745451">
				<ele>2880.2</ele>
				<time>1970-01-01T01:00:00+01:00</time>
				<extensions>
					<swisstopo:routepoint_id>487514360</swisstopo:routepoint_id>
				</extensions>
			</trkpt>
			<trkpt lat="46.2592042613" lon="8.0714438912">
				<ele>2879.1</ele>
				<time>1970-01-01T01:00:00+01:00</time>
				<extensions>
					<swisstopo:routepoint_id>1096122944</swisstopo:routepoint_id>
				</extensions>
			</trkpt>
			<trkpt lat="46.2592296535" lon="8.0714997758">
				<ele>2878.3</ele>
				<time>1970-01-01T01:00:00+01:00</time>
				<extensions>
					<swisstopo:routepoint_id>813195140</swisstopo:routepoint_id>
				</extensions>
			</trkpt>
			<trkpt lat="46.2592770845" lon="8.0715734208">
				<ele>2877.7</ele>
				<time>1970-01-01T01:00:00+01:00</time>
				<extensions>
					<swisstopo:routepoint_id>1912471533</swisstopo:routepoint_id>
				</extensions>
			</trkpt>
			<trkpt lat="46.2593075095" lon="8.0716231834">
				<ele>2877.3</ele>
				<time>1970-01-01T01:00:00+01:00</time>
				<extensions>
					<swisstopo:routepoint_id>1689304320</swisstopo:routepoint_id>
				</extensions>
			</trkpt>
			<trkpt lat="46.2593364105" lon="8.0716894062">
				<ele>2876.1</ele>
				<time>1970-01-01T01:00:00+01:00</time>
				<extensions>
					<swisstopo:routepoint_id>88949994</swisstopo:routepoint_id>
				</extensions>
			</trkpt>
			<trkpt lat="46.2593608633" lon="8.0717844043">
				<ele>2874.2</ele>
				<time>1970-01-01T01:00:00+01:00</time>
				<extensions>
					<swisstopo:routepoint_id>147130400</swisstopo:routepoint_id>
				</extensions>
			</trkpt>
			<trkpt lat="46.2593789667" lon="8.0718680056">
				<ele>2872.4</ele>
				<time>1970-01-01T01:00:00+01:00</time>
				<extensions>
					<swisstopo:routepoint_id>721843497</swisstopo:routepoint_id>
				</extensions>
			</trkpt>
			<trkpt lat="46.2593928469" lon="8.0719402219">
				<ele>2870.9</ele>
				<time>1970-01-01T01:00:00+01:00</time>
				<extensions>
					<swisstopo:routepoint_id>79609583</swisstopo:routepoint_id>
				</extensions>
			</trkpt>
			<trkpt lat="46.2594061044" lon="8.0719949399">
				<ele>2869.4</ele>
				<time>1970-01-01T01:00:00+01:00</time>
				<extensions>
					<swisstopo:routepoint_id>1434520029</swisstopo:routepoint_id>
				</extensions>
			</trkpt>
			<trkpt lat="46.2594384826" lon="8.0720786948">
				<ele>2868.3</ele>
				<time>1970-01-01T01:00:00+01:00</time>
				<extensions>
					<swisstopo:routepoint_id>324150848</swisstopo:routepoint_id>
				</extensions>
			</trkpt>
			<trkpt lat="46.2594709526" lon="8.0721459982">
				<ele>2868.1</ele>
				<time>1970-01-01T01:00:00+01:00</time>
				<extensions>
					<swisstopo:routepoint_id>600240742</swisstopo:routepoint_id>
				</extensions>
			</trkpt>
			<trkpt lat="46.2595090751" lon="8.0722236520">
				<ele>2868.1</ele>
				<time>1970-01-01T01:00:00+01:00</time>
				<extensions>
					<swisstopo:routepoint_id>1173422317</swisstopo:routepoint_id>
				</extensions>
			</trkpt>
			<trkpt lat="46.2595322256" lon="8.0722970026">
				<ele>2867.2</ele>
				<time>1970-01-01T01:00:00+01:00</time>
				<extensions>
					<swisstopo:routepoint_id>85477523</swisstopo:routepoint_id>
				</extensions>
			</trkpt>
			<trkpt lat="46.2595632753" lon="8.0723622251">
				<ele>2866.8</ele>
				<time>1970-01-01T01:00:00+01:00</time>
				<extensions>
					<swisstopo:routepoint_id>1962093273</swisstopo:routepoint_id>
				</extensions>
			</trkpt>
			<trkpt lat="46.2595985483" lon="8.0724388201">
				<ele>2866.2</ele>
				<time>1970-01-01T01:00:00+01:00</time>
				<extensions>
					<swisstopo:routepoint_id>1677182678</swisstopo:routepoint_id>
				</extensions>
			</trkpt>
			<trkpt lat="46.2596217477" lon="8.0725049773">
				<ele>2865.7</ele>
				<time>1970-01-01T01:00:00+01:00</time>
				<extensions>
					<swisstopo:routepoint_id>1333087855</swisstopo:routepoint_id>
				</extensions>
			</trkpt>
			<trkpt lat="46.2596541946" lon="8.0725763973">
				<ele>2865.5</ele>
				<time>1970-01-01T01:00:00+01:00</time>
				<extensions>
					<swisstopo:routepoint_id>84993235</swisstopo:routepoint_id>
				</extensions>
			</trkpt>
			<trkpt lat="46.2596930370" lon="8.0726540600">
				<ele>2865.4</ele>
				<time>1970-01-01T01:00:00+01:00</time>
				<extensions>
					<swisstopo:routepoint_id>299916978</swisstopo:routepoint_id>
				</extensions>
			</trkpt>
			<trkpt lat="46.2597254982" lon="8.0727213387">
				<ele>2865.2</ele>
				<time>1970-01-01T01:00:00+01:00</time>
				<extensions>
					<swisstopo:routepoint_id>807562761</swisstopo:routepoint_id>
				</extensions>
			</trkpt>
			<trkpt lat="46.2597444221" lon="8.0727853944">
				<ele>2864.1</ele>
				<time>1970-01-01T01:00:00+01:00</time>
				<extensions>
					<swisstopo:routepoint_id>114706602</swisstopo:routepoint_id>
				</extensions>
			</trkpt>
			<trkpt lat="46.2597597246" lon="8.0728576408">
				<ele>2862.4</ele>
				<time>1970-01-01T01:00:00+01:00</time>
				<extensions>
					<swisstopo:routepoint_id>179480815</swisstopo:routepoint_id>
				</extensions>
			</trkpt>
			<trkpt lat="46.2597900567" lon="8.0729238815">
				<ele>2861.5</ele>
				<time>1970-01-01T01:00:00+01:00</time>
				<extensions>
					<swisstopo:routepoint_id>1195905743</swisstopo:routepoint_id>
				</extensions>
			</trkpt>
			<trkpt lat="46.2598252428" lon="8.0730159031">
				<ele>2860.6</ele>
				<time>1970-01-01T01:00:00+01:00</time>
				<extensions>
					<swisstopo:routepoint_id>1708002759</swisstopo:routepoint_id>
				</extensions>
			</trkpt>
			<trkpt lat="46.2598611866" lon="8.0730997135">
				<ele>2860.0</ele>
				<time>1970-01-01T01:00:00+01:00</time>
				<extensions>
					<swisstopo:routepoint_id>491230163</swisstopo:routepoint_id>
				</extensions>
			</trkpt>
			<trkpt lat="46.2599105779" lon="8.0732042628">
				<ele>2859.5</ele>
				<time>1970-01-01T01:00:00+01:00</time>
				<extensions>
					<swisstopo:routepoint_id>1427527130</swisstopo:routepoint_id>
				</extensions>
			</trkpt>
			<trkpt lat="46.2599507536" lon="8.0732994460">
				<ele>2859.0</ele>
				<time>1970-01-01T01:00:00+01:00</time>
				<extensions>
					<swisstopo:routepoint_id>1895985356</swisstopo:routepoint_id>
				</extensions>
			</trkpt>
			<trkpt lat="46.2599802468" lon="8.0733883238">
				<ele>2858.1</ele>
				<time>1970-01-01T01:00:00+01:00</time>
				<extensions>
					<swisstopo:routepoint_id>211841335</swisstopo:routepoint_id>
				</extensions>
			</trkpt>
			<trkpt lat="46.2600054444" lon="8.0734771517">
				<ele>2856.8</ele>
				<time>1970-01-01T01:00:00+01:00</time>
				<extensions>
					<swisstopo:routepoint_id>1771328312</swisstopo:routepoint_id>
				</extensions>
			</trkpt>
			<trkpt lat="46.2600385878" lon="8.0735526973">
				<ele>2855.7</ele>
				<time>1970-01-01T01:00:00+01:00</time>
				<extensions>
					<swisstopo:routepoint_id>1797215319</swisstopo:routepoint_id>
				</extensions>
			</trkpt>
			<trkpt lat="46.2600689716" lon="8.0736096679">
				<ele>2855.4</ele>
				<time>1970-01-01T01:00:00+01:00</time>
				<extensions>
					<swisstopo:routepoint_id>1746016416</swisstopo:routepoint_id>
				</extensions>
			</trkpt>
			<trkpt lat="46.2600993322" lon="8.0736707549">
				<ele>2854.9</ele>
				<time>1970-01-01T01:00:00+01:00</time>
				<extensions>
					<swisstopo:routepoint_id>722526475</swisstopo:routepoint_id>
				</extensions>
			</trkpt>
			<trkpt lat="46.2601168093" lon="8.0737358204">
				<ele>2853.4</ele>
				<time>1970-01-01T01:00:00+01:00</time>
				<extensions>
					<swisstopo:routepoint_id>1554302272</swisstopo:routepoint_id>
				</extensions>
			</trkpt>
			<trkpt lat="46.2601292880" lon="8.0738039182">
				<ele>2851.6</ele>
				<time>1970-01-01T01:00:00+01:00</time>
				<extensions>
					<swisstopo:routepoint_id>724245146</swisstopo:routepoint_id>
				</extensions>
			</trkpt>
			<trkpt lat="46.2601423656" lon="8.0738905405">
				<ele>2849.4</ele>
				<time>1970-01-01T01:00:00+01:00</time>
				<extensions>
					<swisstopo:routepoint_id>1765341133</swisstopo:routepoint_id>
				</extensions>
			</trkpt>
			<trkpt lat="46.2601612338" lon="8.0739628294">
				<ele>2847.8</ele>
				<time>1970-01-01T01:00:00+01:00</time>
				<extensions>
					<swisstopo:routepoint_id>967460823</swisstopo:routepoint_id>
				</extensions>
			</trkpt>
			<trkpt lat="46.2601802207" lon="8.0740155635">
				<ele>2847.6</ele>
				<time>1970-01-01T01:00:00+01:00</time>
				<extensions>
					<swisstopo:routepoint_id>9340411</swisstopo:routepoint_id>
				</extensions>
			</trkpt>
			<trkpt lat="46.2602034481" lon="8.0740765675">
				<ele>2847.0</ele>
				<time>1970-01-01T01:00:00+01:00</time>
				<extensions>
					<swisstopo:routepoint_id>860094018</swisstopo:routepoint_id>
				</extensions>
			</trkpt>
			<trkpt lat="46.2602323709" lon="8.0741386639">
				<ele>2846.8</ele>
				<time>1970-01-01T01:00:00+01:00</time>
				<extensions>
					<swisstopo:routepoint_id>397692649</swisstopo:routepoint_id>
				</extensions>
			</trkpt>
			<trkpt lat="46.2602455696" lon="8.0742036798">
				<ele>2845.7</ele>
				<time>1970-01-01T01:00:00+01:00</time>
				<extensions>
					<swisstopo:routepoint_id>1626852488</swisstopo:routepoint_id>
				</extensions>
			</trkpt>
			<trkpt lat="46.2602566597" lon="8.0742624903">
				<ele>2844.9</ele>
				<time>1970-01-01T01:00:00+01:00</time>
				<extensions>
					<swisstopo:routepoint_id>261097712</swisstopo:routepoint_id>
				</extensions>
			</trkpt>
			<trkpt lat="46.2602827765" lon="8.0743173599">
				<ele>2844.5</ele>
				<time>1970-01-01T01:00:00+01:00</time>
				<extensions>
					<swisstopo:routepoint_id>238673325</swisstopo:routepoint_id>
				</extensions>
			</trkpt>
			<trkpt lat="46.2602938550" lon="8.0743782221">
				<ele>2843.3</ele>
				<time>1970-01-01T01:00:00+01:00</time>
				<extensions>
					<swisstopo:routepoint_id>785631117</swisstopo:routepoint_id>
				</extensions>
			</trkpt>
			<trkpt lat="46.2603141984" lon="8.0744443476">
				<ele>2842.0</ele>
				<time>1970-01-01T01:00:00+01:00</time>
				<extensions>
					<swisstopo:routepoint_id>1643723287</swisstopo:routepoint_id>
				</extensions>
			</trkpt>
			<trkpt lat="46.2603452846" lon="8.0745044305">
				<ele>2842.0</ele>
				<time>1970-01-01T01:00:00+01:00</time>
				<extensions>
					<swisstopo:routepoint_id>899873315</swisstopo:routepoint_id>
				</extensions>
			</trkpt>
			<trkpt lat="46.2603714157" lon="8.0745551840">
				<ele>2842.0</ele>
				<time>1970-01-01T01:00:00+01:00</time>
				<extensions>
					<swisstopo:routepoint_id>1877100038</swisstopo:routepoint_id>
				</extensions>
			</trkpt>
			<trkpt lat="46.2604030946" lon="8.0746348300">
				<ele>2841.6</ele>
				<time>1970-01-01T01:00:00+01:00</time>
				<extensions>
					<swisstopo:routepoint_id>1377265700</swisstopo:routepoint_id>
				</extensions>
			</trkpt>
			<trkpt lat="46.2604327027" lon="8.0747031034">
				<ele>2841.0</ele>
				<time>1970-01-01T01:00:00+01:00</time>
				<extensions>
					<swisstopo:routepoint_id>525525094</swisstopo:routepoint_id>
				</extensions>
			</trkpt>
			<trkpt lat="46.2604580759" lon="8.0747620937">
				<ele>2840.5</ele>
				<time>1970-01-01T01:00:00+01:00</time>
				<extensions>
					<swisstopo:routepoint_id>2117770281</swisstopo:routepoint_id>
				</extensions>
			</trkpt>
			<trkpt lat="46.2604791334" lon="8.0748261634">
				<ele>2840.0</ele>
				<time>1970-01-01T01:00:00+01:00</time>
				<extensions>
					<swisstopo:routepoint_id>120436163</swisstopo:routepoint_id>
				</extensions>
			</trkpt>
			<trkpt lat="46.2605015185" lon="8.0749087789">
				<ele>2839.7</ele>
				<time>1970-01-01T01:00:00+01:00</time>
				<extensions>
					<swisstopo:routepoint_id>1759140666</swisstopo:routepoint_id>
				</extensions>
			</trkpt>
			<trkpt lat="46.2605188761" lon="8.0749964906">
				<ele>2838.7</ele>
				<time>1970-01-01T01:00:00+01:00</time>
				<extensions>
					<swisstopo:routepoint_id>554187491</swisstopo:routepoint_id>
				</extensions>
			</trkpt>
			<trkpt lat="46.2605412783" lon="8.0750760286">
				<ele>2838.0</ele>
				<time>1970-01-01T01:00:00+01:00</time>
				<extensions>
					<swisstopo:routepoint_id>1835734300</swisstopo:routepoint_id>
				</extensions>
			</trkpt>
			<trkpt lat="46.2605780510" lon="8.0751402823">
				<ele>2838.0</ele>
				<time>1970-01-01T01:00:00+01:00</time>
				<extensions>
					<swisstopo:routepoint_id>1915862260</swisstopo:routepoint_id>
				</extensions>
			</trkpt>
			<trkpt lat="46.2606048644" lon="8.0751961868">
				<ele>2837.8</ele>
				<time>1970-01-01T01:00:00+01:00</time>
				<extensions>
					<swisstopo:routepoint_id>1959501050</swisstopo:routepoint_id>
				</extensions>
			</trkpt>
			<trkpt lat="46.2606267493" lon="8.0752427749">
				<ele>2838.0</ele>
				<time>1970-01-01T01:00:00+01:00</time>
				<extensions>
					<swisstopo:routepoint_id>279388828</swisstopo:routepoint_id>
				</extensions>
			</trkpt>
			<trkpt lat="46.2606393140" lon="8.0752923317">
				<ele>2837.8</ele>
				<time>1970-01-01T01:00:00+01:00</time>
				<extensions>
					<swisstopo:routepoint_id>1803682466</swisstopo:routepoint_id>
				</extensions>
			</trkpt>
			<trkpt lat="46.2606531628" lon="8.0753697053">
				<ele>2837.5</ele>
				<time>1970-01-01T01:00:00+01:00</time>
				<extensions>
					<swisstopo:routepoint_id>98770037</swisstopo:routepoint_id>
				</extensions>
			</trkpt>
			<trkpt lat="46.2606678913" lon="8.0754172483">
				<ele>2837.2</ele>
				<time>1970-01-01T01:00:00+01:00</time>
				<extensions>
					<swisstopo:routepoint_id>613308567</swisstopo:routepoint_id>
				</extensions>
			</trkpt>
			<trkpt lat="46.2606911034" lon="8.0754792792">
				<ele>2837.1</ele>
				<time>1970-01-01T01:00:00+01:00</time>
				<extensions>
					<swisstopo:routepoint_id>1048801836</swisstopo:routepoint_id>
				</extensions>
			</trkpt>
			<trkpt lat="46.2607021927" lon="8.0755380903">
				<ele>2836.7</ele>
				<time>1970-01-01T01:00:00+01:00</time>
				<extensions>
					<swisstopo:routepoint_id>242913047</swisstopo:routepoint_id>
				</extensions>
			</trkpt>
			<trkpt lat="46.2607189195" lon="8.0756113813">
				<ele>2836.5</ele>
				<time>1970-01-01T01:00:00+01:00</time>
				<extensions>
					<swisstopo:routepoint_id>1021771270</swisstopo:routepoint_id>
				</extensions>
			</trkpt>
			<trkpt lat="46.2607286031" lon="8.0756670856">
				<ele>2836.0</ele>
				<time>1970-01-01T01:00:00+01:00</time>
				<extensions>
					<swisstopo:routepoint_id>1104668990</swisstopo:routepoint_id>
				</extensions>
			</trkpt>
			<trkpt lat="46.2607524545" lon="8.0757425225">
				<ele>2835.5</ele>
				<time>1970-01-01T01:00:00+01:00</time>
				<extensions>
					<swisstopo:routepoint_id>586841449</swisstopo:routepoint_id>
				</extensions>
			</trkpt>
			<trkpt lat="46.2607756915" lon="8.0758014707">
				<ele>2835.4</ele>
				<time>1970-01-01T01:00:00+01:00</time>
				<extensions>
					<swisstopo:routepoint_id>714904735</swisstopo:routepoint_id>
				</extensions>
			</trkpt>
			<trkpt lat="46.2608046550" lon="8.0758563744">
				<ele>2835.5</ele>
				<time>1970-01-01T01:00:00+01:00</time>
				<extensions>
					<swisstopo:routepoint_id>905247114</swisstopo:routepoint_id>
				</extensions>
			</trkpt>
			<trkpt lat="46.2608307783" lon="8.0759091829">
				<ele>2836.0</ele>
				<time>1970-01-01T01:00:00+01:00</time>
				<extensions>
					<swisstopo:routepoint_id>569768174</swisstopo:routepoint_id>
				</extensions>
			</trkpt>
			<trkpt lat="46.2608433363" lon="8.0759618324">
				<ele>2835.9</ele>
				<time>1970-01-01T01:00:00+01:00</time>
				<extensions>
					<swisstopo:routepoint_id>529971570</swisstopo:routepoint_id>
				</extensions>
			</trkpt>
			<trkpt lat="46.2608608987" lon="8.0760124913">
				<ele>2836.2</ele>
				<time>1970-01-01T01:00:00+01:00</time>
				<extensions>
					<swisstopo:routepoint_id>598996306</swisstopo:routepoint_id>
				</extensions>
			</trkpt>
			<trkpt lat="46.2608806633" lon="8.0760539025">
				<ele>2836.6</ele>
				<time>1970-01-01T01:00:00+01:00</time>
				<extensions>
					<swisstopo:routepoint_id>159019323</swisstopo:routepoint_id>
				</extensions>
			</trkpt>
			<trkpt lat="46.2608981618" lon="8.0761158706">
				<ele>2836.6</ele>
				<time>1970-01-01T01:00:00+01:00</time>
				<extensions>
					<swisstopo:routepoint_id>841221371</swisstopo:routepoint_id>
				</extensions>
			</trkpt>
			<trkpt lat="46.2609050019" lon="8.0761694909">
				<ele>2835.9</ele>
				<time>1970-01-01T01:00:00+01:00</time>
				<extensions>
					<swisstopo:routepoint_id>764858073</swisstopo:routepoint_id>
				</extensions>
			</trkpt>
			<trkpt lat="46.2609039461" lon="8.0762291793">
				<ele>2835.0</ele>
				<time>1970-01-01T01:00:00+01:00</time>
				<extensions>
					<swisstopo:routepoint_id>1486283658</swisstopo:routepoint_id>
				</extensions>
			</trkpt>
			<trkpt lat="46.2609036850" lon="8.0762755050">
				<ele>2834.5</ele>
				<time>1970-01-01T01:00:00+01:00</time>
				<extensions>
					<swisstopo:routepoint_id>1056014727</swisstopo:routepoint_id>
				</extensions>
			</trkpt>
			<trkpt lat="46.2609111610" lon="8.0763425178">
				<ele>2834.2</ele>
				<time>1970-01-01T01:00:00+01:00</time>
				<extensions>
					<swisstopo:routepoint_id>266457587</swisstopo:routepoint_id>
				</extensions>
			</trkpt>
			<trkpt lat="46.2609187085" lon="8.0763981956">
				<ele>2834.0</ele>
				<time>1970-01-01T01:00:00+01:00</time>
				<extensions>
					<swisstopo:routepoint_id>374348221</swisstopo:routepoint_id>
				</extensions>
			</trkpt>
			<trkpt lat="46.2609354558" lon="8.0764673664">
				<ele>2834.2</ele>
				<time>1970-01-01T01:00:00+01:00</time>
				<extensions>
					<swisstopo:routepoint_id>1906813404</swisstopo:routepoint_id>
				</extensions>
			</trkpt>
			<trkpt lat="46.2609494065" lon="8.0765251816">
				<ele>2834.6</ele>
				<time>1970-01-01T01:00:00+01:00</time>
				<extensions>
					<swisstopo:routepoint_id>1256829536</swisstopo:routepoint_id>
				</extensions>
			</trkpt>
			<trkpt lat="46.2609668467" lon="8.0765974473">
				<ele>2835.2</ele>
				<time>1970-01-01T01:00:00+01:00</time>
				<extensions>
					<swisstopo:routepoint_id>913868075</swisstopo:routepoint_id>
				</extensions>
			</trkpt>
			<trkpt lat="46.2609800493" lon="8.0766634898">
				<ele>2835.7</ele>
				<time>1970-01-01T01:00:00+01:00</time>
				<extensions>
					<swisstopo:routepoint_id>1563582790</swisstopo:routepoint_id>
				</extensions>
			</trkpt>
			<trkpt lat="46.2609968185" lon="8.0767285494">
				<ele>2835.8</ele>
				<time>1970-01-01T01:00:00+01:00</time>
				<extensions>
					<swisstopo:routepoint_id>432185511</swisstopo:routepoint_id>
				</extensions>
			</trkpt>
			<trkpt lat="46.2610190743" lon="8.0768338157">
				<ele>2835.5</ele>
				<time>1970-01-01T01:00:00+01:00</time>
				<extensions>
					<swisstopo:routepoint_id>1990762054</swisstopo:routepoint_id>
				</extensions>
			</trkpt>
			<trkpt lat="46.2610385336" lon="8.0769277263">
				<ele>2835.8</ele>
				<time>1970-01-01T01:00:00+01:00</time>
				<extensions>
					<swisstopo:routepoint_id>742170088</swisstopo:routepoint_id>
				</extensions>
			</trkpt>
			<trkpt lat="46.2610517202" lon="8.0769948064">
				<ele>2836.2</ele>
				<time>1970-01-01T01:00:00+01:00</time>
				<extensions>
					<swisstopo:routepoint_id>1556345472</swisstopo:routepoint_id>
				</extensions>
			</trkpt>
			<trkpt lat="46.2610598395" lon="8.0770751991">
				<ele>2836.3</ele>
				<time>1970-01-01T01:00:00+01:00</time>
				<extensions>
					<swisstopo:routepoint_id>112179794</swisstopo:routepoint_id>
				</extensions>
			</trkpt>
			<trkpt lat="46.2610722778" lon="8.0771474065">
				<ele>2836.5</ele>
				<time>1970-01-01T01:00:00+01:00</time>
				<extensions>
					<swisstopo:routepoint_id>1860731013</swisstopo:routepoint_id>
				</extensions>
			</trkpt>
			<trkpt lat="46.2610811423" lon="8.0772216343">
				<ele>2836.8</ele>
				<time>1970-01-01T01:00:00+01:00</time>
				<extensions>
					<swisstopo:routepoint_id>1813563909</swisstopo:routepoint_id>
				</extensions>
			</trkpt>
			<trkpt lat="46.2610950258" lon="8.0772928340">
				<ele>2837.3</ele>
				<time>1970-01-01T01:00:00+01:00</time>
				<extensions>
					<swisstopo:routepoint_id>754880630</swisstopo:routepoint_id>
				</extensions>
			</trkpt>
			<trkpt lat="46.2611226111" lon="8.0773384622">
				<ele>2838.4</ele>
				<time>1970-01-01T01:00:00+01:00</time>
				<extensions>
					<swisstopo:routepoint_id>2003340638</swisstopo:routepoint_id>
				</extensions>
			</trkpt>
			<trkpt lat="46.2611417510" lon="8.0773644195">
				<ele>2839.2</ele>
				<time>1970-01-01T01:00:00+01:00</time>
				<extensions>
					<swisstopo:routepoint_id>1739020945</swisstopo:routepoint_id>
				</extensions>
			</trkpt>
			<trkpt lat="46.2611558581" lon="8.0773944421">
				<ele>2839.7</ele>
				<time>1970-01-01T01:00:00+01:00</time>
				<extensions>
					<swisstopo:routepoint_id>2091616494</swisstopo:routepoint_id>
				</extensions>
			</trkpt>
			<trkpt lat="46.2611626800" lon="8.0774511495">
				<ele>2839.1</ele>
				<time>1970-01-01T01:00:00+01:00</time>
				<extensions>
					<swisstopo:routepoint_id>1803555246</swisstopo:routepoint_id>
				</extensions>
			</trkpt>
			<trkpt lat="46.2611553349" lon="8.0774870940">
				<ele>2838.4</ele>
				<time>1970-01-01T01:00:00+01:00</time>
				<extensions>
					<swisstopo:routepoint_id>306866535</swisstopo:routepoint_id>
				</extensions>
			</trkpt>
			<trkpt lat="46.2611493030" lon="8.0775436376">
				<ele>2837.6</ele>
				<time>1970-01-01T01:00:00+01:00</time>
				<extensions>
					<swisstopo:routepoint_id>199421876</swisstopo:routepoint_id>
				</extensions>
			</trkpt>
			<trkpt lat="46.2611519540" lon="8.0775807369">
				<ele>2837.2</ele>
				<time>1970-01-01T01:00:00+01:00</time>
				<extensions>
					<swisstopo:routepoint_id>17073275</swisstopo:routepoint_id>
				</extensions>
			</trkpt>
			<trkpt lat="46.2611652112" lon="8.0776354575">
				<ele>2837.4</ele>
				<time>1970-01-01T01:00:00+01:00</time>
				<extensions>
					<swisstopo:routepoint_id>184933164</swisstopo:routepoint_id>
				</extensions>
			</trkpt>
			<trkpt lat="46.2611692192" lon="8.0776838831">
				<ele>2837.3</ele>
				<time>1970-01-01T01:00:00+01:00</time>
				<extensions>
					<swisstopo:routepoint_id>306250808</swisstopo:routepoint_id>
				</extensions>
			</trkpt>
			<trkpt lat="46.2611696504" lon="8.0777333039">
				<ele>2836.8</ele>
				<time>1970-01-01T01:00:00+01:00</time>
				<extensions>
					<swisstopo:routepoint_id>410748850</swisstopo:routepoint_id>
				</extensions>
			</trkpt>
			<trkpt lat="46.2611708659" lon="8.0777714112">
				<ele>2836.4</ele>
				<time>1970-01-01T01:00:00+01:00</time>
				<extensions>
					<swisstopo:routepoint_id>1836233847</swisstopo:routepoint_id>
				</extensions>
			</trkpt>
			<trkpt lat="46.2611727792" lon="8.0778115891">
				<ele>2836.1</ele>
				<time>1970-01-01T01:00:00+01:00</time>
				<extensions>
					<swisstopo:routepoint_id>1981621881</swisstopo:routepoint_id>
				</extensions>
			</trkpt>
			<trkpt lat="46.2611803940" lon="8.0778538831">
				<ele>2836.3</ele>
				<time>1970-01-01T01:00:00+01:00</time>
				<extensions>
					<swisstopo:routepoint_id>820219313</swisstopo:routepoint_id>
				</extensions>
			</trkpt>
			<trkpt lat="46.2611880261" lon="8.0778931034">
				<ele>2836.4</ele>
				<time>1970-01-01T01:00:00+01:00</time>
				<extensions>
					<swisstopo:routepoint_id>1932690292</swisstopo:routepoint_id>
				</extensions>
			</trkpt>
			<trkpt lat="46.2611921067" lon="8.0779302067">
				<ele>2836.4</ele>
				<time>1970-01-01T01:00:00+01:00</time>
				<extensions>
					<swisstopo:routepoint_id>498400486</swisstopo:routepoint_id>
				</extensions>
			</trkpt>
			<trkpt lat="46.2611896630" lon="8.0779837185">
				<ele>2836.2</ele>
				<time>1970-01-01T01:00:00+01:00</time>
				<extensions>
					<swisstopo:routepoint_id>1111935436</swisstopo:routepoint_id>
				</extensions>
			</trkpt>
			<trkpt lat="46.2611835912" lon="8.0780474726">
				<ele>2836.1</ele>
				<time>1970-01-01T01:00:00+01:00</time>
				<extensions>
					<swisstopo:routepoint_id>1296684970</swisstopo:routepoint_id>
				</extensions>
			</trkpt>
			<trkpt lat="46.2611776405" lon="8.0780896074">
				<ele>2836.2</ele>
				<time>1970-01-01T01:00:00+01:00</time>
				<extensions>
					<swisstopo:routepoint_id>1157111698</swisstopo:routepoint_id>
				</extensions>
			</trkpt>
			<trkpt lat="46.2611766525" lon="8.0781369494">
				<ele>2836.4</ele>
				<time>1970-01-01T01:00:00+01:00</time>
				<extensions>
					<swisstopo:routepoint_id>1607963794</swisstopo:routepoint_id>
				</extensions>
			</trkpt>
			<trkpt lat="46.2611721267" lon="8.0781801382">
				<ele>2836.2</ele>
				<time>1970-01-01T01:00:00+01:00</time>
				<extensions>
					<swisstopo:routepoint_id>343230614</swisstopo:routepoint_id>
				</extensions>
			</trkpt>
			<trkpt lat="46.2611639533" lon="8.0782366696">
				<ele>2835.9</ele>
				<time>1970-01-01T01:00:00+01:00</time>
				<extensions>
					<swisstopo:routepoint_id>824644025</swisstopo:routepoint_id>
				</extensions>
			</trkpt>
			<trkpt lat="46.2611557518" lon="8.0782983364">
				<ele>2835.6</ele>
				<time>1970-01-01T01:00:00+01:00</time>
				<extensions>
					<swisstopo:routepoint_id>1070589669</swisstopo:routepoint_id>
				</extensions>
			</trkpt>
			<trkpt lat="46.2611453526" lon="8.0783682264">
				<ele>2835.4</ele>
				<time>1970-01-01T01:00:00+01:00</time>
				<extensions>
					<swisstopo:routepoint_id>821412702</swisstopo:routepoint_id>
				</extensions>
			</trkpt>
			<trkpt lat="46.2611380158" lon="8.0784041710">
				<ele>2835.2</ele>
				<time>1970-01-01T01:00:00+01:00</time>
				<extensions>
					<swisstopo:routepoint_id>1023323687</swisstopo:routepoint_id>
				</extensions>
			</trkpt>
			<trkpt lat="46.2611256105" lon="8.0784503541">
				<ele>2834.7</ele>
				<time>1970-01-01T01:00:00+01:00</time>
				<extensions>
					<swisstopo:routepoint_id>1878582260</swisstopo:routepoint_id>
				</extensions>
			</trkpt>
			<trkpt lat="46.2611161005" lon="8.0784903847">
				<ele>2834.8</ele>
				<time>1970-01-01T01:00:00+01:00</time>
				<extensions>
					<swisstopo:routepoint_id>1028922723</swisstopo:routepoint_id>
				</extensions>
			</trkpt>
			<trkpt lat="46.2611080375" lon="8.0785273582">
				<ele>2834.8</ele>
				<time>1970-01-01T01:00:00+01:00</time>
				<extensions>
					<swisstopo:routepoint_id>1890265211</swisstopo:routepoint_id>
				</extensions>
			</trkpt>
			<trkpt lat="46.2610871440" lon="8.0785600562">
				<ele>2834.3</ele>
				<time>1970-01-01T01:00:00+01:00</time>
				<extensions>
					<swisstopo:routepoint_id>1504782812</swisstopo:routepoint_id>
				</extensions>
			</trkpt>
			<trkpt lat="46.2610761478" lon="8.0786114051">
				<ele>2834.8</ele>
				<time>1970-01-01T01:00:00+01:00</time>
				<extensions>
					<swisstopo:routepoint_id>2004874022</swisstopo:routepoint_id>
				</extensions>
			</trkpt>
			<trkpt lat="46.2610666320" lon="8.0786524729">
				<ele>2835.1</ele>
				<time>1970-01-01T01:00:00+01:00</time>
				<extensions>
					<swisstopo:routepoint_id>74542964</swisstopo:routepoint_id>
				</extensions>
			</trkpt>
			<trkpt lat="46.2610556805" lon="8.0786945486">
				<ele>2835.3</ele>
				<time>1970-01-01T01:00:00+01:00</time>
				<extensions>
					<swisstopo:routepoint_id>810747784</swisstopo:routepoint_id>
				</extensions>
			</trkpt>
			<trkpt lat="46.2610467498" lon="8.0787593066">
				<ele>2836.2</ele>
				<time>1970-01-01T01:00:00+01:00</time>
				<extensions>
					<swisstopo:routepoint_id>199785392</swisstopo:routepoint_id>
				</extensions>
			</trkpt>
			<trkpt lat="46.2610378451" lon="8.0788178782">
				<ele>2836.8</ele>
				<time>1970-01-01T01:00:00+01:00</time>
				<extensions>
					<swisstopo:routepoint_id>1432154410</swisstopo:routepoint_id>
				</extensions>
			</trkpt>
			<trkpt lat="46.2610288678" lon="8.0788908717">
				<ele>2837.6</ele>
				<time>1970-01-01T01:00:00+01:00</time>
				<extensions>
					<swisstopo:routepoint_id>1892194618</swisstopo:routepoint_id>
				</extensions>
			</trkpt>
			<trkpt lat="46.2610228643" lon="8.0789422789">
				<ele>2838.2</ele>
				<time>1970-01-01T01:00:00+01:00</time>
				<extensions>
					<swisstopo:routepoint_id>1786481971</swisstopo:routepoint_id>
				</extensions>
			</trkpt>
			<trkpt lat="46.2610154778" lon="8.0789854212">
				<ele>2838.1</ele>
				<time>1970-01-01T01:00:00+01:00</time>
				<extensions>
					<swisstopo:routepoint_id>121933370</swisstopo:routepoint_id>
				</extensions>
			</trkpt>
			<trkpt lat="46.2610093170" lon="8.0790646212">
				<ele>2838.2</ele>
				<time>1970-01-01T01:00:00+01:00</time>
				<extensions>
					<swisstopo:routepoint_id>2040654716</swisstopo:routepoint_id>
				</extensions>
			</trkpt>
			<trkpt lat="46.2610104668" lon="8.0791140505">
				<ele>2838.0</ele>
				<time>1970-01-01T01:00:00+01:00</time>
				<extensions>
					<swisstopo:routepoint_id>1753808072</swisstopo:routepoint_id>
				</extensions>
			</trkpt>
			<trkpt lat="46.2610059173" lon="8.0791613504">
				<ele>2837.8</ele>
				<time>1970-01-01T01:00:00+01:00</time>
				<extensions>
					<swisstopo:routepoint_id>496182965</swisstopo:routepoint_id>
				</extensions>
			</trkpt>
			<trkpt lat="46.2610099829" lon="8.0791994914">
				<ele>2838.0</ele>
				<time>1970-01-01T01:00:00+01:00</time>
				<extensions>
					<swisstopo:routepoint_id>472112574</swisstopo:routepoint_id>
				</extensions>
			</trkpt>
			<trkpt lat="46.2610041193" lon="8.0792261924">
				<ele>2838.2</ele>
				<time>1970-01-01T01:00:00+01:00</time>
				<extensions>
					<swisstopo:routepoint_id>1738013185</swisstopo:routepoint_id>
				</extensions>
			</trkpt>
			<trkpt lat="46.2610010548" lon="8.0792621872">
				<ele>2839.0</ele>
				<time>1970-01-01T01:00:00+01:00</time>
				<extensions>
					<swisstopo:routepoint_id>2051027202</swisstopo:routepoint_id>
				</extensions>
			</trkpt>
			<trkpt lat="46.2610071607" lon="8.0793199105">
				<ele>2839.9</ele>
				<time>1970-01-01T01:00:00+01:00</time>
				<extensions>
					<swisstopo:routepoint_id>1483221395</swisstopo:routepoint_id>
				</extensions>
			</trkpt>
			<trkpt lat="46.2610040145" lon="8.0793703270">
				<ele>2840.8</ele>
				<time>1970-01-01T01:00:00+01:00</time>
				<extensions>
					<swisstopo:routepoint_id>1855767525</swisstopo:routepoint_id>
				</extensions>
			</trkpt>
			<trkpt lat="46.2609938567" lon="8.0793990269">
				<ele>2840.8</ele>
				<time>1970-01-01T01:00:00+01:00</time>
				<extensions>
					<swisstopo:routepoint_id>636005322</swisstopo:routepoint_id>
				</extensions>
			</trkpt>
			<trkpt lat="46.2609835834" lon="8.0794483216">
				<ele>2840.9</ele>
				<time>1970-01-01T01:00:00+01:00</time>
				<extensions>
					<swisstopo:routepoint_id>1488772435</swisstopo:routepoint_id>
				</extensions>
			</trkpt>
			<trkpt lat="46.2609790414" lon="8.0794925347">
				<ele>2840.8</ele>
				<time>1970-01-01T01:00:00+01:00</time>
				<extensions>
					<swisstopo:routepoint_id>1651455290</swisstopo:routepoint_id>
				</extensions>
			</trkpt>
			<trkpt lat="46.2609766738" lon="8.0795326617">
				<ele>2840.7</ele>
				<time>1970-01-01T01:00:00+01:00</time>
				<extensions>
					<swisstopo:routepoint_id>953454356</swisstopo:routepoint_id>
				</extensions>
			</trkpt>
			<trkpt lat="46.2609707167" lon="8.0795758337">
				<ele>2840.9</ele>
				<time>1970-01-01T01:00:00+01:00</time>
				<extensions>
					<swisstopo:routepoint_id>332467673</swisstopo:routepoint_id>
				</extensions>
			</trkpt>
			<trkpt lat="46.2609661485" lon="8.0796262203">
				<ele>2841.1</ele>
				<time>1970-01-01T01:00:00+01:00</time>
				<extensions>
					<swisstopo:routepoint_id>537374124</swisstopo:routepoint_id>
				</extensions>
			</trkpt>
			<trkpt lat="46.2609737451" lon="8.0796716138">
				<ele>2841.4</ele>
				<time>1970-01-01T01:00:00+01:00</time>
				<extensions>
					<swisstopo:routepoint_id>1669301560</swisstopo:routepoint_id>
				</extensions>
			</trkpt>
			<trkpt lat="46.2609749658" lon="8.0797086839">
				<ele>2841.6</ele>
				<time>1970-01-01T01:00:00+01:00</time>
				<extensions>
					<swisstopo:routepoint_id>1948803985</swisstopo:routepoint_id>
				</extensions>
			</trkpt>
			<trkpt lat="46.2609633666" lon="8.0797394286">
				<ele>2842.1</ele>
				<time>1970-01-01T01:00:00+01:00</time>
				<extensions>
					<swisstopo:routepoint_id>1339491057</swisstopo:routepoint_id>
				</extensions>
			</trkpt>
			<trkpt lat="46.2609638378" lon="8.0797816515">
				<ele>2842.5</ele>
				<time>1970-01-01T01:00:00+01:00</time>
				<extensions>
					<swisstopo:routepoint_id>1939973626</swisstopo:routepoint_id>
				</extensions>
			</trkpt>
			<trkpt lat="46.2609700065" lon="8.0798280530">
				<ele>2842.7</ele>
				<time>1970-01-01T01:00:00+01:00</time>
				<extensions>
					<swisstopo:routepoint_id>1280542124</swisstopo:routepoint_id>
				</extensions>
			</trkpt>
			<trkpt lat="46.2609689371" lon="8.0798898038">
				<ele>2842.9</ele>
				<time>1970-01-01T01:00:00+01:00</time>
				<extensions>
					<swisstopo:routepoint_id>373799448</swisstopo:routepoint_id>
				</extensions>
			</trkpt>
			<trkpt lat="46.2609701042" lon="8.0799361463">
				<ele>2843.0</ele>
				<time>1970-01-01T01:00:00+01:00</time>
				<extensions>
					<swisstopo:routepoint_id>1171532349</swisstopo:routepoint_id>
				</extensions>
			</trkpt>
			<trkpt lat="46.2609654084" lon="8.0800091898">
				<ele>2842.4</ele>
				<time>1970-01-01T01:00:00+01:00</time>
				<extensions>
					<swisstopo:routepoint_id>1815722247</swisstopo:routepoint_id>
				</extensions>
			</trkpt>
			<trkpt lat="46.2609658328" lon="8.0800596352">
				<ele>2841.7</ele>
				<time>1970-01-01T01:00:00+01:00</time>
				<extensions>
					<swisstopo:routepoint_id>694035028</swisstopo:routepoint_id>
				</extensions>
			</trkpt>
			<trkpt lat="46.2609620459" lon="8.0800976836">
				<ele>2841.6</ele>
				<time>1970-01-01T01:00:00+01:00</time>
				<extensions>
					<swisstopo:routepoint_id>1805088630</swisstopo:routepoint_id>
				</extensions>
			</trkpt>
			<trkpt lat="46.2609525528" lon="8.0801346269">
				<ele>2841.8</ele>
				<time>1970-01-01T01:00:00+01:00</time>
				<extensions>
					<swisstopo:routepoint_id>789872202</swisstopo:routepoint_id>
				</extensions>
			</trkpt>
			<trkpt lat="46.2609380551" lon="8.0801735864">
				<ele>2842.6</ele>
				<time>1970-01-01T01:00:00+01:00</time>
				<extensions>
					<swisstopo:routepoint_id>1066036814</swisstopo:routepoint_id>
				</extensions>
			</trkpt>
			<trkpt lat="46.2609286204" lon="8.0802002322">
				<ele>2843.0</ele>
				<time>1970-01-01T01:00:00+01:00</time>
				<extensions>
					<swisstopo:routepoint_id>560787069</swisstopo:routepoint_id>
				</extensions>
			</trkpt>
			<trkpt lat="46.2609078490" lon="8.0802113229">
				<ele>2843.4</ele>
				<time>1970-01-01T01:00:00+01:00</time>
				<extensions>
					<swisstopo:routepoint_id>1310221039</swisstopo:routepoint_id>
				</extensions>
			</trkpt>
			<trkpt lat="46.2608728136" lon="8.0802201707">
				<ele>2844.2</ele>
				<time>1970-01-01T01:00:00+01:00</time>
				<extensions>
					<swisstopo:routepoint_id>1999023550</swisstopo:routepoint_id>
				</extensions>
			</trkpt>
			<trkpt lat="46.2608514078" lon="8.0802178560">
				<ele>2844.9</ele>
				<time>1970-01-01T01:00:00+01:00</time>
				<extensions>
					<swisstopo:routepoint_id>32673898</swisstopo:routepoint_id>
				</extensions>
			</trkpt>
			<trkpt lat="46.2608371700" lon="8.0802094521">
				<ele>2845.1</ele>
				<time>1970-01-01T01:00:00+01:00</time>
				<extensions>
					<swisstopo:routepoint_id>1773234053</swisstopo:routepoint_id>
				</extensions>
			</trkpt>
			<trkpt lat="46.2608230284" lon="8.0801856150">
				<ele>2845.0</ele>
				<time>1970-01-01T01:00:00+01:00</time>
				<extensions>
					<swisstopo:routepoint_id>1568542141</swisstopo:routepoint_id>
				</extensions>
			</trkpt>
			<trkpt lat="46.2608009676" lon="8.0801719701">
				<ele>2845.1</ele>
				<time>1970-01-01T01:00:00+01:00</time>
				<extensions>
					<swisstopo:routepoint_id>15794887</swisstopo:routepoint_id>
				</extensions>
			</trkpt>
			<trkpt lat="46.2607803131" lon="8.0801624531">
				<ele>2845.5</ele>
				<time>1970-01-01T01:00:00+01:00</time>
				<extensions>
					<swisstopo:routepoint_id>592639411</swisstopo:routepoint_id>
				</extensions>
			</trkpt>
			<trkpt lat="46.2607632469" lon="8.0801499045">
				<ele>2845.6</ele>
				<time>1970-01-01T01:00:00+01:00</time>
				<extensions>
					<swisstopo:routepoint_id>1136374827</swisstopo:routepoint_id>
				</extensions>
			</trkpt>
			<trkpt lat="46.2607448095" lon="8.0801270285">
				<ele>2845.3</ele>
				<time>1970-01-01T01:00:00+01:00</time>
				<extensions>
					<swisstopo:routepoint_id>2029729308</swisstopo:routepoint_id>
				</extensions>
			</trkpt>
			<trkpt lat="46.2607228333" lon="8.0801000125">
				<ele>2845.0</ele>
				<time>1970-01-01T01:00:00+01:00</time>
				<extensions>
					<swisstopo:routepoint_id>1415021880</swisstopo:routepoint_id>
				</extensions>
			</trkpt>
			<trkpt lat="46.2606979694" lon="8.0800760360">
				<ele>2844.4</ele>
				<time>1970-01-01T01:00:00+01:00</time>
				<extensions>
					<swisstopo:routepoint_id>2141932608</swisstopo:routepoint_id>
				</extensions>
			</trkpt>
			<trkpt lat="46.2606737936" lon="8.0800592794">
				<ele>2843.0</ele>
				<time>1970-01-01T01:00:00+01:00</time>
				<extensions>
					<swisstopo:routepoint_id>204312234</swisstopo:routepoint_id>
				</extensions>
			</trkpt>
			<trkpt lat="46.2606571635" lon="8.0800951136">
				<ele>2842.8</ele>
				<time>1970-01-01T01:00:00+01:00</time>
				<extensions>
					<swisstopo:routepoint_id>1830034613</swisstopo:routepoint_id>
				</extensions>
			</trkpt>
			<trkpt lat="46.2606360267" lon="8.0801263036">
				<ele>2841.9</ele>
				<time>1970-01-01T01:00:00+01:00</time>
				<extensions>
					<swisstopo:routepoint_id>1156304762</swisstopo:routepoint_id>
				</extensions>
			</trkpt>
			<trkpt lat="46.2606323099" lon="8.0801519923">
				<ele>2842.2</ele>
				<time>1970-01-01T01:00:00+01:00</time>
				<extensions>
					<swisstopo:routepoint_id>1114081166</swisstopo:routepoint_id>
				</extensions>
			</trkpt>
			<trkpt lat="46.2606291471" lon="8.0801845611">
				<ele>2842.9</ele>
				<time>1970-01-01T01:00:00+01:00</time>
				<extensions>
					<swisstopo:routepoint_id>1431636444</swisstopo:routepoint_id>
				</extensions>
			</trkpt>
			<trkpt lat="46.2606277021" lon="8.0802300168">
				<ele>2843.8</ele>
				<time>1970-01-01T01:00:00+01:00</time>
				<extensions>
					<swisstopo:routepoint_id>531147336</swisstopo:routepoint_id>
				</extensions>
			</trkpt>
			<trkpt lat="46.2606126824" lon="8.0802547159">
				<ele>2844.1</ele>
				<time>1970-01-01T01:00:00+01:00</time>
				<extensions>
					<swisstopo:routepoint_id>1345366715</swisstopo:routepoint_id>
				</extensions>
			</trkpt>
			<trkpt lat="46.2606012483" lon="8.0802786013">
				<ele>2844.5</ele>
				<time>1970-01-01T01:00:00+01:00</time>
				<extensions>
					<swisstopo:routepoint_id>1876811581</swisstopo:routepoint_id>
				</extensions>
			</trkpt>
			<trkpt lat="46.2605921075" lon="8.0803153802">
				<ele>2844.9</ele>
				<time>1970-01-01T01:00:00+01:00</time>
				<extensions>
					<swisstopo:routepoint_id>668261861</swisstopo:routepoint_id>
				</extensions>
			</trkpt>
			<trkpt lat="46.2605876992" lon="8.0803582325">
				<ele>2845.2</ele>
				<time>1970-01-01T01:00:00+01:00</time>
				<extensions>
					<swisstopo:routepoint_id>965691609</swisstopo:routepoint_id>
				</extensions>
			</trkpt>
			<trkpt lat="46.2605719638" lon="8.0804060876">
				<ele>2844.0</ele>
				<time>1970-01-01T01:00:00+01:00</time>
				<extensions>
					<swisstopo:routepoint_id>1968534997</swisstopo:routepoint_id>
				</extensions>
			</trkpt>
			<trkpt lat="46.2605876992" lon="8.0803582325">
				<ele>2845.2</ele>
				<time>1970-01-01T01:00:00+01:00</time>
				<extensions>
					<swisstopo:routepoint_id>1145246565</swisstopo:routepoint_id>
				</extensions>
			</trkpt>
			<trkpt lat="46.2605921075" lon="8.0803153802">
				<ele>2844.9</ele>
				<time>1970-01-01T01:00:00+01:00</time>
				<extensions>
					<swisstopo:routepoint_id>1562967653</swisstopo:routepoint_id>
				</extensions>
			</trkpt>
			<trkpt lat="46.2606012483" lon="8.0802786013">
				<ele>2844.5</ele>
				<time>1970-01-01T01:00:00+01:00</time>
				<extensions>
					<swisstopo:routepoint_id>1587457318</swisstopo:routepoint_id>
				</extensions>
			</trkpt>
			<trkpt lat="46.2606126824" lon="8.0802547159">
				<ele>2844.1</ele>
				<time>1970-01-01T01:00:00+01:00</time>
				<extensions>
					<swisstopo:routepoint_id>1931999942</swisstopo:routepoint_id>
				</extensions>
			</trkpt>
			<trkpt lat="46.2606277021" lon="8.0802300168">
				<ele>2843.8</ele>
				<time>1970-01-01T01:00:00+01:00</time>
				<extensions>
					<swisstopo:routepoint_id>618054514</swisstopo:routepoint_id>
				</extensions>
			</trkpt>
			<trkpt lat="46.2606291471" lon="8.0801845611">
				<ele>2842.9</ele>
				<time>1970-01-01T01:00:00+01:00</time>
				<extensions>
					<swisstopo:routepoint_id>367549521</swisstopo:routepoint_id>
				</extensions>
			</trkpt>
			<trkpt lat="46.2606323099" lon="8.0801519923">
				<ele>2842.2</ele>
				<time>1970-01-01T01:00:00+01:00</time>
				<extensions>
					<swisstopo:routepoint_id>1349593697</swisstopo:routepoint_id>
				</extensions>
			</trkpt>
			<trkpt lat="46.2606360267" lon="8.0801263036">
				<ele>2841.9</ele>
				<time>1970-01-01T01:00:00+01:00</time>
				<extensions>
					<swisstopo:routepoint_id>182112613</swisstopo:routepoint_id>
				</extensions>
			</trkpt>
			<trkpt lat="46.2606085815" lon="8.0801388463">
				<ele>2841.0</ele>
				<time>1970-01-01T01:00:00+01:00</time>
				<extensions>
					<swisstopo:routepoint_id>1457445322</swisstopo:routepoint_id>
				</extensions>
			</trkpt>
			<trkpt lat="46.2605775828" lon="8.0801496348">
				<ele>2839.8</ele>
				<time>1970-01-01T01:00:00+01:00</time>
				<extensions>
					<swisstopo:routepoint_id>38515750</swisstopo:routepoint_id>
				</extensions>
			</trkpt>
			<trkpt lat="46.2605346416" lon="8.0801662876">
				<ele>2838.4</ele>
				<time>1970-01-01T01:00:00+01:00</time>
				<extensions>
					<swisstopo:routepoint_id>915078479</swisstopo:routepoint_id>
				</extensions>
			</trkpt>
			<trkpt lat="46.2604964430" lon="8.0801872897">
				<ele>2836.8</ele>
				<time>1970-01-01T01:00:00+01:00</time>
				<extensions>
					<swisstopo:routepoint_id>609958077</swisstopo:routepoint_id>
				</extensions>
			</trkpt>
			<trkpt lat="46.2604546636" lon="8.0802099611">
				<ele>2835.7</ele>
				<time>1970-01-01T01:00:00+01:00</time>
				<extensions>
					<swisstopo:routepoint_id>1260050491</swisstopo:routepoint_id>
				</extensions>
			</trkpt>
			<trkpt lat="46.2604200856" lon="8.0802207076">
				<ele>2835.1</ele>
				<time>1970-01-01T01:00:00+01:00</time>
				<extensions>
					<swisstopo:routepoint_id>469951225</swisstopo:routepoint_id>
				</extensions>
			</trkpt>
			<trkpt lat="46.2603915841" lon="8.0802100734">
				<ele>2835.0</ele>
				<time>1970-01-01T01:00:00+01:00</time>
				<extensions>
					<swisstopo:routepoint_id>1053544917</swisstopo:routepoint_id>
				</extensions>
			</trkpt>
			<trkpt lat="46.2603727213" lon="8.0801781007">
				<ele>2834.7</ele>
				<time>1970-01-01T01:00:00+01:00</time>
				<extensions>
					<swisstopo:routepoint_id>291394694</swisstopo:routepoint_id>
				</extensions>
			</trkpt>
			<trkpt lat="46.2603544805" lon="8.0801427113">
				<ele>2834.4</ele>
				<time>1970-01-01T01:00:00+01:00</time>
				<extensions>
					<swisstopo:routepoint_id>1715658353</swisstopo:routepoint_id>
				</extensions>
			</trkpt>
			<trkpt lat="46.2603410663" lon="8.0800953689">
				<ele>2833.9</ele>
				<time>1970-01-01T01:00:00+01:00</time>
				<extensions>
					<swisstopo:routepoint_id>721024726</swisstopo:routepoint_id>
				</extensions>
			</trkpt>
			<trkpt lat="46.2603324454" lon="8.0800403658">
				<ele>2833.2</ele>
				<time>1970-01-01T01:00:00+01:00</time>
				<extensions>
					<swisstopo:routepoint_id>81539035</swisstopo:routepoint_id>
				</extensions>
			</trkpt>
			<trkpt lat="46.2603167058" lon="8.0799826978">
				<ele>2832.0</ele>
				<time>1970-01-01T01:00:00+01:00</time>
				<extensions>
					<swisstopo:routepoint_id>314366748</swisstopo:routepoint_id>
				</extensions>
			</trkpt>
			<trkpt lat="46.2602974527" lon="8.0799164156">
				<ele>2830.9</ele>
				<time>1970-01-01T01:00:00+01:00</time>
				<extensions>
					<swisstopo:routepoint_id>886494094</swisstopo:routepoint_id>
				</extensions>
			</trkpt>
			<trkpt lat="46.2602847349" lon="8.0798493543">
				<ele>2829.5</ele>
				<time>1970-01-01T01:00:00+01:00</time>
				<extensions>
					<swisstopo:routepoint_id>867168866</swisstopo:routepoint_id>
				</extensions>
			</trkpt>
			<trkpt lat="46.2602802391" lon="8.0798029732">
				<ele>2828.6</ele>
				<time>1970-01-01T01:00:00+01:00</time>
				<extensions>
					<swisstopo:routepoint_id>1654106199</swisstopo:routepoint_id>
				</extensions>
			</trkpt>
			<trkpt lat="46.2602824182" lon="8.0797343622">
				<ele>2827.2</ele>
				<time>1970-01-01T01:00:00+01:00</time>
				<extensions>
					<swisstopo:routepoint_id>1183995563</swisstopo:routepoint_id>
				</extensions>
			</trkpt>
			<trkpt lat="46.2602886655" lon="8.0796812466">
				<ele>2826.3</ele>
				<time>1970-01-01T01:00:00+01:00</time>
				<extensions>
					<swisstopo:routepoint_id>26328389</swisstopo:routepoint_id>
				</extensions>
			</trkpt>
			<trkpt lat="46.2602949946" lon="8.0796152655">
				<ele>2825.3</ele>
				<time>1970-01-01T01:00:00+01:00</time>
				<extensions>
					<swisstopo:routepoint_id>1570299085</swisstopo:routepoint_id>
				</extensions>
			</trkpt>
			<trkpt lat="46.2603019474" lon="8.0795424182">
				<ele>2824.4</ele>
				<time>1970-01-01T01:00:00+01:00</time>
				<extensions>
					<swisstopo:routepoint_id>1765784378</swisstopo:routepoint_id>
				</extensions>
			</trkpt>
			<trkpt lat="46.2602998741" lon="8.0794892042">
				<ele>2823.7</ele>
				<time>1970-01-01T01:00:00+01:00</time>
				<extensions>
					<swisstopo:routepoint_id>1973260224</swisstopo:routepoint_id>
				</extensions>
			</trkpt>
			<trkpt lat="46.2602934908" lon="8.0794599600">
				<ele>2823.3</ele>
				<time>1970-01-01T01:00:00+01:00</time>
				<extensions>
					<swisstopo:routepoint_id>1079468940</swisstopo:routepoint_id>
				</extensions>
			</trkpt>
			<trkpt lat="46.2602793271" lon="8.0794400662">
				<ele>2823.0</ele>
				<time>1970-01-01T01:00:00+01:00</time>
				<extensions>
					<swisstopo:routepoint_id>1954514656</swisstopo:routepoint_id>
				</extensions>
			</trkpt>
			<trkpt lat="46.2602741457" lon="8.0794082680">
				<ele>2822.6</ele>
				<time>1970-01-01T01:00:00+01:00</time>
				<extensions>
					<swisstopo:routepoint_id>381077679</swisstopo:routepoint_id>
				</extensions>
			</trkpt>
			<trkpt lat="46.2602767967" lon="8.0793611149">
				<ele>2822.0</ele>
				<time>1970-01-01T01:00:00+01:00</time>
				<extensions>
					<swisstopo:routepoint_id>1360730270</swisstopo:routepoint_id>
				</extensions>
			</trkpt>
			<trkpt lat="46.2602787965" lon="8.0793225271">
				<ele>2821.8</ele>
				<time>1970-01-01T01:00:00+01:00</time>
				<extensions>
					<swisstopo:routepoint_id>944913138</swisstopo:routepoint_id>
				</extensions>
			</trkpt>
			<trkpt lat="46.2602772195" lon="8.0792864785">
				<ele>2821.5</ele>
				<time>1970-01-01T01:00:00+01:00</time>
				<extensions>
					<swisstopo:routepoint_id>1219907796</swisstopo:routepoint_id>
				</extensions>
			</trkpt>
			<trkpt lat="46.2602804010" lon="8.0792504855">
				<ele>2821.3</ele>
				<time>1970-01-01T01:00:00+01:00</time>
				<extensions>
					<swisstopo:routepoint_id>582406245</swisstopo:routepoint_id>
				</extensions>
			</trkpt>
			<trkpt lat="46.2602829798" lon="8.0792144858">
				<ele>2821.0</ele>
				<time>1970-01-01T01:00:00+01:00</time>
				<extensions>
					<swisstopo:routepoint_id>435941901</swisstopo:routepoint_id>
				</extensions>
			</trkpt>
			<trkpt lat="46.2602808237" lon="8.0791758489">
				<ele>2820.6</ele>
				<time>1970-01-01T01:00:00+01:00</time>
				<extensions>
					<swisstopo:routepoint_id>1057587847</swisstopo:routepoint_id>
				</extensions>
			</trkpt>
			<trkpt lat="46.2602768491" lon="8.0791406283">
				<ele>2820.2</ele>
				<time>1970-01-01T01:00:00+01:00</time>
				<extensions>
					<swisstopo:routepoint_id>1311077947</swisstopo:routepoint_id>
				</extensions>
			</trkpt>
			<trkpt lat="46.2602776121" lon="8.0791123239">
				<ele>2819.9</ele>
				<time>1970-01-01T01:00:00+01:00</time>
				<extensions>
					<swisstopo:routepoint_id>1414517781</swisstopo:routepoint_id>
				</extensions>
			</trkpt>
			<trkpt lat="46.2602861020" lon="8.0790841109">
				<ele>2819.7</ele>
				<time>1970-01-01T01:00:00+01:00</time>
				<extensions>
					<swisstopo:routepoint_id>847487245</swisstopo:routepoint_id>
				</extensions>
			</trkpt>
			<trkpt lat="46.2603018126" lon="8.0790405484">
				<ele>2819.0</ele>
				<time>1970-01-01T01:00:00+01:00</time>
				<extensions>
					<swisstopo:routepoint_id>925948907</swisstopo:routepoint_id>
				</extensions>
			</trkpt>
			<trkpt lat="46.2603110411" lon="8.0789883235">
				<ele>2818.2</ele>
				<time>1970-01-01T01:00:00+01:00</time>
				<extensions>
					<swisstopo:routepoint_id>445127254</swisstopo:routepoint_id>
				</extensions>
			</trkpt>
			<trkpt lat="46.2603148405" lon="8.0789480451">
				<ele>2817.8</ele>
				<time>1970-01-01T01:00:00+01:00</time>
				<extensions>
					<swisstopo:routepoint_id>1703896808</swisstopo:routepoint_id>
				</extensions>
			</trkpt>
			<trkpt lat="46.2603222797" lon="8.0788940871">
				<ele>2817.4</ele>
				<time>1970-01-01T01:00:00+01:00</time>
				<extensions>
					<swisstopo:routepoint_id>968655797</swisstopo:routepoint_id>
				</extensions>
			</trkpt>
			<trkpt lat="46.2603327829" lon="8.0788264304">
				<ele>2817.1</ele>
				<time>1970-01-01T01:00:00+01:00</time>
				<extensions>
					<swisstopo:routepoint_id>901776520</swisstopo:routepoint_id>
				</extensions>
			</trkpt>
			<trkpt lat="46.2603443764" lon="8.0787759585">
				<ele>2817.0</ele>
				<time>1970-01-01T01:00:00+01:00</time>
				<extensions>
					<swisstopo:routepoint_id>332520190</swisstopo:routepoint_id>
				</extensions>
			</trkpt>
			<trkpt lat="46.2603619255" lon="8.0787238315">
				<ele>2816.8</ele>
				<time>1970-01-01T01:00:00+01:00</time>
				<extensions>
					<swisstopo:routepoint_id>209855658</swisstopo:routepoint_id>
				</extensions>
			</trkpt>
			<trkpt lat="46.2603735578" lon="8.0786664858">
				<ele>2816.6</ele>
				<time>1970-01-01T01:00:00+01:00</time>
				<extensions>
					<swisstopo:routepoint_id>1401291605</swisstopo:routepoint_id>
				</extensions>
			</trkpt>
			<trkpt lat="46.2603822126" lon="8.0786091053">
				<ele>2816.5</ele>
				<time>1970-01-01T01:00:00+01:00</time>
				<extensions>
					<swisstopo:routepoint_id>1982014280</swisstopo:routepoint_id>
				</extensions>
			</trkpt>
			<trkpt lat="46.2603848252" lon="8.0785671008">
				<ele>2816.3</ele>
				<time>1970-01-01T01:00:00+01:00</time>
				<extensions>
					<swisstopo:routepoint_id>1361853817</swisstopo:routepoint_id>
				</extensions>
			</trkpt>
			<trkpt lat="46.2603832819" lon="8.0785250472">
				<ele>2816.3</ele>
				<time>1970-01-01T01:00:00+01:00</time>
				<extensions>
					<swisstopo:routepoint_id>807744197</swisstopo:routepoint_id>
				</extensions>
			</trkpt>
			<trkpt lat="46.2603883267" lon="8.0784744852">
				<ele>2816.1</ele>
				<time>1970-01-01T01:00:00+01:00</time>
				<extensions>
					<swisstopo:routepoint_id>1849982179</swisstopo:routepoint_id>
				</extensions>
			</trkpt>
			<trkpt lat="46.2603933764" lon="8.0784230802">
				<ele>2816.0</ele>
				<time>1970-01-01T01:00:00+01:00</time>
				<extensions>
					<swisstopo:routepoint_id>840840477</swisstopo:routepoint_id>
				</extensions>
			</trkpt>
			<trkpt lat="46.2603930156" lon="8.0783818966">
				<ele>2815.8</ele>
				<time>1970-01-01T01:00:00+01:00</time>
				<extensions>
					<swisstopo:routepoint_id>83807114</swisstopo:routepoint_id>
				</extensions>
			</trkpt>
			<trkpt lat="46.2603878769" lon="8.0783440808">
				<ele>2815.7</ele>
				<time>1970-01-01T01:00:00+01:00</time>
				<extensions>
					<swisstopo:routepoint_id>1565694833</swisstopo:routepoint_id>
				</extensions>
			</trkpt>
			<trkpt lat="46.2603839402" lon="8.0783037112">
				<ele>2815.7</ele>
				<time>1970-01-01T01:00:00+01:00</time>
				<extensions>
					<swisstopo:routepoint_id>200551813</swisstopo:routepoint_id>
				</extensions>
			</trkpt>
			<trkpt lat="46.2603813508" lon="8.0782350571">
				<ele>2815.5</ele>
				<time>1970-01-01T01:00:00+01:00</time>
				<extensions>
					<swisstopo:routepoint_id>490830144</swisstopo:routepoint_id>
				</extensions>
			</trkpt>
			<trkpt lat="46.2603847599" lon="8.0781587438">
				<ele>2815.3</ele>
				<time>1970-01-01T01:00:00+01:00</time>
				<extensions>
					<swisstopo:routepoint_id>1958753370</swisstopo:routepoint_id>
				</extensions>
			</trkpt>
			<trkpt lat="46.2603881359" lon="8.0780867098">
				<ele>2815.3</ele>
				<time>1970-01-01T01:00:00+01:00</time>
				<extensions>
					<swisstopo:routepoint_id>1592182544</swisstopo:routepoint_id>
				</extensions>
			</trkpt>
			<trkpt lat="46.2603992857" lon="8.0780096312">
				<ele>2815.3</ele>
				<time>1970-01-01T01:00:00+01:00</time>
				<extensions>
					<swisstopo:routepoint_id>1866222318</swisstopo:routepoint_id>
				</extensions>
			</trkpt>
			<trkpt lat="46.2604084563" lon="8.0779659917">
				<ele>2815.0</ele>
				<time>1970-01-01T01:00:00+01:00</time>
				<extensions>
					<swisstopo:routepoint_id>1009601518</swisstopo:routepoint_id>
				</extensions>
			</trkpt>
			<trkpt lat="46.2604146778" lon="8.0779188804">
				<ele>2814.9</ele>
				<time>1970-01-01T01:00:00+01:00</time>
				<extensions>
					<swisstopo:routepoint_id>1308653531</swisstopo:routepoint_id>
				</extensions>
			</trkpt>
			<trkpt lat="46.2604131496" lon="8.0778725340">
				<ele>2814.8</ele>
				<time>1970-01-01T01:00:00+01:00</time>
				<extensions>
					<swisstopo:routepoint_id>778324025</swisstopo:routepoint_id>
				</extensions>
			</trkpt>
			<trkpt lat="46.2604051351" lon="8.0778166824">
				<ele>2814.8</ele>
				<time>1970-01-01T01:00:00+01:00</time>
				<extensions>
					<swisstopo:routepoint_id>508971237</swisstopo:routepoint_id>
				</extensions>
			</trkpt>
			<trkpt lat="46.2603917102" lon="8.0777710522">
				<ele>2814.9</ele>
				<time>1970-01-01T01:00:00+01:00</time>
				<extensions>
					<swisstopo:routepoint_id>162319949</swisstopo:routepoint_id>
				</extensions>
			</trkpt>
			<trkpt lat="46.2603698692" lon="8.0777390455">
				<ele>2815.0</ele>
				<time>1970-01-01T01:00:00+01:00</time>
				<extensions>
					<swisstopo:routepoint_id>1418811945</swisstopo:routepoint_id>
				</extensions>
			</trkpt>
			<trkpt lat="46.2603557683" lon="8.0777079987">
				<ele>2815.0</ele>
				<time>1970-01-01T01:00:00+01:00</time>
				<extensions>
					<swisstopo:routepoint_id>1168907768</swisstopo:routepoint_id>
				</extensions>
			</trkpt>
			<trkpt lat="46.2603422803" lon="8.0776735220">
				<ele>2814.8</ele>
				<time>1970-01-01T01:00:00+01:00</time>
				<extensions>
					<swisstopo:routepoint_id>210100602</swisstopo:routepoint_id>
				</extensions>
			</trkpt>
			<trkpt lat="46.2603336679" lon="8.0776168075">
				<ele>2814.5</ele>
				<time>1970-01-01T01:00:00+01:00</time>
				<extensions>
					<swisstopo:routepoint_id>385129040</swisstopo:routepoint_id>
				</extensions>
			</trkpt>
			<trkpt lat="46.2603226945" lon="8.0775591963">
				<ele>2814.2</ele>
				<time>1970-01-01T01:00:00+01:00</time>
				<extensions>
					<swisstopo:routepoint_id>969390527</swisstopo:routepoint_id>
				</extensions>
			</trkpt>
			<trkpt lat="46.2603074457" lon="8.0775195500">
				<ele>2813.9</ele>
				<time>1970-01-01T01:00:00+01:00</time>
				<extensions>
					<swisstopo:routepoint_id>1291074085</swisstopo:routepoint_id>
				</extensions>
			</trkpt>
			<trkpt lat="46.2602952226" lon="8.0774713661">
				<ele>2813.9</ele>
				<time>1970-01-01T01:00:00+01:00</time>
				<extensions>
					<swisstopo:routepoint_id>2104776758</swisstopo:routepoint_id>
				</extensions>
			</trkpt>
			<trkpt lat="46.2602811708" lon="8.0774300218">
				<ele>2813.7</ele>
				<time>1970-01-01T01:00:00+01:00</time>
				<extensions>
					<swisstopo:routepoint_id>1690834381</swisstopo:routepoint_id>
				</extensions>
			</trkpt>
			<trkpt lat="46.2602599711" lon="8.0773911619">
				<ele>2813.3</ele>
				<time>1970-01-01T01:00:00+01:00</time>
				<extensions>
					<swisstopo:routepoint_id>1371376617</swisstopo:routepoint_id>
				</extensions>
			</trkpt>
			<trkpt lat="46.2602399588" lon="8.0773523286">
				<ele>2812.9</ele>
				<time>1970-01-01T01:00:00+01:00</time>
				<extensions>
					<swisstopo:routepoint_id>758800138</swisstopo:routepoint_id>
				</extensions>
			</trkpt>
			<trkpt lat="46.2602259698" lon="8.0772998312">
				<ele>2812.7</ele>
				<time>1970-01-01T01:00:00+01:00</time>
				<extensions>
					<swisstopo:routepoint_id>1647968563</swisstopo:routepoint_id>
				</extensions>
			</trkpt>
			<trkpt lat="46.2601995147" lon="8.0772437504">
				<ele>2811.9</ele>
				<time>1970-01-01T01:00:00+01:00</time>
				<extensions>
					<swisstopo:routepoint_id>497989558</swisstopo:routepoint_id>
				</extensions>
			</trkpt>
			<trkpt lat="46.2601765491" lon="8.0772005897">
				<ele>2811.2</ele>
				<time>1970-01-01T01:00:00+01:00</time>
				<extensions>
					<swisstopo:routepoint_id>995485489</swisstopo:routepoint_id>
				</extensions>
			</trkpt>
			<trkpt lat="46.2601649341" lon="8.0771498451">
				<ele>2810.8</ele>
				<time>1970-01-01T01:00:00+01:00</time>
				<extensions>
					<swisstopo:routepoint_id>593547408</swisstopo:routepoint_id>
				</extensions>
			</trkpt>
			<trkpt lat="46.2601563208" lon="8.0770948299">
				<ele>2810.5</ele>
				<time>1970-01-01T01:00:00+01:00</time>
				<extensions>
					<swisstopo:routepoint_id>132032101</swisstopo:routepoint_id>
				</extensions>
			</trkpt>
			<trkpt lat="46.2601376943" lon="8.0770208391">
				<ele>2809.5</ele>
				<time>1970-01-01T01:00:00+01:00</time>
				<extensions>
					<swisstopo:routepoint_id>521013340</swisstopo:routepoint_id>
				</extensions>
			</trkpt>
			<trkpt lat="46.2601261518" lon="8.0769572165">
				<ele>2808.5</ele>
				<time>1970-01-01T01:00:00+01:00</time>
				<extensions>
					<swisstopo:routepoint_id>723937083</swisstopo:routepoint_id>
				</extensions>
			</trkpt>
			<trkpt lat="46.2601113795" lon="8.0769398841">
				<ele>2807.9</ele>
				<time>1970-01-01T01:00:00+01:00</time>
				<extensions>
					<swisstopo:routepoint_id>284287346</swisstopo:routepoint_id>
				</extensions>
			</trkpt>
			<trkpt lat="46.2600960627" lon="8.0769122475">
				<ele>2807.2</ele>
				<time>1970-01-01T01:00:00+01:00</time>
				<extensions>
					<swisstopo:routepoint_id>640288664</swisstopo:routepoint_id>
				</extensions>
			</trkpt>
			<trkpt lat="46.2600915558" lon="8.0768675914">
				<ele>2806.5</ele>
				<time>1970-01-01T01:00:00+01:00</time>
				<extensions>
					<swisstopo:routepoint_id>1740460617</swisstopo:routepoint_id>
				</extensions>
			</trkpt>
			<trkpt lat="46.2600781403" lon="8.0768202500">
				<ele>2805.5</ele>
				<time>1970-01-01T01:00:00+01:00</time>
				<extensions>
					<swisstopo:routepoint_id>1754425111</swisstopo:routepoint_id>
				</extensions>
			</trkpt>
			<trkpt lat="46.2600658209" lon="8.0767874994">
				<ele>2804.8</ele>
				<time>1970-01-01T01:00:00+01:00</time>
				<extensions>
					<swisstopo:routepoint_id>755852916</swisstopo:routepoint_id>
				</extensions>
			</trkpt>
			<trkpt lat="46.2600571057" lon="8.0767505111">
				<ele>2804.2</ele>
				<time>1970-01-01T01:00:00+01:00</time>
				<extensions>
					<swisstopo:routepoint_id>772091474</swisstopo:routepoint_id>
				</extensions>
			</trkpt>
			<trkpt lat="46.2600467449" lon="8.0766894705">
				<ele>2803.6</ele>
				<time>1970-01-01T01:00:00+01:00</time>
				<extensions>
					<swisstopo:routepoint_id>949151852</swisstopo:routepoint_id>
				</extensions>
			</trkpt>
			<trkpt lat="46.2600327944" lon="8.0766301129">
				<ele>2802.8</ele>
				<time>1970-01-01T01:00:00+01:00</time>
				<extensions>
					<swisstopo:routepoint_id>283529013</swisstopo:routepoint_id>
				</extensions>
			</trkpt>
			<trkpt lat="46.2600194222" lon="8.0765750551">
				<ele>2802.0</ele>
				<time>1970-01-01T01:00:00+01:00</time>
				<extensions>
					<swisstopo:routepoint_id>1087898292</swisstopo:routepoint_id>
				</extensions>
			</trkpt>
			<trkpt lat="46.2600012827" lon="8.0765199414">
				<ele>2801.0</ele>
				<time>1970-01-01T01:00:00+01:00</time>
				<extensions>
					<swisstopo:routepoint_id>500630281</swisstopo:routepoint_id>
				</extensions>
			</trkpt>
			<trkpt lat="46.2599794552" lon="8.0764870795">
				<ele>2799.9</ele>
				<time>1970-01-01T01:00:00+01:00</time>
				<extensions>
					<swisstopo:routepoint_id>1146333582</swisstopo:routepoint_id>
				</extensions>
			</trkpt>
			<trkpt lat="46.2599611800" lon="8.0764559842">
				<ele>2799.1</ele>
				<time>1970-01-01T01:00:00+01:00</time>
				<extensions>
					<swisstopo:routepoint_id>1506995728</swisstopo:routepoint_id>
				</extensions>
			</trkpt>
			<trkpt lat="46.2599459590" lon="8.0764129148">
				<ele>2798.6</ele>
				<time>1970-01-01T01:00:00+01:00</time>
				<extensions>
					<swisstopo:routepoint_id>1487547117</swisstopo:routepoint_id>
				</extensions>
			</trkpt>
			<trkpt lat="46.2599248081" lon="8.0763637579">
				<ele>2798.4</ele>
				<time>1970-01-01T01:00:00+01:00</time>
				<extensions>
					<swisstopo:routepoint_id>2099702994</swisstopo:routepoint_id>
				</extensions>
			</trkpt>
			<trkpt lat="46.2599000660" lon="8.0763197209">
				<ele>2797.8</ele>
				<time>1970-01-01T01:00:00+01:00</time>
				<extensions>
					<swisstopo:routepoint_id>1033682905</swisstopo:routepoint_id>
				</extensions>
			</trkpt>
			<trkpt lat="46.2598758885" lon="8.0762808267">
				<ele>2797.1</ele>
				<time>1970-01-01T01:00:00+01:00</time>
				<extensions>
					<swisstopo:routepoint_id>199517240</swisstopo:routepoint_id>
				</extensions>
			</trkpt>
			<trkpt lat="46.2598463540" lon="8.0762427387">
				<ele>2796.3</ele>
				<time>1970-01-01T01:00:00+01:00</time>
				<extensions>
					<swisstopo:routepoint_id>1066510165</swisstopo:routepoint_id>
				</extensions>
			</trkpt>
			<trkpt lat="46.2598150148" lon="8.0762071975">
				<ele>2795.7</ele>
				<time>1970-01-01T01:00:00+01:00</time>
				<extensions>
					<swisstopo:routepoint_id>427835930</swisstopo:routepoint_id>
				</extensions>
			</trkpt>
			<trkpt lat="46.2598038868" lon="8.0761753171">
				<ele>2795.5</ele>
				<time>1970-01-01T01:00:00+01:00</time>
				<extensions>
					<swisstopo:routepoint_id>1426039794</swisstopo:routepoint_id>
				</extensions>
			</trkpt>
			<trkpt lat="46.2597951762" lon="8.0761374732">
				<ele>2795.3</ele>
				<time>1970-01-01T01:00:00+01:00</time>
				<extensions>
					<swisstopo:routepoint_id>2067181115</swisstopo:routepoint_id>
				</extensions>
			</trkpt>
			<trkpt lat="46.2597895011" lon="8.0760893669">
				<ele>2795.0</ele>
				<time>1970-01-01T01:00:00+01:00</time>
				<extensions>
					<swisstopo:routepoint_id>1345976619</swisstopo:routepoint_id>
				</extensions>
			</trkpt>
			<trkpt lat="46.2597826441" lon="8.0760386657">
				<ele>2794.5</ele>
				<time>1970-01-01T01:00:00+01:00</time>
				<extensions>
					<swisstopo:routepoint_id>42865818</swisstopo:routepoint_id>
				</extensions>
			</trkpt>
			<trkpt lat="46.2597715691" lon="8.0759973571">
				<ele>2793.8</ele>
				<time>1970-01-01T01:00:00+01:00</time>
				<extensions>
					<swisstopo:routepoint_id>873387059</swisstopo:routepoint_id>
				</extensions>
			</trkpt>
			<trkpt lat="46.2597592825" lon="8.0759603274">
				<ele>2792.8</ele>
				<time>1970-01-01T01:00:00+01:00</time>
				<extensions>
					<swisstopo:routepoint_id>1910798297</swisstopo:routepoint_id>
				</extensions>
			</trkpt>
			<trkpt lat="46.2597393230" lon="8.0759120538">
				<ele>2791.8</ele>
				<time>1970-01-01T01:00:00+01:00</time>
				<extensions>
					<swisstopo:routepoint_id>1054421155</swisstopo:routepoint_id>
				</extensions>
			</trkpt>
			<trkpt lat="46.2597163810" lon="8.0758646013">
				<ele>2790.6</ele>
				<time>1970-01-01T01:00:00+01:00</time>
				<extensions>
					<swisstopo:routepoint_id>365957457</swisstopo:routepoint_id>
				</extensions>
			</trkpt>
			<trkpt lat="46.2597023037" lon="8.0758292626">
				<ele>2790.1</ele>
				<time>1970-01-01T01:00:00+01:00</time>
				<extensions>
					<swisstopo:routepoint_id>474472148</swisstopo:routepoint_id>
				</extensions>
			</trkpt>
			<trkpt lat="46.2596776387" lon="8.0757714921">
				<ele>2789.3</ele>
				<time>1970-01-01T01:00:00+01:00</time>
				<extensions>
					<swisstopo:routepoint_id>2017093973</swisstopo:routepoint_id>
				</extensions>
			</trkpt>
			<trkpt lat="46.2596571191" lon="8.0757172071">
				<ele>2789.0</ele>
				<time>1970-01-01T01:00:00+01:00</time>
				<extensions>
					<swisstopo:routepoint_id>1995228403</swisstopo:routepoint_id>
				</extensions>
			</trkpt>
			<trkpt lat="46.2596395427" lon="8.0756672414">
				<ele>2788.8</ele>
				<time>1970-01-01T01:00:00+01:00</time>
				<extensions>
					<swisstopo:routepoint_id>2028208324</swisstopo:routepoint_id>
				</extensions>
			</trkpt>
			<trkpt lat="46.2596219431" lon="8.0756241366">
				<ele>2788.4</ele>
				<time>1970-01-01T01:00:00+01:00</time>
				<extensions>
					<swisstopo:routepoint_id>1130960113</swisstopo:routepoint_id>
				</extensions>
			</trkpt>
			<trkpt lat="46.2596068176" lon="8.0755613276">
				<ele>2788.5</ele>
				<time>1970-01-01T01:00:00+01:00</time>
				<extensions>
					<swisstopo:routepoint_id>677345883</swisstopo:routepoint_id>
				</extensions>
			</trkpt>
			<trkpt lat="46.2595910937" lon="8.0755002469">
				<ele>2788.6</ele>
				<time>1970-01-01T01:00:00+01:00</time>
				<extensions>
					<swisstopo:routepoint_id>2031919395</swisstopo:routepoint_id>
				</extensions>
			</trkpt>
			<trkpt lat="46.2595747864" lon="8.0754382728">
				<ele>2788.6</ele>
				<time>1970-01-01T01:00:00+01:00</time>
				<extensions>
					<swisstopo:routepoint_id>968369143</swisstopo:routepoint_id>
				</extensions>
			</trkpt>
			<trkpt lat="46.2595577897" lon="8.0753926167">
				<ele>2788.7</ele>
				<time>1970-01-01T01:00:00+01:00</time>
				<extensions>
					<swisstopo:routepoint_id>805273259</swisstopo:routepoint_id>
				</extensions>
			</trkpt>
			<trkpt lat="46.2595354876" lon="8.0753374499">
				<ele>2788.7</ele>
				<time>1970-01-01T01:00:00+01:00</time>
				<extensions>
					<swisstopo:routepoint_id>472323903</swisstopo:routepoint_id>
				</extensions>
			</trkpt>
			<trkpt lat="46.2595166738" lon="8.0752977762">
				<ele>2788.5</ele>
				<time>1970-01-01T01:00:00+01:00</time>
				<extensions>
					<swisstopo:routepoint_id>1831676830</swisstopo:routepoint_id>
				</extensions>
			</trkpt>
			<trkpt lat="46.2594996636" lon="8.0752529560">
				<ele>2788.5</ele>
				<time>1970-01-01T01:00:00+01:00</time>
				<extensions>
					<swisstopo:routepoint_id>448521571</swisstopo:routepoint_id>
				</extensions>
			</trkpt>
			<trkpt lat="46.2594778478" lon="8.0752175282">
				<ele>2788.3</ele>
				<time>1970-01-01T01:00:00+01:00</time>
				<extensions>
					<swisstopo:routepoint_id>1284679079</swisstopo:routepoint_id>
				</extensions>
			</trkpt>
			<trkpt lat="46.2594536466" lon="8.0751829211">
				<ele>2787.7</ele>
				<time>1970-01-01T01:00:00+01:00</time>
				<extensions>
					<swisstopo:routepoint_id>1728386212</swisstopo:routepoint_id>
				</extensions>
			</trkpt>
			<trkpt lat="46.2594371949" lon="8.0751449976">
				<ele>2787.3</ele>
				<time>1970-01-01T01:00:00+01:00</time>
				<extensions>
					<swisstopo:routepoint_id>1160566812</swisstopo:routepoint_id>
				</extensions>
			</trkpt>
			<trkpt lat="46.2594231577" lon="8.0751010736">
				<ele>2787.3</ele>
				<time>1970-01-01T01:00:00+01:00</time>
				<extensions>
					<swisstopo:routepoint_id>1194114235</swisstopo:routepoint_id>
				</extensions>
			</trkpt>
			<trkpt lat="46.2594073797" lon="8.0750511384">
				<ele>2787.4</ele>
				<time>1970-01-01T01:00:00+01:00</time>
				<extensions>
					<swisstopo:routepoint_id>473312823</swisstopo:routepoint_id>
				</extensions>
			</trkpt>
			<trkpt lat="46.2593832508" lon="8.0750036640">
				<ele>2787.0</ele>
				<time>1970-01-01T01:00:00+01:00</time>
				<extensions>
					<swisstopo:routepoint_id>1288029876</swisstopo:routepoint_id>
				</extensions>
			</trkpt>
			<trkpt lat="46.2593620573" lon="8.0749622400">
				<ele>2786.8</ele>
				<time>1970-01-01T01:00:00+01:00</time>
				<extensions>
					<swisstopo:routepoint_id>1033192829</swisstopo:routepoint_id>
				</extensions>
			</trkpt>
			<trkpt lat="46.2593266605" lon="8.0749094917">
				<ele>2786.8</ele>
				<time>1970-01-01T01:00:00+01:00</time>
				<extensions>
					<swisstopo:routepoint_id>605846974</swisstopo:routepoint_id>
				</extensions>
			</trkpt>
			<trkpt lat="46.2593030710" lon="8.0748723335">
				<ele>2786.8</ele>
				<time>1970-01-01T01:00:00+01:00</time>
				<extensions>
					<swisstopo:routepoint_id>920961094</swisstopo:routepoint_id>
				</extensions>
			</trkpt>
			<trkpt lat="46.2592807406" lon="8.0748205993">
				<ele>2786.4</ele>
				<time>1970-01-01T01:00:00+01:00</time>
				<extensions>
					<swisstopo:routepoint_id>1146812698</swisstopo:routepoint_id>
				</extensions>
			</trkpt>
			<trkpt lat="46.2592529873" lon="8.0747833799">
				<ele>2786.1</ele>
				<time>1970-01-01T01:00:00+01:00</time>
				<extensions>
					<swisstopo:routepoint_id>1229342959</swisstopo:routepoint_id>
				</extensions>
			</trkpt>
			<trkpt lat="46.2592253119" lon="8.0747307347">
				<ele>2786.0</ele>
				<time>1970-01-01T01:00:00+01:00</time>
				<extensions>
					<swisstopo:routepoint_id>1383173976</swisstopo:routepoint_id>
				</extensions>
			</trkpt>
			<trkpt lat="46.2591993225" lon="8.0746969683">
				<ele>2786.1</ele>
				<time>1970-01-01T01:00:00+01:00</time>
				<extensions>
					<swisstopo:routepoint_id>1193794056</swisstopo:routepoint_id>
				</extensions>
			</trkpt>
			<trkpt lat="46.2591780364" lon="8.0746735541">
				<ele>2786.2</ele>
				<time>1970-01-01T01:00:00+01:00</time>
				<extensions>
					<swisstopo:routepoint_id>1582661970</swisstopo:routepoint_id>
				</extensions>
			</trkpt>
			<trkpt lat="46.2591484475" lon="8.0746440393">
				<ele>2786.4</ele>
				<time>1970-01-01T01:00:00+01:00</time>
				<extensions>
					<swisstopo:routepoint_id>1135928310</swisstopo:routepoint_id>
				</extensions>
			</trkpt>
			<trkpt lat="46.2591152199" lon="8.0746273503">
				<ele>2786.4</ele>
				<time>1970-01-01T01:00:00+01:00</time>
				<extensions>
					<swisstopo:routepoint_id>507429601</swisstopo:routepoint_id>
				</extensions>
			</trkpt>
			<trkpt lat="46.2590790336" lon="8.0746071944">
				<ele>2786.8</ele>
				<time>1970-01-01T01:00:00+01:00</time>
				<extensions>
					<swisstopo:routepoint_id>1436326149</swisstopo:routepoint_id>
				</extensions>
			</trkpt>
			<trkpt lat="46.2590552365" lon="8.0746069162">
				<ele>2787.2</ele>
				<time>1970-01-01T01:00:00+01:00</time>
				<extensions>
					<swisstopo:routepoint_id>1184810830</swisstopo:routepoint_id>
				</extensions>
			</trkpt>
			<trkpt lat="46.2590182888" lon="8.0746159330">
				<ele>2787.6</ele>
				<time>1970-01-01T01:00:00+01:00</time>
				<extensions>
					<swisstopo:routepoint_id>518212702</swisstopo:routepoint_id>
				</extensions>
			</trkpt>
			<trkpt lat="46.2589860774" lon="8.0746309830">
				<ele>2787.4</ele>
				<time>1970-01-01T01:00:00+01:00</time>
				<extensions>
					<swisstopo:routepoint_id>593747472</swisstopo:routepoint_id>
				</extensions>
			</trkpt>
			<trkpt lat="46.2589723093" lon="8.0746454128">
				<ele>2787.0</ele>
				<time>1970-01-01T01:00:00+01:00</time>
				<extensions>
					<swisstopo:routepoint_id>886133859</swisstopo:routepoint_id>
				</extensions>
			</trkpt>
			<trkpt lat="46.2589584784" lon="8.0746709876">
				<ele>2786.4</ele>
				<time>1970-01-01T01:00:00+01:00</time>
				<extensions>
					<swisstopo:routepoint_id>1317882520</swisstopo:routepoint_id>
				</extensions>
			</trkpt>
			<trkpt lat="46.2589393035" lon="8.0746939288">
				<ele>2786.4</ele>
				<time>1970-01-01T01:00:00+01:00</time>
				<extensions>
					<swisstopo:routepoint_id>2143772577</swisstopo:routepoint_id>
				</extensions>
			</trkpt>
			<trkpt lat="46.2589196365" lon="8.0746997023">
				<ele>2787.0</ele>
				<time>1970-01-01T01:00:00+01:00</time>
				<extensions>
					<swisstopo:routepoint_id>162590970</swisstopo:routepoint_id>
				</extensions>
			</trkpt>
			<trkpt lat="46.2588970197" lon="8.0747020216">
				<ele>2787.4</ele>
				<time>1970-01-01T01:00:00+01:00</time>
				<extensions>
					<swisstopo:routepoint_id>2019556272</swisstopo:routepoint_id>
				</extensions>
			</trkpt>
			<trkpt lat="46.2588744626" lon="8.0746905996">
				<ele>2787.6</ele>
				<time>1970-01-01T01:00:00+01:00</time>
				<extensions>
					<swisstopo:routepoint_id>1559595492</swisstopo:routepoint_id>
				</extensions>
			</trkpt>
			<trkpt lat="46.2588489306" lon="8.0746817139">
				<ele>2787.3</ele>
				<time>1970-01-01T01:00:00+01:00</time>
				<extensions>
					<swisstopo:routepoint_id>1284175961</swisstopo:routepoint_id>
				</extensions>
			</trkpt>
			<trkpt lat="46.2588126526" lon="8.0746778702">
				<ele>2786.0</ele>
				<time>1970-01-01T01:00:00+01:00</time>
				<extensions>
					<swisstopo:routepoint_id>356751688</swisstopo:routepoint_id>
				</extensions>
			</trkpt>
			<trkpt lat="46.2587942576" lon="8.0746699165">
				<ele>2785.1</ele>
				<time>1970-01-01T01:00:00+01:00</time>
				<extensions>
					<swisstopo:routepoint_id>1335128471</swisstopo:routepoint_id>
				</extensions>
			</trkpt>
			<trkpt lat="46.2587777132" lon="8.0746500029">
				<ele>2784.7</ele>
				<time>1970-01-01T01:00:00+01:00</time>
				<extensions>
					<swisstopo:routepoint_id>103290617</swisstopo:routepoint_id>
				</extensions>
			</trkpt>
			<trkpt lat="46.2587701960" lon="8.0746104494">
				<ele>2784.9</ele>
				<time>1970-01-01T01:00:00+01:00</time>
				<extensions>
					<swisstopo:routepoint_id>1435438407</swisstopo:routepoint_id>
				</extensions>
			</trkpt>
			<trkpt lat="46.2587633195" lon="8.0745631900">
				<ele>2785.1</ele>
				<time>1970-01-01T01:00:00+01:00</time>
				<extensions>
					<swisstopo:routepoint_id>90564844</swisstopo:routepoint_id>
				</extensions>
			</trkpt>
			<trkpt lat="46.2587499180" lon="8.0745124220">
				<ele>2784.7</ele>
				<time>1970-01-01T01:00:00+01:00</time>
				<extensions>
					<swisstopo:routepoint_id>1255073389</swisstopo:routepoint_id>
				</extensions>
			</trkpt>
			<trkpt lat="46.2587305500" lon="8.0744650168">
				<ele>2783.7</ele>
				<time>1970-01-01T01:00:00+01:00</time>
				<extensions>
					<swisstopo:routepoint_id>2020020583</swisstopo:routepoint_id>
				</extensions>
			</trkpt>
			<trkpt lat="46.2587123245" lon="8.0744253380">
				<ele>2783.0</ele>
				<time>1970-01-01T01:00:00+01:00</time>
				<extensions>
					<swisstopo:routepoint_id>160921406</swisstopo:routepoint_id>
				</extensions>
			</trkpt>
			<trkpt lat="46.2586941320" lon="8.0743813662">
				<ele>2782.7</ele>
				<time>1970-01-01T01:00:00+01:00</time>
				<extensions>
					<swisstopo:routepoint_id>2014949496</swisstopo:routepoint_id>
				</extensions>
			</trkpt>
			<trkpt lat="46.2586740460" lon="8.0743553953">
				<ele>2782.6</ele>
				<time>1970-01-01T01:00:00+01:00</time>
				<extensions>
					<swisstopo:routepoint_id>367068782</swisstopo:routepoint_id>
				</extensions>
			</trkpt>
			<trkpt lat="46.2586544089" lon="8.0743543046">
				<ele>2782.5</ele>
				<time>1970-01-01T01:00:00+01:00</time>
				<extensions>
					<swisstopo:routepoint_id>2033863779</swisstopo:routepoint_id>
				</extensions>
			</trkpt>
			<trkpt lat="46.2586192534" lon="8.0743633296">
				<ele>2783.1</ele>
				<time>1970-01-01T01:00:00+01:00</time>
				<extensions>
					<swisstopo:routepoint_id>1523987663</swisstopo:routepoint_id>
				</extensions>
			</trkpt>
			<trkpt lat="46.2585876401" lon="8.0743766897">
				<ele>2783.2</ele>
				<time>1970-01-01T01:00:00+01:00</time>
				<extensions>
					<swisstopo:routepoint_id>1685270766</swisstopo:routepoint_id>
				</extensions>
			</trkpt>
			<trkpt lat="46.2585595876" lon="8.0743926623">
				<ele>2782.5</ele>
				<time>1970-01-01T01:00:00+01:00</time>
				<extensions>
					<swisstopo:routepoint_id>2100502289</swisstopo:routepoint_id>
				</extensions>
			</trkpt>
			<trkpt lat="46.2585298020" lon="8.0743965952">
				<ele>2780.9</ele>
				<time>1970-01-01T01:00:00+01:00</time>
				<extensions>
					<swisstopo:routepoint_id>1794164637</swisstopo:routepoint_id>
				</extensions>
			</trkpt>
			<trkpt lat="46.2584900482" lon="8.0743781205">
				<ele>2779.4</ele>
				<time>1970-01-01T01:00:00+01:00</time>
				<extensions>
					<swisstopo:routepoint_id>247245665</swisstopo:routepoint_id>
				</extensions>
			</trkpt>
			<trkpt lat="46.2584550381" lon="8.0743597012">
				<ele>2778.4</ele>
				<time>1970-01-01T01:00:00+01:00</time>
				<extensions>
					<swisstopo:routepoint_id>686364455</swisstopo:routepoint_id>
				</extensions>
			</trkpt>
			<trkpt lat="46.2584141524" lon="8.0743300551">
				<ele>2777.5</ele>
				<time>1970-01-01T01:00:00+01:00</time>
				<extensions>
					<swisstopo:routepoint_id>146335821</swisstopo:routepoint_id>
				</extensions>
			</trkpt>
			<trkpt lat="46.2583862984" lon="8.0743091483">
				<ele>2776.8</ele>
				<time>1970-01-01T01:00:00+01:00</time>
				<extensions>
					<swisstopo:routepoint_id>2098601128</swisstopo:routepoint_id>
				</extensions>
			</trkpt>
			<trkpt lat="46.2583531914" lon="8.0742710060">
				<ele>2776.3</ele>
				<time>1970-01-01T01:00:00+01:00</time>
				<extensions>
					<swisstopo:routepoint_id>2136700547</swisstopo:routepoint_id>
				</extensions>
			</trkpt>
			<trkpt lat="46.2583259878" lon="8.0742406585">
				<ele>2776.1</ele>
				<time>1970-01-01T01:00:00+01:00</time>
				<extensions>
					<swisstopo:routepoint_id>842578677</swisstopo:routepoint_id>
				</extensions>
			</trkpt>
			<trkpt lat="46.2582982198" lon="8.0742060236">
				<ele>2776.1</ele>
				<time>1970-01-01T01:00:00+01:00</time>
				<extensions>
					<swisstopo:routepoint_id>298676971</swisstopo:routepoint_id>
				</extensions>
			</trkpt>
			<trkpt lat="46.2582805337" lon="8.0741766486">
				<ele>2776.1</ele>
				<time>1970-01-01T01:00:00+01:00</time>
				<extensions>
					<swisstopo:routepoint_id>1347813830</swisstopo:routepoint_id>
				</extensions>
			</trkpt>
			<trkpt lat="46.2582682062" lon="8.0741473362">
				<ele>2776.2</ele>
				<time>1970-01-01T01:00:00+01:00</time>
				<extensions>
					<swisstopo:routepoint_id>597458543</swisstopo:routepoint_id>
				</extensions>
			</trkpt>
			<trkpt lat="46.2582373695" lon="8.0741272434">
				<ele>2776.2</ele>
				<time>1970-01-01T01:00:00+01:00</time>
				<extensions>
					<swisstopo:routepoint_id>723542889</swisstopo:routepoint_id>
				</extensions>
			</trkpt>
			<trkpt lat="46.2582035965" lon="8.0741028354">
				<ele>2776.3</ele>
				<time>1970-01-01T01:00:00+01:00</time>
				<extensions>
					<swisstopo:routepoint_id>1445809896</swisstopo:routepoint_id>
				</extensions>
			</trkpt>
			<trkpt lat="46.2581716559" lon="8.0740681393">
				<ele>2776.3</ele>
				<time>1970-01-01T01:00:00+01:00</time>
				<extensions>
					<swisstopo:routepoint_id>584177084</swisstopo:routepoint_id>
				</extensions>
			</trkpt>
			<trkpt lat="46.2581338549" lon="8.0740179483">
				<ele>2776.5</ele>
				<time>1970-01-01T01:00:00+01:00</time>
				<extensions>
					<swisstopo:routepoint_id>1025898657</swisstopo:routepoint_id>
				</extensions>
			</trkpt>
			<trkpt lat="46.2581073403" lon="8.0739713089">
				<ele>2776.5</ele>
				<time>1970-01-01T01:00:00+01:00</time>
				<extensions>
					<swisstopo:routepoint_id>1662804584</swisstopo:routepoint_id>
				</extensions>
			</trkpt>
			<trkpt lat="46.2580836790" lon="8.0739452966">
				<ele>2776.3</ele>
				<time>1970-01-01T01:00:00+01:00</time>
				<extensions>
					<swisstopo:routepoint_id>224467021</swisstopo:routepoint_id>
				</extensions>
			</trkpt>
			<trkpt lat="46.2580505901" lon="8.0739054577">
				<ele>2776.5</ele>
				<time>1970-01-01T01:00:00+01:00</time>
				<extensions>
					<swisstopo:routepoint_id>1180885343</swisstopo:routepoint_id>
				</extensions>
			</trkpt>
			<trkpt lat="46.2580138833" lon="8.0738715673">
				<ele>2776.9</ele>
				<time>1970-01-01T01:00:00+01:00</time>
				<extensions>
					<swisstopo:routepoint_id>1068796929</swisstopo:routepoint_id>
				</extensions>
			</trkpt>
			<trkpt lat="46.2579806748" lon="8.0738514470">
				<ele>2776.9</ele>
				<time>1970-01-01T01:00:00+01:00</time>
				<extensions>
					<swisstopo:routepoint_id>1244563627</swisstopo:routepoint_id>
				</extensions>
			</trkpt>
			<trkpt lat="46.2579490081" lon="8.0738399319">
				<ele>2775.5</ele>
				<time>1970-01-01T01:00:00+01:00</time>
				<extensions>
					<swisstopo:routepoint_id>995700876</swisstopo:routepoint_id>
				</extensions>
			</trkpt>
			<trkpt lat="46.2579172854" lon="8.0738477560">
				<ele>2775.6</ele>
				<time>1970-01-01T01:00:00+01:00</time>
				<extensions>
					<swisstopo:routepoint_id>1562901471</swisstopo:routepoint_id>
				</extensions>
			</trkpt>
			<trkpt lat="46.2578827680" lon="8.0738479737">
				<ele>2775.8</ele>
				<time>1970-01-01T01:00:00+01:00</time>
				<extensions>
					<swisstopo:routepoint_id>2077127085</swisstopo:routepoint_id>
				</extensions>
			</trkpt>
			<trkpt lat="46.2578519983" lon="8.0738331380">
				<ele>2776.2</ele>
				<time>1970-01-01T01:00:00+01:00</time>
				<extensions>
					<swisstopo:routepoint_id>1387607541</swisstopo:routepoint_id>
				</extensions>
			</trkpt>
			<trkpt lat="46.2578342797" lon="8.0738064228">
				<ele>2776.2</ele>
				<time>1970-01-01T01:00:00+01:00</time>
				<extensions>
					<swisstopo:routepoint_id>1652951801</swisstopo:routepoint_id>
				</extensions>
			</trkpt>
			<trkpt lat="46.2578174710" lon="8.0737615941">
				<ele>2777.5</ele>
				<time>1970-01-01T01:00:00+01:00</time>
				<extensions>
					<swisstopo:routepoint_id>274541275</swisstopo:routepoint_id>
				</extensions>
			</trkpt>
			<trkpt lat="46.2577932692" lon="8.0737332706">
				<ele>2778.6</ele>
				<time>1970-01-01T01:00:00+01:00</time>
				<extensions>
					<swisstopo:routepoint_id>490961833</swisstopo:routepoint_id>
				</extensions>
			</trkpt>
			<trkpt lat="46.2577800390" lon="8.0737051007">
				<ele>2779.6</ele>
				<time>1970-01-01T01:00:00+01:00</time>
				<extensions>
					<swisstopo:routepoint_id>829281663</swisstopo:routepoint_id>
				</extensions>
			</trkpt>
			<trkpt lat="46.2577728236" lon="8.0736868545">
				<ele>2779.8</ele>
				<time>1970-01-01T01:00:00+01:00</time>
				<extensions>
					<swisstopo:routepoint_id>2080845137</swisstopo:routepoint_id>
				</extensions>
			</trkpt>
			<trkpt lat="46.2577190446" lon="8.0736816546">
				<ele>2779.1</ele>
				<time>1970-01-01T01:00:00+01:00</time>
				<extensions>
					<swisstopo:routepoint_id>1877306674</swisstopo:routepoint_id>
				</extensions>
			</trkpt>
			<trkpt lat="46.2576772275" lon="8.0736614088">
				<ele>2777.2</ele>
				<time>1970-01-01T01:00:00+01:00</time>
				<extensions>
					<swisstopo:routepoint_id>1438025101</swisstopo:routepoint_id>
				</extensions>
			</trkpt>
			<trkpt lat="46.2576410938" lon="8.0736553258">
				<ele>2775.7</ele>
				<time>1970-01-01T01:00:00+01:00</time>
				<extensions>
					<swisstopo:routepoint_id>1414137834</swisstopo:routepoint_id>
				</extensions>
			</trkpt>
			<trkpt lat="46.2576151559" lon="8.0736561502">
				<ele>2774.5</ele>
				<time>1970-01-01T01:00:00+01:00</time>
				<extensions>
					<swisstopo:routepoint_id>1647828816</swisstopo:routepoint_id>
				</extensions>
			</trkpt>
			<trkpt lat="46.2575797134" lon="8.0736693390">
				<ele>2772.6</ele>
				<time>1970-01-01T01:00:00+01:00</time>
				<extensions>
					<swisstopo:routepoint_id>296128185</swisstopo:routepoint_id>
				</extensions>
			</trkpt>
			<trkpt lat="46.2575521051" lon="8.0736860136">
				<ele>2771.9</ele>
				<time>1970-01-01T01:00:00+01:00</time>
				<extensions>
					<swisstopo:routepoint_id>697147556</swisstopo:routepoint_id>
				</extensions>
			</trkpt>
			<trkpt lat="46.2575253447" lon="8.0736925025">
				<ele>2770.9</ele>
				<time>1970-01-01T01:00:00+01:00</time>
				<extensions>
					<swisstopo:routepoint_id>1451240792</swisstopo:routepoint_id>
				</extensions>
			</trkpt>
			<trkpt lat="46.2574971900" lon="8.0736672361">
				<ele>2769.2</ele>
				<time>1970-01-01T01:00:00+01:00</time>
				<extensions>
					<swisstopo:routepoint_id>1799924157</swisstopo:routepoint_id>
				</extensions>
			</trkpt>
			<trkpt lat="46.2574603151" lon="8.0736554830">
				<ele>2767.5</ele>
				<time>1970-01-01T01:00:00+01:00</time>
				<extensions>
					<swisstopo:routepoint_id>788886716</swisstopo:routepoint_id>
				</extensions>
			</trkpt>
			<trkpt lat="46.2574321135" lon="8.0736370173">
				<ele>2765.7</ele>
				<time>1970-01-01T01:00:00+01:00</time>
				<extensions>
					<swisstopo:routepoint_id>245120134</swisstopo:routepoint_id>
				</extensions>
			</trkpt>
			<trkpt lat="46.2574109183" lon="8.0736333631">
				<ele>2764.9</ele>
				<time>1970-01-01T01:00:00+01:00</time>
				<extensions>
					<swisstopo:routepoint_id>1722617730</swisstopo:routepoint_id>
				</extensions>
			</trkpt>
			<trkpt lat="46.2573739773" lon="8.0736318047">
				<ele>2763.7</ele>
				<time>1970-01-01T01:00:00+01:00</time>
				<extensions>
					<swisstopo:routepoint_id>2049487582</swisstopo:routepoint_id>
				</extensions>
			</trkpt>
			<trkpt lat="46.2573174262" lon="8.0736243437">
				<ele>2761.7</ele>
				<time>1970-01-01T01:00:00+01:00</time>
				<extensions>
					<swisstopo:routepoint_id>13281458</swisstopo:routepoint_id>
				</extensions>
			</trkpt>
			<trkpt lat="46.2572709920" lon="8.0736362769">
				<ele>2760.7</ele>
				<time>1970-01-01T01:00:00+01:00</time>
				<extensions>
					<swisstopo:routepoint_id>1845127879</swisstopo:routepoint_id>
				</extensions>
			</trkpt>
			<trkpt lat="46.2572348034" lon="8.0736415159">
				<ele>2759.9</ele>
				<time>1970-01-01T01:00:00+01:00</time>
				<extensions>
					<swisstopo:routepoint_id>1930488960</swisstopo:routepoint_id>
				</extensions>
			</trkpt>
			<trkpt lat="46.2572048704" lon="8.0736513621">
				<ele>2759.1</ele>
				<time>1970-01-01T01:00:00+01:00</time>
				<extensions>
					<swisstopo:routepoint_id>359710063</swisstopo:routepoint_id>
				</extensions>
			</trkpt>
			<trkpt lat="46.2571599832" lon="8.0736678348">
				<ele>2757.9</ele>
				<time>1970-01-01T01:00:00+01:00</time>
				<extensions>
					<swisstopo:routepoint_id>1992496962</swisstopo:routepoint_id>
				</extensions>
			</trkpt>
			<trkpt lat="46.2571316479" lon="8.0736731781">
				<ele>2757.1</ele>
				<time>1970-01-01T01:00:00+01:00</time>
				<extensions>
					<swisstopo:routepoint_id>594007655</swisstopo:routepoint_id>
				</extensions>
			</trkpt>
			<trkpt lat="46.2571002809" lon="8.0736614768">
				<ele>2755.8</ele>
				<time>1970-01-01T01:00:00+01:00</time>
				<extensions>
					<swisstopo:routepoint_id>1127387041</swisstopo:routepoint_id>
				</extensions>
			</trkpt>
			<trkpt lat="46.2570593369" lon="8.0736734614">
				<ele>2754.3</ele>
				<time>1970-01-01T01:00:00+01:00</time>
				<extensions>
					<swisstopo:routepoint_id>185184467</swisstopo:routepoint_id>
				</extensions>
			</trkpt>
			<trkpt lat="46.2570184884" lon="8.0736684632">
				<ele>2752.6</ele>
				<time>1970-01-01T01:00:00+01:00</time>
				<extensions>
					<swisstopo:routepoint_id>1653379105</swisstopo:routepoint_id>
				</extensions>
			</trkpt>
			<trkpt lat="46.2569753557" lon="8.0736509506">
				<ele>2751.3</ele>
				<time>1970-01-01T01:00:00+01:00</time>
				<extensions>
					<swisstopo:routepoint_id>1314920190</swisstopo:routepoint_id>
				</extensions>
			</trkpt>
			<trkpt lat="46.2569393095" lon="8.0736324062">
				<ele>2750.2</ele>
				<time>1970-01-01T01:00:00+01:00</time>
				<extensions>
					<swisstopo:routepoint_id>1755576983</swisstopo:routepoint_id>
				</extensions>
			</trkpt>
			<trkpt lat="46.2568993345" lon="8.0736126634">
				<ele>2749.1</ele>
				<time>1970-01-01T01:00:00+01:00</time>
				<extensions>
					<swisstopo:routepoint_id>2057433318</swisstopo:routepoint_id>
				</extensions>
			</trkpt>
			<trkpt lat="46.2568625398" lon="8.0735850422">
				<ele>2748.2</ele>
				<time>1970-01-01T01:00:00+01:00</time>
				<extensions>
					<swisstopo:routepoint_id>1802585810</swisstopo:routepoint_id>
				</extensions>
			</trkpt>
			<trkpt lat="46.2568265573" lon="8.0735551634">
				<ele>2747.4</ele>
				<time>1970-01-01T01:00:00+01:00</time>
				<extensions>
					<swisstopo:routepoint_id>896645708</swisstopo:routepoint_id>
				</extensions>
			</trkpt>
			<trkpt lat="46.2567811314" lon="8.0735251745">
				<ele>2747.0</ele>
				<time>1970-01-01T01:00:00+01:00</time>
				<extensions>
					<swisstopo:routepoint_id>823670138</swisstopo:routepoint_id>
				</extensions>
			</trkpt>
			<trkpt lat="46.2567303021" lon="8.0734781135">
				<ele>2745.9</ele>
				<time>1970-01-01T01:00:00+01:00</time>
				<extensions>
					<swisstopo:routepoint_id>341179786</swisstopo:routepoint_id>
				</extensions>
			</trkpt>
			<trkpt lat="46.2566866076" lon="8.0734198132">
				<ele>2744.8</ele>
				<time>1970-01-01T01:00:00+01:00</time>
				<extensions>
					<swisstopo:routepoint_id>761138806</swisstopo:routepoint_id>
				</extensions>
			</trkpt>
			<trkpt lat="46.2566491799" lon="8.0733672474">
				<ele>2744.0</ele>
				<time>1970-01-01T01:00:00+01:00</time>
				<extensions>
					<swisstopo:routepoint_id>1538740210</swisstopo:routepoint_id>
				</extensions>
			</trkpt>
			<trkpt lat="46.2566031122" lon="8.0733123138">
				<ele>2742.9</ele>
				<time>1970-01-01T01:00:00+01:00</time>
				<extensions>
					<swisstopo:routepoint_id>666707303</swisstopo:routepoint_id>
				</extensions>
			</trkpt>
			<trkpt lat="46.2565780831" lon="8.0732905040">
				<ele>2742.6</ele>
				<time>1970-01-01T01:00:00+01:00</time>
				<extensions>
					<swisstopo:routepoint_id>229477858</swisstopo:routepoint_id>
				</extensions>
			</trkpt>
			<trkpt lat="46.2565475464" lon="8.0732686047">
				<ele>2742.3</ele>
				<time>1970-01-01T01:00:00+01:00</time>
				<extensions>
					<swisstopo:routepoint_id>1141896915</swisstopo:routepoint_id>
				</extensions>
			</trkpt>
			<trkpt lat="46.2565154013" lon="8.0732546404">
				<ele>2741.9</ele>
				<time>1970-01-01T01:00:00+01:00</time>
				<extensions>
					<swisstopo:routepoint_id>716990278</swisstopo:routepoint_id>
				</extensions>
			</trkpt>
			<trkpt lat="46.2564856908" lon="8.0732248224">
				<ele>2741.5</ele>
				<time>1970-01-01T01:00:00+01:00</time>
				<extensions>
					<swisstopo:routepoint_id>196588024</swisstopo:routepoint_id>
				</extensions>
			</trkpt>
			<trkpt lat="46.2564656167" lon="8.0731622640">
				<ele>2740.8</ele>
				<time>1970-01-01T01:00:00+01:00</time>
				<extensions>
					<swisstopo:routepoint_id>643687676</swisstopo:routepoint_id>
				</extensions>
			</trkpt>
			<trkpt lat="46.2564384765" lon="8.0730939620">
				<ele>2739.8</ele>
				<time>1970-01-01T01:00:00+01:00</time>
				<extensions>
					<swisstopo:routepoint_id>2055744487</swisstopo:routepoint_id>
				</extensions>
			</trkpt>
			<trkpt lat="46.2564121572" lon="8.0730233900">
				<ele>2738.7</ele>
				<time>1970-01-01T01:00:00+01:00</time>
				<extensions>
					<swisstopo:routepoint_id>1206120658</swisstopo:routepoint_id>
				</extensions>
			</trkpt>
			<trkpt lat="46.2563779669" lon="8.0729527389">
				<ele>2738.0</ele>
				<time>1970-01-01T01:00:00+01:00</time>
				<extensions>
					<swisstopo:routepoint_id>77306427</swisstopo:routepoint_id>
				</extensions>
			</trkpt>
			<trkpt lat="46.2563476461" lon="8.0728923283">
				<ele>2737.2</ele>
				<time>1970-01-01T01:00:00+01:00</time>
				<extensions>
					<swisstopo:routepoint_id>886882782</swisstopo:routepoint_id>
				</extensions>
			</trkpt>
			<trkpt lat="46.2563165879" lon="8.0728239683">
				<ele>2736.6</ele>
				<time>1970-01-01T01:00:00+01:00</time>
				<extensions>
					<swisstopo:routepoint_id>231838675</swisstopo:routepoint_id>
				</extensions>
			</trkpt>
			<trkpt lat="46.2562885562" lon="8.0727783137">
				<ele>2736.1</ele>
				<time>1970-01-01T01:00:00+01:00</time>
				<extensions>
					<swisstopo:routepoint_id>2024973498</swisstopo:routepoint_id>
				</extensions>
			</trkpt>
			<trkpt lat="46.2562620475" lon="8.0727383510">
				<ele>2735.8</ele>
				<time>1970-01-01T01:00:00+01:00</time>
				<extensions>
					<swisstopo:routepoint_id>118998622</swisstopo:routepoint_id>
				</extensions>
			</trkpt>
			<trkpt lat="46.2562356429" lon="8.0726813805">
				<ele>2735.1</ele>
				<time>1970-01-01T01:00:00+01:00</time>
				<extensions>
					<swisstopo:routepoint_id>1801055043</swisstopo:routepoint_id>
				</extensions>
			</trkpt>
			<trkpt lat="46.2562138515" lon="8.0726414601">
				<ele>2734.4</ele>
				<time>1970-01-01T01:00:00+01:00</time>
				<extensions>
					<swisstopo:routepoint_id>2000114565</swisstopo:routepoint_id>
				</extensions>
			</trkpt>
			<trkpt lat="46.2561888351" lon="8.0726173713">
				<ele>2733.7</ele>
				<time>1970-01-01T01:00:00+01:00</time>
				<extensions>
					<swisstopo:routepoint_id>1336481305</swisstopo:routepoint_id>
				</extensions>
			</trkpt>
			<trkpt lat="46.2561552320" lon="8.0725829872">
				<ele>2733.1</ele>
				<time>1970-01-01T01:00:00+01:00</time>
				<extensions>
					<swisstopo:routepoint_id>1379806670</swisstopo:routepoint_id>
				</extensions>
			</trkpt>
			<trkpt lat="46.2561256825" lon="8.0725259928">
				<ele>2732.4</ele>
				<time>1970-01-01T01:00:00+01:00</time>
				<extensions>
					<swisstopo:routepoint_id>1807312494</swisstopo:routepoint_id>
				</extensions>
			</trkpt>
			<trkpt lat="46.2560945820" lon="8.0724667135">
				<ele>2732.2</ele>
				<time>1970-01-01T01:00:00+01:00</time>
				<extensions>
					<swisstopo:routepoint_id>1088112197</swisstopo:routepoint_id>
				</extensions>
			</trkpt>
			<trkpt lat="46.2560500584" lon="8.0724151934">
				<ele>2731.9</ele>
				<time>1970-01-01T01:00:00+01:00</time>
				<extensions>
					<swisstopo:routepoint_id>1959950499</swisstopo:routepoint_id>
				</extensions>
			</trkpt>
			<trkpt lat="46.2560118839" lon="8.0723546921">
				<ele>2731.4</ele>
				<time>1970-01-01T01:00:00+01:00</time>
				<extensions>
					<swisstopo:routepoint_id>577091132</swisstopo:routepoint_id>
				</extensions>
			</trkpt>
			<trkpt lat="46.2559745066" lon="8.0722930602">
				<ele>2730.4</ele>
				<time>1970-01-01T01:00:00+01:00</time>
				<extensions>
					<swisstopo:routepoint_id>1743429435</swisstopo:routepoint_id>
				</extensions>
			</trkpt>
			<trkpt lat="46.2559418311" lon="8.0722326230">
				<ele>2729.2</ele>
				<time>1970-01-01T01:00:00+01:00</time>
				<extensions>
					<swisstopo:routepoint_id>1659818028</swisstopo:routepoint_id>
				</extensions>
			</trkpt>
			<trkpt lat="46.2559099882" lon="8.0721631275">
				<ele>2727.9</ele>
				<time>1970-01-01T01:00:00+01:00</time>
				<extensions>
					<swisstopo:routepoint_id>858931275</swisstopo:routepoint_id>
				</extensions>
			</trkpt>
			<trkpt lat="46.2558734178" lon="8.0720969714">
				<ele>2727.0</ele>
				<time>1970-01-01T01:00:00+01:00</time>
				<extensions>
					<swisstopo:routepoint_id>1233763180</swisstopo:routepoint_id>
				</extensions>
			</trkpt>
			<trkpt lat="46.2558431029" lon="8.0720354346">
				<ele>2726.3</ele>
				<time>1970-01-01T01:00:00+01:00</time>
				<extensions>
					<swisstopo:routepoint_id>1461406024</swisstopo:routepoint_id>
				</extensions>
			</trkpt>
			<trkpt lat="46.2558236449" lon="8.0720023430">
				<ele>2725.7</ele>
				<time>1970-01-01T01:00:00+01:00</time>
				<extensions>
					<swisstopo:routepoint_id>135506901</swisstopo:routepoint_id>
				</extensions>
			</trkpt>
			<trkpt lat="46.2558020730" lon="8.0719639834">
				<ele>2724.8</ele>
				<time>1970-01-01T01:00:00+01:00</time>
				<extensions>
					<swisstopo:routepoint_id>1432413575</swisstopo:routepoint_id>
				</extensions>
			</trkpt>
			<trkpt lat="46.2557778800" lon="8.0718806714">
				<ele>2722.9</ele>
				<time>1970-01-01T01:00:00+01:00</time>
				<extensions>
					<swisstopo:routepoint_id>1821956131</swisstopo:routepoint_id>
				</extensions>
			</trkpt>
			<trkpt lat="46.2557569016" lon="8.0718021968">
				<ele>2720.9</ele>
				<time>1970-01-01T01:00:00+01:00</time>
				<extensions>
					<swisstopo:routepoint_id>531660948</swisstopo:routepoint_id>
				</extensions>
			</trkpt>
			<trkpt lat="46.2557407628" lon="8.0717505393">
				<ele>2719.9</ele>
				<time>1970-01-01T01:00:00+01:00</time>
				<extensions>
					<swisstopo:routepoint_id>396843295</swisstopo:routepoint_id>
				</extensions>
			</trkpt>
			<trkpt lat="46.2557219822" lon="8.0716607680">
				<ele>2718.3</ele>
				<time>1970-01-01T01:00:00+01:00</time>
				<extensions>
					<swisstopo:routepoint_id>2097200672</swisstopo:routepoint_id>
				</extensions>
			</trkpt>
			<trkpt lat="46.2557087417" lon="8.0716029638">
				<ele>2717.0</ele>
				<time>1970-01-01T01:00:00+01:00</time>
				<extensions>
					<swisstopo:routepoint_id>32889834</swisstopo:routepoint_id>
				</extensions>
			</trkpt>
			<trkpt lat="46.2556947897" lon="8.0715451515">
				<ele>2715.5</ele>
				<time>1970-01-01T01:00:00+01:00</time>
				<extensions>
					<swisstopo:routepoint_id>498209239</swisstopo:routepoint_id>
				</extensions>
			</trkpt>
			<trkpt lat="46.2556722236" lon="8.0714944451">
				<ele>2713.8</ele>
				<time>1970-01-01T01:00:00+01:00</time>
				<extensions>
					<swisstopo:routepoint_id>808729439</swisstopo:routepoint_id>
				</extensions>
			</trkpt>
			<trkpt lat="46.2556532010" lon="8.0714479089">
				<ele>2712.1</ele>
				<time>1970-01-01T01:00:00+01:00</time>
				<extensions>
					<swisstopo:routepoint_id>1137951014</swisstopo:routepoint_id>
				</extensions>
			</trkpt>
			<trkpt lat="46.2556471309" lon="8.0713850336">
				<ele>2710.9</ele>
				<time>1970-01-01T01:00:00+01:00</time>
				<extensions>
					<swisstopo:routepoint_id>566381249</swisstopo:routepoint_id>
				</extensions>
			</trkpt>
			<trkpt lat="46.2556460790" lon="8.0713171003">
				<ele>2710.1</ele>
				<time>1970-01-01T01:00:00+01:00</time>
				<extensions>
					<swisstopo:routepoint_id>1168861705</swisstopo:routepoint_id>
				</extensions>
			</trkpt>
			<trkpt lat="46.2556422299" lon="8.0712388125">
				<ele>2708.8</ele>
				<time>1970-01-01T01:00:00+01:00</time>
				<extensions>
					<swisstopo:routepoint_id>974281982</swisstopo:routepoint_id>
				</extensions>
			</trkpt>
			<trkpt lat="46.2556376518" lon="8.0711636192">
				<ele>2707.8</ele>
				<time>1970-01-01T01:00:00+01:00</time>
				<extensions>
					<swisstopo:routepoint_id>199816576</swisstopo:routepoint_id>
				</extensions>
			</trkpt>
			<trkpt lat="46.2556344684" lon="8.0710966615">
				<ele>2706.8</ele>
				<time>1970-01-01T01:00:00+01:00</time>
				<extensions>
					<swisstopo:routepoint_id>767884159</swisstopo:routepoint_id>
				</extensions>
			</trkpt>
			<trkpt lat="46.2556275769" lon="8.0710502537">
				<ele>2706.0</ele>
				<time>1970-01-01T01:00:00+01:00</time>
				<extensions>
					<swisstopo:routepoint_id>578267280</swisstopo:routepoint_id>
				</extensions>
			</trkpt>
			<trkpt lat="46.2556137078" lon="8.0709759783">
				<ele>2704.8</ele>
				<time>1970-01-01T01:00:00+01:00</time>
				<extensions>
					<swisstopo:routepoint_id>24858933</swisstopo:routepoint_id>
				</extensions>
			</trkpt>
			<trkpt lat="46.2555933885" lon="8.0709067826">
				<ele>2703.2</ele>
				<time>1970-01-01T01:00:00+01:00</time>
				<extensions>
					<swisstopo:routepoint_id>930000965</swisstopo:routepoint_id>
				</extensions>
			</trkpt>
			<trkpt lat="46.2555646424" lon="8.0708127673">
				<ele>2701.1</ele>
				<time>1970-01-01T01:00:00+01:00</time>
				<extensions>
					<swisstopo:routepoint_id>421248373</swisstopo:routepoint_id>
				</extensions>
			</trkpt>
			<trkpt lat="46.2555394569" lon="8.0707198322">
				<ele>2698.9</ele>
				<time>1970-01-01T01:00:00+01:00</time>
				<extensions>
					<swisstopo:routepoint_id>192802071</swisstopo:routepoint_id>
				</extensions>
			</trkpt>
			<trkpt lat="46.2555120360" lon="8.0706433478">
				<ele>2696.8</ele>
				<time>1970-01-01T01:00:00+01:00</time>
				<extensions>
					<swisstopo:routepoint_id>248369107</swisstopo:routepoint_id>
				</extensions>
			</trkpt>
			<trkpt lat="46.2554938944" lon="8.0705679846">
				<ele>2695.0</ele>
				<time>1970-01-01T01:00:00+01:00</time>
				<extensions>
					<swisstopo:routepoint_id>1567339818</swisstopo:routepoint_id>
				</extensions>
			</trkpt>
			<trkpt lat="46.2554828281" lon="8.0705030126">
				<ele>2693.6</ele>
				<time>1970-01-01T01:00:00+01:00</time>
				<extensions>
					<swisstopo:routepoint_id>1230221362</swisstopo:routepoint_id>
				</extensions>
			</trkpt>
			<trkpt lat="46.2554773770" lon="8.0704566217">
				<ele>2692.5</ele>
				<time>1970-01-01T01:00:00+01:00</time>
				<extensions>
					<swisstopo:routepoint_id>1492166410</swisstopo:routepoint_id>
				</extensions>
			</trkpt>
			<trkpt lat="46.2554641303" lon="8.0703998439">
				<ele>2691.0</ele>
				<time>1970-01-01T01:00:00+01:00</time>
				<extensions>
					<swisstopo:routepoint_id>300132471</swisstopo:routepoint_id>
				</extensions>
			</trkpt>
			<trkpt lat="46.2554445509" lon="8.0703255026">
				<ele>2689.0</ele>
				<time>1970-01-01T01:00:00+01:00</time>
				<extensions>
					<swisstopo:routepoint_id>1865643505</swisstopo:routepoint_id>
				</extensions>
			</trkpt>
			<trkpt lat="46.2554179274" lon="8.0702335769">
				<ele>2686.6</ele>
				<time>1970-01-01T01:00:00+01:00</time>
				<extensions>
					<swisstopo:routepoint_id>509666255</swisstopo:routepoint_id>
				</extensions>
			</trkpt>
			<trkpt lat="46.2554040321" lon="8.0701654821">
				<ele>2684.6</ele>
				<time>1970-01-01T01:00:00+01:00</time>
				<extensions>
					<swisstopo:routepoint_id>198412004</swisstopo:routepoint_id>
				</extensions>
			</trkpt>
			<trkpt lat="46.2553894566" lon="8.0700901732">
				<ele>2682.6</ele>
				<time>1970-01-01T01:00:00+01:00</time>
				<extensions>
					<swisstopo:routepoint_id>723424373</swisstopo:routepoint_id>
				</extensions>
			</trkpt>
			<trkpt lat="46.2553669531" lon="8.0700281336">
				<ele>2680.8</ele>
				<time>1970-01-01T01:00:00+01:00</time>
				<extensions>
					<swisstopo:routepoint_id>1948833252</swisstopo:routepoint_id>
				</extensions>
			</trkpt>
			<trkpt lat="46.2553451842" lon="8.0699619993">
				<ele>2679.0</ele>
				<time>1970-01-01T01:00:00+01:00</time>
				<extensions>
					<swisstopo:routepoint_id>1786933541</swisstopo:routepoint_id>
				</extensions>
			</trkpt>
			<trkpt lat="46.2553189961" lon="8.0699194967">
				<ele>2677.7</ele>
				<time>1970-01-01T01:00:00+01:00</time>
				<extensions>
					<swisstopo:routepoint_id>1751329601</swisstopo:routepoint_id>
				</extensions>
			</trkpt>
			<trkpt lat="46.2552877930" lon="8.0698831036">
				<ele>2676.4</ele>
				<time>1970-01-01T01:00:00+01:00</time>
				<extensions>
					<swisstopo:routepoint_id>1035570280</swisstopo:routepoint_id>
				</extensions>
			</trkpt>
			<trkpt lat="46.2552509396" lon="8.0698312068">
				<ele>2675.0</ele>
				<time>1970-01-01T01:00:00+01:00</time>
				<extensions>
					<swisstopo:routepoint_id>1872239106</swisstopo:routepoint_id>
				</extensions>
			</trkpt>
			<trkpt lat="46.2552247577" lon="8.0697907561">
				<ele>2674.4</ele>
				<time>1970-01-01T01:00:00+01:00</time>
				<extensions>
					<swisstopo:routepoint_id>498771113</swisstopo:routepoint_id>
				</extensions>
			</trkpt>
			<trkpt lat="46.2551843608" lon="8.0697347023">
				<ele>2673.4</ele>
				<time>1970-01-01T01:00:00+01:00</time>
				<extensions>
					<swisstopo:routepoint_id>2046117704</swisstopo:routepoint_id>
				</extensions>
			</trkpt>
			<trkpt lat="46.2551652486" lon="8.0697056559">
				<ele>2672.7</ele>
				<time>1970-01-01T01:00:00+01:00</time>
				<extensions>
					<swisstopo:routepoint_id>1288471233</swisstopo:routepoint_id>
				</extensions>
			</trkpt>
			<trkpt lat="46.2551427851" lon="8.0696364237">
				<ele>2671.4</ele>
				<time>1970-01-01T01:00:00+01:00</time>
				<extensions>
					<swisstopo:routepoint_id>1042422468</swisstopo:routepoint_id>
				</extensions>
			</trkpt>
			<trkpt lat="46.2551373451" lon="8.0695879943">
				<ele>2670.4</ele>
				<time>1970-01-01T01:00:00+01:00</time>
				<extensions>
					<swisstopo:routepoint_id>2079311637</swisstopo:routepoint_id>
				</extensions>
			</trkpt>
			<trkpt lat="46.2551140437" lon="8.0695413968">
				<ele>2669.3</ele>
				<time>1970-01-01T01:00:00+01:00</time>
				<extensions>
					<swisstopo:routepoint_id>1787351381</swisstopo:routepoint_id>
				</extensions>
			</trkpt>
			<trkpt lat="46.2550942858" lon="8.0694989564">
				<ele>2668.3</ele>
				<time>1970-01-01T01:00:00+01:00</time>
				<extensions>
					<swisstopo:routepoint_id>163669031</swisstopo:routepoint_id>
				</extensions>
			</trkpt>
			<trkpt lat="46.2550660002" lon="8.0694481980">
				<ele>2667.2</ele>
				<time>1970-01-01T01:00:00+01:00</time>
				<extensions>
					<swisstopo:routepoint_id>366564673</swisstopo:routepoint_id>
				</extensions>
			</trkpt>
			<trkpt lat="46.2550576450" lon="8.0694120701">
				<ele>2666.5</ele>
				<time>1970-01-01T01:00:00+01:00</time>
				<extensions>
					<swisstopo:routepoint_id>400977546</swisstopo:routepoint_id>
				</extensions>
			</trkpt>
			<trkpt lat="46.2550493757" lon="8.0693574151">
				<ele>2665.2</ele>
				<time>1970-01-01T01:00:00+01:00</time>
				<extensions>
					<swisstopo:routepoint_id>396014702</swisstopo:routepoint_id>
				</extensions>
			</trkpt>
			<trkpt lat="46.2550360449" lon="8.0693140235">
				<ele>2664.3</ele>
				<time>1970-01-01T01:00:00+01:00</time>
				<extensions>
					<swisstopo:routepoint_id>174957643</swisstopo:routepoint_id>
				</extensions>
			</trkpt>
			<trkpt lat="46.2550135210" lon="8.0692571517">
				<ele>2663.1</ele>
				<time>1970-01-01T01:00:00+01:00</time>
				<extensions>
					<swisstopo:routepoint_id>1985366842</swisstopo:routepoint_id>
				</extensions>
			</trkpt>
			<trkpt lat="46.2549972836" lon="8.0692229843">
				<ele>2662.2</ele>
				<time>1970-01-01T01:00:00+01:00</time>
				<extensions>
					<swisstopo:routepoint_id>157018907</swisstopo:routepoint_id>
				</extensions>
			</trkpt>
			<trkpt lat="46.2549803174" lon="8.0691919113">
				<ele>2661.8</ele>
				<time>1970-01-01T01:00:00+01:00</time>
				<extensions>
					<swisstopo:routepoint_id>1979540510</swisstopo:routepoint_id>
				</extensions>
			</trkpt>
			<trkpt lat="46.2549626682" lon="8.0691556760">
				<ele>2661.2</ele>
				<time>1970-01-01T01:00:00+01:00</time>
				<extensions>
					<swisstopo:routepoint_id>681631858</swisstopo:routepoint_id>
				</extensions>
			</trkpt>
			<trkpt lat="46.2549735173" lon="8.0691321315">
				<ele>2660.7</ele>
				<time>1970-01-01T01:00:00+01:00</time>
				<extensions>
					<swisstopo:routepoint_id>1001392202</swisstopo:routepoint_id>
				</extensions>
			</trkpt>
			<trkpt lat="46.2549993467" lon="8.0691097865">
				<ele>2659.7</ele>
				<time>1970-01-01T01:00:00+01:00</time>
				<extensions>
					<swisstopo:routepoint_id>1110064357</swisstopo:routepoint_id>
				</extensions>
			</trkpt>
			<trkpt lat="46.2550058829" lon="8.0690892695">
				<ele>2659.0</ele>
				<time>1970-01-01T01:00:00+01:00</time>
				<extensions>
					<swisstopo:routepoint_id>903686345</swisstopo:routepoint_id>
				</extensions>
			</trkpt>
			<trkpt lat="46.2550103590" lon="8.0690553549">
				<ele>2658.1</ele>
				<time>1970-01-01T01:00:00+01:00</time>
				<extensions>
					<swisstopo:routepoint_id>1267207347</swisstopo:routepoint_id>
				</extensions>
			</trkpt>
			<trkpt lat="46.2550105942" lon="8.0690131591">
				<ele>2656.8</ele>
				<time>1970-01-01T01:00:00+01:00</time>
				<extensions>
					<swisstopo:routepoint_id>1512061504</swisstopo:routepoint_id>
				</extensions>
			</trkpt>
			<trkpt lat="46.2550143704" lon="8.0689771593">
				<ele>2656.1</ele>
				<time>1970-01-01T01:00:00+01:00</time>
				<extensions>
					<swisstopo:routepoint_id>982500154</swisstopo:routepoint_id>
				</extensions>
			</trkpt>
			<trkpt lat="46.2550117017" lon="8.0689421360">
				<ele>2655.6</ele>
				<time>1970-01-01T01:00:00+01:00</time>
				<extensions>
					<swisstopo:routepoint_id>101720467</swisstopo:routepoint_id>
				</extensions>
			</trkpt>
			<trkpt lat="46.2550055556" lon="8.0688926601">
				<ele>2654.6</ele>
				<time>1970-01-01T01:00:00+01:00</time>
				<extensions>
					<swisstopo:routepoint_id>1142219132</swisstopo:routepoint_id>
				</extensions>
			</trkpt>
			<trkpt lat="46.2550022959" lon="8.0688359989">
				<ele>2653.1</ele>
				<time>1970-01-01T01:00:00+01:00</time>
				<extensions>
					<swisstopo:routepoint_id>708316651</swisstopo:routepoint_id>
				</extensions>
			</trkpt>
			<trkpt lat="46.2550017878" lon="8.0687979105">
				<ele>2652.0</ele>
				<time>1970-01-01T01:00:00+01:00</time>
				<extensions>
					<swisstopo:routepoint_id>558962111</swisstopo:routepoint_id>
				</extensions>
			</trkpt>
			<trkpt lat="46.2549941867" lon="8.0687525337">
				<ele>2651.0</ele>
				<time>1970-01-01T01:00:00+01:00</time>
				<extensions>
					<swisstopo:routepoint_id>1119578420</swisstopo:routepoint_id>
				</extensions>
			</trkpt>
			<trkpt lat="46.2550030586" lon="8.0686991031">
				<ele>2649.1</ele>
				<time>1970-01-01T01:00:00+01:00</time>
				<extensions>
					<swisstopo:routepoint_id>913262972</swisstopo:routepoint_id>
				</extensions>
			</trkpt>
			<trkpt lat="46.2550055690" lon="8.0686332508">
				<ele>2646.9</ele>
				<time>1970-01-01T01:00:00+01:00</time>
				<extensions>
					<swisstopo:routepoint_id>2062178082</swisstopo:routepoint_id>
				</extensions>
			</trkpt>
			<trkpt lat="46.2550122885" lon="8.0685798079">
				<ele>2645.0</ele>
				<time>1970-01-01T01:00:00+01:00</time>
				<extensions>
					<swisstopo:routepoint_id>1252558488</swisstopo:routepoint_id>
				</extensions>
			</trkpt>
			<trkpt lat="46.2550225807" lon="8.0685284454">
				<ele>2643.3</ele>
				<time>1970-01-01T01:00:00+01:00</time>
				<extensions>
					<swisstopo:routepoint_id>1136936224</swisstopo:routepoint_id>
				</extensions>
			</trkpt>
			<trkpt lat="46.2550184742" lon="8.0684944440">
				<ele>2642.5</ele>
				<time>1970-01-01T01:00:00+01:00</time>
				<extensions>
					<swisstopo:routepoint_id>583767873</swisstopo:routepoint_id>
				</extensions>
			</trkpt>
			<trkpt lat="46.2550029599" lon="8.0684613237">
				<ele>2642.0</ele>
				<time>1970-01-01T01:00:00+01:00</time>
				<extensions>
					<swisstopo:routepoint_id>1603832293</swisstopo:routepoint_id>
				</extensions>
			</trkpt>
			<trkpt lat="46.2549860509" lon="8.0684199427">
				<ele>2641.2</ele>
				<time>1970-01-01T01:00:00+01:00</time>
				<extensions>
					<swisstopo:routepoint_id>2114289714</swisstopo:routepoint_id>
				</extensions>
			</trkpt>
			<trkpt lat="46.2549569073" lon="8.0683969484">
				<ele>2641.2</ele>
				<time>1970-01-01T01:00:00+01:00</time>
				<extensions>
					<swisstopo:routepoint_id>1648603500</swisstopo:routepoint_id>
				</extensions>
			</trkpt>
			<trkpt lat="46.2549292295" lon="8.0683647259">
				<ele>2640.4</ele>
				<time>1970-01-01T01:00:00+01:00</time>
				<extensions>
					<swisstopo:routepoint_id>878753437</swisstopo:routepoint_id>
				</extensions>
			</trkpt>
			<trkpt lat="46.2549151153" lon="8.0683357379">
				<ele>2639.5</ele>
				<time>1970-01-01T01:00:00+01:00</time>
				<extensions>
					<swisstopo:routepoint_id>1712746964</swisstopo:routepoint_id>
				</extensions>
			</trkpt>
			<trkpt lat="46.2549060281" lon="8.0683016664">
				<ele>2638.6</ele>
				<time>1970-01-01T01:00:00+01:00</time>
				<extensions>
					<swisstopo:routepoint_id>1386373835</swisstopo:routepoint_id>
				</extensions>
			</trkpt>
			<trkpt lat="46.2548832485" lon="8.0682890421">
				<ele>2638.0</ele>
				<time>1970-01-01T01:00:00+01:00</time>
				<extensions>
					<swisstopo:routepoint_id>1915137977</swisstopo:routepoint_id>
				</extensions>
			</trkpt>
			<trkpt lat="46.2548727092" lon="8.0682570180">
				<ele>2636.9</ele>
				<time>1970-01-01T01:00:00+01:00</time>
				<extensions>
					<swisstopo:routepoint_id>191607029</swisstopo:routepoint_id>
				</extensions>
			</trkpt>
			<trkpt lat="46.2548764564" lon="8.0682261725">
				<ele>2636.1</ele>
				<time>1970-01-01T01:00:00+01:00</time>
				<extensions>
					<swisstopo:routepoint_id>563094352</swisstopo:routepoint_id>
				</extensions>
			</trkpt>
			<trkpt lat="46.2548873708" lon="8.0681892548">
				<ele>2635.3</ele>
				<time>1970-01-01T01:00:00+01:00</time>
				<extensions>
					<swisstopo:routepoint_id>238995794</swisstopo:routepoint_id>
				</extensions>
			</trkpt>
			<trkpt lat="46.2548919155" lon="8.0681429802">
				<ele>2634.3</ele>
				<time>1970-01-01T01:00:00+01:00</time>
				<extensions>
					<swisstopo:routepoint_id>342900781</swisstopo:routepoint_id>
				</extensions>
			</trkpt>
			<trkpt lat="46.2548829741" lon="8.0680811117">
				<ele>2632.9</ele>
				<time>1970-01-01T01:00:00+01:00</time>
				<extensions>
					<swisstopo:routepoint_id>1303734984</swisstopo:routepoint_id>
				</extensions>
			</trkpt>
			<trkpt lat="46.2548804255" lon="8.0680244714">
				<ele>2631.8</ele>
				<time>1970-01-01T01:00:00+01:00</time>
				<extensions>
					<swisstopo:routepoint_id>1303110353</swisstopo:routepoint_id>
				</extensions>
			</trkpt>
			<trkpt lat="46.2548764282" lon="8.0679739695">
				<ele>2630.7</ele>
				<time>1970-01-01T01:00:00+01:00</time>
				<extensions>
					<swisstopo:routepoint_id>869476153</swisstopo:routepoint_id>
				</extensions>
			</trkpt>
			<trkpt lat="46.2548759572" lon="8.0679307397">
				<ele>2629.8</ele>
				<time>1970-01-01T01:00:00+01:00</time>
				<extensions>
					<swisstopo:routepoint_id>1925429160</swisstopo:routepoint_id>
				</extensions>
			</trkpt>
			<trkpt lat="46.2548740600" lon="8.0678864677">
				<ele>2629.1</ele>
				<time>1970-01-01T01:00:00+01:00</time>
				<extensions>
					<swisstopo:routepoint_id>1881668503</swisstopo:routepoint_id>
				</extensions>
			</trkpt>
			<trkpt lat="46.2548700939" lon="8.0678287727">
				<ele>2628.2</ele>
				<time>1970-01-01T01:00:00+01:00</time>
				<extensions>
					<swisstopo:routepoint_id>1745486500</swisstopo:routepoint_id>
				</extensions>
			</trkpt>
			<trkpt lat="46.2548724493" lon="8.0677907048">
				<ele>2627.7</ele>
				<time>1970-01-01T01:00:00+01:00</time>
				<extensions>
					<swisstopo:routepoint_id>2068669839</swisstopo:routepoint_id>
				</extensions>
			</trkpt>
			<trkpt lat="46.2548869701" lon="8.0677466099">
				<ele>2626.9</ele>
				<time>1970-01-01T01:00:00+01:00</time>
				<extensions>
					<swisstopo:routepoint_id>1165486879</swisstopo:routepoint_id>
				</extensions>
			</trkpt>
			<trkpt lat="46.2548929693" lon="8.0676962362">
				<ele>2626.0</ele>
				<time>1970-01-01T01:00:00+01:00</time>
				<extensions>
					<swisstopo:routepoint_id>369842372</swisstopo:routepoint_id>
				</extensions>
			</trkpt>
			<trkpt lat="46.2548896804" lon="8.0676447293">
				<ele>2625.0</ele>
				<time>1970-01-01T01:00:00+01:00</time>
				<extensions>
					<swisstopo:routepoint_id>274183503</swisstopo:routepoint_id>
				</extensions>
			</trkpt>
			<trkpt lat="46.2548806701" lon="8.0675952079">
				<ele>2623.6</ele>
				<time>1970-01-01T01:00:00+01:00</time>
				<extensions>
					<swisstopo:routepoint_id>1690242004</swisstopo:routepoint_id>
				</extensions>
			</trkpt>
			<trkpt lat="46.2548808761" lon="8.0675581663">
				<ele>2622.9</ele>
				<time>1970-01-01T01:00:00+01:00</time>
				<extensions>
					<swisstopo:routepoint_id>22640712</swisstopo:routepoint_id>
				</extensions>
			</trkpt>
			<trkpt lat="46.2548861008" lon="8.0675191058">
				<ele>2622.5</ele>
				<time>1970-01-01T01:00:00+01:00</time>
				<extensions>
					<swisstopo:routepoint_id>1942537327</swisstopo:routepoint_id>
				</extensions>
			</trkpt>
			<trkpt lat="46.2548885330" lon="8.0674656007">
				<ele>2622.2</ele>
				<time>1970-01-01T01:00:00+01:00</time>
				<extensions>
					<swisstopo:routepoint_id>644267676</swisstopo:routepoint_id>
				</extensions>
			</trkpt>
			<trkpt lat="46.2548852241" lon="8.0674192480">
				<ele>2622.1</ele>
				<time>1970-01-01T01:00:00+01:00</time>
				<extensions>
					<swisstopo:routepoint_id>2014503580</swisstopo:routepoint_id>
				</extensions>
			</trkpt>
			<trkpt lat="46.2548784944" lon="8.0673450444">
				<ele>2621.9</ele>
				<time>1970-01-01T01:00:00+01:00</time>
				<extensions>
					<swisstopo:routepoint_id>1923810395</swisstopo:routepoint_id>
				</extensions>
			</trkpt>
			<trkpt lat="46.2548687266" lon="8.0673037590">
				<ele>2621.4</ele>
				<time>1970-01-01T01:00:00+01:00</time>
				<extensions>
					<swisstopo:routepoint_id>1478410209</swisstopo:routepoint_id>
				</extensions>
			</trkpt>
			<trkpt lat="46.2548746882" lon="8.0672585393">
				<ele>2621.3</ele>
				<time>1970-01-01T01:00:00+01:00</time>
				<extensions>
					<swisstopo:routepoint_id>1796209843</swisstopo:routepoint_id>
				</extensions>
			</trkpt>
			<trkpt lat="46.2548749456" lon="8.0672122278">
				<ele>2620.9</ele>
				<time>1970-01-01T01:00:00+01:00</time>
				<extensions>
					<swisstopo:routepoint_id>1170130158</swisstopo:routepoint_id>
				</extensions>
			</trkpt>
			<trkpt lat="46.2548731199" lon="8.0671566218">
				<ele>2620.5</ele>
				<time>1970-01-01T01:00:00+01:00</time>
				<extensions>
					<swisstopo:routepoint_id>1082648021</swisstopo:routepoint_id>
				</extensions>
			</trkpt>
			<trkpt lat="46.2548648183" lon="8.0671091604">
				<ele>2620.1</ele>
				<time>1970-01-01T01:00:00+01:00</time>
				<extensions>
					<swisstopo:routepoint_id>725078856</swisstopo:routepoint_id>
				</extensions>
			</trkpt>
			<trkpt lat="46.2548558934" lon="8.0670442146">
				<ele>2619.9</ele>
				<time>1970-01-01T01:00:00+01:00</time>
				<extensions>
					<swisstopo:routepoint_id>401542750</swisstopo:routepoint_id>
				</extensions>
			</trkpt>
			<trkpt lat="46.2548397296" lon="8.0669966751">
				<ele>2619.5</ele>
				<time>1970-01-01T01:00:00+01:00</time>
				<extensions>
					<swisstopo:routepoint_id>262229664</swisstopo:routepoint_id>
				</extensions>
			</trkpt>
			<trkpt lat="46.2548163585" lon="8.0669624389">
				<ele>2619.3</ele>
				<time>1970-01-01T01:00:00+01:00</time>
				<extensions>
					<swisstopo:routepoint_id>1111099107</swisstopo:routepoint_id>
				</extensions>
			</trkpt>
			<trkpt lat="46.2547829793" lon="8.0669301387">
				<ele>2618.8</ele>
				<time>1970-01-01T01:00:00+01:00</time>
				<extensions>
					<swisstopo:routepoint_id>1521139935</swisstopo:routepoint_id>
				</extensions>
			</trkpt>
			<trkpt lat="46.2547495398" lon="8.0669071083">
				<ele>2618.2</ele>
				<time>1970-01-01T01:00:00+01:00</time>
				<extensions>
					<swisstopo:routepoint_id>823279483</swisstopo:routepoint_id>
				</extensions>
			</trkpt>
			<trkpt lat="46.2547282319" lon="8.0668873083">
				<ele>2617.9</ele>
				<time>1970-01-01T01:00:00+01:00</time>
				<extensions>
					<swisstopo:routepoint_id>1676142183</swisstopo:routepoint_id>
				</extensions>
			</trkpt>
			<trkpt lat="46.2546956302" lon="8.0668447210">
				<ele>2616.9</ele>
				<time>1970-01-01T01:00:00+01:00</time>
				<extensions>
					<swisstopo:routepoint_id>1996189896</swisstopo:routepoint_id>
				</extensions>
			</trkpt>
			<trkpt lat="46.2546671376" lon="8.0668310182">
				<ele>2616.4</ele>
				<time>1970-01-01T01:00:00+01:00</time>
				<extensions>
					<swisstopo:routepoint_id>1406843016</swisstopo:routepoint_id>
				</extensions>
			</trkpt>
			<trkpt lat="46.2546309433" lon="8.0667914797">
				<ele>2615.5</ele>
				<time>1970-01-01T01:00:00+01:00</time>
				<extensions>
					<swisstopo:routepoint_id>1083369089</swisstopo:routepoint_id>
				</extensions>
			</trkpt>
			<trkpt lat="46.2546111329" lon="8.0667583106">
				<ele>2614.8</ele>
				<time>1970-01-01T01:00:00+01:00</time>
				<extensions>
					<swisstopo:routepoint_id>1620908276</swisstopo:routepoint_id>
				</extensions>
			</trkpt>
			<trkpt lat="46.2545906910" lon="8.0667107219">
				<ele>2614.0</ele>
				<time>1970-01-01T01:00:00+01:00</time>
				<extensions>
					<swisstopo:routepoint_id>1525789471</swisstopo:routepoint_id>
				</extensions>
			</trkpt>
			<trkpt lat="46.2545730925" lon="8.0666652304">
				<ele>2613.0</ele>
				<time>1970-01-01T01:00:00+01:00</time>
				<extensions>
					<swisstopo:routepoint_id>1568925497</swisstopo:routepoint_id>
				</extensions>
			</trkpt>
			<trkpt lat="46.2545633645" lon="8.0666167271">
				<ele>2611.8</ele>
				<time>1970-01-01T01:00:00+01:00</time>
				<extensions>
					<swisstopo:routepoint_id>1271473300</swisstopo:routepoint_id>
				</extensions>
			</trkpt>
			<trkpt lat="46.2545437141" lon="8.0665547482">
				<ele>2610.2</ele>
				<time>1970-01-01T01:00:00+01:00</time>
				<extensions>
					<swisstopo:routepoint_id>2004242969</swisstopo:routepoint_id>
				</extensions>
			</trkpt>
			<trkpt lat="46.2545289591" lon="8.0665113412">
				<ele>2609.1</ele>
				<time>1970-01-01T01:00:00+01:00</time>
				<extensions>
					<swisstopo:routepoint_id>716181624</swisstopo:routepoint_id>
				</extensions>
			</trkpt>
			<trkpt lat="46.2545155616" lon="8.0664813364">
				<ele>2608.4</ele>
				<time>1970-01-01T01:00:00+01:00</time>
				<extensions>
					<swisstopo:routepoint_id>1375644128</swisstopo:routepoint_id>
				</extensions>
			</trkpt>
			<trkpt lat="46.2544877237" lon="8.0664810152">
				<ele>2607.4</ele>
				<time>1970-01-01T01:00:00+01:00</time>
				<extensions>
					<swisstopo:routepoint_id>1794486335</swisstopo:routepoint_id>
				</extensions>
			</trkpt>
			<trkpt lat="46.2544583507" lon="8.0664961143">
				<ele>2606.4</ele>
				<time>1970-01-01T01:00:00+01:00</time>
				<extensions>
					<swisstopo:routepoint_id>1622728523</swisstopo:routepoint_id>
				</extensions>
			</trkpt>
			<trkpt lat="46.2544267979" lon="8.0665225104">
				<ele>2605.5</ele>
				<time>1970-01-01T01:00:00+01:00</time>
				<extensions>
					<swisstopo:routepoint_id>347201660</swisstopo:routepoint_id>
				</extensions>
			</trkpt>
			<trkpt lat="46.2544010172" lon="8.0665345733">
				<ele>2604.9</ele>
				<time>1970-01-01T01:00:00+01:00</time>
				<extensions>
					<swisstopo:routepoint_id>479129824</swisstopo:routepoint_id>
				</extensions>
			</trkpt>
			<trkpt lat="46.2543753483" lon="8.0665280969">
				<ele>2604.2</ele>
				<time>1970-01-01T01:00:00+01:00</time>
				<extensions>
					<swisstopo:routepoint_id>1045974328</swisstopo:routepoint_id>
				</extensions>
			</trkpt>
			<trkpt lat="46.2543541002" lon="8.0664959372">
				<ele>2603.4</ele>
				<time>1970-01-01T01:00:00+01:00</time>
				<extensions>
					<swisstopo:routepoint_id>155620780</swisstopo:routepoint_id>
				</extensions>
			</trkpt>
			<trkpt lat="46.2543357704" lon="8.0664555794">
				<ele>2602.5</ele>
				<time>1970-01-01T01:00:00+01:00</time>
				<extensions>
					<swisstopo:routepoint_id>18726931</swisstopo:routepoint_id>
				</extensions>
			</trkpt>
			<trkpt lat="46.2543094725" lon="8.0664326319">
				<ele>2601.6</ele>
				<time>1970-01-01T01:00:00+01:00</time>
				<extensions>
					<swisstopo:routepoint_id>1313341115</swisstopo:routepoint_id>
				</extensions>
			</trkpt>
			<trkpt lat="46.2542867327" lon="8.0664128157">
				<ele>2600.9</ele>
				<time>1970-01-01T01:00:00+01:00</time>
				<extensions>
					<swisstopo:routepoint_id>218293737</swisstopo:routepoint_id>
				</extensions>
			</trkpt>
			<trkpt lat="46.2542653963" lon="8.0663981574">
				<ele>2600.2</ele>
				<time>1970-01-01T01:00:00+01:00</time>
				<extensions>
					<swisstopo:routepoint_id>753680237</swisstopo:routepoint_id>
				</extensions>
			</trkpt>
			<trkpt lat="46.2542368324" lon="8.0663988537">
				<ele>2599.2</ele>
				<time>1970-01-01T01:00:00+01:00</time>
				<extensions>
					<swisstopo:routepoint_id>395762188</swisstopo:routepoint_id>
				</extensions>
			</trkpt>
			<trkpt lat="46.2542068194" lon="8.0664026360">
				<ele>2598.4</ele>
				<time>1970-01-01T01:00:00+01:00</time>
				<extensions>
					<swisstopo:routepoint_id>1071130987</swisstopo:routepoint_id>
				</extensions>
			</trkpt>
			<trkpt lat="46.2541798246" lon="8.0663786421">
				<ele>2597.8</ele>
				<time>1970-01-01T01:00:00+01:00</time>
				<extensions>
					<swisstopo:routepoint_id>768587408</swisstopo:routepoint_id>
				</extensions>
			</trkpt>
			<trkpt lat="46.2541556472" lon="8.0663598352">
				<ele>2597.5</ele>
				<time>1970-01-01T01:00:00+01:00</time>
				<extensions>
					<swisstopo:routepoint_id>820418356</swisstopo:routepoint_id>
				</extensions>
			</trkpt>
			<trkpt lat="46.2541328447" lon="8.0663513276">
				<ele>2596.9</ele>
				<time>1970-01-01T01:00:00+01:00</time>
				<extensions>
					<swisstopo:routepoint_id>1761463396</swisstopo:routepoint_id>
				</extensions>
			</trkpt>
			<trkpt lat="46.2541071041" lon="8.0663561851">
				<ele>2595.9</ele>
				<time>1970-01-01T01:00:00+01:00</time>
				<extensions>
					<swisstopo:routepoint_id>1027886463</swisstopo:routepoint_id>
				</extensions>
			</trkpt>
			<trkpt lat="46.2540743821" lon="8.0663352280">
				<ele>2594.7</ele>
				<time>1970-01-01T01:00:00+01:00</time>
				<extensions>
					<swisstopo:routepoint_id>1586433829</swisstopo:routepoint_id>
				</extensions>
			</trkpt>
			<trkpt lat="46.2540481413" lon="8.0663019852">
				<ele>2593.5</ele>
				<time>1970-01-01T01:00:00+01:00</time>
				<extensions>
					<swisstopo:routepoint_id>1582440572</swisstopo:routepoint_id>
				</extensions>
			</trkpt>
			<trkpt lat="46.2540196631" lon="8.0662872319">
				<ele>2592.8</ele>
				<time>1970-01-01T01:00:00+01:00</time>
				<extensions>
					<swisstopo:routepoint_id>1672433687</swisstopo:routepoint_id>
				</extensions>
			</trkpt>
			<trkpt lat="46.2539804679" lon="8.0662723805">
				<ele>2592.2</ele>
				<time>1970-01-01T01:00:00+01:00</time>
				<extensions>
					<swisstopo:routepoint_id>1563920115</swisstopo:routepoint_id>
				</extensions>
			</trkpt>
			<trkpt lat="46.2539469202" lon="8.0662719936">
				<ele>2591.8</ele>
				<time>1970-01-01T01:00:00+01:00</time>
				<extensions>
					<swisstopo:routepoint_id>592773093</swisstopo:routepoint_id>
				</extensions>
			</trkpt>
			<trkpt lat="46.2539169301" lon="8.0662716476">
				<ele>2591.6</ele>
				<time>1970-01-01T01:00:00+01:00</time>
				<extensions>
					<swisstopo:routepoint_id>375281619</swisstopo:routepoint_id>
				</extensions>
			</trkpt>
			<trkpt lat="46.2538940989" lon="8.0662682942">
				<ele>2591.7</ele>
				<time>1970-01-01T01:00:00+01:00</time>
				<extensions>
					<swisstopo:routepoint_id>2028537192</swisstopo:routepoint_id>
				</extensions>
			</trkpt>
			<trkpt lat="46.2538763176" lon="8.0662557286">
				<ele>2591.8</ele>
				<time>1970-01-01T01:00:00+01:00</time>
				<extensions>
					<swisstopo:routepoint_id>1661927240</swisstopo:routepoint_id>
				</extensions>
			</trkpt>
			<trkpt lat="46.2538555441" lon="8.0662678494">
				<ele>2591.6</ele>
				<time>1970-01-01T01:00:00+01:00</time>
				<extensions>
					<swisstopo:routepoint_id>349434976</swisstopo:routepoint_id>
				</extensions>
			</trkpt>
			<trkpt lat="46.2538161890" lon="8.0662817949">
				<ele>2591.4</ele>
				<time>1970-01-01T01:00:00+01:00</time>
				<extensions>
					<swisstopo:routepoint_id>1669030150</swisstopo:routepoint_id>
				</extensions>
			</trkpt>
			<trkpt lat="46.2537775826" lon="8.0662906326">
				<ele>2591.8</ele>
				<time>1970-01-01T01:00:00+01:00</time>
				<extensions>
					<swisstopo:routepoint_id>852743873</swisstopo:routepoint_id>
				</extensions>
			</trkpt>
			<trkpt lat="46.2537433145" lon="8.0662902373">
				<ele>2591.8</ele>
				<time>1970-01-01T01:00:00+01:00</time>
				<extensions>
					<swisstopo:routepoint_id>2043312820</swisstopo:routepoint_id>
				</extensions>
			</trkpt>
			<trkpt lat="46.2537068517" lon="8.0662990744">
				<ele>2592.2</ele>
				<time>1970-01-01T01:00:00+01:00</time>
				<extensions>
					<swisstopo:routepoint_id>209756634</swisstopo:routepoint_id>
				</extensions>
			</trkpt>
			<trkpt lat="46.2536668993" lon="8.0662924334">
				<ele>2592.4</ele>
				<time>1970-01-01T01:00:00+01:00</time>
				<extensions>
					<swisstopo:routepoint_id>1240936749</swisstopo:routepoint_id>
				</extensions>
			</trkpt>
			<trkpt lat="46.2536276469" lon="8.0662878647">
				<ele>2592.8</ele>
				<time>1970-01-01T01:00:00+01:00</time>
				<extensions>
					<swisstopo:routepoint_id>1028442467</swisstopo:routepoint_id>
				</extensions>
			</trkpt>
			<trkpt lat="46.2535913326" lon="8.0662699438">
				<ele>2593.1</ele>
				<time>1970-01-01T01:00:00+01:00</time>
				<extensions>
					<swisstopo:routepoint_id>1315356511</swisstopo:routepoint_id>
				</extensions>
			</trkpt>
			<trkpt lat="46.2535599765" lon="8.0662592860">
				<ele>2592.9</ele>
				<time>1970-01-01T01:00:00+01:00</time>
				<extensions>
					<swisstopo:routepoint_id>576754195</swisstopo:routepoint_id>
				</extensions>
			</trkpt>
			<trkpt lat="46.2535263858" lon="8.0662650788">
				<ele>2592.9</ele>
				<time>1970-01-01T01:00:00+01:00</time>
				<extensions>
					<swisstopo:routepoint_id>191580880</swisstopo:routepoint_id>
				</extensions>
			</trkpt>
			<trkpt lat="46.2534864790" lon="8.0662502066">
				<ele>2592.7</ele>
				<time>1970-01-01T01:00:00+01:00</time>
				<extensions>
					<swisstopo:routepoint_id>460402893</swisstopo:routepoint_id>
				</extensions>
			</trkpt>
			<trkpt lat="46.2534486699" lon="8.0662436030">
				<ele>2592.5</ele>
				<time>1970-01-01T01:00:00+01:00</time>
				<extensions>
					<swisstopo:routepoint_id>1880116861</swisstopo:routepoint_id>
				</extensions>
			</trkpt>
			<trkpt lat="46.2534066685" lon="8.0662215007">
				<ele>2592.4</ele>
				<time>1970-01-01T01:00:00+01:00</time>
				<extensions>
					<swisstopo:routepoint_id>2084810691</swisstopo:routepoint_id>
				</extensions>
			</trkpt>
			<trkpt lat="46.2533689395" lon="8.0662004609">
				<ele>2592.1</ele>
				<time>1970-01-01T01:00:00+01:00</time>
				<extensions>
					<swisstopo:routepoint_id>1412530342</swisstopo:routepoint_id>
				</extensions>
			</trkpt>
			<trkpt lat="46.2533254746" lon="8.0661824703">
				<ele>2592.0</ele>
				<time>1970-01-01T01:00:00+01:00</time>
				<extensions>
					<swisstopo:routepoint_id>917578926</swisstopo:routepoint_id>
				</extensions>
			</trkpt>
			<trkpt lat="46.2532961249" lon="8.0661965437">
				<ele>2592.8</ele>
				<time>1970-01-01T01:00:00+01:00</time>
				<extensions>
					<swisstopo:routepoint_id>1294646398</swisstopo:routepoint_id>
				</extensions>
			</trkpt>
			<trkpt lat="46.2532633941" lon="8.0661755869">
				<ele>2592.2</ele>
				<time>1970-01-01T01:00:00+01:00</time>
				<extensions>
					<swisstopo:routepoint_id>2132576477</swisstopo:routepoint_id>
				</extensions>
			</trkpt>
			<trkpt lat="46.2532249648" lon="8.0661525001">
				<ele>2592.0</ele>
				<time>1970-01-01T01:00:00+01:00</time>
				<extensions>
					<swisstopo:routepoint_id>1722827480</swisstopo:routepoint_id>
				</extensions>
			</trkpt>
			<trkpt lat="46.2531815316" lon="8.0661303815">
				<ele>2592.2</ele>
				<time>1970-01-01T01:00:00+01:00</time>
				<extensions>
					<swisstopo:routepoint_id>1457151238</swisstopo:routepoint_id>
				</extensions>
			</trkpt>
			<trkpt lat="46.2531480893" lon="8.0661094039">
				<ele>2591.8</ele>
				<time>1970-01-01T01:00:00+01:00</time>
				<extensions>
					<swisstopo:routepoint_id>1888184593</swisstopo:routepoint_id>
				</extensions>
			</trkpt>
			<trkpt lat="46.2531246348" lon="8.0660885541">
				<ele>2591.2</ele>
				<time>1970-01-01T01:00:00+01:00</time>
				<extensions>
					<swisstopo:routepoint_id>1381468175</swisstopo:routepoint_id>
				</extensions>
			</trkpt>
			<trkpt lat="46.2530976799" lon="8.0660573428">
				<ele>2590.8</ele>
				<time>1970-01-01T01:00:00+01:00</time>
				<extensions>
					<swisstopo:routepoint_id>179022824</swisstopo:routepoint_id>
				</extensions>
			</trkpt>
			<trkpt lat="46.2530550323" lon="8.0660218726">
				<ele>2590.2</ele>
				<time>1970-01-01T01:00:00+01:00</time>
				<extensions>
					<swisstopo:routepoint_id>1502936424</swisstopo:routepoint_id>
				</extensions>
			</trkpt>
			<trkpt lat="46.2530237562" lon="8.0659968042">
				<ele>2589.7</ele>
				<time>1970-01-01T01:00:00+01:00</time>
				<extensions>
					<swisstopo:routepoint_id>22513713</swisstopo:routepoint_id>
				</extensions>
			</trkpt>
			<trkpt lat="46.2530045487" lon="8.0659831968">
				<ele>2589.4</ele>
				<time>1970-01-01T01:00:00+01:00</time>
				<extensions>
					<swisstopo:routepoint_id>989667479</swisstopo:routepoint_id>
				</extensions>
			</trkpt>
			<trkpt lat="46.2529789425" lon="8.0659653997">
				<ele>2589.3</ele>
				<time>1970-01-01T01:00:00+01:00</time>
				<extensions>
					<swisstopo:routepoint_id>1297152067</swisstopo:routepoint_id>
				</extensions>
			</trkpt>
			<trkpt lat="46.2529491267" lon="8.0659352193">
				<ele>2588.8</ele>
				<time>1970-01-01T01:00:00+01:00</time>
				<extensions>
					<swisstopo:routepoint_id>1682866571</swisstopo:routepoint_id>
				</extensions>
			</trkpt>
			<trkpt lat="46.2529249894" lon="8.0659091949">
				<ele>2588.6</ele>
				<time>1970-01-01T01:00:00+01:00</time>
				<extensions>
					<swisstopo:routepoint_id>1078329501</swisstopo:routepoint_id>
				</extensions>
			</trkpt>
			<trkpt lat="46.2528987827" lon="8.0658697859">
				<ele>2587.9</ele>
				<time>1970-01-01T01:00:00+01:00</time>
				<extensions>
					<swisstopo:routepoint_id>25846643</swisstopo:routepoint_id>
				</extensions>
			</trkpt>
			<trkpt lat="46.2528796240" lon="8.0658489606">
				<ele>2587.6</ele>
				<time>1970-01-01T01:00:00+01:00</time>
				<extensions>
					<swisstopo:routepoint_id>359507042</swisstopo:routepoint_id>
				</extensions>
			</trkpt>
			<trkpt lat="46.2528526346" lon="8.0658239545">
				<ele>2587.7</ele>
				<time>1970-01-01T01:00:00+01:00</time>
				<extensions>
					<swisstopo:routepoint_id>809183366</swisstopo:routepoint_id>
				</extensions>
			</trkpt>
			<trkpt lat="46.2528369935" lon="8.0658103882">
				<ele>2587.6</ele>
				<time>1970-01-01T01:00:00+01:00</time>
				<extensions>
					<swisstopo:routepoint_id>453605803</swisstopo:routepoint_id>
				</extensions>
			</trkpt>
			<trkpt lat="46.2528128990" lon="8.0657782096">
				<ele>2587.0</ele>
				<time>1970-01-01T01:00:00+01:00</time>
				<extensions>
					<swisstopo:routepoint_id>1459273516</swisstopo:routepoint_id>
				</extensions>
			</trkpt>
			<trkpt lat="46.2527837633" lon="8.0657521278">
				<ele>2586.5</ele>
				<time>1970-01-01T01:00:00+01:00</time>
				<extensions>
					<swisstopo:routepoint_id>1759290772</swisstopo:routepoint_id>
				</extensions>
			</trkpt>
			<trkpt lat="46.2527796477" lon="8.0657212052">
				<ele>2585.7</ele>
				<time>1970-01-01T01:00:00+01:00</time>
				<extensions>
					<swisstopo:routepoint_id>1014870353</swisstopo:routepoint_id>
				</extensions>
			</trkpt>
			<trkpt lat="46.2527707080" lon="8.0656603779">
				<ele>2584.2</ele>
				<time>1970-01-01T01:00:00+01:00</time>
				<extensions>
					<swisstopo:routepoint_id>1041883771</swisstopo:routepoint_id>
				</extensions>
			</trkpt>
			<trkpt lat="46.2527559641" lon="8.0656149211">
				<ele>2583.0</ele>
				<time>1970-01-01T01:00:00+01:00</time>
				<extensions>
					<swisstopo:routepoint_id>664182554</swisstopo:routepoint_id>
				</extensions>
			</trkpt>
			<trkpt lat="46.2527333725" lon="8.0655683357">
				<ele>2581.9</ele>
				<time>1970-01-01T01:00:00+01:00</time>
				<extensions>
					<swisstopo:routepoint_id>836861587</swisstopo:routepoint_id>
				</extensions>
			</trkpt>
			<trkpt lat="46.2527107981" lon="8.0655186729">
				<ele>2580.6</ele>
				<time>1970-01-01T01:00:00+01:00</time>
				<extensions>
					<swisstopo:routepoint_id>854953618</swisstopo:routepoint_id>
				</extensions>
			</trkpt>
			<trkpt lat="46.2526996035" lon="8.0654763346">
				<ele>2579.6</ele>
				<time>1970-01-01T01:00:00+01:00</time>
				<extensions>
					<swisstopo:routepoint_id>844120982</swisstopo:routepoint_id>
				</extensions>
			</trkpt>
			<trkpt lat="46.2526990745" lon="8.0654433892">
				<ele>2579.1</ele>
				<time>1970-01-01T01:00:00+01:00</time>
				<extensions>
					<swisstopo:routepoint_id>254253837</swisstopo:routepoint_id>
				</extensions>
			</trkpt>
			<trkpt lat="46.2526971396" lon="8.0654073376">
				<ele>2578.3</ele>
				<time>1970-01-01T01:00:00+01:00</time>
				<extensions>
					<swisstopo:routepoint_id>1195356199</swisstopo:routepoint_id>
				</extensions>
			</trkpt>
			<trkpt lat="46.2526888455" lon="8.0653568138">
				<ele>2577.1</ele>
				<time>1970-01-01T01:00:00+01:00</time>
				<extensions>
					<swisstopo:routepoint_id>962537934</swisstopo:routepoint_id>
				</extensions>
			</trkpt>
			<trkpt lat="46.2526719466" lon="8.0653133839">
				<ele>2575.9</ele>
				<time>1970-01-01T01:00:00+01:00</time>
				<extensions>
					<swisstopo:routepoint_id>790164293</swisstopo:routepoint_id>
				</extensions>
			</trkpt>
			<trkpt lat="46.2526622066" lon="8.0652669466">
				<ele>2574.5</ele>
				<time>1970-01-01T01:00:00+01:00</time>
				<extensions>
					<swisstopo:routepoint_id>1427437512</swisstopo:routepoint_id>
				</extensions>
			</trkpt>
			<trkpt lat="46.2526438618" lon="8.0652276287">
				<ele>2572.9</ele>
				<time>1970-01-01T01:00:00+01:00</time>
				<extensions>
					<swisstopo:routepoint_id>1342235094</swisstopo:routepoint_id>
				</extensions>
			</trkpt>
			<trkpt lat="46.2526190299" lon="8.0651985067">
				<ele>2571.8</ele>
				<time>1970-01-01T01:00:00+01:00</time>
				<extensions>
					<swisstopo:routepoint_id>1984978807</swisstopo:routepoint_id>
				</extensions>
			</trkpt>
			<trkpt lat="46.2526263198" lon="8.0651718442">
				<ele>2570.9</ele>
				<time>1970-01-01T01:00:00+01:00</time>
				<extensions>
					<swisstopo:routepoint_id>244391884</swisstopo:routepoint_id>
				</extensions>
			</trkpt>
			<trkpt lat="46.2526199923" lon="8.0651532311">
				<ele>2570.4</ele>
				<time>1970-01-01T01:00:00+01:00</time>
				<extensions>
					<swisstopo:routepoint_id>341359304</swisstopo:routepoint_id>
				</extensions>
			</trkpt>
			<trkpt lat="46.2525943118" lon="8.0651488196">
				<ele>2569.4</ele>
				<time>1970-01-01T01:00:00+01:00</time>
				<extensions>
					<swisstopo:routepoint_id>1278128414</swisstopo:routepoint_id>
				</extensions>
			</trkpt>
			<trkpt lat="46.2525800626" lon="8.0651424755">
				<ele>2568.6</ele>
				<time>1970-01-01T01:00:00+01:00</time>
				<extensions>
					<swisstopo:routepoint_id>385248169</swisstopo:routepoint_id>
				</extensions>
			</trkpt>
			<trkpt lat="46.2525731006" lon="8.0651115204">
				<ele>2567.7</ele>
				<time>1970-01-01T01:00:00+01:00</time>
				<extensions>
					<swisstopo:routepoint_id>1358954462</swisstopo:routepoint_id>
				</extensions>
			</trkpt>
			<trkpt lat="46.2525646925" lon="8.0650815744">
				<ele>2566.3</ele>
				<time>1970-01-01T01:00:00+01:00</time>
				<extensions>
					<swisstopo:routepoint_id>1336838993</swisstopo:routepoint_id>
				</extensions>
			</trkpt>
			<trkpt lat="46.2525734541" lon="8.0650477103">
				<ele>2565.4</ele>
				<time>1970-01-01T01:00:00+01:00</time>
				<extensions>
					<swisstopo:routepoint_id>205784356</swisstopo:routepoint_id>
				</extensions>
			</trkpt>
			<trkpt lat="46.2525621085" lon="8.0650341938">
				<ele>2564.9</ele>
				<time>1970-01-01T01:00:00+01:00</time>
				<extensions>
					<swisstopo:routepoint_id>487130790</swisstopo:routepoint_id>
				</extensions>
			</trkpt>
			<trkpt lat="46.2525463818" lon="8.0650360769">
				<ele>2564.4</ele>
				<time>1970-01-01T01:00:00+01:00</time>
				<extensions>
					<swisstopo:routepoint_id>2058821625</swisstopo:routepoint_id>
				</extensions>
			</trkpt>
			<trkpt lat="46.2525200525" lon="8.0650203365">
				<ele>2563.1</ele>
				<time>1970-01-01T01:00:00+01:00</time>
				<extensions>
					<swisstopo:routepoint_id>1271305424</swisstopo:routepoint_id>
				</extensions>
			</trkpt>
			<trkpt lat="46.2524994503" lon="8.0650015592">
				<ele>2561.8</ele>
				<time>1970-01-01T01:00:00+01:00</time>
				<extensions>
					<swisstopo:routepoint_id>1323359528</swisstopo:routepoint_id>
				</extensions>
			</trkpt>
			<trkpt lat="46.2524818139" lon="8.0649612111">
				<ele>2560.1</ele>
				<time>1970-01-01T01:00:00+01:00</time>
				<extensions>
					<swisstopo:routepoint_id>269146135</swisstopo:routepoint_id>
				</extensions>
			</trkpt>
			<trkpt lat="46.2524654673" lon="8.0649497014">
				<ele>2559.4</ele>
				<time>1970-01-01T01:00:00+01:00</time>
				<extensions>
					<swisstopo:routepoint_id>1719724488</swisstopo:routepoint_id>
				</extensions>
			</trkpt>
			<trkpt lat="46.2524498431" lon="8.0649330457">
				<ele>2558.5</ele>
				<time>1970-01-01T01:00:00+01:00</time>
				<extensions>
					<swisstopo:routepoint_id>1047717174</swisstopo:routepoint_id>
				</extensions>
			</trkpt>
			<trkpt lat="46.2524457273" lon="8.0649021234">
				<ele>2557.8</ele>
				<time>1970-01-01T01:00:00+01:00</time>
				<extensions>
					<swisstopo:routepoint_id>1197376242</swisstopo:routepoint_id>
				</extensions>
			</trkpt>
			<trkpt lat="46.2524409258" lon="8.0648681033">
				<ele>2557.0</ele>
				<time>1970-01-01T01:00:00+01:00</time>
				<extensions>
					<swisstopo:routepoint_id>1586219098</swisstopo:routepoint_id>
				</extensions>
			</trkpt>
			<trkpt lat="46.2524253415" lon="8.0648442548">
				<ele>2556.4</ele>
				<time>1970-01-01T01:00:00+01:00</time>
				<extensions>
					<swisstopo:routepoint_id>417389745</swisstopo:routepoint_id>
				</extensions>
			</trkpt>
			<trkpt lat="46.2524096350" lon="8.0648440741">
				<ele>2555.9</ele>
				<time>1970-01-01T01:00:00+01:00</time>
				<extensions>
					<swisstopo:routepoint_id>1095108218</swisstopo:routepoint_id>
				</extensions>
			</trkpt>
			<trkpt lat="46.2523904303" lon="8.0648315057">
				<ele>2555.3</ele>
				<time>1970-01-01T01:00:00+01:00</time>
				<extensions>
					<swisstopo:routepoint_id>178008766</swisstopo:routepoint_id>
				</extensions>
			</trkpt>
			<trkpt lat="46.2523784525" lon="8.0648004803">
				<ele>2554.5</ele>
				<time>1970-01-01T01:00:00+01:00</time>
				<extensions>
					<swisstopo:routepoint_id>186930153</swisstopo:routepoint_id>
				</extensions>
			</trkpt>
			<trkpt lat="46.2523636143" lon="8.0647735506">
				<ele>2553.7</ele>
				<time>1970-01-01T01:00:00+01:00</time>
				<extensions>
					<swisstopo:routepoint_id>1967545220</swisstopo:routepoint_id>
				</extensions>
			</trkpt>
			<trkpt lat="46.2523402224" lon="8.0647413682">
				<ele>2552.5</ele>
				<time>1970-01-01T01:00:00+01:00</time>
				<extensions>
					<swisstopo:routepoint_id>582607749</swisstopo:routepoint_id>
				</extensions>
			</trkpt>
			<trkpt lat="46.2523310942" lon="8.0647145041">
				<ele>2551.5</ele>
				<time>1970-01-01T01:00:00+01:00</time>
				<extensions>
					<swisstopo:routepoint_id>1807081067</swisstopo:routepoint_id>
				</extensions>
			</trkpt>
			<trkpt lat="46.2523205513" lon="8.0646845211">
				<ele>2550.4</ele>
				<time>1970-01-01T01:00:00+01:00</time>
				<extensions>
					<swisstopo:routepoint_id>2029066695</swisstopo:routepoint_id>
				</extensions>
			</trkpt>
			<trkpt lat="46.2522977770" lon="8.0646708859">
				<ele>2549.4</ele>
				<time>1970-01-01T01:00:00+01:00</time>
				<extensions>
					<swisstopo:routepoint_id>1611573192</swisstopo:routepoint_id>
				</extensions>
			</trkpt>
			<trkpt lat="46.2522756004" lon="8.0646778366">
				<ele>2548.5</ele>
				<time>1970-01-01T01:00:00+01:00</time>
				<extensions>
					<swisstopo:routepoint_id>1915402334</swisstopo:routepoint_id>
				</extensions>
			</trkpt>
			<trkpt lat="46.2522563159" lon="8.0646796790">
				<ele>2547.6</ele>
				<time>1970-01-01T01:00:00+01:00</time>
				<extensions>
					<swisstopo:routepoint_id>1767786488</swisstopo:routepoint_id>
				</extensions>
			</trkpt>
			<trkpt lat="46.2522376886" lon="8.0646897605">
				<ele>2546.6</ele>
				<time>1970-01-01T01:00:00+01:00</time>
				<extensions>
					<swisstopo:routepoint_id>952669133</swisstopo:routepoint_id>
				</extensions>
			</trkpt>
			<trkpt lat="46.2522132831" lon="8.0647121229">
				<ele>2545.5</ele>
				<time>1970-01-01T01:00:00+01:00</time>
				<extensions>
					<swisstopo:routepoint_id>1183045628</swisstopo:routepoint_id>
				</extensions>
			</trkpt>
			<trkpt lat="46.2521988602" lon="8.0647387159">
				<ele>2544.8</ele>
				<time>1970-01-01T01:00:00+01:00</time>
				<extensions>
					<swisstopo:routepoint_id>1000875790</swisstopo:routepoint_id>
				</extensions>
			</trkpt>
			<trkpt lat="46.2521786161" lon="8.0647837693">
				<ele>2543.5</ele>
				<time>1970-01-01T01:00:00+01:00</time>
				<extensions>
					<swisstopo:routepoint_id>706850393</swisstopo:routepoint_id>
				</extensions>
			</trkpt>
			<trkpt lat="46.2521670338" lon="8.0648114207">
				<ele>2542.8</ele>
				<time>1970-01-01T01:00:00+01:00</time>
				<extensions>
					<swisstopo:routepoint_id>2006627363</swisstopo:routepoint_id>
				</extensions>
			</trkpt>
			<trkpt lat="46.2521467870" lon="8.0648585383">
				<ele>2541.9</ele>
				<time>1970-01-01T01:00:00+01:00</time>
				<extensions>
					<swisstopo:routepoint_id>1129888490</swisstopo:routepoint_id>
				</extensions>
			</trkpt>
			<trkpt lat="46.2521351393" lon="8.0648995748">
				<ele>2541.1</ele>
				<time>1970-01-01T01:00:00+01:00</time>
				<extensions>
					<swisstopo:routepoint_id>2088773069</swisstopo:routepoint_id>
				</extensions>
			</trkpt>
			<trkpt lat="46.2521219938" lon="8.0649508898">
				<ele>2539.9</ele>
				<time>1970-01-01T01:00:00+01:00</time>
				<extensions>
					<swisstopo:routepoint_id>179463812</swisstopo:routepoint_id>
				</extensions>
			</trkpt>
			<trkpt lat="46.2521088742" lon="8.0649991277">
				<ele>2538.9</ele>
				<time>1970-01-01T01:00:00+01:00</time>
				<extensions>
					<swisstopo:routepoint_id>871823671</swisstopo:routepoint_id>
				</extensions>
			</trkpt>
			<trkpt lat="46.2520985412" lon="8.0650597324">
				<ele>2537.7</ele>
				<time>1970-01-01T01:00:00+01:00</time>
				<extensions>
					<swisstopo:routepoint_id>1425501015</swisstopo:routepoint_id>
				</extensions>
			</trkpt>
			<trkpt lat="46.2520947125" lon="8.0651070388">
				<ele>2537.1</ele>
				<time>1970-01-01T01:00:00+01:00</time>
				<extensions>
					<swisstopo:routepoint_id>1081962580</swisstopo:routepoint_id>
				</extensions>
			</trkpt>
			<trkpt lat="46.2520843565" lon="8.0651717716">
				<ele>2536.5</ele>
				<time>1970-01-01T01:00:00+01:00</time>
				<extensions>
					<swisstopo:routepoint_id>1311254910</swisstopo:routepoint_id>
				</extensions>
			</trkpt>
			<trkpt lat="46.2520791528" lon="8.0652087664">
				<ele>2536.0</ele>
				<time>1970-01-01T01:00:00+01:00</time>
				<extensions>
					<swisstopo:routepoint_id>1789675490</swisstopo:routepoint_id>
				</extensions>
			</trkpt>
			<trkpt lat="46.2520739408" lon="8.0652488510">
				<ele>2535.5</ele>
				<time>1970-01-01T01:00:00+01:00</time>
				<extensions>
					<swisstopo:routepoint_id>1699064584</swisstopo:routepoint_id>
				</extensions>
			</trkpt>
			<trkpt lat="46.2520623868" lon="8.0652713611">
				<ele>2535.0</ele>
				<time>1970-01-01T01:00:00+01:00</time>
				<extensions>
					<swisstopo:routepoint_id>275642354</swisstopo:routepoint_id>
				</extensions>
			</trkpt>
			<trkpt lat="46.2520515557" lon="8.0652918279">
				<ele>2534.6</ele>
				<time>1970-01-01T01:00:00+01:00</time>
				<extensions>
					<swisstopo:routepoint_id>1219253541</swisstopo:routepoint_id>
				</extensions>
			</trkpt>
			<trkpt lat="46.2520412941" lon="8.0653411117">
				<ele>2533.9</ele>
				<time>1970-01-01T01:00:00+01:00</time>
				<extensions>
					<swisstopo:routepoint_id>133505389</swisstopo:routepoint_id>
				</extensions>
			</trkpt>
			<trkpt lat="46.2520418573" lon="8.0653678898">
				<ele>2534.0</ele>
				<time>1970-01-01T01:00:00+01:00</time>
				<extensions>
					<swisstopo:routepoint_id>630327429</swisstopo:routepoint_id>
				</extensions>
			</trkpt>
			<trkpt lat="46.2520473276" lon="8.0654111747">
				<ele>2533.7</ele>
				<time>1970-01-01T01:00:00+01:00</time>
				<extensions>
					<swisstopo:routepoint_id>102268023</swisstopo:routepoint_id>
				</extensions>
			</trkpt>
			<trkpt lat="46.2520385744" lon="8.0654450513">
				<ele>2533.2</ele>
				<time>1970-01-01T01:00:00+01:00</time>
				<extensions>
					<swisstopo:routepoint_id>1408210332</swisstopo:routepoint_id>
				</extensions>
			</trkpt>
			<trkpt lat="46.2520368858" lon="8.0654913565">
				<ele>2533.1</ele>
				<time>1970-01-01T01:00:00+01:00</time>
				<extensions>
					<swisstopo:routepoint_id>230459592</swisstopo:routepoint_id>
				</extensions>
			</trkpt>
			<trkpt lat="46.2520338229" lon="8.0655304274">
				<ele>2533.0</ele>
				<time>1970-01-01T01:00:00+01:00</time>
				<extensions>
					<swisstopo:routepoint_id>1275046646</swisstopo:routepoint_id>
				</extensions>
			</trkpt>
			<trkpt lat="46.2520222061" lon="8.0655642582">
				<ele>2532.8</ele>
				<time>1970-01-01T01:00:00+01:00</time>
				<extensions>
					<swisstopo:routepoint_id>1742884664</swisstopo:routepoint_id>
				</extensions>
			</trkpt>
			<trkpt lat="46.2520127155" lon="8.0656012035">
				<ele>2532.6</ele>
				<time>1970-01-01T01:00:00+01:00</time>
				<extensions>
					<swisstopo:routepoint_id>527332734</swisstopo:routepoint_id>
				</extensions>
			</trkpt>
			<trkpt lat="46.2520053056" lon="8.0656494943">
				<ele>2532.5</ele>
				<time>1970-01-01T01:00:00+01:00</time>
				<extensions>
					<swisstopo:routepoint_id>2085962172</swisstopo:routepoint_id>
				</extensions>
			</trkpt>
			<trkpt lat="46.2519930203" lon="8.0656771374">
				<ele>2532.1</ele>
				<time>1970-01-01T01:00:00+01:00</time>
				<extensions>
					<swisstopo:routepoint_id>1118518205</swisstopo:routepoint_id>
				</extensions>
			</trkpt>
			<trkpt lat="46.2519728214" lon="8.0657139720">
				<ele>2531.7</ele>
				<time>1970-01-01T01:00:00+01:00</time>
				<extensions>
					<swisstopo:routepoint_id>2039162380</swisstopo:routepoint_id>
				</extensions>
			</trkpt>
			<trkpt lat="46.2519647740" lon="8.0657488823">
				<ele>2531.4</ele>
				<time>1970-01-01T01:00:00+01:00</time>
				<extensions>
					<swisstopo:routepoint_id>261280207</swisstopo:routepoint_id>
				</extensions>
			</trkpt>
			<trkpt lat="46.2519477326" lon="8.0657311717">
				<ele>2530.5</ele>
				<time>1970-01-01T01:00:00+01:00</time>
				<extensions>
					<swisstopo:routepoint_id>658904059</swisstopo:routepoint_id>
				</extensions>
			</trkpt>
			<trkpt lat="46.2519410830" lon="8.0657722655">
				<ele>2530.1</ele>
				<time>1970-01-01T01:00:00+01:00</time>
				<extensions>
					<swisstopo:routepoint_id>732356706</swisstopo:routepoint_id>
				</extensions>
			</trkpt>
			<trkpt lat="46.2519358219" lon="8.0658195678">
				<ele>2530.0</ele>
				<time>1970-01-01T01:00:00+01:00</time>
				<extensions>
					<swisstopo:routepoint_id>766910698</swisstopo:routepoint_id>
				</extensions>
			</trkpt>
			<trkpt lat="46.2519327242" lon="8.0658617282">
				<ele>2530.2</ele>
				<time>1970-01-01T01:00:00+01:00</time>
				<extensions>
					<swisstopo:routepoint_id>245818740</swisstopo:routepoint_id>
				</extensions>
			</trkpt>
			<trkpt lat="46.2519302782" lon="8.0659162562">
				<ele>2530.7</ele>
				<time>1970-01-01T01:00:00+01:00</time>
				<extensions>
					<swisstopo:routepoint_id>1323901912</swisstopo:routepoint_id>
				</extensions>
			</trkpt>
			<trkpt lat="46.2519168121" lon="8.0658986121">
				<ele>2529.9</ele>
				<time>1970-01-01T01:00:00+01:00</time>
				<extensions>
					<swisstopo:routepoint_id>2018470947</swisstopo:routepoint_id>
				</extensions>
			</trkpt>
			<trkpt lat="46.2518983218" lon="8.0658839748">
				<ele>2529.2</ele>
				<time>1970-01-01T01:00:00+01:00</time>
				<extensions>
					<swisstopo:routepoint_id>765560971</swisstopo:routepoint_id>
				</extensions>
			</trkpt>
			<trkpt lat="46.2518860933" lon="8.0659013480">
				<ele>2528.8</ele>
				<time>1970-01-01T01:00:00+01:00</time>
				<extensions>
					<swisstopo:routepoint_id>1827163551</swisstopo:routepoint_id>
				</extensions>
			</trkpt>
			<trkpt lat="46.2518739222" lon="8.0659084008">
				<ele>2528.6</ele>
				<time>1970-01-01T01:00:00+01:00</time>
				<extensions>
					<swisstopo:routepoint_id>258064819</swisstopo:routepoint_id>
				</extensions>
			</trkpt>
			<trkpt lat="46.2518589671" lon="8.0659010353">
				<ele>2527.8</ele>
				<time>1970-01-01T01:00:00+01:00</time>
				<extensions>
					<swisstopo:routepoint_id>663272054</swisstopo:routepoint_id>
				</extensions>
			</trkpt>
			<trkpt lat="46.2518588244" lon="8.0659267540">
				<ele>2527.5</ele>
				<time>1970-01-01T01:00:00+01:00</time>
				<extensions>
					<swisstopo:routepoint_id>1244984880</swisstopo:routepoint_id>
				</extensions>
			</trkpt>
			<trkpt lat="46.2518577721" lon="8.0659549190">
				<ele>2527.2</ele>
				<time>1970-01-01T01:00:00+01:00</time>
				<extensions>
					<swisstopo:routepoint_id>1708052409</swisstopo:routepoint_id>
				</extensions>
			</trkpt>
			<trkpt lat="46.2518225172" lon="8.0659993807">
				<ele>2527.0</ele>
				<time>1970-01-01T01:00:00+01:00</time>
				<extensions>
					<swisstopo:routepoint_id>1783309173</swisstopo:routepoint_id>
				</extensions>
			</trkpt>
			<trkpt lat="46.2518025216" lon="8.0660106490">
				<ele>2527.5</ele>
				<time>1970-01-01T01:00:00+01:00</time>
				<extensions>
					<swisstopo:routepoint_id>1530381644</swisstopo:routepoint_id>
				</extensions>
			</trkpt>
			<trkpt lat="46.2517691493" lon="8.0660166342">
				<ele>2527.8</ele>
				<time>1970-01-01T01:00:00+01:00</time>
				<extensions>
					<swisstopo:routepoint_id>1035612556</swisstopo:routepoint_id>
				</extensions>
			</trkpt>
			<trkpt lat="46.2517404191" lon="8.0660156571">
				<ele>2527.3</ele>
				<time>1970-01-01T01:00:00+01:00</time>
				<extensions>
					<swisstopo:routepoint_id>570421949</swisstopo:routepoint_id>
				</extensions>
			</trkpt>
			<trkpt lat="46.2516917428" lon="8.0660169955">
				<ele>2527.2</ele>
				<time>1970-01-01T01:00:00+01:00</time>
				<extensions>
					<swisstopo:routepoint_id>1565559194</swisstopo:routepoint_id>
				</extensions>
			</trkpt>
			<trkpt lat="46.2516578866" lon="8.0660389569">
				<ele>2527.2</ele>
				<time>1970-01-01T01:00:00+01:00</time>
				<extensions>
					<swisstopo:routepoint_id>1792798572</swisstopo:routepoint_id>
				</extensions>
			</trkpt>
			<trkpt lat="46.2516304641" lon="8.0660239253">
				<ele>2526.3</ele>
				<time>1970-01-01T01:00:00+01:00</time>
				<extensions>
					<swisstopo:routepoint_id>1116985517</swisstopo:routepoint_id>
				</extensions>
			</trkpt>
			<trkpt lat="46.2516015729" lon="8.0659822955">
				<ele>2526.0</ele>
				<time>1970-01-01T01:00:00+01:00</time>
				<extensions>
					<swisstopo:routepoint_id>872778705</swisstopo:routepoint_id>
				</extensions>
			</trkpt>
			<trkpt lat="46.2515671582" lon="8.0659243924">
				<ele>2525.6</ele>
				<time>1970-01-01T01:00:00+01:00</time>
				<extensions>
					<swisstopo:routepoint_id>399867837</swisstopo:routepoint_id>
				</extensions>
			</trkpt>
			<trkpt lat="46.2515349594" lon="8.0658075140">
				<ele>2524.2</ele>
				<time>1970-01-01T01:00:00+01:00</time>
				<extensions>
					<swisstopo:routepoint_id>974705025</swisstopo:routepoint_id>
				</extensions>
			</trkpt>
			<trkpt lat="46.2515013143" lon="8.0656139653">
				<ele>2521.1</ele>
				<time>1970-01-01T01:00:00+01:00</time>
				<extensions>
					<swisstopo:routepoint_id>1812809316</swisstopo:routepoint_id>
				</extensions>
			</trkpt>
			<trkpt lat="46.2514778523" lon="8.0654470774">
				<ele>2518.2</ele>
				<time>1970-01-01T01:00:00+01:00</time>
				<extensions>
					<swisstopo:routepoint_id>1850610506</swisstopo:routepoint_id>
				</extensions>
			</trkpt>
			<trkpt lat="46.2514647616" lon="8.0652729135">
				<ele>2513.8</ele>
				<time>1970-01-01T01:00:00+01:00</time>
				<extensions>
					<swisstopo:routepoint_id>1336568122</swisstopo:routepoint_id>
				</extensions>
			</trkpt>
			<trkpt lat="46.2514520069" lon="8.0652378272">
				<ele>2512.4</ele>
				<time>1970-01-01T01:00:00+01:00</time>
				<extensions>
					<swisstopo:routepoint_id>624366459</swisstopo:routepoint_id>
				</extensions>
			</trkpt>
			<trkpt lat="46.2514431816" lon="8.0652102325">
				<ele>2511.4</ele>
				<time>1970-01-01T01:00:00+01:00</time>
				<extensions>
					<swisstopo:routepoint_id>635654001</swisstopo:routepoint_id>
				</extensions>
			</trkpt>
			<trkpt lat="46.2514230761" lon="8.0651921957">
				<ele>2510.3</ele>
				<time>1970-01-01T01:00:00+01:00</time>
				<extensions>
					<swisstopo:routepoint_id>1824681965</swisstopo:routepoint_id>
				</extensions>
			</trkpt>
			<trkpt lat="46.2514029882" lon="8.0651725508">
				<ele>2509.1</ele>
				<time>1970-01-01T01:00:00+01:00</time>
				<extensions>
					<swisstopo:routepoint_id>459614146</swisstopo:routepoint_id>
				</extensions>
			</trkpt>
			<trkpt lat="46.2513829093" lon="8.0651512978">
				<ele>2507.8</ele>
				<time>1970-01-01T01:00:00+01:00</time>
				<extensions>
					<swisstopo:routepoint_id>1306805674</swisstopo:routepoint_id>
				</extensions>
			</trkpt>
			<trkpt lat="46.2513718125" lon="8.0651293377">
				<ele>2506.9</ele>
				<time>1970-01-01T01:00:00+01:00</time>
				<extensions>
					<swisstopo:routepoint_id>1641853157</swisstopo:routepoint_id>
				</extensions>
			</trkpt>
			<trkpt lat="46.2513680295" lon="8.0651017884">
				<ele>2506.1</ele>
				<time>1970-01-01T01:00:00+01:00</time>
				<extensions>
					<swisstopo:routepoint_id>413085318</swisstopo:routepoint_id>
				</extensions>
			</trkpt>
			<trkpt lat="46.2513660045" lon="8.0650629379">
				<ele>2505.2</ele>
				<time>1970-01-01T01:00:00+01:00</time>
				<extensions>
					<swisstopo:routepoint_id>1555938442</swisstopo:routepoint_id>
				</extensions>
			</trkpt>
			<trkpt lat="46.2513600214" lon="8.0650297153">
				<ele>2504.0</ele>
				<time>1970-01-01T01:00:00+01:00</time>
				<extensions>
					<swisstopo:routepoint_id>895923398</swisstopo:routepoint_id>
				</extensions>
			</trkpt>
			<trkpt lat="46.2513518347" lon="8.0649867416">
				<ele>2502.7</ele>
				<time>1970-01-01T01:00:00+01:00</time>
				<extensions>
					<swisstopo:routepoint_id>1627741417</swisstopo:routepoint_id>
				</extensions>
			</trkpt>
			<trkpt lat="46.2513385115" lon="8.0649607035">
				<ele>2501.6</ele>
				<time>1970-01-01T01:00:00+01:00</time>
				<extensions>
					<swisstopo:routepoint_id>1644222009</swisstopo:routepoint_id>
				</extensions>
			</trkpt>
			<trkpt lat="46.2513156796" lon="8.0649305163">
				<ele>2500.1</ele>
				<time>1970-01-01T01:00:00+01:00</time>
				<extensions>
					<swisstopo:routepoint_id>1760406128</swisstopo:routepoint_id>
				</extensions>
			</trkpt>
			<trkpt lat="46.2513028292" lon="8.0649190469">
				<ele>2499.9</ele>
				<time>1970-01-01T01:00:00+01:00</time>
				<extensions>
					<swisstopo:routepoint_id>102288917</swisstopo:routepoint_id>
				</extensions>
			</trkpt>
			<trkpt lat="46.2512825934" lon="8.0649277041">
				<ele>2499.4</ele>
				<time>1970-01-01T01:00:00+01:00</time>
				<extensions>
					<swisstopo:routepoint_id>582178671</swisstopo:routepoint_id>
				</extensions>
			</trkpt>
			<trkpt lat="46.2512561689" lon="8.0649354920">
				<ele>2498.5</ele>
				<time>1970-01-01T01:00:00+01:00</time>
				<extensions>
					<swisstopo:routepoint_id>697496057</swisstopo:routepoint_id>
				</extensions>
			</trkpt>
			<trkpt lat="46.2512404354" lon="8.0649401612">
				<ele>2498.1</ele>
				<time>1970-01-01T01:00:00+01:00</time>
				<extensions>
					<swisstopo:routepoint_id>1027446529</swisstopo:routepoint_id>
				</extensions>
			</trkpt>
			<trkpt lat="46.2512303782" lon="8.0649319532">
				<ele>2498.3</ele>
				<time>1970-01-01T01:00:00+01:00</time>
				<extensions>
					<swisstopo:routepoint_id>1862086883</swisstopo:routepoint_id>
				</extensions>
			</trkpt>
			<trkpt lat="46.2512204236" lon="8.0649067772">
				<ele>2497.9</ele>
				<time>1970-01-01T01:00:00+01:00</time>
				<extensions>
					<swisstopo:routepoint_id>672439853</swisstopo:routepoint_id>
				</extensions>
			</trkpt>
			<trkpt lat="46.2512030484" lon="8.0649033353">
				<ele>2497.6</ele>
				<time>1970-01-01T01:00:00+01:00</time>
				<extensions>
					<swisstopo:routepoint_id>1212887223</swisstopo:routepoint_id>
				</extensions>
			</trkpt>
			<trkpt lat="46.2511867348" lon="8.0649112397">
				<ele>2497.6</ele>
				<time>1970-01-01T01:00:00+01:00</time>
				<extensions>
					<swisstopo:routepoint_id>2112306098</swisstopo:routepoint_id>
				</extensions>
			</trkpt>
			<trkpt lat="46.2511681546" lon="8.0649223472">
				<ele>2498.0</ele>
				<time>1970-01-01T01:00:00+01:00</time>
				<extensions>
					<swisstopo:routepoint_id>1390297631</swisstopo:routepoint_id>
				</extensions>
			</trkpt>
			<trkpt lat="46.2511473431" lon="8.0649318208">
				<ele>2498.3</ele>
				<time>1970-01-01T01:00:00+01:00</time>
				<extensions>
					<swisstopo:routepoint_id>1600920080</swisstopo:routepoint_id>
				</extensions>
			</trkpt>
			<trkpt lat="46.2511360404" lon="8.0649470518">
				<ele>2498.0</ele>
				<time>1970-01-01T01:00:00+01:00</time>
				<extensions>
					<swisstopo:routepoint_id>692780489</swisstopo:routepoint_id>
				</extensions>
			</trkpt>
			<trkpt lat="46.2511168083" lon="8.0649743360">
				<ele>2497.4</ele>
				<time>1970-01-01T01:00:00+01:00</time>
				<extensions>
					<swisstopo:routepoint_id>1392930735</swisstopo:routepoint_id>
				</extensions>
			</trkpt>
			<trkpt lat="46.2511027301" lon="8.0649846849">
				<ele>2496.6</ele>
				<time>1970-01-01T01:00:00+01:00</time>
				<extensions>
					<swisstopo:routepoint_id>142280492</swisstopo:routepoint_id>
				</extensions>
			</trkpt>
			<trkpt lat="46.2510915260" lon="8.0649805162">
				<ele>2495.4</ele>
				<time>1970-01-01T01:00:00+01:00</time>
				<extensions>
					<swisstopo:routepoint_id>1207453037</swisstopo:routepoint_id>
				</extensions>
			</trkpt>
			<trkpt lat="46.2510792914" lon="8.0649609619">
				<ele>2494.6</ele>
				<time>1970-01-01T01:00:00+01:00</time>
				<extensions>
					<swisstopo:routepoint_id>696740979</swisstopo:routepoint_id>
				</extensions>
			</trkpt>
			<trkpt lat="46.2510647544" lon="8.0649510563">
				<ele>2493.9</ele>
				<time>1970-01-01T01:00:00+01:00</time>
				<extensions>
					<swisstopo:routepoint_id>1785620551</swisstopo:routepoint_id>
				</extensions>
			</trkpt>
			<trkpt lat="46.2510163805" lon="8.0649501323">
				<ele>2493.4</ele>
				<time>1970-01-01T01:00:00+01:00</time>
				<extensions>
					<swisstopo:routepoint_id>1188442856</swisstopo:routepoint_id>
				</extensions>
			</trkpt>
			<trkpt lat="46.2509964358" lon="8.0649268421">
				<ele>2493.6</ele>
				<time>1970-01-01T01:00:00+01:00</time>
				<extensions>
					<swisstopo:routepoint_id>1214956504</swisstopo:routepoint_id>
				</extensions>
			</trkpt>
			<trkpt lat="46.2509809041" lon="8.0648935098">
				<ele>2493.2</ele>
				<time>1970-01-01T01:00:00+01:00</time>
				<extensions>
					<swisstopo:routepoint_id>1659369805</swisstopo:routepoint_id>
				</extensions>
			</trkpt>
			<trkpt lat="46.2509754832" lon="8.0648602813">
				<ele>2492.6</ele>
				<time>1970-01-01T01:00:00+01:00</time>
				<extensions>
					<swisstopo:routepoint_id>164752313</swisstopo:routepoint_id>
				</extensions>
			</trkpt>
			<trkpt lat="46.2509695450" lon="8.0648189674">
				<ele>2491.9</ele>
				<time>1970-01-01T01:00:00+01:00</time>
				<extensions>
					<swisstopo:routepoint_id>1476331975</swisstopo:routepoint_id>
				</extensions>
			</trkpt>
			<trkpt lat="46.2509528262" lon="8.0647969302">
				<ele>2491.9</ele>
				<time>1970-01-01T01:00:00+01:00</time>
				<extensions>
					<swisstopo:routepoint_id>182828807</swisstopo:routepoint_id>
				</extensions>
			</trkpt>
			<trkpt lat="46.2509293424" lon="8.0647829072">
				<ele>2491.9</ele>
				<time>1970-01-01T01:00:00+01:00</time>
				<extensions>
					<swisstopo:routepoint_id>46528827</swisstopo:routepoint_id>
				</extensions>
			</trkpt>
			<trkpt lat="46.2509114183" lon="8.0647770530">
				<ele>2491.8</ele>
				<time>1970-01-01T01:00:00+01:00</time>
				<extensions>
					<swisstopo:routepoint_id>1898350880</swisstopo:routepoint_id>
				</extensions>
			</trkpt>
			<trkpt lat="46.2508969260" lon="8.0647590938">
				<ele>2491.6</ele>
				<time>1970-01-01T01:00:00+01:00</time>
				<extensions>
					<swisstopo:routepoint_id>745929759</swisstopo:routepoint_id>
				</extensions>
			</trkpt>
			<trkpt lat="46.2508784217" lon="8.0647580577">
				<ele>2491.6</ele>
				<time>1970-01-01T01:00:00+01:00</time>
				<extensions>
					<swisstopo:routepoint_id>932827549</swisstopo:routepoint_id>
				</extensions>
			</trkpt>
			<trkpt lat="46.2508598817" lon="8.0647618968">
				<ele>2491.6</ele>
				<time>1970-01-01T01:00:00+01:00</time>
				<extensions>
					<swisstopo:routepoint_id>2059200080</swisstopo:routepoint_id>
				</extensions>
			</trkpt>
			<trkpt lat="46.2508414223" lon="8.0647511609">
				<ele>2491.4</ele>
				<time>1970-01-01T01:00:00+01:00</time>
				<extensions>
					<swisstopo:routepoint_id>1283000918</swisstopo:routepoint_id>
				</extensions>
			</trkpt>
			<trkpt lat="46.2508177909" lon="8.0647638312">
				<ele>2490.7</ele>
				<time>1970-01-01T01:00:00+01:00</time>
				<extensions>
					<swisstopo:routepoint_id>1525452499</swisstopo:routepoint_id>
				</extensions>
			</trkpt>
			<trkpt lat="46.2508031551" lon="8.0647717550">
				<ele>2490.7</ele>
				<time>1970-01-01T01:00:00+01:00</time>
				<extensions>
					<swisstopo:routepoint_id>1062043338</swisstopo:routepoint_id>
				</extensions>
			</trkpt>
			<trkpt lat="46.2507841291" lon="8.0647618230">
				<ele>2490.6</ele>
				<time>1970-01-01T01:00:00+01:00</time>
				<extensions>
					<swisstopo:routepoint_id>1062910071</swisstopo:routepoint_id>
				</extensions>
			</trkpt>
			<trkpt lat="46.2507618058" lon="8.0647397340">
				<ele>2490.1</ele>
				<time>1970-01-01T01:00:00+01:00</time>
				<extensions>
					<swisstopo:routepoint_id>1222326036</swisstopo:routepoint_id>
				</extensions>
			</trkpt>
			<trkpt lat="46.2507417535" lon="8.0647152399">
				<ele>2488.8</ele>
				<time>1970-01-01T01:00:00+01:00</time>
				<extensions>
					<swisstopo:routepoint_id>867575435</swisstopo:routepoint_id>
				</extensions>
			</trkpt>
			<trkpt lat="46.2507289703" lon="8.0646916271">
				<ele>2487.5</ele>
				<time>1970-01-01T01:00:00+01:00</time>
				<extensions>
					<swisstopo:routepoint_id>25056204</swisstopo:routepoint_id>
				</extensions>
			</trkpt>
			<trkpt lat="46.2507083153" lon="8.0646744202">
				<ele>2486.6</ele>
				<time>1970-01-01T01:00:00+01:00</time>
				<extensions>
					<swisstopo:routepoint_id>1962042953</swisstopo:routepoint_id>
				</extensions>
			</trkpt>
			<trkpt lat="46.2506949967" lon="8.0646475594">
				<ele>2485.8</ele>
				<time>1970-01-01T01:00:00+01:00</time>
				<extensions>
					<swisstopo:routepoint_id>1897264433</swisstopo:routepoint_id>
				</extensions>
			</trkpt>
			<trkpt lat="46.2506805445" lon="8.0646223319">
				<ele>2485.1</ele>
				<time>1970-01-01T01:00:00+01:00</time>
				<extensions>
					<swisstopo:routepoint_id>1429625870</swisstopo:routepoint_id>
				</extensions>
			</trkpt>
			<trkpt lat="46.2506537144" lon="8.0646034204">
				<ele>2484.4</ele>
				<time>1970-01-01T01:00:00+01:00</time>
				<extensions>
					<swisstopo:routepoint_id>1759450791</swisstopo:routepoint_id>
				</extensions>
			</trkpt>
			<trkpt lat="46.2506177544" lon="8.0646118966">
				<ele>2483.2</ele>
				<time>1970-01-01T01:00:00+01:00</time>
				<extensions>
					<swisstopo:routepoint_id>1419525608</swisstopo:routepoint_id>
				</extensions>
			</trkpt>
			<trkpt lat="46.2505823742" lon="8.0646187838">
				<ele>2482.1</ele>
				<time>1970-01-01T01:00:00+01:00</time>
				<extensions>
					<swisstopo:routepoint_id>2144850544</swisstopo:routepoint_id>
				</extensions>
			</trkpt>
			<trkpt lat="46.2505374277" lon="8.0646287650">
				<ele>2482.5</ele>
				<time>1970-01-01T01:00:00+01:00</time>
				<extensions>
					<swisstopo:routepoint_id>1458639587</swisstopo:routepoint_id>
				</extensions>
			</trkpt>
			<trkpt lat="46.2505115832" lon="8.0646349388">
				<ele>2482.2</ele>
				<time>1970-01-01T01:00:00+01:00</time>
				<extensions>
					<swisstopo:routepoint_id>1632811100</swisstopo:routepoint_id>
				</extensions>
			</trkpt>
			<trkpt lat="46.2504867379" lon="8.0646621583">
				<ele>2482.5</ele>
				<time>1970-01-01T01:00:00+01:00</time>
				<extensions>
					<swisstopo:routepoint_id>696189755</swisstopo:routepoint_id>
				</extensions>
			</trkpt>
			<trkpt lat="46.2504406576" lon="8.0646769890">
				<ele>2483.6</ele>
				<time>1970-01-01T01:00:00+01:00</time>
				<extensions>
					<swisstopo:routepoint_id>504143589</swisstopo:routepoint_id>
				</extensions>
			</trkpt>
			<trkpt lat="46.2504131355" lon="8.0646815226">
				<ele>2484.0</ele>
				<time>1970-01-01T01:00:00+01:00</time>
				<extensions>
					<swisstopo:routepoint_id>19010180</swisstopo:routepoint_id>
				</extensions>
			</trkpt>
			<trkpt lat="46.2503889867" lon="8.0646844866">
				<ele>2484.1</ele>
				<time>1970-01-01T01:00:00+01:00</time>
				<extensions>
					<swisstopo:routepoint_id>1629268123</swisstopo:routepoint_id>
				</extensions>
			</trkpt>
			<trkpt lat="46.2503575467" lon="8.0646889751">
				<ele>2484.0</ele>
				<time>1970-01-01T01:00:00+01:00</time>
				<extensions>
					<swisstopo:routepoint_id>126250746</swisstopo:routepoint_id>
				</extensions>
			</trkpt>
			<trkpt lat="46.2503182626" lon="8.0646901440">
				<ele>2483.6</ele>
				<time>1970-01-01T01:00:00+01:00</time>
				<extensions>
					<swisstopo:routepoint_id>1023690543</swisstopo:routepoint_id>
				</extensions>
			</trkpt>
			<trkpt lat="46.2502896338" lon="8.0646930439">
				<ele>2483.2</ele>
				<time>1970-01-01T01:00:00+01:00</time>
				<extensions>
					<swisstopo:routepoint_id>1886108177</swisstopo:routepoint_id>
				</extensions>
			</trkpt>
			<trkpt lat="46.2502469854" lon="8.0646925533">
				<ele>2482.4</ele>
				<time>1970-01-01T01:00:00+01:00</time>
				<extensions>
					<swisstopo:routepoint_id>1476540997</swisstopo:routepoint_id>
				</extensions>
			</trkpt>
			<trkpt lat="46.2502015256" lon="8.0646952721">
				<ele>2482.0</ele>
				<time>1970-01-01T01:00:00+01:00</time>
				<extensions>
					<swisstopo:routepoint_id>118223486</swisstopo:routepoint_id>
				</extensions>
			</trkpt>
			<trkpt lat="46.2501672522" lon="8.0647037803">
				<ele>2482.1</ele>
				<time>1970-01-01T01:00:00+01:00</time>
				<extensions>
					<swisstopo:routepoint_id>1725464743</swisstopo:routepoint_id>
				</extensions>
			</trkpt>
			<trkpt lat="46.2501380568" lon="8.0647074841">
				<ele>2481.8</ele>
				<time>1970-01-01T01:00:00+01:00</time>
				<extensions>
					<swisstopo:routepoint_id>1584382696</swisstopo:routepoint_id>
				</extensions>
			</trkpt>
			<trkpt lat="46.2501066124" lon="8.0647111746">
				<ele>2480.8</ele>
				<time>1970-01-01T01:00:00+01:00</time>
				<extensions>
					<swisstopo:routepoint_id>1261184926</swisstopo:routepoint_id>
				</extensions>
			</trkpt>
			<trkpt lat="46.2500875372" lon="8.0647101321">
				<ele>2480.8</ele>
				<time>1970-01-01T01:00:00+01:00</time>
				<extensions>
					<swisstopo:routepoint_id>1986634447</swisstopo:routepoint_id>
				</extensions>
			</trkpt>
			<trkpt lat="46.2500697871" lon="8.0647045838">
				<ele>2481.0</ele>
				<time>1970-01-01T01:00:00+01:00</time>
				<extensions>
					<swisstopo:routepoint_id>1610412489</swisstopo:routepoint_id>
				</extensions>
			</trkpt>
			<trkpt lat="46.2500326747" lon="8.0646720803">
				<ele>2480.7</ele>
				<time>1970-01-01T01:00:00+01:00</time>
				<extensions>
					<swisstopo:routepoint_id>1554858698</swisstopo:routepoint_id>
				</extensions>
			</trkpt>
			<trkpt lat="46.2499907151" lon="8.0646582504">
				<ele>2480.5</ele>
				<time>1970-01-01T01:00:00+01:00</time>
				<extensions>
					<swisstopo:routepoint_id>997156742</swisstopo:routepoint_id>
				</extensions>
			</trkpt>
			<trkpt lat="46.2499780527" lon="8.0646223305">
				<ele>2480.8</ele>
				<time>1970-01-01T01:00:00+01:00</time>
				<extensions>
					<swisstopo:routepoint_id>220090847</swisstopo:routepoint_id>
				</extensions>
			</trkpt>
			<trkpt lat="46.2499675540" lon="8.0645922987">
				<ele>2481.3</ele>
				<time>1970-01-01T01:00:00+01:00</time>
				<extensions>
					<swisstopo:routepoint_id>303126463</swisstopo:routepoint_id>
				</extensions>
			</trkpt>
			<trkpt lat="46.2499593264" lon="8.0645598489">
				<ele>2481.2</ele>
				<time>1970-01-01T01:00:00+01:00</time>
				<extensions>
					<swisstopo:routepoint_id>194467903</swisstopo:routepoint_id>
				</extensions>
			</trkpt>
			<trkpt lat="46.2499516479" lon="8.0645265824">
				<ele>2481.2</ele>
				<time>1970-01-01T01:00:00+01:00</time>
				<extensions>
					<swisstopo:routepoint_id>1037853867</swisstopo:routepoint_id>
				</extensions>
			</trkpt>
			<trkpt lat="46.2499326708" lon="8.0645093951">
				<ele>2481.7</ele>
				<time>1970-01-01T01:00:00+01:00</time>
				<extensions>
					<swisstopo:routepoint_id>1407766731</swisstopo:routepoint_id>
				</extensions>
			</trkpt>
			<trkpt lat="46.2499092052" lon="8.0644905226">
				<ele>2482.6</ele>
				<time>1970-01-01T01:00:00+01:00</time>
				<extensions>
					<swisstopo:routepoint_id>1117794650</swisstopo:routepoint_id>
				</extensions>
			</trkpt>
			<trkpt lat="46.2499008748" lon="8.0644750534">
				<ele>2482.6</ele>
				<time>1970-01-01T01:00:00+01:00</time>
				<extensions>
					<swisstopo:routepoint_id>742913982</swisstopo:routepoint_id>
				</extensions>
			</trkpt>
			<trkpt lat="46.2498948739" lon="8.0644434398">
				<ele>2482.5</ele>
				<time>1970-01-01T01:00:00+01:00</time>
				<extensions>
					<swisstopo:routepoint_id>202592162</swisstopo:routepoint_id>
				</extensions>
			</trkpt>
			<trkpt lat="46.2498895067" lon="8.0644005124">
				<ele>2481.9</ele>
				<time>1970-01-01T01:00:00+01:00</time>
				<extensions>
					<swisstopo:routepoint_id>477738825</swisstopo:routepoint_id>
				</extensions>
			</trkpt>
			<trkpt lat="46.2498818370" lon="8.0643656504">
				<ele>2480.9</ele>
				<time>1970-01-01T01:00:00+01:00</time>
				<extensions>
					<swisstopo:routepoint_id>1432258973</swisstopo:routepoint_id>
				</extensions>
			</trkpt>
			<trkpt lat="46.2498702002" lon="8.0643412409">
				<ele>2480.6</ele>
				<time>1970-01-01T01:00:00+01:00</time>
				<extensions>
					<swisstopo:routepoint_id>300811204</swisstopo:routepoint_id>
				</extensions>
			</trkpt>
			<trkpt lat="46.2498551230" lon="8.0643273277">
				<ele>2480.8</ele>
				<time>1970-01-01T01:00:00+01:00</time>
				<extensions>
					<swisstopo:routepoint_id>1934198156</swisstopo:routepoint_id>
				</extensions>
			</trkpt>
			<trkpt lat="46.2498457130" lon="8.0643037541">
				<ele>2480.6</ele>
				<time>1970-01-01T01:00:00+01:00</time>
				<extensions>
					<swisstopo:routepoint_id>1448660789</swisstopo:routepoint_id>
				</extensions>
			</trkpt>
			<trkpt lat="46.2498431391" lon="8.0642608716">
				<ele>2479.8</ele>
				<time>1970-01-01T01:00:00+01:00</time>
				<extensions>
					<swisstopo:routepoint_id>954495998</swisstopo:routepoint_id>
				</extensions>
			</trkpt>
			<trkpt lat="46.2498320288" lon="8.0642413308">
				<ele>2479.5</ele>
				<time>1970-01-01T01:00:00+01:00</time>
				<extensions>
					<swisstopo:routepoint_id>1613800920</swisstopo:routepoint_id>
				</extensions>
			</trkpt>
			<trkpt lat="46.2498130473" lon="8.0642249288">
				<ele>2479.2</ele>
				<time>1970-01-01T01:00:00+01:00</time>
				<extensions>
					<swisstopo:routepoint_id>1214405280</swisstopo:routepoint_id>
				</extensions>
			</trkpt>
			<trkpt lat="46.2498132083" lon="8.0641958175">
				<ele>2478.7</ele>
				<time>1970-01-01T01:00:00+01:00</time>
				<extensions>
					<swisstopo:routepoint_id>377892843</swisstopo:routepoint_id>
				</extensions>
			</trkpt>
			<trkpt lat="46.2498072610" lon="8.0641545044">
				<ele>2478.0</ele>
				<time>1970-01-01T01:00:00+01:00</time>
				<extensions>
					<swisstopo:routepoint_id>1142803285</swisstopo:routepoint_id>
				</extensions>
			</trkpt>
			<trkpt lat="46.2497945668" lon="8.0641179512">
				<ele>2477.8</ele>
				<time>1970-01-01T01:00:00+01:00</time>
				<extensions>
					<swisstopo:routepoint_id>1890643594</swisstopo:routepoint_id>
				</extensions>
			</trkpt>
			<trkpt lat="46.2497834924" lon="8.0640903317">
				<ele>2477.6</ele>
				<time>1970-01-01T01:00:00+01:00</time>
				<extensions>
					<swisstopo:routepoint_id>797193396</swisstopo:routepoint_id>
				</extensions>
			</trkpt>
			<trkpt lat="46.2497804098" lon="8.0640393387">
				<ele>2476.9</ele>
				<time>1970-01-01T01:00:00+01:00</time>
				<extensions>
					<swisstopo:routepoint_id>905467057</swisstopo:routepoint_id>
				</extensions>
			</trkpt>
			<trkpt lat="46.2497845333" lon="8.0640021810">
				<ele>2476.2</ele>
				<time>1970-01-01T01:00:00+01:00</time>
				<extensions>
					<swisstopo:routepoint_id>160643433</swisstopo:routepoint_id>
				</extensions>
			</trkpt>
			<trkpt lat="46.2497948367" lon="8.0639659048">
				<ele>2475.5</ele>
				<time>1970-01-01T01:00:00+01:00</time>
				<extensions>
					<swisstopo:routepoint_id>2039641949</swisstopo:routepoint_id>
				</extensions>
			</trkpt>
			<trkpt lat="46.2497967335" lon="8.0639279110">
				<ele>2474.9</ele>
				<time>1970-01-01T01:00:00+01:00</time>
				<extensions>
					<swisstopo:routepoint_id>1004522208</swisstopo:routepoint_id>
				</extensions>
			</trkpt>
			<trkpt lat="46.2497957834" lon="8.0638979764">
				<ele>2474.3</ele>
				<time>1970-01-01T01:00:00+01:00</time>
				<extensions>
					<swisstopo:routepoint_id>1886313944</swisstopo:routepoint_id>
				</extensions>
			</trkpt>
			<trkpt lat="46.2497909515" lon="8.0638566763">
				<ele>2473.5</ele>
				<time>1970-01-01T01:00:00+01:00</time>
				<extensions>
					<swisstopo:routepoint_id>2121453855</swisstopo:routepoint_id>
				</extensions>
			</trkpt>
			<trkpt lat="46.2497900552" lon="8.0638154213">
				<ele>2472.9</ele>
				<time>1970-01-01T01:00:00+01:00</time>
				<extensions>
					<swisstopo:routepoint_id>1853809876</swisstopo:routepoint_id>
				</extensions>
			</trkpt>
			<trkpt lat="46.2497896672" lon="8.0637854805">
				<ele>2472.4</ele>
				<time>1970-01-01T01:00:00+01:00</time>
				<extensions>
					<swisstopo:routepoint_id>989477705</swisstopo:routepoint_id>
				</extensions>
			</trkpt>
			<trkpt lat="46.2497987836" lon="8.0637605117">
				<ele>2472.0</ele>
				<time>1970-01-01T01:00:00+01:00</time>
				<extensions>
					<swisstopo:routepoint_id>1390321642</swisstopo:routepoint_id>
				</extensions>
			</trkpt>
			<trkpt lat="46.2497978247" lon="8.0637305644">
				<ele>2471.5</ele>
				<time>1970-01-01T01:00:00+01:00</time>
				<extensions>
					<swisstopo:routepoint_id>1251732235</swisstopo:routepoint_id>
				</extensions>
			</trkpt>
			<trkpt lat="46.2497856344" lon="8.0637029447">
				<ele>2471.0</ele>
				<time>1970-01-01T01:00:00+01:00</time>
				<extensions>
					<swisstopo:routepoint_id>802688839</swisstopo:routepoint_id>
				</extensions>
			</trkpt>
			<trkpt lat="46.2497813154" lon="8.0636721610">
				<ele>2470.4</ele>
				<time>1970-01-01T01:00:00+01:00</time>
				<extensions>
					<swisstopo:routepoint_id>1329720628</swisstopo:routepoint_id>
				</extensions>
			</trkpt>
			<trkpt lat="46.2497775320" lon="8.0636446128">
				<ele>2469.8</ele>
				<time>1970-01-01T01:00:00+01:00</time>
				<extensions>
					<swisstopo:routepoint_id>1042843380</swisstopo:routepoint_id>
				</extensions>
			</trkpt>
			<trkpt lat="46.2497822265" lon="8.0636074616">
				<ele>2469.1</ele>
				<time>1970-01-01T01:00:00+01:00</time>
				<extensions>
					<swisstopo:routepoint_id>1224156901</swisstopo:routepoint_id>
				</extensions>
			</trkpt>
			<trkpt lat="46.2497892324" lon="8.0635590032">
				<ele>2468.2</ele>
				<time>1970-01-01T01:00:00+01:00</time>
				<extensions>
					<swisstopo:routepoint_id>294939885</swisstopo:routepoint_id>
				</extensions>
			</trkpt>
			<trkpt lat="46.2497960997" lon="8.0635340212">
				<ele>2467.8</ele>
				<time>1970-01-01T01:00:00+01:00</time>
				<extensions>
					<swisstopo:routepoint_id>1205174569</swisstopo:routepoint_id>
				</extensions>
			</trkpt>
			<trkpt lat="46.2498152957" lon="8.0635132077">
				<ele>2467.3</ele>
				<time>1970-01-01T01:00:00+01:00</time>
				<extensions>
					<swisstopo:routepoint_id>640055825</swisstopo:routepoint_id>
				</extensions>
			</trkpt>
			<trkpt lat="46.2498311452" lon="8.0634891266">
				<ele>2466.7</ele>
				<time>1970-01-01T01:00:00+01:00</time>
				<extensions>
					<swisstopo:routepoint_id>1458138656</swisstopo:routepoint_id>
				</extensions>
			</trkpt>
			<trkpt lat="46.2498553923" lon="8.0634667628">
				<ele>2465.8</ele>
				<time>1970-01-01T01:00:00+01:00</time>
				<extensions>
					<swisstopo:routepoint_id>2049264606</swisstopo:routepoint_id>
				</extensions>
			</trkpt>
			<trkpt lat="46.2498617063" lon="8.0634417617">
				<ele>2465.3</ele>
				<time>1970-01-01T01:00:00+01:00</time>
				<extensions>
					<swisstopo:routepoint_id>691024317</swisstopo:routepoint_id>
				</extensions>
			</trkpt>
			<trkpt lat="46.2498522738" lon="8.0634206195">
				<ele>2464.9</ele>
				<time>1970-01-01T01:00:00+01:00</time>
				<extensions>
					<swisstopo:routepoint_id>2131081832</swisstopo:routepoint_id>
				</extensions>
			</trkpt>
			<trkpt lat="46.2498327478" lon="8.0634009823">
				<ele>2464.0</ele>
				<time>1970-01-01T01:00:00+01:00</time>
				<extensions>
					<swisstopo:routepoint_id>1493798854</swisstopo:routepoint_id>
				</extensions>
			</trkpt>
			<trkpt lat="46.2498075952" lon="8.0633837119">
				<ele>2463.2</ele>
				<time>1970-01-01T01:00:00+01:00</time>
				<extensions>
					<swisstopo:routepoint_id>320397236</swisstopo:routepoint_id>
				</extensions>
			</trkpt>
			<trkpt lat="46.2497857266" lon="8.0633810294">
				<ele>2462.7</ele>
				<time>1970-01-01T01:00:00+01:00</time>
				<extensions>
					<swisstopo:routepoint_id>234255508</swisstopo:routepoint_id>
				</extensions>
			</trkpt>
			<trkpt lat="46.2497604533" lon="8.0633856021">
				<ele>2462.1</ele>
				<time>1970-01-01T01:00:00+01:00</time>
				<extensions>
					<swisstopo:routepoint_id>576603154</swisstopo:routepoint_id>
				</extensions>
			</trkpt>
			<trkpt lat="46.2497362598" lon="8.0633982663">
				<ele>2461.7</ele>
				<time>1970-01-01T01:00:00+01:00</time>
				<extensions>
					<swisstopo:routepoint_id>470997634</swisstopo:routepoint_id>
				</extensions>
			</trkpt>
			<trkpt lat="46.2497175948" lon="8.0634247338">
				<ele>2461.6</ele>
				<time>1970-01-01T01:00:00+01:00</time>
				<extensions>
					<swisstopo:routepoint_id>1471245334</swisstopo:routepoint_id>
				</extensions>
			</trkpt>
			<trkpt lat="46.2496961186" lon="8.0634527899">
				<ele>2461.4</ele>
				<time>1970-01-01T01:00:00+01:00</time>
				<extensions>
					<swisstopo:routepoint_id>1728183095</swisstopo:routepoint_id>
				</extensions>
			</trkpt>
			<trkpt lat="46.2496729513" lon="8.0634816370">
				<ele>2461.2</ele>
				<time>1970-01-01T01:00:00+01:00</time>
				<extensions>
					<swisstopo:routepoint_id>237336228</swisstopo:routepoint_id>
				</extensions>
			</trkpt>
			<trkpt lat="46.2496458974" lon="8.0635047916">
				<ele>2460.9</ele>
				<time>1970-01-01T01:00:00+01:00</time>
				<extensions>
					<swisstopo:routepoint_id>1730000160</swisstopo:routepoint_id>
				</extensions>
			</trkpt>
			<trkpt lat="46.2496244793" lon="8.0635207294">
				<ele>2460.6</ele>
				<time>1970-01-01T01:00:00+01:00</time>
				<extensions>
					<swisstopo:routepoint_id>905035095</swisstopo:routepoint_id>
				</extensions>
			</trkpt>
			<trkpt lat="46.2496092054" lon="8.0635439940">
				<ele>2460.6</ele>
				<time>1970-01-01T01:00:00+01:00</time>
				<extensions>
					<swisstopo:routepoint_id>2048428497</swisstopo:routepoint_id>
				</extensions>
			</trkpt>
			<trkpt lat="46.2495843737" lon="8.0635704158">
				<ele>2460.4</ele>
				<time>1970-01-01T01:00:00+01:00</time>
				<extensions>
					<swisstopo:routepoint_id>421813137</swisstopo:routepoint_id>
				</extensions>
			</trkpt>
			<trkpt lat="46.2495630450" lon="8.0635717665">
				<ele>2459.9</ele>
				<time>1970-01-01T01:00:00+01:00</time>
				<extensions>
					<swisstopo:routepoint_id>2065671741</swisstopo:routepoint_id>
				</extensions>
			</trkpt>
			<trkpt lat="46.2495377628" lon="8.0635779471">
				<ele>2459.4</ele>
				<time>1970-01-01T01:00:00+01:00</time>
				<extensions>
					<swisstopo:routepoint_id>1298195980</swisstopo:routepoint_id>
				</extensions>
			</trkpt>
			<trkpt lat="46.2495197313" lon="8.0635915051">
				<ele>2459.1</ele>
				<time>1970-01-01T01:00:00+01:00</time>
				<extensions>
					<swisstopo:routepoint_id>896836238</swisstopo:routepoint_id>
				</extensions>
			</trkpt>
			<trkpt lat="46.2495045245" lon="8.0636010306">
				<ele>2458.8</ele>
				<time>1970-01-01T01:00:00+01:00</time>
				<extensions>
					<swisstopo:routepoint_id>731132213</swisstopo:routepoint_id>
				</extensions>
			</trkpt>
			<trkpt lat="46.2494832226" lon="8.0635975568">
				<ele>2458.5</ele>
				<time>1970-01-01T01:00:00+01:00</time>
				<extensions>
					<swisstopo:routepoint_id>602077641</swisstopo:routepoint_id>
				</extensions>
			</trkpt>
			<trkpt lat="46.2494641069" lon="8.0636054292">
				<ele>2458.1</ele>
				<time>1970-01-01T01:00:00+01:00</time>
				<extensions>
					<swisstopo:routepoint_id>186788866</swisstopo:routepoint_id>
				</extensions>
			</trkpt>
			<trkpt lat="46.2494399582" lon="8.0636083809">
				<ele>2457.9</ele>
				<time>1970-01-01T01:00:00+01:00</time>
				<extensions>
					<swisstopo:routepoint_id>60601014</swisstopo:routepoint_id>
				</extensions>
			</trkpt>
			<trkpt lat="46.2494158675" lon="8.0636024311">
				<ele>2457.8</ele>
				<time>1970-01-01T01:00:00+01:00</time>
				<extensions>
					<swisstopo:routepoint_id>208888855</swisstopo:routepoint_id>
				</extensions>
			</trkpt>
			<trkpt lat="46.2493985593" lon="8.0635868717">
				<ele>2457.6</ele>
				<time>1970-01-01T01:00:00+01:00</time>
				<extensions>
					<swisstopo:routepoint_id>1726015586</swisstopo:routepoint_id>
				</extensions>
			</trkpt>
			<trkpt lat="46.2493874267" lon="8.0635697498">
				<ele>2457.4</ele>
				<time>1970-01-01T01:00:00+01:00</time>
				<extensions>
					<swisstopo:routepoint_id>1034780743</swisstopo:routepoint_id>
				</extensions>
			</trkpt>
			<trkpt lat="46.2493650404" lon="8.0635606031">
				<ele>2457.3</ele>
				<time>1970-01-01T01:00:00+01:00</time>
				<extensions>
					<swisstopo:routepoint_id>1985152459</swisstopo:routepoint_id>
				</extensions>
			</trkpt>
			<trkpt lat="46.2493442962" lon="8.0635563379">
				<ele>2457.4</ele>
				<time>1970-01-01T01:00:00+01:00</time>
				<extensions>
					<swisstopo:routepoint_id>584101076</swisstopo:routepoint_id>
				</extensions>
			</trkpt>
			<trkpt lat="46.2493291206" lon="8.0635618115">
				<ele>2457.8</ele>
				<time>1970-01-01T01:00:00+01:00</time>
				<extensions>
					<swisstopo:routepoint_id>984284876</swisstopo:routepoint_id>
				</extensions>
			</trkpt>
			<trkpt lat="46.2493123075" lon="8.0635583892">
				<ele>2458.0</ele>
				<time>1970-01-01T01:00:00+01:00</time>
				<extensions>
					<swisstopo:routepoint_id>1303393611</swisstopo:routepoint_id>
				</extensions>
			</trkpt>
			<trkpt lat="46.2492984263" lon="8.0635315356">
				<ele>2458.1</ele>
				<time>1970-01-01T01:00:00+01:00</time>
				<extensions>
					<swisstopo:routepoint_id>2096515156</swisstopo:routepoint_id>
				</extensions>
			</trkpt>
			<trkpt lat="46.2492913453" lon="8.0634934392">
				<ele>2457.9</ele>
				<time>1970-01-01T01:00:00+01:00</time>
				<extensions>
					<swisstopo:routepoint_id>1474540472</swisstopo:routepoint_id>
				</extensions>
			</trkpt>
			<trkpt lat="46.2492825150" lon="8.0634666563">
				<ele>2457.8</ele>
				<time>1970-01-01T01:00:00+01:00</time>
				<extensions>
					<swisstopo:routepoint_id>555465752</swisstopo:routepoint_id>
				</extensions>
			</trkpt>
			<trkpt lat="46.2492731314" lon="8.0634398416">
				<ele>2457.5</ele>
				<time>1970-01-01T01:00:00+01:00</time>
				<extensions>
					<swisstopo:routepoint_id>370627081</swisstopo:routepoint_id>
				</extensions>
			</trkpt>
			<trkpt lat="46.2492694462" lon="8.0633945154">
				<ele>2456.7</ele>
				<time>1970-01-01T01:00:00+01:00</time>
				<extensions>
					<swisstopo:routepoint_id>1896826324</swisstopo:routepoint_id>
				</extensions>
			</trkpt>
			<trkpt lat="46.2492741048" lon="8.0633638350">
				<ele>2456.4</ele>
				<time>1970-01-01T01:00:00+01:00</time>
				<extensions>
					<swisstopo:routepoint_id>917195699</swisstopo:routepoint_id>
				</extensions>
			</trkpt>
			<trkpt lat="46.2492703748" lon="8.0633282084">
				<ele>2456.1</ele>
				<time>1970-01-01T01:00:00+01:00</time>
				<extensions>
					<swisstopo:routepoint_id>1996883249</swisstopo:routepoint_id>
				</extensions>
			</trkpt>
			<trkpt lat="46.2492537180" lon="8.0632964731">
				<ele>2456.7</ele>
				<time>1970-01-01T01:00:00+01:00</time>
				<extensions>
					<swisstopo:routepoint_id>910493822</swisstopo:routepoint_id>
				</extensions>
			</trkpt>
			<trkpt lat="46.2492473844" lon="8.0632487105">
				<ele>2456.6</ele>
				<time>1970-01-01T01:00:00+01:00</time>
				<extensions>
					<swisstopo:routepoint_id>995903707</swisstopo:routepoint_id>
				</extensions>
			</trkpt>
			<trkpt lat="46.2492361578" lon="8.0632135929">
				<ele>2456.5</ele>
				<time>1970-01-01T01:00:00+01:00</time>
				<extensions>
					<swisstopo:routepoint_id>233661406</swisstopo:routepoint_id>
				</extensions>
			</trkpt>
			<trkpt lat="46.2492185296" lon="8.0631732481">
				<ele>2456.4</ele>
				<time>1970-01-01T01:00:00+01:00</time>
				<extensions>
					<swisstopo:routepoint_id>1888728822</swisstopo:routepoint_id>
				</extensions>
			</trkpt>
			<trkpt lat="46.2491980577" lon="8.0631308064">
				<ele>2456.4</ele>
				<time>1970-01-01T01:00:00+01:00</time>
				<extensions>
					<swisstopo:routepoint_id>823147999</swisstopo:routepoint_id>
				</extensions>
			</trkpt>
			<trkpt lat="46.2491889375" lon="8.0631008545">
				<ele>2456.2</ele>
				<time>1970-01-01T01:00:00+01:00</time>
				<extensions>
					<swisstopo:routepoint_id>336391379</swisstopo:routepoint_id>
				</extensions>
			</trkpt>
			<trkpt lat="46.2491877360" lon="8.0630607108">
				<ele>2455.7</ele>
				<time>1970-01-01T01:00:00+01:00</time>
				<extensions>
					<swisstopo:routepoint_id>1308187023</swisstopo:routepoint_id>
				</extensions>
			</trkpt>
			<trkpt lat="46.2491886749" lon="8.0630195407">
				<ele>2455.1</ele>
				<time>1970-01-01T01:00:00+01:00</time>
				<extensions>
					<swisstopo:routepoint_id>986847002</swisstopo:routepoint_id>
				</extensions>
			</trkpt>
			<trkpt lat="46.2491774938" lon="8.0629761800">
				<ele>2455.1</ele>
				<time>1970-01-01T01:00:00+01:00</time>
				<extensions>
					<swisstopo:routepoint_id>750232517</swisstopo:routepoint_id>
				</extensions>
			</trkpt>
			<trkpt lat="46.2491726855" lon="8.0629401105">
				<ele>2454.6</ele>
				<time>1970-01-01T01:00:00+01:00</time>
				<extensions>
					<swisstopo:routepoint_id>1672460547</swisstopo:routepoint_id>
				</extensions>
			</trkpt>
			<trkpt lat="46.2491843016" lon="8.0629062682">
				<ele>2453.7</ele>
				<time>1970-01-01T01:00:00+01:00</time>
				<extensions>
					<swisstopo:routepoint_id>1334539528</swisstopo:routepoint_id>
				</extensions>
			</trkpt>
			<trkpt lat="46.2492001818" lon="8.0628766031">
				<ele>2452.6</ele>
				<time>1970-01-01T01:00:00+01:00</time>
				<extensions>
					<swisstopo:routepoint_id>696118339</swisstopo:routepoint_id>
				</extensions>
			</trkpt>
			<trkpt lat="46.2492039838" lon="8.0628323886">
				<ele>2451.1</ele>
				<time>1970-01-01T01:00:00+01:00</time>
				<extensions>
					<swisstopo:routepoint_id>710047372</swisstopo:routepoint_id>
				</extensions>
			</trkpt>
			<trkpt lat="46.2492006589" lon="8.0627901564">
				<ele>2450.3</ele>
				<time>1970-01-01T01:00:00+01:00</time>
				<extensions>
					<swisstopo:routepoint_id>670531199</swisstopo:routepoint_id>
				</extensions>
			</trkpt>
			<trkpt lat="46.2492001999" lon="8.0627428032">
				<ele>2449.2</ele>
				<time>1970-01-01T01:00:00+01:00</time>
				<extensions>
					<swisstopo:routepoint_id>393188786</swisstopo:routepoint_id>
				</extensions>
			</trkpt>
			<trkpt lat="46.2492131651" lon="8.0627223614">
				<ele>2448.4</ele>
				<time>1970-01-01T01:00:00+01:00</time>
				<extensions>
					<swisstopo:routepoint_id>608256928</swisstopo:routepoint_id>
				</extensions>
			</trkpt>
			<trkpt lat="46.2492240469" lon="8.0626926389">
				<ele>2447.3</ele>
				<time>1970-01-01T01:00:00+01:00</time>
				<extensions>
					<swisstopo:routepoint_id>1173303919</swisstopo:routepoint_id>
				</extensions>
			</trkpt>
			<trkpt lat="46.2492320195" lon="8.0626711141">
				<ele>2446.6</ele>
				<time>1970-01-01T01:00:00+01:00</time>
				<extensions>
					<swisstopo:routepoint_id>371220044</swisstopo:routepoint_id>
				</extensions>
			</trkpt>
			<trkpt lat="46.2492396399" lon="8.0627134082">
				<ele>2447.2</ele>
				<time>1970-01-01T01:00:00+01:00</time>
				<extensions>
					<swisstopo:routepoint_id>1141914510</swisstopo:routepoint_id>
				</extensions>
			</trkpt>
			<trkpt lat="46.2492437531" lon="8.0627433027">
				<ele>2447.5</ele>
				<time>1970-01-01T01:00:00+01:00</time>
				<extensions>
					<swisstopo:routepoint_id>50495866</swisstopo:routepoint_id>
				</extensions>
			</trkpt>
			<trkpt lat="46.2492572197" lon="8.0627609451">
				<ele>2446.7</ele>
				<time>1970-01-01T01:00:00+01:00</time>
				<extensions>
					<swisstopo:routepoint_id>681758848</swisstopo:routepoint_id>
				</extensions>
			</trkpt>
			<trkpt lat="46.2492736693" lon="8.0627570309">
				<ele>2445.6</ele>
				<time>1970-01-01T01:00:00+01:00</time>
				<extensions>
					<swisstopo:routepoint_id>635069568</swisstopo:routepoint_id>
				</extensions>
			</trkpt>
			<trkpt lat="46.2492809474" lon="8.0627324083">
				<ele>2445.0</ele>
				<time>1970-01-01T01:00:00+01:00</time>
				<extensions>
					<swisstopo:routepoint_id>1657228052</swisstopo:routepoint_id>
				</extensions>
			</trkpt>
			<trkpt lat="46.2492776392" lon="8.0626839839">
				<ele>2444.3</ele>
				<time>1970-01-01T01:00:00+01:00</time>
				<extensions>
					<swisstopo:routepoint_id>747927859</swisstopo:routepoint_id>
				</extensions>
			</trkpt>
			<trkpt lat="46.2492707075" lon="8.0626458260">
				<ele>2443.9</ele>
				<time>1970-01-01T01:00:00+01:00</time>
				<extensions>
					<swisstopo:routepoint_id>1725888075</swisstopo:routepoint_id>
				</extensions>
			</trkpt>
			<trkpt lat="46.2492716576" lon="8.0626026045">
				<ele>2443.0</ele>
				<time>1970-01-01T01:00:00+01:00</time>
				<extensions>
					<swisstopo:routepoint_id>1725197796</swisstopo:routepoint_id>
				</extensions>
			</trkpt>
			<trkpt lat="46.2492655372" lon="8.0625479808">
				<ele>2441.9</ele>
				<time>1970-01-01T01:00:00+01:00</time>
				<extensions>
					<swisstopo:routepoint_id>1785753700</swisstopo:routepoint_id>
				</extensions>
			</trkpt>
			<trkpt lat="46.2492665269" lon="8.0624975670">
				<ele>2440.6</ele>
				<time>1970-01-01T01:00:00+01:00</time>
				<extensions>
					<swisstopo:routepoint_id>521227479</swisstopo:routepoint_id>
				</extensions>
			</trkpt>
			<trkpt lat="46.2492625498" lon="8.0624429679">
				<ele>2439.3</ele>
				<time>1970-01-01T01:00:00+01:00</time>
				<extensions>
					<swisstopo:routepoint_id>986332502</swisstopo:routepoint_id>
				</extensions>
			</trkpt>
			<trkpt lat="46.2492642001" lon="8.0624018059">
				<ele>2438.0</ele>
				<time>1970-01-01T01:00:00+01:00</time>
				<extensions>
					<swisstopo:routepoint_id>2068775640</swisstopo:routepoint_id>
				</extensions>
			</trkpt>
			<trkpt lat="46.2492701855" lon="8.0623535134">
				<ele>2436.7</ele>
				<time>1970-01-01T01:00:00+01:00</time>
				<extensions>
					<swisstopo:routepoint_id>1763221843</swisstopo:routepoint_id>
				</extensions>
			</trkpt>
			<trkpt lat="46.2492804176" lon="8.0623093598">
				<ele>2435.5</ele>
				<time>1970-01-01T01:00:00+01:00</time>
				<extensions>
					<swisstopo:routepoint_id>1169248648</swisstopo:routepoint_id>
				</extensions>
			</trkpt>
			<trkpt lat="46.2492784475" lon="8.0622795026">
				<ele>2434.9</ele>
				<time>1970-01-01T01:00:00+01:00</time>
				<extensions>
					<swisstopo:routepoint_id>172755708</swisstopo:routepoint_id>
				</extensions>
			</trkpt>
			<trkpt lat="46.2492628204" lon="8.0622649000">
				<ele>2434.2</ele>
				<time>1970-01-01T01:00:00+01:00</time>
				<extensions>
					<swisstopo:routepoint_id>2044753674</swisstopo:routepoint_id>
				</extensions>
			</trkpt>
			<trkpt lat="46.2492543660" lon="8.0622431869">
				<ele>2433.7</ele>
				<time>1970-01-01T01:00:00+01:00</time>
				<extensions>
					<swisstopo:routepoint_id>580541799</swisstopo:routepoint_id>
				</extensions>
			</trkpt>
			<trkpt lat="46.2492616271" lon="8.0622216540">
				<ele>2433.3</ele>
				<time>1970-01-01T01:00:00+01:00</time>
				<extensions>
					<swisstopo:routepoint_id>1983784645</swisstopo:routepoint_id>
				</extensions>
			</trkpt>
			<trkpt lat="46.2492909080" lon="8.0622199380">
				<ele>2432.6</ele>
				<time>1970-01-01T01:00:00+01:00</time>
				<extensions>
					<swisstopo:routepoint_id>1733642510</swisstopo:routepoint_id>
				</extensions>
			</trkpt>
			<trkpt lat="46.2493215983" lon="8.0622223411">
				<ele>2431.9</ele>
				<time>1970-01-01T01:00:00+01:00</time>
				<extensions>
					<swisstopo:routepoint_id>1783210124</swisstopo:routepoint_id>
				</extensions>
			</trkpt>
			<trkpt lat="46.2493408234" lon="8.0622328567">
				<ele>2431.4</ele>
				<time>1970-01-01T01:00:00+01:00</time>
				<extensions>
					<swisstopo:routepoint_id>1799791122</swisstopo:routepoint_id>
				</extensions>
			</trkpt>
			<trkpt lat="46.2493670962" lon="8.0622589022">
				<ele>2430.8</ele>
				<time>1970-01-01T01:00:00+01:00</time>
				<extensions>
					<swisstopo:routepoint_id>54114178</swisstopo:routepoint_id>
				</extensions>
			</trkpt>
			<trkpt lat="46.2493833699" lon="8.0622868720">
				<ele>2430.2</ele>
				<time>1970-01-01T01:00:00+01:00</time>
				<extensions>
					<swisstopo:routepoint_id>962413175</swisstopo:routepoint_id>
				</extensions>
			</trkpt>
			<trkpt lat="46.2494103259" lon="8.0623180541">
				<ele>2429.3</ele>
				<time>1970-01-01T01:00:00+01:00</time>
				<extensions>
					<swisstopo:routepoint_id>664008328</swisstopo:routepoint_id>
				</extensions>
			</trkpt>
			<trkpt lat="46.2494323094" lon="8.0623461020">
				<ele>2428.6</ele>
				<time>1970-01-01T01:00:00+01:00</time>
				<extensions>
					<swisstopo:routepoint_id>302929553</swisstopo:routepoint_id>
				</extensions>
			</trkpt>
			<trkpt lat="46.2494558578" lon="8.0623484360">
				<ele>2427.9</ele>
				<time>1970-01-01T01:00:00+01:00</time>
				<extensions>
					<swisstopo:routepoint_id>101790443</swisstopo:routepoint_id>
				</extensions>
			</trkpt>
			<trkpt lat="46.2494821649" lon="8.0623682898">
				<ele>2427.3</ele>
				<time>1970-01-01T01:00:00+01:00</time>
				<extensions>
					<swisstopo:routepoint_id>1644710928</swisstopo:routepoint_id>
				</extensions>
			</trkpt>
			<trkpt lat="46.2495049507" lon="8.0623798719">
				<ele>2426.7</ele>
				<time>1970-01-01T01:00:00+01:00</time>
				<extensions>
					<swisstopo:routepoint_id>21968742</swisstopo:routepoint_id>
				</extensions>
			</trkpt>
			<trkpt lat="46.2495313799" lon="8.0623791491">
				<ele>2425.9</ele>
				<time>1970-01-01T01:00:00+01:00</time>
				<extensions>
					<swisstopo:routepoint_id>1613826066</swisstopo:routepoint_id>
				</extensions>
			</trkpt>
			<trkpt lat="46.2495506643" lon="8.0623773060">
				<ele>2425.1</ele>
				<time>1970-01-01T01:00:00+01:00</time>
				<extensions>
					<swisstopo:routepoint_id>1122808052</swisstopo:routepoint_id>
				</extensions>
			</trkpt>
			<trkpt lat="46.2495593514" lon="8.0623568276">
				<ele>2424.3</ele>
				<time>1970-01-01T01:00:00+01:00</time>
				<extensions>
					<swisstopo:routepoint_id>1836944844</swisstopo:routepoint_id>
				</extensions>
			</trkpt>
			<trkpt lat="46.2495595331" lon="8.0623238923">
				<ele>2423.6</ele>
				<time>1970-01-01T01:00:00+01:00</time>
				<extensions>
					<swisstopo:routepoint_id>506844942</swisstopo:routepoint_id>
				</extensions>
			</trkpt>
			<trkpt lat="46.2495440335" lon="8.0622845976">
				<ele>2422.8</ele>
				<time>1970-01-01T01:00:00+01:00</time>
				<extensions>
					<swisstopo:routepoint_id>540751462</swisstopo:routepoint_id>
				</extensions>
			</trkpt>
			<trkpt lat="46.2495429088" lon="8.0622320825">
				<ele>2421.8</ele>
				<time>1970-01-01T01:00:00+01:00</time>
				<extensions>
					<swisstopo:routepoint_id>2081314637</swisstopo:routepoint_id>
				</extensions>
			</trkpt>
			<trkpt lat="46.2495403684" lon="8.0621733968">
				<ele>2420.4</ele>
				<time>1970-01-01T01:00:00+01:00</time>
				<extensions>
					<swisstopo:routepoint_id>1056665141</swisstopo:routepoint_id>
				</extensions>
			</trkpt>
			<trkpt lat="46.2495357308" lon="8.0621095204">
				<ele>2419.0</ele>
				<time>1970-01-01T01:00:00+01:00</time>
				<extensions>
					<swisstopo:routepoint_id>2079513904</swisstopo:routepoint_id>
				</extensions>
			</trkpt>
			<trkpt lat="46.2495267123" lon="8.0620610431">
				<ele>2418.0</ele>
				<time>1970-01-01T01:00:00+01:00</time>
				<extensions>
					<swisstopo:routepoint_id>1109657806</swisstopo:routepoint_id>
				</extensions>
			</trkpt>
			<trkpt lat="46.2495290940" lon="8.0620178378">
				<ele>2416.9</ele>
				<time>1970-01-01T01:00:00+01:00</time>
				<extensions>
					<swisstopo:routepoint_id>1204660595</swisstopo:routepoint_id>
				</extensions>
			</trkpt>
			<trkpt lat="46.2495266161" lon="8.0619478318">
				<ele>2415.2</ele>
				<time>1970-01-01T01:00:00+01:00</time>
				<extensions>
					<swisstopo:routepoint_id>738865294</swisstopo:routepoint_id>
				</extensions>
			</trkpt>
			<trkpt lat="46.2495241299" lon="8.0618808902">
				<ele>2414.0</ele>
				<time>1970-01-01T01:00:00+01:00</time>
				<extensions>
					<swisstopo:routepoint_id>1864461708</swisstopo:routepoint_id>
				</extensions>
			</trkpt>
			<trkpt lat="46.2495230327" lon="8.0618201443">
				<ele>2412.4</ele>
				<time>1970-01-01T01:00:00+01:00</time>
				<extensions>
					<swisstopo:routepoint_id>905489284</swisstopo:routepoint_id>
				</extensions>
			</trkpt>
			<trkpt lat="46.2495240789" lon="8.0617594355">
				<ele>2410.6</ele>
				<time>1970-01-01T01:00:00+01:00</time>
				<extensions>
					<swisstopo:routepoint_id>1964567502</swisstopo:routepoint_id>
				</extensions>
			</trkpt>
			<trkpt lat="46.2495293582" lon="8.0617100962">
				<ele>2409.6</ele>
				<time>1970-01-01T01:00:00+01:00</time>
				<extensions>
					<swisstopo:routepoint_id>1896019932</swisstopo:routepoint_id>
				</extensions>
			</trkpt>
			<trkpt lat="46.2495239855" lon="8.0616472373">
				<ele>2408.3</ele>
				<time>1970-01-01T01:00:00+01:00</time>
				<extensions>
					<swisstopo:routepoint_id>1865951817</swisstopo:routepoint_id>
				</extensions>
			</trkpt>
			<trkpt lat="46.2494971767" lon="8.0615892995">
				<ele>2407.6</ele>
				<time>1970-01-01T01:00:00+01:00</time>
				<extensions>
					<swisstopo:routepoint_id>588706849</swisstopo:routepoint_id>
				</extensions>
			</trkpt>
			<trkpt lat="46.2494779773" lon="8.0615756946">
				<ele>2407.9</ele>
				<time>1970-01-01T01:00:00+01:00</time>
				<extensions>
					<swisstopo:routepoint_id>336454710</swisstopo:routepoint_id>
				</extensions>
			</trkpt>
			<trkpt lat="46.2494444857" lon="8.0615619261">
				<ele>2407.5</ele>
				<time>1970-01-01T01:00:00+01:00</time>
				<extensions>
					<swisstopo:routepoint_id>311111164</swisstopo:routepoint_id>
				</extensions>
			</trkpt>
			<trkpt lat="46.2494009325" lon="8.0615614275">
				<ele>2406.8</ele>
				<time>1970-01-01T01:00:00+01:00</time>
				<extensions>
					<swisstopo:routepoint_id>944815323</swisstopo:routepoint_id>
				</extensions>
			</trkpt>
			<trkpt lat="46.2493623833" lon="8.0615599606">
				<ele>2406.6</ele>
				<time>1970-01-01T01:00:00+01:00</time>
				<extensions>
					<swisstopo:routepoint_id>183993523</swisstopo:routepoint_id>
				</extensions>
			</trkpt>
			<trkpt lat="46.2493396087" lon="8.0615463147">
				<ele>2406.4</ele>
				<time>1970-01-01T01:00:00+01:00</time>
				<extensions>
					<swisstopo:routepoint_id>1679528332</swisstopo:routepoint_id>
				</extensions>
			</trkpt>
			<trkpt lat="46.2493311655" lon="8.0615225505">
				<ele>2406.3</ele>
				<time>1970-01-01T01:00:00+01:00</time>
				<extensions>
					<swisstopo:routepoint_id>820796949</swisstopo:routepoint_id>
				</extensions>
			</trkpt>
			<trkpt lat="46.2493215291" lon="8.0614586297">
				<ele>2405.4</ele>
				<time>1970-01-01T01:00:00+01:00</time>
				<extensions>
					<swisstopo:routepoint_id>1135782793</swisstopo:routepoint_id>
				</extensions>
			</trkpt>
			<trkpt lat="46.2493232129" lon="8.0614113010">
				<ele>2404.4</ele>
				<time>1970-01-01T01:00:00+01:00</time>
				<extensions>
					<swisstopo:routepoint_id>1898668273</swisstopo:routepoint_id>
				</extensions>
			</trkpt>
			<trkpt lat="46.2493298497" lon="8.0613722727">
				<ele>2403.4</ele>
				<time>1970-01-01T01:00:00+01:00</time>
				<extensions>
					<swisstopo:routepoint_id>860622731</swisstopo:routepoint_id>
				</extensions>
			</trkpt>
			<trkpt lat="46.2493387520" lon="8.0613126672">
				<ele>2401.3</ele>
				<time>1970-01-01T01:00:00+01:00</time>
				<extensions>
					<swisstopo:routepoint_id>1166781048</swisstopo:routepoint_id>
				</extensions>
			</trkpt>
			<trkpt lat="46.2493538888" lon="8.0612870958">
				<ele>2400.0</ele>
				<time>1970-01-01T01:00:00+01:00</time>
				<extensions>
					<swisstopo:routepoint_id>280960811</swisstopo:routepoint_id>
				</extensions>
			</trkpt>
			<trkpt lat="46.2493804767" lon="8.0612575652">
				<ele>2398.7</ele>
				<time>1970-01-01T01:00:00+01:00</time>
				<extensions>
					<swisstopo:routepoint_id>635448025</swisstopo:routepoint_id>
				</extensions>
			</trkpt>
			<trkpt lat="46.2493670577" lon="8.0612296158">
				<ele>2398.2</ele>
				<time>1970-01-01T01:00:00+01:00</time>
				<extensions>
					<swisstopo:routepoint_id>521902876</swisstopo:routepoint_id>
				</extensions>
			</trkpt>
			<trkpt lat="46.2493580137" lon="8.0611873182">
				<ele>2397.7</ele>
				<time>1970-01-01T01:00:00+01:00</time>
				<extensions>
					<swisstopo:routepoint_id>332507546</swisstopo:routepoint_id>
				</extensions>
			</trkpt>
			<trkpt lat="46.2493454227" lon="8.0611398261">
				<ele>2397.0</ele>
				<time>1970-01-01T01:00:00+01:00</time>
				<extensions>
					<swisstopo:routepoint_id>1106981124</swisstopo:routepoint_id>
				</extensions>
			</trkpt>
			<trkpt lat="46.2493291884" lon="8.0611046391">
				<ele>2396.2</ele>
				<time>1970-01-01T01:00:00+01:00</time>
				<extensions>
					<swisstopo:routepoint_id>582056590</swisstopo:routepoint_id>
				</extensions>
			</trkpt>
			<trkpt lat="46.2493216127" lon="8.0610541272">
				<ele>2395.4</ele>
				<time>1970-01-01T01:00:00+01:00</time>
				<extensions>
					<swisstopo:routepoint_id>1903113855</swisstopo:routepoint_id>
				</extensions>
			</trkpt>
			<trkpt lat="46.2493153726" lon="8.0610211186">
				<ele>2394.6</ele>
				<time>1970-01-01T01:00:00+01:00</time>
				<extensions>
					<swisstopo:routepoint_id>1597663449</swisstopo:routepoint_id>
				</extensions>
			</trkpt>
			<trkpt lat="46.2492991383" lon="8.0609859316">
				<ele>2393.8</ele>
				<time>1970-01-01T01:00:00+01:00</time>
				<extensions>
					<swisstopo:routepoint_id>608721205</swisstopo:routepoint_id>
				</extensions>
			</trkpt>
			<trkpt lat="46.2492836357" lon="8.0609487016">
				<ele>2393.4</ele>
				<time>1970-01-01T01:00:00+01:00</time>
				<extensions>
					<swisstopo:routepoint_id>971656830</swisstopo:routepoint_id>
				</extensions>
			</trkpt>
			<trkpt lat="46.2492783392" lon="8.0608735097">
				<ele>2392.8</ele>
				<time>1970-01-01T01:00:00+01:00</time>
				<extensions>
					<swisstopo:routepoint_id>1999488193</swisstopo:routepoint_id>
				</extensions>
			</trkpt>
			<trkpt lat="46.2492635708" lon="8.0608321599">
				<ele>2392.5</ele>
				<time>1970-01-01T01:00:00+01:00</time>
				<extensions>
					<swisstopo:routepoint_id>1340648610</swisstopo:routepoint_id>
				</extensions>
			</trkpt>
			<trkpt lat="46.2492580900" lon="8.0607888648">
				<ele>2391.8</ele>
				<time>1970-01-01T01:00:00+01:00</time>
				<extensions>
					<swisstopo:routepoint_id>1392679746</swisstopo:routepoint_id>
				</extensions>
			</trkpt>
			<trkpt lat="46.2492541177" lon="8.0607332403">
				<ele>2391.0</ele>
				<time>1970-01-01T01:00:00+01:00</time>
				<extensions>
					<swisstopo:routepoint_id>299171311</swisstopo:routepoint_id>
				</extensions>
			</trkpt>
			<trkpt lat="46.2492466041" lon="8.0606714082">
				<ele>2390.2</ele>
				<time>1970-01-01T01:00:00+01:00</time>
				<extensions>
					<swisstopo:routepoint_id>921781440</swisstopo:routepoint_id>
				</extensions>
			</trkpt>
			<trkpt lat="46.2492454440" lon="8.0606219829">
				<ele>2389.4</ele>
				<time>1970-01-01T01:00:00+01:00</time>
				<extensions>
					<swisstopo:routepoint_id>2115925424</swisstopo:routepoint_id>
				</extensions>
			</trkpt>
			<trkpt lat="46.2492506858" lon="8.0605777847">
				<ele>2388.6</ele>
				<time>1970-01-01T01:00:00+01:00</time>
				<extensions>
					<swisstopo:routepoint_id>1187021115</swisstopo:routepoint_id>
				</extensions>
			</trkpt>
			<trkpt lat="46.2492651731" lon="8.0605408975">
				<ele>2387.8</ele>
				<time>1970-01-01T01:00:00+01:00</time>
				<extensions>
					<swisstopo:routepoint_id>1375860653</swisstopo:routepoint_id>
				</extensions>
			</trkpt>
			<trkpt lat="46.2492832237" lon="8.0605030253">
				<ele>2387.0</ele>
				<time>1970-01-01T01:00:00+01:00</time>
				<extensions>
					<swisstopo:routepoint_id>1559565221</swisstopo:routepoint_id>
				</extensions>
			</trkpt>
			<trkpt lat="46.2492870253" lon="8.0604619004">
				<ele>2386.5</ele>
				<time>1970-01-01T01:00:00+01:00</time>
				<extensions>
					<swisstopo:routepoint_id>1554840653</swisstopo:routepoint_id>
				</extensions>
			</trkpt>
			<trkpt lat="46.2492980335" lon="8.0604074728">
				<ele>2385.5</ele>
				<time>1970-01-01T01:00:00+01:00</time>
				<extensions>
					<swisstopo:routepoint_id>1791375174</swisstopo:routepoint_id>
				</extensions>
			</trkpt>
			<trkpt lat="46.2493102811" lon="8.0603880479">
				<ele>2384.9</ele>
				<time>1970-01-01T01:00:00+01:00</time>
				<extensions>
					<swisstopo:routepoint_id>152461187</swisstopo:routepoint_id>
				</extensions>
			</trkpt>
			<trkpt lat="46.2493367751" lon="8.0603739524">
				<ele>2384.0</ele>
				<time>1970-01-01T01:00:00+01:00</time>
				<extensions>
					<swisstopo:routepoint_id>779066479</swisstopo:routepoint_id>
				</extensions>
			</trkpt>
			<trkpt lat="46.2493646589" lon="8.0603691170">
				<ele>2382.9</ele>
				<time>1970-01-01T01:00:00+01:00</time>
				<extensions>
					<swisstopo:routepoint_id>124018374</swisstopo:routepoint_id>
				</extensions>
			</trkpt>
			<trkpt lat="46.2493852959" lon="8.0603816995">
				<ele>2382.2</ele>
				<time>1970-01-01T01:00:00+01:00</time>
				<extensions>
					<swisstopo:routepoint_id>1195694378</swisstopo:routepoint_id>
				</extensions>
			</trkpt>
			<trkpt lat="46.2494059240" lon="8.0603942946">
				<ele>2381.6</ele>
				<time>1970-01-01T01:00:00+01:00</time>
				<extensions>
					<swisstopo:routepoint_id>1928343707</swisstopo:routepoint_id>
				</extensions>
			</trkpt>
			<trkpt lat="46.2494337481" lon="8.0603987281">
				<ele>2380.7</ele>
				<time>1970-01-01T01:00:00+01:00</time>
				<extensions>
					<swisstopo:routepoint_id>2107657865</swisstopo:routepoint_id>
				</extensions>
			</trkpt>
			<trkpt lat="46.2494510280" lon="8.0603731936">
				<ele>2380.1</ele>
				<time>1970-01-01T01:00:00+01:00</time>
				<extensions>
					<swisstopo:routepoint_id>2116485393</swisstopo:routepoint_id>
				</extensions>
			</trkpt>
			<trkpt lat="46.2494675115" lon="8.0603630866">
				<ele>2379.5</ele>
				<time>1970-01-01T01:00:00+01:00</time>
				<extensions>
					<swisstopo:routepoint_id>1617707462</swisstopo:routepoint_id>
				</extensions>
			</trkpt>
			<trkpt lat="46.2494896904" lon="8.0603540831">
				<ele>2378.9</ele>
				<time>1970-01-01T01:00:00+01:00</time>
				<extensions>
					<swisstopo:routepoint_id>225174706</swisstopo:routepoint_id>
				</extensions>
			</trkpt>
			<trkpt lat="46.2495048382" lon="8.0603264602">
				<ele>2378.4</ele>
				<time>1970-01-01T01:00:00+01:00</time>
				<extensions>
					<swisstopo:routepoint_id>644878172</swisstopo:routepoint_id>
				</extensions>
			</trkpt>
			<trkpt lat="46.2495072475" lon="8.0602781137">
				<ele>2377.7</ele>
				<time>1970-01-01T01:00:00+01:00</time>
				<extensions>
					<swisstopo:routepoint_id>2095936913</swisstopo:routepoint_id>
				</extensions>
			</trkpt>
			<trkpt lat="46.2495040005" lon="8.0602183691">
				<ele>2376.7</ele>
				<time>1970-01-01T01:00:00+01:00</time>
				<extensions>
					<swisstopo:routepoint_id>1675950548</swisstopo:routepoint_id>
				</extensions>
			</trkpt>
			<trkpt lat="46.2494984037" lon="8.0601977272">
				<ele>2376.3</ele>
				<time>1970-01-01T01:00:00+01:00</time>
				<extensions>
					<swisstopo:routepoint_id>2087329933</swisstopo:routepoint_id>
				</extensions>
			</trkpt>
			<trkpt lat="46.2494799838" lon="8.0601717723">
				<ele>2375.8</ele>
				<time>1970-01-01T01:00:00+01:00</time>
				<extensions>
					<swisstopo:routepoint_id>576877339</swisstopo:routepoint_id>
				</extensions>
			</trkpt>
			<trkpt lat="46.2494671942" lon="8.0601603178">
				<ele>2375.2</ele>
				<time>1970-01-01T01:00:00+01:00</time>
				<extensions>
					<swisstopo:routepoint_id>1656801323</swisstopo:routepoint_id>
				</extensions>
			</trkpt>
			<trkpt lat="46.2494552609" lon="8.0601241545">
				<ele>2373.9</ele>
				<time>1970-01-01T01:00:00+01:00</time>
				<extensions>
					<swisstopo:routepoint_id>2120819033</swisstopo:routepoint_id>
				</extensions>
			</trkpt>
			<trkpt lat="46.2494439681" lon="8.0600993193">
				<ele>2373.4</ele>
				<time>1970-01-01T01:00:00+01:00</time>
				<extensions>
					<swisstopo:routepoint_id>931457024</swisstopo:routepoint_id>
				</extensions>
			</trkpt>
			<trkpt lat="46.2494247485" lon="8.0600877789">
				<ele>2372.9</ele>
				<time>1970-01-01T01:00:00+01:00</time>
				<extensions>
					<swisstopo:routepoint_id>1745658903</swisstopo:routepoint_id>
				</extensions>
			</trkpt>
			<trkpt lat="46.2493962582" lon="8.0600751067">
				<ele>2372.6</ele>
				<time>1970-01-01T01:00:00+01:00</time>
				<extensions>
					<swisstopo:routepoint_id>1415556243</swisstopo:routepoint_id>
				</extensions>
			</trkpt>
			<trkpt lat="46.2493578164" lon="8.0600540772">
				<ele>2371.7</ele>
				<time>1970-01-01T01:00:00+01:00</time>
				<extensions>
					<swisstopo:routepoint_id>1726460732</swisstopo:routepoint_id>
				</extensions>
			</trkpt>
			<trkpt lat="46.2493478989" lon="8.0600395658">
				<ele>2371.4</ele>
				<time>1970-01-01T01:00:00+01:00</time>
				<extensions>
					<swisstopo:routepoint_id>1700316882</swisstopo:routepoint_id>
				</extensions>
			</trkpt>
			<trkpt lat="46.2493338077" lon="8.0600044036">
				<ele>2370.7</ele>
				<time>1970-01-01T01:00:00+01:00</time>
				<extensions>
					<swisstopo:routepoint_id>418867170</swisstopo:routepoint_id>
				</extensions>
			</trkpt>
			<trkpt lat="46.2493139703" lon="8.0599774069">
				<ele>2370.3</ele>
				<time>1970-01-01T01:00:00+01:00</time>
				<extensions>
					<swisstopo:routepoint_id>1424237969</swisstopo:routepoint_id>
				</extensions>
			</trkpt>
			<trkpt lat="46.2492827180" lon="8.0599461770">
				<ele>2370.0</ele>
				<time>1970-01-01T01:00:00+01:00</time>
				<extensions>
					<swisstopo:routepoint_id>1259633844</swisstopo:routepoint_id>
				</extensions>
			</trkpt>
			<trkpt lat="46.2492671696" lon="8.0599171905">
				<ele>2369.8</ele>
				<time>1970-01-01T01:00:00+01:00</time>
				<extensions>
					<swisstopo:routepoint_id>1693404435</swisstopo:routepoint_id>
				</extensions>
			</trkpt>
			<trkpt lat="46.2492588198" lon="8.0598779657">
				<ele>2369.6</ele>
				<time>1970-01-01T01:00:00+01:00</time>
				<extensions>
					<swisstopo:routepoint_id>556360203</swisstopo:routepoint_id>
				</extensions>
			</trkpt>
			<trkpt lat="46.2492461830" lon="8.0598387173">
				<ele>2368.9</ele>
				<time>1970-01-01T01:00:00+01:00</time>
				<extensions>
					<swisstopo:routepoint_id>1779664110</swisstopo:routepoint_id>
				</extensions>
			</trkpt>
			<trkpt lat="46.2492263787" lon="8.0598024641">
				<ele>2368.4</ele>
				<time>1970-01-01T01:00:00+01:00</time>
				<extensions>
					<swisstopo:routepoint_id>1731969127</swisstopo:routepoint_id>
				</extensions>
			</trkpt>
			<trkpt lat="46.2492108926" lon="8.0597621448">
				<ele>2367.6</ele>
				<time>1970-01-01T01:00:00+01:00</time>
				<extensions>
					<swisstopo:routepoint_id>1407104034</swisstopo:routepoint_id>
				</extensions>
			</trkpt>
			<trkpt lat="46.2491910041" lon="8.0597444299">
				<ele>2366.9</ele>
				<time>1970-01-01T01:00:00+01:00</time>
				<extensions>
					<swisstopo:routepoint_id>775774173</swisstopo:routepoint_id>
				</extensions>
			</trkpt>
			<trkpt lat="46.2491632309" lon="8.0597307279">
				<ele>2365.6</ele>
				<time>1970-01-01T01:00:00+01:00</time>
				<extensions>
					<swisstopo:routepoint_id>1667356800</swisstopo:routepoint_id>
				</extensions>
			</trkpt>
			<trkpt lat="46.2491426561" lon="8.0597068128">
				<ele>2364.7</ele>
				<time>1970-01-01T01:00:00+01:00</time>
				<extensions>
					<swisstopo:routepoint_id>1104250457</swisstopo:routepoint_id>
				</extensions>
			</trkpt>
			<trkpt lat="46.2491257438" lon="8.0596654516">
				<ele>2364.3</ele>
				<time>1970-01-01T01:00:00+01:00</time>
				<extensions>
					<swisstopo:routepoint_id>998206420</swisstopo:routepoint_id>
				</extensions>
			</trkpt>
			<trkpt lat="46.2491051746" lon="8.0596405108">
				<ele>2363.6</ele>
				<time>1970-01-01T01:00:00+01:00</time>
				<extensions>
					<swisstopo:routepoint_id>163844156</swisstopo:routepoint_id>
				</extensions>
			</trkpt>
			<trkpt lat="46.2490982419" lon="8.0596023533">
				<ele>2362.9</ele>
				<time>1970-01-01T01:00:00+01:00</time>
				<extensions>
					<swisstopo:routepoint_id>1226692632</swisstopo:routepoint_id>
				</extensions>
			</trkpt>
			<trkpt lat="46.2490849356" lon="8.0595538280">
				<ele>2362.3</ele>
				<time>1970-01-01T01:00:00+01:00</time>
				<extensions>
					<swisstopo:routepoint_id>310636245</swisstopo:routepoint_id>
				</extensions>
			</trkpt>
			<trkpt lat="46.2490730530" lon="8.0595083960">
				<ele>2361.8</ele>
				<time>1970-01-01T01:00:00+01:00</time>
				<extensions>
					<swisstopo:routepoint_id>1882483159</swisstopo:routepoint_id>
				</extensions>
			</trkpt>
			<trkpt lat="46.2490440318" lon="8.0594627812">
				<ele>2360.8</ele>
				<time>1970-01-01T01:00:00+01:00</time>
				<extensions>
					<swisstopo:routepoint_id>1471607221</swisstopo:routepoint_id>
				</extensions>
			</trkpt>
			<trkpt lat="46.2490298896" lon="8.0594368882">
				<ele>2360.4</ele>
				<time>1970-01-01T01:00:00+01:00</time>
				<extensions>
					<swisstopo:routepoint_id>1669254197</swisstopo:routepoint_id>
				</extensions>
			</trkpt>
			<trkpt lat="46.2490286329" lon="8.0594049752">
				<ele>2360.0</ele>
				<time>1970-01-01T01:00:00+01:00</time>
				<extensions>
					<swisstopo:routepoint_id>696707806</swisstopo:routepoint_id>
				</extensions>
			</trkpt>
			<trkpt lat="46.2490266985" lon="8.0593668622">
				<ele>2359.0</ele>
				<time>1970-01-01T01:00:00+01:00</time>
				<extensions>
					<swisstopo:routepoint_id>705031886</swisstopo:routepoint_id>
				</extensions>
			</trkpt>
			<trkpt lat="46.2490111614" lon="8.0593358120">
				<ele>2357.8</ele>
				<time>1970-01-01T01:00:00+01:00</time>
				<extensions>
					<swisstopo:routepoint_id>1519059574</swisstopo:routepoint_id>
				</extensions>
			</trkpt>
			<trkpt lat="46.2489884995" lon="8.0593015781">
				<ele>2356.3</ele>
				<time>1970-01-01T01:00:00+01:00</time>
				<extensions>
					<swisstopo:routepoint_id>19149225</swisstopo:routepoint_id>
				</extensions>
			</trkpt>
			<trkpt lat="46.2489665662" lon="8.0592642881">
				<ele>2356.0</ele>
				<time>1970-01-01T01:00:00+01:00</time>
				<extensions>
					<swisstopo:routepoint_id>2113994548</swisstopo:routepoint_id>
				</extensions>
			</trkpt>
			<trkpt lat="46.2489482620" lon="8.0592187831">
				<ele>2356.7</ele>
				<time>1970-01-01T01:00:00+01:00</time>
				<extensions>
					<swisstopo:routepoint_id>1792903962</swisstopo:routepoint_id>
				</extensions>
			</trkpt>
			<trkpt lat="46.2489384711" lon="8.0591795674">
				<ele>2356.9</ele>
				<time>1970-01-01T01:00:00+01:00</time>
				<extensions>
					<swisstopo:routepoint_id>2058626068</swisstopo:routepoint_id>
				</extensions>
			</trkpt>
			<trkpt lat="46.2489365423" lon="8.0591404289">
				<ele>2356.4</ele>
				<time>1970-01-01T01:00:00+01:00</time>
				<extensions>
					<swisstopo:routepoint_id>705262790</swisstopo:routepoint_id>
				</extensions>
			</trkpt>
			<trkpt lat="46.2489368303" lon="8.0590879431">
				<ele>2355.8</ele>
				<time>1970-01-01T01:00:00+01:00</time>
				<extensions>
					<swisstopo:routepoint_id>1352479940</swisstopo:routepoint_id>
				</extensions>
			</trkpt>
			<trkpt lat="46.2489356895" lon="8.0590364669">
				<ele>2355.0</ele>
				<time>1970-01-01T01:00:00+01:00</time>
				<extensions>
					<swisstopo:routepoint_id>45342021</swisstopo:routepoint_id>
				</extensions>
			</trkpt>
			<trkpt lat="46.2489366979" lon="8.0589839895">
				<ele>2354.3</ele>
				<time>1970-01-01T01:00:00+01:00</time>
				<extensions>
					<swisstopo:routepoint_id>996689072</swisstopo:routepoint_id>
				</extensions>
			</trkpt>
			<trkpt lat="46.2489277120" lon="8.0589293339">
				<ele>2353.9</ele>
				<time>1970-01-01T01:00:00+01:00</time>
				<extensions>
					<swisstopo:routepoint_id>302222763</swisstopo:routepoint_id>
				</extensions>
			</trkpt>
			<trkpt lat="46.2489094071" lon="8.0588807392">
				<ele>2353.5</ele>
				<time>1970-01-01T01:00:00+01:00</time>
				<extensions>
					<swisstopo:routepoint_id>440683037</swisstopo:routepoint_id>
				</extensions>
			</trkpt>
			<trkpt lat="46.2488832237" lon="8.0588382471">
				<ele>2352.5</ele>
				<time>1970-01-01T01:00:00+01:00</time>
				<extensions>
					<swisstopo:routepoint_id>872946383</swisstopo:routepoint_id>
				</extensions>
			</trkpt>
			<trkpt lat="46.2488599574" lon="8.0587844547">
				<ele>2350.9</ele>
				<time>1970-01-01T01:00:00+01:00</time>
				<extensions>
					<swisstopo:routepoint_id>867877766</swisstopo:routepoint_id>
				</extensions>
			</trkpt>
			<trkpt lat="46.2488444088" lon="8.0587554687">
				<ele>2349.9</ele>
				<time>1970-01-01T01:00:00+01:00</time>
				<extensions>
					<swisstopo:routepoint_id>1627453382</swisstopo:routepoint_id>
				</extensions>
			</trkpt>
			<trkpt lat="46.2488195752" lon="8.0587263517">
				<ele>2348.8</ele>
				<time>1970-01-01T01:00:00+01:00</time>
				<extensions>
					<swisstopo:routepoint_id>2108918956</swisstopo:routepoint_id>
				</extensions>
			</trkpt>
			<trkpt lat="46.2487926094" lon="8.0586951717">
				<ele>2347.6</ele>
				<time>1970-01-01T01:00:00+01:00</time>
				<extensions>
					<swisstopo:routepoint_id>1296739816</swisstopo:routepoint_id>
				</extensions>
			</trkpt>
			<trkpt lat="46.2487791534" lon="8.0586754664">
				<ele>2346.9</ele>
				<time>1970-01-01T01:00:00+01:00</time>
				<extensions>
					<swisstopo:routepoint_id>1003889936</swisstopo:routepoint_id>
				</extensions>
			</trkpt>
			<trkpt lat="46.2487658273" lon="8.0586320826">
				<ele>2346.1</ele>
				<time>1970-01-01T01:00:00+01:00</time>
				<extensions>
					<swisstopo:routepoint_id>64612327</swisstopo:routepoint_id>
				</extensions>
			</trkpt>
			<trkpt lat="46.2487753407" lon="8.0585889589">
				<ele>2345.2</ele>
				<time>1970-01-01T01:00:00+01:00</time>
				<extensions>
					<swisstopo:routepoint_id>302853577</swisstopo:routepoint_id>
				</extensions>
			</trkpt>
			<trkpt lat="46.2487898410" lon="8.0585479562">
				<ele>2344.3</ele>
				<time>1970-01-01T01:00:00+01:00</time>
				<extensions>
					<swisstopo:routepoint_id>1925051401</swisstopo:routepoint_id>
				</extensions>
			</trkpt>
			<trkpt lat="46.2488079142" lon="8.0585090455">
				<ele>2343.5</ele>
				<time>1970-01-01T01:00:00+01:00</time>
				<extensions>
					<swisstopo:routepoint_id>1503512643</swisstopo:routepoint_id>
				</extensions>
			</trkpt>
			<trkpt lat="46.2488258544" lon="8.0584927877">
				<ele>2342.8</ele>
				<time>1970-01-01T01:00:00+01:00</time>
				<extensions>
					<swisstopo:routepoint_id>2025041472</swisstopo:routepoint_id>
				</extensions>
			</trkpt>
			<trkpt lat="46.2488309599" lon="8.0584732939">
				<ele>2342.3</ele>
				<time>1970-01-01T01:00:00+01:00</time>
				<extensions>
					<swisstopo:routepoint_id>687570174</swisstopo:routepoint_id>
				</extensions>
			</trkpt>
			<trkpt lat="46.2488254532" lon="8.0584361788">
				<ele>2341.7</ele>
				<time>1970-01-01T01:00:00+01:00</time>
				<extensions>
					<swisstopo:routepoint_id>428844645</swisstopo:routepoint_id>
				</extensions>
			</trkpt>
			<trkpt lat="46.2488106386" lon="8.0584030731">
				<ele>2341.1</ele>
				<time>1970-01-01T01:00:00+01:00</time>
				<extensions>
					<swisstopo:routepoint_id>1902569059</swisstopo:routepoint_id>
				</extensions>
			</trkpt>
			<trkpt lat="46.2488073060" lon="8.0583587648">
				<ele>2340.1</ele>
				<time>1970-01-01T01:00:00+01:00</time>
				<extensions>
					<swisstopo:routepoint_id>788865696</swisstopo:routepoint_id>
				</extensions>
			</trkpt>
			<trkpt lat="46.2488046121" lon="8.0583309511">
				<ele>2339.6</ele>
				<time>1970-01-01T01:00:00+01:00</time>
				<extensions>
					<swisstopo:routepoint_id>1185775353</swisstopo:routepoint_id>
				</extensions>
			</trkpt>
			<trkpt lat="46.2488267233" lon="8.0583342800">
				<ele>2339.1</ele>
				<time>1970-01-01T01:00:00+01:00</time>
				<extensions>
					<swisstopo:routepoint_id>766575335</swisstopo:routepoint_id>
				</extensions>
			</trkpt>
			<trkpt lat="46.2488466884" lon="8.0583396612">
				<ele>2338.4</ele>
				<time>1970-01-01T01:00:00+01:00</time>
				<extensions>
					<swisstopo:routepoint_id>150194623</swisstopo:routepoint_id>
				</extensions>
			</trkpt>
			<trkpt lat="46.2488689122" lon="8.0583224265">
				<ele>2337.4</ele>
				<time>1970-01-01T01:00:00+01:00</time>
				<extensions>
					<swisstopo:routepoint_id>677558581</swisstopo:routepoint_id>
				</extensions>
			</trkpt>
			<trkpt lat="46.2488882530" lon="8.0583102874">
				<ele>2336.3</ele>
				<time>1970-01-01T01:00:00+01:00</time>
				<extensions>
					<swisstopo:routepoint_id>738520986</swisstopo:routepoint_id>
				</extensions>
			</trkpt>
			<trkpt lat="46.2489174839" lon="8.0583209155">
				<ele>2335.5</ele>
				<time>1970-01-01T01:00:00+01:00</time>
				<extensions>
					<swisstopo:routepoint_id>1873639259</swisstopo:routepoint_id>
				</extensions>
			</trkpt>
			<trkpt lat="46.2489546746" lon="8.0583089924">
				<ele>2334.6</ele>
				<time>1970-01-01T01:00:00+01:00</time>
				<extensions>
					<swisstopo:routepoint_id>108006805</swisstopo:routepoint_id>
				</extensions>
			</trkpt>
			<trkpt lat="46.2489776244" lon="8.0582907274">
				<ele>2333.6</ele>
				<time>1970-01-01T01:00:00+01:00</time>
				<extensions>
					<swisstopo:routepoint_id>1408731758</swisstopo:routepoint_id>
				</extensions>
			</trkpt>
			<trkpt lat="46.2489998852" lon="8.0582683390">
				<ele>2332.6</ele>
				<time>1970-01-01T01:00:00+01:00</time>
				<extensions>
					<swisstopo:routepoint_id>440424022</swisstopo:routepoint_id>
				</extensions>
			</trkpt>
			<trkpt lat="46.2490256981" lon="8.0582470168">
				<ele>2331.3</ele>
				<time>1970-01-01T01:00:00+01:00</time>
				<extensions>
					<swisstopo:routepoint_id>2013284046</swisstopo:routepoint_id>
				</extensions>
			</trkpt>
			<trkpt lat="46.2490601273" lon="8.0582196131">
				<ele>2329.7</ele>
				<time>1970-01-01T01:00:00+01:00</time>
				<extensions>
					<swisstopo:routepoint_id>1856057365</swisstopo:routepoint_id>
				</extensions>
			</trkpt>
			<trkpt lat="46.2490866323" lon="8.0582034526">
				<ele>2328.2</ele>
				<time>1970-01-01T01:00:00+01:00</time>
				<extensions>
					<swisstopo:routepoint_id>1050257177</swisstopo:routepoint_id>
				</extensions>
			</trkpt>
			<trkpt lat="46.2491039343" lon="8.0581738023">
				<ele>2327.2</ele>
				<time>1970-01-01T01:00:00+01:00</time>
				<extensions>
					<swisstopo:routepoint_id>1752142632</swisstopo:routepoint_id>
				</extensions>
			</trkpt>
			<trkpt lat="46.2490805042" lon="8.0581498553">
				<ele>2326.6</ele>
				<time>1970-01-01T01:00:00+01:00</time>
				<extensions>
					<swisstopo:routepoint_id>123742689</swisstopo:routepoint_id>
				</extensions>
			</trkpt>
			<trkpt lat="46.2490535696" lon="8.0581145476">
				<ele>2325.8</ele>
				<time>1970-01-01T01:00:00+01:00</time>
				<extensions>
					<swisstopo:routepoint_id>1581828644</swisstopo:routepoint_id>
				</extensions>
			</trkpt>
			<trkpt lat="46.2490358573" lon="8.0580875886">
				<ele>2325.2</ele>
				<time>1970-01-01T01:00:00+01:00</time>
				<extensions>
					<swisstopo:routepoint_id>960713303</swisstopo:routepoint_id>
				</extensions>
			</trkpt>
			<trkpt lat="46.2490254367" lon="8.0580349682">
				<ele>2323.6</ele>
				<time>1970-01-01T01:00:00+01:00</time>
				<extensions>
					<swisstopo:routepoint_id>911511075</swisstopo:routepoint_id>
				</extensions>
			</trkpt>
			<trkpt lat="46.2490078065" lon="8.0579946378">
				<ele>2322.6</ele>
				<time>1970-01-01T01:00:00+01:00</time>
				<extensions>
					<swisstopo:routepoint_id>1718621598</swisstopo:routepoint_id>
				</extensions>
			</trkpt>
			<trkpt lat="46.2490009273" lon="8.0579482375">
				<ele>2321.4</ele>
				<time>1970-01-01T01:00:00+01:00</time>
				<extensions>
					<swisstopo:routepoint_id>623563446</swisstopo:routepoint_id>
				</extensions>
			</trkpt>
			<trkpt lat="46.2489976282" lon="8.0578977750">
				<ele>2319.7</ele>
				<time>1970-01-01T01:00:00+01:00</time>
				<extensions>
					<swisstopo:routepoint_id>2044306629</swisstopo:routepoint_id>
				</extensions>
			</trkpt>
			<trkpt lat="46.2490105756" lon="8.0578804091">
				<ele>2319.0</ele>
				<time>1970-01-01T01:00:00+01:00</time>
				<extensions>
					<swisstopo:routepoint_id>993886239</swisstopo:routepoint_id>
				</extensions>
			</trkpt>
			<trkpt lat="46.2490350105" lon="8.0578508400">
				<ele>2317.7</ele>
				<time>1970-01-01T01:00:00+01:00</time>
				<extensions>
					<swisstopo:routepoint_id>1226322183</swisstopo:routepoint_id>
				</extensions>
			</trkpt>
			<trkpt lat="46.2490665225" lon="8.0578347363">
				<ele>2316.9</ele>
				<time>1970-01-01T01:00:00+01:00</time>
				<extensions>
					<swisstopo:routepoint_id>708583331</swisstopo:routepoint_id>
				</extensions>
			</trkpt>
			<trkpt lat="46.2491009065" lon="8.0578155755">
				<ele>2315.8</ele>
				<time>1970-01-01T01:00:00+01:00</time>
				<extensions>
					<swisstopo:routepoint_id>425295753</swisstopo:routepoint_id>
				</extensions>
			</trkpt>
			<trkpt lat="46.2491202585" lon="8.0578013849">
				<ele>2315.4</ele>
				<time>1970-01-01T01:00:00+01:00</time>
				<extensions>
					<swisstopo:routepoint_id>1237481227</swisstopo:routepoint_id>
				</extensions>
			</trkpt>
			<trkpt lat="46.2491346515" lon="8.0577799326">
				<ele>2315.0</ele>
				<time>1970-01-01T01:00:00+01:00</time>
				<extensions>
					<swisstopo:routepoint_id>1074667998</swisstopo:routepoint_id>
				</extensions>
			</trkpt>
			<trkpt lat="46.2491405079" lon="8.0577532291">
				<ele>2314.6</ele>
				<time>1970-01-01T01:00:00+01:00</time>
				<extensions>
					<swisstopo:routepoint_id>122472413</swisstopo:routepoint_id>
				</extensions>
			</trkpt>
			<trkpt lat="46.2491342049" lon="8.0577315412">
				<ele>2314.1</ele>
				<time>1970-01-01T01:00:00+01:00</time>
				<extensions>
					<swisstopo:routepoint_id>2046188126</swisstopo:routepoint_id>
				</extensions>
			</trkpt>
			<trkpt lat="46.2491207148" lon="8.0577180281">
				<ele>2313.8</ele>
				<time>1970-01-01T01:00:00+01:00</time>
				<extensions>
					<swisstopo:routepoint_id>1390552940</swisstopo:routepoint_id>
				</extensions>
			</trkpt>
			<trkpt lat="46.2491151346" lon="8.0576942843">
				<ele>2313.5</ele>
				<time>1970-01-01T01:00:00+01:00</time>
				<extensions>
					<swisstopo:routepoint_id>1135993724</swisstopo:routepoint_id>
				</extensions>
			</trkpt>
			<trkpt lat="46.2491267742" lon="8.0576542615">
				<ele>2312.8</ele>
				<time>1970-01-01T01:00:00+01:00</time>
				<extensions>
					<swisstopo:routepoint_id>638671073</swisstopo:routepoint_id>
				</extensions>
			</trkpt>
			<trkpt lat="46.2491419720" lon="8.0576173944">
				<ele>2312.1</ele>
				<time>1970-01-01T01:00:00+01:00</time>
				<extensions>
					<swisstopo:routepoint_id>508216772</swisstopo:routepoint_id>
				</extensions>
			</trkpt>
			<trkpt lat="46.2491634673" lon="8.0576032281">
				<ele>2311.5</ele>
				<time>1970-01-01T01:00:00+01:00</time>
				<extensions>
					<swisstopo:routepoint_id>28054349</swisstopo:routepoint_id>
				</extensions>
			</trkpt>
			<trkpt lat="46.2491785582" lon="8.0575858991">
				<ele>2310.9</ele>
				<time>1970-01-01T01:00:00+01:00</time>
				<extensions>
					<swisstopo:routepoint_id>424039011</swisstopo:routepoint_id>
				</extensions>
			</trkpt>
			<trkpt lat="46.2491794612" lon="8.0575509081">
				<ele>2310.1</ele>
				<time>1970-01-01T01:00:00+01:00</time>
				<extensions>
					<swisstopo:routepoint_id>569551776</swisstopo:routepoint_id>
				</extensions>
			</trkpt>
			<trkpt lat="46.2491803618" lon="8.0575179813">
				<ele>2309.3</ele>
				<time>1970-01-01T01:00:00+01:00</time>
				<extensions>
					<swisstopo:routepoint_id>1477272875</swisstopo:routepoint_id>
				</extensions>
			</trkpt>
			<trkpt lat="46.2491848458" lon="8.0574820053">
				<ele>2308.5</ele>
				<time>1970-01-01T01:00:00+01:00</time>
				<extensions>
					<swisstopo:routepoint_id>1433215237</swisstopo:routepoint_id>
				</extensions>
			</trkpt>
			<trkpt lat="46.2491893152" lon="8.0574470802">
				<ele>2307.7</ele>
				<time>1970-01-01T01:00:00+01:00</time>
				<extensions>
					<swisstopo:routepoint_id>242206406</swisstopo:routepoint_id>
				</extensions>
			</trkpt>
			<trkpt lat="46.2491979959" lon="8.0574276015">
				<ele>2307.0</ele>
				<time>1970-01-01T01:00:00+01:00</time>
				<extensions>
					<swisstopo:routepoint_id>1700158041</swisstopo:routepoint_id>
				</extensions>
			</trkpt>
			<trkpt lat="46.2492101497" lon="8.0574236368">
				<ele>2306.6</ele>
				<time>1970-01-01T01:00:00+01:00</time>
				<extensions>
					<swisstopo:routepoint_id>1537650493</swisstopo:routepoint_id>
				</extensions>
			</trkpt>
			<trkpt lat="46.2492258057" lon="8.0574330717">
				<ele>2306.1</ele>
				<time>1970-01-01T01:00:00+01:00</time>
				<extensions>
					<swisstopo:routepoint_id>261141414</swisstopo:routepoint_id>
				</extensions>
			</trkpt>
			<trkpt lat="46.2492316844" lon="8.0574022655">
				<ele>2305.2</ele>
				<time>1970-01-01T01:00:00+01:00</time>
				<extensions>
					<swisstopo:routepoint_id>1732314676</swisstopo:routepoint_id>
				</extensions>
			</trkpt>
			<trkpt lat="46.2492275811" lon="8.0573703074">
				<ele>2304.7</ele>
				<time>1970-01-01T01:00:00+01:00</time>
				<extensions>
					<swisstopo:routepoint_id>1615912180</swisstopo:routepoint_id>
				</extensions>
			</trkpt>
			<trkpt lat="46.2492256348" lon="8.0573342583">
				<ele>2304.2</ele>
				<time>1970-01-01T01:00:00+01:00</time>
				<extensions>
					<swisstopo:routepoint_id>791429329</swisstopo:routepoint_id>
				</extensions>
			</trkpt>
			<trkpt lat="46.2492286642" lon="8.0573023940">
				<ele>2303.4</ele>
				<time>1970-01-01T01:00:00+01:00</time>
				<extensions>
					<swisstopo:routepoint_id>1359715261</swisstopo:routepoint_id>
				</extensions>
			</trkpt>
			<trkpt lat="46.2492324278" lon="8.0572663971">
				<ele>2302.6</ele>
				<time>1970-01-01T01:00:00+01:00</time>
				<extensions>
					<swisstopo:routepoint_id>2010690694</swisstopo:routepoint_id>
				</extensions>
			</trkpt>
			<trkpt lat="46.2492320066" lon="8.0572149415">
				<ele>2302.0</ele>
				<time>1970-01-01T01:00:00+01:00</time>
				<extensions>
					<swisstopo:routepoint_id>337149857</swisstopo:routepoint_id>
				</extensions>
			</trkpt>
			<trkpt lat="46.2492221844" lon="8.0571829184">
				<ele>2301.6</ele>
				<time>1970-01-01T01:00:00+01:00</time>
				<extensions>
					<swisstopo:routepoint_id>1014688094</swisstopo:routepoint_id>
				</extensions>
			</trkpt>
			<trkpt lat="46.2492216442" lon="8.0571499751">
				<ele>2301.1</ele>
				<time>1970-01-01T01:00:00+01:00</time>
				<extensions>
					<swisstopo:routepoint_id>724735359</swisstopo:routepoint_id>
				</extensions>
			</trkpt>
			<trkpt lat="46.2492247782" lon="8.0571006113">
				<ele>2300.5</ele>
				<time>1970-01-01T01:00:00+01:00</time>
				<extensions>
					<swisstopo:routepoint_id>1544724911</swisstopo:routepoint_id>
				</extensions>
			</trkpt>
			<trkpt lat="46.2492236615" lon="8.0570429555">
				<ele>2299.5</ele>
				<time>1970-01-01T01:00:00+01:00</time>
				<extensions>
					<swisstopo:routepoint_id>1335723297</swisstopo:routepoint_id>
				</extensions>
			</trkpt>
			<trkpt lat="46.2492332337" lon="8.0569905750">
				<ele>2298.1</ele>
				<time>1970-01-01T01:00:00+01:00</time>
				<extensions>
					<swisstopo:routepoint_id>568590486</swisstopo:routepoint_id>
				</extensions>
			</trkpt>
			<trkpt lat="46.2492392194" lon="8.0569402178">
				<ele>2297.1</ele>
				<time>1970-01-01T01:00:00+01:00</time>
				<extensions>
					<swisstopo:routepoint_id>2136324604</swisstopo:routepoint_id>
				</extensions>
			</trkpt>
			<trkpt lat="46.2492467157" lon="8.0568754417">
				<ele>2295.7</ele>
				<time>1970-01-01T01:00:00+01:00</time>
				<extensions>
					<swisstopo:routepoint_id>1781398981</swisstopo:routepoint_id>
				</extensions>
			</trkpt>
			<trkpt lat="46.2492440883" lon="8.0568321795">
				<ele>2294.7</ele>
				<time>1970-01-01T01:00:00+01:00</time>
				<extensions>
					<swisstopo:routepoint_id>302823339</swisstopo:routepoint_id>
				</extensions>
			</trkpt>
			<trkpt lat="46.2492472277" lon="8.0567817900">
				<ele>2293.6</ele>
				<time>1970-01-01T01:00:00+01:00</time>
				<extensions>
					<swisstopo:routepoint_id>1338776749</swisstopo:routepoint_id>
				</extensions>
			</trkpt>
			<trkpt lat="46.2492374191" lon="8.0567456516">
				<ele>2292.7</ele>
				<time>1970-01-01T01:00:00+01:00</time>
				<extensions>
					<swisstopo:routepoint_id>1831598705</swisstopo:routepoint_id>
				</extensions>
			</trkpt>
			<trkpt lat="46.2492197579" lon="8.0567125266">
				<ele>2292.2</ele>
				<time>1970-01-01T01:00:00+01:00</time>
				<extensions>
					<swisstopo:routepoint_id>1133962337</swisstopo:routepoint_id>
				</extensions>
			</trkpt>
			<trkpt lat="46.2492055139" lon="8.0567051467">
				<ele>2292.0</ele>
				<time>1970-01-01T01:00:00+01:00</time>
				<extensions>
					<swisstopo:routepoint_id>1407517052</swisstopo:routepoint_id>
				</extensions>
			</trkpt>
			<trkpt lat="46.2491841729" lon="8.0566894678">
				<ele>2291.6</ele>
				<time>1970-01-01T01:00:00+01:00</time>
				<extensions>
					<swisstopo:routepoint_id>882336168</swisstopo:routepoint_id>
				</extensions>
			</trkpt>
			<trkpt lat="46.2491679237" lon="8.0566583976">
				<ele>2291.4</ele>
				<time>1970-01-01T01:00:00+01:00</time>
				<extensions>
					<swisstopo:routepoint_id>1107939375</swisstopo:routepoint_id>
				</extensions>
			</trkpt>
			<trkpt lat="46.2491509458" lon="8.0566304216">
				<ele>2291.0</ele>
				<time>1970-01-01T01:00:00+01:00</time>
				<extensions>
					<swisstopo:routepoint_id>214632062</swisstopo:routepoint_id>
				</extensions>
			</trkpt>
			<trkpt lat="46.2491382879" lon="8.0565932252">
				<ele>2289.9</ele>
				<time>1970-01-01T01:00:00+01:00</time>
				<extensions>
					<swisstopo:routepoint_id>2086148644</swisstopo:routepoint_id>
				</extensions>
			</trkpt>
			<trkpt lat="46.2491185195" lon="8.0565518199">
				<ele>2288.6</ele>
				<time>1970-01-01T01:00:00+01:00</time>
				<extensions>
					<swisstopo:routepoint_id>698265121</swisstopo:routepoint_id>
				</extensions>
			</trkpt>
			<trkpt lat="46.2490863749" lon="8.0565535191">
				<ele>2287.5</ele>
				<time>1970-01-01T01:00:00+01:00</time>
				<extensions>
					<swisstopo:routepoint_id>1138307422</swisstopo:routepoint_id>
				</extensions>
			</trkpt>
			<trkpt lat="46.2490727498" lon="8.0565646852">
				<ele>2287.2</ele>
				<time>1970-01-01T01:00:00+01:00</time>
				<extensions>
					<swisstopo:routepoint_id>327345369</swisstopo:routepoint_id>
				</extensions>
			</trkpt>
			<trkpt lat="46.2490512996" lon="8.0565706213">
				<ele>2287.1</ele>
				<time>1970-01-01T01:00:00+01:00</time>
				<extensions>
					<swisstopo:routepoint_id>1924598482</swisstopo:routepoint_id>
				</extensions>
			</trkpt>
			<trkpt lat="46.2490342455" lon="8.0565549912">
				<ele>2287.0</ele>
				<time>1970-01-01T01:00:00+01:00</time>
				<extensions>
					<swisstopo:routepoint_id>2043048391</swisstopo:routepoint_id>
				</extensions>
			</trkpt>
			<trkpt lat="46.2490158527" lon="8.0565239094">
				<ele>2287.1</ele>
				<time>1970-01-01T01:00:00+01:00</time>
				<extensions>
					<swisstopo:routepoint_id>2128548640</swisstopo:routepoint_id>
				</extensions>
			</trkpt>
			<trkpt lat="46.2489903013" lon="8.0564958236">
				<ele>2287.2</ele>
				<time>1970-01-01T01:00:00+01:00</time>
				<extensions>
					<swisstopo:routepoint_id>2115327012</swisstopo:routepoint_id>
				</extensions>
			</trkpt>
			<trkpt lat="46.2489661898" lon="8.0564646643">
				<ele>2287.1</ele>
				<time>1970-01-01T01:00:00+01:00</time>
				<extensions>
					<swisstopo:routepoint_id>2069221961</swisstopo:routepoint_id>
				</extensions>
			</trkpt>
			<trkpt lat="46.2489405572" lon="8.0564530524">
				<ele>2286.8</ele>
				<time>1970-01-01T01:00:00+01:00</time>
				<extensions>
					<swisstopo:routepoint_id>1617195733</swisstopo:routepoint_id>
				</extensions>
			</trkpt>
			<trkpt lat="46.2489206818" lon="8.0564312106">
				<ele>2286.6</ele>
				<time>1970-01-01T01:00:00+01:00</time>
				<extensions>
					<swisstopo:routepoint_id>372599415</swisstopo:routepoint_id>
				</extensions>
			</trkpt>
			<trkpt lat="46.2489122576" lon="8.0564053961">
				<ele>2286.8</ele>
				<time>1970-01-01T01:00:00+01:00</time>
				<extensions>
					<swisstopo:routepoint_id>1752705134</swisstopo:routepoint_id>
				</extensions>
			</trkpt>
			<trkpt lat="46.2488917520" lon="8.0563670725">
				<ele>2286.3</ele>
				<time>1970-01-01T01:00:00+01:00</time>
				<extensions>
					<swisstopo:routepoint_id>454279472</swisstopo:routepoint_id>
				</extensions>
			</trkpt>
			<trkpt lat="46.2488762872" lon="8.0563226390">
				<ele>2285.7</ele>
				<time>1970-01-01T01:00:00+01:00</time>
				<extensions>
					<swisstopo:routepoint_id>345027167</swisstopo:routepoint_id>
				</extensions>
			</trkpt>
			<trkpt lat="46.2488564906" lon="8.0562863876">
				<ele>2285.3</ele>
				<time>1970-01-01T01:00:00+01:00</time>
				<extensions>
					<swisstopo:routepoint_id>1285955335</swisstopo:routepoint_id>
				</extensions>
			</trkpt>
			<trkpt lat="46.2488437233" lon="8.0562708064">
				<ele>2284.8</ele>
				<time>1970-01-01T01:00:00+01:00</time>
				<extensions>
					<swisstopo:routepoint_id>939908594</swisstopo:routepoint_id>
				</extensions>
			</trkpt>
			<trkpt lat="46.2488360723" lon="8.0562336670">
				<ele>2284.2</ele>
				<time>1970-01-01T01:00:00+01:00</time>
				<extensions>
					<swisstopo:routepoint_id>1826448445</swisstopo:routepoint_id>
				</extensions>
			</trkpt>
			<trkpt lat="46.2488333467" lon="8.0562099560">
				<ele>2283.7</ele>
				<time>1970-01-01T01:00:00+01:00</time>
				<extensions>
					<swisstopo:routepoint_id>156144873</swisstopo:routepoint_id>
				</extensions>
			</trkpt>
			<trkpt lat="46.2488513371" lon="8.0561844412">
				<ele>2283.3</ele>
				<time>1970-01-01T01:00:00+01:00</time>
				<extensions>
					<swisstopo:routepoint_id>1555883955</swisstopo:routepoint_id>
				</extensions>
			</trkpt>
			<trkpt lat="46.2488415484" lon="8.0561462393">
				<ele>2282.2</ele>
				<time>1970-01-01T01:00:00+01:00</time>
				<extensions>
					<swisstopo:routepoint_id>1701807964</swisstopo:routepoint_id>
				</extensions>
			</trkpt>
			<trkpt lat="46.2488345303" lon="8.0561235179">
				<ele>2281.6</ele>
				<time>1970-01-01T01:00:00+01:00</time>
				<extensions>
					<swisstopo:routepoint_id>265767146</swisstopo:routepoint_id>
				</extensions>
			</trkpt>
			<trkpt lat="46.2488333626" lon="8.0560751313">
				<ele>2280.7</ele>
				<time>1970-01-01T01:00:00+01:00</time>
				<extensions>
					<swisstopo:routepoint_id>797547855</swisstopo:routepoint_id>
				</extensions>
			</trkpt>
			<trkpt lat="46.2488371233" lon="8.0560412114">
				<ele>2279.9</ele>
				<time>1970-01-01T01:00:00+01:00</time>
				<extensions>
					<swisstopo:routepoint_id>2097283924</swisstopo:routepoint_id>
				</extensions>
			</trkpt>
			<trkpt lat="46.2488423127" lon="8.0560062692">
				<ele>2279.3</ele>
				<time>1970-01-01T01:00:00+01:00</time>
				<extensions>
					<swisstopo:routepoint_id>1316344650</swisstopo:routepoint_id>
				</extensions>
			</trkpt>
			<trkpt lat="46.2488296521" lon="8.0559711372">
				<ele>2278.6</ele>
				<time>1970-01-01T01:00:00+01:00</time>
				<extensions>
					<swisstopo:routepoint_id>2078743344</swisstopo:routepoint_id>
				</extensions>
			</trkpt>
			<trkpt lat="46.2488083706" lon="8.0559461901">
				<ele>2278.3</ele>
				<time>1970-01-01T01:00:00+01:00</time>
				<extensions>
					<swisstopo:routepoint_id>949262537</swisstopo:routepoint_id>
				</extensions>
			</trkpt>
			<trkpt lat="46.2487854885" lon="8.0559520975">
				<ele>2277.6</ele>
				<time>1970-01-01T01:00:00+01:00</time>
				<extensions>
					<swisstopo:routepoint_id>26022962</swisstopo:routepoint_id>
				</extensions>
			</trkpt>
			<trkpt lat="46.2487720209" lon="8.0559344569">
				<ele>2277.4</ele>
				<time>1970-01-01T01:00:00+01:00</time>
				<extensions>
					<swisstopo:routepoint_id>1192884990</swisstopo:routepoint_id>
				</extensions>
			</trkpt>
			<trkpt lat="46.2487507585" lon="8.0559043686">
				<ele>2276.7</ele>
				<time>1970-01-01T01:00:00+01:00</time>
				<extensions>
					<swisstopo:routepoint_id>943671172</swisstopo:routepoint_id>
				</extensions>
			</trkpt>
			<trkpt lat="46.2487250890" lon="8.0558978979">
				<ele>2276.3</ele>
				<time>1970-01-01T01:00:00+01:00</time>
				<extensions>
					<swisstopo:routepoint_id>409674253</swisstopo:routepoint_id>
				</extensions>
			</trkpt>
			<trkpt lat="46.2487095284" lon="8.0558709641">
				<ele>2275.7</ele>
				<time>1970-01-01T01:00:00+01:00</time>
				<extensions>
					<swisstopo:routepoint_id>1223808287</swisstopo:routepoint_id>
				</extensions>
			</trkpt>
			<trkpt lat="46.2486953967" lon="8.0558430082">
				<ele>2275.4</ele>
				<time>1970-01-01T01:00:00+01:00</time>
				<extensions>
					<swisstopo:routepoint_id>1758803274</swisstopo:routepoint_id>
				</extensions>
			</trkpt>
			<trkpt lat="46.2486770398" lon="8.0558036962">
				<ele>2274.4</ele>
				<time>1970-01-01T01:00:00+01:00</time>
				<extensions>
					<swisstopo:routepoint_id>921150287</swisstopo:routepoint_id>
				</extensions>
			</trkpt>
			<trkpt lat="46.2486543319" lon="8.0557776946">
				<ele>2274.6</ele>
				<time>1970-01-01T01:00:00+01:00</time>
				<extensions>
					<swisstopo:routepoint_id>1242742679</swisstopo:routepoint_id>
				</extensions>
			</trkpt>
			<trkpt lat="46.2486345720" lon="8.0557363027">
				<ele>2274.3</ele>
				<time>1970-01-01T01:00:00+01:00</time>
				<extensions>
					<swisstopo:routepoint_id>346280377</swisstopo:routepoint_id>
				</extensions>
			</trkpt>
			<trkpt lat="46.2486225780" lon="8.0557093969">
				<ele>2273.5</ele>
				<time>1970-01-01T01:00:00+01:00</time>
				<extensions>
					<swisstopo:routepoint_id>1956755118</swisstopo:routepoint_id>
				</extensions>
			</trkpt>
			<trkpt lat="46.2486256464" lon="8.0556703279">
				<ele>2272.5</ele>
				<time>1970-01-01T01:00:00+01:00</time>
				<extensions>
					<swisstopo:routepoint_id>2121310078</swisstopo:routepoint_id>
				</extensions>
			</trkpt>
			<trkpt lat="46.2486379493" lon="8.0556406204">
				<ele>2271.7</ele>
				<time>1970-01-01T01:00:00+01:00</time>
				<extensions>
					<swisstopo:routepoint_id>511352906</swisstopo:routepoint_id>
				</extensions>
			</trkpt>
			<trkpt lat="46.2486467082" lon="8.0556067572">
				<ele>2270.5</ele>
				<time>1970-01-01T01:00:00+01:00</time>
				<extensions>
					<swisstopo:routepoint_id>1742727597</swisstopo:routepoint_id>
				</extensions>
			</trkpt>
			<trkpt lat="46.2486376982" lon="8.0555562305">
				<ele>2269.1</ele>
				<time>1970-01-01T01:00:00+01:00</time>
				<extensions>
					<swisstopo:routepoint_id>316516827</swisstopo:routepoint_id>
				</extensions>
			</trkpt>
			<trkpt lat="46.2486315014" lon="8.0555149798">
				<ele>2268.4</ele>
				<time>1970-01-01T01:00:00+01:00</time>
				<extensions>
					<swisstopo:routepoint_id>1162916261</swisstopo:routepoint_id>
				</extensions>
			</trkpt>
			<trkpt lat="46.2486074401" lon="8.0554745649">
				<ele>2268.1</ele>
				<time>1970-01-01T01:00:00+01:00</time>
				<extensions>
					<swisstopo:routepoint_id>27572248</swisstopo:routepoint_id>
				</extensions>
			</trkpt>
			<trkpt lat="46.2486011615" lon="8.0554467108">
				<ele>2267.7</ele>
				<time>1970-01-01T01:00:00+01:00</time>
				<extensions>
					<swisstopo:routepoint_id>466749798</swisstopo:routepoint_id>
				</extensions>
			</trkpt>
			<trkpt lat="46.2485927596" lon="8.0554167560">
				<ele>2267.7</ele>
				<time>1970-01-01T01:00:00+01:00</time>
				<extensions>
					<swisstopo:routepoint_id>1661854526</swisstopo:routepoint_id>
				</extensions>
			</trkpt>
			<trkpt lat="46.2485707742" lon="8.0553887240">
				<ele>2267.5</ele>
				<time>1970-01-01T01:00:00+01:00</time>
				<extensions>
					<swisstopo:routepoint_id>666062370</swisstopo:routepoint_id>
				</extensions>
			</trkpt>
			<trkpt lat="46.2485638010" lon="8.0553577723">
				<ele>2266.9</ele>
				<time>1970-01-01T01:00:00+01:00</time>
				<extensions>
					<swisstopo:routepoint_id>1129810462</swisstopo:routepoint_id>
				</extensions>
			</trkpt>
			<trkpt lat="46.2485718257" lon="8.0553280163">
				<ele>2265.9</ele>
				<time>1970-01-01T01:00:00+01:00</time>
				<extensions>
					<swisstopo:routepoint_id>1531508287</swisstopo:routepoint_id>
				</extensions>
			</trkpt>
			<trkpt lat="46.2485613614" lon="8.0552815761">
				<ele>2264.9</ele>
				<time>1970-01-01T01:00:00+01:00</time>
				<extensions>
					<swisstopo:routepoint_id>124640481</swisstopo:routepoint_id>
				</extensions>
			</trkpt>
			<trkpt lat="46.2485472632" lon="8.0552474412">
				<ele>2264.1</ele>
				<time>1970-01-01T01:00:00+01:00</time>
				<extensions>
					<swisstopo:routepoint_id>2037861374</swisstopo:routepoint_id>
				</extensions>
			</trkpt>
			<trkpt lat="46.2485302817" lon="8.0552184402">
				<ele>2262.8</ele>
				<time>1970-01-01T01:00:00+01:00</time>
				<extensions>
					<swisstopo:routepoint_id>758336100</swisstopo:routepoint_id>
				</extensions>
			</trkpt>
			<trkpt lat="46.2485068734" lon="8.0551903795">
				<ele>2261.7</ele>
				<time>1970-01-01T01:00:00+01:00</time>
				<extensions>
					<swisstopo:routepoint_id>1752007688</swisstopo:routepoint_id>
				</extensions>
			</trkpt>
			<trkpt lat="46.2484870516" lon="8.0551603080">
				<ele>2261.2</ele>
				<time>1970-01-01T01:00:00+01:00</time>
				<extensions>
					<swisstopo:routepoint_id>1096906144</swisstopo:routepoint_id>
				</extensions>
			</trkpt>
			<trkpt lat="46.2484565825" lon="8.0551157054">
				<ele>2260.6</ele>
				<time>1970-01-01T01:00:00+01:00</time>
				<extensions>
					<swisstopo:routepoint_id>866288158</swisstopo:routepoint_id>
				</extensions>
			</trkpt>
			<trkpt lat="46.2484289803" lon="8.0550721610">
				<ele>2259.6</ele>
				<time>1970-01-01T01:00:00+01:00</time>
				<extensions>
					<swisstopo:routepoint_id>1148021387</swisstopo:routepoint_id>
				</extensions>
			</trkpt>
			<trkpt lat="46.2483984077" lon="8.0550481346">
				<ele>2258.0</ele>
				<time>1970-01-01T01:00:00+01:00</time>
				<extensions>
					<swisstopo:routepoint_id>1290321687</swisstopo:routepoint_id>
				</extensions>
			</trkpt>
			<trkpt lat="46.2483819528" lon="8.0550531022">
				<ele>2258.1</ele>
				<time>1970-01-01T01:00:00+01:00</time>
				<extensions>
					<swisstopo:routepoint_id>885858354</swisstopo:routepoint_id>
				</extensions>
			</trkpt>
			<trkpt lat="46.2483633744" lon="8.0550559689">
				<ele>2258.4</ele>
				<time>1970-01-01T01:00:00+01:00</time>
				<extensions>
					<swisstopo:routepoint_id>5591364</swisstopo:routepoint_id>
				</extensions>
			</trkpt>
			<trkpt lat="46.2483434203" lon="8.0550485502">
				<ele>2257.7</ele>
				<time>1970-01-01T01:00:00+01:00</time>
				<extensions>
					<swisstopo:routepoint_id>1763832357</swisstopo:routepoint_id>
				</extensions>
			</trkpt>
			<trkpt lat="46.2483171289" lon="8.0550256109">
				<ele>2255.7</ele>
				<time>1970-01-01T01:00:00+01:00</time>
				<extensions>
					<swisstopo:routepoint_id>2116560351</swisstopo:routepoint_id>
				</extensions>
			</trkpt>
			<trkpt lat="46.2482944601" lon="8.0549924176">
				<ele>2254.8</ele>
				<time>1970-01-01T01:00:00+01:00</time>
				<extensions>
					<swisstopo:routepoint_id>1332351546</swisstopo:routepoint_id>
				</extensions>
			</trkpt>
			<trkpt lat="46.2482739067" lon="8.0549643894">
				<ele>2253.7</ele>
				<time>1970-01-01T01:00:00+01:00</time>
				<extensions>
					<swisstopo:routepoint_id>1636007614</swisstopo:routepoint_id>
				</extensions>
			</trkpt>
			<trkpt lat="46.2482626127" lon="8.0549395559">
				<ele>2252.3</ele>
				<time>1970-01-01T01:00:00+01:00</time>
				<extensions>
					<swisstopo:routepoint_id>2128549256</swisstopo:routepoint_id>
				</extensions>
			</trkpt>
			<trkpt lat="46.2482562656" lon="8.0549194131">
				<ele>2251.4</ele>
				<time>1970-01-01T01:00:00+01:00</time>
				<extensions>
					<swisstopo:routepoint_id>1412522897</swisstopo:routepoint_id>
				</extensions>
			</trkpt>
			<trkpt lat="46.2482317088" lon="8.0548941255">
				<ele>2251.9</ele>
				<time>1970-01-01T01:00:00+01:00</time>
				<extensions>
					<swisstopo:routepoint_id>1111878817</swisstopo:routepoint_id>
				</extensions>
			</trkpt>
			<trkpt lat="46.2481991537" lon="8.0548389386">
				<ele>2251.4</ele>
				<time>1970-01-01T01:00:00+01:00</time>
				<extensions>
					<swisstopo:routepoint_id>1268916248</swisstopo:routepoint_id>
				</extensions>
			</trkpt>
			<trkpt lat="46.2481611226" lon="8.0548262122">
				<ele>2251.7</ele>
				<time>1970-01-01T01:00:00+01:00</time>
				<extensions>
					<swisstopo:routepoint_id>1982411119</swisstopo:routepoint_id>
				</extensions>
			</trkpt>
			<trkpt lat="46.2481397790" lon="8.0548126111">
				<ele>2253.0</ele>
				<time>1970-01-01T01:00:00+01:00</time>
				<extensions>
					<swisstopo:routepoint_id>214027520</swisstopo:routepoint_id>
				</extensions>
			</trkpt>
			<trkpt lat="46.2481285356" lon="8.0547785089">
				<ele>2250.7</ele>
				<time>1970-01-01T01:00:00+01:00</time>
				<extensions>
					<swisstopo:routepoint_id>1804793251</swisstopo:routepoint_id>
				</extensions>
			</trkpt>
			<trkpt lat="46.2481145636" lon="8.0547227728">
				<ele>2249.7</ele>
				<time>1970-01-01T01:00:00+01:00</time>
				<extensions>
					<swisstopo:routepoint_id>1495920293</swisstopo:routepoint_id>
				</extensions>
			</trkpt>
			<trkpt lat="46.2481012920" lon="8.0546690961">
				<ele>2250.2</ele>
				<time>1970-01-01T01:00:00+01:00</time>
				<extensions>
					<swisstopo:routepoint_id>1715155349</swisstopo:routepoint_id>
				</extensions>
			</trkpt>
			<trkpt lat="46.2481078817" lon="8.0546382982">
				<ele>2250.5</ele>
				<time>1970-01-01T01:00:00+01:00</time>
				<extensions>
					<swisstopo:routepoint_id>1997250676</swisstopo:routepoint_id>
				</extensions>
			</trkpt>
			<trkpt lat="46.2481273958" lon="8.0545942619">
				<ele>2251.2</ele>
				<time>1970-01-01T01:00:00+01:00</time>
				<extensions>
					<swisstopo:routepoint_id>1648545383</swisstopo:routepoint_id>
				</extensions>
			</trkpt>
			<trkpt lat="46.2481383819" lon="8.0545449752">
				<ele>2250.5</ele>
				<time>1970-01-01T01:00:00+01:00</time>
				<extensions>
					<swisstopo:routepoint_id>1508993526</swisstopo:routepoint_id>
				</extensions>
			</trkpt>
			<trkpt lat="46.2481471542" lon="8.0545069968">
				<ele>2249.1</ele>
				<time>1970-01-01T01:00:00+01:00</time>
				<extensions>
					<swisstopo:routepoint_id>1484422984</swisstopo:routepoint_id>
				</extensions>
			</trkpt>
			<trkpt lat="46.2481532229" lon="8.0544411925">
				<ele>2247.6</ele>
				<time>1970-01-01T01:00:00+01:00</time>
				<extensions>
					<swisstopo:routepoint_id>130346239</swisstopo:routepoint_id>
				</extensions>
			</trkpt>
			<trkpt lat="46.2481440666" lon="8.0544174217">
				<ele>2246.8</ele>
				<time>1970-01-01T01:00:00+01:00</time>
				<extensions>
					<swisstopo:routepoint_id>541421889</swisstopo:routepoint_id>
				</extensions>
			</trkpt>
			<trkpt lat="46.2481400015" lon="8.0543782597">
				<ele>2245.6</ele>
				<time>1970-01-01T01:00:00+01:00</time>
				<extensions>
					<swisstopo:routepoint_id>1239432736</swisstopo:routepoint_id>
				</extensions>
			</trkpt>
			<trkpt lat="46.2481488329" lon="8.0543310126">
				<ele>2244.2</ele>
				<time>1970-01-01T01:00:00+01:00</time>
				<extensions>
					<swisstopo:routepoint_id>773172187</swisstopo:routepoint_id>
				</extensions>
			</trkpt>
			<trkpt lat="46.2481597565" lon="8.0542899687">
				<ele>2242.9</ele>
				<time>1970-01-01T01:00:00+01:00</time>
				<extensions>
					<swisstopo:routepoint_id>520116441</swisstopo:routepoint_id>
				</extensions>
			</trkpt>
			<trkpt lat="46.2481643291" lon="8.0542375322">
				<ele>2241.4</ele>
				<time>1970-01-01T01:00:00+01:00</time>
				<extensions>
					<swisstopo:routepoint_id>940955230</swisstopo:routepoint_id>
				</extensions>
			</trkpt>
			<trkpt lat="46.2481924559" lon="8.0541863879">
				<ele>2239.8</ele>
				<time>1970-01-01T01:00:00+01:00</time>
				<extensions>
					<swisstopo:routepoint_id>2039531589</swisstopo:routepoint_id>
				</extensions>
			</trkpt>
			<trkpt lat="46.2482083922" lon="8.0541443623">
				<ele>2238.8</ele>
				<time>1970-01-01T01:00:00+01:00</time>
				<extensions>
					<swisstopo:routepoint_id>603986301</swisstopo:routepoint_id>
				</extensions>
			</trkpt>
			<trkpt lat="46.2482006622" lon="8.0541216333">
				<ele>2238.4</ele>
				<time>1970-01-01T01:00:00+01:00</time>
				<extensions>
					<swisstopo:routepoint_id>1954068105</swisstopo:routepoint_id>
				</extensions>
			</trkpt>
			<trkpt lat="46.2481973333" lon="8.0540763128">
				<ele>2237.9</ele>
				<time>1970-01-01T01:00:00+01:00</time>
				<extensions>
					<swisstopo:routepoint_id>2127913452</swisstopo:routepoint_id>
				</extensions>
			</trkpt>
			<trkpt lat="46.2481933187" lon="8.0540278820">
				<ele>2237.6</ele>
				<time>1970-01-01T01:00:00+01:00</time>
				<extensions>
					<swisstopo:routepoint_id>1142430022</swisstopo:routepoint_id>
				</extensions>
			</trkpt>
			<trkpt lat="46.2481813946" lon="8.0539896694">
				<ele>2237.4</ele>
				<time>1970-01-01T01:00:00+01:00</time>
				<extensions>
					<swisstopo:routepoint_id>1673972978</swisstopo:routepoint_id>
				</extensions>
			</trkpt>
			<trkpt lat="46.2481772222" lon="8.0539669807">
				<ele>2236.8</ele>
				<time>1970-01-01T01:00:00+01:00</time>
				<extensions>
					<swisstopo:routepoint_id>916781651</swisstopo:routepoint_id>
				</extensions>
			</trkpt>
			<trkpt lat="46.2481903122" lon="8.0539249356">
				<ele>2236.2</ele>
				<time>1970-01-01T01:00:00+01:00</time>
				<extensions>
					<swisstopo:routepoint_id>820723466</swisstopo:routepoint_id>
				</extensions>
			</trkpt>
			<trkpt lat="46.2482041386" lon="8.0538767065">
				<ele>2235.4</ele>
				<time>1970-01-01T01:00:00+01:00</time>
				<extensions>
					<swisstopo:routepoint_id>127824742</swisstopo:routepoint_id>
				</extensions>
			</trkpt>
			<trkpt lat="46.2482221453" lon="8.0538481017">
				<ele>2234.5</ele>
				<time>1970-01-01T01:00:00+01:00</time>
				<extensions>
					<swisstopo:routepoint_id>2135494742</swisstopo:routepoint_id>
				</extensions>
			</trkpt>
			<trkpt lat="46.2482245239" lon="8.0538048970">
				<ele>2233.8</ele>
				<time>1970-01-01T01:00:00+01:00</time>
				<extensions>
					<swisstopo:routepoint_id>2067312297</swisstopo:routepoint_id>
				</extensions>
			</trkpt>
			<trkpt lat="46.2482247983" lon="8.0537544632">
				<ele>2233.2</ele>
				<time>1970-01-01T01:00:00+01:00</time>
				<extensions>
					<swisstopo:routepoint_id>524128797</swisstopo:routepoint_id>
				</extensions>
			</trkpt>
			<trkpt lat="46.2482143780" lon="8.0536998058">
				<ele>2232.4</ele>
				<time>1970-01-01T01:00:00+01:00</time>
				<extensions>
					<swisstopo:routepoint_id>859633008</swisstopo:routepoint_id>
				</extensions>
			</trkpt>
			<trkpt lat="46.2482032382" lon="8.0536482047">
				<ele>2232.1</ele>
				<time>1970-01-01T01:00:00+01:00</time>
				<extensions>
					<swisstopo:routepoint_id>1577595426</swisstopo:routepoint_id>
				</extensions>
			</trkpt>
			<trkpt lat="46.2481749767" lon="8.0535933330">
				<ele>2231.2</ele>
				<time>1970-01-01T01:00:00+01:00</time>
				<extensions>
					<swisstopo:routepoint_id>897851296</swisstopo:routepoint_id>
				</extensions>
			</trkpt>
			<trkpt lat="46.2481552184" lon="8.0535498782">
				<ele>2231.1</ele>
				<time>1970-01-01T01:00:00+01:00</time>
				<extensions>
					<swisstopo:routepoint_id>1611606645</swisstopo:routepoint_id>
				</extensions>
			</trkpt>
			<trkpt lat="46.2481333278" lon="8.0535043480">
				<ele>2231.2</ele>
				<time>1970-01-01T01:00:00+01:00</time>
				<extensions>
					<swisstopo:routepoint_id>486490826</swisstopo:routepoint_id>
				</extensions>
			</trkpt>
			<trkpt lat="46.2481120792" lon="8.0534732355">
				<ele>2230.9</ele>
				<time>1970-01-01T01:00:00+01:00</time>
				<extensions>
					<swisstopo:routepoint_id>646355819</swisstopo:routepoint_id>
				</extensions>
			</trkpt>
			<trkpt lat="46.2480886896" lon="8.0534400348">
				<ele>2230.6</ele>
				<time>1970-01-01T01:00:00+01:00</time>
				<extensions>
					<swisstopo:routepoint_id>1955026223</swisstopo:routepoint_id>
				</extensions>
			</trkpt>
			<trkpt lat="46.2480661098" lon="8.0533903814">
				<ele>2230.3</ele>
				<time>1970-01-01T01:00:00+01:00</time>
				<extensions>
					<swisstopo:routepoint_id>1994858557</swisstopo:routepoint_id>
				</extensions>
			</trkpt>
			<trkpt lat="46.2480527257" lon="8.0533572937">
				<ele>2230.1</ele>
				<time>1970-01-01T01:00:00+01:00</time>
				<extensions>
					<swisstopo:routepoint_id>206161823</swisstopo:routepoint_id>
				</extensions>
			</trkpt>
			<trkpt lat="46.2480358367" lon="8.0533128332">
				<ele>2229.5</ele>
				<time>1970-01-01T01:00:00+01:00</time>
				<extensions>
					<swisstopo:routepoint_id>512827692</swisstopo:routepoint_id>
				</extensions>
			</trkpt>
			<trkpt lat="46.2480260470" lon="8.0532746450">
				<ele>2229.1</ele>
				<time>1970-01-01T01:00:00+01:00</time>
				<extensions>
					<swisstopo:routepoint_id>1518199144</swisstopo:routepoint_id>
				</extensions>
			</trkpt>
			<trkpt lat="46.2480055210" lon="8.0532414768">
				<ele>2228.6</ele>
				<time>1970-01-01T01:00:00+01:00</time>
				<extensions>
					<swisstopo:routepoint_id>967571637</swisstopo:routepoint_id>
				</extensions>
			</trkpt>
			<trkpt lat="46.2479935096" lon="8.0532176741">
				<ele>2228.3</ele>
				<time>1970-01-01T01:00:00+01:00</time>
				<extensions>
					<swisstopo:routepoint_id>244990248</swisstopo:routepoint_id>
				</extensions>
			</trkpt>
			<trkpt lat="46.2479951789" lon="8.0531723975">
				<ele>2227.7</ele>
				<time>1970-01-01T01:00:00+01:00</time>
				<extensions>
					<swisstopo:routepoint_id>1504657700</swisstopo:routepoint_id>
				</extensions>
			</trkpt>
			<trkpt lat="46.2479967841" lon="8.0531405175">
				<ele>2227.0</ele>
				<time>1970-01-01T01:00:00+01:00</time>
				<extensions>
					<swisstopo:routepoint_id>21305448</swisstopo:routepoint_id>
				</extensions>
			</trkpt>
			<trkpt lat="46.2480012691" lon="8.0531024779">
				<ele>2225.7</ele>
				<time>1970-01-01T01:00:00+01:00</time>
				<extensions>
					<swisstopo:routepoint_id>298477506</swisstopo:routepoint_id>
				</extensions>
			</trkpt>
			<trkpt lat="46.2480071019" lon="8.0530799150">
				<ele>2225.0</ele>
				<time>1970-01-01T01:00:00+01:00</time>
				<extensions>
					<swisstopo:routepoint_id>881124245</swisstopo:routepoint_id>
				</extensions>
			</trkpt>
			<trkpt lat="46.2480065893" lon="8.0530449088">
				<ele>2224.4</ele>
				<time>1970-01-01T01:00:00+01:00</time>
				<extensions>
					<swisstopo:routepoint_id>2063613788</swisstopo:routepoint_id>
				</extensions>
			</trkpt>
			<trkpt lat="46.2480039861" lon="8.0529985583">
				<ele>2223.7</ele>
				<time>1970-01-01T01:00:00+01:00</time>
				<extensions>
					<swisstopo:routepoint_id>1134370773</swisstopo:routepoint_id>
				</extensions>
			</trkpt>
			<trkpt lat="46.2480098190" lon="8.0529759827">
				<ele>2223.4</ele>
				<time>1970-01-01T01:00:00+01:00</time>
				<extensions>
					<swisstopo:routepoint_id>2059101785</swisstopo:routepoint_id>
				</extensions>
			</trkpt>
			<trkpt lat="46.2480193581" lon="8.0529277178">
				<ele>2222.7</ele>
				<time>1970-01-01T01:00:00+01:00</time>
				<extensions>
					<swisstopo:routepoint_id>1609039926</swisstopo:routepoint_id>
				</extensions>
			</trkpt>
			<trkpt lat="46.2480074170" lon="8.0528925825">
				<ele>2222.3</ele>
				<time>1970-01-01T01:00:00+01:00</time>
				<extensions>
					<swisstopo:routepoint_id>280095126</swisstopo:routepoint_id>
				</extensions>
			</trkpt>
			<trkpt lat="46.2479933827" lon="8.0528481670">
				<ele>2221.4</ele>
				<time>1970-01-01T01:00:00+01:00</time>
				<extensions>
					<swisstopo:routepoint_id>1211131801</swisstopo:routepoint_id>
				</extensions>
			</trkpt>
			<trkpt lat="46.2479814350" lon="8.0528109803">
				<ele>2220.7</ele>
				<time>1970-01-01T01:00:00+01:00</time>
				<extensions>
					<swisstopo:routepoint_id>321706556</swisstopo:routepoint_id>
				</extensions>
			</trkpt>
			<trkpt lat="46.2479702444" lon="8.0527686484">
				<ele>2220.4</ele>
				<time>1970-01-01T01:00:00+01:00</time>
				<extensions>
					<swisstopo:routepoint_id>1546148236</swisstopo:routepoint_id>
				</extensions>
			</trkpt>
			<trkpt lat="46.2479576300" lon="8.0527232233">
				<ele>2220.8</ele>
				<time>1970-01-01T01:00:00+01:00</time>
				<extensions>
					<swisstopo:routepoint_id>928770556</swisstopo:routepoint_id>
				</extensions>
			</trkpt>
			<trkpt lat="46.2479441786" lon="8.0527024815">
				<ele>2220.9</ele>
				<time>1970-01-01T01:00:00+01:00</time>
				<extensions>
					<swisstopo:routepoint_id>900894817</swisstopo:routepoint_id>
				</extensions>
			</trkpt>
			<trkpt lat="46.2479193991" lon="8.0526630987">
				<ele>2220.4</ele>
				<time>1970-01-01T01:00:00+01:00</time>
				<extensions>
					<swisstopo:routepoint_id>1751179593</swisstopo:routepoint_id>
				</extensions>
			</trkpt>
			<trkpt lat="46.2478903363" lon="8.0526246806">
				<ele>2219.9</ele>
				<time>1970-01-01T01:00:00+01:00</time>
				<extensions>
					<swisstopo:routepoint_id>1275861734</swisstopo:routepoint_id>
				</extensions>
			</trkpt>
			<trkpt lat="46.2478698325" lon="8.0525874102">
				<ele>2219.7</ele>
				<time>1970-01-01T01:00:00+01:00</time>
				<extensions>
					<swisstopo:routepoint_id>489716871</swisstopo:routepoint_id>
				</extensions>
			</trkpt>
			<trkpt lat="46.2478521421" lon="8.0525594154">
				<ele>2218.9</ele>
				<time>1970-01-01T01:00:00+01:00</time>
				<extensions>
					<swisstopo:routepoint_id>1773761149</swisstopo:routepoint_id>
				</extensions>
			</trkpt>
			<trkpt lat="46.2478259636" lon="8.0525237019">
				<ele>2218.9</ele>
				<time>1970-01-01T01:00:00+01:00</time>
				<extensions>
					<swisstopo:routepoint_id>1395510011</swisstopo:routepoint_id>
				</extensions>
			</trkpt>
			<trkpt lat="46.2477632918" lon="8.0524912743">
				<ele>2218.0</ele>
				<time>1970-01-01T01:00:00+01:00</time>
				<extensions>
					<swisstopo:routepoint_id>1091104600</swisstopo:routepoint_id>
				</extensions>
			</trkpt>
			<trkpt lat="46.2477814548" lon="8.0524451582">
				<ele>2216.9</ele>
				<time>1970-01-01T01:00:00+01:00</time>
				<extensions>
					<swisstopo:routepoint_id>251495477</swisstopo:routepoint_id>
				</extensions>
			</trkpt>
			<trkpt lat="46.2477865839" lon="8.0524097978">
				<ele>2216.1</ele>
				<time>1970-01-01T01:00:00+01:00</time>
				<extensions>
					<swisstopo:routepoint_id>1804064070</swisstopo:routepoint_id>
				</extensions>
			</trkpt>
			<trkpt lat="46.2477844616" lon="8.0523637948">
				<ele>2214.9</ele>
				<time>1970-01-01T01:00:00+01:00</time>
				<extensions>
					<swisstopo:routepoint_id>639115916</swisstopo:routepoint_id>
				</extensions>
			</trkpt>
			<trkpt lat="46.2477956507" lon="8.0523352015">
				<ele>2214.4</ele>
				<time>1970-01-01T01:00:00+01:00</time>
				<extensions>
					<swisstopo:routepoint_id>440193995</swisstopo:routepoint_id>
				</extensions>
			</trkpt>
			<trkpt lat="46.2477921335" lon="8.0523131284">
				<ele>2214.7</ele>
				<time>1970-01-01T01:00:00+01:00</time>
				<extensions>
					<swisstopo:routepoint_id>1442198530</swisstopo:routepoint_id>
				</extensions>
			</trkpt>
			<trkpt lat="46.2477942962" lon="8.0522642991">
				<ele>2214.3</ele>
				<time>1970-01-01T01:00:00+01:00</time>
				<extensions>
					<swisstopo:routepoint_id>476659413</swisstopo:routepoint_id>
				</extensions>
			</trkpt>
			<trkpt lat="46.2477749839" lon="8.0522324367">
				<ele>2213.6</ele>
				<time>1970-01-01T01:00:00+01:00</time>
				<extensions>
					<swisstopo:routepoint_id>1386073834</swisstopo:routepoint_id>
				</extensions>
			</trkpt>
			<trkpt lat="46.2477408840" lon="8.0522204910">
				<ele>2212.4</ele>
				<time>1970-01-01T01:00:00+01:00</time>
				<extensions>
					<swisstopo:routepoint_id>267837444</swisstopo:routepoint_id>
				</extensions>
			</trkpt>
			<trkpt lat="46.2477245992" lon="8.0521924997">
				<ele>2212.3</ele>
				<time>1970-01-01T01:00:00+01:00</time>
				<extensions>
					<swisstopo:routepoint_id>13541444</swisstopo:routepoint_id>
				</extensions>
			</trkpt>
			<trkpt lat="46.2477172646" lon="8.0521437787">
				<ele>2211.5</ele>
				<time>1970-01-01T01:00:00+01:00</time>
				<extensions>
					<swisstopo:routepoint_id>946266189</swisstopo:routepoint_id>
				</extensions>
			</trkpt>
			<trkpt lat="46.2476780397" lon="8.0520822254">
				<ele>2209.4</ele>
				<time>1970-01-01T01:00:00+01:00</time>
				<extensions>
					<swisstopo:routepoint_id>2093996390</swisstopo:routepoint_id>
				</extensions>
			</trkpt>
			<trkpt lat="46.2476444678" lon="8.0520166711">
				<ele>2208.9</ele>
				<time>1970-01-01T01:00:00+01:00</time>
				<extensions>
					<swisstopo:routepoint_id>623533454</swisstopo:routepoint_id>
				</extensions>
			</trkpt>
			<trkpt lat="46.2476306297" lon="8.0519635462">
				<ele>2208.6</ele>
				<time>1970-01-01T01:00:00+01:00</time>
				<extensions>
					<swisstopo:routepoint_id>105175308</swisstopo:routepoint_id>
				</extensions>
			</trkpt>
			<trkpt lat="46.2475785215" lon="8.0519303647">
				<ele>2206.6</ele>
				<time>1970-01-01T01:00:00+01:00</time>
				<extensions>
					<swisstopo:routepoint_id>1311590381</swisstopo:routepoint_id>
				</extensions>
			</trkpt>
			<trkpt lat="46.2475651142" lon="8.0517978107">
				<ele>2203.2</ele>
				<time>1970-01-01T01:00:00+01:00</time>
				<extensions>
					<swisstopo:routepoint_id>969506108</swisstopo:routepoint_id>
				</extensions>
			</trkpt>
			<trkpt lat="46.2475363239" lon="8.0516345152">
				<ele>2201.7</ele>
				<time>1970-01-01T01:00:00+01:00</time>
				<extensions>
					<swisstopo:routepoint_id>454573861</swisstopo:routepoint_id>
				</extensions>
			</trkpt>
			<trkpt lat="46.2475622979" lon="8.0515329856">
				<ele>2200.7</ele>
				<time>1970-01-01T01:00:00+01:00</time>
				<extensions>
					<swisstopo:routepoint_id>854275646</swisstopo:routepoint_id>
				</extensions>
			</trkpt>
			<trkpt lat="46.2475231281" lon="8.0514612399">
				<ele>2198.8</ele>
				<time>1970-01-01T01:00:00+01:00</time>
				<extensions>
					<swisstopo:routepoint_id>847969983</swisstopo:routepoint_id>
				</extensions>
			</trkpt>
			<trkpt lat="46.2475107726" lon="8.0513938736">
				<ele>2197.4</ele>
				<time>1970-01-01T01:00:00+01:00</time>
				<extensions>
					<swisstopo:routepoint_id>1287333370</swisstopo:routepoint_id>
				</extensions>
			</trkpt>
			<trkpt lat="46.2475353302" lon="8.0512943160">
				<ele>2196.5</ele>
				<time>1970-01-01T01:00:00+01:00</time>
				<extensions>
					<swisstopo:routepoint_id>881430538</swisstopo:routepoint_id>
				</extensions>
			</trkpt>
			<trkpt lat="46.2475346947" lon="8.0511635268">
				<ele>2195.2</ele>
				<time>1970-01-01T01:00:00+01:00</time>
				<extensions>
					<swisstopo:routepoint_id>282361245</swisstopo:routepoint_id>
				</extensions>
			</trkpt>
			<trkpt lat="46.2475437306" lon="8.0510571718">
				<ele>2195.0</ele>
				<time>1970-01-01T01:00:00+01:00</time>
				<extensions>
					<swisstopo:routepoint_id>1568295386</swisstopo:routepoint_id>
				</extensions>
			</trkpt>
			<trkpt lat="46.2475640974" lon="8.0509657471">
				<ele>2194.4</ele>
				<time>1970-01-01T01:00:00+01:00</time>
				<extensions>
					<swisstopo:routepoint_id>1942452291</swisstopo:routepoint_id>
				</extensions>
			</trkpt>
			<trkpt lat="46.2476266475" lon="8.0508633370">
				<ele>2194.3</ele>
				<time>1970-01-01T01:00:00+01:00</time>
				<extensions>
					<swisstopo:routepoint_id>1800392470</swisstopo:routepoint_id>
				</extensions>
			</trkpt>
			<trkpt lat="46.2476282249" lon="8.0507212645">
				<ele>2193.6</ele>
				<time>1970-01-01T01:00:00+01:00</time>
				<extensions>
					<swisstopo:routepoint_id>411177946</swisstopo:routepoint_id>
				</extensions>
			</trkpt>
			<trkpt lat="46.2476097715" lon="8.0506053309">
				<ele>2193.8</ele>
				<time>1970-01-01T01:00:00+01:00</time>
				<extensions>
					<swisstopo:routepoint_id>2124902092</swisstopo:routepoint_id>
				</extensions>
			</trkpt>
			<trkpt lat="46.2475437175" lon="8.0504705390">
				<ele>2192.8</ele>
				<time>1970-01-01T01:00:00+01:00</time>
				<extensions>
					<swisstopo:routepoint_id>2027835371</swisstopo:routepoint_id>
				</extensions>
			</trkpt>
			<trkpt lat="46.2475397407" lon="8.0502979121">
				<ele>2191.6</ele>
				<time>1970-01-01T01:00:00+01:00</time>
				<extensions>
					<swisstopo:routepoint_id>1546095919</swisstopo:routepoint_id>
				</extensions>
			</trkpt>
			<trkpt lat="46.2475110223" lon="8.0501696565">
				<ele>2190.2</ele>
				<time>1970-01-01T01:00:00+01:00</time>
				<extensions>
					<swisstopo:routepoint_id>1522265671</swisstopo:routepoint_id>
				</extensions>
			</trkpt>
			<trkpt lat="46.2474973428" lon="8.0500545493">
				<ele>2189.0</ele>
				<time>1970-01-01T01:00:00+01:00</time>
				<extensions>
					<swisstopo:routepoint_id>1738929589</swisstopo:routepoint_id>
				</extensions>
			</trkpt>
			<trkpt lat="46.2474687632" lon="8.0499265741">
				<ele>2188.4</ele>
				<time>1970-01-01T01:00:00+01:00</time>
				<extensions>
					<swisstopo:routepoint_id>451988683</swisstopo:routepoint_id>
				</extensions>
			</trkpt>
			<trkpt lat="46.2474540779" lon="8.0498496216">
				<ele>2187.8</ele>
				<time>1970-01-01T01:00:00+01:00</time>
				<extensions>
					<swisstopo:routepoint_id>1958785130</swisstopo:routepoint_id>
				</extensions>
			</trkpt>
			<trkpt lat="46.2474625170" lon="8.0497592024">
				<ele>2187.8</ele>
				<time>1970-01-01T01:00:00+01:00</time>
				<extensions>
					<swisstopo:routepoint_id>361865539</swisstopo:routepoint_id>
				</extensions>
			</trkpt>
			<trkpt lat="46.2475019971" lon="8.0496599637">
				<ele>2187.4</ele>
				<time>1970-01-01T01:00:00+01:00</time>
				<extensions>
					<swisstopo:routepoint_id>162456503</swisstopo:routepoint_id>
				</extensions>
			</trkpt>
			<trkpt lat="46.2475223319" lon="8.0495742492">
				<ele>2187.1</ele>
				<time>1970-01-01T01:00:00+01:00</time>
				<extensions>
					<swisstopo:routepoint_id>1201603809</swisstopo:routepoint_id>
				</extensions>
			</trkpt>
			<trkpt lat="46.2475269585" lon="8.0494528516">
				<ele>2186.8</ele>
				<time>1970-01-01T01:00:00+01:00</time>
				<extensions>
					<swisstopo:routepoint_id>1174361086</swisstopo:routepoint_id>
				</extensions>
			</trkpt>
			<trkpt lat="46.2475188395" lon="8.0493393139">
				<ele>2186.7</ele>
				<time>1970-01-01T01:00:00+01:00</time>
				<extensions>
					<swisstopo:routepoint_id>463117968</swisstopo:routepoint_id>
				</extensions>
			</trkpt>
			<trkpt lat="46.2475171617" lon="8.0492075381">
				<ele>2186.5</ele>
				<time>1970-01-01T01:00:00+01:00</time>
				<extensions>
					<swisstopo:routepoint_id>439807645</swisstopo:routepoint_id>
				</extensions>
			</trkpt>
			<trkpt lat="46.2475401700" lon="8.0490691505">
				<ele>2186.2</ele>
				<time>1970-01-01T01:00:00+01:00</time>
				<extensions>
					<swisstopo:routepoint_id>321324702</swisstopo:routepoint_id>
				</extensions>
			</trkpt>
			<trkpt lat="46.2475512170" lon="8.0490032629">
				<ele>2186.4</ele>
				<time>1970-01-01T01:00:00+01:00</time>
				<extensions>
					<swisstopo:routepoint_id>1537491638</swisstopo:routepoint_id>
				</extensions>
			</trkpt>
			<trkpt lat="46.2475775800" lon="8.0488715607">
				<ele>2186.2</ele>
				<time>1970-01-01T01:00:00+01:00</time>
				<extensions>
					<swisstopo:routepoint_id>841090881</swisstopo:routepoint_id>
				</extensions>
			</trkpt>
			<trkpt lat="46.2475963810" lon="8.0487655427">
				<ele>2185.8</ele>
				<time>1970-01-01T01:00:00+01:00</time>
				<extensions>
					<swisstopo:routepoint_id>782406009</swisstopo:routepoint_id>
				</extensions>
			</trkpt>
			<trkpt lat="46.2476194213" lon="8.0485966882">
				<ele>2185.1</ele>
				<time>1970-01-01T01:00:00+01:00</time>
				<extensions>
					<swisstopo:routepoint_id>1801510994</swisstopo:routepoint_id>
				</extensions>
			</trkpt>
			<trkpt lat="46.2476249535" lon="8.0484814926">
				<ele>2184.6</ele>
				<time>1970-01-01T01:00:00+01:00</time>
				<extensions>
					<swisstopo:routepoint_id>1798085094</swisstopo:routepoint_id>
				</extensions>
			</trkpt>
			<trkpt lat="46.2476533182" lon="8.0483710862">
				<ele>2184.3</ele>
				<time>1970-01-01T01:00:00+01:00</time>
				<extensions>
					<swisstopo:routepoint_id>457314734</swisstopo:routepoint_id>
				</extensions>
			</trkpt>
			<trkpt lat="46.2476843580" lon="8.0482891632">
				<ele>2184.2</ele>
				<time>1970-01-01T01:00:00+01:00</time>
				<extensions>
					<swisstopo:routepoint_id>121536125</swisstopo:routepoint_id>
				</extensions>
			</trkpt>
			<trkpt lat="46.2477174022" lon="8.0481922823">
				<ele>2183.7</ele>
				<time>1970-01-01T01:00:00+01:00</time>
				<extensions>
					<swisstopo:routepoint_id>1314724139</swisstopo:routepoint_id>
				</extensions>
			</trkpt>
			<trkpt lat="46.2477436647" lon="8.0481132812">
				<ele>2183.3</ele>
				<time>1970-01-01T01:00:00+01:00</time>
				<extensions>
					<swisstopo:routepoint_id>2120328756</swisstopo:routepoint_id>
				</extensions>
			</trkpt>
			<trkpt lat="46.2477510362" lon="8.0479990303">
				<ele>2182.9</ele>
				<time>1970-01-01T01:00:00+01:00</time>
				<extensions>
					<swisstopo:routepoint_id>565608738</swisstopo:routepoint_id>
				</extensions>
			</trkpt>
			<trkpt lat="46.2477528243" lon="8.0478122850">
				<ele>2183.2</ele>
				<time>1970-01-01T01:00:00+01:00</time>
				<extensions>
					<swisstopo:routepoint_id>1866521632</swisstopo:routepoint_id>
				</extensions>
			</trkpt>
			<trkpt lat="46.2477833760" lon="8.0477507560">
				<ele>2182.3</ele>
				<time>1970-01-01T01:00:00+01:00</time>
				<extensions>
					<swisstopo:routepoint_id>1086461895</swisstopo:routepoint_id>
				</extensions>
			</trkpt>
			<trkpt lat="46.2478248949" lon="8.0475678869">
				<ele>2179.9</ele>
				<time>1970-01-01T01:00:00+01:00</time>
				<extensions>
					<swisstopo:routepoint_id>629452423</swisstopo:routepoint_id>
				</extensions>
			</trkpt>
			<trkpt lat="46.2478180185" lon="8.0473684194">
				<ele>2178.0</ele>
				<time>1970-01-01T01:00:00+01:00</time>
				<extensions>
					<swisstopo:routepoint_id>1157117440</swisstopo:routepoint_id>
				</extensions>
			</trkpt>
			<trkpt lat="46.2478177668" lon="8.0471197801">
				<ele>2177.7</ele>
				<time>1970-01-01T01:00:00+01:00</time>
				<extensions>
					<swisstopo:routepoint_id>1965033847</swisstopo:routepoint_id>
				</extensions>
			</trkpt>
			<trkpt lat="46.2477948259" lon="8.0469522337">
				<ele>2177.2</ele>
				<time>1970-01-01T01:00:00+01:00</time>
				<extensions>
					<swisstopo:routepoint_id>1920040746</swisstopo:routepoint_id>
				</extensions>
			</trkpt>
			<trkpt lat="46.2477822231" lon="8.0469303253">
				<ele>2177.3</ele>
				<time>1970-01-01T01:00:00+01:00</time>
				<extensions>
					<swisstopo:routepoint_id>1012565675</swisstopo:routepoint_id>
				</extensions>
			</trkpt>
			<trkpt lat="46.2477963154" lon="8.0468239243">
				<ele>2177.3</ele>
				<time>1970-01-01T01:00:00+01:00</time>
				<extensions>
					<swisstopo:routepoint_id>602636420</swisstopo:routepoint_id>
				</extensions>
			</trkpt>
			<trkpt lat="46.2478165976" lon="8.0467753607">
				<ele>2177.1</ele>
				<time>1970-01-01T01:00:00+01:00</time>
				<extensions>
					<swisstopo:routepoint_id>288905782</swisstopo:routepoint_id>
				</extensions>
			</trkpt>
			<trkpt lat="46.2478316041" lon="8.0467211412">
				<ele>2177.1</ele>
				<time>1970-01-01T01:00:00+01:00</time>
				<extensions>
					<swisstopo:routepoint_id>1094107235</swisstopo:routepoint_id>
				</extensions>
			</trkpt>
			<trkpt lat="46.2478362691" lon="8.0466802540">
				<ele>2177.2</ele>
				<time>1970-01-01T01:00:00+01:00</time>
				<extensions>
					<swisstopo:routepoint_id>1710964189</swisstopo:routepoint_id>
				</extensions>
			</trkpt>
			<trkpt lat="46.2478499193" lon="8.0466266524">
				<ele>2177.4</ele>
				<time>1970-01-01T01:00:00+01:00</time>
				<extensions>
					<swisstopo:routepoint_id>1377064049</swisstopo:routepoint_id>
				</extensions>
			</trkpt>
			<trkpt lat="46.2478658008" lon="8.0465730630">
				<ele>2178.0</ele>
				<time>1970-01-01T01:00:00+01:00</time>
				<extensions>
					<swisstopo:routepoint_id>289532180</swisstopo:routepoint_id>
				</extensions>
			</trkpt>
			<trkpt lat="46.2478766620" lon="8.0465202152">
				<ele>2177.9</ele>
				<time>1970-01-01T01:00:00+01:00</time>
				<extensions>
					<swisstopo:routepoint_id>757181321</swisstopo:routepoint_id>
				</extensions>
			</trkpt>
			<trkpt lat="46.2478913456" lon="8.0464802631">
				<ele>2178.1</ele>
				<time>1970-01-01T01:00:00+01:00</time>
				<extensions>
					<swisstopo:routepoint_id>1334988101</swisstopo:routepoint_id>
				</extensions>
			</trkpt>
			<trkpt lat="46.2479080880" lon="8.0464724217">
				<ele>2178.3</ele>
				<time>1970-01-01T01:00:00+01:00</time>
				<extensions>
					<swisstopo:routepoint_id>1846822183</swisstopo:routepoint_id>
				</extensions>
			</trkpt>
			<trkpt lat="46.2479275892" lon="8.0464694232">
				<ele>2178.2</ele>
				<time>1970-01-01T01:00:00+01:00</time>
				<extensions>
					<swisstopo:routepoint_id>761796163</swisstopo:routepoint_id>
				</extensions>
			</trkpt>
			<trkpt lat="46.2479460655" lon="8.0464511796">
				<ele>2177.3</ele>
				<time>1970-01-01T01:00:00+01:00</time>
				<extensions>
					<swisstopo:routepoint_id>853036383</swisstopo:routepoint_id>
				</extensions>
			</trkpt>
			<trkpt lat="46.2479589421" lon="8.0464368750">
				<ele>2176.5</ele>
				<time>1970-01-01T01:00:00+01:00</time>
				<extensions>
					<swisstopo:routepoint_id>1073109978</swisstopo:routepoint_id>
				</extensions>
			</trkpt>
			<trkpt lat="46.2479846050" lon="8.0464283355">
				<ele>2175.7</ele>
				<time>1970-01-01T01:00:00+01:00</time>
				<extensions>
					<swisstopo:routepoint_id>1746200412</swisstopo:routepoint_id>
				</extensions>
			</trkpt>
			<trkpt lat="46.2480052602" lon="8.0464149282">
				<ele>2174.3</ele>
				<time>1970-01-01T01:00:00+01:00</time>
				<extensions>
					<swisstopo:routepoint_id>1686402341</swisstopo:routepoint_id>
				</extensions>
			</trkpt>
			<trkpt lat="46.2480137438" lon="8.0463925462">
				<ele>2173.6</ele>
				<time>1970-01-01T01:00:00+01:00</time>
				<extensions>
					<swisstopo:routepoint_id>1883464292</swisstopo:routepoint_id>
				</extensions>
			</trkpt>
			<trkpt lat="46.2480239911" lon="8.0463509361">
				<ele>2172.5</ele>
				<time>1970-01-01T01:00:00+01:00</time>
				<extensions>
					<swisstopo:routepoint_id>1190489434</swisstopo:routepoint_id>
				</extensions>
			</trkpt>
			<trkpt lat="46.2480319208" lon="8.0463237360">
				<ele>2171.9</ele>
				<time>1970-01-01T01:00:00+01:00</time>
				<extensions>
					<swisstopo:routepoint_id>325091274</swisstopo:routepoint_id>
				</extensions>
			</trkpt>
			<trkpt lat="46.2480470631" lon="8.0463030491">
				<ele>2171.1</ele>
				<time>1970-01-01T01:00:00+01:00</time>
				<extensions>
					<swisstopo:routepoint_id>1679974869</swisstopo:routepoint_id>
				</extensions>
			</trkpt>
			<trkpt lat="46.2480745287" lon="8.0462696469">
				<ele>2169.4</ele>
				<time>1970-01-01T01:00:00+01:00</time>
				<extensions>
					<swisstopo:routepoint_id>483360955</swisstopo:routepoint_id>
				</extensions>
			</trkpt>
			<trkpt lat="46.2480830808" lon="8.0462312216">
				<ele>2168.7</ele>
				<time>1970-01-01T01:00:00+01:00</time>
				<extensions>
					<swisstopo:routepoint_id>484469626</swisstopo:routepoint_id>
				</extensions>
			</trkpt>
			<trkpt lat="46.2480921952" lon="8.0461928152">
				<ele>2167.8</ele>
				<time>1970-01-01T01:00:00+01:00</time>
				<extensions>
					<swisstopo:routepoint_id>1703411034</swisstopo:routepoint_id>
				</extensions>
			</trkpt>
			<trkpt lat="46.2481012579" lon="8.0461640194">
				<ele>2167.2</ele>
				<time>1970-01-01T01:00:00+01:00</time>
				<extensions>
					<swisstopo:routepoint_id>1595686155</swisstopo:routepoint_id>
				</extensions>
			</trkpt>
			<trkpt lat="46.2481047987" lon="8.0461263360">
				<ele>2166.2</ele>
				<time>1970-01-01T01:00:00+01:00</time>
				<extensions>
					<swisstopo:routepoint_id>1033866860</swisstopo:routepoint_id>
				</extensions>
			</trkpt>
			<trkpt lat="46.2481074136" lon="8.0460549458">
				<ele>2164.8</ele>
				<time>1970-01-01T01:00:00+01:00</time>
				<extensions>
					<swisstopo:routepoint_id>2083639963</swisstopo:routepoint_id>
				</extensions>
			</trkpt>
			<trkpt lat="46.2481037847" lon="8.0460043673">
				<ele>2163.9</ele>
				<time>1970-01-01T01:00:00+01:00</time>
				<extensions>
					<swisstopo:routepoint_id>709404192</swisstopo:routepoint_id>
				</extensions>
			</trkpt>
			<trkpt lat="46.2481024046" lon="8.0459505722">
				<ele>2163.2</ele>
				<time>1970-01-01T01:00:00+01:00</time>
				<extensions>
					<swisstopo:routepoint_id>1268911696</swisstopo:routepoint_id>
				</extensions>
			</trkpt>
			<trkpt lat="46.2481081980" lon="8.0459089123">
				<ele>2162.8</ele>
				<time>1970-01-01T01:00:00+01:00</time>
				<extensions>
					<swisstopo:routepoint_id>856895324</swisstopo:routepoint_id>
				</extensions>
			</trkpt>
			<trkpt lat="46.2481279145" lon="8.0458657995">
				<ele>2162.1</ele>
				<time>1970-01-01T01:00:00+01:00</time>
				<extensions>
					<swisstopo:routepoint_id>144551764</swisstopo:routepoint_id>
				</extensions>
			</trkpt>
			<trkpt lat="46.2481460007" lon="8.0458138424">
				<ele>2161.5</ele>
				<time>1970-01-01T01:00:00+01:00</time>
				<extensions>
					<swisstopo:routepoint_id>1362397426</swisstopo:routepoint_id>
				</extensions>
			</trkpt>
			<trkpt lat="46.2481584445" lon="8.0457786768">
				<ele>2161.2</ele>
				<time>1970-01-01T01:00:00+01:00</time>
				<extensions>
					<swisstopo:routepoint_id>1631134964</swisstopo:routepoint_id>
				</extensions>
			</trkpt>
			<trkpt lat="46.2481775086" lon="8.0457540067">
				<ele>2160.7</ele>
				<time>1970-01-01T01:00:00+01:00</time>
				<extensions>
					<swisstopo:routepoint_id>2065942088</swisstopo:routepoint_id>
				</extensions>
			</trkpt>
			<trkpt lat="46.2481905317" lon="8.0457124147">
				<ele>2160.7</ele>
				<time>1970-01-01T01:00:00+01:00</time>
				<extensions>
					<swisstopo:routepoint_id>1039155879</swisstopo:routepoint_id>
				</extensions>
			</trkpt>
			<trkpt lat="46.2482095785" lon="8.0456909608">
				<ele>2160.2</ele>
				<time>1970-01-01T01:00:00+01:00</time>
				<extensions>
					<swisstopo:routepoint_id>1059325381</swisstopo:routepoint_id>
				</extensions>
			</trkpt>
			<trkpt lat="46.2482259050" lon="8.0456558384">
				<ele>2159.8</ele>
				<time>1970-01-01T01:00:00+01:00</time>
				<extensions>
					<swisstopo:routepoint_id>804575055</swisstopo:routepoint_id>
				</extensions>
			</trkpt>
			<trkpt lat="46.2482433646" lon="8.0456191204">
				<ele>2159.4</ele>
				<time>1970-01-01T01:00:00+01:00</time>
				<extensions>
					<swisstopo:routepoint_id>953782868</swisstopo:routepoint_id>
				</extensions>
			</trkpt>
			<trkpt lat="46.2482547486" lon="8.0455719003">
				<ele>2159.2</ele>
				<time>1970-01-01T01:00:00+01:00</time>
				<extensions>
					<swisstopo:routepoint_id>42075948</swisstopo:routepoint_id>
				</extensions>
			</trkpt>
			<trkpt lat="46.2482594868" lon="8.0455205919">
				<ele>2159.2</ele>
				<time>1970-01-01T01:00:00+01:00</time>
				<extensions>
					<swisstopo:routepoint_id>590193645</swisstopo:routepoint_id>
				</extensions>
			</trkpt>
			<trkpt lat="46.2482641127" lon="8.0454885554">
				<ele>2159.1</ele>
				<time>1970-01-01T01:00:00+01:00</time>
				<extensions>
					<swisstopo:routepoint_id>2142868805</swisstopo:routepoint_id>
				</extensions>
			</trkpt>
			<trkpt lat="46.2482777106" lon="8.0454429555">
				<ele>2159.0</ele>
				<time>1970-01-01T01:00:00+01:00</time>
				<extensions>
					<swisstopo:routepoint_id>481951718</swisstopo:routepoint_id>
				</extensions>
			</trkpt>
			<trkpt lat="46.2482878715" lon="8.0454173882">
				<ele>2158.9</ele>
				<time>1970-01-01T01:00:00+01:00</time>
				<extensions>
					<swisstopo:routepoint_id>773712204</swisstopo:routepoint_id>
				</extensions>
			</trkpt>
			<trkpt lat="46.2483025162" lon="8.0453862484">
				<ele>2158.6</ele>
				<time>1970-01-01T01:00:00+01:00</time>
				<extensions>
					<swisstopo:routepoint_id>1163079399</swisstopo:routepoint_id>
				</extensions>
			</trkpt>
			<trkpt lat="46.2483065928" lon="8.0453517998">
				<ele>2158.6</ele>
				<time>1970-01-01T01:00:00+01:00</time>
				<extensions>
					<swisstopo:routepoint_id>1314117690</swisstopo:routepoint_id>
				</extensions>
			</trkpt>
			<trkpt lat="46.2483084602" lon="8.0453165034">
				<ele>2158.8</ele>
				<time>1970-01-01T01:00:00+01:00</time>
				<extensions>
					<swisstopo:routepoint_id>1337129334</swisstopo:routepoint_id>
				</extensions>
			</trkpt>
			<trkpt lat="46.2483175610" lon="8.0452788943">
				<ele>2158.7</ele>
				<time>1970-01-01T01:00:00+01:00</time>
				<extensions>
					<swisstopo:routepoint_id>555710978</swisstopo:routepoint_id>
				</extensions>
			</trkpt>
			<trkpt lat="46.2483350074" lon="8.0452429865">
				<ele>2158.6</ele>
				<time>1970-01-01T01:00:00+01:00</time>
				<extensions>
					<swisstopo:routepoint_id>1361311067</swisstopo:routepoint_id>
				</extensions>
			</trkpt>
			<trkpt lat="46.2483546464" lon="8.0452143083">
				<ele>2158.5</ele>
				<time>1970-01-01T01:00:00+01:00</time>
				<extensions>
					<swisstopo:routepoint_id>203489423</swisstopo:routepoint_id>
				</extensions>
			</trkpt>
			<trkpt lat="46.2483688453" lon="8.0451647134">
				<ele>2158.7</ele>
				<time>1970-01-01T01:00:00+01:00</time>
				<extensions>
					<swisstopo:routepoint_id>707128479</swisstopo:routepoint_id>
				</extensions>
			</trkpt>
			<trkpt lat="46.2483830913" lon="8.0451030891">
				<ele>2158.5</ele>
				<time>1970-01-01T01:00:00+01:00</time>
				<extensions>
					<swisstopo:routepoint_id>1988105296</swisstopo:routepoint_id>
				</extensions>
			</trkpt>
			<trkpt lat="46.2483950931" lon="8.0450438331">
				<ele>2158.5</ele>
				<time>1970-01-01T01:00:00+01:00</time>
				<extensions>
					<swisstopo:routepoint_id>2124047482</swisstopo:routepoint_id>
				</extensions>
			</trkpt>
			<trkpt lat="46.2484021524" lon="8.0449741004">
				<ele>2158.3</ele>
				<time>1970-01-01T01:00:00+01:00</time>
				<extensions>
					<swisstopo:routepoint_id>1035158448</swisstopo:routepoint_id>
				</extensions>
			</trkpt>
			<trkpt lat="46.2484034747" lon="8.0449355814">
				<ele>2158.1</ele>
				<time>1970-01-01T01:00:00+01:00</time>
				<extensions>
					<swisstopo:routepoint_id>1598086414</swisstopo:routepoint_id>
				</extensions>
			</trkpt>
			<trkpt lat="46.2483926458" lon="8.0448776792">
				<ele>2158.1</ele>
				<time>1970-01-01T01:00:00+01:00</time>
				<extensions>
					<swisstopo:routepoint_id>1767254719</swisstopo:routepoint_id>
				</extensions>
			</trkpt>
			<trkpt lat="46.2483856871" lon="8.0448270635">
				<ele>2157.8</ele>
				<time>1970-01-01T01:00:00+01:00</time>
				<extensions>
					<swisstopo:routepoint_id>886281963</swisstopo:routepoint_id>
				</extensions>
			</trkpt>
			<trkpt lat="46.2483747636" lon="8.0447867999">
				<ele>2157.7</ele>
				<time>1970-01-01T01:00:00+01:00</time>
				<extensions>
					<swisstopo:routepoint_id>1912438812</swisstopo:routepoint_id>
				</extensions>
			</trkpt>
			<trkpt lat="46.2483633079" lon="8.0447425542">
				<ele>2157.7</ele>
				<time>1970-01-01T01:00:00+01:00</time>
				<extensions>
					<swisstopo:routepoint_id>1226744639</swisstopo:routepoint_id>
				</extensions>
			</trkpt>
			<trkpt lat="46.2483518913" lon="8.0446926739">
				<ele>2157.6</ele>
				<time>1970-01-01T01:00:00+01:00</time>
				<extensions>
					<swisstopo:routepoint_id>564852427</swisstopo:routepoint_id>
				</extensions>
			</trkpt>
			<trkpt lat="46.2483421392" lon="8.0446420017">
				<ele>2157.4</ele>
				<time>1970-01-01T01:00:00+01:00</time>
				<extensions>
					<swisstopo:routepoint_id>2053997918</swisstopo:routepoint_id>
				</extensions>
			</trkpt>
			<trkpt lat="46.2483346139" lon="8.0445905567">
				<ele>2157.1</ele>
				<time>1970-01-01T01:00:00+01:00</time>
				<extensions>
					<swisstopo:routepoint_id>1373244008</swisstopo:routepoint_id>
				</extensions>
			</trkpt>
			<trkpt lat="46.2483330612" lon="8.0445704811">
				<ele>2157.0</ele>
				<time>1970-01-01T01:00:00+01:00</time>
				<extensions>
					<swisstopo:routepoint_id>226093324</swisstopo:routepoint_id>
				</extensions>
			</trkpt>
			<trkpt lat="46.2483388365" lon="8.0445288207">
				<ele>2156.7</ele>
				<time>1970-01-01T01:00:00+01:00</time>
				<extensions>
					<swisstopo:routepoint_id>323241547</swisstopo:routepoint_id>
				</extensions>
			</trkpt>
			<trkpt lat="46.2483301787" lon="8.0444837832">
				<ele>2156.2</ele>
				<time>1970-01-01T01:00:00+01:00</time>
				<extensions>
					<swisstopo:routepoint_id>571809583</swisstopo:routepoint_id>
				</extensions>
			</trkpt>
			<trkpt lat="46.2483253347" lon="8.0444516284">
				<ele>2155.8</ele>
				<time>1970-01-01T01:00:00+01:00</time>
				<extensions>
					<swisstopo:routepoint_id>1261367032</swisstopo:routepoint_id>
				</extensions>
			</trkpt>
			<trkpt lat="46.2483282916" lon="8.0444211688">
				<ele>2155.5</ele>
				<time>1970-01-01T01:00:00+01:00</time>
				<extensions>
					<swisstopo:routepoint_id>85373010</swisstopo:routepoint_id>
				</extensions>
			</trkpt>
			<trkpt lat="46.2483396232" lon="8.0443819761">
				<ele>2155.5</ele>
				<time>1970-01-01T01:00:00+01:00</time>
				<extensions>
					<swisstopo:routepoint_id>1017249433</swisstopo:routepoint_id>
				</extensions>
			</trkpt>
			<trkpt lat="46.2483476431" lon="8.0443411257">
				<ele>2155.2</ele>
				<time>1970-01-01T01:00:00+01:00</time>
				<extensions>
					<swisstopo:routepoint_id>214381410</swisstopo:routepoint_id>
				</extensions>
			</trkpt>
			<trkpt lat="46.2483523848" lon="8.0442874239">
				<ele>2155.0</ele>
				<time>1970-01-01T01:00:00+01:00</time>
				<extensions>
					<swisstopo:routepoint_id>958397711</swisstopo:routepoint_id>
				</extensions>
			</trkpt>
			<trkpt lat="46.2483559679" lon="8.0442417122">
				<ele>2154.9</ele>
				<time>1970-01-01T01:00:00+01:00</time>
				<extensions>
					<swisstopo:routepoint_id>1707607878</swisstopo:routepoint_id>
				</extensions>
			</trkpt>
			<trkpt lat="46.2483606236" lon="8.0442040535">
				<ele>2154.7</ele>
				<time>1970-01-01T01:00:00+01:00</time>
				<extensions>
					<swisstopo:routepoint_id>1963965088</swisstopo:routepoint_id>
				</extensions>
			</trkpt>
			<trkpt lat="46.2483592166" lon="8.0441550951">
				<ele>2154.5</ele>
				<time>1970-01-01T01:00:00+01:00</time>
				<extensions>
					<swisstopo:routepoint_id>979789406</swisstopo:routepoint_id>
				</extensions>
			</trkpt>
			<trkpt lat="46.2483544459" lon="8.0441108986">
				<ele>2154.4</ele>
				<time>1970-01-01T01:00:00+01:00</time>
				<extensions>
					<swisstopo:routepoint_id>1315317676</swisstopo:routepoint_id>
				</extensions>
			</trkpt>
			<trkpt lat="46.2483645893" lon="8.0440885346">
				<ele>2154.3</ele>
				<time>1970-01-01T01:00:00+01:00</time>
				<extensions>
					<swisstopo:routepoint_id>1584066518</swisstopo:routepoint_id>
				</extensions>
			</trkpt>
			<trkpt lat="46.2483819923" lon="8.0440606415">
				<ele>2154.2</ele>
				<time>1970-01-01T01:00:00+01:00</time>
				<extensions>
					<swisstopo:routepoint_id>607368421</swisstopo:routepoint_id>
				</extensions>
			</trkpt>
			<trkpt lat="46.2483893725" lon="8.0440342451">
				<ele>2154.0</ele>
				<time>1970-01-01T01:00:00+01:00</time>
				<extensions>
					<swisstopo:routepoint_id>2100290271</swisstopo:routepoint_id>
				</extensions>
			</trkpt>
			<trkpt lat="46.2483923634" lon="8.0439957575">
				<ele>2154.0</ele>
				<time>1970-01-01T01:00:00+01:00</time>
				<extensions>
					<swisstopo:routepoint_id>1133639911</swisstopo:routepoint_id>
				</extensions>
			</trkpt>
			<trkpt lat="46.2484031675" lon="8.0439533424">
				<ele>2154.0</ele>
				<time>1970-01-01T01:00:00+01:00</time>
				<extensions>
					<swisstopo:routepoint_id>1996066147</swisstopo:routepoint_id>
				</extensions>
			</trkpt>
			<trkpt lat="46.2484156490" lon="8.0439077549">
				<ele>2153.8</ele>
				<time>1970-01-01T01:00:00+01:00</time>
				<extensions>
					<swisstopo:routepoint_id>1520689419</swisstopo:routepoint_id>
				</extensions>
			</trkpt>
			<trkpt lat="46.2484348590" lon="8.0438574050">
				<ele>2153.6</ele>
				<time>1970-01-01T01:00:00+01:00</time>
				<extensions>
					<swisstopo:routepoint_id>226925588</swisstopo:routepoint_id>
				</extensions>
			</trkpt>
			<trkpt lat="46.2484550938" lon="8.0438207171">
				<ele>2153.5</ele>
				<time>1970-01-01T01:00:00+01:00</time>
				<extensions>
					<swisstopo:routepoint_id>1819453678</swisstopo:routepoint_id>
				</extensions>
			</trkpt>
			<trkpt lat="46.2484742562" lon="8.0437775972">
				<ele>2153.6</ele>
				<time>1970-01-01T01:00:00+01:00</time>
				<extensions>
					<swisstopo:routepoint_id>390018882</swisstopo:routepoint_id>
				</extensions>
			</trkpt>
			<trkpt lat="46.2484883469" lon="8.0437448552">
				<ele>2153.5</ele>
				<time>1970-01-01T01:00:00+01:00</time>
				<extensions>
					<swisstopo:routepoint_id>356792763</swisstopo:routepoint_id>
				</extensions>
			</trkpt>
			<trkpt lat="46.2484907454" lon="8.0437119832">
				<ele>2153.5</ele>
				<time>1970-01-01T01:00:00+01:00</time>
				<extensions>
					<swisstopo:routepoint_id>148876485</swisstopo:routepoint_id>
				</extensions>
			</trkpt>
			<trkpt lat="46.2484854210" lon="8.0436677805">
				<ele>2153.4</ele>
				<time>1970-01-01T01:00:00+01:00</time>
				<extensions>
					<swisstopo:routepoint_id>1833131250</swisstopo:routepoint_id>
				</extensions>
			</trkpt>
			<trkpt lat="46.2484783887" lon="8.0436291812">
				<ele>2153.4</ele>
				<time>1970-01-01T01:00:00+01:00</time>
				<extensions>
					<swisstopo:routepoint_id>540510080</swisstopo:routepoint_id>
				</extensions>
			</trkpt>
			<trkpt lat="46.2484718884" lon="8.0435946021">
				<ele>2153.2</ele>
				<time>1970-01-01T01:00:00+01:00</time>
				<extensions>
					<swisstopo:routepoint_id>321429535</swisstopo:routepoint_id>
				</extensions>
			</trkpt>
			<trkpt lat="46.2484671645" lon="8.0435415926">
				<ele>2153.0</ele>
				<time>1970-01-01T01:00:00+01:00</time>
				<extensions>
					<swisstopo:routepoint_id>2005924542</swisstopo:routepoint_id>
				</extensions>
			</trkpt>
			<trkpt lat="46.2484696362" lon="8.0434966789">
				<ele>2152.9</ele>
				<time>1970-01-01T01:00:00+01:00</time>
				<extensions>
					<swisstopo:routepoint_id>2000984278</swisstopo:routepoint_id>
				</extensions>
			</trkpt>
			<trkpt lat="46.2484788267" lon="8.0434422158">
				<ele>2152.9</ele>
				<time>1970-01-01T01:00:00+01:00</time>
				<extensions>
					<swisstopo:routepoint_id>338759103</swisstopo:routepoint_id>
				</extensions>
			</trkpt>
			<trkpt lat="46.2484774495" lon="8.0433876353">
				<ele>2152.7</ele>
				<time>1970-01-01T01:00:00+01:00</time>
				<extensions>
					<swisstopo:routepoint_id>1730756370</swisstopo:routepoint_id>
				</extensions>
			</trkpt>
			<trkpt lat="46.2484766431" lon="8.0433314529">
				<ele>2152.7</ele>
				<time>1970-01-01T01:00:00+01:00</time>
				<extensions>
					<swisstopo:routepoint_id>801434425</swisstopo:routepoint_id>
				</extensions>
			</trkpt>
			<trkpt lat="46.2484685551" lon="8.0432816099">
				<ele>2152.9</ele>
				<time>1970-01-01T01:00:00+01:00</time>
				<extensions>
					<swisstopo:routepoint_id>1112209940</swisstopo:routepoint_id>
				</extensions>
			</trkpt>
			<trkpt lat="46.2484615141" lon="8.0432446061">
				<ele>2152.6</ele>
				<time>1970-01-01T01:00:00+01:00</time>
				<extensions>
					<swisstopo:routepoint_id>237868537</swisstopo:routepoint_id>
				</extensions>
			</trkpt>
			<trkpt lat="46.2484584033" lon="8.0432020490">
				<ele>2152.4</ele>
				<time>1970-01-01T01:00:00+01:00</time>
				<extensions>
					<swisstopo:routepoint_id>1702043798</swisstopo:routepoint_id>
				</extensions>
			</trkpt>
			<trkpt lat="46.2484609734" lon="8.0431370653">
				<ele>2152.2</ele>
				<time>1970-01-01T01:00:00+01:00</time>
				<extensions>
					<swisstopo:routepoint_id>1046985622</swisstopo:routepoint_id>
				</extensions>
			</trkpt>
			<trkpt lat="46.2484618188" lon="8.0430841050">
				<ele>2152.1</ele>
				<time>1970-01-01T01:00:00+01:00</time>
				<extensions>
					<swisstopo:routepoint_id>1274458947</swisstopo:routepoint_id>
				</extensions>
			</trkpt>
			<trkpt lat="46.2484582531" lon="8.0430214719">
				<ele>2152.0</ele>
				<time>1970-01-01T01:00:00+01:00</time>
				<extensions>
					<swisstopo:routepoint_id>1457125203</swisstopo:routepoint_id>
				</extensions>
			</trkpt>
			<trkpt lat="46.2484563308" lon="8.0429652772">
				<ele>2151.9</ele>
				<time>1970-01-01T01:00:00+01:00</time>
				<extensions>
					<swisstopo:routepoint_id>397899970</swisstopo:routepoint_id>
				</extensions>
			</trkpt>
			<trkpt lat="46.2484592827" lon="8.0429340321">
				<ele>2151.7</ele>
				<time>1970-01-01T01:00:00+01:00</time>
				<extensions>
					<swisstopo:routepoint_id>2126091952</swisstopo:routepoint_id>
				</extensions>
			</trkpt>
			<trkpt lat="46.2484627538" lon="8.0429091751">
				<ele>2151.4</ele>
				<time>1970-01-01T01:00:00+01:00</time>
				<extensions>
					<swisstopo:routepoint_id>392290202</swisstopo:routepoint_id>
				</extensions>
			</trkpt>
			<trkpt lat="46.2484568411" lon="8.0428698032">
				<ele>2151.6</ele>
				<time>1970-01-01T01:00:00+01:00</time>
				<extensions>
					<swisstopo:routepoint_id>379898570</swisstopo:routepoint_id>
				</extensions>
			</trkpt>
			<trkpt lat="46.2484581110" lon="8.0428409202">
				<ele>2151.7</ele>
				<time>1970-01-01T01:00:00+01:00</time>
				<extensions>
					<swisstopo:routepoint_id>372420985</swisstopo:routepoint_id>
				</extensions>
			</trkpt>
			<trkpt lat="46.2484710558" lon="8.0428137877">
				<ele>2151.6</ele>
				<time>1970-01-01T01:00:00+01:00</time>
				<extensions>
					<swisstopo:routepoint_id>1362511053</swisstopo:routepoint_id>
				</extensions>
			</trkpt>
			<trkpt lat="46.2484767238" lon="8.0427953879">
				<ele>2151.6</ele>
				<time>1970-01-01T01:00:00+01:00</time>
				<extensions>
					<swisstopo:routepoint_id>450426606</swisstopo:routepoint_id>
				</extensions>
			</trkpt>
			<trkpt lat="46.2484807911" lon="8.0427625343">
				<ele>2151.5</ele>
				<time>1970-01-01T01:00:00+01:00</time>
				<extensions>
					<swisstopo:routepoint_id>758785922</swisstopo:routepoint_id>
				</extensions>
			</trkpt>
			<trkpt lat="46.2484843094" lon="8.0427304725">
				<ele>2151.4</ele>
				<time>1970-01-01T01:00:00+01:00</time>
				<extensions>
					<swisstopo:routepoint_id>579600852</swisstopo:routepoint_id>
				</extensions>
			</trkpt>
			<trkpt lat="46.2484873211" lon="8.0426863751">
				<ele>2151.4</ele>
				<time>1970-01-01T01:00:00+01:00</time>
				<extensions>
					<swisstopo:routepoint_id>906714323</swisstopo:routepoint_id>
				</extensions>
			</trkpt>
			<trkpt lat="46.2484887496" lon="8.0426277989">
				<ele>2151.5</ele>
				<time>1970-01-01T01:00:00+01:00</time>
				<extensions>
					<swisstopo:routepoint_id>176612468</swisstopo:routepoint_id>
				</extensions>
			</trkpt>
			<trkpt lat="46.2484806402" lon="8.0425835654">
				<ele>2151.2</ele>
				<time>1970-01-01T01:00:00+01:00</time>
				<extensions>
					<swisstopo:routepoint_id>1130670537</swisstopo:routepoint_id>
				</extensions>
			</trkpt>
			<trkpt lat="46.2484780482" lon="8.0425474469">
				<ele>2151.1</ele>
				<time>1970-01-01T01:00:00+01:00</time>
				<extensions>
					<swisstopo:routepoint_id>2017616473</swisstopo:routepoint_id>
				</extensions>
			</trkpt>
			<trkpt lat="46.2484794038" lon="8.0425008998">
				<ele>2151.1</ele>
				<time>1970-01-01T01:00:00+01:00</time>
				<extensions>
					<swisstopo:routepoint_id>1670577193</swisstopo:routepoint_id>
				</extensions>
			</trkpt>
			<trkpt lat="46.2484846339" lon="8.0424608412">
				<ele>2151.0</ele>
				<time>1970-01-01T01:00:00+01:00</time>
				<extensions>
					<swisstopo:routepoint_id>704371280</swisstopo:routepoint_id>
				</extensions>
			</trkpt>
			<trkpt lat="46.2484859938" lon="8.0424151173">
				<ele>2150.8</ele>
				<time>1970-01-01T01:00:00+01:00</time>
				<extensions>
					<swisstopo:routepoint_id>1963766331</swisstopo:routepoint_id>
				</extensions>
			</trkpt>
			<trkpt lat="46.2484795016" lon="8.0423789301">
				<ele>2150.8</ele>
				<time>1970-01-01T01:00:00+01:00</time>
				<extensions>
					<swisstopo:routepoint_id>1974930598</swisstopo:routepoint_id>
				</extensions>
			</trkpt>
			<trkpt lat="46.2484656985" lon="8.0423579083">
				<ele>2150.7</ele>
				<time>1970-01-01T01:00:00+01:00</time>
				<extensions>
					<swisstopo:routepoint_id>1974690356</swisstopo:routepoint_id>
				</extensions>
			</trkpt>
			<trkpt lat="46.2484509467" lon="8.0423055981">
				<ele>2150.6</ele>
				<time>1970-01-01T01:00:00+01:00</time>
				<extensions>
					<swisstopo:routepoint_id>687009449</swisstopo:routepoint_id>
				</extensions>
			</trkpt>
			<trkpt lat="46.2484406188" lon="8.0422589214">
				<ele>2150.5</ele>
				<time>1970-01-01T01:00:00+01:00</time>
				<extensions>
					<swisstopo:routepoint_id>2130154080</swisstopo:routepoint_id>
				</extensions>
			</trkpt>
			<trkpt lat="46.2484286817" lon="8.0422010075">
				<ele>2150.4</ele>
				<time>1970-01-01T01:00:00+01:00</time>
				<extensions>
					<swisstopo:routepoint_id>275168171</swisstopo:routepoint_id>
				</extensions>
			</trkpt>
			<trkpt lat="46.2484260851" lon="8.0421640785">
				<ele>2150.3</ele>
				<time>1970-01-01T01:00:00+01:00</time>
				<extensions>
					<swisstopo:routepoint_id>1199549853</swisstopo:routepoint_id>
				</extensions>
			</trkpt>
			<trkpt lat="46.2484335978" lon="8.0421144087">
				<ele>2150.3</ele>
				<time>1970-01-01T01:00:00+01:00</time>
				<extensions>
					<swisstopo:routepoint_id>1374032811</swisstopo:routepoint_id>
				</extensions>
			</trkpt>
			<trkpt lat="46.2484405867" lon="8.0420559068">
				<ele>2150.2</ele>
				<time>1970-01-01T01:00:00+01:00</time>
				<extensions>
					<swisstopo:routepoint_id>1492887833</swisstopo:routepoint_id>
				</extensions>
			</trkpt>
			<trkpt lat="46.2484519479" lon="8.0420126871">
				<ele>2150.1</ele>
				<time>1970-01-01T01:00:00+01:00</time>
				<extensions>
					<swisstopo:routepoint_id>1246874275</swisstopo:routepoint_id>
				</extensions>
			</trkpt>
			<trkpt lat="46.2484660850" lon="8.0419711190">
				<ele>2150.0</ele>
				<time>1970-01-01T01:00:00+01:00</time>
				<extensions>
					<swisstopo:routepoint_id>65224318</swisstopo:routepoint_id>
				</extensions>
			</trkpt>
			<trkpt lat="46.2484858002" lon="8.0419280046">
				<ele>2150.0</ele>
				<time>1970-01-01T01:00:00+01:00</time>
				<extensions>
					<swisstopo:routepoint_id>1110893237</swisstopo:routepoint_id>
				</extensions>
			</trkpt>
			<trkpt lat="46.2485087809" lon="8.0419001726">
				<ele>2149.9</ele>
				<time>1970-01-01T01:00:00+01:00</time>
				<extensions>
					<swisstopo:routepoint_id>244918595</swisstopo:routepoint_id>
				</extensions>
			</trkpt>
			<trkpt lat="46.2485362448" lon="8.0418651724">
				<ele>2149.8</ele>
				<time>1970-01-01T01:00:00+01:00</time>
				<extensions>
					<swisstopo:routepoint_id>649085652</swisstopo:routepoint_id>
				</extensions>
			</trkpt>
			<trkpt lat="46.2485671286" lon="8.0418165592">
				<ele>2149.6</ele>
				<time>1970-01-01T01:00:00+01:00</time>
				<extensions>
					<swisstopo:routepoint_id>1295850643</swisstopo:routepoint_id>
				</extensions>
			</trkpt>
			<trkpt lat="46.2485795023" lon="8.0417910283">
				<ele>2149.5</ele>
				<time>1970-01-01T01:00:00+01:00</time>
				<extensions>
					<swisstopo:routepoint_id>1064835001</swisstopo:routepoint_id>
				</extensions>
			</trkpt>
			<trkpt lat="46.2485835611" lon="8.0417629864">
				<ele>2149.5</ele>
				<time>1970-01-01T01:00:00+01:00</time>
				<extensions>
					<swisstopo:routepoint_id>18001399</swisstopo:routepoint_id>
				</extensions>
			</trkpt>
			<trkpt lat="46.2485832302" lon="8.0417196370">
				<ele>2149.4</ele>
				<time>1970-01-01T01:00:00+01:00</time>
				<extensions>
					<swisstopo:routepoint_id>1753670967</swisstopo:routepoint_id>
				</extensions>
			</trkpt>
			<trkpt lat="46.2485873872" lon="8.0416715380">
				<ele>2149.2</ele>
				<time>1970-01-01T01:00:00+01:00</time>
				<extensions>
					<swisstopo:routepoint_id>1177262797</swisstopo:routepoint_id>
				</extensions>
			</trkpt>
			<trkpt lat="46.2485848334" lon="8.0416265683">
				<ele>2148.9</ele>
				<time>1970-01-01T01:00:00+01:00</time>
				<extensions>
					<swisstopo:routepoint_id>2076955612</swisstopo:routepoint_id>
				</extensions>
			</trkpt>
			<trkpt lat="46.2485845369" lon="8.0415800282">
				<ele>2148.7</ele>
				<time>1970-01-01T01:00:00+01:00</time>
				<extensions>
					<swisstopo:routepoint_id>1761118711</swisstopo:routepoint_id>
				</extensions>
			</trkpt>
			<trkpt lat="46.2485814040" lon="8.0415398641">
				<ele>2148.4</ele>
				<time>1970-01-01T01:00:00+01:00</time>
				<extensions>
					<swisstopo:routepoint_id>782910201</swisstopo:routepoint_id>
				</extensions>
			</trkpt>
			<trkpt lat="46.2485710457" lon="8.0414988222">
				<ele>2148.4</ele>
				<time>1970-01-01T01:00:00+01:00</time>
				<extensions>
					<swisstopo:routepoint_id>1691195931</swisstopo:routepoint_id>
				</extensions>
			</trkpt>
			<trkpt lat="46.2485596020" lon="8.0414537541">
				<ele>2148.3</ele>
				<time>1970-01-01T01:00:00+01:00</time>
				<extensions>
					<swisstopo:routepoint_id>582173453</swisstopo:routepoint_id>
				</extensions>
			</trkpt>
			<trkpt lat="46.2485481578" lon="8.0414054823">
				<ele>2148.4</ele>
				<time>1970-01-01T01:00:00+01:00</time>
				<extensions>
					<swisstopo:routepoint_id>1596413963</swisstopo:routepoint_id>
				</extensions>
			</trkpt>
			<trkpt lat="46.2485378037" lon="8.0413636301">
				<ele>2147.9</ele>
				<time>1970-01-01T01:00:00+01:00</time>
				<extensions>
					<swisstopo:routepoint_id>1036581498</swisstopo:routepoint_id>
				</extensions>
			</trkpt>
			<trkpt lat="46.2485386268" lon="8.0413146963">
				<ele>2147.6</ele>
				<time>1970-01-01T01:00:00+01:00</time>
				<extensions>
					<swisstopo:routepoint_id>653518923</swisstopo:routepoint_id>
				</extensions>
			</trkpt>
			<trkpt lat="46.2485327134" lon="8.0412737037">
				<ele>2147.7</ele>
				<time>1970-01-01T01:00:00+01:00</time>
				<extensions>
					<swisstopo:routepoint_id>426299257</swisstopo:routepoint_id>
				</extensions>
			</trkpt>
			<trkpt lat="46.2485196391" lon="8.0412213871">
				<ele>2147.6</ele>
				<time>1970-01-01T01:00:00+01:00</time>
				<extensions>
					<swisstopo:routepoint_id>53850141</swisstopo:routepoint_id>
				</extensions>
			</trkpt>
			<trkpt lat="46.2485070408" lon="8.0411819414">
				<ele>2147.5</ele>
				<time>1970-01-01T01:00:00+01:00</time>
				<extensions>
					<swisstopo:routepoint_id>1843130243</swisstopo:routepoint_id>
				</extensions>
			</trkpt>
			<trkpt lat="46.2484928080" lon="8.0411376403">
				<ele>2147.4</ele>
				<time>1970-01-01T01:00:00+01:00</time>
				<extensions>
					<swisstopo:routepoint_id>877164572</swisstopo:routepoint_id>
				</extensions>
			</trkpt>
			<trkpt lat="46.2484797117" lon="8.0410861338">
				<ele>2147.3</ele>
				<time>1970-01-01T01:00:00+01:00</time>
				<extensions>
					<swisstopo:routepoint_id>1276756882</swisstopo:routepoint_id>
				</extensions>
			</trkpt>
			<trkpt lat="46.2484632307" lon="8.0410466326">
				<ele>2147.3</ele>
				<time>1970-01-01T01:00:00+01:00</time>
				<extensions>
					<swisstopo:routepoint_id>1992260165</swisstopo:routepoint_id>
				</extensions>
			</trkpt>
			<trkpt lat="46.2484561589" lon="8.0410136556">
				<ele>2147.4</ele>
				<time>1970-01-01T01:00:00+01:00</time>
				<extensions>
					<swisstopo:routepoint_id>1699522184</swisstopo:routepoint_id>
				</extensions>
			</trkpt>
			<trkpt lat="46.2484652931" lon="8.0409728297">
				<ele>2147.1</ele>
				<time>1970-01-01T01:00:00+01:00</time>
				<extensions>
					<swisstopo:routepoint_id>1634943244</swisstopo:routepoint_id>
				</extensions>
			</trkpt>
			<trkpt lat="46.2484710417" lon="8.0409375761">
				<ele>2147.0</ele>
				<time>1970-01-01T01:00:00+01:00</time>
				<extensions>
					<swisstopo:routepoint_id>756121269</swisstopo:routepoint_id>
				</extensions>
			</trkpt>
			<trkpt lat="46.2484701785" lon="8.0408918401">
				<ele>2147.1</ele>
				<time>1970-01-01T01:00:00+01:00</time>
				<extensions>
					<swisstopo:routepoint_id>929763986</swisstopo:routepoint_id>
				</extensions>
			</trkpt>
			<trkpt lat="46.2484576656" lon="8.0408363260">
				<ele>2147.3</ele>
				<time>1970-01-01T01:00:00+01:00</time>
				<extensions>
					<swisstopo:routepoint_id>2100159225</swisstopo:routepoint_id>
				</extensions>
			</trkpt>
			<trkpt lat="46.2484495214" lon="8.0407985127">
				<ele>2147.5</ele>
				<time>1970-01-01T01:00:00+01:00</time>
				<extensions>
					<swisstopo:routepoint_id>1308808493</swisstopo:routepoint_id>
				</extensions>
			</trkpt>
			<trkpt lat="46.2484402354" lon="8.0407639030">
				<ele>2147.4</ele>
				<time>1970-01-01T01:00:00+01:00</time>
				<extensions>
					<swisstopo:routepoint_id>381994596</swisstopo:routepoint_id>
				</extensions>
			</trkpt>
			<trkpt lat="46.2484227155" lon="8.0407099545">
				<ele>2147.2</ele>
				<time>1970-01-01T01:00:00+01:00</time>
				<extensions>
					<swisstopo:routepoint_id>1001955680</swisstopo:routepoint_id>
				</extensions>
			</trkpt>
			<trkpt lat="46.2484035137" lon="8.0406567725">
				<ele>2146.9</ele>
				<time>1970-01-01T01:00:00+01:00</time>
				<extensions>
					<swisstopo:routepoint_id>1563622314</swisstopo:routepoint_id>
				</extensions>
			</trkpt>
			<trkpt lat="46.2483787980" lon="8.0405930952">
				<ele>2146.8</ele>
				<time>1970-01-01T01:00:00+01:00</time>
				<extensions>
					<swisstopo:routepoint_id>1962526242</swisstopo:routepoint_id>
				</extensions>
			</trkpt>
			<trkpt lat="46.2483500795" lon="8.0405502550">
				<ele>2146.8</ele>
				<time>1970-01-01T01:00:00+01:00</time>
				<extensions>
					<swisstopo:routepoint_id>1327567242</swisstopo:routepoint_id>
				</extensions>
			</trkpt>
			<trkpt lat="46.2483158046" lon="8.0405049348">
				<ele>2146.6</ele>
				<time>1970-01-01T01:00:00+01:00</time>
				<extensions>
					<swisstopo:routepoint_id>631084252</swisstopo:routepoint_id>
				</extensions>
			</trkpt>
			<trkpt lat="46.2482853913" lon="8.0404652797">
				<ele>2146.5</ele>
				<time>1970-01-01T01:00:00+01:00</time>
				<extensions>
					<swisstopo:routepoint_id>1689663324</swisstopo:routepoint_id>
				</extensions>
			</trkpt>
			<trkpt lat="46.2482533474" lon="8.0404183888">
				<ele>2146.4</ele>
				<time>1970-01-01T01:00:00+01:00</time>
				<extensions>
					<swisstopo:routepoint_id>2035055852</swisstopo:routepoint_id>
				</extensions>
			</trkpt>
			<trkpt lat="46.2482196430" lon="8.0403698586">
				<ele>2146.2</ele>
				<time>1970-01-01T01:00:00+01:00</time>
				<extensions>
					<swisstopo:routepoint_id>88529435</swisstopo:routepoint_id>
				</extensions>
			</trkpt>
			<trkpt lat="46.2482031062" lon="8.0403407788">
				<ele>2146.1</ele>
				<time>1970-01-01T01:00:00+01:00</time>
				<extensions>
					<swisstopo:routepoint_id>2140035903</swisstopo:routepoint_id>
				</extensions>
			</trkpt>
			<trkpt lat="46.2481938202" lon="8.0403061693">
				<ele>2145.7</ele>
				<time>1970-01-01T01:00:00+01:00</time>
				<extensions>
					<swisstopo:routepoint_id>394352596</swisstopo:routepoint_id>
				</extensions>
			</trkpt>
			<trkpt lat="46.2481767894" lon="8.0402626483">
				<ele>2145.5</ele>
				<time>1970-01-01T01:00:00+01:00</time>
				<extensions>
					<swisstopo:routepoint_id>385759680</swisstopo:routepoint_id>
				</extensions>
			</trkpt>
			<trkpt lat="46.2481547259" lon="8.0402255044">
				<ele>2145.3</ele>
				<time>1970-01-01T01:00:00+01:00</time>
				<extensions>
					<swisstopo:routepoint_id>1178945258</swisstopo:routepoint_id>
				</extensions>
			</trkpt>
			<trkpt lat="46.2481348165" lon="8.0401995911">
				<ele>2145.4</ele>
				<time>1970-01-01T01:00:00+01:00</time>
				<extensions>
					<swisstopo:routepoint_id>1333979886</swisstopo:routepoint_id>
				</extensions>
			</trkpt>
			<trkpt lat="46.2481205662" lon="8.0401585067">
				<ele>2145.4</ele>
				<time>1970-01-01T01:00:00+01:00</time>
				<extensions>
					<swisstopo:routepoint_id>654614433</swisstopo:routepoint_id>
				</extensions>
			</trkpt>
			<trkpt lat="46.2481085765" lon="8.0401086214">
				<ele>2145.3</ele>
				<time>1970-01-01T01:00:00+01:00</time>
				<extensions>
					<swisstopo:routepoint_id>2076138178</swisstopo:routepoint_id>
				</extensions>
			</trkpt>
			<trkpt lat="46.2480982604" lon="8.0400595649">
				<ele>2145.3</ele>
				<time>1970-01-01T01:00:00+01:00</time>
				<extensions>
					<swisstopo:routepoint_id>1170114706</swisstopo:routepoint_id>
				</extensions>
			</trkpt>
			<trkpt lat="46.2480783809" lon="8.0400296505">
				<ele>2145.3</ele>
				<time>1970-01-01T01:00:00+01:00</time>
				<extensions>
					<swisstopo:routepoint_id>982731356</swisstopo:routepoint_id>
				</extensions>
			</trkpt>
			<trkpt lat="46.2480623845" lon="8.0400013873">
				<ele>2145.5</ele>
				<time>1970-01-01T01:00:00+01:00</time>
				<extensions>
					<swisstopo:routepoint_id>957872328</swisstopo:routepoint_id>
				</extensions>
			</trkpt>
			<trkpt lat="46.2480436549" lon="8.0399650655">
				<ele>2145.3</ele>
				<time>1970-01-01T01:00:00+01:00</time>
				<extensions>
					<swisstopo:routepoint_id>1696618333</swisstopo:routepoint_id>
				</extensions>
			</trkpt>
			<trkpt lat="46.2480198879" lon="8.0399327149">
				<ele>2145.1</ele>
				<time>1970-01-01T01:00:00+01:00</time>
				<extensions>
					<swisstopo:routepoint_id>924576907</swisstopo:routepoint_id>
				</extensions>
			</trkpt>
			<trkpt lat="46.2479983562" lon="8.0398979705">
				<ele>2145.1</ele>
				<time>1970-01-01T01:00:00+01:00</time>
				<extensions>
					<swisstopo:routepoint_id>1998353725</swisstopo:routepoint_id>
				</extensions>
			</trkpt>
			<trkpt lat="46.2479929618" lon="8.0398649999">
				<ele>2145.1</ele>
				<time>1970-01-01T01:00:00+01:00</time>
				<extensions>
					<swisstopo:routepoint_id>1325126035</swisstopo:routepoint_id>
				</extensions>
			</trkpt>
			<trkpt lat="46.2479763781" lon="8.0398447584">
				<ele>2144.6</ele>
				<time>1970-01-01T01:00:00+01:00</time>
				<extensions>
					<swisstopo:routepoint_id>1789297285</swisstopo:routepoint_id>
				</extensions>
			</trkpt>
			<trkpt lat="46.2479448233" lon="8.0398099033">
				<ele>2143.9</ele>
				<time>1970-01-01T01:00:00+01:00</time>
				<extensions>
					<swisstopo:routepoint_id>1236138896</swisstopo:routepoint_id>
				</extensions>
			</trkpt>
			<trkpt lat="46.2479265787" lon="8.0397864400">
				<ele>2143.7</ele>
				<time>1970-01-01T01:00:00+01:00</time>
				<extensions>
					<swisstopo:routepoint_id>769758198</swisstopo:routepoint_id>
				</extensions>
			</trkpt>
			<trkpt lat="46.2479156149" lon="8.0397534078">
				<ele>2143.3</ele>
				<time>1970-01-01T01:00:00+01:00</time>
				<extensions>
					<swisstopo:routepoint_id>1682267667</swisstopo:routepoint_id>
				</extensions>
			</trkpt>
			<trkpt lat="46.2479041233" lon="8.0397155706">
				<ele>2143.2</ele>
				<time>1970-01-01T01:00:00+01:00</time>
				<extensions>
					<swisstopo:routepoint_id>1594796424</swisstopo:routepoint_id>
				</extensions>
			</trkpt>
			<trkpt lat="46.2478919579" lon="8.0396673172">
				<ele>2142.8</ele>
				<time>1970-01-01T01:00:00+01:00</time>
				<extensions>
					<swisstopo:routepoint_id>547769390</swisstopo:routepoint_id>
				</extensions>
			</trkpt>
			<trkpt lat="46.2478846689" lon="8.0396503064">
				<ele>2142.6</ele>
				<time>1970-01-01T01:00:00+01:00</time>
				<extensions>
					<swisstopo:routepoint_id>1098203545</swisstopo:routepoint_id>
				</extensions>
			</trkpt>
			<trkpt lat="46.2478661565" lon="8.0395763909">
				<ele>2142.3</ele>
				<time>1970-01-01T01:00:00+01:00</time>
				<extensions>
					<swisstopo:routepoint_id>1892669827</swisstopo:routepoint_id>
				</extensions>
			</trkpt>
			<trkpt lat="46.2478287061" lon="8.0395218561">
				<ele>2142.1</ele>
				<time>1970-01-01T01:00:00+01:00</time>
				<extensions>
					<swisstopo:routepoint_id>566952001</swisstopo:routepoint_id>
				</extensions>
			</trkpt>
			<trkpt lat="46.2478042053" lon="8.0394771261">
				<ele>2141.7</ele>
				<time>1970-01-01T01:00:00+01:00</time>
				<extensions>
					<swisstopo:routepoint_id>1821872086</swisstopo:routepoint_id>
				</extensions>
			</trkpt>
			<trkpt lat="46.2477880397" lon="8.0394327413">
				<ele>2141.5</ele>
				<time>1970-01-01T01:00:00+01:00</time>
				<extensions>
					<swisstopo:routepoint_id>932538061</swisstopo:routepoint_id>
				</extensions>
			</trkpt>
			<trkpt lat="46.2477672188" lon="8.0393931679">
				<ele>2140.9</ele>
				<time>1970-01-01T01:00:00+01:00</time>
				<extensions>
					<swisstopo:routepoint_id>272862918</swisstopo:routepoint_id>
				</extensions>
			</trkpt>
			<trkpt lat="46.2477185180" lon="8.0393198185">
				<ele>2139.1</ele>
				<time>1970-01-01T01:00:00+01:00</time>
				<extensions>
					<swisstopo:routepoint_id>1439995038</swisstopo:routepoint_id>
				</extensions>
			</trkpt>
			<trkpt lat="46.2476705158" lon="8.0392505799">
				<ele>2137.3</ele>
				<time>1970-01-01T01:00:00+01:00</time>
				<extensions>
					<swisstopo:routepoint_id>542554817</swisstopo:routepoint_id>
				</extensions>
			</trkpt>
			<trkpt lat="46.2476323355" lon="8.0391762959">
				<ele>2136.1</ele>
				<time>1970-01-01T01:00:00+01:00</time>
				<extensions>
					<swisstopo:routepoint_id>1697111068</swisstopo:routepoint_id>
				</extensions>
			</trkpt>
			<trkpt lat="46.2475942240" lon="8.0390907429">
				<ele>2134.8</ele>
				<time>1970-01-01T01:00:00+01:00</time>
				<extensions>
					<swisstopo:routepoint_id>1640703256</swisstopo:routepoint_id>
				</extensions>
			</trkpt>
			<trkpt lat="46.2475687323" lon="8.0390042656">
				<ele>2133.6</ele>
				<time>1970-01-01T01:00:00+01:00</time>
				<extensions>
					<swisstopo:routepoint_id>1850253403</swisstopo:routepoint_id>
				</extensions>
			</trkpt>
			<trkpt lat="46.2475544280" lon="8.0389220018">
				<ele>2132.0</ele>
				<time>1970-01-01T01:00:00+01:00</time>
				<extensions>
					<swisstopo:routepoint_id>961090645</swisstopo:routepoint_id>
				</extensions>
			</trkpt>
			<trkpt lat="46.2475358994" lon="8.0388427813">
				<ele>2130.6</ele>
				<time>1970-01-01T01:00:00+01:00</time>
				<extensions>
					<swisstopo:routepoint_id>1207856358</swisstopo:routepoint_id>
				</extensions>
			</trkpt>
			<trkpt lat="46.2475110536" lon="8.0387686448">
				<ele>2129.1</ele>
				<time>1970-01-01T01:00:00+01:00</time>
				<extensions>
					<swisstopo:routepoint_id>1878628895</swisstopo:routepoint_id>
				</extensions>
			</trkpt>
			<trkpt lat="46.2474807514" lon="8.0386616009">
				<ele>2126.8</ele>
				<time>1970-01-01T01:00:00+01:00</time>
				<extensions>
					<swisstopo:routepoint_id>1250290728</swisstopo:routepoint_id>
				</extensions>
			</trkpt>
			<trkpt lat="46.2474544711" lon="8.0385664159">
				<ele>2124.5</ele>
				<time>1970-01-01T01:00:00+01:00</time>
				<extensions>
					<swisstopo:routepoint_id>163865180</swisstopo:routepoint_id>
				</extensions>
			</trkpt>
			<trkpt lat="46.2474533708" lon="8.0385386848">
				<ele>2124.1</ele>
				<time>1970-01-01T01:00:00+01:00</time>
				<extensions>
					<swisstopo:routepoint_id>1819366725</swisstopo:routepoint_id>
				</extensions>
			</trkpt>
			<trkpt lat="46.2474456719" lon="8.0384697395">
				<ele>2122.8</ele>
				<time>1970-01-01T01:00:00+01:00</time>
				<extensions>
					<swisstopo:routepoint_id>1118265849</swisstopo:routepoint_id>
				</extensions>
			</trkpt>
			<trkpt lat="46.2474347481" lon="8.0384258057">
				<ele>2121.7</ele>
				<time>1970-01-01T01:00:00+01:00</time>
				<extensions>
					<swisstopo:routepoint_id>1620980021</swisstopo:routepoint_id>
				</extensions>
			</trkpt>
			<trkpt lat="46.2474370379" lon="8.0383435605">
				<ele>2120.0</ele>
				<time>1970-01-01T01:00:00+01:00</time>
				<extensions>
					<swisstopo:routepoint_id>58154449</swisstopo:routepoint_id>
				</extensions>
			</trkpt>
			<trkpt lat="46.2474180751" lon="8.0382914846">
				<ele>2118.6</ele>
				<time>1970-01-01T01:00:00+01:00</time>
				<extensions>
					<swisstopo:routepoint_id>1107002251</swisstopo:routepoint_id>
				</extensions>
			</trkpt>
			<trkpt lat="46.2474158730" lon="8.0382395934">
				<ele>2117.7</ele>
				<time>1970-01-01T01:00:00+01:00</time>
				<extensions>
					<swisstopo:routepoint_id>371492297</swisstopo:routepoint_id>
				</extensions>
			</trkpt>
			<trkpt lat="46.2474157677" lon="8.0381931704">
				<ele>2116.8</ele>
				<time>1970-01-01T01:00:00+01:00</time>
				<extensions>
					<swisstopo:routepoint_id>1282763270</swisstopo:routepoint_id>
				</extensions>
			</trkpt>
			<trkpt lat="46.2474085640" lon="8.0380821773">
				<ele>2114.6</ele>
				<time>1970-01-01T01:00:00+01:00</time>
				<extensions>
					<swisstopo:routepoint_id>762214829</swisstopo:routepoint_id>
				</extensions>
			</trkpt>
			<trkpt lat="46.2473992366" lon="8.0380038437">
				<ele>2112.7</ele>
				<time>1970-01-01T01:00:00+01:00</time>
				<extensions>
					<swisstopo:routepoint_id>555367837</swisstopo:routepoint_id>
				</extensions>
			</trkpt>
			<trkpt lat="46.2473896313" lon="8.0379779817">
				<ele>2112.0</ele>
				<time>1970-01-01T01:00:00+01:00</time>
				<extensions>
					<swisstopo:routepoint_id>107029618</swisstopo:routepoint_id>
				</extensions>
			</trkpt>
			<trkpt lat="46.2473892121" lon="8.0379344044">
				<ele>2111.3</ele>
				<time>1970-01-01T01:00:00+01:00</time>
				<extensions>
					<swisstopo:routepoint_id>1788826119</swisstopo:routepoint_id>
				</extensions>
			</trkpt>
			<trkpt lat="46.2473757082" lon="8.0379114753">
				<ele>2110.5</ele>
				<time>1970-01-01T01:00:00+01:00</time>
				<extensions>
					<swisstopo:routepoint_id>221988808</swisstopo:routepoint_id>
				</extensions>
			</trkpt>
			<trkpt lat="46.2473726364" lon="8.0378777709">
				<ele>2109.8</ele>
				<time>1970-01-01T01:00:00+01:00</time>
				<extensions>
					<swisstopo:routepoint_id>584064122</swisstopo:routepoint_id>
				</extensions>
			</trkpt>
			<trkpt lat="46.2473682959" lon="8.0378381139">
				<ele>2108.9</ele>
				<time>1970-01-01T01:00:00+01:00</time>
				<extensions>
					<swisstopo:routepoint_id>1849610245</swisstopo:routepoint_id>
				</extensions>
			</trkpt>
			<trkpt lat="46.2473566844" lon="8.0378260957">
				<ele>2108.4</ele>
				<time>1970-01-01T01:00:00+01:00</time>
				<extensions>
					<swisstopo:routepoint_id>2128301036</swisstopo:routepoint_id>
				</extensions>
			</trkpt>
			<trkpt lat="46.2473463817" lon="8.0378091407">
				<ele>2107.8</ele>
				<time>1970-01-01T01:00:00+01:00</time>
				<extensions>
					<swisstopo:routepoint_id>1423815106</swisstopo:routepoint_id>
				</extensions>
			</trkpt>
			<trkpt lat="46.2473343474" lon="8.0377525448">
				<ele>2106.5</ele>
				<time>1970-01-01T01:00:00+01:00</time>
				<extensions>
					<swisstopo:routepoint_id>960131765</swisstopo:routepoint_id>
				</extensions>
			</trkpt>
			<trkpt lat="46.2473411347" lon="8.0376951936">
				<ele>2105.3</ele>
				<time>1970-01-01T01:00:00+01:00</time>
				<extensions>
					<swisstopo:routepoint_id>294089083</swisstopo:routepoint_id>
				</extensions>
			</trkpt>
			<trkpt lat="46.2473510460" lon="8.0376616577">
				<ele>2104.6</ele>
				<time>1970-01-01T01:00:00+01:00</time>
				<extensions>
					<swisstopo:routepoint_id>381877048</swisstopo:routepoint_id>
				</extensions>
			</trkpt>
			<trkpt lat="46.2473455087" lon="8.0376041456">
				<ele>2103.2</ele>
				<time>1970-01-01T01:00:00+01:00</time>
				<extensions>
					<swisstopo:routepoint_id>389983244</swisstopo:routepoint_id>
				</extensions>
			</trkpt>
			<trkpt lat="46.2473261453" lon="8.0375612842">
				<ele>2101.9</ele>
				<time>1970-01-01T01:00:00+01:00</time>
				<extensions>
					<swisstopo:routepoint_id>723235498</swisstopo:routepoint_id>
				</extensions>
			</trkpt>
			<trkpt lat="46.2473188822" lon="8.0374862531">
				<ele>2100.1</ele>
				<time>1970-01-01T01:00:00+01:00</time>
				<extensions>
					<swisstopo:routepoint_id>1946775430</swisstopo:routepoint_id>
				</extensions>
			</trkpt>
			<trkpt lat="46.2473255360" lon="8.0374524154">
				<ele>2099.5</ele>
				<time>1970-01-01T01:00:00+01:00</time>
				<extensions>
					<swisstopo:routepoint_id>839785062</swisstopo:routepoint_id>
				</extensions>
			</trkpt>
			<trkpt lat="46.2473231648" lon="8.0374107919">
				<ele>2098.9</ele>
				<time>1970-01-01T01:00:00+01:00</time>
				<extensions>
					<swisstopo:routepoint_id>736020423</swisstopo:routepoint_id>
				</extensions>
			</trkpt>
			<trkpt lat="46.2473070833" lon="8.0373818958">
				<ele>2097.7</ele>
				<time>1970-01-01T01:00:00+01:00</time>
				<extensions>
					<swisstopo:routepoint_id>432846898</swisstopo:routepoint_id>
				</extensions>
			</trkpt>
			<trkpt lat="46.2473164983" lon="8.0373176470">
				<ele>2096.4</ele>
				<time>1970-01-01T01:00:00+01:00</time>
				<extensions>
					<swisstopo:routepoint_id>2119108156</swisstopo:routepoint_id>
				</extensions>
			</trkpt>
			<trkpt lat="46.2473044150" lon="8.0372719406">
				<ele>2095.3</ele>
				<time>1970-01-01T01:00:00+01:00</time>
				<extensions>
					<swisstopo:routepoint_id>1858283565</swisstopo:routepoint_id>
				</extensions>
			</trkpt>
			<trkpt lat="46.2473039693" lon="8.0372333269">
				<ele>2094.8</ele>
				<time>1970-01-01T01:00:00+01:00</time>
				<extensions>
					<swisstopo:routepoint_id>1043991178</swisstopo:routepoint_id>
				</extensions>
			</trkpt>
			<trkpt lat="46.2472951605" lon="8.0371797424">
				<ele>2093.8</ele>
				<time>1970-01-01T01:00:00+01:00</time>
				<extensions>
					<swisstopo:routepoint_id>59262170</swisstopo:routepoint_id>
				</extensions>
			</trkpt>
			<trkpt lat="46.2472905786" lon="8.0370628524">
				<ele>2092.4</ele>
				<time>1970-01-01T01:00:00+01:00</time>
				<extensions>
					<swisstopo:routepoint_id>132024878</swisstopo:routepoint_id>
				</extensions>
			</trkpt>
			<trkpt lat="46.2473007205" lon="8.0369857335">
				<ele>2091.3</ele>
				<time>1970-01-01T01:00:00+01:00</time>
				<extensions>
					<swisstopo:routepoint_id>690368807</swisstopo:routepoint_id>
				</extensions>
			</trkpt>
			<trkpt lat="46.2473158513" lon="8.0369453156">
				<ele>2090.7</ele>
				<time>1970-01-01T01:00:00+01:00</time>
				<extensions>
					<swisstopo:routepoint_id>1761212276</swisstopo:routepoint_id>
				</extensions>
			</trkpt>
			<trkpt lat="46.2473186313" lon="8.0369097004">
				<ele>2090.2</ele>
				<time>1970-01-01T01:00:00+01:00</time>
				<extensions>
					<swisstopo:routepoint_id>11263598</swisstopo:routepoint_id>
				</extensions>
			</trkpt>
			<trkpt lat="46.2473233877" lon="8.0368691431">
				<ele>2089.4</ele>
				<time>1970-01-01T01:00:00+01:00</time>
				<extensions>
					<swisstopo:routepoint_id>1249487723</swisstopo:routepoint_id>
				</extensions>
			</trkpt>
			<trkpt lat="46.2473041676" lon="8.0368223834">
				<ele>2088.2</ele>
				<time>1970-01-01T01:00:00+01:00</time>
				<extensions>
					<swisstopo:routepoint_id>922874827</swisstopo:routepoint_id>
				</extensions>
			</trkpt>
			<trkpt lat="46.2473226271" lon="8.0367671485">
				<ele>2086.9</ele>
				<time>1970-01-01T01:00:00+01:00</time>
				<extensions>
					<swisstopo:routepoint_id>344787421</swisstopo:routepoint_id>
				</extensions>
			</trkpt>
			<trkpt lat="46.2473441482" lon="8.0367475931">
				<ele>2086.5</ele>
				<time>1970-01-01T01:00:00+01:00</time>
				<extensions>
					<swisstopo:routepoint_id>1963608108</swisstopo:routepoint_id>
				</extensions>
			</trkpt>
			<trkpt lat="46.2473591882" lon="8.0367259910">
				<ele>2085.7</ele>
				<time>1970-01-01T01:00:00+01:00</time>
				<extensions>
					<swisstopo:routepoint_id>1175733651</swisstopo:routepoint_id>
				</extensions>
			</trkpt>
			<trkpt lat="46.2473542535" lon="8.0366690555">
				<ele>2084.2</ele>
				<time>1970-01-01T01:00:00+01:00</time>
				<extensions>
					<swisstopo:routepoint_id>1120872358</swisstopo:routepoint_id>
				</extensions>
			</trkpt>
			<trkpt lat="46.2473716967" lon="8.0366116187">
				<ele>2082.8</ele>
				<time>1970-01-01T01:00:00+01:00</time>
				<extensions>
					<swisstopo:routepoint_id>333379028</swisstopo:routepoint_id>
				</extensions>
			</trkpt>
			<trkpt lat="46.2473738586" lon="8.0365649800">
				<ele>2081.7</ele>
				<time>1970-01-01T01:00:00+01:00</time>
				<extensions>
					<swisstopo:routepoint_id>1670449144</swisstopo:routepoint_id>
				</extensions>
			</trkpt>
			<trkpt lat="46.2473569813" lon="8.0365153969">
				<ele>2080.6</ele>
				<time>1970-01-01T01:00:00+01:00</time>
				<extensions>
					<swisstopo:routepoint_id>2086699522</swisstopo:routepoint_id>
				</extensions>
			</trkpt>
			<trkpt lat="46.2473725530" lon="8.0364496961">
				<ele>2079.1</ele>
				<time>1970-01-01T01:00:00+01:00</time>
				<extensions>
					<swisstopo:routepoint_id>241171420</swisstopo:routepoint_id>
				</extensions>
			</trkpt>
			<trkpt lat="46.2473728577" lon="8.0363920584">
				<ele>2078.2</ele>
				<time>1970-01-01T01:00:00+01:00</time>
				<extensions>
					<swisstopo:routepoint_id>1307732663</swisstopo:routepoint_id>
				</extensions>
			</trkpt>
			<trkpt lat="46.2473654882" lon="8.0363453276">
				<ele>2077.1</ele>
				<time>1970-01-01T01:00:00+01:00</time>
				<extensions>
					<swisstopo:routepoint_id>889478480</swisstopo:routepoint_id>
				</extensions>
			</trkpt>
			<trkpt lat="46.2473544166" lon="8.0362793340">
				<ele>2075.2</ele>
				<time>1970-01-01T01:00:00+01:00</time>
				<extensions>
					<swisstopo:routepoint_id>1834211953</swisstopo:routepoint_id>
				</extensions>
			</trkpt>
			<trkpt lat="46.2473583596" lon="8.0362546722">
				<ele>2074.5</ele>
				<time>1970-01-01T01:00:00+01:00</time>
				<extensions>
					<swisstopo:routepoint_id>1041938058</swisstopo:routepoint_id>
				</extensions>
			</trkpt>
			<trkpt lat="46.2473832505" lon="8.0362275052">
				<ele>2073.5</ele>
				<time>1970-01-01T01:00:00+01:00</time>
				<extensions>
					<swisstopo:routepoint_id>570148521</swisstopo:routepoint_id>
				</extensions>
			</trkpt>
			<trkpt lat="46.2474081704" lon="8.0361948429">
				<ele>2072.3</ele>
				<time>1970-01-01T01:00:00+01:00</time>
				<extensions>
					<swisstopo:routepoint_id>1718337233</swisstopo:routepoint_id>
				</extensions>
			</trkpt>
			<trkpt lat="46.2474197730" lon="8.0361620343">
				<ele>2071.4</ele>
				<time>1970-01-01T01:00:00+01:00</time>
				<extensions>
					<swisstopo:routepoint_id>582585266</swisstopo:routepoint_id>
				</extensions>
			</trkpt>
			<trkpt lat="46.2474181221" lon="8.0361153537">
				<ele>2070.2</ele>
				<time>1970-01-01T01:00:00+01:00</time>
				<extensions>
					<swisstopo:routepoint_id>1697681830</swisstopo:routepoint_id>
				</extensions>
			</trkpt>
			<trkpt lat="46.2474034757" lon="8.0360026584">
				<ele>2068.5</ele>
				<time>1970-01-01T01:00:00+01:00</time>
				<extensions>
					<swisstopo:routepoint_id>2134698723</swisstopo:routepoint_id>
				</extensions>
			</trkpt>
			<trkpt lat="46.2473922500" lon="8.0359641162">
				<ele>2068.0</ele>
				<time>1970-01-01T01:00:00+01:00</time>
				<extensions>
					<swisstopo:routepoint_id>1513928532</swisstopo:routepoint_id>
				</extensions>
			</trkpt>
			<trkpt lat="46.2473850052" lon="8.0358954169">
				<ele>2067.5</ele>
				<time>1970-01-01T01:00:00+01:00</time>
				<extensions>
					<swisstopo:routepoint_id>868160554</swisstopo:routepoint_id>
				</extensions>
			</trkpt>
			<trkpt lat="46.2473759756" lon="8.0358020055">
				<ele>2066.3</ele>
				<time>1970-01-01T01:00:00+01:00</time>
				<extensions>
					<swisstopo:routepoint_id>1025220505</swisstopo:routepoint_id>
				</extensions>
			</trkpt>
			<trkpt lat="46.2473667809" lon="8.0357415157">
				<ele>2065.7</ele>
				<time>1970-01-01T01:00:00+01:00</time>
				<extensions>
					<swisstopo:routepoint_id>1536339368</swisstopo:routepoint_id>
				</extensions>
			</trkpt>
			<trkpt lat="46.2473555351" lon="8.0357084564">
				<ele>2065.4</ele>
				<time>1970-01-01T01:00:00+01:00</time>
				<extensions>
					<swisstopo:routepoint_id>2059845986</swisstopo:routepoint_id>
				</extensions>
			</trkpt>
			<trkpt lat="46.2473425103" lon="8.0356479372">
				<ele>2064.8</ele>
				<time>1970-01-01T01:00:00+01:00</time>
				<extensions>
					<swisstopo:routepoint_id>1726258687</swisstopo:routepoint_id>
				</extensions>
			</trkpt>
			<trkpt lat="46.2473276434" lon="8.0355819022">
				<ele>2064.3</ele>
				<time>1970-01-01T01:00:00+01:00</time>
				<extensions>
					<swisstopo:routepoint_id>353622371</swisstopo:routepoint_id>
				</extensions>
			</trkpt>
			<trkpt lat="46.2473087204" lon="8.0355569895">
				<ele>2063.8</ele>
				<time>1970-01-01T01:00:00+01:00</time>
				<extensions>
					<swisstopo:routepoint_id>445533542</swisstopo:routepoint_id>
				</extensions>
			</trkpt>
			<trkpt lat="46.2472878449" lon="8.0355457945">
				<ele>2062.9</ele>
				<time>1970-01-01T01:00:00+01:00</time>
				<extensions>
					<swisstopo:routepoint_id>120761280</swisstopo:routepoint_id>
				</extensions>
			</trkpt>
			<trkpt lat="46.2472689509" lon="8.0355153866">
				<ele>2062.2</ele>
				<time>1970-01-01T01:00:00+01:00</time>
				<extensions>
					<swisstopo:routepoint_id>1588364731</swisstopo:routepoint_id>
				</extensions>
			</trkpt>
			<trkpt lat="46.2472484665" lon="8.0354300807">
				<ele>2061.2</ele>
				<time>1970-01-01T01:00:00+01:00</time>
				<extensions>
					<swisstopo:routepoint_id>838337449</swisstopo:routepoint_id>
				</extensions>
			</trkpt>
			<trkpt lat="46.2472164725" lon="8.0353583624">
				<ele>2058.5</ele>
				<time>1970-01-01T01:00:00+01:00</time>
				<extensions>
					<swisstopo:routepoint_id>1813959825</swisstopo:routepoint_id>
				</extensions>
			</trkpt>
			<trkpt lat="46.2471862485" lon="8.0353141292">
				<ele>2056.7</ele>
				<time>1970-01-01T01:00:00+01:00</time>
				<extensions>
					<swisstopo:routepoint_id>1433363263</swisstopo:routepoint_id>
				</extensions>
			</trkpt>
			<trkpt lat="46.2471558824" lon="8.0352918263">
				<ele>2055.7</ele>
				<time>1970-01-01T01:00:00+01:00</time>
				<extensions>
					<swisstopo:routepoint_id>1894624823</swisstopo:routepoint_id>
				</extensions>
			</trkpt>
			<trkpt lat="46.2471332367" lon="8.0352531593">
				<ele>2054.0</ele>
				<time>1970-01-01T01:00:00+01:00</time>
				<extensions>
					<swisstopo:routepoint_id>1371398711</swisstopo:routepoint_id>
				</extensions>
			</trkpt>
			<trkpt lat="46.2471126307" lon="8.0351925574">
				<ele>2053.0</ele>
				<time>1970-01-01T01:00:00+01:00</time>
				<extensions>
					<swisstopo:routepoint_id>1630229080</swisstopo:routepoint_id>
				</extensions>
			</trkpt>
			<trkpt lat="46.2471074043" lon="8.0350991883">
				<ele>2051.7</ele>
				<time>1970-01-01T01:00:00+01:00</time>
				<extensions>
					<swisstopo:routepoint_id>1652768155</swisstopo:routepoint_id>
				</extensions>
			</trkpt>
			<trkpt lat="46.2471006479" lon="8.0349344352">
				<ele>2049.0</ele>
				<time>1970-01-01T01:00:00+01:00</time>
				<extensions>
					<swisstopo:routepoint_id>1181656484</swisstopo:routepoint_id>
				</extensions>
			</trkpt>
			<trkpt lat="46.2470935182" lon="8.0348437805">
				<ele>2048.1</ele>
				<time>1970-01-01T01:00:00+01:00</time>
				<extensions>
					<swisstopo:routepoint_id>92207608</swisstopo:routepoint_id>
				</extensions>
			</trkpt>
			<trkpt lat="46.2470751913" lon="8.0347090888">
				<ele>2046.6</ele>
				<time>1970-01-01T01:00:00+01:00</time>
				<extensions>
					<swisstopo:routepoint_id>362716481</swisstopo:routepoint_id>
				</extensions>
			</trkpt>
			<trkpt lat="46.2470602686" lon="8.0346485493">
				<ele>2045.8</ele>
				<time>1970-01-01T01:00:00+01:00</time>
				<extensions>
					<swisstopo:routepoint_id>1197221042</swisstopo:routepoint_id>
				</extensions>
			</trkpt>
			<trkpt lat="46.2470489645" lon="8.0346264683">
				<ele>2045.2</ele>
				<time>1970-01-01T01:00:00+01:00</time>
				<extensions>
					<swisstopo:routepoint_id>554443114</swisstopo:routepoint_id>
				</extensions>
			</trkpt>
			<trkpt lat="46.2470113844" lon="8.0346044162">
				<ele>2043.8</ele>
				<time>1970-01-01T01:00:00+01:00</time>
				<extensions>
					<swisstopo:routepoint_id>265794605</swisstopo:routepoint_id>
				</extensions>
			</trkpt>
			<trkpt lat="46.2469946624" lon="8.0344502164">
				<ele>2043.2</ele>
				<time>1970-01-01T01:00:00+01:00</time>
				<extensions>
					<swisstopo:routepoint_id>319329959</swisstopo:routepoint_id>
				</extensions>
			</trkpt>
			<trkpt lat="46.2469839800" lon="8.0343101257">
				<ele>2042.7</ele>
				<time>1970-01-01T01:00:00+01:00</time>
				<extensions>
					<swisstopo:routepoint_id>115874720</swisstopo:routepoint_id>
				</extensions>
			</trkpt>
			<trkpt lat="46.2469845150" lon="8.0342085766">
				<ele>2042.5</ele>
				<time>1970-01-01T01:00:00+01:00</time>
				<extensions>
					<swisstopo:routepoint_id>459352791</swisstopo:routepoint_id>
				</extensions>
			</trkpt>
			<trkpt lat="46.2469851221" lon="8.0340933018">
				<ele>2041.2</ele>
				<time>1970-01-01T01:00:00+01:00</time>
				<extensions>
					<swisstopo:routepoint_id>1019950338</swisstopo:routepoint_id>
				</extensions>
			</trkpt>
			<trkpt lat="46.2469759931" lon="8.0340218476">
				<ele>2041.1</ele>
				<time>1970-01-01T01:00:00+01:00</time>
				<extensions>
					<swisstopo:routepoint_id>1731122158</swisstopo:routepoint_id>
				</extensions>
			</trkpt>
			<trkpt lat="46.2469517989" lon="8.0339117971">
				<ele>2040.7</ele>
				<time>1970-01-01T01:00:00+01:00</time>
				<extensions>
					<swisstopo:routepoint_id>1216140382</swisstopo:routepoint_id>
				</extensions>
			</trkpt>
			<trkpt lat="46.2469164424" lon="8.0337577231">
				<ele>2039.9</ele>
				<time>1970-01-01T01:00:00+01:00</time>
				<extensions>
					<swisstopo:routepoint_id>829521276</swisstopo:routepoint_id>
				</extensions>
			</trkpt>
			<trkpt lat="46.2469037663" lon="8.0336340725">
				<ele>2039.1</ele>
				<time>1970-01-01T01:00:00+01:00</time>
				<extensions>
					<swisstopo:routepoint_id>1109478217</swisstopo:routepoint_id>
				</extensions>
			</trkpt>
			<trkpt lat="46.2469118879" lon="8.0335381021">
				<ele>2038.0</ele>
				<time>1970-01-01T01:00:00+01:00</time>
				<extensions>
					<swisstopo:routepoint_id>2125072812</swisstopo:routepoint_id>
				</extensions>
			</trkpt>
			<trkpt lat="46.2469293930" lon="8.0334669265">
				<ele>2036.4</ele>
				<time>1970-01-01T01:00:00+01:00</time>
				<extensions>
					<swisstopo:routepoint_id>955798216</swisstopo:routepoint_id>
				</extensions>
			</trkpt>
			<trkpt lat="46.2469719413" lon="8.0333411569">
				<ele>2033.8</ele>
				<time>1970-01-01T01:00:00+01:00</time>
				<extensions>
					<swisstopo:routepoint_id>1446445466</swisstopo:routepoint_id>
				</extensions>
			</trkpt>
			<trkpt lat="46.2470257537" lon="8.0332484207">
				<ele>2032.3</ele>
				<time>1970-01-01T01:00:00+01:00</time>
				<extensions>
					<swisstopo:routepoint_id>1182716997</swisstopo:routepoint_id>
				</extensions>
			</trkpt>
			<trkpt lat="46.2470470046" lon="8.0331882644">
				<ele>2032.0</ele>
				<time>1970-01-01T01:00:00+01:00</time>
				<extensions>
					<swisstopo:routepoint_id>1614312444</swisstopo:routepoint_id>
				</extensions>
			</trkpt>
			<trkpt lat="46.2470530985" lon="8.0331169764">
				<ele>2031.3</ele>
				<time>1970-01-01T01:00:00+01:00</time>
				<extensions>
					<swisstopo:routepoint_id>1605497407</swisstopo:routepoint_id>
				</extensions>
			</trkpt>
			<trkpt lat="46.2470401043" lon="8.0330537108">
				<ele>2031.0</ele>
				<time>1970-01-01T01:00:00+01:00</time>
				<extensions>
					<swisstopo:routepoint_id>912741287</swisstopo:routepoint_id>
				</extensions>
			</trkpt>
			<trkpt lat="46.2470100814" lon="8.0329710498">
				<ele>2030.4</ele>
				<time>1970-01-01T01:00:00+01:00</time>
				<extensions>
					<swisstopo:routepoint_id>1754679741</swisstopo:routepoint_id>
				</extensions>
			</trkpt>
			<trkpt lat="46.2470027219" lon="8.0329188117">
				<ele>2030.1</ele>
				<time>1970-01-01T01:00:00+01:00</time>
				<extensions>
					<swisstopo:routepoint_id>454285103</swisstopo:routepoint_id>
				</extensions>
			</trkpt>
			<trkpt lat="46.2470031833" lon="8.0328310007">
				<ele>2029.4</ele>
				<time>1970-01-01T01:00:00+01:00</time>
				<extensions>
					<swisstopo:routepoint_id>155001468</swisstopo:routepoint_id>
				</extensions>
			</trkpt>
			<trkpt lat="46.2470094069" lon="8.0327349966">
				<ele>2028.4</ele>
				<time>1970-01-01T01:00:00+01:00</time>
				<extensions>
					<swisstopo:routepoint_id>1091196273</swisstopo:routepoint_id>
				</extensions>
			</trkpt>
			<trkpt lat="46.2470422102" lon="8.0326530090">
				<ele>2027.8</ele>
				<time>1970-01-01T01:00:00+01:00</time>
				<extensions>
					<swisstopo:routepoint_id>442561113</swisstopo:routepoint_id>
				</extensions>
			</trkpt>
			<trkpt lat="46.2470863698" lon="8.0325848969">
				<ele>2026.9</ele>
				<time>1970-01-01T01:00:00+01:00</time>
				<extensions>
					<swisstopo:routepoint_id>1950617831</swisstopo:routepoint_id>
				</extensions>
			</trkpt>
			<trkpt lat="46.2471346416" lon="8.0324564157">
				<ele>2025.6</ele>
				<time>1970-01-01T01:00:00+01:00</time>
				<extensions>
					<swisstopo:routepoint_id>241856668</swisstopo:routepoint_id>
				</extensions>
			</trkpt>
			<trkpt lat="46.2471445531" lon="8.0323824151">
				<ele>2024.9</ele>
				<time>1970-01-01T01:00:00+01:00</time>
				<extensions>
					<swisstopo:routepoint_id>189742227</swisstopo:routepoint_id>
				</extensions>
			</trkpt>
			<trkpt lat="46.2471486650" lon="8.0323220903">
				<ele>2024.2</ele>
				<time>1970-01-01T01:00:00+01:00</time>
				<extensions>
					<swisstopo:routepoint_id>1538021471</swisstopo:routepoint_id>
				</extensions>
			</trkpt>
			<trkpt lat="46.2471719313" lon="8.0322427396">
				<ele>2023.0</ele>
				<time>1970-01-01T01:00:00+01:00</time>
				<extensions>
					<swisstopo:routepoint_id>1290051674</swisstopo:routepoint_id>
				</extensions>
			</trkpt>
			<trkpt lat="46.2471893147" lon="8.0321962732">
				<ele>2022.4</ele>
				<time>1970-01-01T01:00:00+01:00</time>
				<extensions>
					<swisstopo:routepoint_id>2131919090</swisstopo:routepoint_id>
				</extensions>
			</trkpt>
			<trkpt lat="46.2472199321" lon="8.0321691607">
				<ele>2021.8</ele>
				<time>1970-01-01T01:00:00+01:00</time>
				<extensions>
					<swisstopo:routepoint_id>1685248142</swisstopo:routepoint_id>
				</extensions>
			</trkpt>
			<trkpt lat="46.2472564090" lon="8.0321119175">
				<ele>2020.4</ele>
				<time>1970-01-01T01:00:00+01:00</time>
				<extensions>
					<swisstopo:routepoint_id>96921875</swisstopo:routepoint_id>
				</extensions>
			</trkpt>
			<trkpt lat="46.2472662482" lon="8.0320516550">
				<ele>2019.6</ele>
				<time>1970-01-01T01:00:00+01:00</time>
				<extensions>
					<swisstopo:routepoint_id>877891083</swisstopo:routepoint_id>
				</extensions>
			</trkpt>
			<trkpt lat="46.2472666515" lon="8.0319748026">
				<ele>2018.8</ele>
				<time>1970-01-01T01:00:00+01:00</time>
				<extensions>
					<swisstopo:routepoint_id>438568394</swisstopo:routepoint_id>
				</extensions>
			</trkpt>
			<trkpt lat="46.2472482748" lon="8.0318456129">
				<ele>2017.6</ele>
				<time>1970-01-01T01:00:00+01:00</time>
				<extensions>
					<swisstopo:routepoint_id>1953925462</swisstopo:routepoint_id>
				</extensions>
			</trkpt>
			<trkpt lat="46.2472331609" lon="8.0318262324">
				<ele>2017.4</ele>
				<time>1970-01-01T01:00:00+01:00</time>
				<extensions>
					<swisstopo:routepoint_id>1446863268</swisstopo:routepoint_id>
				</extensions>
			</trkpt>
			<trkpt lat="46.2472238170" lon="8.0317904468">
				<ele>2017.1</ele>
				<time>1970-01-01T01:00:00+01:00</time>
				<extensions>
					<swisstopo:routepoint_id>532236210</swisstopo:routepoint_id>
				</extensions>
			</trkpt>
			<trkpt lat="46.2472202349" lon="8.0317464997">
				<ele>2016.6</ele>
				<time>1970-01-01T01:00:00+01:00</time>
				<extensions>
					<swisstopo:routepoint_id>1390696057</swisstopo:routepoint_id>
				</extensions>
			</trkpt>
			<trkpt lat="46.2472188431" lon="8.0316504148">
				<ele>2015.4</ele>
				<time>1970-01-01T01:00:00+01:00</time>
				<extensions>
					<swisstopo:routepoint_id>190429062</swisstopo:routepoint_id>
				</extensions>
			</trkpt>
			<trkpt lat="46.2472233480" lon="8.0315187224">
				<ele>2014.1</ele>
				<time>1970-01-01T01:00:00+01:00</time>
				<extensions>
					<swisstopo:routepoint_id>621643940</swisstopo:routepoint_id>
				</extensions>
			</trkpt>
			<trkpt lat="46.2472142968" lon="8.0314280518">
				<ele>2013.4</ele>
				<time>1970-01-01T01:00:00+01:00</time>
				<extensions>
					<swisstopo:routepoint_id>1238551218</swisstopo:routepoint_id>
				</extensions>
			</trkpt>
			<trkpt lat="46.2471957520" lon="8.0313345414">
				<ele>2012.6</ele>
				<time>1970-01-01T01:00:00+01:00</time>
				<extensions>
					<swisstopo:routepoint_id>2021206708</swisstopo:routepoint_id>
				</extensions>
			</trkpt>
			<trkpt lat="46.2471566166" lon="8.0311721743">
				<ele>2011.4</ele>
				<time>1970-01-01T01:00:00+01:00</time>
				<extensions>
					<swisstopo:routepoint_id>1810516399</swisstopo:routepoint_id>
				</extensions>
			</trkpt>
			<trkpt lat="46.2471195804" lon="8.0309714235">
				<ele>2010.1</ele>
				<time>1970-01-01T01:00:00+01:00</time>
				<extensions>
					<swisstopo:routepoint_id>942355815</swisstopo:routepoint_id>
				</extensions>
			</trkpt>
			<trkpt lat="46.2470657527" lon="8.0307045937">
				<ele>2008.3</ele>
				<time>1970-01-01T01:00:00+01:00</time>
				<extensions>
					<swisstopo:routepoint_id>1488969420</swisstopo:routepoint_id>
				</extensions>
			</trkpt>
			<trkpt lat="46.2470436949" lon="8.0305534088">
				<ele>2007.7</ele>
				<time>1970-01-01T01:00:00+01:00</time>
				<extensions>
					<swisstopo:routepoint_id>1988431707</swisstopo:routepoint_id>
				</extensions>
			</trkpt>
			<trkpt lat="46.2470348334" lon="8.0304298054">
				<ele>2007.1</ele>
				<time>1970-01-01T01:00:00+01:00</time>
				<extensions>
					<swisstopo:routepoint_id>269975709</swisstopo:routepoint_id>
				</extensions>
			</trkpt>
			<trkpt lat="46.2470238404" lon="8.0303473477">
				<ele>2006.8</ele>
				<time>1970-01-01T01:00:00+01:00</time>
				<extensions>
					<swisstopo:routepoint_id>2007116351</swisstopo:routepoint_id>
				</extensions>
			</trkpt>
			<trkpt lat="46.2470053484" lon="8.0302401074">
				<ele>2006.3</ele>
				<time>1970-01-01T01:00:00+01:00</time>
				<extensions>
					<swisstopo:routepoint_id>1151212304</swisstopo:routepoint_id>
				</extensions>
			</trkpt>
			<trkpt lat="46.2469907028" lon="8.0301301727">
				<ele>2005.6</ele>
				<time>1970-01-01T01:00:00+01:00</time>
				<extensions>
					<swisstopo:routepoint_id>757739819</swisstopo:routepoint_id>
				</extensions>
			</trkpt>
			<trkpt lat="46.2469970319" lon="8.0300122064">
				<ele>2004.8</ele>
				<time>1970-01-01T01:00:00+01:00</time>
				<extensions>
					<swisstopo:routepoint_id>663483467</swisstopo:routepoint_id>
				</extensions>
			</trkpt>
			<trkpt lat="46.2470131849" lon="8.0298339998">
				<ele>2003.4</ele>
				<time>1970-01-01T01:00:00+01:00</time>
				<extensions>
					<swisstopo:routepoint_id>11723989</swisstopo:routepoint_id>
				</extensions>
			</trkpt>
			<trkpt lat="46.2470137876" lon="8.0297187333">
				<ele>2002.7</ele>
				<time>1970-01-01T01:00:00+01:00</time>
				<extensions>
					<swisstopo:routepoint_id>351867285</swisstopo:routepoint_id>
				</extensions>
			</trkpt>
			<trkpt lat="46.2470010967" lon="8.0295978243">
				<ele>2001.8</ele>
				<time>1970-01-01T01:00:00+01:00</time>
				<extensions>
					<swisstopo:routepoint_id>849339605</swisstopo:routepoint_id>
				</extensions>
			</trkpt>
			<trkpt lat="46.2469769820" lon="8.0294767911">
				<ele>2000.9</ele>
				<time>1970-01-01T01:00:00+01:00</time>
				<extensions>
					<swisstopo:routepoint_id>252818886</swisstopo:routepoint_id>
				</extensions>
			</trkpt>
			<trkpt lat="46.2469574345" lon="8.0294140920">
				<ele>2000.3</ele>
				<time>1970-01-01T01:00:00+01:00</time>
				<extensions>
					<swisstopo:routepoint_id>412596359</swisstopo:routepoint_id>
				</extensions>
			</trkpt>
		</trkseg>
	</trk>
</gpx>
