<?xml version="1.0"?>
<gpx version="1.1" creator="Generated by Swisstopo App. See https://www.swisstopo.ch/app for more information." xmlns="http://www.topografix.com/GPX/1/1" xmlns:xsi="http://www.w3.org/2001/XMLSchema-instance" xmlns:swisstopo="https://prod-static.swisstopo-app.ch/xmlschemas/SwisstopoExtensions" xsi:schemaLocation="http://www.topografix.com/GPX/1/1 http://www.topografix.com/GPX/1/1/gpx.xsd https://swisstopo-app.ch/xmlschemas/SwisstopoExtensions https://prod-static.swisstopo-app.ch/xmlschemas/SwisstopoExtensions.xsd">
	<metadata>
		<name>Weesen - Quinten</name>
		<desc />
		<time>2026-05-31T18:46:51+02:00</time>
		<extensions>
			<swisstopo:tour_type>0</swisstopo:tour_type>
		</extensions>
	</metadata>
	<wpt lat="47.1351480149" lon="9.0982781846">
		<ele>424.0</ele>
		<name>Startpunkt</name>
		<extensions>
			<swisstopo:waypoint_id>1</swisstopo:waypoint_id>
			<swisstopo:waypoint_routepoint_id>750694035</swisstopo:waypoint_routepoint_id>
			<swisstopo:waypoint_meters_into_tour>0.000000</swisstopo:waypoint_meters_into_tour>
			<swisstopo:waypoint_is_controlpoint>1</swisstopo:waypoint_is_controlpoint>
		</extensions>
	</wpt>
	<wpt lat="47.1349869919" lon="9.0992029315">
		<ele>421.6</ele>
		<name>Wegpunkt</name>
		<extensions>
			<swisstopo:waypoint_id>1903292428</swisstopo:waypoint_id>
			<swisstopo:waypoint_routepoint_id>381293475</swisstopo:waypoint_routepoint_id>
			<swisstopo:waypoint_meters_into_tour>73.863361</swisstopo:waypoint_meters_into_tour>
			<swisstopo:waypoint_is_controlpoint>1</swisstopo:waypoint_is_controlpoint>
		</extensions>
	</wpt>
	<wpt lat="47.1357247767" lon="9.1024807119">
		<ele>425.3</ele>
		<name>Wegpunkt</name>
		<extensions>
			<swisstopo:waypoint_id>448220120</swisstopo:waypoint_id>
			<swisstopo:waypoint_routepoint_id>624183782</swisstopo:waypoint_routepoint_id>
			<swisstopo:waypoint_meters_into_tour>379.743939</swisstopo:waypoint_meters_into_tour>
			<swisstopo:waypoint_is_controlpoint>1</swisstopo:waypoint_is_controlpoint>
		</extensions>
	</wpt>
	<wpt lat="47.1392171711" lon="9.1124354473">
		<ele>429.9</ele>
		<name>Wegpunkt</name>
		<extensions>
			<swisstopo:waypoint_id>60642462</swisstopo:waypoint_id>
			<swisstopo:waypoint_routepoint_id>677891338</swisstopo:waypoint_routepoint_id>
			<swisstopo:waypoint_meters_into_tour>1317.205057</swisstopo:waypoint_meters_into_tour>
			<swisstopo:waypoint_is_controlpoint>1</swisstopo:waypoint_is_controlpoint>
		</extensions>
	</wpt>
	<wpt lat="47.1344667471" lon="9.1459609801">
		<ele>421.7</ele>
		<name>Wegpunkt</name>
		<extensions>
			<swisstopo:waypoint_id>372845417</swisstopo:waypoint_id>
			<swisstopo:waypoint_routepoint_id>517276515</swisstopo:waypoint_routepoint_id>
			<swisstopo:waypoint_meters_into_tour>4229.600674</swisstopo:waypoint_meters_into_tour>
			<swisstopo:waypoint_is_controlpoint>1</swisstopo:waypoint_is_controlpoint>
		</extensions>
	</wpt>
	<wpt lat="47.1365190250" lon="9.1523006746">
		<ele>476.6</ele>
		<name>Wegpunkt</name>
		<extensions>
			<swisstopo:waypoint_id>1307269035</swisstopo:waypoint_id>
			<swisstopo:waypoint_routepoint_id>1511175985</swisstopo:waypoint_routepoint_id>
			<swisstopo:waypoint_meters_into_tour>4980.158251</swisstopo:waypoint_meters_into_tour>
			<swisstopo:waypoint_is_controlpoint>1</swisstopo:waypoint_is_controlpoint>
		</extensions>
	</wpt>
	<wpt lat="47.1362400794" lon="9.1597028884">
		<ele>512.6</ele>
		<name>Wegpunkt</name>
		<extensions>
			<swisstopo:waypoint_id>60404445</swisstopo:waypoint_id>
			<swisstopo:waypoint_routepoint_id>1676108706</swisstopo:waypoint_routepoint_id>
			<swisstopo:waypoint_meters_into_tour>5565.239883</swisstopo:waypoint_meters_into_tour>
			<swisstopo:waypoint_is_controlpoint>1</swisstopo:waypoint_is_controlpoint>
		</extensions>
	</wpt>
	<wpt lat="47.1380070350" lon="9.1638756606">
		<ele>563.1</ele>
		<name>Wegpunkt</name>
		<extensions>
			<swisstopo:waypoint_id>1634625435</swisstopo:waypoint_id>
			<swisstopo:waypoint_routepoint_id>726775789</swisstopo:waypoint_routepoint_id>
			<swisstopo:waypoint_meters_into_tour>6048.750973</swisstopo:waypoint_meters_into_tour>
			<swisstopo:waypoint_is_controlpoint>1</swisstopo:waypoint_is_controlpoint>
		</extensions>
	</wpt>
	<wpt lat="47.1369938208" lon="9.1633556428">
		<ele>506.4</ele>
		<name>Wegpunkt</name>
		<extensions>
			<swisstopo:waypoint_id>1484291276</swisstopo:waypoint_id>
			<swisstopo:waypoint_routepoint_id>1349818914</swisstopo:waypoint_routepoint_id>
			<swisstopo:waypoint_meters_into_tour>6245.174035</swisstopo:waypoint_meters_into_tour>
			<swisstopo:waypoint_is_controlpoint>1</swisstopo:waypoint_is_controlpoint>
		</extensions>
	</wpt>
	<wpt lat="47.1349190785" lon="9.1647813740">
		<ele>528.3</ele>
		<name>Wegpunkt</name>
		<extensions>
			<swisstopo:waypoint_id>2127543956</swisstopo:waypoint_id>
			<swisstopo:waypoint_routepoint_id>874278021</swisstopo:waypoint_routepoint_id>
			<swisstopo:waypoint_meters_into_tour>6620.126631</swisstopo:waypoint_meters_into_tour>
			<swisstopo:waypoint_is_controlpoint>1</swisstopo:waypoint_is_controlpoint>
		</extensions>
	</wpt>
	<wpt lat="47.1351423560" lon="9.1705948992">
		<ele>552.0</ele>
		<name>Wegpunkt</name>
		<extensions>
			<swisstopo:waypoint_id>1603981474</swisstopo:waypoint_id>
			<swisstopo:waypoint_routepoint_id>1845048688</swisstopo:waypoint_routepoint_id>
			<swisstopo:waypoint_meters_into_tour>7112.432193</swisstopo:waypoint_meters_into_tour>
			<swisstopo:waypoint_is_controlpoint>1</swisstopo:waypoint_is_controlpoint>
		</extensions>
	</wpt>
	<wpt lat="47.1345700429" lon="9.1762761094">
		<ele>602.6</ele>
		<name>Wegpunkt</name>
		<extensions>
			<swisstopo:waypoint_id>778283868</swisstopo:waypoint_id>
			<swisstopo:waypoint_routepoint_id>1781873053</swisstopo:waypoint_routepoint_id>
			<swisstopo:waypoint_meters_into_tour>7594.917636</swisstopo:waypoint_meters_into_tour>
			<swisstopo:waypoint_is_controlpoint>1</swisstopo:waypoint_is_controlpoint>
		</extensions>
	</wpt>
	<wpt lat="47.1352659292" lon="9.1943163573">
		<ele>834.3</ele>
		<name>Wegpunkt</name>
		<extensions>
			<swisstopo:waypoint_id>927236461</swisstopo:waypoint_id>
			<swisstopo:waypoint_routepoint_id>696162703</swisstopo:waypoint_routepoint_id>
			<swisstopo:waypoint_meters_into_tour>9140.134257</swisstopo:waypoint_meters_into_tour>
			<swisstopo:waypoint_is_controlpoint>1</swisstopo:waypoint_is_controlpoint>
		</extensions>
	</wpt>
	<wpt lat="47.1353329616" lon="9.2004887971">
		<ele>930.8</ele>
		<name>Wegpunkt</name>
		<extensions>
			<swisstopo:waypoint_id>1894768728</swisstopo:waypoint_id>
			<swisstopo:waypoint_routepoint_id>2065358694</swisstopo:waypoint_routepoint_id>
			<swisstopo:waypoint_meters_into_tour>9718.550471</swisstopo:waypoint_meters_into_tour>
			<swisstopo:waypoint_is_controlpoint>1</swisstopo:waypoint_is_controlpoint>
		</extensions>
	</wpt>
	<wpt lat="47.1339108225" lon="9.2060229665">
		<ele>762.0</ele>
		<name>Wegpunkt</name>
		<extensions>
			<swisstopo:waypoint_id>1472214317</swisstopo:waypoint_id>
			<swisstopo:waypoint_routepoint_id>41033866</swisstopo:waypoint_routepoint_id>
			<swisstopo:waypoint_meters_into_tour>10322.195255</swisstopo:waypoint_meters_into_tour>
			<swisstopo:waypoint_is_controlpoint>1</swisstopo:waypoint_is_controlpoint>
		</extensions>
	</wpt>
	<wpt lat="47.1322999422" lon="9.2124898003">
		<ele>549.3</ele>
		<name>Wegpunkt</name>
		<extensions>
			<swisstopo:waypoint_id>1436420264</swisstopo:waypoint_id>
			<swisstopo:waypoint_routepoint_id>94013777</swisstopo:waypoint_routepoint_id>
			<swisstopo:waypoint_meters_into_tour>11121.837903</swisstopo:waypoint_meters_into_tour>
			<swisstopo:waypoint_is_controlpoint>1</swisstopo:waypoint_is_controlpoint>
		</extensions>
	</wpt>
	<wpt lat="47.1289889389" lon="9.2160120810">
		<ele>424.6</ele>
		<name>Ziel</name>
		<extensions>
			<swisstopo:waypoint_id>1857808189</swisstopo:waypoint_id>
			<swisstopo:waypoint_routepoint_id>485151312</swisstopo:waypoint_routepoint_id>
			<swisstopo:waypoint_meters_into_tour>11679.361406</swisstopo:waypoint_meters_into_tour>
			<swisstopo:waypoint_is_controlpoint>1</swisstopo:waypoint_is_controlpoint>
			<swisstopo:waypoint_stage_before distance="11679.361406" duration="14473.856741" ascent="613.200000" descent="612.600000" />
		</extensions>
	</wpt>
	<trk>
		<name>Swisstopo Route</name>
		<trkseg>
			<trkpt lat="47.1351480149" lon="9.0982781846">
				<ele>424.0</ele>
				<extensions>
					<swisstopo:routepoint_id>750694035</swisstopo:routepoint_id>
				</extensions>
			</trkpt>
			<trkpt lat="47.1351207513" lon="9.0984298957">
				<ele>423.6</ele>
				<extensions>
					<swisstopo:routepoint_id>1280842909</swisstopo:routepoint_id>
				</extensions>
			</trkpt>
			<trkpt lat="47.1350824859" lon="9.0986207915">
				<ele>423.3</ele>
				<extensions>
					<swisstopo:routepoint_id>540812259</swisstopo:routepoint_id>
				</extensions>
			</trkpt>
			<trkpt lat="47.1350062557" lon="9.0989355361">
				<ele>422.0</ele>
				<extensions>
					<swisstopo:routepoint_id>1759213165</swisstopo:routepoint_id>
				</extensions>
			</trkpt>
			<trkpt lat="47.1349758266" lon="9.0990845898">
				<ele>421.8</ele>
				<extensions>
					<swisstopo:routepoint_id>814530849</swisstopo:routepoint_id>
				</extensions>
			</trkpt>
			<trkpt lat="47.1349687450" lon="9.0991688154">
				<ele>421.7</ele>
				<extensions>
					<swisstopo:routepoint_id>1831932384</swisstopo:routepoint_id>
				</extensions>
			</trkpt>
			<trkpt lat="47.1349869919" lon="9.0992029315">
				<ele>421.6</ele>
				<extensions>
					<swisstopo:routepoint_id>381293475</swisstopo:routepoint_id>
				</extensions>
			</trkpt>
			<trkpt lat="47.1350235420" lon="9.0992712692">
				<ele>421.4</ele>
				<extensions>
					<swisstopo:routepoint_id>1628363949</swisstopo:routepoint_id>
				</extensions>
			</trkpt>
			<trkpt lat="47.1351066479" lon="9.0994151960">
				<ele>421.3</ele>
				<extensions>
					<swisstopo:routepoint_id>1630354746</swisstopo:routepoint_id>
				</extensions>
			</trkpt>
			<trkpt lat="47.1351878183" lon="9.0995903364">
				<ele>421.4</ele>
				<extensions>
					<swisstopo:routepoint_id>1191581803</swisstopo:routepoint_id>
				</extensions>
			</trkpt>
			<trkpt lat="47.1352653048" lon="9.0997881852">
				<ele>421.3</ele>
				<extensions>
					<swisstopo:routepoint_id>414311511</swisstopo:routepoint_id>
				</extensions>
			</trkpt>
			<trkpt lat="47.1352992766" lon="9.0998929077">
				<ele>421.3</ele>
				<extensions>
					<swisstopo:routepoint_id>2036856734</swisstopo:routepoint_id>
				</extensions>
			</trkpt>
			<trkpt lat="47.1353281155" lon="9.1000016902">
				<ele>421.2</ele>
				<extensions>
					<swisstopo:routepoint_id>1789456646</swisstopo:routepoint_id>
				</extensions>
			</trkpt>
			<trkpt lat="47.1353530722" lon="9.1000989347">
				<ele>421.3</ele>
				<extensions>
					<swisstopo:routepoint_id>1865211415</swisstopo:routepoint_id>
				</extensions>
			</trkpt>
			<trkpt lat="47.1353769393" lon="9.1002161857">
				<ele>421.2</ele>
				<extensions>
					<swisstopo:routepoint_id>1680200374</swisstopo:routepoint_id>
				</extensions>
			</trkpt>
			<trkpt lat="47.1353938275" lon="9.1003326007">
				<ele>421.2</ele>
				<extensions>
					<swisstopo:routepoint_id>1750592382</swisstopo:routepoint_id>
				</extensions>
			</trkpt>
			<trkpt lat="47.1353972536" lon="9.1004180492">
				<ele>421.2</ele>
				<extensions>
					<swisstopo:routepoint_id>481297912</swisstopo:routepoint_id>
				</extensions>
			</trkpt>
			<trkpt lat="47.1353973666" lon="9.1005441217">
				<ele>421.2</ele>
				<extensions>
					<swisstopo:routepoint_id>1371545830</swisstopo:routepoint_id>
				</extensions>
			</trkpt>
			<trkpt lat="47.1353877613" lon="9.1006404124">
				<ele>421.2</ele>
				<extensions>
					<swisstopo:routepoint_id>63968190</swisstopo:routepoint_id>
				</extensions>
			</trkpt>
			<trkpt lat="47.1353674383" lon="9.1007841768">
				<ele>421.2</ele>
				<extensions>
					<swisstopo:routepoint_id>675412776</swisstopo:routepoint_id>
				</extensions>
			</trkpt>
			<trkpt lat="47.1353508737" lon="9.1008788932">
				<ele>421.2</ele>
				<extensions>
					<swisstopo:routepoint_id>1742866208</swisstopo:routepoint_id>
				</extensions>
			</trkpt>
			<trkpt lat="47.1353292398" lon="9.1009564573">
				<ele>421.1</ele>
				<extensions>
					<swisstopo:routepoint_id>1891018823</swisstopo:routepoint_id>
				</extensions>
			</trkpt>
			<trkpt lat="47.1352790866" lon="9.1011055314">
				<ele>421.1</ele>
				<extensions>
					<swisstopo:routepoint_id>826421596</swisstopo:routepoint_id>
				</extensions>
			</trkpt>
			<trkpt lat="47.1352403317" lon="9.1011998618">
				<ele>421.1</ele>
				<extensions>
					<swisstopo:routepoint_id>1390860113</swisstopo:routepoint_id>
				</extensions>
			</trkpt>
			<trkpt lat="47.1352038716" lon="9.1012705051">
				<ele>421.0</ele>
				<extensions>
					<swisstopo:routepoint_id>1614624515</swisstopo:routepoint_id>
				</extensions>
			</trkpt>
			<trkpt lat="47.1352149499" lon="9.1013269484">
				<ele>421.2</ele>
				<extensions>
					<swisstopo:routepoint_id>797017322</swisstopo:routepoint_id>
				</extensions>
			</trkpt>
			<trkpt lat="47.1352231393" lon="9.1013741126">
				<ele>421.3</ele>
				<extensions>
					<swisstopo:routepoint_id>1978103847</swisstopo:routepoint_id>
				</extensions>
			</trkpt>
			<trkpt lat="47.1352418167" lon="9.1014170804">
				<ele>421.5</ele>
				<extensions>
					<swisstopo:routepoint_id>437613025</swisstopo:routepoint_id>
				</extensions>
			</trkpt>
			<trkpt lat="47.1352647594" lon="9.1014705830">
				<ele>421.6</ele>
				<extensions>
					<swisstopo:routepoint_id>685656861</swisstopo:routepoint_id>
				</extensions>
			</trkpt>
			<trkpt lat="47.1352753986" lon="9.1015026218">
				<ele>421.7</ele>
				<extensions>
					<swisstopo:routepoint_id>1156387973</swisstopo:routepoint_id>
				</extensions>
			</trkpt>
			<trkpt lat="47.1352894411" lon="9.1015612538">
				<ele>421.8</ele>
				<extensions>
					<swisstopo:routepoint_id>1174559771</swisstopo:routepoint_id>
				</extensions>
			</trkpt>
			<trkpt lat="47.1353145403" lon="9.1016342442">
				<ele>422.2</ele>
				<extensions>
					<swisstopo:routepoint_id>1223625749</swisstopo:routepoint_id>
				</extensions>
			</trkpt>
			<trkpt lat="47.1353195975" lon="9.1016995321">
				<ele>422.6</ele>
				<extensions>
					<swisstopo:routepoint_id>1549705795</swisstopo:routepoint_id>
				</extensions>
			</trkpt>
			<trkpt lat="47.1353233755" lon="9.1017867059">
				<ele>422.9</ele>
				<extensions>
					<swisstopo:routepoint_id>2128665424</swisstopo:routepoint_id>
				</extensions>
			</trkpt>
			<trkpt lat="47.1353411813" lon="9.1018227513">
				<ele>423.0</ele>
				<extensions>
					<swisstopo:routepoint_id>2034403273</swisstopo:routepoint_id>
				</extensions>
			</trkpt>
			<trkpt lat="47.1353572360" lon="9.1018716234">
				<ele>423.3</ele>
				<extensions>
					<swisstopo:routepoint_id>1007229161</swisstopo:routepoint_id>
				</extensions>
			</trkpt>
			<trkpt lat="47.1353753949" lon="9.1019442271">
				<ele>423.4</ele>
				<extensions>
					<swisstopo:routepoint_id>473970612</swisstopo:routepoint_id>
				</extensions>
			</trkpt>
			<trkpt lat="47.1354085876" lon="9.1020323940">
				<ele>423.6</ele>
				<extensions>
					<swisstopo:routepoint_id>1020169180</swisstopo:routepoint_id>
				</extensions>
			</trkpt>
			<trkpt lat="47.1354335972" lon="9.1020773390">
				<ele>423.7</ele>
				<extensions>
					<swisstopo:routepoint_id>1136603035</swisstopo:routepoint_id>
				</extensions>
			</trkpt>
			<trkpt lat="47.1354677770" lon="9.1021550944">
				<ele>423.8</ele>
				<extensions>
					<swisstopo:routepoint_id>322822651</swisstopo:routepoint_id>
				</extensions>
			</trkpt>
			<trkpt lat="47.1354860177" lon="9.1022008707">
				<ele>423.9</ele>
				<extensions>
					<swisstopo:routepoint_id>1327710204</swisstopo:routepoint_id>
				</extensions>
			</trkpt>
			<trkpt lat="47.1355699712" lon="9.1024115954">
				<ele>424.4</ele>
				<extensions>
					<swisstopo:routepoint_id>413936291</swisstopo:routepoint_id>
				</extensions>
			</trkpt>
			<trkpt lat="47.1356099464" lon="9.1025091632">
				<ele>424.7</ele>
				<extensions>
					<swisstopo:routepoint_id>2108281913</swisstopo:routepoint_id>
				</extensions>
			</trkpt>
			<trkpt lat="47.1356334392" lon="9.1025687622">
				<ele>424.9</ele>
				<extensions>
					<swisstopo:routepoint_id>1158900308</swisstopo:routepoint_id>
				</extensions>
			</trkpt>
			<trkpt lat="47.1356477339" lon="9.1026416416">
				<ele>425.0</ele>
				<extensions>
					<swisstopo:routepoint_id>1843580232</swisstopo:routepoint_id>
				</extensions>
			</trkpt>
			<trkpt lat="47.1356694814" lon="9.1026178869">
				<ele>425.1</ele>
				<extensions>
					<swisstopo:routepoint_id>1127452359</swisstopo:routepoint_id>
				</extensions>
			</trkpt>
			<trkpt lat="47.1356868016" lon="9.1025867167">
				<ele>425.2</ele>
				<extensions>
					<swisstopo:routepoint_id>1655879576</swisstopo:routepoint_id>
				</extensions>
			</trkpt>
			<trkpt lat="47.1357092802" lon="9.1025198843">
				<ele>425.3</ele>
				<extensions>
					<swisstopo:routepoint_id>182430835</swisstopo:routepoint_id>
				</extensions>
			</trkpt>
			<trkpt lat="47.1357247767" lon="9.1024807119">
				<ele>425.3</ele>
				<extensions>
					<swisstopo:routepoint_id>624183782</swisstopo:routepoint_id>
				</extensions>
			</trkpt>
			<trkpt lat="47.1357092802" lon="9.1025198843">
				<ele>425.3</ele>
				<extensions>
					<swisstopo:routepoint_id>411722288</swisstopo:routepoint_id>
				</extensions>
			</trkpt>
			<trkpt lat="47.1356868016" lon="9.1025867167">
				<ele>425.2</ele>
				<extensions>
					<swisstopo:routepoint_id>1074469073</swisstopo:routepoint_id>
				</extensions>
			</trkpt>
			<trkpt lat="47.1356694814" lon="9.1026178869">
				<ele>425.1</ele>
				<extensions>
					<swisstopo:routepoint_id>1170082836</swisstopo:routepoint_id>
				</extensions>
			</trkpt>
			<trkpt lat="47.1356477339" lon="9.1026416416">
				<ele>425.0</ele>
				<extensions>
					<swisstopo:routepoint_id>1318560947</swisstopo:routepoint_id>
				</extensions>
			</trkpt>
			<trkpt lat="47.1356529870" lon="9.1027275566">
				<ele>425.1</ele>
				<extensions>
					<swisstopo:routepoint_id>2080864506</swisstopo:routepoint_id>
				</extensions>
			</trkpt>
			<trkpt lat="47.1356524370" lon="9.1027680554">
				<ele>425.1</ele>
				<extensions>
					<swisstopo:routepoint_id>1054635771</swisstopo:routepoint_id>
				</extensions>
			</trkpt>
			<trkpt lat="47.1356525587" lon="9.1028342847">
				<ele>425.2</ele>
				<extensions>
					<swisstopo:routepoint_id>1101978557</swisstopo:routepoint_id>
				</extensions>
			</trkpt>
			<trkpt lat="47.1356535632" lon="9.1028705731">
				<ele>425.3</ele>
				<extensions>
					<swisstopo:routepoint_id>278994394</swisstopo:routepoint_id>
				</extensions>
			</trkpt>
			<trkpt lat="47.1356604751" lon="9.1029176853">
				<ele>425.4</ele>
				<extensions>
					<swisstopo:routepoint_id>355992648</swisstopo:routepoint_id>
				</extensions>
			</trkpt>
			<trkpt lat="47.1356687019" lon="9.1029454172">
				<ele>425.4</ele>
				<extensions>
					<swisstopo:routepoint_id>747238672</swisstopo:routepoint_id>
				</extensions>
			</trkpt>
			<trkpt lat="47.1356802230" lon="9.1029712079">
				<ele>425.4</ele>
				<extensions>
					<swisstopo:routepoint_id>1687161380</swisstopo:routepoint_id>
				</extensions>
			</trkpt>
			<trkpt lat="47.1357157748" lon="9.1030106800">
				<ele>425.5</ele>
				<extensions>
					<swisstopo:routepoint_id>23993967</swisstopo:routepoint_id>
				</extensions>
			</trkpt>
			<trkpt lat="47.1357566489" lon="9.1030311476">
				<ele>425.7</ele>
				<extensions>
					<swisstopo:routepoint_id>1688140533</swisstopo:routepoint_id>
				</extensions>
			</trkpt>
			<trkpt lat="47.1357968933" lon="9.1030416672">
				<ele>425.8</ele>
				<extensions>
					<swisstopo:routepoint_id>1015002722</swisstopo:routepoint_id>
				</extensions>
			</trkpt>
			<trkpt lat="47.1358742805" lon="9.1030488463">
				<ele>426.0</ele>
				<extensions>
					<swisstopo:routepoint_id>1664689234</swisstopo:routepoint_id>
				</extensions>
			</trkpt>
			<trkpt lat="47.1359635659" lon="9.1030563818">
				<ele>426.5</ele>
				<extensions>
					<swisstopo:routepoint_id>2001154643</swisstopo:routepoint_id>
				</extensions>
			</trkpt>
			<trkpt lat="47.1361435911" lon="9.1030909189">
				<ele>427.7</ele>
				<extensions>
					<swisstopo:routepoint_id>1619260661</swisstopo:routepoint_id>
				</extensions>
			</trkpt>
			<trkpt lat="47.1361312745" lon="9.1037741428">
				<ele>429.7</ele>
				<extensions>
					<swisstopo:routepoint_id>529077263</swisstopo:routepoint_id>
				</extensions>
			</trkpt>
			<trkpt lat="47.1361271325" lon="9.1041479018">
				<ele>430.9</ele>
				<extensions>
					<swisstopo:routepoint_id>1957771971</swisstopo:routepoint_id>
				</extensions>
			</trkpt>
			<trkpt lat="47.1361265348" lon="9.1041891775">
				<ele>431.0</ele>
				<extensions>
					<swisstopo:routepoint_id>1232488698</swisstopo:routepoint_id>
				</extensions>
			</trkpt>
			<trkpt lat="47.1361246707" lon="9.1043179326">
				<ele>431.4</ele>
				<extensions>
					<swisstopo:routepoint_id>1837195952</swisstopo:routepoint_id>
				</extensions>
			</trkpt>
			<trkpt lat="47.1361249249" lon="9.1044768278">
				<ele>431.9</ele>
				<extensions>
					<swisstopo:routepoint_id>1324222659</swisstopo:routepoint_id>
				</extensions>
			</trkpt>
			<trkpt lat="47.1361291903" lon="9.1046227819">
				<ele>432.3</ele>
				<extensions>
					<swisstopo:routepoint_id>126574227</swisstopo:routepoint_id>
				</extensions>
			</trkpt>
			<trkpt lat="47.1361374488" lon="9.1047576404">
				<ele>432.6</ele>
				<extensions>
					<swisstopo:routepoint_id>870781676</swisstopo:routepoint_id>
				</extensions>
			</trkpt>
			<trkpt lat="47.1361659561" lon="9.1049244027">
				<ele>432.9</ele>
				<extensions>
					<swisstopo:routepoint_id>946084352</swisstopo:routepoint_id>
				</extensions>
			</trkpt>
			<trkpt lat="47.1362021406" lon="9.1050841397">
				<ele>433.0</ele>
				<extensions>
					<swisstopo:routepoint_id>179449820</swisstopo:routepoint_id>
				</extensions>
			</trkpt>
			<trkpt lat="47.1362342227" lon="9.1052258183">
				<ele>433.0</ele>
				<extensions>
					<swisstopo:routepoint_id>1710510087</swisstopo:routepoint_id>
				</extensions>
			</trkpt>
			<trkpt lat="47.1362466746" lon="9.1052773622">
				<ele>433.1</ele>
				<extensions>
					<swisstopo:routepoint_id>914318796</swisstopo:routepoint_id>
				</extensions>
			</trkpt>
			<trkpt lat="47.1363279698" lon="9.1055861062">
				<ele>433.1</ele>
				<extensions>
					<swisstopo:routepoint_id>838246388</swisstopo:routepoint_id>
				</extensions>
			</trkpt>
			<trkpt lat="47.1364087894" lon="9.1059269797">
				<ele>433.2</ele>
				<extensions>
					<swisstopo:routepoint_id>1921247240</swisstopo:routepoint_id>
				</extensions>
			</trkpt>
			<trkpt lat="47.1365089939" lon="9.1063189301">
				<ele>433.3</ele>
				<extensions>
					<swisstopo:routepoint_id>884304640</swisstopo:routepoint_id>
				</extensions>
			</trkpt>
			<trkpt lat="47.1365258287" lon="9.1063796556">
				<ele>433.2</ele>
				<extensions>
					<swisstopo:routepoint_id>1278806488</swisstopo:routepoint_id>
				</extensions>
			</trkpt>
			<trkpt lat="47.1365393028" lon="9.1064283051">
				<ele>433.2</ele>
				<extensions>
					<swisstopo:routepoint_id>1917568031</swisstopo:routepoint_id>
				</extensions>
			</trkpt>
			<trkpt lat="47.1365935623" lon="9.1066449719">
				<ele>433.2</ele>
				<extensions>
					<swisstopo:routepoint_id>847889068</swisstopo:routepoint_id>
				</extensions>
			</trkpt>
			<trkpt lat="47.1366394422" lon="9.1068239991">
				<ele>433.2</ele>
				<extensions>
					<swisstopo:routepoint_id>499387992</swisstopo:routepoint_id>
				</extensions>
			</trkpt>
			<trkpt lat="47.1366720791" lon="9.1069483862">
				<ele>433.2</ele>
				<extensions>
					<swisstopo:routepoint_id>980561010</swisstopo:routepoint_id>
				</extensions>
			</trkpt>
			<trkpt lat="47.1367048600" lon="9.1070634422">
				<ele>433.2</ele>
				<extensions>
					<swisstopo:routepoint_id>2132081436</swisstopo:routepoint_id>
				</extensions>
			</trkpt>
			<trkpt lat="47.1367391527" lon="9.1071617348">
				<ele>433.2</ele>
				<extensions>
					<swisstopo:routepoint_id>323648520</swisstopo:routepoint_id>
				</extensions>
			</trkpt>
			<trkpt lat="47.1367900736" lon="9.1072567892">
				<ele>433.1</ele>
				<extensions>
					<swisstopo:routepoint_id>671850578</swisstopo:routepoint_id>
				</extensions>
			</trkpt>
			<trkpt lat="47.1368476415" lon="9.1073333537">
				<ele>433.2</ele>
				<extensions>
					<swisstopo:routepoint_id>1256689089</swisstopo:routepoint_id>
				</extensions>
			</trkpt>
			<trkpt lat="47.1369479407" lon="9.1074542468">
				<ele>433.4</ele>
				<extensions>
					<swisstopo:routepoint_id>1535141621</swisstopo:routepoint_id>
				</extensions>
			</trkpt>
			<trkpt lat="47.1374298445" lon="9.1080020581">
				<ele>434.7</ele>
				<extensions>
					<swisstopo:routepoint_id>2080621846</swisstopo:routepoint_id>
				</extensions>
			</trkpt>
			<trkpt lat="47.1375420528" lon="9.1081305370">
				<ele>435.2</ele>
				<extensions>
					<swisstopo:routepoint_id>1492642179</swisstopo:routepoint_id>
				</extensions>
			</trkpt>
			<trkpt lat="47.1376833078" lon="9.1082922525">
				<ele>435.7</ele>
				<extensions>
					<swisstopo:routepoint_id>1413260057</swisstopo:routepoint_id>
				</extensions>
			</trkpt>
			<trkpt lat="47.1379789073" lon="9.1086025913">
				<ele>436.8</ele>
				<extensions>
					<swisstopo:routepoint_id>796238702</swisstopo:routepoint_id>
				</extensions>
			</trkpt>
			<trkpt lat="47.1379511684" lon="9.1087756110">
				<ele>436.1</ele>
				<extensions>
					<swisstopo:routepoint_id>2101021589</swisstopo:routepoint_id>
				</extensions>
			</trkpt>
			<trkpt lat="47.1379641057" lon="9.1088927414">
				<ele>435.7</ele>
				<extensions>
					<swisstopo:routepoint_id>407721417</swisstopo:routepoint_id>
				</extensions>
			</trkpt>
			<trkpt lat="47.1379898910" lon="9.1090198058">
				<ele>435.4</ele>
				<extensions>
					<swisstopo:routepoint_id>1765849451</swisstopo:routepoint_id>
				</extensions>
			</trkpt>
			<trkpt lat="47.1380176492" lon="9.1091230935">
				<ele>435.1</ele>
				<extensions>
					<swisstopo:routepoint_id>844174619</swisstopo:routepoint_id>
				</extensions>
			</trkpt>
			<trkpt lat="47.1380728865" lon="9.1092367720">
				<ele>434.6</ele>
				<extensions>
					<swisstopo:routepoint_id>797738120</swisstopo:routepoint_id>
				</extensions>
			</trkpt>
			<trkpt lat="47.1381512403" lon="9.1093489962">
				<ele>434.0</ele>
				<extensions>
					<swisstopo:routepoint_id>1080880699</swisstopo:routepoint_id>
				</extensions>
			</trkpt>
			<trkpt lat="47.1382225622" lon="9.1094510728">
				<ele>433.6</ele>
				<extensions>
					<swisstopo:routepoint_id>1664182061</swisstopo:routepoint_id>
				</extensions>
			</trkpt>
			<trkpt lat="47.1382609413" lon="9.1094951487">
				<ele>433.5</ele>
				<extensions>
					<swisstopo:routepoint_id>1467446087</swisstopo:routepoint_id>
				</extensions>
			</trkpt>
			<trkpt lat="47.1383186621" lon="9.1095493482">
				<ele>433.0</ele>
				<extensions>
					<swisstopo:routepoint_id>240428642</swisstopo:routepoint_id>
				</extensions>
			</trkpt>
			<trkpt lat="47.1384008605" lon="9.1095975476">
				<ele>432.6</ele>
				<extensions>
					<swisstopo:routepoint_id>733560067</swisstopo:routepoint_id>
				</extensions>
			</trkpt>
			<trkpt lat="47.1385581849" lon="9.1097261876">
				<ele>431.9</ele>
				<extensions>
					<swisstopo:routepoint_id>1822600125</swisstopo:routepoint_id>
				</extensions>
			</trkpt>
			<trkpt lat="47.1387389438" lon="9.1099014848">
				<ele>431.0</ele>
				<extensions>
					<swisstopo:routepoint_id>66806037</swisstopo:routepoint_id>
				</extensions>
			</trkpt>
			<trkpt lat="47.1388019658" lon="9.1099635504">
				<ele>430.8</ele>
				<extensions>
					<swisstopo:routepoint_id>2071845906</swisstopo:routepoint_id>
				</extensions>
			</trkpt>
			<trkpt lat="47.1388374611" lon="9.1100222652">
				<ele>430.8</ele>
				<extensions>
					<swisstopo:routepoint_id>43438377</swisstopo:routepoint_id>
				</extensions>
			</trkpt>
			<trkpt lat="47.1388455264" lon="9.1100355969">
				<ele>430.8</ele>
				<extensions>
					<swisstopo:routepoint_id>1816170405</swisstopo:routepoint_id>
				</extensions>
			</trkpt>
			<trkpt lat="47.1389018306" lon="9.1101451838">
				<ele>430.9</ele>
				<extensions>
					<swisstopo:routepoint_id>368605879</swisstopo:routepoint_id>
				</extensions>
			</trkpt>
			<trkpt lat="47.1389466630" lon="9.1102931122">
				<ele>431.3</ele>
				<extensions>
					<swisstopo:routepoint_id>1930418965</swisstopo:routepoint_id>
				</extensions>
			</trkpt>
			<trkpt lat="47.1389767008" lon="9.1104716953">
				<ele>431.5</ele>
				<extensions>
					<swisstopo:routepoint_id>912543056</swisstopo:routepoint_id>
				</extensions>
			</trkpt>
			<trkpt lat="47.1389856375" lon="9.1106522311">
				<ele>431.5</ele>
				<extensions>
					<swisstopo:routepoint_id>1299890741</swisstopo:routepoint_id>
				</extensions>
			</trkpt>
			<trkpt lat="47.1389990643" lon="9.1109745437">
				<ele>431.3</ele>
				<extensions>
					<swisstopo:routepoint_id>345959310</swisstopo:routepoint_id>
				</extensions>
			</trkpt>
			<trkpt lat="47.1390055181" lon="9.1111940565">
				<ele>431.0</ele>
				<extensions>
					<swisstopo:routepoint_id>910021092</swisstopo:routepoint_id>
				</extensions>
			</trkpt>
			<trkpt lat="47.1390177089" lon="9.1113518563">
				<ele>430.9</ele>
				<extensions>
					<swisstopo:routepoint_id>1025817144</swisstopo:routepoint_id>
				</extensions>
			</trkpt>
			<trkpt lat="47.1390327205" lon="9.1114814497">
				<ele>430.9</ele>
				<extensions>
					<swisstopo:routepoint_id>1709027167</swisstopo:routepoint_id>
				</extensions>
			</trkpt>
			<trkpt lat="47.1390613029" lon="9.1116733586">
				<ele>430.7</ele>
				<extensions>
					<swisstopo:routepoint_id>753963381</swisstopo:routepoint_id>
				</extensions>
			</trkpt>
			<trkpt lat="47.1391076245" lon="9.1119105601">
				<ele>430.4</ele>
				<extensions>
					<swisstopo:routepoint_id>293028736</swisstopo:routepoint_id>
				</extensions>
			</trkpt>
			<trkpt lat="47.1391376516" lon="9.1120643037">
				<ele>430.3</ele>
				<extensions>
					<swisstopo:routepoint_id>2039277208</swisstopo:routepoint_id>
				</extensions>
			</trkpt>
			<trkpt lat="47.1391886496" lon="9.1123133471">
				<ele>430.0</ele>
				<extensions>
					<swisstopo:routepoint_id>421900565</swisstopo:routepoint_id>
				</extensions>
			</trkpt>
			<trkpt lat="47.1392171711" lon="9.1124354473">
				<ele>429.9</ele>
				<extensions>
					<swisstopo:routepoint_id>677891338</swisstopo:routepoint_id>
				</extensions>
			</trkpt>
			<trkpt lat="47.1392554000" lon="9.1126249976">
				<ele>429.7</ele>
				<extensions>
					<swisstopo:routepoint_id>1929542955</swisstopo:routepoint_id>
				</extensions>
			</trkpt>
			<trkpt lat="47.1393046755" lon="9.1128692286">
				<ele>429.4</ele>
				<extensions>
					<swisstopo:routepoint_id>580971631</swisstopo:routepoint_id>
				</extensions>
			</trkpt>
			<trkpt lat="47.1393275215" lon="9.1129920254">
				<ele>429.3</ele>
				<extensions>
					<swisstopo:routepoint_id>1382540253</swisstopo:routepoint_id>
				</extensions>
			</trkpt>
			<trkpt lat="47.1394168856" lon="9.1133716477">
				<ele>429.0</ele>
				<extensions>
					<swisstopo:routepoint_id>1780473593</swisstopo:routepoint_id>
				</extensions>
			</trkpt>
			<trkpt lat="47.1394892205" lon="9.1136194892">
				<ele>428.7</ele>
				<extensions>
					<swisstopo:routepoint_id>1031874274</swisstopo:routepoint_id>
				</extensions>
			</trkpt>
			<trkpt lat="47.1395367751" lon="9.1137481897">
				<ele>428.5</ele>
				<extensions>
					<swisstopo:routepoint_id>1407355076</swisstopo:routepoint_id>
				</extensions>
			</trkpt>
			<trkpt lat="47.1395995843" lon="9.1139056380">
				<ele>428.1</ele>
				<extensions>
					<swisstopo:routepoint_id>611733895</swisstopo:routepoint_id>
				</extensions>
			</trkpt>
			<trkpt lat="47.1396554038" lon="9.1140679186">
				<ele>427.9</ele>
				<extensions>
					<swisstopo:routepoint_id>1598862058</swisstopo:routepoint_id>
				</extensions>
			</trkpt>
			<trkpt lat="47.1396764381" lon="9.1141291106">
				<ele>427.8</ele>
				<extensions>
					<swisstopo:routepoint_id>48010069</swisstopo:routepoint_id>
				</extensions>
			</trkpt>
			<trkpt lat="47.1396994910" lon="9.1142203504">
				<ele>427.7</ele>
				<extensions>
					<swisstopo:routepoint_id>171474449</swisstopo:routepoint_id>
				</extensions>
			</trkpt>
			<trkpt lat="47.1397204357" lon="9.1143463470">
				<ele>427.5</ele>
				<extensions>
					<swisstopo:routepoint_id>1393632154</swisstopo:routepoint_id>
				</extensions>
			</trkpt>
			<trkpt lat="47.1397245092" lon="9.1143977534">
				<ele>427.4</ele>
				<extensions>
					<swisstopo:routepoint_id>1125508990</swisstopo:routepoint_id>
				</extensions>
			</trkpt>
			<trkpt lat="47.1397329739" lon="9.1144793606">
				<ele>427.4</ele>
				<extensions>
					<swisstopo:routepoint_id>132823289</swisstopo:routepoint_id>
				</extensions>
			</trkpt>
			<trkpt lat="47.1397292503" lon="9.1145694323">
				<ele>427.3</ele>
				<extensions>
					<swisstopo:routepoint_id>1765960868</swisstopo:routepoint_id>
				</extensions>
			</trkpt>
			<trkpt lat="47.1397112324" lon="9.1147297707">
				<ele>427.1</ele>
				<extensions>
					<swisstopo:routepoint_id>671808621</swisstopo:routepoint_id>
				</extensions>
			</trkpt>
			<trkpt lat="47.1396701766" lon="9.1150626965">
				<ele>426.5</ele>
				<extensions>
					<swisstopo:routepoint_id>1595543530</swisstopo:routepoint_id>
				</extensions>
			</trkpt>
			<trkpt lat="47.1396607015" lon="9.1151331414">
				<ele>426.4</ele>
				<extensions>
					<swisstopo:routepoint_id>1390905875</swisstopo:routepoint_id>
				</extensions>
			</trkpt>
			<trkpt lat="47.1396536976" lon="9.1152001016">
				<ele>426.3</ele>
				<extensions>
					<swisstopo:routepoint_id>1662539456</swisstopo:routepoint_id>
				</extensions>
			</trkpt>
			<trkpt lat="47.1396533307" lon="9.1153079609">
				<ele>426.2</ele>
				<extensions>
					<swisstopo:routepoint_id>2108611750</swisstopo:routepoint_id>
				</extensions>
			</trkpt>
			<trkpt lat="47.1396649491" lon="9.1155046036">
				<ele>426.0</ele>
				<extensions>
					<swisstopo:routepoint_id>1973198732</swisstopo:routepoint_id>
				</extensions>
			</trkpt>
			<trkpt lat="47.1396674898" lon="9.1155778356">
				<ele>425.9</ele>
				<extensions>
					<swisstopo:routepoint_id>2072342654</swisstopo:routepoint_id>
				</extensions>
			</trkpt>
			<trkpt lat="47.1396657277" lon="9.1157083299">
				<ele>425.7</ele>
				<extensions>
					<swisstopo:routepoint_id>1447665531</swisstopo:routepoint_id>
				</extensions>
			</trkpt>
			<trkpt lat="47.1396577007" lon="9.1158671612">
				<ele>425.6</ele>
				<extensions>
					<swisstopo:routepoint_id>256271338</swisstopo:routepoint_id>
				</extensions>
			</trkpt>
			<trkpt lat="47.1396194957" lon="9.1161366750">
				<ele>425.3</ele>
				<extensions>
					<swisstopo:routepoint_id>879989061</swisstopo:routepoint_id>
				</extensions>
			</trkpt>
			<trkpt lat="47.1395897834" lon="9.1164762454">
				<ele>424.9</ele>
				<extensions>
					<swisstopo:routepoint_id>1305894143</swisstopo:routepoint_id>
				</extensions>
			</trkpt>
			<trkpt lat="47.1395744364" lon="9.1167802166">
				<ele>424.5</ele>
				<extensions>
					<swisstopo:routepoint_id>600994912</swisstopo:routepoint_id>
				</extensions>
			</trkpt>
			<trkpt lat="47.1395693804" lon="9.1169009291">
				<ele>424.4</ele>
				<extensions>
					<swisstopo:routepoint_id>85899328</swisstopo:routepoint_id>
				</extensions>
			</trkpt>
			<trkpt lat="47.1395580866" lon="9.1172293149">
				<ele>424.1</ele>
				<extensions>
					<swisstopo:routepoint_id>600539004</swisstopo:routepoint_id>
				</extensions>
			</trkpt>
			<trkpt lat="47.1395514663" lon="9.1173482116">
				<ele>424.0</ele>
				<extensions>
					<swisstopo:routepoint_id>73121984</swisstopo:routepoint_id>
				</extensions>
			</trkpt>
			<trkpt lat="47.1395432039" lon="9.1174694433">
				<ele>424.0</ele>
				<extensions>
					<swisstopo:routepoint_id>1170151030</swisstopo:routepoint_id>
				</extensions>
			</trkpt>
			<trkpt lat="47.1395255670" lon="9.1175641683">
				<ele>424.0</ele>
				<extensions>
					<swisstopo:routepoint_id>1777394400</swisstopo:routepoint_id>
				</extensions>
			</trkpt>
			<trkpt lat="47.1394995280" lon="9.1176777089">
				<ele>423.8</ele>
				<extensions>
					<swisstopo:routepoint_id>777605485</swisstopo:routepoint_id>
				</extensions>
			</trkpt>
			<trkpt lat="47.1394579980" lon="9.1178503091">
				<ele>423.8</ele>
				<extensions>
					<swisstopo:routepoint_id>1042164231</swisstopo:routepoint_id>
				</extensions>
			</trkpt>
			<trkpt lat="47.1394300216" lon="9.1179852018">
				<ele>423.8</ele>
				<extensions>
					<swisstopo:routepoint_id>1094439198</swisstopo:routepoint_id>
				</extensions>
			</trkpt>
			<trkpt lat="47.1394137589" lon="9.1181091358">
				<ele>423.7</ele>
				<extensions>
					<swisstopo:routepoint_id>315025979</swisstopo:routepoint_id>
				</extensions>
			</trkpt>
			<trkpt lat="47.1394054025" lon="9.1182289268">
				<ele>423.7</ele>
				<extensions>
					<swisstopo:routepoint_id>1691096632</swisstopo:routepoint_id>
				</extensions>
			</trkpt>
			<trkpt lat="47.1394069328" lon="9.1183954805">
				<ele>423.6</ele>
				<extensions>
					<swisstopo:routepoint_id>837142647</swisstopo:routepoint_id>
				</extensions>
			</trkpt>
			<trkpt lat="47.1394184250" lon="9.1186030237">
				<ele>423.6</ele>
				<extensions>
					<swisstopo:routepoint_id>1962645681</swisstopo:routepoint_id>
				</extensions>
			</trkpt>
			<trkpt lat="47.1394352950" lon="9.1188959005">
				<ele>423.6</ele>
				<extensions>
					<swisstopo:routepoint_id>1747414858</swisstopo:routepoint_id>
				</extensions>
			</trkpt>
			<trkpt lat="47.1394407283" lon="9.1190664663">
				<ele>423.6</ele>
				<extensions>
					<swisstopo:routepoint_id>145893155</swisstopo:routepoint_id>
				</extensions>
			</trkpt>
			<trkpt lat="47.1394379004" lon="9.1192600057">
				<ele>423.5</ele>
				<extensions>
					<swisstopo:routepoint_id>1993397886</swisstopo:routepoint_id>
				</extensions>
			</trkpt>
			<trkpt lat="47.1394421204" lon="9.1194227809">
				<ele>423.5</ele>
				<extensions>
					<swisstopo:routepoint_id>500478334</swisstopo:routepoint_id>
				</extensions>
			</trkpt>
			<trkpt lat="47.1394499452" lon="9.1195198209">
				<ele>423.5</ele>
				<extensions>
					<swisstopo:routepoint_id>823911170</swisstopo:routepoint_id>
				</extensions>
			</trkpt>
			<trkpt lat="47.1394746168" lon="9.1196406488">
				<ele>423.7</ele>
				<extensions>
					<swisstopo:routepoint_id>1475190255</swisstopo:routepoint_id>
				</extensions>
			</trkpt>
			<trkpt lat="47.1394997429" lon="9.1197285674">
				<ele>423.8</ele>
				<extensions>
					<swisstopo:routepoint_id>1148513013</swisstopo:routepoint_id>
				</extensions>
			</trkpt>
			<trkpt lat="47.1395275863" lon="9.1198127079">
				<ele>423.8</ele>
				<extensions>
					<swisstopo:routepoint_id>1886766945</swisstopo:routepoint_id>
				</extensions>
			</trkpt>
			<trkpt lat="47.1395486846" lon="9.1199062885">
				<ele>423.9</ele>
				<extensions>
					<swisstopo:routepoint_id>958922119</swisstopo:routepoint_id>
				</extensions>
			</trkpt>
			<trkpt lat="47.1395539698" lon="9.1199955224">
				<ele>424.0</ele>
				<extensions>
					<swisstopo:routepoint_id>292402065</swisstopo:routepoint_id>
				</extensions>
			</trkpt>
			<trkpt lat="47.1395461385" lon="9.1200804677">
				<ele>424.0</ele>
				<extensions>
					<swisstopo:routepoint_id>1460975809</swisstopo:routepoint_id>
				</extensions>
			</trkpt>
			<trkpt lat="47.1395292029" lon="9.1201535105">
				<ele>424.0</ele>
				<extensions>
					<swisstopo:routepoint_id>978701626</swisstopo:routepoint_id>
				</extensions>
			</trkpt>
			<trkpt lat="47.1394989437" lon="9.1202358261">
				<ele>423.9</ele>
				<extensions>
					<swisstopo:routepoint_id>1092135505</swisstopo:routepoint_id>
				</extensions>
			</trkpt>
			<trkpt lat="47.1394540849" lon="9.1203215464">
				<ele>423.8</ele>
				<extensions>
					<swisstopo:routepoint_id>1737141210</swisstopo:routepoint_id>
				</extensions>
			</trkpt>
			<trkpt lat="47.1393875760" lon="9.1204433871">
				<ele>423.6</ele>
				<extensions>
					<swisstopo:routepoint_id>1662815603</swisstopo:routepoint_id>
				</extensions>
			</trkpt>
			<trkpt lat="47.1393494258" lon="9.1205215646">
				<ele>423.5</ele>
				<extensions>
					<swisstopo:routepoint_id>1136769045</swisstopo:routepoint_id>
				</extensions>
			</trkpt>
			<trkpt lat="47.1393177927" lon="9.1206076867">
				<ele>423.4</ele>
				<extensions>
					<swisstopo:routepoint_id>1758609758</swisstopo:routepoint_id>
				</extensions>
			</trkpt>
			<trkpt lat="47.1392963584" lon="9.1207173750">
				<ele>423.4</ele>
				<extensions>
					<swisstopo:routepoint_id>1455824347</swisstopo:routepoint_id>
				</extensions>
			</trkpt>
			<trkpt lat="47.1392856478" lon="9.1208177224">
				<ele>423.4</ele>
				<extensions>
					<swisstopo:routepoint_id>1266829815</swisstopo:routepoint_id>
				</extensions>
			</trkpt>
			<trkpt lat="47.1392893777" lon="9.1209243380">
				<ele>423.3</ele>
				<extensions>
					<swisstopo:routepoint_id>1173671930</swisstopo:routepoint_id>
				</extensions>
			</trkpt>
			<trkpt lat="47.1393048113" lon="9.1210429249">
				<ele>423.4</ele>
				<extensions>
					<swisstopo:routepoint_id>401149809</swisstopo:routepoint_id>
				</extensions>
			</trkpt>
			<trkpt lat="47.1393305351" lon="9.1211812044">
				<ele>423.5</ele>
				<extensions>
					<swisstopo:routepoint_id>605029822</swisstopo:routepoint_id>
				</extensions>
			</trkpt>
			<trkpt lat="47.1393676028" lon="9.1213566415">
				<ele>423.4</ele>
				<extensions>
					<swisstopo:routepoint_id>656790086</swisstopo:routepoint_id>
				</extensions>
			</trkpt>
			<trkpt lat="47.1393994297" lon="9.1215299490">
				<ele>423.5</ele>
				<extensions>
					<swisstopo:routepoint_id>1662623550</swisstopo:routepoint_id>
				</extensions>
			</trkpt>
			<trkpt lat="47.1394348877" lon="9.1217246920">
				<ele>423.6</ele>
				<extensions>
					<swisstopo:routepoint_id>1409692522</swisstopo:routepoint_id>
				</extensions>
			</trkpt>
			<trkpt lat="47.1394627640" lon="9.1218959509">
				<ele>423.8</ele>
				<extensions>
					<swisstopo:routepoint_id>1583193436</swisstopo:routepoint_id>
				</extensions>
			</trkpt>
			<trkpt lat="47.1394828688" lon="9.1220572877">
				<ele>424.1</ele>
				<extensions>
					<swisstopo:routepoint_id>1246138140</swisstopo:routepoint_id>
				</extensions>
			</trkpt>
			<trkpt lat="47.1395089085" lon="9.1222633384">
				<ele>424.4</ele>
				<extensions>
					<swisstopo:routepoint_id>914802259</swisstopo:routepoint_id>
				</extensions>
			</trkpt>
			<trkpt lat="47.1395292875" lon="9.1224053276">
				<ele>424.5</ele>
				<extensions>
					<swisstopo:routepoint_id>1541126618</swisstopo:routepoint_id>
				</extensions>
			</trkpt>
			<trkpt lat="47.1395506774" lon="9.1225556553">
				<ele>424.6</ele>
				<extensions>
					<swisstopo:routepoint_id>1283189856</swisstopo:routepoint_id>
				</extensions>
			</trkpt>
			<trkpt lat="47.1395881122" lon="9.1227766878">
				<ele>424.8</ele>
				<extensions>
					<swisstopo:routepoint_id>1323295284</swisstopo:routepoint_id>
				</extensions>
			</trkpt>
			<trkpt lat="47.1395992065" lon="9.1228644696">
				<ele>424.9</ele>
				<extensions>
					<swisstopo:routepoint_id>240292292</swisstopo:routepoint_id>
				</extensions>
			</trkpt>
			<trkpt lat="47.1396004328" lon="9.1229613295">
				<ele>425.0</ele>
				<extensions>
					<swisstopo:routepoint_id>1768011633</swisstopo:routepoint_id>
				</extensions>
			</trkpt>
			<trkpt lat="47.1395947941" lon="9.1230583822">
				<ele>425.0</ele>
				<extensions>
					<swisstopo:routepoint_id>372691755</swisstopo:routepoint_id>
				</extensions>
			</trkpt>
			<trkpt lat="47.1395775790" lon="9.1231677804">
				<ele>425.1</ele>
				<extensions>
					<swisstopo:routepoint_id>886129100</swisstopo:routepoint_id>
				</extensions>
			</trkpt>
			<trkpt lat="47.1395504195" lon="9.1233082609">
				<ele>425.1</ele>
				<extensions>
					<swisstopo:routepoint_id>802851543</swisstopo:routepoint_id>
				</extensions>
			</trkpt>
			<trkpt lat="47.1395277678" lon="9.1234121095">
				<ele>425.2</ele>
				<extensions>
					<swisstopo:routepoint_id>1672087455</swisstopo:routepoint_id>
				</extensions>
			</trkpt>
			<trkpt lat="47.1394802374" lon="9.1235906744">
				<ele>425.3</ele>
				<extensions>
					<swisstopo:routepoint_id>1845782910</swisstopo:routepoint_id>
				</extensions>
			</trkpt>
			<trkpt lat="47.1394326692" lon="9.1237711885">
				<ele>425.3</ele>
				<extensions>
					<swisstopo:routepoint_id>990351880</swisstopo:routepoint_id>
				</extensions>
			</trkpt>
			<trkpt lat="47.1394084837" lon="9.1238885425">
				<ele>425.5</ele>
				<extensions>
					<swisstopo:routepoint_id>2098349902</swisstopo:routepoint_id>
				</extensions>
			</trkpt>
			<trkpt lat="47.1393949481" lon="9.1240004172">
				<ele>425.7</ele>
				<extensions>
					<swisstopo:routepoint_id>1145227988</swisstopo:routepoint_id>
				</extensions>
			</trkpt>
			<trkpt lat="47.1393827668" lon="9.1241103957">
				<ele>425.8</ele>
				<extensions>
					<swisstopo:routepoint_id>1596338337</swisstopo:routepoint_id>
				</extensions>
			</trkpt>
			<trkpt lat="47.1393696953" lon="9.1242823043">
				<ele>425.8</ele>
				<extensions>
					<swisstopo:routepoint_id>386608816</swisstopo:routepoint_id>
				</extensions>
			</trkpt>
			<trkpt lat="47.1393547891" lon="9.1244870662">
				<ele>425.7</ele>
				<extensions>
					<swisstopo:routepoint_id>903507079</swisstopo:routepoint_id>
				</extensions>
			</trkpt>
			<trkpt lat="47.1393433748" lon="9.1246357946">
				<ele>425.7</ele>
				<extensions>
					<swisstopo:routepoint_id>1071687324</swisstopo:routepoint_id>
				</extensions>
			</trkpt>
			<trkpt lat="47.1393339604" lon="9.1247361955">
				<ele>425.8</ele>
				<extensions>
					<swisstopo:routepoint_id>369328222</swisstopo:routepoint_id>
				</extensions>
			</trkpt>
			<trkpt lat="47.1393148797" lon="9.1248672509">
				<ele>425.8</ele>
				<extensions>
					<swisstopo:routepoint_id>493226406</swisstopo:routepoint_id>
				</extensions>
			</trkpt>
			<trkpt lat="47.1392930814" lon="9.1250020841">
				<ele>425.9</ele>
				<extensions>
					<swisstopo:routepoint_id>1326314838</swisstopo:routepoint_id>
				</extensions>
			</trkpt>
			<trkpt lat="47.1392671712" lon="9.1251464918">
				<ele>425.8</ele>
				<extensions>
					<swisstopo:routepoint_id>1771653899</swisstopo:routepoint_id>
				</extensions>
			</trkpt>
			<trkpt lat="47.1392385019" lon="9.1253004906">
				<ele>425.9</ele>
				<extensions>
					<swisstopo:routepoint_id>61692079</swisstopo:routepoint_id>
				</extensions>
			</trkpt>
			<trkpt lat="47.1392034468" lon="9.1254387825">
				<ele>425.8</ele>
				<extensions>
					<swisstopo:routepoint_id>2140204247</swisstopo:routepoint_id>
				</extensions>
			</trkpt>
			<trkpt lat="47.1391700688" lon="9.1255519689">
				<ele>425.9</ele>
				<extensions>
					<swisstopo:routepoint_id>685374844</swisstopo:routepoint_id>
				</extensions>
			</trkpt>
			<trkpt lat="47.1391512819" lon="9.1256617386">
				<ele>425.9</ele>
				<extensions>
					<swisstopo:routepoint_id>433830687</swisstopo:routepoint_id>
				</extensions>
			</trkpt>
			<trkpt lat="47.1391446412" lon="9.1257544733">
				<ele>425.9</ele>
				<extensions>
					<swisstopo:routepoint_id>369929136</swisstopo:routepoint_id>
				</extensions>
			</trkpt>
			<trkpt lat="47.1391457997" lon="9.1258551933">
				<ele>425.9</ele>
				<extensions>
					<swisstopo:routepoint_id>1648934753</swisstopo:routepoint_id>
				</extensions>
			</trkpt>
			<trkpt lat="47.1391616344" lon="9.1259466848">
				<ele>425.7</ele>
				<extensions>
					<swisstopo:routepoint_id>1839392874</swisstopo:routepoint_id>
				</extensions>
			</trkpt>
			<trkpt lat="47.1391929711" lon="9.1260619109">
				<ele>425.6</ele>
				<extensions>
					<swisstopo:routepoint_id>1054110311</swisstopo:routepoint_id>
				</extensions>
			</trkpt>
			<trkpt lat="47.1392421298" lon="9.1262241778">
				<ele>425.4</ele>
				<extensions>
					<swisstopo:routepoint_id>265447590</swisstopo:routepoint_id>
				</extensions>
			</trkpt>
			<trkpt lat="47.1392747749" lon="9.1263394319">
				<ele>425.3</ele>
				<extensions>
					<swisstopo:routepoint_id>1878025828</swisstopo:routepoint_id>
				</extensions>
			</trkpt>
			<trkpt lat="47.1392945219" lon="9.1264349237">
				<ele>425.1</ele>
				<extensions>
					<swisstopo:routepoint_id>584162895</swisstopo:routepoint_id>
				</extensions>
			</trkpt>
			<trkpt lat="47.1393052111" lon="9.1265165888">
				<ele>425.0</ele>
				<extensions>
					<swisstopo:routepoint_id>814716481</swisstopo:routepoint_id>
				</extensions>
			</trkpt>
			<trkpt lat="47.1393095237" lon="9.1265825458">
				<ele>424.9</ele>
				<extensions>
					<swisstopo:routepoint_id>1623662130</swisstopo:routepoint_id>
				</extensions>
			</trkpt>
			<trkpt lat="47.1393016785" lon="9.1266675031">
				<ele>424.8</ele>
				<extensions>
					<swisstopo:routepoint_id>402709861</swisstopo:routepoint_id>
				</extensions>
			</trkpt>
			<trkpt lat="47.1392781808" lon="9.1267383855">
				<ele>424.7</ele>
				<extensions>
					<swisstopo:routepoint_id>934556917</swisstopo:routepoint_id>
				</extensions>
			</trkpt>
			<trkpt lat="47.1392438623" lon="9.1268263708">
				<ele>424.5</ele>
				<extensions>
					<swisstopo:routepoint_id>1188729394</swisstopo:routepoint_id>
				</extensions>
			</trkpt>
			<trkpt lat="47.1392041432" lon="9.1269219381">
				<ele>424.4</ele>
				<extensions>
					<swisstopo:routepoint_id>304298643</swisstopo:routepoint_id>
				</extensions>
			</trkpt>
			<trkpt lat="47.1391710852" lon="9.1270138267">
				<ele>424.4</ele>
				<extensions>
					<swisstopo:routepoint_id>1501991704</swisstopo:routepoint_id>
				</extensions>
			</trkpt>
			<trkpt lat="47.1391471806" lon="9.1271118183">
				<ele>424.4</ele>
				<extensions>
					<swisstopo:routepoint_id>1488007917</swisstopo:routepoint_id>
				</extensions>
			</trkpt>
			<trkpt lat="47.1391270268" lon="9.1272254208">
				<ele>424.2</ele>
				<extensions>
					<swisstopo:routepoint_id>1602364071</swisstopo:routepoint_id>
				</extensions>
			</trkpt>
			<trkpt lat="47.1391109099" lon="9.1273333491">
				<ele>424.2</ele>
				<extensions>
					<swisstopo:routepoint_id>2018783632</swisstopo:routepoint_id>
				</extensions>
			</trkpt>
			<trkpt lat="47.1390952392" lon="9.1274102923">
				<ele>424.2</ele>
				<extensions>
					<swisstopo:routepoint_id>227556356</swisstopo:routepoint_id>
				</extensions>
			</trkpt>
			<trkpt lat="47.1390689270" lon="9.1274927143">
				<ele>424.2</ele>
				<extensions>
					<swisstopo:routepoint_id>130725491</swisstopo:routepoint_id>
				</extensions>
			</trkpt>
			<trkpt lat="47.1390275295" lon="9.1276133865">
				<ele>424.3</ele>
				<extensions>
					<swisstopo:routepoint_id>1713573744</swisstopo:routepoint_id>
				</extensions>
			</trkpt>
			<trkpt lat="47.1389982895" lon="9.1277150851">
				<ele>424.3</ele>
				<extensions>
					<swisstopo:routepoint_id>1472176633</swisstopo:routepoint_id>
				</extensions>
			</trkpt>
			<trkpt lat="47.1389838502" lon="9.1277978951">
				<ele>424.3</ele>
				<extensions>
					<swisstopo:routepoint_id>540695870</swisstopo:routepoint_id>
				</extensions>
			</trkpt>
			<trkpt lat="47.1389726590" lon="9.1279311362">
				<ele>424.3</ele>
				<extensions>
					<swisstopo:routepoint_id>1610740736</swisstopo:routepoint_id>
				</extensions>
			</trkpt>
			<trkpt lat="47.1389650411" lon="9.1280896737">
				<ele>424.4</ele>
				<extensions>
					<swisstopo:routepoint_id>1243839862</swisstopo:routepoint_id>
				</extensions>
			</trkpt>
			<trkpt lat="47.1389571960" lon="9.1282636709">
				<ele>424.5</ele>
				<extensions>
					<swisstopo:routepoint_id>1340925640</swisstopo:routepoint_id>
				</extensions>
			</trkpt>
			<trkpt lat="47.1389497485" lon="9.1284105841">
				<ele>424.5</ele>
				<extensions>
					<swisstopo:routepoint_id>1145182922</swisstopo:routepoint_id>
				</extensions>
			</trkpt>
			<trkpt lat="47.1389359132" lon="9.1285437416">
				<ele>424.5</ele>
				<extensions>
					<swisstopo:routepoint_id>2039072364</swisstopo:routepoint_id>
				</extensions>
			</trkpt>
			<trkpt lat="47.1389208762" lon="9.1286671957">
				<ele>424.4</ele>
				<extensions>
					<swisstopo:routepoint_id>1748697137</swisstopo:routepoint_id>
				</extensions>
			</trkpt>
			<trkpt lat="47.1389008065" lon="9.1287749717">
				<ele>424.3</ele>
				<extensions>
					<swisstopo:routepoint_id>1782028657</swisstopo:routepoint_id>
				</extensions>
			</trkpt>
			<trkpt lat="47.1388755828" lon="9.1288729343">
				<ele>424.4</ele>
				<extensions>
					<swisstopo:routepoint_id>2140051059</swisstopo:routepoint_id>
				</extensions>
			</trkpt>
			<trkpt lat="47.1388437924" lon="9.1289687369">
				<ele>424.5</ele>
				<extensions>
					<swisstopo:routepoint_id>1031512349</swisstopo:routepoint_id>
				</extensions>
			</trkpt>
			<trkpt lat="47.1388120783" lon="9.1290587410">
				<ele>424.5</ele>
				<extensions>
					<swisstopo:routepoint_id>1224511650</swisstopo:routepoint_id>
				</extensions>
			</trkpt>
			<trkpt lat="47.1387695719" lon="9.1291638824">
				<ele>424.7</ele>
				<extensions>
					<swisstopo:routepoint_id>930517072</swisstopo:routepoint_id>
				</extensions>
			</trkpt>
			<trkpt lat="47.1387285141" lon="9.1292613307">
				<ele>424.6</ele>
				<extensions>
					<swisstopo:routepoint_id>841441681</swisstopo:routepoint_id>
				</extensions>
			</trkpt>
			<trkpt lat="47.1386835719" lon="9.1293528554">
				<ele>424.6</ele>
				<extensions>
					<swisstopo:routepoint_id>1379744741</swisstopo:routepoint_id>
				</extensions>
			</trkpt>
			<trkpt lat="47.1386339308" lon="9.1294944650">
				<ele>424.6</ele>
				<extensions>
					<swisstopo:routepoint_id>1718631213</swisstopo:routepoint_id>
				</extensions>
			</trkpt>
			<trkpt lat="47.1386079981" lon="9.1296220848">
				<ele>424.6</ele>
				<extensions>
					<swisstopo:routepoint_id>162246408</swisstopo:routepoint_id>
				</extensions>
			</trkpt>
			<trkpt lat="47.1385876941" lon="9.1297433411">
				<ele>424.6</ele>
				<extensions>
					<swisstopo:routepoint_id>986290743</swisstopo:routepoint_id>
				</extensions>
			</trkpt>
			<trkpt lat="47.1385637874" lon="9.1298968802">
				<ele>424.4</ele>
				<extensions>
					<swisstopo:routepoint_id>1921639368</swisstopo:routepoint_id>
				</extensions>
			</trkpt>
			<trkpt lat="47.1385472959" lon="9.1300026315">
				<ele>424.8</ele>
				<extensions>
					<swisstopo:routepoint_id>1254335760</swisstopo:routepoint_id>
				</extensions>
			</trkpt>
			<trkpt lat="47.1385314751" lon="9.1300633645">
				<ele>424.5</ele>
				<extensions>
					<swisstopo:routepoint_id>2029623644</swisstopo:routepoint_id>
				</extensions>
			</trkpt>
			<trkpt lat="47.1385081862" lon="9.1301252844">
				<ele>424.6</ele>
				<extensions>
					<swisstopo:routepoint_id>835629511</swisstopo:routepoint_id>
				</extensions>
			</trkpt>
			<trkpt lat="47.1384770075" lon="9.1301806133">
				<ele>424.5</ele>
				<extensions>
					<swisstopo:routepoint_id>495170748</swisstopo:routepoint_id>
				</extensions>
			</trkpt>
			<trkpt lat="47.1384523314" lon="9.1302060189">
				<ele>424.5</ele>
				<extensions>
					<swisstopo:routepoint_id>277041692</swisstopo:routepoint_id>
				</extensions>
			</trkpt>
			<trkpt lat="47.1384293621" lon="9.1302240956">
				<ele>424.5</ele>
				<extensions>
					<swisstopo:routepoint_id>1435931354</swisstopo:routepoint_id>
				</extensions>
			</trkpt>
			<trkpt lat="47.1383970232" lon="9.1302400300">
				<ele>424.3</ele>
				<extensions>
					<swisstopo:routepoint_id>143574705</swisstopo:routepoint_id>
				</extensions>
			</trkpt>
			<trkpt lat="47.1383652219" lon="9.1302827350">
				<ele>424.3</ele>
				<extensions>
					<swisstopo:routepoint_id>787857901</swisstopo:routepoint_id>
				</extensions>
			</trkpt>
			<trkpt lat="47.1383397272" lon="9.1303201796">
				<ele>424.3</ele>
				<extensions>
					<swisstopo:routepoint_id>404576729</swisstopo:routepoint_id>
				</extensions>
			</trkpt>
			<trkpt lat="47.1382730552" lon="9.1304541689">
				<ele>424.3</ele>
				<extensions>
					<swisstopo:routepoint_id>1474398666</swisstopo:routepoint_id>
				</extensions>
			</trkpt>
			<trkpt lat="47.1382271874" lon="9.1305601660">
				<ele>424.4</ele>
				<extensions>
					<swisstopo:routepoint_id>866900902</swisstopo:routepoint_id>
				</extensions>
			</trkpt>
			<trkpt lat="47.1381602933" lon="9.1309427295">
				<ele>424.1</ele>
				<extensions>
					<swisstopo:routepoint_id>919507302</swisstopo:routepoint_id>
				</extensions>
			</trkpt>
			<trkpt lat="47.1380882365" lon="9.1313548070">
				<ele>424.2</ele>
				<extensions>
					<swisstopo:routepoint_id>1338989745</swisstopo:routepoint_id>
				</extensions>
			</trkpt>
			<trkpt lat="47.1380259549" lon="9.1317109463">
				<ele>424.3</ele>
				<extensions>
					<swisstopo:routepoint_id>77637982</swisstopo:routepoint_id>
				</extensions>
			</trkpt>
			<trkpt lat="47.1379774681" lon="9.1319911789">
				<ele>424.5</ele>
				<extensions>
					<swisstopo:routepoint_id>695601750</swisstopo:routepoint_id>
				</extensions>
			</trkpt>
			<trkpt lat="47.1379449351" lon="9.1322512029">
				<ele>424.5</ele>
				<extensions>
					<swisstopo:routepoint_id>177518319</swisstopo:routepoint_id>
				</extensions>
			</trkpt>
			<trkpt lat="47.1379549310" lon="9.1323450672">
				<ele>424.5</ele>
				<extensions>
					<swisstopo:routepoint_id>1222799787</swisstopo:routepoint_id>
				</extensions>
			</trkpt>
			<trkpt lat="47.1379790682" lon="9.1324735286">
				<ele>424.6</ele>
				<extensions>
					<swisstopo:routepoint_id>140623241</swisstopo:routepoint_id>
				</extensions>
			</trkpt>
			<trkpt lat="47.1379857266" lon="9.1325816069">
				<ele>424.6</ele>
				<extensions>
					<swisstopo:routepoint_id>1493293390</swisstopo:routepoint_id>
				</extensions>
			</trkpt>
			<trkpt lat="47.1379806195" lon="9.1326736357">
				<ele>424.7</ele>
				<extensions>
					<swisstopo:routepoint_id>1963195814</swisstopo:routepoint_id>
				</extensions>
			</trkpt>
			<trkpt lat="47.1379673401" lon="9.1328061478">
				<ele>424.7</ele>
				<extensions>
					<swisstopo:routepoint_id>798060247</swisstopo:routepoint_id>
				</extensions>
			</trkpt>
			<trkpt lat="47.1379590639" lon="9.1329550888">
				<ele>424.8</ele>
				<extensions>
					<swisstopo:routepoint_id>2087861061</swisstopo:routepoint_id>
				</extensions>
			</trkpt>
			<trkpt lat="47.1379681557" lon="9.1330500458">
				<ele>424.8</ele>
				<extensions>
					<swisstopo:routepoint_id>173767962</swisstopo:routepoint_id>
				</extensions>
			</trkpt>
			<trkpt lat="47.1379906099" lon="9.1331173547">
				<ele>424.7</ele>
				<extensions>
					<swisstopo:routepoint_id>2125517001</swisstopo:routepoint_id>
				</extensions>
			</trkpt>
			<trkpt lat="47.1380888053" lon="9.1333120433">
				<ele>424.6</ele>
				<extensions>
					<swisstopo:routepoint_id>1109325344</swisstopo:routepoint_id>
				</extensions>
			</trkpt>
			<trkpt lat="47.1381479224" lon="9.1334496034">
				<ele>424.7</ele>
				<extensions>
					<swisstopo:routepoint_id>75963266</swisstopo:routepoint_id>
				</extensions>
			</trkpt>
			<trkpt lat="47.1381651682" lon="9.1335345873">
				<ele>424.8</ele>
				<extensions>
					<swisstopo:routepoint_id>1803906116</swisstopo:routepoint_id>
				</extensions>
			</trkpt>
			<trkpt lat="47.1381782404" lon="9.1337555893">
				<ele>424.9</ele>
				<extensions>
					<swisstopo:routepoint_id>731097629</swisstopo:routepoint_id>
				</extensions>
			</trkpt>
			<trkpt lat="47.1381967477" lon="9.1340613598">
				<ele>424.8</ele>
				<extensions>
					<swisstopo:routepoint_id>117722588</swisstopo:routepoint_id>
				</extensions>
			</trkpt>
			<trkpt lat="47.1381886433" lon="9.1343895329">
				<ele>424.6</ele>
				<extensions>
					<swisstopo:routepoint_id>2113886308</swisstopo:routepoint_id>
				</extensions>
			</trkpt>
			<trkpt lat="47.1381651966" lon="9.1346489471">
				<ele>424.7</ele>
				<extensions>
					<swisstopo:routepoint_id>637586113</swisstopo:routepoint_id>
				</extensions>
			</trkpt>
			<trkpt lat="47.1381496507" lon="9.1347617020">
				<ele>424.5</ele>
				<extensions>
					<swisstopo:routepoint_id>714289949</swisstopo:routepoint_id>
				</extensions>
			</trkpt>
			<trkpt lat="47.1381113714" lon="9.1350872835">
				<ele>424.2</ele>
				<extensions>
					<swisstopo:routepoint_id>675068150</swisstopo:routepoint_id>
				</extensions>
			</trkpt>
			<trkpt lat="47.1380620905" lon="9.1353577317">
				<ele>423.9</ele>
				<extensions>
					<swisstopo:routepoint_id>499888802</swisstopo:routepoint_id>
				</extensions>
			</trkpt>
			<trkpt lat="47.1380052645" lon="9.1356267140">
				<ele>423.7</ele>
				<extensions>
					<swisstopo:routepoint_id>1619810203</swisstopo:routepoint_id>
				</extensions>
			</trkpt>
			<trkpt lat="47.1379819620" lon="9.1357340803">
				<ele>423.8</ele>
				<extensions>
					<swisstopo:routepoint_id>866270688</swisstopo:routepoint_id>
				</extensions>
			</trkpt>
			<trkpt lat="47.1379702197" lon="9.1358079666">
				<ele>423.8</ele>
				<extensions>
					<swisstopo:routepoint_id>1546106884</swisstopo:routepoint_id>
				</extensions>
			</trkpt>
			<trkpt lat="47.1379656171" lon="9.1358979281">
				<ele>424.0</ele>
				<extensions>
					<swisstopo:routepoint_id>790752360</swisstopo:routepoint_id>
				</extensions>
			</trkpt>
			<trkpt lat="47.1379715801" lon="9.1359669565">
				<ele>423.9</ele>
				<extensions>
					<swisstopo:routepoint_id>93193689</swisstopo:routepoint_id>
				</extensions>
			</trkpt>
			<trkpt lat="47.1379909233" lon="9.1360462590">
				<ele>423.8</ele>
				<extensions>
					<swisstopo:routepoint_id>1946118678</swisstopo:routepoint_id>
				</extensions>
			</trkpt>
			<trkpt lat="47.1380273516" lon="9.1361627315">
				<ele>423.8</ele>
				<extensions>
					<swisstopo:routepoint_id>83296125</swisstopo:routepoint_id>
				</extensions>
			</trkpt>
			<trkpt lat="47.1380467500" lon="9.1362382117">
				<ele>423.8</ele>
				<extensions>
					<swisstopo:routepoint_id>2001316098</swisstopo:routepoint_id>
				</extensions>
			</trkpt>
			<trkpt lat="47.1380578676" lon="9.1363188884">
				<ele>423.8</ele>
				<extensions>
					<swisstopo:routepoint_id>1324999063</swisstopo:routepoint_id>
				</extensions>
			</trkpt>
			<trkpt lat="47.1380588793" lon="9.1363899228">
				<ele>424.0</ele>
				<extensions>
					<swisstopo:routepoint_id>885163576</swisstopo:routepoint_id>
				</extensions>
			</trkpt>
			<trkpt lat="47.1380590933" lon="9.1365150039">
				<ele>424.1</ele>
				<extensions>
					<swisstopo:routepoint_id>1570257137</swisstopo:routepoint_id>
				</extensions>
			</trkpt>
			<trkpt lat="47.1380645160" lon="9.1366206046">
				<ele>424.1</ele>
				<extensions>
					<swisstopo:routepoint_id>1576814331</swisstopo:routepoint_id>
				</extensions>
			</trkpt>
			<trkpt lat="47.1380747185" lon="9.1367083459">
				<ele>424.2</ele>
				<extensions>
					<swisstopo:routepoint_id>1906852816</swisstopo:routepoint_id>
				</extensions>
			</trkpt>
			<trkpt lat="47.1380950771" lon="9.1368297414">
				<ele>424.2</ele>
				<extensions>
					<swisstopo:routepoint_id>1354125725</swisstopo:routepoint_id>
				</extensions>
			</trkpt>
			<trkpt lat="47.1381198259" lon="9.1369316172">
				<ele>424.7</ele>
				<extensions>
					<swisstopo:routepoint_id>607258667</swisstopo:routepoint_id>
				</extensions>
			</trkpt>
			<trkpt lat="47.1381327284" lon="9.1370309154">
				<ele>424.7</ele>
				<extensions>
					<swisstopo:routepoint_id>1564235263</swisstopo:routepoint_id>
				</extensions>
			</trkpt>
			<trkpt lat="47.1381428278" lon="9.1371530540">
				<ele>424.8</ele>
				<extensions>
					<swisstopo:routepoint_id>444232605</swisstopo:routepoint_id>
				</extensions>
			</trkpt>
			<trkpt lat="47.1381458292" lon="9.1372842494">
				<ele>425.1</ele>
				<extensions>
					<swisstopo:routepoint_id>1156756928</swisstopo:routepoint_id>
				</extensions>
			</trkpt>
			<trkpt lat="47.1381392824" lon="9.1373949030">
				<ele>425.3</ele>
				<extensions>
					<swisstopo:routepoint_id>1722067821</swisstopo:routepoint_id>
				</extensions>
			</trkpt>
			<trkpt lat="47.1381179247" lon="9.1375099778">
				<ele>425.3</ele>
				<extensions>
					<swisstopo:routepoint_id>2085232802</swisstopo:routepoint_id>
				</extensions>
			</trkpt>
			<trkpt lat="47.1380978404" lon="9.1375650081">
				<ele>425.3</ele>
				<extensions>
					<swisstopo:routepoint_id>1091051384</swisstopo:routepoint_id>
				</extensions>
			</trkpt>
			<trkpt lat="47.1380566075" lon="9.1376367981">
				<ele>425.6</ele>
				<extensions>
					<swisstopo:routepoint_id>1614095584</swisstopo:routepoint_id>
				</extensions>
			</trkpt>
			<trkpt lat="47.1380191311" lon="9.1376857914">
				<ele>425.9</ele>
				<extensions>
					<swisstopo:routepoint_id>1586399927</swisstopo:routepoint_id>
				</extensions>
			</trkpt>
			<trkpt lat="47.1379889734" lon="9.1377253655">
				<ele>426.1</ele>
				<extensions>
					<swisstopo:routepoint_id>1341712661</swisstopo:routepoint_id>
				</extensions>
			</trkpt>
			<trkpt lat="47.1379743276" lon="9.1377581797">
				<ele>426.4</ele>
				<extensions>
					<swisstopo:routepoint_id>724298151</swisstopo:routepoint_id>
				</extensions>
			</trkpt>
			<trkpt lat="47.1379633145" lon="9.1377959882">
				<ele>426.4</ele>
				<extensions>
					<swisstopo:routepoint_id>1231265349</swisstopo:routepoint_id>
				</extensions>
			</trkpt>
			<trkpt lat="47.1379571352" lon="9.1378835126">
				<ele>426.2</ele>
				<extensions>
					<swisstopo:routepoint_id>1608354134</swisstopo:routepoint_id>
				</extensions>
			</trkpt>
			<trkpt lat="47.1379506790" lon="9.1379466626">
				<ele>426.1</ele>
				<extensions>
					<swisstopo:routepoint_id>719841955</swisstopo:routepoint_id>
				</extensions>
			</trkpt>
			<trkpt lat="47.1379393149" lon="9.1380088258">
				<ele>426.3</ele>
				<extensions>
					<swisstopo:routepoint_id>99322582</swisstopo:routepoint_id>
				</extensions>
			</trkpt>
			<trkpt lat="47.1379266341" lon="9.1380766296">
				<ele>426.3</ele>
				<extensions>
					<swisstopo:routepoint_id>990759060</swisstopo:routepoint_id>
				</extensions>
			</trkpt>
			<trkpt lat="47.1379238827" lon="9.1381398972">
				<ele>426.2</ele>
				<extensions>
					<swisstopo:routepoint_id>1601440073</swisstopo:routepoint_id>
				</extensions>
			</trkpt>
			<trkpt lat="47.1379224217" lon="9.1381991574">
				<ele>426.2</ele>
				<extensions>
					<swisstopo:routepoint_id>1328936239</swisstopo:routepoint_id>
				</extensions>
			</trkpt>
			<trkpt lat="47.1379157056" lon="9.1383035814">
				<ele>426.2</ele>
				<extensions>
					<swisstopo:routepoint_id>2091981389</swisstopo:routepoint_id>
				</extensions>
			</trkpt>
			<trkpt lat="47.1378956349" lon="9.1383886608">
				<ele>426.2</ele>
				<extensions>
					<swisstopo:routepoint_id>1941765543</swisstopo:routepoint_id>
				</extensions>
			</trkpt>
			<trkpt lat="47.1378580823" lon="9.1385170386">
				<ele>426.0</ele>
				<extensions>
					<swisstopo:routepoint_id>145393626</swisstopo:routepoint_id>
				</extensions>
			</trkpt>
			<trkpt lat="47.1378210859" lon="9.1386473721">
				<ele>425.8</ele>
				<extensions>
					<swisstopo:routepoint_id>702122213</swisstopo:routepoint_id>
				</extensions>
			</trkpt>
			<trkpt lat="47.1377964662" lon="9.1387310143">
				<ele>425.8</ele>
				<extensions>
					<swisstopo:routepoint_id>87438623</swisstopo:routepoint_id>
				</extensions>
			</trkpt>
			<trkpt lat="47.1377785763" lon="9.1387750911">
				<ele>425.7</ele>
				<extensions>
					<swisstopo:routepoint_id>441078181</swisstopo:routepoint_id>
				</extensions>
			</trkpt>
			<trkpt lat="47.1377675750" lon="9.1388120819">
				<ele>425.8</ele>
				<extensions>
					<swisstopo:routepoint_id>962669297</swisstopo:routepoint_id>
				</extensions>
			</trkpt>
			<trkpt lat="47.1377644331" lon="9.1388590925">
				<ele>426.0</ele>
				<extensions>
					<swisstopo:routepoint_id>1887905846</swisstopo:routepoint_id>
				</extensions>
			</trkpt>
			<trkpt lat="47.1377640966" lon="9.1389256930">
				<ele>426.1</ele>
				<extensions>
					<swisstopo:routepoint_id>1785231269</swisstopo:routepoint_id>
				</extensions>
			</trkpt>
			<trkpt lat="47.1377609152" lon="9.1389759590">
				<ele>426.1</ele>
				<extensions>
					<swisstopo:routepoint_id>759973254</swisstopo:routepoint_id>
				</extensions>
			</trkpt>
			<trkpt lat="47.1377449671" lon="9.1390566463">
				<ele>426.0</ele>
				<extensions>
					<swisstopo:routepoint_id>300764</swisstopo:routepoint_id>
				</extensions>
			</trkpt>
			<trkpt lat="47.1377196276" lon="9.1391475833">
				<ele>426.0</ele>
				<extensions>
					<swisstopo:routepoint_id>16738303</swisstopo:routepoint_id>
				</extensions>
			</trkpt>
			<trkpt lat="47.1376820907" lon="9.1392291533">
				<ele>426.0</ele>
				<extensions>
					<swisstopo:routepoint_id>149240057</swisstopo:routepoint_id>
				</extensions>
			</trkpt>
			<trkpt lat="47.1376479067" lon="9.1392921603">
				<ele>426.1</ele>
				<extensions>
					<swisstopo:routepoint_id>1029349527</swisstopo:routepoint_id>
				</extensions>
			</trkpt>
			<trkpt lat="47.1376175303" lon="9.1393902281">
				<ele>426.0</ele>
				<extensions>
					<swisstopo:routepoint_id>578362607</swisstopo:routepoint_id>
				</extensions>
			</trkpt>
			<trkpt lat="47.1375764733" lon="9.1395456154">
				<ele>426.2</ele>
				<extensions>
					<swisstopo:routepoint_id>1345613652</swisstopo:routepoint_id>
				</extensions>
			</trkpt>
			<trkpt lat="47.1375357221" lon="9.1397229384">
				<ele>426.3</ele>
				<extensions>
					<swisstopo:routepoint_id>1303494157</swisstopo:routepoint_id>
				</extensions>
			</trkpt>
			<trkpt lat="47.1375082609" lon="9.1398763438">
				<ele>426.0</ele>
				<extensions>
					<swisstopo:routepoint_id>1749547783</swisstopo:routepoint_id>
				</extensions>
			</trkpt>
			<trkpt lat="47.1374866835" lon="9.1400486457">
				<ele>425.8</ele>
				<extensions>
					<swisstopo:routepoint_id>1857287104</swisstopo:routepoint_id>
				</extensions>
			</trkpt>
			<trkpt lat="47.1374652380" lon="9.1402120124">
				<ele>425.8</ele>
				<extensions>
					<swisstopo:routepoint_id>1073277351</swisstopo:routepoint_id>
				</extensions>
			</trkpt>
			<trkpt lat="47.1374600679" lon="9.1402719581">
				<ele>425.9</ele>
				<extensions>
					<swisstopo:routepoint_id>2058234061</swisstopo:routepoint_id>
				</extensions>
			</trkpt>
			<trkpt lat="47.1374660993" lon="9.1403672142">
				<ele>425.9</ele>
				<extensions>
					<swisstopo:routepoint_id>663520755</swisstopo:routepoint_id>
				</extensions>
			</trkpt>
			<trkpt lat="47.1374695539" lon="9.1404274478">
				<ele>425.9</ele>
				<extensions>
					<swisstopo:routepoint_id>1952285724</swisstopo:routepoint_id>
				</extensions>
			</trkpt>
			<trkpt lat="47.1374653249" lon="9.1405077289">
				<ele>425.9</ele>
				<extensions>
					<swisstopo:routepoint_id>1957473331</swisstopo:routepoint_id>
				</extensions>
			</trkpt>
			<trkpt lat="47.1374666589" lon="9.1405865781">
				<ele>425.9</ele>
				<extensions>
					<swisstopo:routepoint_id>1824461771</swisstopo:routepoint_id>
				</extensions>
			</trkpt>
			<trkpt lat="47.1374738964" lon="9.1407273740">
				<ele>425.8</ele>
				<extensions>
					<swisstopo:routepoint_id>553877467</swisstopo:routepoint_id>
				</extensions>
			</trkpt>
			<trkpt lat="47.1374725835" lon="9.1408191262">
				<ele>425.7</ele>
				<extensions>
					<swisstopo:routepoint_id>1294758474</swisstopo:routepoint_id>
				</extensions>
			</trkpt>
			<trkpt lat="47.1374668549" lon="9.1409180426">
				<ele>425.7</ele>
				<extensions>
					<swisstopo:routepoint_id>1354855945</swisstopo:routepoint_id>
				</extensions>
			</trkpt>
			<trkpt lat="47.1374619804" lon="9.1409568762">
				<ele>425.7</ele>
				<extensions>
					<swisstopo:routepoint_id>2131209294</swisstopo:routepoint_id>
				</extensions>
			</trkpt>
			<trkpt lat="47.1374478819" lon="9.1409945723">
				<ele>425.7</ele>
				<extensions>
					<swisstopo:routepoint_id>1015667950</swisstopo:routepoint_id>
				</extensions>
			</trkpt>
			<trkpt lat="47.1374149755" lon="9.1410543745">
				<ele>425.6</ele>
				<extensions>
					<swisstopo:routepoint_id>395901708</swisstopo:routepoint_id>
				</extensions>
			</trkpt>
			<trkpt lat="47.1373855979" lon="9.1411256681">
				<ele>425.6</ele>
				<extensions>
					<swisstopo:routepoint_id>1042141520</swisstopo:routepoint_id>
				</extensions>
			</trkpt>
			<trkpt lat="47.1373733064" lon="9.1411658608">
				<ele>425.7</ele>
				<extensions>
					<swisstopo:routepoint_id>931145087</swisstopo:routepoint_id>
				</extensions>
			</trkpt>
			<trkpt lat="47.1373731987" lon="9.1412600903">
				<ele>425.8</ele>
				<extensions>
					<swisstopo:routepoint_id>1404538073</swisstopo:routepoint_id>
				</extensions>
			</trkpt>
			<trkpt lat="47.1373887464" lon="9.1414222992">
				<ele>425.7</ele>
				<extensions>
					<swisstopo:routepoint_id>1913103451</swisstopo:routepoint_id>
				</extensions>
			</trkpt>
			<trkpt lat="47.1374022311" lon="9.1415998690">
				<ele>425.7</ele>
				<extensions>
					<swisstopo:routepoint_id>322102213</swisstopo:routepoint_id>
				</extensions>
			</trkpt>
			<trkpt lat="47.1374091085" lon="9.1416366628">
				<ele>425.7</ele>
				<extensions>
					<swisstopo:routepoint_id>35029013</swisstopo:routepoint_id>
				</extensions>
			</trkpt>
			<trkpt lat="47.1374232488" lon="9.1416818229">
				<ele>425.5</ele>
				<extensions>
					<swisstopo:routepoint_id>2125380973</swisstopo:routepoint_id>
				</extensions>
			</trkpt>
			<trkpt lat="47.1374470361" lon="9.1417858188">
				<ele>425.2</ele>
				<extensions>
					<swisstopo:routepoint_id>149237746</swisstopo:routepoint_id>
				</extensions>
			</trkpt>
			<trkpt lat="47.1374617850" lon="9.1418748782">
				<ele>425.1</ele>
				<extensions>
					<swisstopo:routepoint_id>1325527732</swisstopo:routepoint_id>
				</extensions>
			</trkpt>
			<trkpt lat="47.1374649951" lon="9.1419521656">
				<ele>424.9</ele>
				<extensions>
					<swisstopo:routepoint_id>651594255</swisstopo:routepoint_id>
				</extensions>
			</trkpt>
			<trkpt lat="47.1374431658" lon="9.1421382239">
				<ele>425.0</ele>
				<extensions>
					<swisstopo:routepoint_id>2144328087</swisstopo:routepoint_id>
				</extensions>
			</trkpt>
			<trkpt lat="47.1373952621" lon="9.1423055208">
				<ele>425.0</ele>
				<extensions>
					<swisstopo:routepoint_id>560157384</swisstopo:routepoint_id>
				</extensions>
			</trkpt>
			<trkpt lat="47.1373660047" lon="9.1424117307">
				<ele>425.0</ele>
				<extensions>
					<swisstopo:routepoint_id>1059528444</swisstopo:routepoint_id>
				</extensions>
			</trkpt>
			<trkpt lat="47.1372835047" lon="9.1428214396">
				<ele>424.6</ele>
				<extensions>
					<swisstopo:routepoint_id>26639860</swisstopo:routepoint_id>
				</extensions>
			</trkpt>
			<trkpt lat="47.1372115600" lon="9.1431908999">
				<ele>424.5</ele>
				<extensions>
					<swisstopo:routepoint_id>983599438</swisstopo:routepoint_id>
				</extensions>
			</trkpt>
			<trkpt lat="47.1371690818" lon="9.1434411562">
				<ele>424.3</ele>
				<extensions>
					<swisstopo:routepoint_id>1343976712</swisstopo:routepoint_id>
				</extensions>
			</trkpt>
			<trkpt lat="47.1371209432" lon="9.1437740331">
				<ele>424.3</ele>
				<extensions>
					<swisstopo:routepoint_id>680599862</swisstopo:routepoint_id>
				</extensions>
			</trkpt>
			<trkpt lat="47.1370670736" lon="9.1439703683">
				<ele>424.3</ele>
				<extensions>
					<swisstopo:routepoint_id>502061275</swisstopo:routepoint_id>
				</extensions>
			</trkpt>
			<trkpt lat="47.1369684172" lon="9.1441246929">
				<ele>424.1</ele>
				<extensions>
					<swisstopo:routepoint_id>627651677</swisstopo:routepoint_id>
				</extensions>
			</trkpt>
			<trkpt lat="47.1368916534" lon="9.1442212661">
				<ele>423.9</ele>
				<extensions>
					<swisstopo:routepoint_id>1582891359</swisstopo:routepoint_id>
				</extensions>
			</trkpt>
			<trkpt lat="47.1367974792" lon="9.1442978102">
				<ele>423.6</ele>
				<extensions>
					<swisstopo:routepoint_id>1932918904</swisstopo:routepoint_id>
				</extensions>
			</trkpt>
			<trkpt lat="47.1366410990" lon="9.1443853590">
				<ele>423.4</ele>
				<extensions>
					<swisstopo:routepoint_id>322103392</swisstopo:routepoint_id>
				</extensions>
			</trkpt>
			<trkpt lat="47.1365465314" lon="9.1444131849">
				<ele>423.3</ele>
				<extensions>
					<swisstopo:routepoint_id>1828836529</swisstopo:routepoint_id>
				</extensions>
			</trkpt>
			<trkpt lat="47.1364564380" lon="9.1444379092">
				<ele>423.3</ele>
				<extensions>
					<swisstopo:routepoint_id>258338388</swisstopo:routepoint_id>
				</extensions>
			</trkpt>
			<trkpt lat="47.1363480644" lon="9.1444993917">
				<ele>423.2</ele>
				<extensions>
					<swisstopo:routepoint_id>212885470</swisstopo:routepoint_id>
				</extensions>
			</trkpt>
			<trkpt lat="47.1361328454" lon="9.1446710939">
				<ele>423.3</ele>
				<extensions>
					<swisstopo:routepoint_id>535765563</swisstopo:routepoint_id>
				</extensions>
			</trkpt>
			<trkpt lat="47.1360363208" lon="9.1447556818">
				<ele>423.6</ele>
				<extensions>
					<swisstopo:routepoint_id>296465629</swisstopo:routepoint_id>
				</extensions>
			</trkpt>
			<trkpt lat="47.1359687686" lon="9.1448298300">
				<ele>424.0</ele>
				<extensions>
					<swisstopo:routepoint_id>1423282966</swisstopo:routepoint_id>
				</extensions>
			</trkpt>
			<trkpt lat="47.1358769967" lon="9.1449615587">
				<ele>424.7</ele>
				<extensions>
					<swisstopo:routepoint_id>168234174</swisstopo:routepoint_id>
				</extensions>
			</trkpt>
			<trkpt lat="47.1357863398" lon="9.1451048363">
				<ele>425.4</ele>
				<extensions>
					<swisstopo:routepoint_id>363652448</swisstopo:routepoint_id>
				</extensions>
			</trkpt>
			<trkpt lat="47.1357500462" lon="9.1451078318">
				<ele>425.5</ele>
				<extensions>
					<swisstopo:routepoint_id>1050317084</swisstopo:routepoint_id>
				</extensions>
			</trkpt>
			<trkpt lat="47.1356452013" lon="9.1451473911">
				<ele>424.1</ele>
				<extensions>
					<swisstopo:routepoint_id>493139151</swisstopo:routepoint_id>
				</extensions>
			</trkpt>
			<trkpt lat="47.1355966116" lon="9.1451489806">
				<ele>423.3</ele>
				<extensions>
					<swisstopo:routepoint_id>1944353650</swisstopo:routepoint_id>
				</extensions>
			</trkpt>
			<trkpt lat="47.1355456058" lon="9.1451211851">
				<ele>422.5</ele>
				<extensions>
					<swisstopo:routepoint_id>2098278891</swisstopo:routepoint_id>
				</extensions>
			</trkpt>
			<trkpt lat="47.1355203943" lon="9.1450879447">
				<ele>422.1</ele>
				<extensions>
					<swisstopo:routepoint_id>1662581544</swisstopo:routepoint_id>
				</extensions>
			</trkpt>
			<trkpt lat="47.1354897376" lon="9.1449875424">
				<ele>421.9</ele>
				<extensions>
					<swisstopo:routepoint_id>1491850667</swisstopo:routepoint_id>
				</extensions>
			</trkpt>
			<trkpt lat="47.1354703917" lon="9.1449440245">
				<ele>421.9</ele>
				<extensions>
					<swisstopo:routepoint_id>1110949</swisstopo:routepoint_id>
				</extensions>
			</trkpt>
			<trkpt lat="47.1354106329" lon="9.1448803751">
				<ele>422.0</ele>
				<extensions>
					<swisstopo:routepoint_id>1781669131</swisstopo:routepoint_id>
				</extensions>
			</trkpt>
			<trkpt lat="47.1353219838" lon="9.1447906914">
				<ele>422.1</ele>
				<extensions>
					<swisstopo:routepoint_id>982553902</swisstopo:routepoint_id>
				</extensions>
			</trkpt>
			<trkpt lat="47.1352447677" lon="9.1447484646">
				<ele>422.2</ele>
				<extensions>
					<swisstopo:routepoint_id>134092515</swisstopo:routepoint_id>
				</extensions>
			</trkpt>
			<trkpt lat="47.1351919898" lon="9.1447479317">
				<ele>422.3</ele>
				<extensions>
					<swisstopo:routepoint_id>716815455</swisstopo:routepoint_id>
				</extensions>
			</trkpt>
			<trkpt lat="47.1351212461" lon="9.1447673240">
				<ele>422.4</ele>
				<extensions>
					<swisstopo:routepoint_id>484047413</swisstopo:routepoint_id>
				</extensions>
			</trkpt>
			<trkpt lat="47.1350258365" lon="9.1447937261">
				<ele>422.9</ele>
				<extensions>
					<swisstopo:routepoint_id>913734730</swisstopo:routepoint_id>
				</extensions>
			</trkpt>
			<trkpt lat="47.1349408731" lon="9.1448243335">
				<ele>423.0</ele>
				<extensions>
					<swisstopo:routepoint_id>1562720220</swisstopo:routepoint_id>
				</extensions>
			</trkpt>
			<trkpt lat="47.1348782368" lon="9.1448679161">
				<ele>422.7</ele>
				<extensions>
					<swisstopo:routepoint_id>1038761069</swisstopo:routepoint_id>
				</extensions>
			</trkpt>
			<trkpt lat="47.1348589918" lon="9.1448964398">
				<ele>422.5</ele>
				<extensions>
					<swisstopo:routepoint_id>1052401623</swisstopo:routepoint_id>
				</extensions>
			</trkpt>
			<trkpt lat="47.1348405721" lon="9.1449778755">
				<ele>421.7</ele>
				<extensions>
					<swisstopo:routepoint_id>2084042999</swisstopo:routepoint_id>
				</extensions>
			</trkpt>
			<trkpt lat="47.1348117698" lon="9.1451587546">
				<ele>421.2</ele>
				<extensions>
					<swisstopo:routepoint_id>1776937683</swisstopo:routepoint_id>
				</extensions>
			</trkpt>
			<trkpt lat="47.1347934355" lon="9.1453059828">
				<ele>421.3</ele>
				<extensions>
					<swisstopo:routepoint_id>120468051</swisstopo:routepoint_id>
				</extensions>
			</trkpt>
			<trkpt lat="47.1347945569" lon="9.1453637905">
				<ele>421.4</ele>
				<extensions>
					<swisstopo:routepoint_id>1845562817</swisstopo:routepoint_id>
				</extensions>
			</trkpt>
			<trkpt lat="47.1348027016" lon="9.1454654792">
				<ele>421.6</ele>
				<extensions>
					<swisstopo:routepoint_id>749627217</swisstopo:routepoint_id>
				</extensions>
			</trkpt>
			<trkpt lat="47.1347996275" lon="9.1455992563">
				<ele>421.6</ele>
				<extensions>
					<swisstopo:routepoint_id>1433404009</swisstopo:routepoint_id>
				</extensions>
			</trkpt>
			<trkpt lat="47.1347915042" lon="9.1456979993">
				<ele>421.7</ele>
				<extensions>
					<swisstopo:routepoint_id>1481870724</swisstopo:routepoint_id>
				</extensions>
			</trkpt>
			<trkpt lat="47.1347729088" lon="9.1457809289">
				<ele>422.1</ele>
				<extensions>
					<swisstopo:routepoint_id>1149663369</swisstopo:routepoint_id>
				</extensions>
			</trkpt>
			<trkpt lat="47.1347494596" lon="9.1458562810">
				<ele>422.2</ele>
				<extensions>
					<swisstopo:routepoint_id>50922125</swisstopo:routepoint_id>
				</extensions>
			</trkpt>
			<trkpt lat="47.1347211206" lon="9.1459240417">
				<ele>422.7</ele>
				<extensions>
					<swisstopo:routepoint_id>1675875911</swisstopo:routepoint_id>
				</extensions>
			</trkpt>
			<trkpt lat="47.1346601041" lon="9.1460069637">
				<ele>422.9</ele>
				<extensions>
					<swisstopo:routepoint_id>772488518</swisstopo:routepoint_id>
				</extensions>
			</trkpt>
			<trkpt lat="47.1346280791" lon="9.1460448355">
				<ele>422.4</ele>
				<extensions>
					<swisstopo:routepoint_id>248181456</swisstopo:routepoint_id>
				</extensions>
			</trkpt>
			<trkpt lat="47.1345932727" lon="9.1460512801">
				<ele>422.1</ele>
				<extensions>
					<swisstopo:routepoint_id>479675242</swisstopo:routepoint_id>
				</extensions>
			</trkpt>
			<trkpt lat="47.1345496068" lon="9.1460472512">
				<ele>421.9</ele>
				<extensions>
					<swisstopo:routepoint_id>737407497</swisstopo:routepoint_id>
				</extensions>
			</trkpt>
			<trkpt lat="47.1345065760" lon="9.1460361997">
				<ele>421.8</ele>
				<extensions>
					<swisstopo:routepoint_id>1817361654</swisstopo:routepoint_id>
				</extensions>
			</trkpt>
			<trkpt lat="47.1344667471" lon="9.1459609801">
				<ele>421.7</ele>
				<extensions>
					<swisstopo:routepoint_id>517276515</swisstopo:routepoint_id>
				</extensions>
			</trkpt>
			<trkpt lat="47.1345065760" lon="9.1460361997">
				<ele>421.8</ele>
				<extensions>
					<swisstopo:routepoint_id>1123412477</swisstopo:routepoint_id>
				</extensions>
			</trkpt>
			<trkpt lat="47.1345496068" lon="9.1460472512">
				<ele>421.9</ele>
				<extensions>
					<swisstopo:routepoint_id>764150391</swisstopo:routepoint_id>
				</extensions>
			</trkpt>
			<trkpt lat="47.1345932727" lon="9.1460512801">
				<ele>422.1</ele>
				<extensions>
					<swisstopo:routepoint_id>347460712</swisstopo:routepoint_id>
				</extensions>
			</trkpt>
			<trkpt lat="47.1346280791" lon="9.1460448355">
				<ele>422.4</ele>
				<extensions>
					<swisstopo:routepoint_id>992307102</swisstopo:routepoint_id>
				</extensions>
			</trkpt>
			<trkpt lat="47.1346354540" lon="9.1461025946">
				<ele>421.9</ele>
				<extensions>
					<swisstopo:routepoint_id>721466352</swisstopo:routepoint_id>
				</extensions>
			</trkpt>
			<trkpt lat="47.1346512188" lon="9.1461594207">
				<ele>421.6</ele>
				<extensions>
					<swisstopo:routepoint_id>840151511</swisstopo:routepoint_id>
				</extensions>
			</trkpt>
			<trkpt lat="47.1346514493" lon="9.1462166204">
				<ele>421.5</ele>
				<extensions>
					<swisstopo:routepoint_id>697308170</swisstopo:routepoint_id>
				</extensions>
			</trkpt>
			<trkpt lat="47.1346482870" lon="9.1462599223">
				<ele>421.4</ele>
				<extensions>
					<swisstopo:routepoint_id>1203153646</swisstopo:routepoint_id>
				</extensions>
			</trkpt>
			<trkpt lat="47.1346412540" lon="9.1462979217">
				<ele>421.4</ele>
				<extensions>
					<swisstopo:routepoint_id>423767414</swisstopo:routepoint_id>
				</extensions>
			</trkpt>
			<trkpt lat="47.1346251166" lon="9.1463364835">
				<ele>421.3</ele>
				<extensions>
					<swisstopo:routepoint_id>1793321637</swisstopo:routepoint_id>
				</extensions>
			</trkpt>
			<trkpt lat="47.1346015971" lon="9.1463662415">
				<ele>421.3</ele>
				<extensions>
					<swisstopo:routepoint_id>244025680</swisstopo:routepoint_id>
				</extensions>
			</trkpt>
			<trkpt lat="47.1345931716" lon="9.1464095492">
				<ele>421.3</ele>
				<extensions>
					<swisstopo:routepoint_id>454887000</swisstopo:routepoint_id>
				</extensions>
			</trkpt>
			<trkpt lat="47.1345927930" lon="9.1464344413">
				<ele>421.2</ele>
				<extensions>
					<swisstopo:routepoint_id>1613418867</swisstopo:routepoint_id>
				</extensions>
			</trkpt>
			<trkpt lat="47.1345966619" lon="9.1464871444">
				<ele>421.0</ele>
				<extensions>
					<swisstopo:routepoint_id>605996363</swisstopo:routepoint_id>
				</extensions>
			</trkpt>
			<trkpt lat="47.1346101334" lon="9.1465214846">
				<ele>421.3</ele>
				<extensions>
					<swisstopo:routepoint_id>1272784590</swisstopo:routepoint_id>
				</extensions>
			</trkpt>
			<trkpt lat="47.1346355112" lon="9.1465562047">
				<ele>422.1</ele>
				<extensions>
					<swisstopo:routepoint_id>1360476657</swisstopo:routepoint_id>
				</extensions>
			</trkpt>
			<trkpt lat="47.1346856101" lon="9.1466014280">
				<ele>423.4</ele>
				<extensions>
					<swisstopo:routepoint_id>1190415787</swisstopo:routepoint_id>
				</extensions>
			</trkpt>
			<trkpt lat="47.1346962673" lon="9.1465853679">
				<ele>424.4</ele>
				<extensions>
					<swisstopo:routepoint_id>1947972786</swisstopo:routepoint_id>
				</extensions>
			</trkpt>
			<trkpt lat="47.1347051248" lon="9.1465578044">
				<ele>425.2</ele>
				<extensions>
					<swisstopo:routepoint_id>217841382</swisstopo:routepoint_id>
				</extensions>
			</trkpt>
			<trkpt lat="47.1347026023" lon="9.1465144015">
				<ele>426.4</ele>
				<extensions>
					<swisstopo:routepoint_id>2054094422</swisstopo:routepoint_id>
				</extensions>
			</trkpt>
			<trkpt lat="47.1346956007" lon="9.1464878738">
				<ele>427.0</ele>
				<extensions>
					<swisstopo:routepoint_id>240463547</swisstopo:routepoint_id>
				</extensions>
			</trkpt>
			<trkpt lat="47.1346991565" lon="9.1464616861">
				<ele>427.7</ele>
				<extensions>
					<swisstopo:routepoint_id>1273401707</swisstopo:routepoint_id>
				</extensions>
			</trkpt>
			<trkpt lat="47.1347171432" lon="9.1464591601">
				<ele>428.3</ele>
				<extensions>
					<swisstopo:routepoint_id>535317570</swisstopo:routepoint_id>
				</extensions>
			</trkpt>
			<trkpt lat="47.1347602559" lon="9.1464713605">
				<ele>430.0</ele>
				<extensions>
					<swisstopo:routepoint_id>901982649</swisstopo:routepoint_id>
				</extensions>
			</trkpt>
			<trkpt lat="47.1347822074" lon="9.1464859951">
				<ele>431.1</ele>
				<extensions>
					<swisstopo:routepoint_id>1269096779</swisstopo:routepoint_id>
				</extensions>
			</trkpt>
			<trkpt lat="47.1348028402" lon="9.1465191412">
				<ele>431.6</ele>
				<extensions>
					<swisstopo:routepoint_id>2146792518</swisstopo:routepoint_id>
				</extensions>
			</trkpt>
			<trkpt lat="47.1348233951" lon="9.1465569361">
				<ele>431.8</ele>
				<extensions>
					<swisstopo:routepoint_id>1004169292</swisstopo:routepoint_id>
				</extensions>
			</trkpt>
			<trkpt lat="47.1348434393" lon="9.1465697460">
				<ele>432.2</ele>
				<extensions>
					<swisstopo:routepoint_id>2142176921</swisstopo:routepoint_id>
				</extensions>
			</trkpt>
			<trkpt lat="47.1348828026" lon="9.1465751156">
				<ele>432.4</ele>
				<extensions>
					<swisstopo:routepoint_id>1022057261</swisstopo:routepoint_id>
				</extensions>
			</trkpt>
			<trkpt lat="47.1348492682" lon="9.1466873524">
				<ele>432.2</ele>
				<extensions>
					<swisstopo:routepoint_id>1968534249</swisstopo:routepoint_id>
				</extensions>
			</trkpt>
			<trkpt lat="47.1348028425" lon="9.1468079589">
				<ele>432.8</ele>
				<extensions>
					<swisstopo:routepoint_id>358393091</swisstopo:routepoint_id>
				</extensions>
			</trkpt>
			<trkpt lat="47.1347535897" lon="9.1469329314">
				<ele>433.8</ele>
				<extensions>
					<swisstopo:routepoint_id>809464348</swisstopo:routepoint_id>
				</extensions>
			</trkpt>
			<trkpt lat="47.1347480647" lon="9.1469917420">
				<ele>434.8</ele>
				<extensions>
					<swisstopo:routepoint_id>2106388849</swisstopo:routepoint_id>
				</extensions>
			</trkpt>
			<trkpt lat="47.1347570396" lon="9.1470447128">
				<ele>435.2</ele>
				<extensions>
					<swisstopo:routepoint_id>1701552843</swisstopo:routepoint_id>
				</extensions>
			</trkpt>
			<trkpt lat="47.1347581439" lon="9.1471078616">
				<ele>436.0</ele>
				<extensions>
					<swisstopo:routepoint_id>1835818356</swisstopo:routepoint_id>
				</extensions>
			</trkpt>
			<trkpt lat="47.1347627525" lon="9.1471773588">
				<ele>435.9</ele>
				<extensions>
					<swisstopo:routepoint_id>1065226364</swisstopo:routepoint_id>
				</extensions>
			</trkpt>
			<trkpt lat="47.1347814534" lon="9.1472333568">
				<ele>436.0</ele>
				<extensions>
					<swisstopo:routepoint_id>1011771330</swisstopo:routepoint_id>
				</extensions>
			</trkpt>
			<trkpt lat="47.1347983921" lon="9.1472698777">
				<ele>436.6</ele>
				<extensions>
					<swisstopo:routepoint_id>232224047</swisstopo:routepoint_id>
				</extensions>
			</trkpt>
			<trkpt lat="47.1348205058" lon="9.1473044668">
				<ele>437.5</ele>
				<extensions>
					<swisstopo:routepoint_id>1514381413</swisstopo:routepoint_id>
				</extensions>
			</trkpt>
			<trkpt lat="47.1348346675" lon="9.1473540963">
				<ele>437.8</ele>
				<extensions>
					<swisstopo:routepoint_id>901785356</swisstopo:routepoint_id>
				</extensions>
			</trkpt>
			<trkpt lat="47.1348393276" lon="9.1474201285">
				<ele>437.9</ele>
				<extensions>
					<swisstopo:routepoint_id>1920867701</swisstopo:routepoint_id>
				</extensions>
			</trkpt>
			<trkpt lat="47.1348412315" lon="9.1474645676">
				<ele>438.0</ele>
				<extensions>
					<swisstopo:routepoint_id>724971476</swisstopo:routepoint_id>
				</extensions>
			</trkpt>
			<trkpt lat="47.1348659366" lon="9.1475318319">
				<ele>438.6</ele>
				<extensions>
					<swisstopo:routepoint_id>1227432194</swisstopo:routepoint_id>
				</extensions>
			</trkpt>
			<trkpt lat="47.1348975999" lon="9.1476152196">
				<ele>440.2</ele>
				<extensions>
					<swisstopo:routepoint_id>50798979</swisstopo:routepoint_id>
				</extensions>
			</trkpt>
			<trkpt lat="47.1349409772" lon="9.1476725722">
				<ele>441.1</ele>
				<extensions>
					<swisstopo:routepoint_id>1058987045</swisstopo:routepoint_id>
				</extensions>
			</trkpt>
			<trkpt lat="47.1349853397" lon="9.1477320391">
				<ele>441.4</ele>
				<extensions>
					<swisstopo:routepoint_id>1283033396</swisstopo:routepoint_id>
				</extensions>
			</trkpt>
			<trkpt lat="47.1350164193" lon="9.1477862825">
				<ele>441.9</ele>
				<extensions>
					<swisstopo:routepoint_id>2102711604</swisstopo:routepoint_id>
				</extensions>
			</trkpt>
			<trkpt lat="47.1350464852" lon="9.1478391112">
				<ele>441.8</ele>
				<extensions>
					<swisstopo:routepoint_id>383827935</swisstopo:routepoint_id>
				</extensions>
			</trkpt>
			<trkpt lat="47.1350810602" lon="9.1478996901">
				<ele>441.8</ele>
				<extensions>
					<swisstopo:routepoint_id>48193322</swisstopo:routepoint_id>
				</extensions>
			</trkpt>
			<trkpt lat="47.1351496165" lon="9.1479591121">
				<ele>442.3</ele>
				<extensions>
					<swisstopo:routepoint_id>1174110515</swisstopo:routepoint_id>
				</extensions>
			</trkpt>
			<trkpt lat="47.1352157257" lon="9.1480094401">
				<ele>442.6</ele>
				<extensions>
					<swisstopo:routepoint_id>2049551485</swisstopo:routepoint_id>
				</extensions>
			</trkpt>
			<trkpt lat="47.1353144935" lon="9.1480779757">
				<ele>443.2</ele>
				<extensions>
					<swisstopo:routepoint_id>1718032200</swisstopo:routepoint_id>
				</extensions>
			</trkpt>
			<trkpt lat="47.1353586748" lon="9.1481024064">
				<ele>443.6</ele>
				<extensions>
					<swisstopo:routepoint_id>1383374546</swisstopo:routepoint_id>
				</extensions>
			</trkpt>
			<trkpt lat="47.1353910099" lon="9.1481369283">
				<ele>443.6</ele>
				<extensions>
					<swisstopo:routepoint_id>990963233</swisstopo:routepoint_id>
				</extensions>
			</trkpt>
			<trkpt lat="47.1354229186" lon="9.1482007445">
				<ele>443.0</ele>
				<extensions>
					<swisstopo:routepoint_id>616181181</swisstopo:routepoint_id>
				</extensions>
			</trkpt>
			<trkpt lat="47.1354591769" lon="9.1482594528">
				<ele>443.1</ele>
				<extensions>
					<swisstopo:routepoint_id>1633233305</swisstopo:routepoint_id>
				</extensions>
			</trkpt>
			<trkpt lat="47.1354881925" lon="9.1482806311">
				<ele>443.7</ele>
				<extensions>
					<swisstopo:routepoint_id>2037951444</swisstopo:routepoint_id>
				</extensions>
			</trkpt>
			<trkpt lat="47.1355100473" lon="9.1482115692">
				<ele>446.1</ele>
				<extensions>
					<swisstopo:routepoint_id>2120261445</swisstopo:routepoint_id>
				</extensions>
			</trkpt>
			<trkpt lat="47.1355812378" lon="9.1482269227">
				<ele>448.1</ele>
				<extensions>
					<swisstopo:routepoint_id>2066984931</swisstopo:routepoint_id>
				</extensions>
			</trkpt>
			<trkpt lat="47.1356356143" lon="9.1481719647">
				<ele>449.4</ele>
				<extensions>
					<swisstopo:routepoint_id>1249105708</swisstopo:routepoint_id>
				</extensions>
			</trkpt>
			<trkpt lat="47.1357491539" lon="9.1481407170">
				<ele>449.7</ele>
				<extensions>
					<swisstopo:routepoint_id>602397038</swisstopo:routepoint_id>
				</extensions>
			</trkpt>
			<trkpt lat="47.1357859867" lon="9.1481329284">
				<ele>449.6</ele>
				<extensions>
					<swisstopo:routepoint_id>1272145510</swisstopo:routepoint_id>
				</extensions>
			</trkpt>
			<trkpt lat="47.1358207889" lon="9.1481255612">
				<ele>449.8</ele>
				<extensions>
					<swisstopo:routepoint_id>550266956</swisstopo:routepoint_id>
				</extensions>
			</trkpt>
			<trkpt lat="47.1358450293" lon="9.1481011924">
				<ele>450.2</ele>
				<extensions>
					<swisstopo:routepoint_id>369297198</swisstopo:routepoint_id>
				</extensions>
			</trkpt>
			<trkpt lat="47.1358562128" lon="9.1480691028">
				<ele>450.5</ele>
				<extensions>
					<swisstopo:routepoint_id>2096907445</swisstopo:routepoint_id>
				</extensions>
			</trkpt>
			<trkpt lat="47.1358612551" lon="9.1480179881">
				<ele>451.0</ele>
				<extensions>
					<swisstopo:routepoint_id>2110554192</swisstopo:routepoint_id>
				</extensions>
			</trkpt>
			<trkpt lat="47.1358648350" lon="9.1478255407">
				<ele>453.3</ele>
				<extensions>
					<swisstopo:routepoint_id>2102249748</swisstopo:routepoint_id>
				</extensions>
			</trkpt>
			<trkpt lat="47.1358686743" lon="9.1476634526">
				<ele>455.4</ele>
				<extensions>
					<swisstopo:routepoint_id>546994244</swisstopo:routepoint_id>
				</extensions>
			</trkpt>
			<trkpt lat="47.1358699289" lon="9.1475305772">
				<ele>457.3</ele>
				<extensions>
					<swisstopo:routepoint_id>465254653</swisstopo:routepoint_id>
				</extensions>
			</trkpt>
			<trkpt lat="47.1358864747" lon="9.1474591160">
				<ele>457.8</ele>
				<extensions>
					<swisstopo:routepoint_id>830553279</swisstopo:routepoint_id>
				</extensions>
			</trkpt>
			<trkpt lat="47.1359023507" lon="9.1475508082">
				<ele>457.8</ele>
				<extensions>
					<swisstopo:routepoint_id>1462924426</swisstopo:routepoint_id>
				</extensions>
			</trkpt>
			<trkpt lat="47.1359365725" lon="9.1477199410">
				<ele>457.8</ele>
				<extensions>
					<swisstopo:routepoint_id>499424586</swisstopo:routepoint_id>
				</extensions>
			</trkpt>
			<trkpt lat="47.1359626396" lon="9.1478699057">
				<ele>457.9</ele>
				<extensions>
					<swisstopo:routepoint_id>1822458421</swisstopo:routepoint_id>
				</extensions>
			</trkpt>
			<trkpt lat="47.1359891546" lon="9.1480417832">
				<ele>458.1</ele>
				<extensions>
					<swisstopo:routepoint_id>2066200573</swisstopo:routepoint_id>
				</extensions>
			</trkpt>
			<trkpt lat="47.1360181122" lon="9.1482151650">
				<ele>458.4</ele>
				<extensions>
					<swisstopo:routepoint_id>807393817</swisstopo:routepoint_id>
				</extensions>
			</trkpt>
			<trkpt lat="47.1360393582" lon="9.1483159810">
				<ele>458.6</ele>
				<extensions>
					<swisstopo:routepoint_id>1060054247</swisstopo:routepoint_id>
				</extensions>
			</trkpt>
			<trkpt lat="47.1360576031" lon="9.1483632638">
				<ele>458.7</ele>
				<extensions>
					<swisstopo:routepoint_id>512561252</swisstopo:routepoint_id>
				</extensions>
			</trkpt>
			<trkpt lat="47.1361104841" lon="9.1485002926">
				<ele>459.1</ele>
				<extensions>
					<swisstopo:routepoint_id>859560603</swisstopo:routepoint_id>
				</extensions>
			</trkpt>
			<trkpt lat="47.1361987865" lon="9.1487123437">
				<ele>459.9</ele>
				<extensions>
					<swisstopo:routepoint_id>882963739</swisstopo:routepoint_id>
				</extensions>
			</trkpt>
			<trkpt lat="47.1362231259" lon="9.1487642250">
				<ele>460.1</ele>
				<extensions>
					<swisstopo:routepoint_id>155680255</swisstopo:routepoint_id>
				</extensions>
			</trkpt>
			<trkpt lat="47.1362600082" lon="9.1488644725">
				<ele>460.4</ele>
				<extensions>
					<swisstopo:routepoint_id>1449468089</swisstopo:routepoint_id>
				</extensions>
			</trkpt>
			<trkpt lat="47.1362895777" lon="9.1489645010">
				<ele>460.6</ele>
				<extensions>
					<swisstopo:routepoint_id>261382372</swisstopo:routepoint_id>
				</extensions>
			</trkpt>
			<trkpt lat="47.1363186796" lon="9.1490966332">
				<ele>461.1</ele>
				<extensions>
					<swisstopo:routepoint_id>1490234019</swisstopo:routepoint_id>
				</extensions>
			</trkpt>
			<trkpt lat="47.1363391221" lon="9.1491963703">
				<ele>461.4</ele>
				<extensions>
					<swisstopo:routepoint_id>279911907</swisstopo:routepoint_id>
				</extensions>
			</trkpt>
			<trkpt lat="47.1363575002" lon="9.1493121128">
				<ele>461.9</ele>
				<extensions>
					<swisstopo:routepoint_id>1213478438</swisstopo:routepoint_id>
				</extensions>
			</trkpt>
			<trkpt lat="47.1363706804" lon="9.1494089281">
				<ele>462.2</ele>
				<extensions>
					<swisstopo:routepoint_id>897550938</swisstopo:routepoint_id>
				</extensions>
			</trkpt>
			<trkpt lat="47.1363881427" lon="9.1495862152">
				<ele>462.8</ele>
				<extensions>
					<swisstopo:routepoint_id>2143448309</swisstopo:routepoint_id>
				</extensions>
			</trkpt>
			<trkpt lat="47.1364030504" lon="9.1497961060">
				<ele>463.8</ele>
				<extensions>
					<swisstopo:routepoint_id>386258049</swisstopo:routepoint_id>
				</extensions>
			</trkpt>
			<trkpt lat="47.1364139484" lon="9.1500112086">
				<ele>464.6</ele>
				<extensions>
					<swisstopo:routepoint_id>885235495</swisstopo:routepoint_id>
				</extensions>
			</trkpt>
			<trkpt lat="47.1364307795" lon="9.1503015489">
				<ele>467.1</ele>
				<extensions>
					<swisstopo:routepoint_id>1470849616</swisstopo:routepoint_id>
				</extensions>
			</trkpt>
			<trkpt lat="47.1364491833" lon="9.1505387786">
				<ele>468.4</ele>
				<extensions>
					<swisstopo:routepoint_id>1503849937</swisstopo:routepoint_id>
				</extensions>
			</trkpt>
			<trkpt lat="47.1364724544" lon="9.1507657481">
				<ele>468.9</ele>
				<extensions>
					<swisstopo:routepoint_id>1494396686</swisstopo:routepoint_id>
				</extensions>
			</trkpt>
			<trkpt lat="47.1365021232" lon="9.1510367092">
				<ele>470.2</ele>
				<extensions>
					<swisstopo:routepoint_id>423273650</swisstopo:routepoint_id>
				</extensions>
			</trkpt>
			<trkpt lat="47.1365293887" lon="9.1513022541">
				<ele>471.5</ele>
				<extensions>
					<swisstopo:routepoint_id>419248951</swisstopo:routepoint_id>
				</extensions>
			</trkpt>
			<trkpt lat="47.1365468023" lon="9.1515400594">
				<ele>472.3</ele>
				<extensions>
					<swisstopo:routepoint_id>530155822</swisstopo:routepoint_id>
				</extensions>
			</trkpt>
			<trkpt lat="47.1365524790" lon="9.1516500313">
				<ele>472.5</ele>
				<extensions>
					<swisstopo:routepoint_id>159236912</swisstopo:routepoint_id>
				</extensions>
			</trkpt>
			<trkpt lat="47.1365553693" lon="9.1517700927">
				<ele>472.9</ele>
				<extensions>
					<swisstopo:routepoint_id>1657994112</swisstopo:routepoint_id>
				</extensions>
			</trkpt>
			<trkpt lat="47.1365440231" lon="9.1518963834">
				<ele>473.7</ele>
				<extensions>
					<swisstopo:routepoint_id>1889352722</swisstopo:routepoint_id>
				</extensions>
			</trkpt>
			<trkpt lat="47.1365312049" lon="9.1520163509">
				<ele>474.7</ele>
				<extensions>
					<swisstopo:routepoint_id>84442706</swisstopo:routepoint_id>
				</extensions>
			</trkpt>
			<trkpt lat="47.1365218310" lon="9.1521165457">
				<ele>475.2</ele>
				<extensions>
					<swisstopo:routepoint_id>1206822603</swisstopo:routepoint_id>
				</extensions>
			</trkpt>
			<trkpt lat="47.1365170975" lon="9.1522210686">
				<ele>476.2</ele>
				<extensions>
					<swisstopo:routepoint_id>45686826</swisstopo:routepoint_id>
				</extensions>
			</trkpt>
			<trkpt lat="47.1365190250" lon="9.1523006746">
				<ele>476.6</ele>
				<extensions>
					<swisstopo:routepoint_id>1511175985</swisstopo:routepoint_id>
				</extensions>
			</trkpt>
			<trkpt lat="47.1365242391" lon="9.1523709584">
				<ele>477.2</ele>
				<extensions>
					<swisstopo:routepoint_id>1569651922</swisstopo:routepoint_id>
				</extensions>
			</trkpt>
			<trkpt lat="47.1365294609" lon="9.1524402010">
				<ele>477.7</ele>
				<extensions>
					<swisstopo:routepoint_id>1906213524</swisstopo:routepoint_id>
				</extensions>
			</trkpt>
			<trkpt lat="47.1365426040" lon="9.1525567935">
				<ele>478.7</ele>
				<extensions>
					<swisstopo:routepoint_id>616618957</swisstopo:routepoint_id>
				</extensions>
			</trkpt>
			<trkpt lat="47.1365681287" lon="9.1526841592">
				<ele>479.7</ele>
				<extensions>
					<swisstopo:routepoint_id>489791244</swisstopo:routepoint_id>
				</extensions>
			</trkpt>
			<trkpt lat="47.1366593109" lon="9.1530646675">
				<ele>482.8</ele>
				<extensions>
					<swisstopo:routepoint_id>1237256735</swisstopo:routepoint_id>
				</extensions>
			</trkpt>
			<trkpt lat="47.1366866536" lon="9.1531913928">
				<ele>483.7</ele>
				<extensions>
					<swisstopo:routepoint_id>797761508</swisstopo:routepoint_id>
				</extensions>
			</trkpt>
			<trkpt lat="47.1366896737" lon="9.1532616071">
				<ele>484.4</ele>
				<extensions>
					<swisstopo:routepoint_id>758764542</swisstopo:routepoint_id>
				</extensions>
			</trkpt>
			<trkpt lat="47.1366912718" lon="9.1533631817">
				<ele>485.1</ele>
				<extensions>
					<swisstopo:routepoint_id>981598628</swisstopo:routepoint_id>
				</extensions>
			</trkpt>
			<trkpt lat="47.1366827574" lon="9.1534581699">
				<ele>485.9</ele>
				<extensions>
					<swisstopo:routepoint_id>648123916</swisstopo:routepoint_id>
				</extensions>
			</trkpt>
			<trkpt lat="47.1366475195" lon="9.1536105528">
				<ele>486.9</ele>
				<extensions>
					<swisstopo:routepoint_id>879373510</swisstopo:routepoint_id>
				</extensions>
			</trkpt>
			<trkpt lat="47.1366054550" lon="9.1537350546">
				<ele>487.9</ele>
				<extensions>
					<swisstopo:routepoint_id>1087529761</swisstopo:routepoint_id>
				</extensions>
			</trkpt>
			<trkpt lat="47.1365675789" lon="9.1538248958">
				<ele>488.6</ele>
				<extensions>
					<swisstopo:routepoint_id>999634206</swisstopo:routepoint_id>
				</extensions>
			</trkpt>
			<trkpt lat="47.1365300124" lon="9.1538933082">
				<ele>489.3</ele>
				<extensions>
					<swisstopo:routepoint_id>46057818</swisstopo:routepoint_id>
				</extensions>
			</trkpt>
			<trkpt lat="47.1364906998" lon="9.1539563247">
				<ele>489.9</ele>
				<extensions>
					<swisstopo:routepoint_id>458580643</swisstopo:routepoint_id>
				</extensions>
			</trkpt>
			<trkpt lat="47.1364365747" lon="9.1540322360">
				<ele>490.9</ele>
				<extensions>
					<swisstopo:routepoint_id>569384525</swisstopo:routepoint_id>
				</extensions>
			</trkpt>
			<trkpt lat="47.1363971425" lon="9.1541032781">
				<ele>491.4</ele>
				<extensions>
					<swisstopo:routepoint_id>1572921585</swisstopo:routepoint_id>
				</extensions>
			</trkpt>
			<trkpt lat="47.1363666870" lon="9.1541853136">
				<ele>492.0</ele>
				<extensions>
					<swisstopo:routepoint_id>475409775</swisstopo:routepoint_id>
				</extensions>
			</trkpt>
			<trkpt lat="47.1363415397" lon="9.1542782387">
				<ele>492.6</ele>
				<extensions>
					<swisstopo:routepoint_id>1731482496</swisstopo:routepoint_id>
				</extensions>
			</trkpt>
			<trkpt lat="47.1363197728" lon="9.1543900074">
				<ele>493.6</ele>
				<extensions>
					<swisstopo:routepoint_id>1879901880</swisstopo:routepoint_id>
				</extensions>
			</trkpt>
			<trkpt lat="47.1363094472" lon="9.1544699980">
				<ele>494.2</ele>
				<extensions>
					<swisstopo:routepoint_id>1378017704</swisstopo:routepoint_id>
				</extensions>
			</trkpt>
			<trkpt lat="47.1363067342" lon="9.1545288343">
				<ele>494.7</ele>
				<extensions>
					<swisstopo:routepoint_id>1857776091</swisstopo:routepoint_id>
				</extensions>
			</trkpt>
			<trkpt lat="47.1363001679" lon="9.1547241016">
				<ele>496.1</ele>
				<extensions>
					<swisstopo:routepoint_id>1745619794</swisstopo:routepoint_id>
				</extensions>
			</trkpt>
			<trkpt lat="47.1362845135" lon="9.1549164009">
				<ele>497.4</ele>
				<extensions>
					<swisstopo:routepoint_id>832546057</swisstopo:routepoint_id>
				</extensions>
			</trkpt>
			<trkpt lat="47.1362753890" lon="9.1549858694">
				<ele>497.8</ele>
				<extensions>
					<swisstopo:routepoint_id>51031030</swisstopo:routepoint_id>
				</extensions>
			</trkpt>
			<trkpt lat="47.1362659579" lon="9.1550577140">
				<ele>498.2</ele>
				<extensions>
					<swisstopo:routepoint_id>176968875</swisstopo:routepoint_id>
				</extensions>
			</trkpt>
			<trkpt lat="47.1362532778" lon="9.1551724636">
				<ele>499.0</ele>
				<extensions>
					<swisstopo:routepoint_id>1398998954</swisstopo:routepoint_id>
				</extensions>
			</trkpt>
			<trkpt lat="47.1362362277" lon="9.1553352633">
				<ele>500.1</ele>
				<extensions>
					<swisstopo:routepoint_id>1280498163</swisstopo:routepoint_id>
				</extensions>
			</trkpt>
			<trkpt lat="47.1362192971" lon="9.1554900371">
				<ele>501.2</ele>
				<extensions>
					<swisstopo:routepoint_id>27802966</swisstopo:routepoint_id>
				</extensions>
			</trkpt>
			<trkpt lat="47.1362143276" lon="9.1555782289">
				<ele>501.8</ele>
				<extensions>
					<swisstopo:routepoint_id>508666639</swisstopo:routepoint_id>
				</extensions>
			</trkpt>
			<trkpt lat="47.1362186952" lon="9.1556533643">
				<ele>502.3</ele>
				<extensions>
					<swisstopo:routepoint_id>1962626137</swisstopo:routepoint_id>
				</extensions>
			</trkpt>
			<trkpt lat="47.1362295950" lon="9.1557795624">
				<ele>502.6</ele>
				<extensions>
					<swisstopo:routepoint_id>1521128575</swisstopo:routepoint_id>
				</extensions>
			</trkpt>
			<trkpt lat="47.1362334734" lon="9.1558867871">
				<ele>503.1</ele>
				<extensions>
					<swisstopo:routepoint_id>1562500813</swisstopo:routepoint_id>
				</extensions>
			</trkpt>
			<trkpt lat="47.1362280735" lon="9.1560044461">
				<ele>503.7</ele>
				<extensions>
					<swisstopo:routepoint_id>96817256</swisstopo:routepoint_id>
				</extensions>
			</trkpt>
			<trkpt lat="47.1362136072" lon="9.1561164486">
				<ele>504.2</ele>
				<extensions>
					<swisstopo:routepoint_id>1189957281</swisstopo:routepoint_id>
				</extensions>
			</trkpt>
			<trkpt lat="47.1361936942" lon="9.1562255990">
				<ele>504.7</ele>
				<extensions>
					<swisstopo:routepoint_id>1955000283</swisstopo:routepoint_id>
				</extensions>
			</trkpt>
			<trkpt lat="47.1361717752" lon="9.1563480814">
				<ele>505.2</ele>
				<extensions>
					<swisstopo:routepoint_id>415379119</swisstopo:routepoint_id>
				</extensions>
			</trkpt>
			<trkpt lat="47.1361382445" lon="9.1565130133">
				<ele>505.9</ele>
				<extensions>
					<swisstopo:routepoint_id>1552596488</swisstopo:routepoint_id>
				</extensions>
			</trkpt>
			<trkpt lat="47.1360891896" lon="9.1567390629">
				<ele>507.4</ele>
				<extensions>
					<swisstopo:routepoint_id>495341180</swisstopo:routepoint_id>
				</extensions>
			</trkpt>
			<trkpt lat="47.1360571241" lon="9.1569281569">
				<ele>508.7</ele>
				<extensions>
					<swisstopo:routepoint_id>905430146</swisstopo:routepoint_id>
				</extensions>
			</trkpt>
			<trkpt lat="47.1360394232" lon="9.1570506420">
				<ele>508.8</ele>
				<extensions>
					<swisstopo:routepoint_id>501180240</swisstopo:routepoint_id>
				</extensions>
			</trkpt>
			<trkpt lat="47.1360290940" lon="9.1571440136">
				<ele>508.8</ele>
				<extensions>
					<swisstopo:routepoint_id>530288470</swisstopo:routepoint_id>
				</extensions>
			</trkpt>
			<trkpt lat="47.1360306996" lon="9.1572165942">
				<ele>508.8</ele>
				<extensions>
					<swisstopo:routepoint_id>1994826262</swisstopo:routepoint_id>
				</extensions>
			</trkpt>
			<trkpt lat="47.1360461374" lon="9.1573226353">
				<ele>508.7</ele>
				<extensions>
					<swisstopo:routepoint_id>1456860587</swisstopo:routepoint_id>
				</extensions>
			</trkpt>
			<trkpt lat="47.1361011229" lon="9.1575216185">
				<ele>508.1</ele>
				<extensions>
					<swisstopo:routepoint_id>1329183183</swisstopo:routepoint_id>
				</extensions>
			</trkpt>
			<trkpt lat="47.1361462996" lon="9.1576918606">
				<ele>508.3</ele>
				<extensions>
					<swisstopo:routepoint_id>2008162205</swisstopo:routepoint_id>
				</extensions>
			</trkpt>
			<trkpt lat="47.1361654648" lon="9.1577778079">
				<ele>508.4</ele>
				<extensions>
					<swisstopo:routepoint_id>944618747</swisstopo:routepoint_id>
				</extensions>
			</trkpt>
			<trkpt lat="47.1361880094" lon="9.1579097463">
				<ele>508.4</ele>
				<extensions>
					<swisstopo:routepoint_id>6955955</swisstopo:routepoint_id>
				</extensions>
			</trkpt>
			<trkpt lat="47.1361967172" lon="9.1580091759">
				<ele>508.7</ele>
				<extensions>
					<swisstopo:routepoint_id>562713449</swisstopo:routepoint_id>
				</extensions>
			</trkpt>
			<trkpt lat="47.1361983969" lon="9.1581212482">
				<ele>509.0</ele>
				<extensions>
					<swisstopo:routepoint_id>1825017650</swisstopo:routepoint_id>
				</extensions>
			</trkpt>
			<trkpt lat="47.1361996409" lon="9.1582167726">
				<ele>509.9</ele>
				<extensions>
					<swisstopo:routepoint_id>693150254</swisstopo:routepoint_id>
				</extensions>
			</trkpt>
			<trkpt lat="47.1362077057" lon="9.1583134253">
				<ele>510.0</ele>
				<extensions>
					<swisstopo:routepoint_id>1669142145</swisstopo:routepoint_id>
				</extensions>
			</trkpt>
			<trkpt lat="47.1362159785" lon="9.1584033612">
				<ele>510.8</ele>
				<extensions>
					<swisstopo:routepoint_id>298960754</swisstopo:routepoint_id>
				</extensions>
			</trkpt>
			<trkpt lat="47.1362505303" lon="9.1586588718">
				<ele>511.2</ele>
				<extensions>
					<swisstopo:routepoint_id>1734155234</swisstopo:routepoint_id>
				</extensions>
			</trkpt>
			<trkpt lat="47.1362911516" lon="9.1589975761">
				<ele>511.5</ele>
				<extensions>
					<swisstopo:routepoint_id>994689526</swisstopo:routepoint_id>
				</extensions>
			</trkpt>
			<trkpt lat="47.1363024093" lon="9.1590996856">
				<ele>511.6</ele>
				<extensions>
					<swisstopo:routepoint_id>1928667392</swisstopo:routepoint_id>
				</extensions>
			</trkpt>
			<trkpt lat="47.1363064445" lon="9.1591962093">
				<ele>511.6</ele>
				<extensions>
					<swisstopo:routepoint_id>268310635</swisstopo:routepoint_id>
				</extensions>
			</trkpt>
			<trkpt lat="47.1363054837" lon="9.1592604415">
				<ele>511.7</ele>
				<extensions>
					<swisstopo:routepoint_id>1784623812</swisstopo:routepoint_id>
				</extensions>
			</trkpt>
			<trkpt lat="47.1362949943" lon="9.1593511588">
				<ele>511.7</ele>
				<extensions>
					<swisstopo:routepoint_id>1878499537</swisstopo:routepoint_id>
				</extensions>
			</trkpt>
			<trkpt lat="47.1362748390" lon="9.1594763598">
				<ele>512.1</ele>
				<extensions>
					<swisstopo:routepoint_id>1816024043</swisstopo:routepoint_id>
				</extensions>
			</trkpt>
			<trkpt lat="47.1362400794" lon="9.1597028884">
				<ele>512.6</ele>
				<extensions>
					<swisstopo:routepoint_id>1676108706</swisstopo:routepoint_id>
				</extensions>
			</trkpt>
			<trkpt lat="47.1362336882" lon="9.1597208485">
				<ele>512.6</ele>
				<extensions>
					<swisstopo:routepoint_id>453118495</swisstopo:routepoint_id>
				</extensions>
			</trkpt>
			<trkpt lat="47.1362135026" lon="9.1598091713">
				<ele>512.7</ele>
				<extensions>
					<swisstopo:routepoint_id>1103220499</swisstopo:routepoint_id>
				</extensions>
			</trkpt>
			<trkpt lat="47.1362064842" lon="9.1598648363">
				<ele>512.8</ele>
				<extensions>
					<swisstopo:routepoint_id>2063091223</swisstopo:routepoint_id>
				</extensions>
			</trkpt>
			<trkpt lat="47.1362086124" lon="9.1599169713">
				<ele>512.8</ele>
				<extensions>
					<swisstopo:routepoint_id>694569924</swisstopo:routepoint_id>
				</extensions>
			</trkpt>
			<trkpt lat="47.1362177923" lon="9.1599693491">
				<ele>512.8</ele>
				<extensions>
					<swisstopo:routepoint_id>931252180</swisstopo:routepoint_id>
				</extensions>
			</trkpt>
			<trkpt lat="47.1362214047" lon="9.1600050893">
				<ele>512.9</ele>
				<extensions>
					<swisstopo:routepoint_id>405479673</swisstopo:routepoint_id>
				</extensions>
			</trkpt>
			<trkpt lat="47.1362106142" lon="9.1600644571">
				<ele>513.3</ele>
				<extensions>
					<swisstopo:routepoint_id>207016659</swisstopo:routepoint_id>
				</extensions>
			</trkpt>
			<trkpt lat="47.1361919462" lon="9.1601235683">
				<ele>513.4</ele>
				<extensions>
					<swisstopo:routepoint_id>1338564033</swisstopo:routepoint_id>
				</extensions>
			</trkpt>
			<trkpt lat="47.1361815432" lon="9.1601840559">
				<ele>513.8</ele>
				<extensions>
					<swisstopo:routepoint_id>1135727567</swisstopo:routepoint_id>
				</extensions>
			</trkpt>
			<trkpt lat="47.1361760202" lon="9.1602507390">
				<ele>513.8</ele>
				<extensions>
					<swisstopo:routepoint_id>595490541</swisstopo:routepoint_id>
				</extensions>
			</trkpt>
			<trkpt lat="47.1361784509" lon="9.1603395925">
				<ele>513.9</ele>
				<extensions>
					<swisstopo:routepoint_id>178662321</swisstopo:routepoint_id>
				</extensions>
			</trkpt>
			<trkpt lat="47.1361902775" lon="9.1604364449">
				<ele>514.0</ele>
				<extensions>
					<swisstopo:routepoint_id>1424170369</swisstopo:routepoint_id>
				</extensions>
			</trkpt>
			<trkpt lat="47.1361967424" lon="9.1605040674">
				<ele>514.0</ele>
				<extensions>
					<swisstopo:routepoint_id>755990803</swisstopo:routepoint_id>
				</extensions>
			</trkpt>
			<trkpt lat="47.1361946732" lon="9.1605894896">
				<ele>514.0</ele>
				<extensions>
					<swisstopo:routepoint_id>1384467264</swisstopo:routepoint_id>
				</extensions>
			</trkpt>
			<trkpt lat="47.1361822250" lon="9.1606762164">
				<ele>514.2</ele>
				<extensions>
					<swisstopo:routepoint_id>1842827014</swisstopo:routepoint_id>
				</extensions>
			</trkpt>
			<trkpt lat="47.1361128412" lon="9.1610065563">
				<ele>515.7</ele>
				<extensions>
					<swisstopo:routepoint_id>1311317904</swisstopo:routepoint_id>
				</extensions>
			</trkpt>
			<trkpt lat="47.1360751078" lon="9.1612216650">
				<ele>517.3</ele>
				<extensions>
					<swisstopo:routepoint_id>701169399</swisstopo:routepoint_id>
				</extensions>
			</trkpt>
			<trkpt lat="47.1360621895" lon="9.1613136885">
				<ele>517.5</ele>
				<extensions>
					<swisstopo:routepoint_id>1743251060</swisstopo:routepoint_id>
				</extensions>
			</trkpt>
			<trkpt lat="47.1360578126" lon="9.1613854708">
				<ele>517.8</ele>
				<extensions>
					<swisstopo:routepoint_id>1352710486</swisstopo:routepoint_id>
				</extensions>
			</trkpt>
			<trkpt lat="47.1360620559" lon="9.1614337596">
				<ele>518.2</ele>
				<extensions>
					<swisstopo:routepoint_id>321941097</swisstopo:routepoint_id>
				</extensions>
			</trkpt>
			<trkpt lat="47.1360768964" lon="9.1615205564">
				<ele>518.9</ele>
				<extensions>
					<swisstopo:routepoint_id>790423977</swisstopo:routepoint_id>
				</extensions>
			</trkpt>
			<trkpt lat="47.1360842496" lon="9.1615822202">
				<ele>519.1</ele>
				<extensions>
					<swisstopo:routepoint_id>1636821321</swisstopo:routepoint_id>
				</extensions>
			</trkpt>
			<trkpt lat="47.1360868561" lon="9.1616293490">
				<ele>519.9</ele>
				<extensions>
					<swisstopo:routepoint_id>1915672735</swisstopo:routepoint_id>
				</extensions>
			</trkpt>
			<trkpt lat="47.1360854679" lon="9.1616674744">
				<ele>520.4</ele>
				<extensions>
					<swisstopo:routepoint_id>1224053164</swisstopo:routepoint_id>
				</extensions>
			</trkpt>
			<trkpt lat="47.1360782085" lon="9.1617098404">
				<ele>521.1</ele>
				<extensions>
					<swisstopo:routepoint_id>1173797158</swisstopo:routepoint_id>
				</extensions>
			</trkpt>
			<trkpt lat="47.1360614377" lon="9.1617806709">
				<ele>522.0</ele>
				<extensions>
					<swisstopo:routepoint_id>486374520</swisstopo:routepoint_id>
				</extensions>
			</trkpt>
			<trkpt lat="47.1360536039" lon="9.1618340794">
				<ele>522.7</ele>
				<extensions>
					<swisstopo:routepoint_id>1409366990</swisstopo:routepoint_id>
				</extensions>
			</trkpt>
			<trkpt lat="47.1360565618" lon="9.1618856351">
				<ele>523.8</ele>
				<extensions>
					<swisstopo:routepoint_id>619528178</swisstopo:routepoint_id>
				</extensions>
			</trkpt>
			<trkpt lat="47.1360649644" lon="9.1619329503">
				<ele>524.2</ele>
				<extensions>
					<swisstopo:routepoint_id>1254513832</swisstopo:routepoint_id>
				</extensions>
			</trkpt>
			<trkpt lat="47.1360871610" lon="9.1619973066">
				<ele>525.0</ele>
				<extensions>
					<swisstopo:routepoint_id>564704275</swisstopo:routepoint_id>
				</extensions>
			</trkpt>
			<trkpt lat="47.1361128920" lon="9.1620550396">
				<ele>526.0</ele>
				<extensions>
					<swisstopo:routepoint_id>1406688414</swisstopo:routepoint_id>
				</extensions>
			</trkpt>
			<trkpt lat="47.1361426395" lon="9.1620740072">
				<ele>526.3</ele>
				<extensions>
					<swisstopo:routepoint_id>1906331601</swisstopo:routepoint_id>
				</extensions>
			</trkpt>
			<trkpt lat="47.1362592076" lon="9.1621373044">
				<ele>528.3</ele>
				<extensions>
					<swisstopo:routepoint_id>1806953804</swisstopo:routepoint_id>
				</extensions>
			</trkpt>
			<trkpt lat="47.1363210151" lon="9.1621586885">
				<ele>529.0</ele>
				<extensions>
					<swisstopo:routepoint_id>1953759262</swisstopo:routepoint_id>
				</extensions>
			</trkpt>
			<trkpt lat="47.1363953841" lon="9.1621714608">
				<ele>530.5</ele>
				<extensions>
					<swisstopo:routepoint_id>169160149</swisstopo:routepoint_id>
				</extensions>
			</trkpt>
			<trkpt lat="47.1364285321" lon="9.1621704583">
				<ele>530.7</ele>
				<extensions>
					<swisstopo:routepoint_id>892122329</swisstopo:routepoint_id>
				</extensions>
			</trkpt>
			<trkpt lat="47.1364816513" lon="9.1621507011">
				<ele>530.3</ele>
				<extensions>
					<swisstopo:routepoint_id>180724341</swisstopo:routepoint_id>
				</extensions>
			</trkpt>
			<trkpt lat="47.1365443684" lon="9.1621125475">
				<ele>530.4</ele>
				<extensions>
					<swisstopo:routepoint_id>395340937</swisstopo:routepoint_id>
				</extensions>
			</trkpt>
			<trkpt lat="47.1365959967" lon="9.1620879043">
				<ele>531.9</ele>
				<extensions>
					<swisstopo:routepoint_id>1527040662</swisstopo:routepoint_id>
				</extensions>
			</trkpt>
			<trkpt lat="47.1366461817" lon="9.1620569664">
				<ele>533.9</ele>
				<extensions>
					<swisstopo:routepoint_id>1720939894</swisstopo:routepoint_id>
				</extensions>
			</trkpt>
			<trkpt lat="47.1366698849" lon="9.1620307287">
				<ele>534.7</ele>
				<extensions>
					<swisstopo:routepoint_id>108965134</swisstopo:routepoint_id>
				</extensions>
			</trkpt>
			<trkpt lat="47.1366995260" lon="9.1619887514">
				<ele>535.0</ele>
				<extensions>
					<swisstopo:routepoint_id>1922353807</swisstopo:routepoint_id>
				</extensions>
			</trkpt>
			<trkpt lat="47.1367304552" lon="9.1619634288">
				<ele>535.4</ele>
				<extensions>
					<swisstopo:routepoint_id>1798393955</swisstopo:routepoint_id>
				</extensions>
			</trkpt>
			<trkpt lat="47.1367807243" lon="9.1619608944">
				<ele>536.0</ele>
				<extensions>
					<swisstopo:routepoint_id>71532204</swisstopo:routepoint_id>
				</extensions>
			</trkpt>
			<trkpt lat="47.1367984064" lon="9.1619559270">
				<ele>536.6</ele>
				<extensions>
					<swisstopo:routepoint_id>1432597024</swisstopo:routepoint_id>
				</extensions>
			</trkpt>
			<trkpt lat="47.1368397208" lon="9.1619288559">
				<ele>537.0</ele>
				<extensions>
					<swisstopo:routepoint_id>1010132137</swisstopo:routepoint_id>
				</extensions>
			</trkpt>
			<trkpt lat="47.1368726293" lon="9.1619098351">
				<ele>537.8</ele>
				<extensions>
					<swisstopo:routepoint_id>2093879018</swisstopo:routepoint_id>
				</extensions>
			</trkpt>
			<trkpt lat="47.1369157867" lon="9.1618940447">
				<ele>539.0</ele>
				<extensions>
					<swisstopo:routepoint_id>26062537</swisstopo:routepoint_id>
				</extensions>
			</trkpt>
			<trkpt lat="47.1369531578" lon="9.1618938378">
				<ele>540.0</ele>
				<extensions>
					<swisstopo:routepoint_id>1796364530</swisstopo:routepoint_id>
				</extensions>
			</trkpt>
			<trkpt lat="47.1369985289" lon="9.1619162218">
				<ele>541.1</ele>
				<extensions>
					<swisstopo:routepoint_id>1196574834</swisstopo:routepoint_id>
				</extensions>
			</trkpt>
			<trkpt lat="47.1370296915" lon="9.1619339702">
				<ele>541.9</ele>
				<extensions>
					<swisstopo:routepoint_id>923104566</swisstopo:routepoint_id>
				</extensions>
			</trkpt>
			<trkpt lat="47.1370473015" lon="9.1619502394">
				<ele>542.1</ele>
				<extensions>
					<swisstopo:routepoint_id>1367738922</swisstopo:routepoint_id>
				</extensions>
			</trkpt>
			<trkpt lat="47.1370611267" lon="9.1619810366">
				<ele>542.4</ele>
				<extensions>
					<swisstopo:routepoint_id>495969047</swisstopo:routepoint_id>
				</extensions>
			</trkpt>
			<trkpt lat="47.1370697199" lon="9.1620273545">
				<ele>542.6</ele>
				<extensions>
					<swisstopo:routepoint_id>1438244297</swisstopo:routepoint_id>
				</extensions>
			</trkpt>
			<trkpt lat="47.1370754343" lon="9.1620746358">
				<ele>542.6</ele>
				<extensions>
					<swisstopo:routepoint_id>1687841360</swisstopo:routepoint_id>
				</extensions>
			</trkpt>
			<trkpt lat="47.1370980788" lon="9.1621360688">
				<ele>543.3</ele>
				<extensions>
					<swisstopo:routepoint_id>786927598</swisstopo:routepoint_id>
				</extensions>
			</trkpt>
			<trkpt lat="47.1371219823" lon="9.1622090536">
				<ele>543.8</ele>
				<extensions>
					<swisstopo:routepoint_id>2008641034</swisstopo:routepoint_id>
				</extensions>
			</trkpt>
			<trkpt lat="47.1371570986" lon="9.1622960063">
				<ele>545.1</ele>
				<extensions>
					<swisstopo:routepoint_id>380116916</swisstopo:routepoint_id>
				</extensions>
			</trkpt>
			<trkpt lat="47.1371854445" lon="9.1623586629">
				<ele>545.9</ele>
				<extensions>
					<swisstopo:routepoint_id>1135414994</swisstopo:routepoint_id>
				</extensions>
			</trkpt>
			<trkpt lat="47.1372158459" lon="9.1624266230">
				<ele>547.6</ele>
				<extensions>
					<swisstopo:routepoint_id>991970665</swisstopo:routepoint_id>
				</extensions>
			</trkpt>
			<trkpt lat="47.1372428857" lon="9.1624808683">
				<ele>548.1</ele>
				<extensions>
					<swisstopo:routepoint_id>1400708497</swisstopo:routepoint_id>
				</extensions>
			</trkpt>
			<trkpt lat="47.1372599628" lon="9.1625326938">
				<ele>548.4</ele>
				<extensions>
					<swisstopo:routepoint_id>434895434</swisstopo:routepoint_id>
				</extensions>
			</trkpt>
			<trkpt lat="47.1372650842" lon="9.1625726265">
				<ele>548.6</ele>
				<extensions>
					<swisstopo:routepoint_id>1201093662</swisstopo:routepoint_id>
				</extensions>
			</trkpt>
			<trkpt lat="47.1372692886" lon="9.1626250935">
				<ele>549.3</ele>
				<extensions>
					<swisstopo:routepoint_id>592300101</swisstopo:routepoint_id>
				</extensions>
			</trkpt>
			<trkpt lat="47.1372750272" lon="9.1626713327">
				<ele>549.5</ele>
				<extensions>
					<swisstopo:routepoint_id>1031164713</swisstopo:routepoint_id>
				</extensions>
			</trkpt>
			<trkpt lat="47.1372852467" lon="9.1627040967">
				<ele>549.4</ele>
				<extensions>
					<swisstopo:routepoint_id>2006483422</swisstopo:routepoint_id>
				</extensions>
			</trkpt>
			<trkpt lat="47.1373094859" lon="9.1627540703">
				<ele>549.4</ele>
				<extensions>
					<swisstopo:routepoint_id>74483368</swisstopo:routepoint_id>
				</extensions>
			</trkpt>
			<trkpt lat="47.1373365655" lon="9.1628062215">
				<ele>549.7</ele>
				<extensions>
					<swisstopo:routepoint_id>1478339994</swisstopo:routepoint_id>
				</extensions>
			</trkpt>
			<trkpt lat="47.1373757017" lon="9.1628629523">
				<ele>550.1</ele>
				<extensions>
					<swisstopo:routepoint_id>1298135581</swisstopo:routepoint_id>
				</extensions>
			</trkpt>
			<trkpt lat="47.1374213602" lon="9.1629136160">
				<ele>549.4</ele>
				<extensions>
					<swisstopo:routepoint_id>1245865633</swisstopo:routepoint_id>
				</extensions>
			</trkpt>
			<trkpt lat="47.1374720787" lon="9.1629602486">
				<ele>551.1</ele>
				<extensions>
					<swisstopo:routepoint_id>1934943222</swisstopo:routepoint_id>
				</extensions>
			</trkpt>
			<trkpt lat="47.1375415567" lon="9.1630197114">
				<ele>551.6</ele>
				<extensions>
					<swisstopo:routepoint_id>2113355565</swisstopo:routepoint_id>
				</extensions>
			</trkpt>
			<trkpt lat="47.1375876759" lon="9.1630648406">
				<ele>552.1</ele>
				<extensions>
					<swisstopo:routepoint_id>1926817354</swisstopo:routepoint_id>
				</extensions>
			</trkpt>
			<trkpt lat="47.1376313663" lon="9.1631301556">
				<ele>552.5</ele>
				<extensions>
					<swisstopo:routepoint_id>2040268829</swisstopo:routepoint_id>
				</extensions>
			</trkpt>
			<trkpt lat="47.1376630825" lon="9.1631584458">
				<ele>553.1</ele>
				<extensions>
					<swisstopo:routepoint_id>945898389</swisstopo:routepoint_id>
				</extensions>
			</trkpt>
			<trkpt lat="47.1376940206" lon="9.1632069878">
				<ele>554.0</ele>
				<extensions>
					<swisstopo:routepoint_id>450584473</swisstopo:routepoint_id>
				</extensions>
			</trkpt>
			<trkpt lat="47.1377526432" lon="9.1632696585">
				<ele>555.0</ele>
				<extensions>
					<swisstopo:routepoint_id>770626790</swisstopo:routepoint_id>
				</extensions>
			</trkpt>
			<trkpt lat="47.1377892221" lon="9.1633129259">
				<ele>555.7</ele>
				<extensions>
					<swisstopo:routepoint_id>295712964</swisstopo:routepoint_id>
				</extensions>
			</trkpt>
			<trkpt lat="47.1378375599" lon="9.1633518888">
				<ele>556.8</ele>
				<extensions>
					<swisstopo:routepoint_id>515965650</swisstopo:routepoint_id>
				</extensions>
			</trkpt>
			<trkpt lat="47.1378707875" lon="9.1634059512">
				<ele>557.3</ele>
				<extensions>
					<swisstopo:routepoint_id>1328616108</swisstopo:routepoint_id>
				</extensions>
			</trkpt>
			<trkpt lat="47.1379016707" lon="9.1634739671">
				<ele>558.7</ele>
				<extensions>
					<swisstopo:routepoint_id>1899682751</swisstopo:routepoint_id>
				</extensions>
			</trkpt>
			<trkpt lat="47.1379134267" lon="9.1635413666">
				<ele>559.3</ele>
				<extensions>
					<swisstopo:routepoint_id>251315079</swisstopo:routepoint_id>
				</extensions>
			</trkpt>
			<trkpt lat="47.1379347139" lon="9.1636106410">
				<ele>559.9</ele>
				<extensions>
					<swisstopo:routepoint_id>524012718</swisstopo:routepoint_id>
				</extensions>
			</trkpt>
			<trkpt lat="47.1379624648" lon="9.1636754336">
				<ele>560.9</ele>
				<extensions>
					<swisstopo:routepoint_id>426921335</swisstopo:routepoint_id>
				</extensions>
			</trkpt>
			<trkpt lat="47.1379883614" lon="9.1637830155">
				<ele>562.3</ele>
				<extensions>
					<swisstopo:routepoint_id>447998131</swisstopo:routepoint_id>
				</extensions>
			</trkpt>
			<trkpt lat="47.1380070350" lon="9.1638756606">
				<ele>563.1</ele>
				<extensions>
					<swisstopo:routepoint_id>726775789</swisstopo:routepoint_id>
				</extensions>
			</trkpt>
			<trkpt lat="47.1379883614" lon="9.1637830155">
				<ele>562.3</ele>
				<extensions>
					<swisstopo:routepoint_id>2099484178</swisstopo:routepoint_id>
				</extensions>
			</trkpt>
			<trkpt lat="47.1379624648" lon="9.1636754336">
				<ele>560.9</ele>
				<extensions>
					<swisstopo:routepoint_id>488346195</swisstopo:routepoint_id>
				</extensions>
			</trkpt>
			<trkpt lat="47.1379347139" lon="9.1636106410">
				<ele>559.9</ele>
				<extensions>
					<swisstopo:routepoint_id>2078515192</swisstopo:routepoint_id>
				</extensions>
			</trkpt>
			<trkpt lat="47.1379134267" lon="9.1635413666">
				<ele>559.3</ele>
				<extensions>
					<swisstopo:routepoint_id>1195313890</swisstopo:routepoint_id>
				</extensions>
			</trkpt>
			<trkpt lat="47.1379016707" lon="9.1634739671">
				<ele>558.7</ele>
				<extensions>
					<swisstopo:routepoint_id>1664444416</swisstopo:routepoint_id>
				</extensions>
			</trkpt>
			<trkpt lat="47.1378707875" lon="9.1634059512">
				<ele>557.3</ele>
				<extensions>
					<swisstopo:routepoint_id>1214071909</swisstopo:routepoint_id>
				</extensions>
			</trkpt>
			<trkpt lat="47.1378375599" lon="9.1633518888">
				<ele>556.8</ele>
				<extensions>
					<swisstopo:routepoint_id>138578351</swisstopo:routepoint_id>
				</extensions>
			</trkpt>
			<trkpt lat="47.1377892221" lon="9.1633129259">
				<ele>555.7</ele>
				<extensions>
					<swisstopo:routepoint_id>1935260659</swisstopo:routepoint_id>
				</extensions>
			</trkpt>
			<trkpt lat="47.1377526432" lon="9.1632696585">
				<ele>555.0</ele>
				<extensions>
					<swisstopo:routepoint_id>332453158</swisstopo:routepoint_id>
				</extensions>
			</trkpt>
			<trkpt lat="47.1376940206" lon="9.1632069878">
				<ele>554.0</ele>
				<extensions>
					<swisstopo:routepoint_id>1173233016</swisstopo:routepoint_id>
				</extensions>
			</trkpt>
			<trkpt lat="47.1376630825" lon="9.1631584458">
				<ele>553.1</ele>
				<extensions>
					<swisstopo:routepoint_id>1630966532</swisstopo:routepoint_id>
				</extensions>
			</trkpt>
			<trkpt lat="47.1376456647" lon="9.1632342791">
				<ele>550.6</ele>
				<extensions>
					<swisstopo:routepoint_id>1495681981</swisstopo:routepoint_id>
				</extensions>
			</trkpt>
			<trkpt lat="47.1376366434" lon="9.1632692980">
				<ele>549.0</ele>
				<extensions>
					<swisstopo:routepoint_id>2038071033</swisstopo:routepoint_id>
				</extensions>
			</trkpt>
			<trkpt lat="47.1376331132" lon="9.1633148850">
				<ele>547.8</ele>
				<extensions>
					<swisstopo:routepoint_id>1414442468</swisstopo:routepoint_id>
				</extensions>
			</trkpt>
			<trkpt lat="47.1376297631" lon="9.1633490436">
				<ele>546.7</ele>
				<extensions>
					<swisstopo:routepoint_id>1267721765</swisstopo:routepoint_id>
				</extensions>
			</trkpt>
			<trkpt lat="47.1376250699" lon="9.1633790227">
				<ele>546.1</ele>
				<extensions>
					<swisstopo:routepoint_id>819995852</swisstopo:routepoint_id>
				</extensions>
			</trkpt>
			<trkpt lat="47.1376114514" lon="9.1633889718">
				<ele>545.6</ele>
				<extensions>
					<swisstopo:routepoint_id>126544226</swisstopo:routepoint_id>
				</extensions>
			</trkpt>
			<trkpt lat="47.1376022477" lon="9.1633886752">
				<ele>545.3</ele>
				<extensions>
					<swisstopo:routepoint_id>1566506578</swisstopo:routepoint_id>
				</extensions>
			</trkpt>
			<trkpt lat="47.1375811199" lon="9.1633796765">
				<ele>544.6</ele>
				<extensions>
					<swisstopo:routepoint_id>1596618949</swisstopo:routepoint_id>
				</extensions>
			</trkpt>
			<trkpt lat="47.1375493813" lon="9.1633693059">
				<ele>543.2</ele>
				<extensions>
					<swisstopo:routepoint_id>1155419989</swisstopo:routepoint_id>
				</extensions>
			</trkpt>
			<trkpt lat="47.1375249629" lon="9.1633435974">
				<ele>542.2</ele>
				<extensions>
					<swisstopo:routepoint_id>800184329</swisstopo:routepoint_id>
				</extensions>
			</trkpt>
			<trkpt lat="47.1374995268" lon="9.1632908420">
				<ele>541.7</ele>
				<extensions>
					<swisstopo:routepoint_id>379278375</swisstopo:routepoint_id>
				</extensions>
			</trkpt>
			<trkpt lat="47.1374718875" lon="9.1632432112">
				<ele>540.7</ele>
				<extensions>
					<swisstopo:routepoint_id>707502602</swisstopo:routepoint_id>
				</extensions>
			</trkpt>
			<trkpt lat="47.1373969855" lon="9.1631815971">
				<ele>536.5</ele>
				<extensions>
					<swisstopo:routepoint_id>1528336967</swisstopo:routepoint_id>
				</extensions>
			</trkpt>
			<trkpt lat="47.1373703244" lon="9.1631630817">
				<ele>535.5</ele>
				<extensions>
					<swisstopo:routepoint_id>1322543231</swisstopo:routepoint_id>
				</extensions>
			</trkpt>
			<trkpt lat="47.1373562368" lon="9.1631574324">
				<ele>535.8</ele>
				<extensions>
					<swisstopo:routepoint_id>1837840176</swisstopo:routepoint_id>
				</extensions>
			</trkpt>
			<trkpt lat="47.1373476888" lon="9.1631602827">
				<ele>534.6</ele>
				<extensions>
					<swisstopo:routepoint_id>1910062676</swisstopo:routepoint_id>
				</extensions>
			</trkpt>
			<trkpt lat="47.1373338458" lon="9.1631857982">
				<ele>533.2</ele>
				<extensions>
					<swisstopo:routepoint_id>122137023</swisstopo:routepoint_id>
				</extensions>
			</trkpt>
			<trkpt lat="47.1373210576" lon="9.1632065995">
				<ele>531.9</ele>
				<extensions>
					<swisstopo:routepoint_id>316501406</swisstopo:routepoint_id>
				</extensions>
			</trkpt>
			<trkpt lat="47.1373079876" lon="9.1632198014">
				<ele>530.9</ele>
				<extensions>
					<swisstopo:routepoint_id>419881464</swisstopo:routepoint_id>
				</extensions>
			</trkpt>
			<trkpt lat="47.1372959030" lon="9.1632141779">
				<ele>529.8</ele>
				<extensions>
					<swisstopo:routepoint_id>2042606858</swisstopo:routepoint_id>
				</extensions>
			</trkpt>
			<trkpt lat="47.1372824987" lon="9.1632022091">
				<ele>529.2</ele>
				<extensions>
					<swisstopo:routepoint_id>106812129</swisstopo:routepoint_id>
				</extensions>
			</trkpt>
			<trkpt lat="47.1372714416" lon="9.1631766931">
				<ele>528.8</ele>
				<extensions>
					<swisstopo:routepoint_id>1384045319</swisstopo:routepoint_id>
				</extensions>
			</trkpt>
			<trkpt lat="47.1372622671" lon="9.1631680120">
				<ele>528.2</ele>
				<extensions>
					<swisstopo:routepoint_id>1335567509</swisstopo:routepoint_id>
				</extensions>
			</trkpt>
			<trkpt lat="47.1372548357" lon="9.1631866425">
				<ele>527.4</ele>
				<extensions>
					<swisstopo:routepoint_id>2140024495</swisstopo:routepoint_id>
				</extensions>
			</trkpt>
			<trkpt lat="47.1372545216" lon="9.1632075946">
				<ele>527.2</ele>
				<extensions>
					<swisstopo:routepoint_id>1632429560</swisstopo:routepoint_id>
				</extensions>
			</trkpt>
			<trkpt lat="47.1372496774" lon="9.1632441321">
				<ele>526.2</ele>
				<extensions>
					<swisstopo:routepoint_id>1184426629</swisstopo:routepoint_id>
				</extensions>
			</trkpt>
			<trkpt lat="47.1372472361" lon="9.1632639791">
				<ele>526.0</ele>
				<extensions>
					<swisstopo:routepoint_id>1589313145</swisstopo:routepoint_id>
				</extensions>
			</trkpt>
			<trkpt lat="47.1372323602" lon="9.1632540585">
				<ele>525.3</ele>
				<extensions>
					<swisstopo:routepoint_id>36765462</swisstopo:routepoint_id>
				</extensions>
			</trkpt>
			<trkpt lat="47.1372186040" lon="9.1632169219">
				<ele>524.3</ele>
				<extensions>
					<swisstopo:routepoint_id>1068058105</swisstopo:routepoint_id>
				</extensions>
			</trkpt>
			<trkpt lat="47.1372054196" lon="9.1631902974">
				<ele>523.5</ele>
				<extensions>
					<swisstopo:routepoint_id>1361997754</swisstopo:routepoint_id>
				</extensions>
			</trkpt>
			<trkpt lat="47.1371914750" lon="9.1631657314">
				<ele>522.9</ele>
				<extensions>
					<swisstopo:routepoint_id>1457334027</swisstopo:routepoint_id>
				</extensions>
			</trkpt>
			<trkpt lat="47.1371781381" lon="9.1631967484">
				<ele>521.3</ele>
				<extensions>
					<swisstopo:routepoint_id>1853053203</swisstopo:routepoint_id>
				</extensions>
			</trkpt>
			<trkpt lat="47.1371626025" lon="9.1632308457">
				<ele>520.2</ele>
				<extensions>
					<swisstopo:routepoint_id>1067910626</swisstopo:routepoint_id>
				</extensions>
			</trkpt>
			<trkpt lat="47.1371378828" lon="9.1633055351">
				<ele>518.0</ele>
				<extensions>
					<swisstopo:routepoint_id>104837538</swisstopo:routepoint_id>
				</extensions>
			</trkpt>
			<trkpt lat="47.1371176914" lon="9.1633635832">
				<ele>516.5</ele>
				<extensions>
					<swisstopo:routepoint_id>1917498181</swisstopo:routepoint_id>
				</extensions>
			</trkpt>
			<trkpt lat="47.1371066454" lon="9.1633842057">
				<ele>515.6</ele>
				<extensions>
					<swisstopo:routepoint_id>1443184257</swisstopo:routepoint_id>
				</extensions>
			</trkpt>
			<trkpt lat="47.1370979171" lon="9.1633944056">
				<ele>514.8</ele>
				<extensions>
					<swisstopo:routepoint_id>2031679251</swisstopo:routepoint_id>
				</extensions>
			</trkpt>
			<trkpt lat="47.1370786841" lon="9.1633885389">
				<ele>513.4</ele>
				<extensions>
					<swisstopo:routepoint_id>395451067</swisstopo:routepoint_id>
				</extensions>
			</trkpt>
			<trkpt lat="47.1370661011" lon="9.1633692670">
				<ele>512.3</ele>
				<extensions>
					<swisstopo:routepoint_id>3090085</swisstopo:routepoint_id>
				</extensions>
			</trkpt>
			<trkpt lat="47.1370532919" lon="9.1633164424">
				<ele>511.2</ele>
				<extensions>
					<swisstopo:routepoint_id>1786396856</swisstopo:routepoint_id>
				</extensions>
			</trkpt>
			<trkpt lat="47.1370433475" lon="9.1632647531">
				<ele>510.2</ele>
				<extensions>
					<swisstopo:routepoint_id>923267433</swisstopo:routepoint_id>
				</extensions>
			</trkpt>
			<trkpt lat="47.1370340788" lon="9.1632623589">
				<ele>509.7</ele>
				<extensions>
					<swisstopo:routepoint_id>143544202</swisstopo:routepoint_id>
				</extensions>
			</trkpt>
			<trkpt lat="47.1370244645" lon="9.1632830112">
				<ele>508.9</ele>
				<extensions>
					<swisstopo:routepoint_id>1351848666</swisstopo:routepoint_id>
				</extensions>
			</trkpt>
			<trkpt lat="47.1370117690" lon="9.1633192989">
				<ele>507.7</ele>
				<extensions>
					<swisstopo:routepoint_id>1181598925</swisstopo:routepoint_id>
				</extensions>
			</trkpt>
			<trkpt lat="47.1369938208" lon="9.1633556428">
				<ele>506.4</ele>
				<extensions>
					<swisstopo:routepoint_id>1349818914</swisstopo:routepoint_id>
				</extensions>
			</trkpt>
			<trkpt lat="47.1369903661" lon="9.1633626325">
				<ele>506.2</ele>
				<extensions>
					<swisstopo:routepoint_id>1557763013</swisstopo:routepoint_id>
				</extensions>
			</trkpt>
			<trkpt lat="47.1369770920" lon="9.1633894600">
				<ele>505.0</ele>
				<extensions>
					<swisstopo:routepoint_id>1939817160</swisstopo:routepoint_id>
				</extensions>
			</trkpt>
			<trkpt lat="47.1369619491" lon="9.1633973576">
				<ele>503.5</ele>
				<extensions>
					<swisstopo:routepoint_id>1456090675</swisstopo:routepoint_id>
				</extensions>
			</trkpt>
			<trkpt lat="47.1369420604" lon="9.1633883313">
				<ele>502.4</ele>
				<extensions>
					<swisstopo:routepoint_id>1666759849</swisstopo:routepoint_id>
				</extensions>
			</trkpt>
			<trkpt lat="47.1369224144" lon="9.1633625387">
				<ele>501.2</ele>
				<extensions>
					<swisstopo:routepoint_id>1033273013</swisstopo:routepoint_id>
				</extensions>
			</trkpt>
			<trkpt lat="47.1369043954" lon="9.1633231692">
				<ele>501.1</ele>
				<extensions>
					<swisstopo:routepoint_id>57814951</swisstopo:routepoint_id>
				</extensions>
			</trkpt>
			<trkpt lat="47.1368891693" lon="9.1632891368">
				<ele>500.3</ele>
				<extensions>
					<swisstopo:routepoint_id>2018052867</swisstopo:routepoint_id>
				</extensions>
			</trkpt>
			<trkpt lat="47.1368842747" lon="9.1633454371">
				<ele>499.7</ele>
				<extensions>
					<swisstopo:routepoint_id>318786355</swisstopo:routepoint_id>
				</extensions>
			</trkpt>
			<trkpt lat="47.1368988012" lon="9.1634243681">
				<ele>499.0</ele>
				<extensions>
					<swisstopo:routepoint_id>1779132569</swisstopo:routepoint_id>
				</extensions>
			</trkpt>
			<trkpt lat="47.1369259743" lon="9.1635282838">
				<ele>497.9</ele>
				<extensions>
					<swisstopo:routepoint_id>710652448</swisstopo:routepoint_id>
				</extensions>
			</trkpt>
			<trkpt lat="47.1369444371" lon="9.1636183410">
				<ele>497.1</ele>
				<extensions>
					<swisstopo:routepoint_id>1975543245</swisstopo:routepoint_id>
				</extensions>
			</trkpt>
			<trkpt lat="47.1369578367" lon="9.1636763124">
				<ele>496.8</ele>
				<extensions>
					<swisstopo:routepoint_id>1805424644</swisstopo:routepoint_id>
				</extensions>
			</trkpt>
			<trkpt lat="47.1369665079" lon="9.1637173861">
				<ele>496.8</ele>
				<extensions>
					<swisstopo:routepoint_id>1038264417</swisstopo:routepoint_id>
				</extensions>
			</trkpt>
			<trkpt lat="47.1369676729" lon="9.1637352088">
				<ele>496.6</ele>
				<extensions>
					<swisstopo:routepoint_id>1641180355</swisstopo:routepoint_id>
				</extensions>
			</trkpt>
			<trkpt lat="47.1369708062" lon="9.1637635532">
				<ele>496.2</ele>
				<extensions>
					<swisstopo:routepoint_id>1420935285</swisstopo:routepoint_id>
				</extensions>
			</trkpt>
			<trkpt lat="47.1369690856" lon="9.1637833814">
				<ele>496.5</ele>
				<extensions>
					<swisstopo:routepoint_id>1237951003</swisstopo:routepoint_id>
				</extensions>
			</trkpt>
			<trkpt lat="47.1369637122" lon="9.1638083102">
				<ele>496.4</ele>
				<extensions>
					<swisstopo:routepoint_id>1117833337</swisstopo:routepoint_id>
				</extensions>
			</trkpt>
			<trkpt lat="47.1369532950" lon="9.1638362178">
				<ele>496.4</ele>
				<extensions>
					<swisstopo:routepoint_id>576323501</swisstopo:routepoint_id>
				</extensions>
			</trkpt>
			<trkpt lat="47.1367225524" lon="9.1639731177">
				<ele>495.6</ele>
				<extensions>
					<swisstopo:routepoint_id>533359497</swisstopo:routepoint_id>
				</extensions>
			</trkpt>
			<trkpt lat="47.1366914809" lon="9.1639791948">
				<ele>497.4</ele>
				<extensions>
					<swisstopo:routepoint_id>491191795</swisstopo:routepoint_id>
				</extensions>
			</trkpt>
			<trkpt lat="47.1366467841" lon="9.1639657829">
				<ele>498.8</ele>
				<extensions>
					<swisstopo:routepoint_id>1535351621</swisstopo:routepoint_id>
				</extensions>
			</trkpt>
			<trkpt lat="47.1365987532" lon="9.1639702221">
				<ele>499.5</ele>
				<extensions>
					<swisstopo:routepoint_id>241710414</swisstopo:routepoint_id>
				</extensions>
			</trkpt>
			<trkpt lat="47.1365668601" lon="9.1639871401">
				<ele>499.5</ele>
				<extensions>
					<swisstopo:routepoint_id>1642027373</swisstopo:routepoint_id>
				</extensions>
			</trkpt>
			<trkpt lat="47.1365419585" lon="9.1640147481">
				<ele>499.6</ele>
				<extensions>
					<swisstopo:routepoint_id>1160150298</swisstopo:routepoint_id>
				</extensions>
			</trkpt>
			<trkpt lat="47.1365251932" lon="9.1640441121">
				<ele>500.2</ele>
				<extensions>
					<swisstopo:routepoint_id>340967842</swisstopo:routepoint_id>
				</extensions>
			</trkpt>
			<trkpt lat="47.1365032548" lon="9.1640874018">
				<ele>500.7</ele>
				<extensions>
					<swisstopo:routepoint_id>1577124509</swisstopo:routepoint_id>
				</extensions>
			</trkpt>
			<trkpt lat="47.1364976505" lon="9.1641095706">
				<ele>500.8</ele>
				<extensions>
					<swisstopo:routepoint_id>1673283482</swisstopo:routepoint_id>
				</extensions>
			</trkpt>
			<trkpt lat="47.1364174025" lon="9.1641396308">
				<ele>501.4</ele>
				<extensions>
					<swisstopo:routepoint_id>808264851</swisstopo:routepoint_id>
				</extensions>
			</trkpt>
			<trkpt lat="47.1364059859" lon="9.1641392628">
				<ele>502.1</ele>
				<extensions>
					<swisstopo:routepoint_id>1882530186</swisstopo:routepoint_id>
				</extensions>
			</trkpt>
			<trkpt lat="47.1363902907" lon="9.1641377011">
				<ele>501.9</ele>
				<extensions>
					<swisstopo:routepoint_id>49560225</swisstopo:routepoint_id>
				</extensions>
			</trkpt>
			<trkpt lat="47.1363741002" lon="9.1641310761">
				<ele>502.4</ele>
				<extensions>
					<swisstopo:routepoint_id>855827633</swisstopo:routepoint_id>
				</extensions>
			</trkpt>
			<trkpt lat="47.1363622700" lon="9.1641178638">
				<ele>502.6</ele>
				<extensions>
					<swisstopo:routepoint_id>47071447</swisstopo:routepoint_id>
				</extensions>
			</trkpt>
			<trkpt lat="47.1363505654" lon="9.1640968659">
				<ele>503.1</ele>
				<extensions>
					<swisstopo:routepoint_id>1538902845</swisstopo:routepoint_id>
				</extensions>
			</trkpt>
			<trkpt lat="47.1363346988" lon="9.1640780162">
				<ele>503.7</ele>
				<extensions>
					<swisstopo:routepoint_id>1877846051</swisstopo:routepoint_id>
				</extensions>
			</trkpt>
			<trkpt lat="47.1363125381" lon="9.1640658295">
				<ele>504.1</ele>
				<extensions>
					<swisstopo:routepoint_id>699030963</swisstopo:routepoint_id>
				</extensions>
			</trkpt>
			<trkpt lat="47.1362820951" lon="9.1640587033">
				<ele>504.8</ele>
				<extensions>
					<swisstopo:routepoint_id>1182326722</swisstopo:routepoint_id>
				</extensions>
			</trkpt>
			<trkpt lat="47.1362433983" lon="9.1640529753">
				<ele>505.6</ele>
				<extensions>
					<swisstopo:routepoint_id>568533175</swisstopo:routepoint_id>
				</extensions>
			</trkpt>
			<trkpt lat="47.1362270857" lon="9.1640498132">
				<ele>506.2</ele>
				<extensions>
					<swisstopo:routepoint_id>483016405</swisstopo:routepoint_id>
				</extensions>
			</trkpt>
			<trkpt lat="47.1361711238" lon="9.1640323718">
				<ele>508.3</ele>
				<extensions>
					<swisstopo:routepoint_id>2096019799</swisstopo:routepoint_id>
				</extensions>
			</trkpt>
			<trkpt lat="47.1361370575" lon="9.1640260527">
				<ele>509.2</ele>
				<extensions>
					<swisstopo:routepoint_id>907186436</swisstopo:routepoint_id>
				</extensions>
			</trkpt>
			<trkpt lat="47.1361044294" lon="9.1640187499">
				<ele>510.6</ele>
				<extensions>
					<swisstopo:routepoint_id>1138385137</swisstopo:routepoint_id>
				</extensions>
			</trkpt>
			<trkpt lat="47.1360744904" lon="9.1640219534">
				<ele>511.5</ele>
				<extensions>
					<swisstopo:routepoint_id>495444308</swisstopo:routepoint_id>
				</extensions>
			</trkpt>
			<trkpt lat="47.1360488193" lon="9.1640253042">
				<ele>511.2</ele>
				<extensions>
					<swisstopo:routepoint_id>1924548946</swisstopo:routepoint_id>
				</extensions>
			</trkpt>
			<trkpt lat="47.1360110213" lon="9.1640303355">
				<ele>510.8</ele>
				<extensions>
					<swisstopo:routepoint_id>2048573950</swisstopo:routepoint_id>
				</extensions>
			</trkpt>
			<trkpt lat="47.1359656468" lon="9.1640478585">
				<ele>510.7</ele>
				<extensions>
					<swisstopo:routepoint_id>2015743625</swisstopo:routepoint_id>
				</extensions>
			</trkpt>
			<trkpt lat="47.1359362972" lon="9.1640563134">
				<ele>511.0</ele>
				<extensions>
					<swisstopo:routepoint_id>939252725</swisstopo:routepoint_id>
				</extensions>
			</trkpt>
			<trkpt lat="47.1358804490" lon="9.1640733022">
				<ele>511.6</ele>
				<extensions>
					<swisstopo:routepoint_id>1955496459</swisstopo:routepoint_id>
				</extensions>
			</trkpt>
			<trkpt lat="47.1358157540" lon="9.1640628703">
				<ele>511.7</ele>
				<extensions>
					<swisstopo:routepoint_id>1934729898</swisstopo:routepoint_id>
				</extensions>
			</trkpt>
			<trkpt lat="47.1357738469" lon="9.1640531616">
				<ele>511.6</ele>
				<extensions>
					<swisstopo:routepoint_id>2053302163</swisstopo:routepoint_id>
				</extensions>
			</trkpt>
			<trkpt lat="47.1357149317" lon="9.1640376821">
				<ele>512.6</ele>
				<extensions>
					<swisstopo:routepoint_id>1708066116</swisstopo:routepoint_id>
				</extensions>
			</trkpt>
			<trkpt lat="47.1356863394" lon="9.1640430358">
				<ele>513.2</ele>
				<extensions>
					<swisstopo:routepoint_id>1638536971</swisstopo:routepoint_id>
				</extensions>
			</trkpt>
			<trkpt lat="47.1356520392" lon="9.1640492358">
				<ele>512.5</ele>
				<extensions>
					<swisstopo:routepoint_id>1376470065</swisstopo:routepoint_id>
				</extensions>
			</trkpt>
			<trkpt lat="47.1356263135" lon="9.1640536277">
				<ele>512.7</ele>
				<extensions>
					<swisstopo:routepoint_id>948414357</swisstopo:routepoint_id>
				</extensions>
			</trkpt>
			<trkpt lat="47.1355757441" lon="9.1640299917">
				<ele>513.5</ele>
				<extensions>
					<swisstopo:routepoint_id>2051582427</swisstopo:routepoint_id>
				</extensions>
			</trkpt>
			<trkpt lat="47.1355379117" lon="9.1639939517">
				<ele>513.4</ele>
				<extensions>
					<swisstopo:routepoint_id>1440253452</swisstopo:routepoint_id>
				</extensions>
			</trkpt>
			<trkpt lat="47.1354859475" lon="9.1639253380">
				<ele>513.8</ele>
				<extensions>
					<swisstopo:routepoint_id>565226419</swisstopo:routepoint_id>
				</extensions>
			</trkpt>
			<trkpt lat="47.1354156385" lon="9.1638614879">
				<ele>515.5</ele>
				<extensions>
					<swisstopo:routepoint_id>868252312</swisstopo:routepoint_id>
				</extensions>
			</trkpt>
			<trkpt lat="47.1353702942" lon="9.1638386016">
				<ele>516.3</ele>
				<extensions>
					<swisstopo:routepoint_id>1305382352</swisstopo:routepoint_id>
				</extensions>
			</trkpt>
			<trkpt lat="47.1353338148" lon="9.1638347350">
				<ele>516.8</ele>
				<extensions>
					<swisstopo:routepoint_id>1995383472</swisstopo:routepoint_id>
				</extensions>
			</trkpt>
			<trkpt lat="47.1352406672" lon="9.1638317333">
				<ele>517.6</ele>
				<extensions>
					<swisstopo:routepoint_id>460996543</swisstopo:routepoint_id>
				</extensions>
			</trkpt>
			<trkpt lat="47.1351602671" lon="9.1638318333">
				<ele>518.4</ele>
				<extensions>
					<swisstopo:routepoint_id>790687797</swisstopo:routepoint_id>
				</extensions>
			</trkpt>
			<trkpt lat="47.1351244535" lon="9.1638453524">
				<ele>518.9</ele>
				<extensions>
					<swisstopo:routepoint_id>2045951023</swisstopo:routepoint_id>
				</extensions>
			</trkpt>
			<trkpt lat="47.1351082462" lon="9.1638581868">
				<ele>519.0</ele>
				<extensions>
					<swisstopo:routepoint_id>1063961135</swisstopo:routepoint_id>
				</extensions>
			</trkpt>
			<trkpt lat="47.1350878342" lon="9.1638838193">
				<ele>519.0</ele>
				<extensions>
					<swisstopo:routepoint_id>2138730603</swisstopo:routepoint_id>
				</extensions>
			</trkpt>
			<trkpt lat="47.1350272375" lon="9.1639834527">
				<ele>519.7</ele>
				<extensions>
					<swisstopo:routepoint_id>1436297669</swisstopo:routepoint_id>
				</extensions>
			</trkpt>
			<trkpt lat="47.1349855809" lon="9.1640458184">
				<ele>520.2</ele>
				<extensions>
					<swisstopo:routepoint_id>1717995712</swisstopo:routepoint_id>
				</extensions>
			</trkpt>
			<trkpt lat="47.1349666231" lon="9.1640848655">
				<ele>520.4</ele>
				<extensions>
					<swisstopo:routepoint_id>1578867492</swisstopo:routepoint_id>
				</extensions>
			</trkpt>
			<trkpt lat="47.1349539582" lon="9.1641272411">
				<ele>520.7</ele>
				<extensions>
					<swisstopo:routepoint_id>705018513</swisstopo:routepoint_id>
				</extensions>
			</trkpt>
			<trkpt lat="47.1349472024" lon="9.1641751601">
				<ele>520.7</ele>
				<extensions>
					<swisstopo:routepoint_id>1444134301</swisstopo:routepoint_id>
				</extensions>
			</trkpt>
			<trkpt lat="47.1349397136" lon="9.1642065618">
				<ele>520.6</ele>
				<extensions>
					<swisstopo:routepoint_id>940879766</swisstopo:routepoint_id>
				</extensions>
			</trkpt>
			<trkpt lat="47.1349320196" lon="9.1642504430">
				<ele>520.5</ele>
				<extensions>
					<swisstopo:routepoint_id>857669490</swisstopo:routepoint_id>
				</extensions>
			</trkpt>
			<trkpt lat="47.1349302830" lon="9.1642762410">
				<ele>520.5</ele>
				<extensions>
					<swisstopo:routepoint_id>1171858761</swisstopo:routepoint_id>
				</extensions>
			</trkpt>
			<trkpt lat="47.1349345603" lon="9.1643017856">
				<ele>520.5</ele>
				<extensions>
					<swisstopo:routepoint_id>1431640307</swisstopo:routepoint_id>
				</extensions>
			</trkpt>
			<trkpt lat="47.1349523571" lon="9.1643371408">
				<ele>520.5</ele>
				<extensions>
					<swisstopo:routepoint_id>1765782600</swisstopo:routepoint_id>
				</extensions>
			</trkpt>
			<trkpt lat="47.1349821968" lon="9.1643697845">
				<ele>520.8</ele>
				<extensions>
					<swisstopo:routepoint_id>1109942806</swisstopo:routepoint_id>
				</extensions>
			</trkpt>
			<trkpt lat="47.1350316955" lon="9.1644258067">
				<ele>521.7</ele>
				<extensions>
					<swisstopo:routepoint_id>1715548604</swisstopo:routepoint_id>
				</extensions>
			</trkpt>
			<trkpt lat="47.1350560533" lon="9.1644676215">
				<ele>522.2</ele>
				<extensions>
					<swisstopo:routepoint_id>1646714899</swisstopo:routepoint_id>
				</extensions>
			</trkpt>
			<trkpt lat="47.1350834266" lon="9.1645309327">
				<ele>523.5</ele>
				<extensions>
					<swisstopo:routepoint_id>87239279</swisstopo:routepoint_id>
				</extensions>
			</trkpt>
			<trkpt lat="47.1350868934" lon="9.1645649167">
				<ele>523.8</ele>
				<extensions>
					<swisstopo:routepoint_id>165343671</swisstopo:routepoint_id>
				</extensions>
			</trkpt>
			<trkpt lat="47.1350787127" lon="9.1646190393">
				<ele>524.7</ele>
				<extensions>
					<swisstopo:routepoint_id>1020150817</swisstopo:routepoint_id>
				</extensions>
			</trkpt>
			<trkpt lat="47.1350677650" lon="9.1646578973">
				<ele>525.3</ele>
				<extensions>
					<swisstopo:routepoint_id>1224510974</swisstopo:routepoint_id>
				</extensions>
			</trkpt>
			<trkpt lat="47.1350546506" lon="9.1646864395">
				<ele>526.1</ele>
				<extensions>
					<swisstopo:routepoint_id>676120693</swisstopo:routepoint_id>
				</extensions>
			</trkpt>
			<trkpt lat="47.1350190467" lon="9.1647189660">
				<ele>526.7</ele>
				<extensions>
					<swisstopo:routepoint_id>1910121328</swisstopo:routepoint_id>
				</extensions>
			</trkpt>
			<trkpt lat="47.1349878729" lon="9.1647332682">
				<ele>527.1</ele>
				<extensions>
					<swisstopo:routepoint_id>1037248461</swisstopo:routepoint_id>
				</extensions>
			</trkpt>
			<trkpt lat="47.1349594595" lon="9.1647590767">
				<ele>527.7</ele>
				<extensions>
					<swisstopo:routepoint_id>1956524475</swisstopo:routepoint_id>
				</extensions>
			</trkpt>
			<trkpt lat="47.1349408512" lon="9.1647754049">
				<ele>528.0</ele>
				<extensions>
					<swisstopo:routepoint_id>198292596</swisstopo:routepoint_id>
				</extensions>
			</trkpt>
			<trkpt lat="47.1349190785" lon="9.1647813740">
				<ele>528.3</ele>
				<extensions>
					<swisstopo:routepoint_id>874278021</swisstopo:routepoint_id>
				</extensions>
			</trkpt>
			<trkpt lat="47.1349006556" lon="9.1647865562">
				<ele>528.5</ele>
				<extensions>
					<swisstopo:routepoint_id>2105370520</swisstopo:routepoint_id>
				</extensions>
			</trkpt>
			<trkpt lat="47.1348737802" lon="9.1647985973">
				<ele>528.5</ele>
				<extensions>
					<swisstopo:routepoint_id>936447048</swisstopo:routepoint_id>
				</extensions>
			</trkpt>
			<trkpt lat="47.1348532049" lon="9.1648135166">
				<ele>528.8</ele>
				<extensions>
					<swisstopo:routepoint_id>1540489040</swisstopo:routepoint_id>
				</extensions>
			</trkpt>
			<trkpt lat="47.1348263058" lon="9.1648487359">
				<ele>529.3</ele>
				<extensions>
					<swisstopo:routepoint_id>1679925507</swisstopo:routepoint_id>
				</extensions>
			</trkpt>
			<trkpt lat="47.1348052346" lon="9.1648738976">
				<ele>529.5</ele>
				<extensions>
					<swisstopo:routepoint_id>662731607</swisstopo:routepoint_id>
				</extensions>
			</trkpt>
			<trkpt lat="47.1347890383" lon="9.1648853865">
				<ele>529.4</ele>
				<extensions>
					<swisstopo:routepoint_id>1836395413</swisstopo:routepoint_id>
				</extensions>
			</trkpt>
			<trkpt lat="47.1347627973" lon="9.1649001245">
				<ele>529.3</ele>
				<extensions>
					<swisstopo:routepoint_id>1620017497</swisstopo:routepoint_id>
				</extensions>
			</trkpt>
			<trkpt lat="47.1347404265" lon="9.1649225694">
				<ele>529.2</ele>
				<extensions>
					<swisstopo:routepoint_id>1636870681</swisstopo:routepoint_id>
				</extensions>
			</trkpt>
			<trkpt lat="47.1347263206" lon="9.1649506320">
				<ele>529.3</ele>
				<extensions>
					<swisstopo:routepoint_id>871510403</swisstopo:routepoint_id>
				</extensions>
			</trkpt>
			<trkpt lat="47.1347148076" lon="9.1649827858">
				<ele>529.5</ele>
				<extensions>
					<swisstopo:routepoint_id>1047280745</swisstopo:routepoint_id>
				</extensions>
			</trkpt>
			<trkpt lat="47.1347013514" lon="9.1650413006">
				<ele>530.0</ele>
				<extensions>
					<swisstopo:routepoint_id>2013384132</swisstopo:routepoint_id>
				</extensions>
			</trkpt>
			<trkpt lat="47.1346764006" lon="9.1650929697">
				<ele>530.0</ele>
				<extensions>
					<swisstopo:routepoint_id>346640628</swisstopo:routepoint_id>
				</extensions>
			</trkpt>
			<trkpt lat="47.1346721521" lon="9.1651302633">
				<ele>530.1</ele>
				<extensions>
					<swisstopo:routepoint_id>1801622304</swisstopo:routepoint_id>
				</extensions>
			</trkpt>
			<trkpt lat="47.1346661168" lon="9.1651750942">
				<ele>530.0</ele>
				<extensions>
					<swisstopo:routepoint_id>25278509</swisstopo:routepoint_id>
				</extensions>
			</trkpt>
			<trkpt lat="47.1346591573" lon="9.1652149766">
				<ele>529.7</ele>
				<extensions>
					<swisstopo:routepoint_id>2031594887</swisstopo:routepoint_id>
				</extensions>
			</trkpt>
			<trkpt lat="47.1346243928" lon="9.1653480062">
				<ele>529.5</ele>
				<extensions>
					<swisstopo:routepoint_id>1126185814</swisstopo:routepoint_id>
				</extensions>
			</trkpt>
			<trkpt lat="47.1346017374" lon="9.1654319606">
				<ele>529.2</ele>
				<extensions>
					<swisstopo:routepoint_id>1410810563</swisstopo:routepoint_id>
				</extensions>
			</trkpt>
			<trkpt lat="47.1345968365" lon="9.1654683493">
				<ele>529.4</ele>
				<extensions>
					<swisstopo:routepoint_id>811188017</swisstopo:routepoint_id>
				</extensions>
			</trkpt>
			<trkpt lat="47.1345945909" lon="9.1655052729">
				<ele>530.1</ele>
				<extensions>
					<swisstopo:routepoint_id>407516900</swisstopo:routepoint_id>
				</extensions>
			</trkpt>
			<trkpt lat="47.1345960946" lon="9.1655369627">
				<ele>530.4</ele>
				<extensions>
					<swisstopo:routepoint_id>1694040918</swisstopo:routepoint_id>
				</extensions>
			</trkpt>
			<trkpt lat="47.1346062960" lon="9.1655676168">
				<ele>531.4</ele>
				<extensions>
					<swisstopo:routepoint_id>1884243940</swisstopo:routepoint_id>
				</extensions>
			</trkpt>
			<trkpt lat="47.1346245453" lon="9.1655949702">
				<ele>532.1</ele>
				<extensions>
					<swisstopo:routepoint_id>2024422423</swisstopo:routepoint_id>
				</extensions>
			</trkpt>
			<trkpt lat="47.1346295615" lon="9.1656156331">
				<ele>532.2</ele>
				<extensions>
					<swisstopo:routepoint_id>998028899</swisstopo:routepoint_id>
				</extensions>
			</trkpt>
			<trkpt lat="47.1346300533" lon="9.1656482012">
				<ele>532.4</ele>
				<extensions>
					<swisstopo:routepoint_id>396283978</swisstopo:routepoint_id>
				</extensions>
			</trkpt>
			<trkpt lat="47.1346243642" lon="9.1656921338">
				<ele>532.7</ele>
				<extensions>
					<swisstopo:routepoint_id>1571633554</swisstopo:routepoint_id>
				</extensions>
			</trkpt>
			<trkpt lat="47.1346241905" lon="9.1657246805">
				<ele>533.1</ele>
				<extensions>
					<swisstopo:routepoint_id>42003110</swisstopo:routepoint_id>
				</extensions>
			</trkpt>
			<trkpt lat="47.1346333475" lon="9.1657793618">
				<ele>533.3</ele>
				<extensions>
					<swisstopo:routepoint_id>741214651</swisstopo:routepoint_id>
				</extensions>
			</trkpt>
			<trkpt lat="47.1346348803" lon="9.1658306717">
				<ele>532.8</ele>
				<extensions>
					<swisstopo:routepoint_id>1929035630</swisstopo:routepoint_id>
				</extensions>
			</trkpt>
			<trkpt lat="47.1346335816" lon="9.1658925977">
				<ele>532.7</ele>
				<extensions>
					<swisstopo:routepoint_id>828723775</swisstopo:routepoint_id>
				</extensions>
			</trkpt>
			<trkpt lat="47.1346205127" lon="9.1659822123">
				<ele>532.6</ele>
				<extensions>
					<swisstopo:routepoint_id>1197028353</swisstopo:routepoint_id>
				</extensions>
			</trkpt>
			<trkpt lat="47.1346093733" lon="9.1660763459">
				<ele>532.8</ele>
				<extensions>
					<swisstopo:routepoint_id>954920112</swisstopo:routepoint_id>
				</extensions>
			</trkpt>
			<trkpt lat="47.1346048920" lon="9.1661069474">
				<ele>532.9</ele>
				<extensions>
					<swisstopo:routepoint_id>1738027458</swisstopo:routepoint_id>
				</extensions>
			</trkpt>
			<trkpt lat="47.1345886469" lon="9.1661648039">
				<ele>533.0</ele>
				<extensions>
					<swisstopo:routepoint_id>2028758011</swisstopo:routepoint_id>
				</extensions>
			</trkpt>
			<trkpt lat="47.1345569321" lon="9.1662636395">
				<ele>533.3</ele>
				<extensions>
					<swisstopo:routepoint_id>784520192</swisstopo:routepoint_id>
				</extensions>
			</trkpt>
			<trkpt lat="47.1345048593" lon="9.1664557569">
				<ele>532.8</ele>
				<extensions>
					<swisstopo:routepoint_id>1406829266</swisstopo:routepoint_id>
				</extensions>
			</trkpt>
			<trkpt lat="47.1344697497" lon="9.1665589519">
				<ele>532.0</ele>
				<extensions>
					<swisstopo:routepoint_id>1009491738</swisstopo:routepoint_id>
				</extensions>
			</trkpt>
			<trkpt lat="47.1344549985" lon="9.1666065990">
				<ele>531.9</ele>
				<extensions>
					<swisstopo:routepoint_id>2131060972</swisstopo:routepoint_id>
				</extensions>
			</trkpt>
			<trkpt lat="47.1344524354" lon="9.1666430635">
				<ele>531.8</ele>
				<extensions>
					<swisstopo:routepoint_id>645253525</swisstopo:routepoint_id>
				</extensions>
			</trkpt>
			<trkpt lat="47.1344570317" lon="9.1667114280">
				<ele>531.6</ele>
				<extensions>
					<swisstopo:routepoint_id>311293831</swisstopo:routepoint_id>
				</extensions>
			</trkpt>
			<trkpt lat="47.1344785755" lon="9.1668057460">
				<ele>531.4</ele>
				<extensions>
					<swisstopo:routepoint_id>472012607</swisstopo:routepoint_id>
				</extensions>
			</trkpt>
			<trkpt lat="47.1344951392" lon="9.1668776216">
				<ele>531.1</ele>
				<extensions>
					<swisstopo:routepoint_id>1842133858</swisstopo:routepoint_id>
				</extensions>
			</trkpt>
			<trkpt lat="47.1345040833" lon="9.1669242669">
				<ele>531.1</ele>
				<extensions>
					<swisstopo:routepoint_id>812491412</swisstopo:routepoint_id>
				</extensions>
			</trkpt>
			<trkpt lat="47.1345087529" lon="9.1669667792">
				<ele>531.3</ele>
				<extensions>
					<swisstopo:routepoint_id>1082542628</swisstopo:routepoint_id>
				</extensions>
			</trkpt>
			<trkpt lat="47.1345078558" lon="9.1670246959">
				<ele>531.3</ele>
				<extensions>
					<swisstopo:routepoint_id>798007849</swisstopo:routepoint_id>
				</extensions>
			</trkpt>
			<trkpt lat="47.1345006030" lon="9.1670828555">
				<ele>531.1</ele>
				<extensions>
					<swisstopo:routepoint_id>101754923</swisstopo:routepoint_id>
				</extensions>
			</trkpt>
			<trkpt lat="47.1344936383" lon="9.1671445841">
				<ele>531.0</ele>
				<extensions>
					<swisstopo:routepoint_id>1398355613</swisstopo:routepoint_id>
				</extensions>
			</trkpt>
			<trkpt lat="47.1344940027" lon="9.1671855996">
				<ele>531.0</ele>
				<extensions>
					<swisstopo:routepoint_id>280417533</swisstopo:routepoint_id>
				</extensions>
			</trkpt>
			<trkpt lat="47.1345011401" lon="9.1672411124">
				<ele>530.9</ele>
				<extensions>
					<swisstopo:routepoint_id>1619286052</swisstopo:routepoint_id>
				</extensions>
			</trkpt>
			<trkpt lat="47.1345110618" lon="9.1672891472">
				<ele>530.8</ele>
				<extensions>
					<swisstopo:routepoint_id>137963595</swisstopo:routepoint_id>
				</extensions>
			</trkpt>
			<trkpt lat="47.1345108611" lon="9.1673234597">
				<ele>530.4</ele>
				<extensions>
					<swisstopo:routepoint_id>1981131190</swisstopo:routepoint_id>
				</extensions>
			</trkpt>
			<trkpt lat="47.1345043362" lon="9.1673571199">
				<ele>530.1</ele>
				<extensions>
					<swisstopo:routepoint_id>1313626050</swisstopo:routepoint_id>
				</extensions>
			</trkpt>
			<trkpt lat="47.1345061854" lon="9.1673879388">
				<ele>529.8</ele>
				<extensions>
					<swisstopo:routepoint_id>1307453222</swisstopo:routepoint_id>
				</extensions>
			</trkpt>
			<trkpt lat="47.1345508258" lon="9.1675414233">
				<ele>530.5</ele>
				<extensions>
					<swisstopo:routepoint_id>1355367793</swisstopo:routepoint_id>
				</extensions>
			</trkpt>
			<trkpt lat="47.1345769402" lon="9.1676416907">
				<ele>531.0</ele>
				<extensions>
					<swisstopo:routepoint_id>1517514795</swisstopo:routepoint_id>
				</extensions>
			</trkpt>
			<trkpt lat="47.1345902228" lon="9.1677312860">
				<ele>531.0</ele>
				<extensions>
					<swisstopo:routepoint_id>998382058</swisstopo:routepoint_id>
				</extensions>
			</trkpt>
			<trkpt lat="47.1345971189" lon="9.1678237870">
				<ele>531.3</ele>
				<extensions>
					<swisstopo:routepoint_id>323581066</swisstopo:routepoint_id>
				</extensions>
			</trkpt>
			<trkpt lat="47.1346009731" lon="9.1679402643">
				<ele>532.1</ele>
				<extensions>
					<swisstopo:routepoint_id>364428330</swisstopo:routepoint_id>
				</extensions>
			</trkpt>
			<trkpt lat="47.1345984271" lon="9.1680814931">
				<ele>532.8</ele>
				<extensions>
					<swisstopo:routepoint_id>1440919707</swisstopo:routepoint_id>
				</extensions>
			</trkpt>
			<trkpt lat="47.1345907026" lon="9.1681703836">
				<ele>532.8</ele>
				<extensions>
					<swisstopo:routepoint_id>1871707109</swisstopo:routepoint_id>
				</extensions>
			</trkpt>
			<trkpt lat="47.1345859506" lon="9.1682183666">
				<ele>532.7</ele>
				<extensions>
					<swisstopo:routepoint_id>1383000370</swisstopo:routepoint_id>
				</extensions>
			</trkpt>
			<trkpt lat="47.1345795882" lon="9.1682627377">
				<ele>532.4</ele>
				<extensions>
					<swisstopo:routepoint_id>1798361864</swisstopo:routepoint_id>
				</extensions>
			</trkpt>
			<trkpt lat="47.1345594095" lon="9.1683374084">
				<ele>531.8</ele>
				<extensions>
					<swisstopo:routepoint_id>774923496</swisstopo:routepoint_id>
				</extensions>
			</trkpt>
			<trkpt lat="47.1345298874" lon="9.1684554442">
				<ele>531.4</ele>
				<extensions>
					<swisstopo:routepoint_id>1848284993</swisstopo:routepoint_id>
				</extensions>
			</trkpt>
			<trkpt lat="47.1344998244" lon="9.1685645497">
				<ele>531.2</ele>
				<extensions>
					<swisstopo:routepoint_id>1244876181</swisstopo:routepoint_id>
				</extensions>
			</trkpt>
			<trkpt lat="47.1344822224" lon="9.1686455529">
				<ele>531.4</ele>
				<extensions>
					<swisstopo:routepoint_id>940612364</swisstopo:routepoint_id>
				</extensions>
			</trkpt>
			<trkpt lat="47.1344698417" lon="9.1686832955">
				<ele>530.7</ele>
				<extensions>
					<swisstopo:routepoint_id>441128944</swisstopo:routepoint_id>
				</extensions>
			</trkpt>
			<trkpt lat="47.1344637991" lon="9.1687201483">
				<ele>530.0</ele>
				<extensions>
					<swisstopo:routepoint_id>1351866372</swisstopo:routepoint_id>
				</extensions>
			</trkpt>
			<trkpt lat="47.1344623873" lon="9.1687535911">
				<ele>529.5</ele>
				<extensions>
					<swisstopo:routepoint_id>1815353843</swisstopo:routepoint_id>
				</extensions>
			</trkpt>
			<trkpt lat="47.1344660057" lon="9.1687965706">
				<ele>528.9</ele>
				<extensions>
					<swisstopo:routepoint_id>476574158</swisstopo:routepoint_id>
				</extensions>
			</trkpt>
			<trkpt lat="47.1344828284" lon="9.1688529240">
				<ele>528.1</ele>
				<extensions>
					<swisstopo:routepoint_id>1416266158</swisstopo:routepoint_id>
				</extensions>
			</trkpt>
			<trkpt lat="47.1344995740" lon="9.1688940865">
				<ele>527.6</ele>
				<extensions>
					<swisstopo:routepoint_id>1359718555</swisstopo:routepoint_id>
				</extensions>
			</trkpt>
			<trkpt lat="47.1345148128" lon="9.1689343167">
				<ele>527.0</ele>
				<extensions>
					<swisstopo:routepoint_id>374967379</swisstopo:routepoint_id>
				</extensions>
			</trkpt>
			<trkpt lat="47.1345207839" lon="9.1689626324">
				<ele>526.6</ele>
				<extensions>
					<swisstopo:routepoint_id>1077405669</swisstopo:routepoint_id>
				</extensions>
			</trkpt>
			<trkpt lat="47.1345223983" lon="9.1689970695">
				<ele>526.2</ele>
				<extensions>
					<swisstopo:routepoint_id>498635009</swisstopo:routepoint_id>
				</extensions>
			</trkpt>
			<trkpt lat="47.1345216024" lon="9.1690296358">
				<ele>525.9</ele>
				<extensions>
					<swisstopo:routepoint_id>1256039917</swisstopo:routepoint_id>
				</extensions>
			</trkpt>
			<trkpt lat="47.1345210617" lon="9.1690631857">
				<ele>525.4</ele>
				<extensions>
					<swisstopo:routepoint_id>52972825</swisstopo:routepoint_id>
				</extensions>
			</trkpt>
			<trkpt lat="47.1345115547" lon="9.1691377530">
				<ele>523.9</ele>
				<extensions>
					<swisstopo:routepoint_id>72067219</swisstopo:routepoint_id>
				</extensions>
			</trkpt>
			<trkpt lat="47.1345091670" lon="9.1691840322">
				<ele>523.5</ele>
				<extensions>
					<swisstopo:routepoint_id>785298183</swisstopo:routepoint_id>
				</extensions>
			</trkpt>
			<trkpt lat="47.1345046600" lon="9.1692378245">
				<ele>523.2</ele>
				<extensions>
					<swisstopo:routepoint_id>618341088</swisstopo:routepoint_id>
				</extensions>
			</trkpt>
			<trkpt lat="47.1345266621" lon="9.1693027436">
				<ele>524.2</ele>
				<extensions>
					<swisstopo:routepoint_id>594693118</swisstopo:routepoint_id>
				</extensions>
			</trkpt>
			<trkpt lat="47.1345547608" lon="9.1693995822">
				<ele>525.5</ele>
				<extensions>
					<swisstopo:routepoint_id>1634381985</swisstopo:routepoint_id>
				</extensions>
			</trkpt>
			<trkpt lat="47.1345733998" lon="9.1694302847">
				<ele>526.4</ele>
				<extensions>
					<swisstopo:routepoint_id>1019982677</swisstopo:routepoint_id>
				</extensions>
			</trkpt>
			<trkpt lat="47.1345986245" lon="9.1694681884">
				<ele>527.2</ele>
				<extensions>
					<swisstopo:routepoint_id>1471368726</swisstopo:routepoint_id>
				</extensions>
			</trkpt>
			<trkpt lat="47.1346231844" lon="9.1695179759">
				<ele>528.2</ele>
				<extensions>
					<swisstopo:routepoint_id>1418369718</swisstopo:routepoint_id>
				</extensions>
			</trkpt>
			<trkpt lat="47.1346579200" lon="9.1695904926">
				<ele>529.8</ele>
				<extensions>
					<swisstopo:routepoint_id>1401244960</swisstopo:routepoint_id>
				</extensions>
			</trkpt>
			<trkpt lat="47.1346926468" lon="9.1696629963">
				<ele>531.1</ele>
				<extensions>
					<swisstopo:routepoint_id>141911590</swisstopo:routepoint_id>
				</extensions>
			</trkpt>
			<trkpt lat="47.1347160849" lon="9.1697239414">
				<ele>532.4</ele>
				<extensions>
					<swisstopo:routepoint_id>743903832</swisstopo:routepoint_id>
				</extensions>
			</trkpt>
			<trkpt lat="47.1347488419" lon="9.1698005874">
				<ele>534.1</ele>
				<extensions>
					<swisstopo:routepoint_id>1897986910</swisstopo:routepoint_id>
				</extensions>
			</trkpt>
			<trkpt lat="47.1347705314" lon="9.1698509814">
				<ele>535.2</ele>
				<extensions>
					<swisstopo:routepoint_id>389054454</swisstopo:routepoint_id>
				</extensions>
			</trkpt>
			<trkpt lat="47.1347881541" lon="9.1698858441">
				<ele>536.1</ele>
				<extensions>
					<swisstopo:routepoint_id>1724705380</swisstopo:routepoint_id>
				</extensions>
			</trkpt>
			<trkpt lat="47.1348530078" lon="9.1700106498">
				<ele>539.3</ele>
				<extensions>
					<swisstopo:routepoint_id>1503737268</swisstopo:routepoint_id>
				</extensions>
			</trkpt>
			<trkpt lat="47.1348752357" lon="9.1700521749">
				<ele>540.2</ele>
				<extensions>
					<swisstopo:routepoint_id>191749224</swisstopo:routepoint_id>
				</extensions>
			</trkpt>
			<trkpt lat="47.1348827557" lon="9.1700743966">
				<ele>540.8</ele>
				<extensions>
					<swisstopo:routepoint_id>1147286691</swisstopo:routepoint_id>
				</extensions>
			</trkpt>
			<trkpt lat="47.1348962164" lon="9.1701287305">
				<ele>542.2</ele>
				<extensions>
					<swisstopo:routepoint_id>2079832130</swisstopo:routepoint_id>
				</extensions>
			</trkpt>
			<trkpt lat="47.1349098885" lon="9.1701935263">
				<ele>543.2</ele>
				<extensions>
					<swisstopo:routepoint_id>680132552</swisstopo:routepoint_id>
				</extensions>
			</trkpt>
			<trkpt lat="47.1349236562" lon="9.1702274605">
				<ele>543.8</ele>
				<extensions>
					<swisstopo:routepoint_id>448907609</swisstopo:routepoint_id>
				</extensions>
			</trkpt>
			<trkpt lat="47.1349396361" lon="9.1702572865">
				<ele>544.3</ele>
				<extensions>
					<swisstopo:routepoint_id>1845710132</swisstopo:routepoint_id>
				</extensions>
			</trkpt>
			<trkpt lat="47.1349846940" lon="9.1703236255">
				<ele>545.7</ele>
				<extensions>
					<swisstopo:routepoint_id>928509662</swisstopo:routepoint_id>
				</extensions>
			</trkpt>
			<trkpt lat="47.1350162783" lon="9.1703843073">
				<ele>546.9</ele>
				<extensions>
					<swisstopo:routepoint_id>1639129454</swisstopo:routepoint_id>
				</extensions>
			</trkpt>
			<trkpt lat="47.1350638651" lon="9.1704727068">
				<ele>548.9</ele>
				<extensions>
					<swisstopo:routepoint_id>1402024734</swisstopo:routepoint_id>
				</extensions>
			</trkpt>
			<trkpt lat="47.1351085408" lon="9.1705411296">
				<ele>550.6</ele>
				<extensions>
					<swisstopo:routepoint_id>980614716</swisstopo:routepoint_id>
				</extensions>
			</trkpt>
			<trkpt lat="47.1351423560" lon="9.1705948992">
				<ele>552.0</ele>
				<extensions>
					<swisstopo:routepoint_id>1845048688</swisstopo:routepoint_id>
				</extensions>
			</trkpt>
			<trkpt lat="47.1351451555" lon="9.1705993507">
				<ele>552.1</ele>
				<extensions>
					<swisstopo:routepoint_id>940136981</swisstopo:routepoint_id>
				</extensions>
			</trkpt>
			<trkpt lat="47.1351636275" lon="9.1706297721">
				<ele>552.8</ele>
				<extensions>
					<swisstopo:routepoint_id>695014202</swisstopo:routepoint_id>
				</extensions>
			</trkpt>
			<trkpt lat="47.1351911530" lon="9.1706672101">
				<ele>553.8</ele>
				<extensions>
					<swisstopo:routepoint_id>2075844252</swisstopo:routepoint_id>
				</extensions>
			</trkpt>
			<trkpt lat="47.1352228565" lon="9.1707121937">
				<ele>554.7</ele>
				<extensions>
					<swisstopo:routepoint_id>1200552431</swisstopo:routepoint_id>
				</extensions>
			</trkpt>
			<trkpt lat="47.1352420978" lon="9.1707309583">
				<ele>555.3</ele>
				<extensions>
					<swisstopo:routepoint_id>2115228467</swisstopo:routepoint_id>
				</extensions>
			</trkpt>
			<trkpt lat="47.1352594956" lon="9.1707454836">
				<ele>555.7</ele>
				<extensions>
					<swisstopo:routepoint_id>944369571</swisstopo:routepoint_id>
				</extensions>
			</trkpt>
			<trkpt lat="47.1352673582" lon="9.1707610849">
				<ele>555.6</ele>
				<extensions>
					<swisstopo:routepoint_id>2071770347</swisstopo:routepoint_id>
				</extensions>
			</trkpt>
			<trkpt lat="47.1352753170" lon="9.1707828335">
				<ele>556.1</ele>
				<extensions>
					<swisstopo:routepoint_id>94547640</swisstopo:routepoint_id>
				</extensions>
			</trkpt>
			<trkpt lat="47.1352768071" lon="9.1708481986">
				<ele>556.5</ele>
				<extensions>
					<swisstopo:routepoint_id>1531494826</swisstopo:routepoint_id>
				</extensions>
			</trkpt>
			<trkpt lat="47.1352656488" lon="9.1708781881">
				<ele>557.4</ele>
				<extensions>
					<swisstopo:routepoint_id>753952818</swisstopo:routepoint_id>
				</extensions>
			</trkpt>
			<trkpt lat="47.1352468208" lon="9.1709000982">
				<ele>557.7</ele>
				<extensions>
					<swisstopo:routepoint_id>177649564</swisstopo:routepoint_id>
				</extensions>
			</trkpt>
			<trkpt lat="47.1351848562" lon="9.1709533367">
				<ele>559.1</ele>
				<extensions>
					<swisstopo:routepoint_id>1625029730</swisstopo:routepoint_id>
				</extensions>
			</trkpt>
			<trkpt lat="47.1351553384" lon="9.1709974204">
				<ele>560.0</ele>
				<extensions>
					<swisstopo:routepoint_id>1982752947</swisstopo:routepoint_id>
				</extensions>
			</trkpt>
			<trkpt lat="47.1351323987" lon="9.1710563644">
				<ele>560.8</ele>
				<extensions>
					<swisstopo:routepoint_id>933884289</swisstopo:routepoint_id>
				</extensions>
			</trkpt>
			<trkpt lat="47.1351374502" lon="9.1711570477">
				<ele>561.9</ele>
				<extensions>
					<swisstopo:routepoint_id>943404870</swisstopo:routepoint_id>
				</extensions>
			</trkpt>
			<trkpt lat="47.1351858787" lon="9.1713950151">
				<ele>564.1</ele>
				<extensions>
					<swisstopo:routepoint_id>1716177561</swisstopo:routepoint_id>
				</extensions>
			</trkpt>
			<trkpt lat="47.1351894128" lon="9.1714990637">
				<ele>565.2</ele>
				<extensions>
					<swisstopo:routepoint_id>1096651445</swisstopo:routepoint_id>
				</extensions>
			</trkpt>
			<trkpt lat="47.1351927612" lon="9.1716697811">
				<ele>567.2</ele>
				<extensions>
					<swisstopo:routepoint_id>1221704516</swisstopo:routepoint_id>
				</extensions>
			</trkpt>
			<trkpt lat="47.1351972200" lon="9.1717763384">
				<ele>568.4</ele>
				<extensions>
					<swisstopo:routepoint_id>377003538</swisstopo:routepoint_id>
				</extensions>
			</trkpt>
			<trkpt lat="47.1352262890" lon="9.1719316584">
				<ele>569.8</ele>
				<extensions>
					<swisstopo:routepoint_id>256463181</swisstopo:routepoint_id>
				</extensions>
			</trkpt>
			<trkpt lat="47.1352359255" lon="9.1720235771">
				<ele>570.6</ele>
				<extensions>
					<swisstopo:routepoint_id>1347638870</swisstopo:routepoint_id>
				</extensions>
			</trkpt>
			<trkpt lat="47.1352313859" lon="9.1721636224">
				<ele>572.4</ele>
				<extensions>
					<swisstopo:routepoint_id>841210953</swisstopo:routepoint_id>
				</extensions>
			</trkpt>
			<trkpt lat="47.1352297740" lon="9.1722180490">
				<ele>572.2</ele>
				<extensions>
					<swisstopo:routepoint_id>602628315</swisstopo:routepoint_id>
				</extensions>
			</trkpt>
			<trkpt lat="47.1352340122" lon="9.1722735484">
				<ele>572.8</ele>
				<extensions>
					<swisstopo:routepoint_id>1769822016</swisstopo:routepoint_id>
				</extensions>
			</trkpt>
			<trkpt lat="47.1352372119" lon="9.1723698736">
				<ele>573.7</ele>
				<extensions>
					<swisstopo:routepoint_id>1006702326</swisstopo:routepoint_id>
				</extensions>
			</trkpt>
			<trkpt lat="47.1352505562" lon="9.1724145537">
				<ele>574.1</ele>
				<extensions>
					<swisstopo:routepoint_id>1111814239</swisstopo:routepoint_id>
				</extensions>
			</trkpt>
			<trkpt lat="47.1352861070" lon="9.1724883787">
				<ele>574.9</ele>
				<extensions>
					<swisstopo:routepoint_id>882339882</swisstopo:routepoint_id>
				</extensions>
			</trkpt>
			<trkpt lat="47.1352995704" lon="9.1725251513">
				<ele>575.2</ele>
				<extensions>
					<swisstopo:routepoint_id>820611788</swisstopo:routepoint_id>
				</extensions>
			</trkpt>
			<trkpt lat="47.1353104467" lon="9.1725902930">
				<ele>575.2</ele>
				<extensions>
					<swisstopo:routepoint_id>1134674564</swisstopo:routepoint_id>
				</extensions>
			</trkpt>
			<trkpt lat="47.1353022353" lon="9.1726342617">
				<ele>575.3</ele>
				<extensions>
					<swisstopo:routepoint_id>193899409</swisstopo:routepoint_id>
				</extensions>
			</trkpt>
			<trkpt lat="47.1352952695" lon="9.1726672219">
				<ele>575.4</ele>
				<extensions>
					<swisstopo:routepoint_id>586234835</swisstopo:routepoint_id>
				</extensions>
			</trkpt>
			<trkpt lat="47.1352817428" lon="9.1727062849">
				<ele>575.5</ele>
				<extensions>
					<swisstopo:routepoint_id>1003054255</swisstopo:routepoint_id>
				</extensions>
			</trkpt>
			<trkpt lat="47.1352605997" lon="9.1727498346">
				<ele>576.0</ele>
				<extensions>
					<swisstopo:routepoint_id>1033105750</swisstopo:routepoint_id>
				</extensions>
			</trkpt>
			<trkpt lat="47.1352210430" lon="9.1727991162">
				<ele>576.7</ele>
				<extensions>
					<swisstopo:routepoint_id>34304678</swisstopo:routepoint_id>
				</extensions>
			</trkpt>
			<trkpt lat="47.1351827796" lon="9.1728342134">
				<ele>577.3</ele>
				<extensions>
					<swisstopo:routepoint_id>1936148867</swisstopo:routepoint_id>
				</extensions>
			</trkpt>
			<trkpt lat="47.1351575104" lon="9.1728649986">
				<ele>577.9</ele>
				<extensions>
					<swisstopo:routepoint_id>228829171</swisstopo:routepoint_id>
				</extensions>
			</trkpt>
			<trkpt lat="47.1351343131" lon="9.1729021658">
				<ele>578.2</ele>
				<extensions>
					<swisstopo:routepoint_id>352795334</swisstopo:routepoint_id>
				</extensions>
			</trkpt>
			<trkpt lat="47.1351197072" lon="9.1729411942">
				<ele>579.0</ele>
				<extensions>
					<swisstopo:routepoint_id>1789356446</swisstopo:routepoint_id>
				</extensions>
			</trkpt>
			<trkpt lat="47.1351134872" lon="9.1729962884">
				<ele>579.3</ele>
				<extensions>
					<swisstopo:routepoint_id>1503230022</swisstopo:routepoint_id>
				</extensions>
			</trkpt>
			<trkpt lat="47.1351185933" lon="9.1730986217">
				<ele>579.5</ele>
				<extensions>
					<swisstopo:routepoint_id>2124318371</swisstopo:routepoint_id>
				</extensions>
			</trkpt>
			<trkpt lat="47.1351435886" lon="9.1731611878">
				<ele>580.0</ele>
				<extensions>
					<swisstopo:routepoint_id>1570714185</swisstopo:routepoint_id>
				</extensions>
			</trkpt>
			<trkpt lat="47.1351548002" lon="9.1732058778">
				<ele>580.3</ele>
				<extensions>
					<swisstopo:routepoint_id>23603719</swisstopo:routepoint_id>
				</extensions>
			</trkpt>
			<trkpt lat="47.1351573931" lon="9.1732487199">
				<ele>580.7</ele>
				<extensions>
					<swisstopo:routepoint_id>2051016309</swisstopo:routepoint_id>
				</extensions>
			</trkpt>
			<trkpt lat="47.1351578757" lon="9.1732883152">
				<ele>581.0</ele>
				<extensions>
					<swisstopo:routepoint_id>2006416329</swisstopo:routepoint_id>
				</extensions>
			</trkpt>
			<trkpt lat="47.1351538031" lon="9.1733435982">
				<ele>581.4</ele>
				<extensions>
					<swisstopo:routepoint_id>1132317428</swisstopo:routepoint_id>
				</extensions>
			</trkpt>
			<trkpt lat="47.1351435092" lon="9.1733812631">
				<ele>581.6</ele>
				<extensions>
					<swisstopo:routepoint_id>1781225344</swisstopo:routepoint_id>
				</extensions>
			</trkpt>
			<trkpt lat="47.1351234222" lon="9.1734233694">
				<ele>582.0</ele>
				<extensions>
					<swisstopo:routepoint_id>1665118143</swisstopo:routepoint_id>
				</extensions>
			</trkpt>
			<trkpt lat="47.1350978685" lon="9.1734700330">
				<ele>582.5</ele>
				<extensions>
					<swisstopo:routepoint_id>160709946</swisstopo:routepoint_id>
				</extensions>
			</trkpt>
			<trkpt lat="47.1350571496" lon="9.1735193813">
				<ele>583.3</ele>
				<extensions>
					<swisstopo:routepoint_id>1217560087</swisstopo:routepoint_id>
				</extensions>
			</trkpt>
			<trkpt lat="47.1350330805" lon="9.1735391828">
				<ele>583.5</ele>
				<extensions>
					<swisstopo:routepoint_id>279767910</swisstopo:routepoint_id>
				</extensions>
			</trkpt>
			<trkpt lat="47.1350118905" lon="9.1735828355">
				<ele>583.7</ele>
				<extensions>
					<swisstopo:routepoint_id>929949768</swisstopo:routepoint_id>
				</extensions>
			</trkpt>
			<trkpt lat="47.1349949068" lon="9.1736345358">
				<ele>584.0</ele>
				<extensions>
					<swisstopo:routepoint_id>497476277</swisstopo:routepoint_id>
				</extensions>
			</trkpt>
			<trkpt lat="47.1349722083" lon="9.1737066315">
				<ele>584.6</ele>
				<extensions>
					<swisstopo:routepoint_id>2074554767</swisstopo:routepoint_id>
				</extensions>
			</trkpt>
			<trkpt lat="47.1349563513" lon="9.1737552040">
				<ele>585.0</ele>
				<extensions>
					<swisstopo:routepoint_id>556703357</swisstopo:routepoint_id>
				</extensions>
			</trkpt>
			<trkpt lat="47.1349341540" lon="9.1737940641">
				<ele>585.5</ele>
				<extensions>
					<swisstopo:routepoint_id>926644143</swisstopo:routepoint_id>
				</extensions>
			</trkpt>
			<trkpt lat="47.1348920605" lon="9.1738623676">
				<ele>586.7</ele>
				<extensions>
					<swisstopo:routepoint_id>1680016757</swisstopo:routepoint_id>
				</extensions>
			</trkpt>
			<trkpt lat="47.1348573479" lon="9.1739435798">
				<ele>587.4</ele>
				<extensions>
					<swisstopo:routepoint_id>1602119949</swisstopo:routepoint_id>
				</extensions>
			</trkpt>
			<trkpt lat="47.1348325623" lon="9.1740108615">
				<ele>588.0</ele>
				<extensions>
					<swisstopo:routepoint_id>1722349866</swisstopo:routepoint_id>
				</extensions>
			</trkpt>
			<trkpt lat="47.1348097681" lon="9.1740892820">
				<ele>588.7</ele>
				<extensions>
					<swisstopo:routepoint_id>1420556795</swisstopo:routepoint_id>
				</extensions>
			</trkpt>
			<trkpt lat="47.1347932666" lon="9.1741805776">
				<ele>589.2</ele>
				<extensions>
					<swisstopo:routepoint_id>263041703</swisstopo:routepoint_id>
				</extensions>
			</trkpt>
			<trkpt lat="47.1347881053" lon="9.1742358249">
				<ele>589.7</ele>
				<extensions>
					<swisstopo:routepoint_id>643864648</swisstopo:routepoint_id>
				</extensions>
			</trkpt>
			<trkpt lat="47.1347959194" lon="9.1742766732">
				<ele>590.1</ele>
				<extensions>
					<swisstopo:routepoint_id>689630101</swisstopo:routepoint_id>
				</extensions>
			</trkpt>
			<trkpt lat="47.1348192585" lon="9.1743446184">
				<ele>590.6</ele>
				<extensions>
					<swisstopo:routepoint_id>165635059</swisstopo:routepoint_id>
				</extensions>
			</trkpt>
			<trkpt lat="47.1348378328" lon="9.1743956252">
				<ele>591.5</ele>
				<extensions>
					<swisstopo:routepoint_id>1091831582</swisstopo:routepoint_id>
				</extensions>
			</trkpt>
			<trkpt lat="47.1348429120" lon="9.1744388376">
				<ele>591.9</ele>
				<extensions>
					<swisstopo:routepoint_id>159909197</swisstopo:routepoint_id>
				</extensions>
			</trkpt>
			<trkpt lat="47.1348346863" lon="9.1744616567">
				<ele>592.0</ele>
				<extensions>
					<swisstopo:routepoint_id>106444564</swisstopo:routepoint_id>
				</extensions>
			</trkpt>
			<trkpt lat="47.1347970353" lon="9.1744877407">
				<ele>591.9</ele>
				<extensions>
					<swisstopo:routepoint_id>1149964852</swisstopo:routepoint_id>
				</extensions>
			</trkpt>
			<trkpt lat="47.1347642123" lon="9.1745265728">
				<ele>592.3</ele>
				<extensions>
					<swisstopo:routepoint_id>722625691</swisstopo:routepoint_id>
				</extensions>
			</trkpt>
			<trkpt lat="47.1347413915" lon="9.1745667842">
				<ele>592.6</ele>
				<extensions>
					<swisstopo:routepoint_id>1930567802</swisstopo:routepoint_id>
				</extensions>
			</trkpt>
			<trkpt lat="47.1347125822" lon="9.1746246396">
				<ele>593.5</ele>
				<extensions>
					<swisstopo:routepoint_id>387139795</swisstopo:routepoint_id>
				</extensions>
			</trkpt>
			<trkpt lat="47.1346988154" lon="9.1746819414">
				<ele>593.9</ele>
				<extensions>
					<swisstopo:routepoint_id>1113566200</swisstopo:routepoint_id>
				</extensions>
			</trkpt>
			<trkpt lat="47.1346862976" lon="9.1747518750">
				<ele>594.3</ele>
				<extensions>
					<swisstopo:routepoint_id>96918318</swisstopo:routepoint_id>
				</extensions>
			</trkpt>
			<trkpt lat="47.1346689333" lon="9.1749056497">
				<ele>594.9</ele>
				<extensions>
					<swisstopo:routepoint_id>1641252119</swisstopo:routepoint_id>
				</extensions>
			</trkpt>
			<trkpt lat="47.1346577941" lon="9.1751500852">
				<ele>596.4</ele>
				<extensions>
					<swisstopo:routepoint_id>27441111</swisstopo:routepoint_id>
				</extensions>
			</trkpt>
			<trkpt lat="47.1346546953" lon="9.1752129137">
				<ele>596.7</ele>
				<extensions>
					<swisstopo:routepoint_id>78965451</swisstopo:routepoint_id>
				</extensions>
			</trkpt>
			<trkpt lat="47.1346553587" lon="9.1752643283">
				<ele>597.0</ele>
				<extensions>
					<swisstopo:routepoint_id>347292171</swisstopo:routepoint_id>
				</extensions>
			</trkpt>
			<trkpt lat="47.1346467938" lon="9.1753101963">
				<ele>597.3</ele>
				<extensions>
					<swisstopo:routepoint_id>1548887015</swisstopo:routepoint_id>
				</extensions>
			</trkpt>
			<trkpt lat="47.1346250346" lon="9.1753766127">
				<ele>597.4</ele>
				<extensions>
					<swisstopo:routepoint_id>302786794</swisstopo:routepoint_id>
				</extensions>
			</trkpt>
			<trkpt lat="47.1346083792" lon="9.1754369058">
				<ele>598.1</ele>
				<extensions>
					<swisstopo:routepoint_id>1386101350</swisstopo:routepoint_id>
				</extensions>
			</trkpt>
			<trkpt lat="47.1345918505" lon="9.1754888041">
				<ele>598.4</ele>
				<extensions>
					<swisstopo:routepoint_id>749983199</swisstopo:routepoint_id>
				</extensions>
			</trkpt>
			<trkpt lat="47.1345637613" lon="9.1755948719">
				<ele>598.9</ele>
				<extensions>
					<swisstopo:routepoint_id>240641500</swisstopo:routepoint_id>
				</extensions>
			</trkpt>
			<trkpt lat="47.1345555989" lon="9.1756617292">
				<ele>599.4</ele>
				<extensions>
					<swisstopo:routepoint_id>1946127451</swisstopo:routepoint_id>
				</extensions>
			</trkpt>
			<trkpt lat="47.1345570678" lon="9.1757068676">
				<ele>599.6</ele>
				<extensions>
					<swisstopo:routepoint_id>1602646875</swisstopo:routepoint_id>
				</extensions>
			</trkpt>
			<trkpt lat="47.1345521359" lon="9.1757486608">
				<ele>599.8</ele>
				<extensions>
					<swisstopo:routepoint_id>334094419</swisstopo:routepoint_id>
				</extensions>
			</trkpt>
			<trkpt lat="47.1345459733" lon="9.1757778224">
				<ele>600.0</ele>
				<extensions>
					<swisstopo:routepoint_id>547272360</swisstopo:routepoint_id>
				</extensions>
			</trkpt>
			<trkpt lat="47.1345360256" lon="9.1758205077">
				<ele>600.2</ele>
				<extensions>
					<swisstopo:routepoint_id>955520318</swisstopo:routepoint_id>
				</extensions>
			</trkpt>
			<trkpt lat="47.1345287321" lon="9.1758768981">
				<ele>600.6</ele>
				<extensions>
					<swisstopo:routepoint_id>543348366</swisstopo:routepoint_id>
				</extensions>
			</trkpt>
			<trkpt lat="47.1345260604" lon="9.1759114205">
				<ele>600.6</ele>
				<extensions>
					<swisstopo:routepoint_id>1488206425</swisstopo:routepoint_id>
				</extensions>
			</trkpt>
			<trkpt lat="47.1345373411" lon="9.1759705237">
				<ele>601.0</ele>
				<extensions>
					<swisstopo:routepoint_id>1881165137</swisstopo:routepoint_id>
				</extensions>
			</trkpt>
			<trkpt lat="47.1345569128" lon="9.1761049553">
				<ele>601.7</ele>
				<extensions>
					<swisstopo:routepoint_id>1008370002</swisstopo:routepoint_id>
				</extensions>
			</trkpt>
			<trkpt lat="47.1345658388" lon="9.1762228502">
				<ele>602.4</ele>
				<extensions>
					<swisstopo:routepoint_id>594460778</swisstopo:routepoint_id>
				</extensions>
			</trkpt>
			<trkpt lat="47.1345700429" lon="9.1762761094">
				<ele>602.6</ele>
				<extensions>
					<swisstopo:routepoint_id>1781873053</swisstopo:routepoint_id>
				</extensions>
			</trkpt>
			<trkpt lat="47.1345711404" lon="9.1762900127">
				<ele>602.6</ele>
				<extensions>
					<swisstopo:routepoint_id>1005169765</swisstopo:routepoint_id>
				</extensions>
			</trkpt>
			<trkpt lat="47.1345685967" lon="9.1763619177">
				<ele>603.1</ele>
				<extensions>
					<swisstopo:routepoint_id>1575375204</swisstopo:routepoint_id>
				</extensions>
			</trkpt>
			<trkpt lat="47.1345775227" lon="9.1764470229">
				<ele>603.3</ele>
				<extensions>
					<swisstopo:routepoint_id>332303972</swisstopo:routepoint_id>
				</extensions>
			</trkpt>
			<trkpt lat="47.1345936327" lon="9.1765402068">
				<ele>604.6</ele>
				<extensions>
					<swisstopo:routepoint_id>45634793</swisstopo:routepoint_id>
				</extensions>
			</trkpt>
			<trkpt lat="47.1345969255" lon="9.1765795105">
				<ele>604.6</ele>
				<extensions>
					<swisstopo:routepoint_id>78583214</swisstopo:routepoint_id>
				</extensions>
			</trkpt>
			<trkpt lat="47.1345929989" lon="9.1766143095">
				<ele>604.6</ele>
				<extensions>
					<swisstopo:routepoint_id>1173984550</swisstopo:routepoint_id>
				</extensions>
			</trkpt>
			<trkpt lat="47.1345915588" lon="9.1766393521">
				<ele>604.8</ele>
				<extensions>
					<swisstopo:routepoint_id>1740979275</swisstopo:routepoint_id>
				</extensions>
			</trkpt>
			<trkpt lat="47.1345751379" lon="9.1767138526">
				<ele>605.3</ele>
				<extensions>
					<swisstopo:routepoint_id>17097418</swisstopo:routepoint_id>
				</extensions>
			</trkpt>
			<trkpt lat="47.1345597861" lon="9.1767848927">
				<ele>605.8</ele>
				<extensions>
					<swisstopo:routepoint_id>424591257</swisstopo:routepoint_id>
				</extensions>
			</trkpt>
			<trkpt lat="47.1345439734" lon="9.1769203643">
				<ele>606.8</ele>
				<extensions>
					<swisstopo:routepoint_id>1042143227</swisstopo:routepoint_id>
				</extensions>
			</trkpt>
			<trkpt lat="47.1345335572" lon="9.1770583182">
				<ele>607.1</ele>
				<extensions>
					<swisstopo:routepoint_id>801583094</swisstopo:routepoint_id>
				</extensions>
			</trkpt>
			<trkpt lat="47.1345098621" lon="9.1771753648">
				<ele>608.0</ele>
				<extensions>
					<swisstopo:routepoint_id>1269601898</swisstopo:routepoint_id>
				</extensions>
			</trkpt>
			<trkpt lat="47.1344801554" lon="9.1773270371">
				<ele>608.8</ele>
				<extensions>
					<swisstopo:routepoint_id>1824931936</swisstopo:routepoint_id>
				</extensions>
			</trkpt>
			<trkpt lat="47.1344641666" lon="9.1774175689">
				<ele>609.3</ele>
				<extensions>
					<swisstopo:routepoint_id>1582962596</swisstopo:routepoint_id>
				</extensions>
			</trkpt>
			<trkpt lat="47.1344429127" lon="9.1774945224">
				<ele>609.8</ele>
				<extensions>
					<swisstopo:routepoint_id>1722987592</swisstopo:routepoint_id>
				</extensions>
			</trkpt>
			<trkpt lat="47.1344156110" lon="9.1775543232">
				<ele>610.4</ele>
				<extensions>
					<swisstopo:routepoint_id>1054103385</swisstopo:routepoint_id>
				</extensions>
			</trkpt>
			<trkpt lat="47.1343809592" lon="9.1776206230">
				<ele>610.6</ele>
				<extensions>
					<swisstopo:routepoint_id>270302970</swisstopo:routepoint_id>
				</extensions>
			</trkpt>
			<trkpt lat="47.1343209377" lon="9.1777135483">
				<ele>611.7</ele>
				<extensions>
					<swisstopo:routepoint_id>1689560693</swisstopo:routepoint_id>
				</extensions>
			</trkpt>
			<trkpt lat="47.1342680102" lon="9.1777758397">
				<ele>611.9</ele>
				<extensions>
					<swisstopo:routepoint_id>696592070</swisstopo:routepoint_id>
				</extensions>
			</trkpt>
			<trkpt lat="47.1342235376" lon="9.1778180482">
				<ele>612.2</ele>
				<extensions>
					<swisstopo:routepoint_id>1117290034</swisstopo:routepoint_id>
				</extensions>
			</trkpt>
			<trkpt lat="47.1342077617" lon="9.1778498376">
				<ele>612.5</ele>
				<extensions>
					<swisstopo:routepoint_id>1675300493</swisstopo:routepoint_id>
				</extensions>
			</trkpt>
			<trkpt lat="47.1342008841" lon="9.1779000841">
				<ele>612.7</ele>
				<extensions>
					<swisstopo:routepoint_id>1002863507</swisstopo:routepoint_id>
				</extensions>
			</trkpt>
			<trkpt lat="47.1342058728" lon="9.1779408544">
				<ele>612.9</ele>
				<extensions>
					<swisstopo:routepoint_id>78512395</swisstopo:routepoint_id>
				</extensions>
			</trkpt>
			<trkpt lat="47.1342302119" lon="9.1780258277">
				<ele>613.2</ele>
				<extensions>
					<swisstopo:routepoint_id>1382382584</swisstopo:routepoint_id>
				</extensions>
			</trkpt>
			<trkpt lat="47.1342671574" lon="9.1782017474">
				<ele>614.3</ele>
				<extensions>
					<swisstopo:routepoint_id>1485445337</swisstopo:routepoint_id>
				</extensions>
			</trkpt>
			<trkpt lat="47.1342830509" lon="9.1782960579">
				<ele>615.0</ele>
				<extensions>
					<swisstopo:routepoint_id>1723876202</swisstopo:routepoint_id>
				</extensions>
			</trkpt>
			<trkpt lat="47.1342971654" lon="9.1784407544">
				<ele>615.5</ele>
				<extensions>
					<swisstopo:routepoint_id>2048434237</swisstopo:routepoint_id>
				</extensions>
			</trkpt>
			<trkpt lat="47.1343080428" lon="9.1785585550">
				<ele>616.0</ele>
				<extensions>
					<swisstopo:routepoint_id>2086402179</swisstopo:routepoint_id>
				</extensions>
			</trkpt>
			<trkpt lat="47.1343072773" lon="9.1787299141">
				<ele>617.0</ele>
				<extensions>
					<swisstopo:routepoint_id>2000796415</swisstopo:routepoint_id>
				</extensions>
			</trkpt>
			<trkpt lat="47.1343014807" lon="9.1788716296">
				<ele>617.8</ele>
				<extensions>
					<swisstopo:routepoint_id>117925907</swisstopo:routepoint_id>
				</extensions>
			</trkpt>
			<trkpt lat="47.1342866957" lon="9.1789966915">
				<ele>619.2</ele>
				<extensions>
					<swisstopo:routepoint_id>1563311736</swisstopo:routepoint_id>
				</extensions>
			</trkpt>
			<trkpt lat="47.1342592571" lon="9.1791255337">
				<ele>620.1</ele>
				<extensions>
					<swisstopo:routepoint_id>1345288936</swisstopo:routepoint_id>
				</extensions>
			</trkpt>
			<trkpt lat="47.1342149460" lon="9.1793919215">
				<ele>621.3</ele>
				<extensions>
					<swisstopo:routepoint_id>100509754</swisstopo:routepoint_id>
				</extensions>
			</trkpt>
			<trkpt lat="47.1341925059" lon="9.1795608349">
				<ele>622.2</ele>
				<extensions>
					<swisstopo:routepoint_id>1115976836</swisstopo:routepoint_id>
				</extensions>
			</trkpt>
			<trkpt lat="47.1341717759" lon="9.1796506328">
				<ele>623.1</ele>
				<extensions>
					<swisstopo:routepoint_id>1272559387</swisstopo:routepoint_id>
				</extensions>
			</trkpt>
			<trkpt lat="47.1341403965" lon="9.1797366419">
				<ele>623.8</ele>
				<extensions>
					<swisstopo:routepoint_id>1960499444</swisstopo:routepoint_id>
				</extensions>
			</trkpt>
			<trkpt lat="47.1341016416" lon="9.1798385503">
				<ele>624.5</ele>
				<extensions>
					<swisstopo:routepoint_id>2129584278</swisstopo:routepoint_id>
				</extensions>
			</trkpt>
			<trkpt lat="47.1340847058" lon="9.1799142441">
				<ele>625.1</ele>
				<extensions>
					<swisstopo:routepoint_id>801136703</swisstopo:routepoint_id>
				</extensions>
			</trkpt>
			<trkpt lat="47.1340796275" lon="9.1800078069">
				<ele>625.7</ele>
				<extensions>
					<swisstopo:routepoint_id>2115843568</swisstopo:routepoint_id>
				</extensions>
			</trkpt>
			<trkpt lat="47.1340784143" lon="9.1802085925">
				<ele>626.5</ele>
				<extensions>
					<swisstopo:routepoint_id>1215759818</swisstopo:routepoint_id>
				</extensions>
			</trkpt>
			<trkpt lat="47.1340823708" lon="9.1802699484">
				<ele>627.0</ele>
				<extensions>
					<swisstopo:routepoint_id>1221839376</swisstopo:routepoint_id>
				</extensions>
			</trkpt>
			<trkpt lat="47.1340837999" lon="9.1804203890">
				<ele>627.9</ele>
				<extensions>
					<swisstopo:routepoint_id>2142828738</swisstopo:routepoint_id>
				</extensions>
			</trkpt>
			<trkpt lat="47.1340920763" lon="9.1805464250">
				<ele>628.8</ele>
				<extensions>
					<swisstopo:routepoint_id>2073247159</swisstopo:routepoint_id>
				</extensions>
			</trkpt>
			<trkpt lat="47.1340934197" lon="9.1806175327">
				<ele>629.1</ele>
				<extensions>
					<swisstopo:routepoint_id>688309643</swisstopo:routepoint_id>
				</extensions>
			</trkpt>
			<trkpt lat="47.1340915080" lon="9.1807069397">
				<ele>628.9</ele>
				<extensions>
					<swisstopo:routepoint_id>2050033673</swisstopo:routepoint_id>
				</extensions>
			</trkpt>
			<trkpt lat="47.1340709278" lon="9.1808242165">
				<ele>630.4</ele>
				<extensions>
					<swisstopo:routepoint_id>781582675</swisstopo:routepoint_id>
				</extensions>
			</trkpt>
			<trkpt lat="47.1340622383" lon="9.1809149852">
				<ele>631.0</ele>
				<extensions>
					<swisstopo:routepoint_id>540399234</swisstopo:routepoint_id>
				</extensions>
			</trkpt>
			<trkpt lat="47.1340659719" lon="9.1810302334">
				<ele>631.8</ele>
				<extensions>
					<swisstopo:routepoint_id>1393909651</swisstopo:routepoint_id>
				</extensions>
			</trkpt>
			<trkpt lat="47.1340795309" lon="9.1811003144">
				<ele>632.2</ele>
				<extensions>
					<swisstopo:routepoint_id>2142072337</swisstopo:routepoint_id>
				</extensions>
			</trkpt>
			<trkpt lat="47.1341078657" lon="9.1811601319">
				<ele>632.6</ele>
				<extensions>
					<swisstopo:routepoint_id>1272109346</swisstopo:routepoint_id>
				</extensions>
			</trkpt>
			<trkpt lat="47.1341342035" lon="9.1812306144">
				<ele>633.6</ele>
				<extensions>
					<swisstopo:routepoint_id>1566574738</swisstopo:routepoint_id>
				</extensions>
			</trkpt>
			<trkpt lat="47.1341512923" lon="9.1813088141">
				<ele>633.8</ele>
				<extensions>
					<swisstopo:routepoint_id>1439074636</swisstopo:routepoint_id>
				</extensions>
			</trkpt>
			<trkpt lat="47.1341482098" lon="9.1813917231">
				<ele>634.3</ele>
				<extensions>
					<swisstopo:routepoint_id>1221086024</swisstopo:routepoint_id>
				</extensions>
			</trkpt>
			<trkpt lat="47.1341357066" lon="9.1814930735">
				<ele>635.1</ele>
				<extensions>
					<swisstopo:routepoint_id>529053572</swisstopo:routepoint_id>
				</extensions>
			</trkpt>
			<trkpt lat="47.1341196019" lon="9.1815916300">
				<ele>635.8</ele>
				<extensions>
					<swisstopo:routepoint_id>955519234</swisstopo:routepoint_id>
				</extensions>
			</trkpt>
			<trkpt lat="47.1340885506" lon="9.1817111100">
				<ele>636.7</ele>
				<extensions>
					<swisstopo:routepoint_id>1482353383</swisstopo:routepoint_id>
				</extensions>
			</trkpt>
			<trkpt lat="47.1340547964" lon="9.1817768038">
				<ele>637.2</ele>
				<extensions>
					<swisstopo:routepoint_id>1804117568</swisstopo:routepoint_id>
				</extensions>
			</trkpt>
			<trkpt lat="47.1340191928" lon="9.1818321270">
				<ele>637.7</ele>
				<extensions>
					<swisstopo:routepoint_id>582241900</swisstopo:routepoint_id>
				</extensions>
			</trkpt>
			<trkpt lat="47.1339906702" lon="9.1819034612">
				<ele>638.2</ele>
				<extensions>
					<swisstopo:routepoint_id>1809174939</swisstopo:routepoint_id>
				</extensions>
			</trkpt>
			<trkpt lat="47.1339813389" lon="9.1819884468">
				<ele>638.8</ele>
				<extensions>
					<swisstopo:routepoint_id>906402730</swisstopo:routepoint_id>
				</extensions>
			</trkpt>
			<trkpt lat="47.1339873609" lon="9.1820321906">
				<ele>639.2</ele>
				<extensions>
					<swisstopo:routepoint_id>1526559977</swisstopo:routepoint_id>
				</extensions>
			</trkpt>
			<trkpt lat="47.1340083113" lon="9.1821102264">
				<ele>640.0</ele>
				<extensions>
					<swisstopo:routepoint_id>977044477</swisstopo:routepoint_id>
				</extensions>
			</trkpt>
			<trkpt lat="47.1340801599" lon="9.1823039381">
				<ele>640.9</ele>
				<extensions>
					<swisstopo:routepoint_id>440620019</swisstopo:routepoint_id>
				</extensions>
			</trkpt>
			<trkpt lat="47.1340923410" lon="9.1823598004">
				<ele>641.4</ele>
				<extensions>
					<swisstopo:routepoint_id>2026764219</swisstopo:routepoint_id>
				</extensions>
			</trkpt>
			<trkpt lat="47.1340977505" lon="9.1824148642">
				<ele>641.8</ele>
				<extensions>
					<swisstopo:routepoint_id>741077196</swisstopo:routepoint_id>
				</extensions>
			</trkpt>
			<trkpt lat="47.1340834149" lon="9.1824951904">
				<ele>642.4</ele>
				<extensions>
					<swisstopo:routepoint_id>111078977</swisstopo:routepoint_id>
				</extensions>
			</trkpt>
			<trkpt lat="47.1340763526" lon="9.1825426347">
				<ele>642.6</ele>
				<extensions>
					<swisstopo:routepoint_id>919206785</swisstopo:routepoint_id>
				</extensions>
			</trkpt>
			<trkpt lat="47.1340740489" lon="9.1825937023">
				<ele>642.8</ele>
				<extensions>
					<swisstopo:routepoint_id>1126119628</swisstopo:routepoint_id>
				</extensions>
			</trkpt>
			<trkpt lat="47.1340802646" lon="9.1826204971">
				<ele>643.3</ele>
				<extensions>
					<swisstopo:routepoint_id>1478913658</swisstopo:routepoint_id>
				</extensions>
			</trkpt>
			<trkpt lat="47.1340921151" lon="9.1826453415">
				<ele>643.6</ele>
				<extensions>
					<swisstopo:routepoint_id>1608496642</swisstopo:routepoint_id>
				</extensions>
			</trkpt>
			<trkpt lat="47.1341242370" lon="9.1826784526">
				<ele>644.1</ele>
				<extensions>
					<swisstopo:routepoint_id>916357097</swisstopo:routepoint_id>
				</extensions>
			</trkpt>
			<trkpt lat="47.1342359813" lon="9.1827705069">
				<ele>645.2</ele>
				<extensions>
					<swisstopo:routepoint_id>194397512</swisstopo:routepoint_id>
				</extensions>
			</trkpt>
			<trkpt lat="47.1342861435" lon="9.1828237315">
				<ele>645.8</ele>
				<extensions>
					<swisstopo:routepoint_id>279834806</swisstopo:routepoint_id>
				</extensions>
			</trkpt>
			<trkpt lat="47.1343213031" lon="9.1828873197">
				<ele>646.6</ele>
				<extensions>
					<swisstopo:routepoint_id>1732620818</swisstopo:routepoint_id>
				</extensions>
			</trkpt>
			<trkpt lat="47.1343478996" lon="9.1829578788">
				<ele>647.2</ele>
				<extensions>
					<swisstopo:routepoint_id>1557530243</swisstopo:routepoint_id>
				</extensions>
			</trkpt>
			<trkpt lat="47.1343581456" lon="9.1830155651">
				<ele>647.5</ele>
				<extensions>
					<swisstopo:routepoint_id>19386420</swisstopo:routepoint_id>
				</extensions>
			</trkpt>
			<trkpt lat="47.1343667817" lon="9.1830844584">
				<ele>648.0</ele>
				<extensions>
					<swisstopo:routepoint_id>1234673283</swisstopo:routepoint_id>
				</extensions>
			</trkpt>
			<trkpt lat="47.1343867250" lon="9.1832146195">
				<ele>648.5</ele>
				<extensions>
					<swisstopo:routepoint_id>1756187893</swisstopo:routepoint_id>
				</extensions>
			</trkpt>
			<trkpt lat="47.1343932711" lon="9.1833198733">
				<ele>649.7</ele>
				<extensions>
					<swisstopo:routepoint_id>1102275845</swisstopo:routepoint_id>
				</extensions>
			</trkpt>
			<trkpt lat="47.1343900535" lon="9.1834311772">
				<ele>650.4</ele>
				<extensions>
					<swisstopo:routepoint_id>1325712210</swisstopo:routepoint_id>
				</extensions>
			</trkpt>
			<trkpt lat="47.1343771725" lon="9.1835252901">
				<ele>651.1</ele>
				<extensions>
					<swisstopo:routepoint_id>1629186780</swisstopo:routepoint_id>
				</extensions>
			</trkpt>
			<trkpt lat="47.1343588540" lon="9.1836718053">
				<ele>652.1</ele>
				<extensions>
					<swisstopo:routepoint_id>91710297</swisstopo:routepoint_id>
				</extensions>
			</trkpt>
			<trkpt lat="47.1343521402" lon="9.1837846167">
				<ele>653.0</ele>
				<extensions>
					<swisstopo:routepoint_id>934666186</swisstopo:routepoint_id>
				</extensions>
			</trkpt>
			<trkpt lat="47.1343500968" lon="9.1838724510">
				<ele>653.8</ele>
				<extensions>
					<swisstopo:routepoint_id>983142372</swisstopo:routepoint_id>
				</extensions>
			</trkpt>
			<trkpt lat="47.1343551567" lon="9.1839155182">
				<ele>654.2</ele>
				<extensions>
					<swisstopo:routepoint_id>1181321441</swisstopo:routepoint_id>
				</extensions>
			</trkpt>
			<trkpt lat="47.1343671730" lon="9.1839703356">
				<ele>654.7</ele>
				<extensions>
					<swisstopo:routepoint_id>1892774236</swisstopo:routepoint_id>
				</extensions>
			</trkpt>
			<trkpt lat="47.1343731110" lon="9.1840029628">
				<ele>654.9</ele>
				<extensions>
					<swisstopo:routepoint_id>1733994518</swisstopo:routepoint_id>
				</extensions>
			</trkpt>
			<trkpt lat="47.1343789286" lon="9.1840429301">
				<ele>655.1</ele>
				<extensions>
					<swisstopo:routepoint_id>32685329</swisstopo:routepoint_id>
				</extensions>
			</trkpt>
			<trkpt lat="47.1343816894" lon="9.1840963908">
				<ele>655.4</ele>
				<extensions>
					<swisstopo:routepoint_id>1125428015</swisstopo:routepoint_id>
				</extensions>
			</trkpt>
			<trkpt lat="47.1343810508" lon="9.1841853123">
				<ele>656.1</ele>
				<extensions>
					<swisstopo:routepoint_id>1919731049</swisstopo:routepoint_id>
				</extensions>
			</trkpt>
			<trkpt lat="47.1343804953" lon="9.1842219208">
				<ele>656.3</ele>
				<extensions>
					<swisstopo:routepoint_id>373339648</swisstopo:routepoint_id>
				</extensions>
			</trkpt>
			<trkpt lat="47.1343765287" lon="9.1843724373">
				<ele>657.0</ele>
				<extensions>
					<swisstopo:routepoint_id>1540711082</swisstopo:routepoint_id>
				</extensions>
			</trkpt>
			<trkpt lat="47.1343728620" lon="9.1844604953">
				<ele>657.6</ele>
				<extensions>
					<swisstopo:routepoint_id>999022304</swisstopo:routepoint_id>
				</extensions>
			</trkpt>
			<trkpt lat="47.1343555728" lon="9.1845580899">
				<ele>658.1</ele>
				<extensions>
					<swisstopo:routepoint_id>1807666459</swisstopo:routepoint_id>
				</extensions>
			</trkpt>
			<trkpt lat="47.1343397975" lon="9.1846235108">
				<ele>659.2</ele>
				<extensions>
					<swisstopo:routepoint_id>1610432800</swisstopo:routepoint_id>
				</extensions>
			</trkpt>
			<trkpt lat="47.1343338161" lon="9.1846814856">
				<ele>659.5</ele>
				<extensions>
					<swisstopo:routepoint_id>688282106</swisstopo:routepoint_id>
				</extensions>
			</trkpt>
			<trkpt lat="47.1343345159" lon="9.1847361448">
				<ele>660.2</ele>
				<extensions>
					<swisstopo:routepoint_id>928313023</swisstopo:routepoint_id>
				</extensions>
			</trkpt>
			<trkpt lat="47.1343372693" lon="9.1847894736">
				<ele>660.5</ele>
				<extensions>
					<swisstopo:routepoint_id>1641173813</swisstopo:routepoint_id>
				</extensions>
			</trkpt>
			<trkpt lat="47.1343381144" lon="9.1848950164">
				<ele>660.1</ele>
				<extensions>
					<swisstopo:routepoint_id>807879621</swisstopo:routepoint_id>
				</extensions>
			</trkpt>
			<trkpt lat="47.1343370582" lon="9.1849645958">
				<ele>660.3</ele>
				<extensions>
					<swisstopo:routepoint_id>747393332</swisstopo:routepoint_id>
				</extensions>
			</trkpt>
			<trkpt lat="47.1343314159" lon="9.1850956367">
				<ele>660.9</ele>
				<extensions>
					<swisstopo:routepoint_id>1119848520</swisstopo:routepoint_id>
				</extensions>
			</trkpt>
			<trkpt lat="47.1343319730" lon="9.1851786511">
				<ele>661.2</ele>
				<extensions>
					<swisstopo:routepoint_id>222775263</swisstopo:routepoint_id>
				</extensions>
			</trkpt>
			<trkpt lat="47.1343439163" lon="9.1852352858">
				<ele>661.5</ele>
				<extensions>
					<swisstopo:routepoint_id>704298961</swisstopo:routepoint_id>
				</extensions>
			</trkpt>
			<trkpt lat="47.1343686610" lon="9.1852896352">
				<ele>661.5</ele>
				<extensions>
					<swisstopo:routepoint_id>1812759850</swisstopo:routepoint_id>
				</extensions>
			</trkpt>
			<trkpt lat="47.1343915257" lon="9.1853493028">
				<ele>661.7</ele>
				<extensions>
					<swisstopo:routepoint_id>76260666</swisstopo:routepoint_id>
				</extensions>
			</trkpt>
			<trkpt lat="47.1343983409" lon="9.1854023419">
				<ele>662.1</ele>
				<extensions>
					<swisstopo:routepoint_id>1596658054</swisstopo:routepoint_id>
				</extensions>
			</trkpt>
			<trkpt lat="47.1343972974" lon="9.1854710651">
				<ele>662.0</ele>
				<extensions>
					<swisstopo:routepoint_id>1916181438</swisstopo:routepoint_id>
				</extensions>
			</trkpt>
			<trkpt lat="47.1343946473" lon="9.1855193789">
				<ele>662.1</ele>
				<extensions>
					<swisstopo:routepoint_id>1577473779</swisstopo:routepoint_id>
				</extensions>
			</trkpt>
			<trkpt lat="47.1343916089" lon="9.1856057038">
				<ele>662.4</ele>
				<extensions>
					<swisstopo:routepoint_id>1080543773</swisstopo:routepoint_id>
				</extensions>
			</trkpt>
			<trkpt lat="47.1343914553" lon="9.1856827620">
				<ele>662.6</ele>
				<extensions>
					<swisstopo:routepoint_id>1184138246</swisstopo:routepoint_id>
				</extensions>
			</trkpt>
			<trkpt lat="47.1343974412" lon="9.1857453728">
				<ele>662.7</ele>
				<extensions>
					<swisstopo:routepoint_id>1044232790</swisstopo:routepoint_id>
				</extensions>
			</trkpt>
			<trkpt lat="47.1344163686" lon="9.1858231594">
				<ele>663.2</ele>
				<extensions>
					<swisstopo:routepoint_id>750601724</swisstopo:routepoint_id>
				</extensions>
			</trkpt>
			<trkpt lat="47.1344339210" lon="9.1858966821">
				<ele>663.4</ele>
				<extensions>
					<swisstopo:routepoint_id>1444775879</swisstopo:routepoint_id>
				</extensions>
			</trkpt>
			<trkpt lat="47.1344505519" lon="9.1859680915">
				<ele>663.6</ele>
				<extensions>
					<swisstopo:routepoint_id>550021681</swisstopo:routepoint_id>
				</extensions>
			</trkpt>
			<trkpt lat="47.1344622221" lon="9.1860189822">
				<ele>663.7</ele>
				<extensions>
					<swisstopo:routepoint_id>518919564</swisstopo:routepoint_id>
				</extensions>
			</trkpt>
			<trkpt lat="47.1344745590" lon="9.1860579628">
				<ele>663.9</ele>
				<extensions>
					<swisstopo:routepoint_id>573093537</swisstopo:routepoint_id>
				</extensions>
			</trkpt>
			<trkpt lat="47.1344987764" lon="9.1861079184">
				<ele>664.6</ele>
				<extensions>
					<swisstopo:routepoint_id>1366440365</swisstopo:routepoint_id>
				</extensions>
			</trkpt>
			<trkpt lat="47.1345310758" lon="9.1861464562">
				<ele>664.3</ele>
				<extensions>
					<swisstopo:routepoint_id>491624682</swisstopo:routepoint_id>
				</extensions>
			</trkpt>
			<trkpt lat="47.1345869621" lon="9.1861964964">
				<ele>664.8</ele>
				<extensions>
					<swisstopo:routepoint_id>944145195</swisstopo:routepoint_id>
				</extensions>
			</trkpt>
			<trkpt lat="47.1346156197" lon="9.1862349024">
				<ele>665.4</ele>
				<extensions>
					<swisstopo:routepoint_id>737051813</swisstopo:routepoint_id>
				</extensions>
			</trkpt>
			<trkpt lat="47.1346252498" lon="9.1862631153">
				<ele>665.3</ele>
				<extensions>
					<swisstopo:routepoint_id>1591075351</swisstopo:routepoint_id>
				</extensions>
			</trkpt>
			<trkpt lat="47.1346347422" lon="9.1862980345">
				<ele>665.0</ele>
				<extensions>
					<swisstopo:routepoint_id>549519293</swisstopo:routepoint_id>
				</extensions>
			</trkpt>
			<trkpt lat="47.1346383789" lon="9.1863411481">
				<ele>665.1</ele>
				<extensions>
					<swisstopo:routepoint_id>1210939016</swisstopo:routepoint_id>
				</extensions>
			</trkpt>
			<trkpt lat="47.1346384046" lon="9.1863862399">
				<ele>665.0</ele>
				<extensions>
					<swisstopo:routepoint_id>1201267609</swisstopo:routepoint_id>
				</extensions>
			</trkpt>
			<trkpt lat="47.1346218868" lon="9.1864370941">
				<ele>665.1</ele>
				<extensions>
					<swisstopo:routepoint_id>1403020867</swisstopo:routepoint_id>
				</extensions>
			</trkpt>
			<trkpt lat="47.1345957838" lon="9.1865065152">
				<ele>665.2</ele>
				<extensions>
					<swisstopo:routepoint_id>686608714</swisstopo:routepoint_id>
				</extensions>
			</trkpt>
			<trkpt lat="47.1345621441" lon="9.1865786967">
				<ele>665.4</ele>
				<extensions>
					<swisstopo:routepoint_id>1785159793</swisstopo:routepoint_id>
				</extensions>
			</trkpt>
			<trkpt lat="47.1345430803" lon="9.1866348601">
				<ele>665.4</ele>
				<extensions>
					<swisstopo:routepoint_id>1690034145</swisstopo:routepoint_id>
				</extensions>
			</trkpt>
			<trkpt lat="47.1345378056" lon="9.1866817829">
				<ele>665.4</ele>
				<extensions>
					<swisstopo:routepoint_id>932716914</swisstopo:routepoint_id>
				</extensions>
			</trkpt>
			<trkpt lat="47.1345411898" lon="9.1867580866">
				<ele>665.4</ele>
				<extensions>
					<swisstopo:routepoint_id>704468975</swisstopo:routepoint_id>
				</extensions>
			</trkpt>
			<trkpt lat="47.1345500877" lon="9.1868451447">
				<ele>665.3</ele>
				<extensions>
					<swisstopo:routepoint_id>295197935</swisstopo:routepoint_id>
				</extensions>
			</trkpt>
			<trkpt lat="47.1345686493" lon="9.1869534550">
				<ele>665.0</ele>
				<extensions>
					<swisstopo:routepoint_id>812527144</swisstopo:routepoint_id>
				</extensions>
			</trkpt>
			<trkpt lat="47.1346049082" lon="9.1870386907">
				<ele>664.9</ele>
				<extensions>
					<swisstopo:routepoint_id>1835126594</swisstopo:routepoint_id>
				</extensions>
			</trkpt>
			<trkpt lat="47.1346173500" lon="9.1873300007">
				<ele>665.7</ele>
				<extensions>
					<swisstopo:routepoint_id>68084514</swisstopo:routepoint_id>
				</extensions>
			</trkpt>
			<trkpt lat="47.1346225439" lon="9.1873902130">
				<ele>668.2</ele>
				<extensions>
					<swisstopo:routepoint_id>1101792085</swisstopo:routepoint_id>
				</extensions>
			</trkpt>
			<trkpt lat="47.1346159694" lon="9.1874912421">
				<ele>669.9</ele>
				<extensions>
					<swisstopo:routepoint_id>1302074145</swisstopo:routepoint_id>
				</extensions>
			</trkpt>
			<trkpt lat="47.1346056715" lon="9.1875531239">
				<ele>671.1</ele>
				<extensions>
					<swisstopo:routepoint_id>2098240676</swisstopo:routepoint_id>
				</extensions>
			</trkpt>
			<trkpt lat="47.1345961730" lon="9.1876097705">
				<ele>672.4</ele>
				<extensions>
					<swisstopo:routepoint_id>1751383894</swisstopo:routepoint_id>
				</extensions>
			</trkpt>
			<trkpt lat="47.1345834532" lon="9.1876895037">
				<ele>674.0</ele>
				<extensions>
					<swisstopo:routepoint_id>1893447020</swisstopo:routepoint_id>
				</extensions>
			</trkpt>
			<trkpt lat="47.1345637066" lon="9.1877574051">
				<ele>675.3</ele>
				<extensions>
					<swisstopo:routepoint_id>386115401</swisstopo:routepoint_id>
				</extensions>
			</trkpt>
			<trkpt lat="47.1345538892" lon="9.1877876725">
				<ele>676.1</ele>
				<extensions>
					<swisstopo:routepoint_id>1182435877</swisstopo:routepoint_id>
				</extensions>
			</trkpt>
			<trkpt lat="47.1345436874" lon="9.1878432281">
				<ele>677.2</ele>
				<extensions>
					<swisstopo:routepoint_id>949041678</swisstopo:routepoint_id>
				</extensions>
			</trkpt>
			<trkpt lat="47.1345400082" lon="9.1878958460">
				<ele>678.0</ele>
				<extensions>
					<swisstopo:routepoint_id>644416557</swisstopo:routepoint_id>
				</extensions>
			</trkpt>
			<trkpt lat="47.1345394927" lon="9.1881172896">
				<ele>681.6</ele>
				<extensions>
					<swisstopo:routepoint_id>103662382</swisstopo:routepoint_id>
				</extensions>
			</trkpt>
			<trkpt lat="47.1345345633" lon="9.1884413887">
				<ele>687.5</ele>
				<extensions>
					<swisstopo:routepoint_id>710424986</swisstopo:routepoint_id>
				</extensions>
			</trkpt>
			<trkpt lat="47.1345369388" lon="9.1887654764">
				<ele>693.1</ele>
				<extensions>
					<swisstopo:routepoint_id>909020592</swisstopo:routepoint_id>
				</extensions>
			</trkpt>
			<trkpt lat="47.1345378315" lon="9.1891378762">
				<ele>699.2</ele>
				<extensions>
					<swisstopo:routepoint_id>92561860</swisstopo:routepoint_id>
				</extensions>
			</trkpt>
			<trkpt lat="47.1345448498" lon="9.1893347267">
				<ele>702.6</ele>
				<extensions>
					<swisstopo:routepoint_id>1212061786</swisstopo:routepoint_id>
				</extensions>
			</trkpt>
			<trkpt lat="47.1345551531" lon="9.1894700071">
				<ele>704.8</ele>
				<extensions>
					<swisstopo:routepoint_id>134489490</swisstopo:routepoint_id>
				</extensions>
			</trkpt>
			<trkpt lat="47.1345685437" lon="9.1896276577">
				<ele>707.6</ele>
				<extensions>
					<swisstopo:routepoint_id>1541719056</swisstopo:routepoint_id>
				</extensions>
			</trkpt>
			<trkpt lat="47.1345886398" lon="9.1900043776">
				<ele>713.8</ele>
				<extensions>
					<swisstopo:routepoint_id>240305288</swisstopo:routepoint_id>
				</extensions>
			</trkpt>
			<trkpt lat="47.1345928217" lon="9.1901285943">
				<ele>715.8</ele>
				<extensions>
					<swisstopo:routepoint_id>1525114840</swisstopo:routepoint_id>
				</extensions>
			</trkpt>
			<trkpt lat="47.1345907595" lon="9.1902025715">
				<ele>717.2</ele>
				<extensions>
					<swisstopo:routepoint_id>349294813</swisstopo:routepoint_id>
				</extensions>
			</trkpt>
			<trkpt lat="47.1346022903" lon="9.1903203962">
				<ele>719.6</ele>
				<extensions>
					<swisstopo:routepoint_id>1981143764</swisstopo:routepoint_id>
				</extensions>
			</trkpt>
			<trkpt lat="47.1346404471" lon="9.1904078724">
				<ele>722.0</ele>
				<extensions>
					<swisstopo:routepoint_id>1884005476</swisstopo:routepoint_id>
				</extensions>
			</trkpt>
			<trkpt lat="47.1346920324" lon="9.1905056756">
				<ele>723.4</ele>
				<extensions>
					<swisstopo:routepoint_id>1347607934</swisstopo:routepoint_id>
				</extensions>
			</trkpt>
			<trkpt lat="47.1347338490" lon="9.1906358048">
				<ele>726.6</ele>
				<extensions>
					<swisstopo:routepoint_id>1766416466</swisstopo:routepoint_id>
				</extensions>
			</trkpt>
			<trkpt lat="47.1347806449" lon="9.1908028954">
				<ele>729.7</ele>
				<extensions>
					<swisstopo:routepoint_id>243896306</swisstopo:routepoint_id>
				</extensions>
			</trkpt>
			<trkpt lat="47.1348326315" lon="9.1909298507">
				<ele>732.6</ele>
				<extensions>
					<swisstopo:routepoint_id>1001372835</swisstopo:routepoint_id>
				</extensions>
			</trkpt>
			<trkpt lat="47.1348915995" lon="9.1909965830">
				<ele>734.7</ele>
				<extensions>
					<swisstopo:routepoint_id>1117947034</swisstopo:routepoint_id>
				</extensions>
			</trkpt>
			<trkpt lat="47.1349381658" lon="9.1910582301">
				<ele>736.4</ele>
				<extensions>
					<swisstopo:routepoint_id>1566948885</swisstopo:routepoint_id>
				</extensions>
			</trkpt>
			<trkpt lat="47.1350115900" lon="9.1911286533">
				<ele>738.8</ele>
				<extensions>
					<swisstopo:routepoint_id>611232298</swisstopo:routepoint_id>
				</extensions>
			</trkpt>
			<trkpt lat="47.1350392138" lon="9.1911580362">
				<ele>739.5</ele>
				<extensions>
					<swisstopo:routepoint_id>1219375717</swisstopo:routepoint_id>
				</extensions>
			</trkpt>
			<trkpt lat="47.1350760106" lon="9.1912225271">
				<ele>740.9</ele>
				<extensions>
					<swisstopo:routepoint_id>1798735448</swisstopo:routepoint_id>
				</extensions>
			</trkpt>
			<trkpt lat="47.1351111077" lon="9.1912828358">
				<ele>743.2</ele>
				<extensions>
					<swisstopo:routepoint_id>1993879548</swisstopo:routepoint_id>
				</extensions>
			</trkpt>
			<trkpt lat="47.1351306797" lon="9.1913192467">
				<ele>743.6</ele>
				<extensions>
					<swisstopo:routepoint_id>7785024</swisstopo:routepoint_id>
				</extensions>
			</trkpt>
			<trkpt lat="47.1351791875" lon="9.1913951832">
				<ele>745.5</ele>
				<extensions>
					<swisstopo:routepoint_id>1200046064</swisstopo:routepoint_id>
				</extensions>
			</trkpt>
			<trkpt lat="47.1352138982" lon="9.1914548598">
				<ele>747.1</ele>
				<extensions>
					<swisstopo:routepoint_id>150332648</swisstopo:routepoint_id>
				</extensions>
			</trkpt>
			<trkpt lat="47.1352497935" lon="9.1915082467">
				<ele>748.4</ele>
				<extensions>
					<swisstopo:routepoint_id>1347377009</swisstopo:routepoint_id>
				</extensions>
			</trkpt>
			<trkpt lat="47.1352654744" lon="9.1915419860">
				<ele>749.2</ele>
				<extensions>
					<swisstopo:routepoint_id>702321503</swisstopo:routepoint_id>
				</extensions>
			</trkpt>
			<trkpt lat="47.1352850621" lon="9.1916027497">
				<ele>750.5</ele>
				<extensions>
					<swisstopo:routepoint_id>1658026425</swisstopo:routepoint_id>
				</extensions>
			</trkpt>
			<trkpt lat="47.1352906144" lon="9.1916947893">
				<ele>751.8</ele>
				<extensions>
					<swisstopo:routepoint_id>157642968</swisstopo:routepoint_id>
				</extensions>
			</trkpt>
			<trkpt lat="47.1352799240" lon="9.1917592555">
				<ele>754.0</ele>
				<extensions>
					<swisstopo:routepoint_id>836284769</swisstopo:routepoint_id>
				</extensions>
			</trkpt>
			<trkpt lat="47.1352707496" lon="9.1917856407">
				<ele>754.6</ele>
				<extensions>
					<swisstopo:routepoint_id>639810014</swisstopo:routepoint_id>
				</extensions>
			</trkpt>
			<trkpt lat="47.1352652542" lon="9.1918014541">
				<ele>755.0</ele>
				<extensions>
					<swisstopo:routepoint_id>2061147053</swisstopo:routepoint_id>
				</extensions>
			</trkpt>
			<trkpt lat="47.1352363326" lon="9.1918590076">
				<ele>756.3</ele>
				<extensions>
					<swisstopo:routepoint_id>1198634959</swisstopo:routepoint_id>
				</extensions>
			</trkpt>
			<trkpt lat="47.1351967737" lon="9.1919067064">
				<ele>758.1</ele>
				<extensions>
					<swisstopo:routepoint_id>1668533355</swisstopo:routepoint_id>
				</extensions>
			</trkpt>
			<trkpt lat="47.1351420192" lon="9.1919602488">
				<ele>760.4</ele>
				<extensions>
					<swisstopo:routepoint_id>1884753515</swisstopo:routepoint_id>
				</extensions>
			</trkpt>
			<trkpt lat="47.1350851549" lon="9.1920105448">
				<ele>761.7</ele>
				<extensions>
					<swisstopo:routepoint_id>1511540954</swisstopo:routepoint_id>
				</extensions>
			</trkpt>
			<trkpt lat="47.1350117740" lon="9.1920807494">
				<ele>765.2</ele>
				<extensions>
					<swisstopo:routepoint_id>1292515537</swisstopo:routepoint_id>
				</extensions>
			</trkpt>
			<trkpt lat="47.1349236126" lon="9.1921331182">
				<ele>766.6</ele>
				<extensions>
					<swisstopo:routepoint_id>1917057754</swisstopo:routepoint_id>
				</extensions>
			</trkpt>
			<trkpt lat="47.1347780450" lon="9.1922418042">
				<ele>771.0</ele>
				<extensions>
					<swisstopo:routepoint_id>1013994157</swisstopo:routepoint_id>
				</extensions>
			</trkpt>
			<trkpt lat="47.1346941784" lon="9.1923240710">
				<ele>773.7</ele>
				<extensions>
					<swisstopo:routepoint_id>1562470639</swisstopo:routepoint_id>
				</extensions>
			</trkpt>
			<trkpt lat="47.1346698387" lon="9.1923643435">
				<ele>774.6</ele>
				<extensions>
					<swisstopo:routepoint_id>2077556916</swisstopo:routepoint_id>
				</extensions>
			</trkpt>
			<trkpt lat="47.1346563545" lon="9.1924007662">
				<ele>775.2</ele>
				<extensions>
					<swisstopo:routepoint_id>2110808587</swisstopo:routepoint_id>
				</extensions>
			</trkpt>
			<trkpt lat="47.1346477275" lon="9.1924478817">
				<ele>775.8</ele>
				<extensions>
					<swisstopo:routepoint_id>162141969</swisstopo:routepoint_id>
				</extensions>
			</trkpt>
			<trkpt lat="47.1346484122" lon="9.1924973994">
				<ele>776.5</ele>
				<extensions>
					<swisstopo:routepoint_id>1338561363</swisstopo:routepoint_id>
				</extensions>
			</trkpt>
			<trkpt lat="47.1346561605" lon="9.1925545310">
				<ele>777.4</ele>
				<extensions>
					<swisstopo:routepoint_id>734519817</swisstopo:routepoint_id>
				</extensions>
			</trkpt>
			<trkpt lat="47.1346656294" lon="9.1925938147">
				<ele>778.1</ele>
				<extensions>
					<swisstopo:routepoint_id>1353800426</swisstopo:routepoint_id>
				</extensions>
			</trkpt>
			<trkpt lat="47.1346903599" lon="9.1926683538">
				<ele>779.3</ele>
				<extensions>
					<swisstopo:routepoint_id>1214820065</swisstopo:routepoint_id>
				</extensions>
			</trkpt>
			<trkpt lat="47.1347113698" lon="9.1927048507">
				<ele>779.9</ele>
				<extensions>
					<swisstopo:routepoint_id>1791963199</swisstopo:routepoint_id>
				</extensions>
			</trkpt>
			<trkpt lat="47.1347273437" lon="9.1927411835">
				<ele>780.4</ele>
				<extensions>
					<swisstopo:routepoint_id>161356359</swisstopo:routepoint_id>
				</extensions>
			</trkpt>
			<trkpt lat="47.1347461312" lon="9.1927818149">
				<ele>781.1</ele>
				<extensions>
					<swisstopo:routepoint_id>1569319659</swisstopo:routepoint_id>
				</extensions>
			</trkpt>
			<trkpt lat="47.1347579580" lon="9.1928074771">
				<ele>781.7</ele>
				<extensions>
					<swisstopo:routepoint_id>566511830</swisstopo:routepoint_id>
				</extensions>
			</trkpt>
			<trkpt lat="47.1347596990" lon="9.1928349191">
				<ele>782.1</ele>
				<extensions>
					<swisstopo:routepoint_id>417340876</swisstopo:routepoint_id>
				</extensions>
			</trkpt>
			<trkpt lat="47.1347584659" lon="9.1928685780">
				<ele>782.7</ele>
				<extensions>
					<swisstopo:routepoint_id>1672447837</swisstopo:routepoint_id>
				</extensions>
			</trkpt>
			<trkpt lat="47.1347528127" lon="9.1929094763">
				<ele>783.8</ele>
				<extensions>
					<swisstopo:routepoint_id>1088982453</swisstopo:routepoint_id>
				</extensions>
			</trkpt>
			<trkpt lat="47.1347390302" lon="9.1929648476">
				<ele>784.8</ele>
				<extensions>
					<swisstopo:routepoint_id>140615279</swisstopo:routepoint_id>
				</extensions>
			</trkpt>
			<trkpt lat="47.1347281325" lon="9.1930192599">
				<ele>785.7</ele>
				<extensions>
					<swisstopo:routepoint_id>1286173083</swisstopo:routepoint_id>
				</extensions>
			</trkpt>
			<trkpt lat="47.1347191452" lon="9.1930905833">
				<ele>786.6</ele>
				<extensions>
					<swisstopo:routepoint_id>2052880255</swisstopo:routepoint_id>
				</extensions>
			</trkpt>
			<trkpt lat="47.1347238434" lon="9.1931777827">
				<ele>787.9</ele>
				<extensions>
					<swisstopo:routepoint_id>1745248083</swisstopo:routepoint_id>
				</extensions>
			</trkpt>
			<trkpt lat="47.1347394941" lon="9.1932860265">
				<ele>789.3</ele>
				<extensions>
					<swisstopo:routepoint_id>1230176136</swisstopo:routepoint_id>
				</extensions>
			</trkpt>
			<trkpt lat="47.1347552321" lon="9.1933879457">
				<ele>790.2</ele>
				<extensions>
					<swisstopo:routepoint_id>1894438194</swisstopo:routepoint_id>
				</extensions>
			</trkpt>
			<trkpt lat="47.1347808489" lon="9.1934574372">
				<ele>790.9</ele>
				<extensions>
					<swisstopo:routepoint_id>891202796</swisstopo:routepoint_id>
				</extensions>
			</trkpt>
			<trkpt lat="47.1347942083" lon="9.1935265406">
				<ele>791.5</ele>
				<extensions>
					<swisstopo:routepoint_id>1231530826</swisstopo:routepoint_id>
				</extensions>
			</trkpt>
			<trkpt lat="47.1348155569" lon="9.1936440166">
				<ele>793.1</ele>
				<extensions>
					<swisstopo:routepoint_id>223548547</swisstopo:routepoint_id>
				</extensions>
			</trkpt>
			<trkpt lat="47.1348214593" lon="9.1937076940">
				<ele>793.7</ele>
				<extensions>
					<swisstopo:routepoint_id>1114706425</swisstopo:routepoint_id>
				</extensions>
			</trkpt>
			<trkpt lat="47.1348672555" lon="9.1937660606">
				<ele>795.1</ele>
				<extensions>
					<swisstopo:routepoint_id>671769872</swisstopo:routepoint_id>
				</extensions>
			</trkpt>
			<trkpt lat="47.1348948765" lon="9.1938280111">
				<ele>797.9</ele>
				<extensions>
					<swisstopo:routepoint_id>1604104330</swisstopo:routepoint_id>
				</extensions>
			</trkpt>
			<trkpt lat="47.1349131870" lon="9.1938757073">
				<ele>800.3</ele>
				<extensions>
					<swisstopo:routepoint_id>1944164205</swisstopo:routepoint_id>
				</extensions>
			</trkpt>
			<trkpt lat="47.1349200877" lon="9.1938916364">
				<ele>801.1</ele>
				<extensions>
					<swisstopo:routepoint_id>1395781998</swisstopo:routepoint_id>
				</extensions>
			</trkpt>
			<trkpt lat="47.1349334862" lon="9.1939033225">
				<ele>802.3</ele>
				<extensions>
					<swisstopo:routepoint_id>1582937062</swisstopo:routepoint_id>
				</extensions>
			</trkpt>
			<trkpt lat="47.1349660392" lon="9.1938442937">
				<ele>803.4</ele>
				<extensions>
					<swisstopo:routepoint_id>532269431</swisstopo:routepoint_id>
				</extensions>
			</trkpt>
			<trkpt lat="47.1350074194" lon="9.1937846061">
				<ele>805.4</ele>
				<extensions>
					<swisstopo:routepoint_id>472153528</swisstopo:routepoint_id>
				</extensions>
			</trkpt>
			<trkpt lat="47.1350260479" lon="9.1937489454">
				<ele>806.6</ele>
				<extensions>
					<swisstopo:routepoint_id>1438242880</swisstopo:routepoint_id>
				</extensions>
			</trkpt>
			<trkpt lat="47.1350525460" lon="9.1937913197">
				<ele>809.2</ele>
				<extensions>
					<swisstopo:routepoint_id>2021840423</swisstopo:routepoint_id>
				</extensions>
			</trkpt>
			<trkpt lat="47.1350730359" lon="9.1938530367">
				<ele>812.9</ele>
				<extensions>
					<swisstopo:routepoint_id>1499027340</swisstopo:routepoint_id>
				</extensions>
			</trkpt>
			<trkpt lat="47.1350885465" lon="9.1939285524">
				<ele>815.6</ele>
				<extensions>
					<swisstopo:routepoint_id>134378791</swisstopo:routepoint_id>
				</extensions>
			</trkpt>
			<trkpt lat="47.1351360463" lon="9.1940138331">
				<ele>819.8</ele>
				<extensions>
					<swisstopo:routepoint_id>961373317</swisstopo:routepoint_id>
				</extensions>
			</trkpt>
			<trkpt lat="47.1351757683" lon="9.1940622317">
				<ele>822.9</ele>
				<extensions>
					<swisstopo:routepoint_id>219827051</swisstopo:routepoint_id>
				</extensions>
			</trkpt>
			<trkpt lat="47.1352162963" lon="9.1941368147">
				<ele>826.8</ele>
				<extensions>
					<swisstopo:routepoint_id>740203046</swisstopo:routepoint_id>
				</extensions>
			</trkpt>
			<trkpt lat="47.1352354036" lon="9.1942106960">
				<ele>830.3</ele>
				<extensions>
					<swisstopo:routepoint_id>276161859</swisstopo:routepoint_id>
				</extensions>
			</trkpt>
			<trkpt lat="47.1352659292" lon="9.1943163573">
				<ele>834.3</ele>
				<extensions>
					<swisstopo:routepoint_id>696162703</swisstopo:routepoint_id>
				</extensions>
			</trkpt>
			<trkpt lat="47.1353095924" lon="9.1944189556">
				<ele>838.6</ele>
				<extensions>
					<swisstopo:routepoint_id>339279184</swisstopo:routepoint_id>
				</extensions>
			</trkpt>
			<trkpt lat="47.1353401459" lon="9.1944443756">
				<ele>840.7</ele>
				<extensions>
					<swisstopo:routepoint_id>558261161</swisstopo:routepoint_id>
				</extensions>
			</trkpt>
			<trkpt lat="47.1354056821" lon="9.1945180395">
				<ele>845.6</ele>
				<extensions>
					<swisstopo:routepoint_id>41687269</swisstopo:routepoint_id>
				</extensions>
			</trkpt>
			<trkpt lat="47.1354960846" lon="9.1945994940">
				<ele>851.8</ele>
				<extensions>
					<swisstopo:routepoint_id>759230649</swisstopo:routepoint_id>
				</extensions>
			</trkpt>
			<trkpt lat="47.1355490596" lon="9.1946378591">
				<ele>855.1</ele>
				<extensions>
					<swisstopo:routepoint_id>1963918777</swisstopo:routepoint_id>
				</extensions>
			</trkpt>
			<trkpt lat="47.1355728027" lon="9.1946648636">
				<ele>856.8</ele>
				<extensions>
					<swisstopo:routepoint_id>242247006</swisstopo:routepoint_id>
				</extensions>
			</trkpt>
			<trkpt lat="47.1355806534" lon="9.1946737801">
				<ele>857.4</ele>
				<extensions>
					<swisstopo:routepoint_id>403266534</swisstopo:routepoint_id>
				</extensions>
			</trkpt>
			<trkpt lat="47.1355854338" lon="9.1946921626">
				<ele>858.1</ele>
				<extensions>
					<swisstopo:routepoint_id>2077871264</swisstopo:routepoint_id>
				</extensions>
			</trkpt>
			<trkpt lat="47.1356053865" lon="9.1947687844">
				<ele>860.6</ele>
				<extensions>
					<swisstopo:routepoint_id>670038355</swisstopo:routepoint_id>
				</extensions>
			</trkpt>
			<trkpt lat="47.1356271662" lon="9.1948235709">
				<ele>862.5</ele>
				<extensions>
					<swisstopo:routepoint_id>362276800</swisstopo:routepoint_id>
				</extensions>
			</trkpt>
			<trkpt lat="47.1356676039" lon="9.1949033884">
				<ele>866.4</ele>
				<extensions>
					<swisstopo:routepoint_id>609499570</swisstopo:routepoint_id>
				</extensions>
			</trkpt>
			<trkpt lat="47.1357201538" lon="9.1949696525">
				<ele>870.5</ele>
				<extensions>
					<swisstopo:routepoint_id>382716905</swisstopo:routepoint_id>
				</extensions>
			</trkpt>
			<trkpt lat="47.1357481984" lon="9.1950037022">
				<ele>872.8</ele>
				<extensions>
					<swisstopo:routepoint_id>208804129</swisstopo:routepoint_id>
				</extensions>
			</trkpt>
			<trkpt lat="47.1357583358" lon="9.1950107495">
				<ele>873.4</ele>
				<extensions>
					<swisstopo:routepoint_id>926367897</swisstopo:routepoint_id>
				</extensions>
			</trkpt>
			<trkpt lat="47.1358141617" lon="9.1950494833">
				<ele>877.8</ele>
				<extensions>
					<swisstopo:routepoint_id>730789870</swisstopo:routepoint_id>
				</extensions>
			</trkpt>
			<trkpt lat="47.1358614230" lon="9.1950719574">
				<ele>881.1</ele>
				<extensions>
					<swisstopo:routepoint_id>1760374427</swisstopo:routepoint_id>
				</extensions>
			</trkpt>
			<trkpt lat="47.1359049591" lon="9.1951047835">
				<ele>884.2</ele>
				<extensions>
					<swisstopo:routepoint_id>890939273</swisstopo:routepoint_id>
				</extensions>
			</trkpt>
			<trkpt lat="47.1359177247" lon="9.1951261387">
				<ele>885.5</ele>
				<extensions>
					<swisstopo:routepoint_id>143158959</swisstopo:routepoint_id>
				</extensions>
			</trkpt>
			<trkpt lat="47.1359221473" lon="9.1951489582">
				<ele>886.4</ele>
				<extensions>
					<swisstopo:routepoint_id>1244263635</swisstopo:routepoint_id>
				</extensions>
			</trkpt>
			<trkpt lat="47.1359317256" lon="9.1952225297">
				<ele>888.5</ele>
				<extensions>
					<swisstopo:routepoint_id>248848392</swisstopo:routepoint_id>
				</extensions>
			</trkpt>
			<trkpt lat="47.1359407484" lon="9.1952559619">
				<ele>890.0</ele>
				<extensions>
					<swisstopo:routepoint_id>489002723</swisstopo:routepoint_id>
				</extensions>
			</trkpt>
			<trkpt lat="47.1359688477" lon="9.1953479874">
				<ele>893.8</ele>
				<extensions>
					<swisstopo:routepoint_id>1119066507</swisstopo:routepoint_id>
				</extensions>
			</trkpt>
			<trkpt lat="47.1359583908" lon="9.1954257428">
				<ele>894.6</ele>
				<extensions>
					<swisstopo:routepoint_id>101262933</swisstopo:routepoint_id>
				</extensions>
			</trkpt>
			<trkpt lat="47.1359572726" lon="9.1954989570">
				<ele>895.9</ele>
				<extensions>
					<swisstopo:routepoint_id>1867283113</swisstopo:routepoint_id>
				</extensions>
			</trkpt>
			<trkpt lat="47.1359644528" lon="9.1955742077">
				<ele>897.5</ele>
				<extensions>
					<swisstopo:routepoint_id>513120374</swisstopo:routepoint_id>
				</extensions>
			</trkpt>
			<trkpt lat="47.1359704921" lon="9.1956459185">
				<ele>899.5</ele>
				<extensions>
					<swisstopo:routepoint_id>545110868</swisstopo:routepoint_id>
				</extensions>
			</trkpt>
			<trkpt lat="47.1359661810" lon="9.1956946153">
				<ele>900.6</ele>
				<extensions>
					<swisstopo:routepoint_id>2061524738</swisstopo:routepoint_id>
				</extensions>
			</trkpt>
			<trkpt lat="47.1359497041" lon="9.1957603530">
				<ele>902.1</ele>
				<extensions>
					<swisstopo:routepoint_id>717441228</swisstopo:routepoint_id>
				</extensions>
			</trkpt>
			<trkpt lat="47.1359288670" lon="9.1957997775">
				<ele>903.2</ele>
				<extensions>
					<swisstopo:routepoint_id>1836270895</swisstopo:routepoint_id>
				</extensions>
			</trkpt>
			<trkpt lat="47.1358832667" lon="9.1958244510">
				<ele>904.1</ele>
				<extensions>
					<swisstopo:routepoint_id>258083284</swisstopo:routepoint_id>
				</extensions>
			</trkpt>
			<trkpt lat="47.1358514884" lon="9.1958007333">
				<ele>903.6</ele>
				<extensions>
					<swisstopo:routepoint_id>542412457</swisstopo:routepoint_id>
				</extensions>
			</trkpt>
			<trkpt lat="47.1358151101" lon="9.1957664033">
				<ele>903.3</ele>
				<extensions>
					<swisstopo:routepoint_id>1509927808</swisstopo:routepoint_id>
				</extensions>
			</trkpt>
			<trkpt lat="47.1357693275" lon="9.1957247793">
				<ele>904.3</ele>
				<extensions>
					<swisstopo:routepoint_id>633716983</swisstopo:routepoint_id>
				</extensions>
			</trkpt>
			<trkpt lat="47.1357284909" lon="9.1956711115">
				<ele>906.0</ele>
				<extensions>
					<swisstopo:routepoint_id>2083506995</swisstopo:routepoint_id>
				</extensions>
			</trkpt>
			<trkpt lat="47.1356876724" lon="9.1956156997">
				<ele>907.6</ele>
				<extensions>
					<swisstopo:routepoint_id>1801086780</swisstopo:routepoint_id>
				</extensions>
			</trkpt>
			<trkpt lat="47.1356347392" lon="9.1955935350">
				<ele>908.2</ele>
				<extensions>
					<swisstopo:routepoint_id>1424522448</swisstopo:routepoint_id>
				</extensions>
			</trkpt>
			<trkpt lat="47.1356133843" lon="9.1955949457">
				<ele>908.2</ele>
				<extensions>
					<swisstopo:routepoint_id>810549967</swisstopo:routepoint_id>
				</extensions>
			</trkpt>
			<trkpt lat="47.1356079093" lon="9.1956168737">
				<ele>908.6</ele>
				<extensions>
					<swisstopo:routepoint_id>2100639121</swisstopo:routepoint_id>
				</extensions>
			</trkpt>
			<trkpt lat="47.1356086823" lon="9.1956444985">
				<ele>908.6</ele>
				<extensions>
					<swisstopo:routepoint_id>331057493</swisstopo:routepoint_id>
				</extensions>
			</trkpt>
			<trkpt lat="47.1356204361" lon="9.1957320984">
				<ele>909.5</ele>
				<extensions>
					<swisstopo:routepoint_id>394838789</swisstopo:routepoint_id>
				</extensions>
			</trkpt>
			<trkpt lat="47.1356346762" lon="9.1958128015">
				<ele>910.1</ele>
				<extensions>
					<swisstopo:routepoint_id>759123888</swisstopo:routepoint_id>
				</extensions>
			</trkpt>
			<trkpt lat="47.1356533032" lon="9.1959180740">
				<ele>911.2</ele>
				<extensions>
					<swisstopo:routepoint_id>12822484</swisstopo:routepoint_id>
				</extensions>
			</trkpt>
			<trkpt lat="47.1356568911" lon="9.1959949380">
				<ele>912.0</ele>
				<extensions>
					<swisstopo:routepoint_id>76536891</swisstopo:routepoint_id>
				</extensions>
			</trkpt>
			<trkpt lat="47.1356664956" lon="9.1960667657">
				<ele>912.3</ele>
				<extensions>
					<swisstopo:routepoint_id>901955352</swisstopo:routepoint_id>
				</extensions>
			</trkpt>
			<trkpt lat="47.1356884168" lon="9.1961128275">
				<ele>912.9</ele>
				<extensions>
					<swisstopo:routepoint_id>834923550</swisstopo:routepoint_id>
				</extensions>
			</trkpt>
			<trkpt lat="47.1357369391" lon="9.1962086137">
				<ele>911.8</ele>
				<extensions>
					<swisstopo:routepoint_id>670092174</swisstopo:routepoint_id>
				</extensions>
			</trkpt>
			<trkpt lat="47.1357643705" lon="9.1962827714">
				<ele>911.2</ele>
				<extensions>
					<swisstopo:routepoint_id>1202640934</swisstopo:routepoint_id>
				</extensions>
			</trkpt>
			<trkpt lat="47.1357766031" lon="9.1963389963">
				<ele>910.6</ele>
				<extensions>
					<swisstopo:routepoint_id>280278115</swisstopo:routepoint_id>
				</extensions>
			</trkpt>
			<trkpt lat="47.1357817315" lon="9.1963932368">
				<ele>910.3</ele>
				<extensions>
					<swisstopo:routepoint_id>342832088</swisstopo:routepoint_id>
				</extensions>
			</trkpt>
			<trkpt lat="47.1357896839" lon="9.1964179171">
				<ele>910.3</ele>
				<extensions>
					<swisstopo:routepoint_id>564777804</swisstopo:routepoint_id>
				</extensions>
			</trkpt>
			<trkpt lat="47.1358198150" lon="9.1964712211">
				<ele>911.6</ele>
				<extensions>
					<swisstopo:routepoint_id>2072003308</swisstopo:routepoint_id>
				</extensions>
			</trkpt>
			<trkpt lat="47.1358449549" lon="9.1965400826">
				<ele>913.2</ele>
				<extensions>
					<swisstopo:routepoint_id>298345858</swisstopo:routepoint_id>
				</extensions>
			</trkpt>
			<trkpt lat="47.1358520812" lon="9.1966188080">
				<ele>913.6</ele>
				<extensions>
					<swisstopo:routepoint_id>126257642</swisstopo:routepoint_id>
				</extensions>
			</trkpt>
			<trkpt lat="47.1358498063" lon="9.1966659103">
				<ele>913.8</ele>
				<extensions>
					<swisstopo:routepoint_id>1549129410</swisstopo:routepoint_id>
				</extensions>
			</trkpt>
			<trkpt lat="47.1358369395" lon="9.1967339810">
				<ele>913.9</ele>
				<extensions>
					<swisstopo:routepoint_id>492529964</swisstopo:routepoint_id>
				</extensions>
			</trkpt>
			<trkpt lat="47.1357779367" lon="9.1969715597">
				<ele>915.1</ele>
				<extensions>
					<swisstopo:routepoint_id>880641984</swisstopo:routepoint_id>
				</extensions>
			</trkpt>
			<trkpt lat="47.1357382669" lon="9.1971548834">
				<ele>917.1</ele>
				<extensions>
					<swisstopo:routepoint_id>174718319</swisstopo:routepoint_id>
				</extensions>
			</trkpt>
			<trkpt lat="47.1357413922" lon="9.1973251789">
				<ele>919.3</ele>
				<extensions>
					<swisstopo:routepoint_id>1403470881</swisstopo:routepoint_id>
				</extensions>
			</trkpt>
			<trkpt lat="47.1357528387" lon="9.1974655477">
				<ele>918.4</ele>
				<extensions>
					<swisstopo:routepoint_id>1727960066</swisstopo:routepoint_id>
				</extensions>
			</trkpt>
			<trkpt lat="47.1357559588" lon="9.1975350187">
				<ele>918.1</ele>
				<extensions>
					<swisstopo:routepoint_id>1288950765</swisstopo:routepoint_id>
				</extensions>
			</trkpt>
			<trkpt lat="47.1357575805" lon="9.1976105437">
				<ele>916.9</ele>
				<extensions>
					<swisstopo:routepoint_id>875195124</swisstopo:routepoint_id>
				</extensions>
			</trkpt>
			<trkpt lat="47.1357483336" lon="9.1976693979">
				<ele>917.2</ele>
				<extensions>
					<swisstopo:routepoint_id>1340903706</swisstopo:routepoint_id>
				</extensions>
			</trkpt>
			<trkpt lat="47.1357318767" lon="9.1977676535">
				<ele>917.3</ele>
				<extensions>
					<swisstopo:routepoint_id>1677741488</swisstopo:routepoint_id>
				</extensions>
			</trkpt>
			<trkpt lat="47.1357215195" lon="9.1978657747">
				<ele>917.6</ele>
				<extensions>
					<swisstopo:routepoint_id>772488629</swisstopo:routepoint_id>
				</extensions>
			</trkpt>
			<trkpt lat="47.1357101356" lon="9.1979735705">
				<ele>917.9</ele>
				<extensions>
					<swisstopo:routepoint_id>1881505872</swisstopo:routepoint_id>
				</extensions>
			</trkpt>
			<trkpt lat="47.1356899578" lon="9.1981588409">
				<ele>918.3</ele>
				<extensions>
					<swisstopo:routepoint_id>1063440258</swisstopo:routepoint_id>
				</extensions>
			</trkpt>
			<trkpt lat="47.1356864575" lon="9.1983129976">
				<ele>919.5</ele>
				<extensions>
					<swisstopo:routepoint_id>1645015048</swisstopo:routepoint_id>
				</extensions>
			</trkpt>
			<trkpt lat="47.1356798315" lon="9.1984055500">
				<ele>920.3</ele>
				<extensions>
					<swisstopo:routepoint_id>1174716617</swisstopo:routepoint_id>
				</extensions>
			</trkpt>
			<trkpt lat="47.1356700490" lon="9.1984752538">
				<ele>920.5</ele>
				<extensions>
					<swisstopo:routepoint_id>494168738</swisstopo:routepoint_id>
				</extensions>
			</trkpt>
			<trkpt lat="47.1356615098" lon="9.1985199741">
				<ele>922.2</ele>
				<extensions>
					<swisstopo:routepoint_id>1907810585</swisstopo:routepoint_id>
				</extensions>
			</trkpt>
			<trkpt lat="47.1356214532" lon="9.1987749310">
				<ele>922.9</ele>
				<extensions>
					<swisstopo:routepoint_id>1858446479</swisstopo:routepoint_id>
				</extensions>
			</trkpt>
			<trkpt lat="47.1356025124" lon="9.1989211890">
				<ele>924.9</ele>
				<extensions>
					<swisstopo:routepoint_id>1300458114</swisstopo:routepoint_id>
				</extensions>
			</trkpt>
			<trkpt lat="47.1355808188" lon="9.1990653092">
				<ele>926.4</ele>
				<extensions>
					<swisstopo:routepoint_id>1182873599</swisstopo:routepoint_id>
				</extensions>
			</trkpt>
			<trkpt lat="47.1355591693" lon="9.1991749557">
				<ele>927.3</ele>
				<extensions>
					<swisstopo:routepoint_id>1100452909</swisstopo:routepoint_id>
				</extensions>
			</trkpt>
			<trkpt lat="47.1355413312" lon="9.1993754247">
				<ele>930.5</ele>
				<extensions>
					<swisstopo:routepoint_id>1765251802</swisstopo:routepoint_id>
				</extensions>
			</trkpt>
			<trkpt lat="47.1355200174" lon="9.1995922731">
				<ele>932.1</ele>
				<extensions>
					<swisstopo:routepoint_id>138866692</swisstopo:routepoint_id>
				</extensions>
			</trkpt>
			<trkpt lat="47.1354981223" lon="9.1997299935">
				<ele>932.0</ele>
				<extensions>
					<swisstopo:routepoint_id>1339965483</swisstopo:routepoint_id>
				</extensions>
			</trkpt>
			<trkpt lat="47.1354449260" lon="9.1999721599">
				<ele>934.1</ele>
				<extensions>
					<swisstopo:routepoint_id>2067577370</swisstopo:routepoint_id>
				</extensions>
			</trkpt>
			<trkpt lat="47.1353706865" lon="9.2002373682">
				<ele>929.8</ele>
				<extensions>
					<swisstopo:routepoint_id>1613898140</swisstopo:routepoint_id>
				</extensions>
			</trkpt>
			<trkpt lat="47.1353329616" lon="9.2004887971">
				<ele>930.8</ele>
				<extensions>
					<swisstopo:routepoint_id>2065358694</swisstopo:routepoint_id>
				</extensions>
			</trkpt>
			<trkpt lat="47.1353291738" lon="9.2005140425">
				<ele>930.9</ele>
				<extensions>
					<swisstopo:routepoint_id>247875061</swisstopo:routepoint_id>
				</extensions>
			</trkpt>
			<trkpt lat="47.1353115721" lon="9.2005682855">
				<ele>930.5</ele>
				<extensions>
					<swisstopo:routepoint_id>195891016</swisstopo:routepoint_id>
				</extensions>
			</trkpt>
			<trkpt lat="47.1352962019" lon="9.2006013613">
				<ele>930.6</ele>
				<extensions>
					<swisstopo:routepoint_id>52015335</swisstopo:routepoint_id>
				</extensions>
			</trkpt>
			<trkpt lat="47.1352843980" lon="9.2006436255">
				<ele>930.3</ele>
				<extensions>
					<swisstopo:routepoint_id>1467605711</swisstopo:routepoint_id>
				</extensions>
			</trkpt>
			<trkpt lat="47.1352816283" lon="9.2007034459">
				<ele>931.2</ele>
				<extensions>
					<swisstopo:routepoint_id>1617440091</swisstopo:routepoint_id>
				</extensions>
			</trkpt>
			<trkpt lat="47.1352795905" lon="9.2007959490">
				<ele>932.3</ele>
				<extensions>
					<swisstopo:routepoint_id>785262358</swisstopo:routepoint_id>
				</extensions>
			</trkpt>
			<trkpt lat="47.1352713289" lon="9.2008501301">
				<ele>932.6</ele>
				<extensions>
					<swisstopo:routepoint_id>2095782236</swisstopo:routepoint_id>
				</extensions>
			</trkpt>
			<trkpt lat="47.1352563935" lon="9.2009358667">
				<ele>933.1</ele>
				<extensions>
					<swisstopo:routepoint_id>1531997217</swisstopo:routepoint_id>
				</extensions>
			</trkpt>
			<trkpt lat="47.1352389066" lon="9.2010495634">
				<ele>933.5</ele>
				<extensions>
					<swisstopo:routepoint_id>2137480719</swisstopo:routepoint_id>
				</extensions>
			</trkpt>
			<trkpt lat="47.1352233638" lon="9.2011532112">
				<ele>933.4</ele>
				<extensions>
					<swisstopo:routepoint_id>1828816769</swisstopo:routepoint_id>
				</extensions>
			</trkpt>
			<trkpt lat="47.1352045288" lon="9.2013149348">
				<ele>933.7</ele>
				<extensions>
					<swisstopo:routepoint_id>916497979</swisstopo:routepoint_id>
				</extensions>
			</trkpt>
			<trkpt lat="47.1351907603" lon="9.2014137494">
				<ele>934.3</ele>
				<extensions>
					<swisstopo:routepoint_id>725678356</swisstopo:routepoint_id>
				</extensions>
			</trkpt>
			<trkpt lat="47.1351819481" lon="9.2014779985">
				<ele>934.7</ele>
				<extensions>
					<swisstopo:routepoint_id>1922518274</swisstopo:routepoint_id>
				</extensions>
			</trkpt>
			<trkpt lat="47.1351746435" lon="9.2015325272">
				<ele>934.7</ele>
				<extensions>
					<swisstopo:routepoint_id>147053532</swisstopo:routepoint_id>
				</extensions>
			</trkpt>
			<trkpt lat="47.1351643748" lon="9.2016019891">
				<ele>932.5</ele>
				<extensions>
					<swisstopo:routepoint_id>1816176570</swisstopo:routepoint_id>
				</extensions>
			</trkpt>
			<trkpt lat="47.1351292058" lon="9.2016782253">
				<ele>930.0</ele>
				<extensions>
					<swisstopo:routepoint_id>715893352</swisstopo:routepoint_id>
				</extensions>
			</trkpt>
			<trkpt lat="47.1351191373" lon="9.2017140724">
				<ele>929.2</ele>
				<extensions>
					<swisstopo:routepoint_id>167425446</swisstopo:routepoint_id>
				</extensions>
			</trkpt>
			<trkpt lat="47.1351133927" lon="9.2017554547">
				<ele>928.2</ele>
				<extensions>
					<swisstopo:routepoint_id>884711382</swisstopo:routepoint_id>
				</extensions>
			</trkpt>
			<trkpt lat="47.1351103804" lon="9.2017964260">
				<ele>927.2</ele>
				<extensions>
					<swisstopo:routepoint_id>547177348</swisstopo:routepoint_id>
				</extensions>
			</trkpt>
			<trkpt lat="47.1351077119" lon="9.2018836474">
				<ele>925.2</ele>
				<extensions>
					<swisstopo:routepoint_id>29931478</swisstopo:routepoint_id>
				</extensions>
			</trkpt>
			<trkpt lat="47.1350994632" lon="9.2020026841">
				<ele>921.6</ele>
				<extensions>
					<swisstopo:routepoint_id>664166712</swisstopo:routepoint_id>
				</extensions>
			</trkpt>
			<trkpt lat="47.1350898830" lon="9.2020683054">
				<ele>919.7</ele>
				<extensions>
					<swisstopo:routepoint_id>353460102</swisstopo:routepoint_id>
				</extensions>
			</trkpt>
			<trkpt lat="47.1350711644" lon="9.2021712943">
				<ele>917.5</ele>
				<extensions>
					<swisstopo:routepoint_id>1529210314</swisstopo:routepoint_id>
				</extensions>
			</trkpt>
			<trkpt lat="47.1350543545" lon="9.2022900358">
				<ele>913.6</ele>
				<extensions>
					<swisstopo:routepoint_id>369227671</swisstopo:routepoint_id>
				</extensions>
			</trkpt>
			<trkpt lat="47.1350355340" lon="9.2023802978">
				<ele>910.8</ele>
				<extensions>
					<swisstopo:routepoint_id>2105340470</swisstopo:routepoint_id>
				</extensions>
			</trkpt>
			<trkpt lat="47.1350145573" lon="9.2024850183">
				<ele>908.0</ele>
				<extensions>
					<swisstopo:routepoint_id>1375475654</swisstopo:routepoint_id>
				</extensions>
			</trkpt>
			<trkpt lat="47.1349835987" lon="9.2025847030">
				<ele>906.9</ele>
				<extensions>
					<swisstopo:routepoint_id>753176896</swisstopo:routepoint_id>
				</extensions>
			</trkpt>
			<trkpt lat="47.1349652728" lon="9.2026773017">
				<ele>903.4</ele>
				<extensions>
					<swisstopo:routepoint_id>1462025410</swisstopo:routepoint_id>
				</extensions>
			</trkpt>
			<trkpt lat="47.1349477502" lon="9.2027591816">
				<ele>902.1</ele>
				<extensions>
					<swisstopo:routepoint_id>1351671568</swisstopo:routepoint_id>
				</extensions>
			</trkpt>
			<trkpt lat="47.1349314944" lon="9.2027942313">
				<ele>900.4</ele>
				<extensions>
					<swisstopo:routepoint_id>1481865861</swisstopo:routepoint_id>
				</extensions>
			</trkpt>
			<trkpt lat="47.1349254313" lon="9.2028170519">
				<ele>900.5</ele>
				<extensions>
					<swisstopo:routepoint_id>1794279005</swisstopo:routepoint_id>
				</extensions>
			</trkpt>
			<trkpt lat="47.1349165173" lon="9.2028397785">
				<ele>901.4</ele>
				<extensions>
					<swisstopo:routepoint_id>1058068595</swisstopo:routepoint_id>
				</extensions>
			</trkpt>
			<trkpt lat="47.1349090561" lon="9.2028604700">
				<ele>899.9</ele>
				<extensions>
					<swisstopo:routepoint_id>2134641511</swisstopo:routepoint_id>
				</extensions>
			</trkpt>
			<trkpt lat="47.1349045190" lon="9.2028770650">
				<ele>898.0</ele>
				<extensions>
					<swisstopo:routepoint_id>139399763</swisstopo:routepoint_id>
				</extensions>
			</trkpt>
			<trkpt lat="47.1349012743" lon="9.2029020749">
				<ele>897.7</ele>
				<extensions>
					<swisstopo:routepoint_id>62744920</swisstopo:routepoint_id>
				</extensions>
			</trkpt>
			<trkpt lat="47.1348864253" lon="9.2029392540">
				<ele>897.0</ele>
				<extensions>
					<swisstopo:routepoint_id>2131387961</swisstopo:routepoint_id>
				</extensions>
			</trkpt>
			<trkpt lat="47.1348698448" lon="9.2029849198">
				<ele>896.0</ele>
				<extensions>
					<swisstopo:routepoint_id>1747424898</swisstopo:routepoint_id>
				</extensions>
			</trkpt>
			<trkpt lat="47.1348231473" lon="9.2030847575">
				<ele>893.9</ele>
				<extensions>
					<swisstopo:routepoint_id>633092248</swisstopo:routepoint_id>
				</extensions>
			</trkpt>
			<trkpt lat="47.1347873508" lon="9.2031437658">
				<ele>892.3</ele>
				<extensions>
					<swisstopo:routepoint_id>1611129553</swisstopo:routepoint_id>
				</extensions>
			</trkpt>
			<trkpt lat="47.1347437353" lon="9.2032098334">
				<ele>891.1</ele>
				<extensions>
					<swisstopo:routepoint_id>834837972</swisstopo:routepoint_id>
				</extensions>
			</trkpt>
			<trkpt lat="47.1346724113" lon="9.2032956348">
				<ele>889.1</ele>
				<extensions>
					<swisstopo:routepoint_id>1877931933</swisstopo:routepoint_id>
				</extensions>
			</trkpt>
			<trkpt lat="47.1346561132" lon="9.2032425305">
				<ele>888.0</ele>
				<extensions>
					<swisstopo:routepoint_id>75753451</swisstopo:routepoint_id>
				</extensions>
			</trkpt>
			<trkpt lat="47.1346552833" lon="9.2031646612">
				<ele>885.8</ele>
				<extensions>
					<swisstopo:routepoint_id>2070057614</swisstopo:routepoint_id>
				</extensions>
			</trkpt>
			<trkpt lat="47.1346646985" lon="9.2030699630">
				<ele>883.5</ele>
				<extensions>
					<swisstopo:routepoint_id>838826246</swisstopo:routepoint_id>
				</extensions>
			</trkpt>
			<trkpt lat="47.1346793091" lon="9.2029867224">
				<ele>881.7</ele>
				<extensions>
					<swisstopo:routepoint_id>451855834</swisstopo:routepoint_id>
				</extensions>
			</trkpt>
			<trkpt lat="47.1346841398" lon="9.2029199036">
				<ele>880.1</ele>
				<extensions>
					<swisstopo:routepoint_id>782254224</swisstopo:routepoint_id>
				</extensions>
			</trkpt>
			<trkpt lat="47.1346787616" lon="9.2028851432">
				<ele>879.1</ele>
				<extensions>
					<swisstopo:routepoint_id>173179187</swisstopo:routepoint_id>
				</extensions>
			</trkpt>
			<trkpt lat="47.1346689462" lon="9.2028023894">
				<ele>877.2</ele>
				<extensions>
					<swisstopo:routepoint_id>1233532475</swisstopo:routepoint_id>
				</extensions>
			</trkpt>
			<trkpt lat="47.1346547087" lon="9.2027298925">
				<ele>874.8</ele>
				<extensions>
					<swisstopo:routepoint_id>844398493</swisstopo:routepoint_id>
				</extensions>
			</trkpt>
			<trkpt lat="47.1346422214" lon="9.2026729191">
				<ele>873.6</ele>
				<extensions>
					<swisstopo:routepoint_id>2000722517</swisstopo:routepoint_id>
				</extensions>
			</trkpt>
			<trkpt lat="47.1346104216" lon="9.2026356002">
				<ele>871.7</ele>
				<extensions>
					<swisstopo:routepoint_id>1858324234</swisstopo:routepoint_id>
				</extensions>
			</trkpt>
			<trkpt lat="47.1345864251" lon="9.2027101595">
				<ele>870.2</ele>
				<extensions>
					<swisstopo:routepoint_id>1985194518</swisstopo:routepoint_id>
				</extensions>
			</trkpt>
			<trkpt lat="47.1345664929" lon="9.2027766784">
				<ele>869.2</ele>
				<extensions>
					<swisstopo:routepoint_id>1924126492</swisstopo:routepoint_id>
				</extensions>
			</trkpt>
			<trkpt lat="47.1345413013" lon="9.2028100751">
				<ele>867.1</ele>
				<extensions>
					<swisstopo:routepoint_id>145775896</swisstopo:routepoint_id>
				</extensions>
			</trkpt>
			<trkpt lat="47.1344541021" lon="9.2028638953">
				<ele>861.2</ele>
				<extensions>
					<swisstopo:routepoint_id>1231614247</swisstopo:routepoint_id>
				</extensions>
			</trkpt>
			<trkpt lat="47.1344285446" lon="9.2028988489">
				<ele>859.4</ele>
				<extensions>
					<swisstopo:routepoint_id>1345780293</swisstopo:routepoint_id>
				</extensions>
			</trkpt>
			<trkpt lat="47.1344159940" lon="9.2029480884">
				<ele>858.0</ele>
				<extensions>
					<swisstopo:routepoint_id>1925238406</swisstopo:routepoint_id>
				</extensions>
			</trkpt>
			<trkpt lat="47.1344155809" lon="9.2029767777">
				<ele>857.3</ele>
				<extensions>
					<swisstopo:routepoint_id>978601476</swisstopo:routepoint_id>
				</extensions>
			</trkpt>
			<trkpt lat="47.1344205623" lon="9.2030233251">
				<ele>856.5</ele>
				<extensions>
					<swisstopo:routepoint_id>247043761</swisstopo:routepoint_id>
				</extensions>
			</trkpt>
			<trkpt lat="47.1344123601" lon="9.2030424623">
				<ele>855.7</ele>
				<extensions>
					<swisstopo:routepoint_id>799746962</swisstopo:routepoint_id>
				</extensions>
			</trkpt>
			<trkpt lat="47.1343796684" lon="9.2030404224">
				<ele>854.1</ele>
				<extensions>
					<swisstopo:routepoint_id>1736996040</swisstopo:routepoint_id>
				</extensions>
			</trkpt>
			<trkpt lat="47.1343512335" lon="9.2030207105">
				<ele>852.9</ele>
				<extensions>
					<swisstopo:routepoint_id>1589090476</swisstopo:routepoint_id>
				</extensions>
			</trkpt>
			<trkpt lat="47.1343146569" lon="9.2029645782">
				<ele>850.8</ele>
				<extensions>
					<swisstopo:routepoint_id>719968582</swisstopo:routepoint_id>
				</extensions>
			</trkpt>
			<trkpt lat="47.1342937771" lon="9.2029256680">
				<ele>849.7</ele>
				<extensions>
					<swisstopo:routepoint_id>282165994</swisstopo:routepoint_id>
				</extensions>
			</trkpt>
			<trkpt lat="47.1342752406" lon="9.2029129010">
				<ele>848.8</ele>
				<extensions>
					<swisstopo:routepoint_id>291850706</swisstopo:routepoint_id>
				</extensions>
			</trkpt>
			<trkpt lat="47.1342586264" lon="9.2029109032">
				<ele>848.2</ele>
				<extensions>
					<swisstopo:routepoint_id>1027696961</swisstopo:routepoint_id>
				</extensions>
			</trkpt>
			<trkpt lat="47.1342499566" lon="9.2029270980">
				<ele>847.7</ele>
				<extensions>
					<swisstopo:routepoint_id>269662533</swisstopo:routepoint_id>
				</extensions>
			</trkpt>
			<trkpt lat="47.1342411215" lon="9.2029787012">
				<ele>846.0</ele>
				<extensions>
					<swisstopo:routepoint_id>1922107822</swisstopo:routepoint_id>
				</extensions>
			</trkpt>
			<trkpt lat="47.1342384353" lon="9.2031045641">
				<ele>843.0</ele>
				<extensions>
					<swisstopo:routepoint_id>1077242176</swisstopo:routepoint_id>
				</extensions>
			</trkpt>
			<trkpt lat="47.1342435082" lon="9.2031926456">
				<ele>840.8</ele>
				<extensions>
					<swisstopo:routepoint_id>985322999</swisstopo:routepoint_id>
				</extensions>
			</trkpt>
			<trkpt lat="47.1342513956" lon="9.2032368497">
				<ele>839.8</ele>
				<extensions>
					<swisstopo:routepoint_id>87327700</swisstopo:routepoint_id>
				</extensions>
			</trkpt>
			<trkpt lat="47.1342613356" lon="9.2032874103">
				<ele>838.3</ele>
				<extensions>
					<swisstopo:routepoint_id>221180551</swisstopo:routepoint_id>
				</extensions>
			</trkpt>
			<trkpt lat="47.1342799330" lon="9.2033319808">
				<ele>837.2</ele>
				<extensions>
					<swisstopo:routepoint_id>1118411706</swisstopo:routepoint_id>
				</extensions>
			</trkpt>
			<trkpt lat="47.1342965829" lon="9.2033639217">
				<ele>836.3</ele>
				<extensions>
					<swisstopo:routepoint_id>1167402214</swisstopo:routepoint_id>
				</extensions>
			</trkpt>
			<trkpt lat="47.1343067635" lon="9.2033988012">
				<ele>835.3</ele>
				<extensions>
					<swisstopo:routepoint_id>126309350</swisstopo:routepoint_id>
				</extensions>
			</trkpt>
			<trkpt lat="47.1343105145" lon="9.2034334551">
				<ele>834.2</ele>
				<extensions>
					<swisstopo:routepoint_id>753230345</swisstopo:routepoint_id>
				</extensions>
			</trkpt>
			<trkpt lat="47.1343014238" lon="9.2034676986">
				<ele>833.0</ele>
				<extensions>
					<swisstopo:routepoint_id>1152942118</swisstopo:routepoint_id>
				</extensions>
			</trkpt>
			<trkpt lat="47.1342835708" lon="9.2035141922">
				<ele>831.3</ele>
				<extensions>
					<swisstopo:routepoint_id>508222491</swisstopo:routepoint_id>
				</extensions>
			</trkpt>
			<trkpt lat="47.1342636644" lon="9.2035543550">
				<ele>829.7</ele>
				<extensions>
					<swisstopo:routepoint_id>1279934070</swisstopo:routepoint_id>
				</extensions>
			</trkpt>
			<trkpt lat="47.1342566176" lon="9.2035949421">
				<ele>828.6</ele>
				<extensions>
					<swisstopo:routepoint_id>1429091274</swisstopo:routepoint_id>
				</extensions>
			</trkpt>
			<trkpt lat="47.1342492820" lon="9.2036543472">
				<ele>827.4</ele>
				<extensions>
					<swisstopo:routepoint_id>2032828371</swisstopo:routepoint_id>
				</extensions>
			</trkpt>
			<trkpt lat="47.1342506520" lon="9.2037046254">
				<ele>826.3</ele>
				<extensions>
					<swisstopo:routepoint_id>280071964</swisstopo:routepoint_id>
				</extensions>
			</trkpt>
			<trkpt lat="47.1342540659" lon="9.2037612465">
				<ele>825.0</ele>
				<extensions>
					<swisstopo:routepoint_id>81791492</swisstopo:routepoint_id>
				</extensions>
			</trkpt>
			<trkpt lat="47.1342680936" lon="9.2038245069">
				<ele>823.8</ele>
				<extensions>
					<swisstopo:routepoint_id>2085007434</swisstopo:routepoint_id>
				</extensions>
			</trkpt>
			<trkpt lat="47.1342903937" lon="9.2039068679">
				<ele>822.1</ele>
				<extensions>
					<swisstopo:routepoint_id>1352603047</swisstopo:routepoint_id>
				</extensions>
			</trkpt>
			<trkpt lat="47.1343114944" lon="9.2040075683">
				<ele>820.5</ele>
				<extensions>
					<swisstopo:routepoint_id>1743545366</swisstopo:routepoint_id>
				</extensions>
			</trkpt>
			<trkpt lat="47.1343098183" lon="9.2040487675">
				<ele>819.6</ele>
				<extensions>
					<swisstopo:routepoint_id>889660540</swisstopo:routepoint_id>
				</extensions>
			</trkpt>
			<trkpt lat="47.1343115422" lon="9.2041123211">
				<ele>818.5</ele>
				<extensions>
					<swisstopo:routepoint_id>1525153476</swisstopo:routepoint_id>
				</extensions>
			</trkpt>
			<trkpt lat="47.1342983753" lon="9.2041899523">
				<ele>817.2</ele>
				<extensions>
					<swisstopo:routepoint_id>187022891</swisstopo:routepoint_id>
				</extensions>
			</trkpt>
			<trkpt lat="47.1342827099" lon="9.2042773767">
				<ele>815.1</ele>
				<extensions>
					<swisstopo:routepoint_id>40387449</swisstopo:routepoint_id>
				</extensions>
			</trkpt>
			<trkpt lat="47.1342644422" lon="9.2043414703">
				<ele>813.4</ele>
				<extensions>
					<swisstopo:routepoint_id>975295000</swisstopo:routepoint_id>
				</extensions>
			</trkpt>
			<trkpt lat="47.1342472254" lon="9.2043869429">
				<ele>812.3</ele>
				<extensions>
					<swisstopo:routepoint_id>1792332267</swisstopo:routepoint_id>
				</extensions>
			</trkpt>
			<trkpt lat="47.1342031982" lon="9.2044393497">
				<ele>810.1</ele>
				<extensions>
					<swisstopo:routepoint_id>862575531</swisstopo:routepoint_id>
				</extensions>
			</trkpt>
			<trkpt lat="47.1341664930" lon="9.2045358096">
				<ele>807.6</ele>
				<extensions>
					<swisstopo:routepoint_id>1670941050</swisstopo:routepoint_id>
				</extensions>
			</trkpt>
			<trkpt lat="47.1341335021" lon="9.2046183110">
				<ele>805.4</ele>
				<extensions>
					<swisstopo:routepoint_id>1283325353</swisstopo:routepoint_id>
				</extensions>
			</trkpt>
			<trkpt lat="47.1340998494" lon="9.2046776914">
				<ele>803.5</ele>
				<extensions>
					<swisstopo:routepoint_id>2131205038</swisstopo:routepoint_id>
				</extensions>
			</trkpt>
			<trkpt lat="47.1340706487" lon="9.2047447995">
				<ele>801.6</ele>
				<extensions>
					<swisstopo:routepoint_id>1421731080</swisstopo:routepoint_id>
				</extensions>
			</trkpt>
			<trkpt lat="47.1340174091" lon="9.2048047596">
				<ele>798.5</ele>
				<extensions>
					<swisstopo:routepoint_id>1596610335</swisstopo:routepoint_id>
				</extensions>
			</trkpt>
			<trkpt lat="47.1339839218" lon="9.2048785556">
				<ele>796.0</ele>
				<extensions>
					<swisstopo:routepoint_id>118412951</swisstopo:routepoint_id>
				</extensions>
			</trkpt>
			<trkpt lat="47.1339501928" lon="9.2049393833">
				<ele>794.0</ele>
				<extensions>
					<swisstopo:routepoint_id>865925810</swisstopo:routepoint_id>
				</extensions>
			</trkpt>
			<trkpt lat="47.1339333413" lon="9.2049750978">
				<ele>792.9</ele>
				<extensions>
					<swisstopo:routepoint_id>2050810880</swisstopo:routepoint_id>
				</extensions>
			</trkpt>
			<trkpt lat="47.1339241057" lon="9.2050187498">
				<ele>791.5</ele>
				<extensions>
					<swisstopo:routepoint_id>180921055</swisstopo:routepoint_id>
				</extensions>
			</trkpt>
			<trkpt lat="47.1339273742" lon="9.2050847931">
				<ele>789.7</ele>
				<extensions>
					<swisstopo:routepoint_id>742372875</swisstopo:routepoint_id>
				</extensions>
			</trkpt>
			<trkpt lat="47.1339322530" lon="9.2051854196">
				<ele>786.4</ele>
				<extensions>
					<swisstopo:routepoint_id>1122659231</swisstopo:routepoint_id>
				</extensions>
			</trkpt>
			<trkpt lat="47.1339374298" lon="9.2052672156">
				<ele>783.9</ele>
				<extensions>
					<swisstopo:routepoint_id>187765582</swisstopo:routepoint_id>
				</extensions>
			</trkpt>
			<trkpt lat="47.1339342294" lon="9.2053361830">
				<ele>782.0</ele>
				<extensions>
					<swisstopo:routepoint_id>1025390851</swisstopo:routepoint_id>
				</extensions>
			</trkpt>
			<trkpt lat="47.1339308360" lon="9.2054176961">
				<ele>779.2</ele>
				<extensions>
					<swisstopo:routepoint_id>950565612</swisstopo:routepoint_id>
				</extensions>
			</trkpt>
			<trkpt lat="47.1339251970" lon="9.2055054107">
				<ele>776.5</ele>
				<extensions>
					<swisstopo:routepoint_id>171400377</swisstopo:routepoint_id>
				</extensions>
			</trkpt>
			<trkpt lat="47.1339152863" lon="9.2055929973">
				<ele>774.1</ele>
				<extensions>
					<swisstopo:routepoint_id>863884592</swisstopo:routepoint_id>
				</extensions>
			</trkpt>
			<trkpt lat="47.1339032266" lon="9.2056805003">
				<ele>771.7</ele>
				<extensions>
					<swisstopo:routepoint_id>342100173</swisstopo:routepoint_id>
				</extensions>
			</trkpt>
			<trkpt lat="47.1338869821" lon="9.2057616020">
				<ele>769.3</ele>
				<extensions>
					<swisstopo:routepoint_id>1030127641</swisstopo:routepoint_id>
				</extensions>
			</trkpt>
			<trkpt lat="47.1338708344" lon="9.2058364179">
				<ele>767.3</ele>
				<extensions>
					<swisstopo:routepoint_id>1135453669</swisstopo:routepoint_id>
				</extensions>
			</trkpt>
			<trkpt lat="47.1338635459" lon="9.2058926859">
				<ele>765.8</ele>
				<extensions>
					<swisstopo:routepoint_id>2042010568</swisstopo:routepoint_id>
				</extensions>
			</trkpt>
			<trkpt lat="47.1338714892" lon="9.2059337673">
				<ele>764.8</ele>
				<extensions>
					<swisstopo:routepoint_id>1174101372</swisstopo:routepoint_id>
				</extensions>
			</trkpt>
			<trkpt lat="47.1338857963" lon="9.2059781831">
				<ele>763.4</ele>
				<extensions>
					<swisstopo:routepoint_id>1528236956</swisstopo:routepoint_id>
				</extensions>
			</trkpt>
			<trkpt lat="47.1339108225" lon="9.2060229665">
				<ele>762.0</ele>
				<extensions>
					<swisstopo:routepoint_id>41033866</swisstopo:routepoint_id>
				</extensions>
			</trkpt>
			<trkpt lat="47.1339485455" lon="9.2060775826">
				<ele>760.2</ele>
				<extensions>
					<swisstopo:routepoint_id>515311631</swisstopo:routepoint_id>
				</extensions>
			</trkpt>
			<trkpt lat="47.1340190481" lon="9.2061654246">
				<ele>757.0</ele>
				<extensions>
					<swisstopo:routepoint_id>1539058478</swisstopo:routepoint_id>
				</extensions>
			</trkpt>
			<trkpt lat="47.1340560164" lon="9.2062217301">
				<ele>755.1</ele>
				<extensions>
					<swisstopo:routepoint_id>885687405</swisstopo:routepoint_id>
				</extensions>
			</trkpt>
			<trkpt lat="47.1340940671" lon="9.2062977691">
				<ele>753.0</ele>
				<extensions>
					<swisstopo:routepoint_id>2145619747</swisstopo:routepoint_id>
				</extensions>
			</trkpt>
			<trkpt lat="47.1341076373" lon="9.2063585098">
				<ele>751.6</ele>
				<extensions>
					<swisstopo:routepoint_id>589800836</swisstopo:routepoint_id>
				</extensions>
			</trkpt>
			<trkpt lat="47.1341060649" lon="9.2063870552">
				<ele>751.4</ele>
				<extensions>
					<swisstopo:routepoint_id>1208130403</swisstopo:routepoint_id>
				</extensions>
			</trkpt>
			<trkpt lat="47.1340873131" lon="9.2064164305">
				<ele>750.8</ele>
				<extensions>
					<swisstopo:routepoint_id>1752608665</swisstopo:routepoint_id>
				</extensions>
			</trkpt>
			<trkpt lat="47.1340523464" lon="9.2064295283">
				<ele>749.5</ele>
				<extensions>
					<swisstopo:routepoint_id>236740187</swisstopo:routepoint_id>
				</extensions>
			</trkpt>
			<trkpt lat="47.1340233267" lon="9.2064490717">
				<ele>748.7</ele>
				<extensions>
					<swisstopo:routepoint_id>1213986962</swisstopo:routepoint_id>
				</extensions>
			</trkpt>
			<trkpt lat="47.1340088683" lon="9.2064660372">
				<ele>748.2</ele>
				<extensions>
					<swisstopo:routepoint_id>532375252</swisstopo:routepoint_id>
				</extensions>
			</trkpt>
			<trkpt lat="47.1339986419" lon="9.2065208374">
				<ele>747.2</ele>
				<extensions>
					<swisstopo:routepoint_id>2056796373</swisstopo:routepoint_id>
				</extensions>
			</trkpt>
			<trkpt lat="47.1339842390" lon="9.2066512698">
				<ele>744.9</ele>
				<extensions>
					<swisstopo:routepoint_id>1806579437</swisstopo:routepoint_id>
				</extensions>
			</trkpt>
			<trkpt lat="47.1339949456" lon="9.2067186007">
				<ele>743.8</ele>
				<extensions>
					<swisstopo:routepoint_id>182823121</swisstopo:routepoint_id>
				</extensions>
			</trkpt>
			<trkpt lat="47.1339995853" lon="9.2068469864">
				<ele>741.6</ele>
				<extensions>
					<swisstopo:routepoint_id>1954557040</swisstopo:routepoint_id>
				</extensions>
			</trkpt>
			<trkpt lat="47.1340167212" lon="9.2069122089">
				<ele>741.0</ele>
				<extensions>
					<swisstopo:routepoint_id>222569381</swisstopo:routepoint_id>
				</extensions>
			</trkpt>
			<trkpt lat="47.1340274993" lon="9.2070111580">
				<ele>739.7</ele>
				<extensions>
					<swisstopo:routepoint_id>1151249493</swisstopo:routepoint_id>
				</extensions>
			</trkpt>
			<trkpt lat="47.1340254946" lon="9.2071128893">
				<ele>738.0</ele>
				<extensions>
					<swisstopo:routepoint_id>839665990</swisstopo:routepoint_id>
				</extensions>
			</trkpt>
			<trkpt lat="47.1340234047" lon="9.2072160549">
				<ele>736.7</ele>
				<extensions>
					<swisstopo:routepoint_id>2098085390</swisstopo:routepoint_id>
				</extensions>
			</trkpt>
			<trkpt lat="47.1340139610" lon="9.2073872861">
				<ele>734.6</ele>
				<extensions>
					<swisstopo:routepoint_id>1581190024</swisstopo:routepoint_id>
				</extensions>
			</trkpt>
			<trkpt lat="47.1340012726" lon="9.2074705227">
				<ele>734.1</ele>
				<extensions>
					<swisstopo:routepoint_id>1381833126</swisstopo:routepoint_id>
				</extensions>
			</trkpt>
			<trkpt lat="47.1339810238" lon="9.2075270077">
				<ele>732.6</ele>
				<extensions>
					<swisstopo:routepoint_id>1281519327</swisstopo:routepoint_id>
				</extensions>
			</trkpt>
			<trkpt lat="47.1339648545" lon="9.2076242102">
				<ele>731.0</ele>
				<extensions>
					<swisstopo:routepoint_id>1532587635</swisstopo:routepoint_id>
				</extensions>
			</trkpt>
			<trkpt lat="47.1339663262" lon="9.2078426863">
				<ele>727.4</ele>
				<extensions>
					<swisstopo:routepoint_id>855404779</swisstopo:routepoint_id>
				</extensions>
			</trkpt>
			<trkpt lat="47.1339719787" lon="9.2079525149">
				<ele>725.9</ele>
				<extensions>
					<swisstopo:routepoint_id>2009156201</swisstopo:routepoint_id>
				</extensions>
			</trkpt>
			<trkpt lat="47.1339663766" lon="9.2081687267">
				<ele>723.5</ele>
				<extensions>
					<swisstopo:routepoint_id>1069453192</swisstopo:routepoint_id>
				</extensions>
			</trkpt>
			<trkpt lat="47.1339587455" lon="9.2083559709">
				<ele>722.1</ele>
				<extensions>
					<swisstopo:routepoint_id>251904547</swisstopo:routepoint_id>
				</extensions>
			</trkpt>
			<trkpt lat="47.1339558947" lon="9.2085710867">
				<ele>718.1</ele>
				<extensions>
					<swisstopo:routepoint_id>1978582506</swisstopo:routepoint_id>
				</extensions>
			</trkpt>
			<trkpt lat="47.1339592816" lon="9.2086404170">
				<ele>716.5</ele>
				<extensions>
					<swisstopo:routepoint_id>1086189658</swisstopo:routepoint_id>
				</extensions>
			</trkpt>
			<trkpt lat="47.1339677447" lon="9.2087885732">
				<ele>713.2</ele>
				<extensions>
					<swisstopo:routepoint_id>68806592</swisstopo:routepoint_id>
				</extensions>
			</trkpt>
			<trkpt lat="47.1339745120" lon="9.2088475342">
				<ele>711.4</ele>
				<extensions>
					<swisstopo:routepoint_id>292349104</swisstopo:routepoint_id>
				</extensions>
			</trkpt>
			<trkpt lat="47.1339928660" lon="9.2089077875">
				<ele>709.5</ele>
				<extensions>
					<swisstopo:routepoint_id>1521668061</swisstopo:routepoint_id>
				</extensions>
			</trkpt>
			<trkpt lat="47.1340070841" lon="9.2089584905">
				<ele>708.3</ele>
				<extensions>
					<swisstopo:routepoint_id>364499615</swisstopo:routepoint_id>
				</extensions>
			</trkpt>
			<trkpt lat="47.1340118718" lon="9.2090654042">
				<ele>706.1</ele>
				<extensions>
					<swisstopo:routepoint_id>80007691</swisstopo:routepoint_id>
				</extensions>
			</trkpt>
			<trkpt lat="47.1340118871" lon="9.2092035385">
				<ele>703.4</ele>
				<extensions>
					<swisstopo:routepoint_id>418461888</swisstopo:routepoint_id>
				</extensions>
			</trkpt>
			<trkpt lat="47.1340014815" lon="9.2093225008">
				<ele>701.5</ele>
				<extensions>
					<swisstopo:routepoint_id>1958148709</swisstopo:routepoint_id>
				</extensions>
			</trkpt>
			<trkpt lat="47.1339891379" lon="9.2094288341">
				<ele>699.8</ele>
				<extensions>
					<swisstopo:routepoint_id>1268520754</swisstopo:routepoint_id>
				</extensions>
			</trkpt>
			<trkpt lat="47.1339792635" lon="9.2095132836">
				<ele>698.7</ele>
				<extensions>
					<swisstopo:routepoint_id>468236366</swisstopo:routepoint_id>
				</extensions>
			</trkpt>
			<trkpt lat="47.1339642061" lon="9.2096170478">
				<ele>697.2</ele>
				<extensions>
					<swisstopo:routepoint_id>640938074</swisstopo:routepoint_id>
				</extensions>
			</trkpt>
			<trkpt lat="47.1339539172" lon="9.2096763940">
				<ele>697.2</ele>
				<extensions>
					<swisstopo:routepoint_id>132411138</swisstopo:routepoint_id>
				</extensions>
			</trkpt>
			<trkpt lat="47.1339462295" lon="9.2097117243">
				<ele>696.8</ele>
				<extensions>
					<swisstopo:routepoint_id>1202225623</swisstopo:routepoint_id>
				</extensions>
			</trkpt>
			<trkpt lat="47.1339415305" lon="9.2097387681">
				<ele>696.8</ele>
				<extensions>
					<swisstopo:routepoint_id>1043339454</swisstopo:routepoint_id>
				</extensions>
			</trkpt>
			<trkpt lat="47.1339368635" lon="9.2097637306">
				<ele>696.5</ele>
				<extensions>
					<swisstopo:routepoint_id>2126590925</swisstopo:routepoint_id>
				</extensions>
			</trkpt>
			<trkpt lat="47.1339291756" lon="9.2097990608">
				<ele>695.7</ele>
				<extensions>
					<swisstopo:routepoint_id>930698518</swisstopo:routepoint_id>
				</extensions>
			</trkpt>
			<trkpt lat="47.1339228854" lon="9.2098365342">
				<ele>695.1</ele>
				<extensions>
					<swisstopo:routepoint_id>792376795</swisstopo:routepoint_id>
				</extensions>
			</trkpt>
			<trkpt lat="47.1339180250" lon="9.2098740414">
				<ele>694.4</ele>
				<extensions>
					<swisstopo:routepoint_id>638657443</swisstopo:routepoint_id>
				</extensions>
			</trkpt>
			<trkpt lat="47.1339103050" lon="9.2099114668">
				<ele>693.4</ele>
				<extensions>
					<swisstopo:routepoint_id>1891208670</swisstopo:routepoint_id>
				</extensions>
			</trkpt>
			<trkpt lat="47.1339040472" lon="9.2099468315">
				<ele>692.7</ele>
				<extensions>
					<swisstopo:routepoint_id>479389681</swisstopo:routepoint_id>
				</extensions>
			</trkpt>
			<trkpt lat="47.1338965846" lon="9.2099862174">
				<ele>691.9</ele>
				<extensions>
					<swisstopo:routepoint_id>1959557839</swisstopo:routepoint_id>
				</extensions>
			</trkpt>
			<trkpt lat="47.1338632083" lon="9.2100783007">
				<ele>689.6</ele>
				<extensions>
					<swisstopo:routepoint_id>579567912</swisstopo:routepoint_id>
				</extensions>
			</trkpt>
			<trkpt lat="47.1338177514" lon="9.2101252097">
				<ele>687.4</ele>
				<extensions>
					<swisstopo:routepoint_id>1887244186</swisstopo:routepoint_id>
				</extensions>
			</trkpt>
			<trkpt lat="47.1337717755" lon="9.2101415530">
				<ele>685.6</ele>
				<extensions>
					<swisstopo:routepoint_id>533820815</swisstopo:routepoint_id>
				</extensions>
			</trkpt>
			<trkpt lat="47.1337687482" lon="9.2101833133">
				<ele>684.7</ele>
				<extensions>
					<swisstopo:routepoint_id>1059526877</swisstopo:routepoint_id>
				</extensions>
			</trkpt>
			<trkpt lat="47.1337766460" lon="9.2102114732">
				<ele>684.2</ele>
				<extensions>
					<swisstopo:routepoint_id>1809969976</swisstopo:routepoint_id>
				</extensions>
			</trkpt>
			<trkpt lat="47.1338077715" lon="9.2102672978">
				<ele>682.3</ele>
				<extensions>
					<swisstopo:routepoint_id>1545268621</swisstopo:routepoint_id>
				</extensions>
			</trkpt>
			<trkpt lat="47.1338625755" lon="9.2103256202">
				<ele>679.4</ele>
				<extensions>
					<swisstopo:routepoint_id>855022214</swisstopo:routepoint_id>
				</extensions>
			</trkpt>
			<trkpt lat="47.1339172916" lon="9.2103902289">
				<ele>676.3</ele>
				<extensions>
					<swisstopo:routepoint_id>679293038</swisstopo:routepoint_id>
				</extensions>
			</trkpt>
			<trkpt lat="47.1339756027" lon="9.2104988996">
				<ele>673.7</ele>
				<extensions>
					<swisstopo:routepoint_id>445841003</swisstopo:routepoint_id>
				</extensions>
			</trkpt>
			<trkpt lat="47.1340030091" lon="9.2105280611">
				<ele>673.2</ele>
				<extensions>
					<swisstopo:routepoint_id>1134268946</swisstopo:routepoint_id>
				</extensions>
			</trkpt>
			<trkpt lat="47.1340366427" lon="9.2105699937">
				<ele>672.0</ele>
				<extensions>
					<swisstopo:routepoint_id>459028710</swisstopo:routepoint_id>
				</extensions>
			</trkpt>
			<trkpt lat="47.1340468124" lon="9.2106048608">
				<ele>671.1</ele>
				<extensions>
					<swisstopo:routepoint_id>1052750449</swisstopo:routepoint_id>
				</extensions>
			</trkpt>
			<trkpt lat="47.1340585029" lon="9.2106805967">
				<ele>667.9</ele>
				<extensions>
					<swisstopo:routepoint_id>1400456567</swisstopo:routepoint_id>
				</extensions>
			</trkpt>
			<trkpt lat="47.1341357472" lon="9.2109315504">
				<ele>660.2</ele>
				<extensions>
					<swisstopo:routepoint_id>1965234661</swisstopo:routepoint_id>
				</extensions>
			</trkpt>
			<trkpt lat="47.1341602137" lon="9.2111538605">
				<ele>653.5</ele>
				<extensions>
					<swisstopo:routepoint_id>2094191392</swisstopo:routepoint_id>
				</extensions>
			</trkpt>
			<trkpt lat="47.1341735800" lon="9.2112119065">
				<ele>652.2</ele>
				<extensions>
					<swisstopo:routepoint_id>822217170</swisstopo:routepoint_id>
				</extensions>
			</trkpt>
			<trkpt lat="47.1341790519" lon="9.2112789462">
				<ele>650.8</ele>
				<extensions>
					<swisstopo:routepoint_id>1133524701</swisstopo:routepoint_id>
				</extensions>
			</trkpt>
			<trkpt lat="47.1342019383" lon="9.2113585217">
				<ele>649.9</ele>
				<extensions>
					<swisstopo:routepoint_id>229803601</swisstopo:routepoint_id>
				</extensions>
			</trkpt>
			<trkpt lat="47.1342074730" lon="9.2114214892">
				<ele>649.3</ele>
				<extensions>
					<swisstopo:routepoint_id>1494704201</swisstopo:routepoint_id>
				</extensions>
			</trkpt>
			<trkpt lat="47.1341901559" lon="9.2115106364">
				<ele>646.9</ele>
				<extensions>
					<swisstopo:routepoint_id>1052300978</swisstopo:routepoint_id>
				</extensions>
			</trkpt>
			<trkpt lat="47.1341751259" lon="9.2116130970">
				<ele>644.6</ele>
				<extensions>
					<swisstopo:routepoint_id>223537883</swisstopo:routepoint_id>
				</extensions>
			</trkpt>
			<trkpt lat="47.1341658619" lon="9.2116858460">
				<ele>643.6</ele>
				<extensions>
					<swisstopo:routepoint_id>557870955</swisstopo:routepoint_id>
				</extensions>
			</trkpt>
			<trkpt lat="47.1341630569" lon="9.2117347468">
				<ele>642.7</ele>
				<extensions>
					<swisstopo:routepoint_id>1544938576</swisstopo:routepoint_id>
				</extensions>
			</trkpt>
			<trkpt lat="47.1341677359" lon="9.2117773297">
				<ele>642.3</ele>
				<extensions>
					<swisstopo:routepoint_id>1449167429</swisstopo:routepoint_id>
				</extensions>
			</trkpt>
			<trkpt lat="47.1341865487" lon="9.2118357271">
				<ele>641.6</ele>
				<extensions>
					<swisstopo:routepoint_id>614164073</swisstopo:routepoint_id>
				</extensions>
			</trkpt>
			<trkpt lat="47.1342218287" lon="9.2119430183">
				<ele>641.1</ele>
				<extensions>
					<swisstopo:routepoint_id>185435410</swisstopo:routepoint_id>
				</extensions>
			</trkpt>
			<trkpt lat="47.1342134454" lon="9.2120263308">
				<ele>640.7</ele>
				<extensions>
					<swisstopo:routepoint_id>294400414</swisstopo:routepoint_id>
				</extensions>
			</trkpt>
			<trkpt lat="47.1342101925" lon="9.2120984348">
				<ele>640.4</ele>
				<extensions>
					<swisstopo:routepoint_id>1754854216</swisstopo:routepoint_id>
				</extensions>
			</trkpt>
			<trkpt lat="47.1342115103" lon="9.2121518491">
				<ele>639.5</ele>
				<extensions>
					<swisstopo:routepoint_id>702729067</swisstopo:routepoint_id>
				</extensions>
			</trkpt>
			<trkpt lat="47.1342066494" lon="9.2121893563">
				<ele>638.5</ele>
				<extensions>
					<swisstopo:routepoint_id>543205552</swisstopo:routepoint_id>
				</extensions>
			</trkpt>
			<trkpt lat="47.1341850927" lon="9.2121980694">
				<ele>637.9</ele>
				<extensions>
					<swisstopo:routepoint_id>39258683</swisstopo:routepoint_id>
				</extensions>
			</trkpt>
			<trkpt lat="47.1341466952" lon="9.2121873700">
				<ele>636.7</ele>
				<extensions>
					<swisstopo:routepoint_id>1221513829</swisstopo:routepoint_id>
				</extensions>
			</trkpt>
			<trkpt lat="47.1341212359" lon="9.2121708367">
				<ele>635.7</ele>
				<extensions>
					<swisstopo:routepoint_id>1538844950</swisstopo:routepoint_id>
				</extensions>
			</trkpt>
			<trkpt lat="47.1341089176" lon="9.2121358854">
				<ele>635.2</ele>
				<extensions>
					<swisstopo:routepoint_id>1422334701</swisstopo:routepoint_id>
				</extensions>
			</trkpt>
			<trkpt lat="47.1341009369" lon="9.2120979528">
				<ele>634.5</ele>
				<extensions>
					<swisstopo:routepoint_id>1550484257</swisstopo:routepoint_id>
				</extensions>
			</trkpt>
			<trkpt lat="47.1340906620" lon="9.2120693579">
				<ele>634.0</ele>
				<extensions>
					<swisstopo:routepoint_id>783597323</swisstopo:routepoint_id>
				</extensions>
			</trkpt>
			<trkpt lat="47.1340653086" lon="9.2120465396">
				<ele>633.8</ele>
				<extensions>
					<swisstopo:routepoint_id>846416093</swisstopo:routepoint_id>
				</extensions>
			</trkpt>
			<trkpt lat="47.1340291965" lon="9.2120265024">
				<ele>632.0</ele>
				<extensions>
					<swisstopo:routepoint_id>240902784</swisstopo:routepoint_id>
				</extensions>
			</trkpt>
			<trkpt lat="47.1339778516" lon="9.2120216639">
				<ele>630.1</ele>
				<extensions>
					<swisstopo:routepoint_id>1604206467</swisstopo:routepoint_id>
				</extensions>
			</trkpt>
			<trkpt lat="47.1339288888" lon="9.2120012010">
				<ele>628.2</ele>
				<extensions>
					<swisstopo:routepoint_id>1672262908</swisstopo:routepoint_id>
				</extensions>
			</trkpt>
			<trkpt lat="47.1338755488" lon="9.2119868829">
				<ele>626.1</ele>
				<extensions>
					<swisstopo:routepoint_id>904222440</swisstopo:routepoint_id>
				</extensions>
			</trkpt>
			<trkpt lat="47.1338289199" lon="9.2119539325">
				<ele>624.1</ele>
				<extensions>
					<swisstopo:routepoint_id>266333084</swisstopo:routepoint_id>
				</extensions>
			</trkpt>
			<trkpt lat="47.1337819039" lon="9.2119460991">
				<ele>622.4</ele>
				<extensions>
					<swisstopo:routepoint_id>1712431854</swisstopo:routepoint_id>
				</extensions>
			</trkpt>
			<trkpt lat="47.1337220373" lon="9.2119378400">
				<ele>619.7</ele>
				<extensions>
					<swisstopo:routepoint_id>19778956</swisstopo:routepoint_id>
				</extensions>
			</trkpt>
			<trkpt lat="47.1336921130" lon="9.2119337112">
				<ele>618.5</ele>
				<extensions>
					<swisstopo:routepoint_id>411303007</swisstopo:routepoint_id>
				</extensions>
			</trkpt>
			<trkpt lat="47.1336034259" lon="9.2118491353">
				<ele>615.0</ele>
				<extensions>
					<swisstopo:routepoint_id>1112289906</swisstopo:routepoint_id>
				</extensions>
			</trkpt>
			<trkpt lat="47.1335763218" lon="9.2119357950">
				<ele>612.8</ele>
				<extensions>
					<swisstopo:routepoint_id>976764282</swisstopo:routepoint_id>
				</extensions>
			</trkpt>
			<trkpt lat="47.1335656565" lon="9.2119535307">
				<ele>612.2</ele>
				<extensions>
					<swisstopo:routepoint_id>410082215</swisstopo:routepoint_id>
				</extensions>
			</trkpt>
			<trkpt lat="47.1335520320" lon="9.2119723813">
				<ele>611.4</ele>
				<extensions>
					<swisstopo:routepoint_id>1130944716</swisstopo:routepoint_id>
				</extensions>
			</trkpt>
			<trkpt lat="47.1335313212" lon="9.2119787364">
				<ele>610.6</ele>
				<extensions>
					<swisstopo:routepoint_id>374059355</swisstopo:routepoint_id>
				</extensions>
			</trkpt>
			<trkpt lat="47.1335132465" lon="9.2119722569">
				<ele>609.9</ele>
				<extensions>
					<swisstopo:routepoint_id>318688539</swisstopo:routepoint_id>
				</extensions>
			</trkpt>
			<trkpt lat="47.1334833484" lon="9.2119512524">
				<ele>608.6</ele>
				<extensions>
					<swisstopo:routepoint_id>802178915</swisstopo:routepoint_id>
				</extensions>
			</trkpt>
			<trkpt lat="47.1334484567" lon="9.2119150790">
				<ele>607.1</ele>
				<extensions>
					<swisstopo:routepoint_id>1426762931</swisstopo:routepoint_id>
				</extensions>
			</trkpt>
			<trkpt lat="47.1333733745" lon="9.2118333546">
				<ele>603.9</ele>
				<extensions>
					<swisstopo:routepoint_id>1110178181</swisstopo:routepoint_id>
				</extensions>
			</trkpt>
			<trkpt lat="47.1333067124" lon="9.2117569711">
				<ele>601.1</ele>
				<extensions>
					<swisstopo:routepoint_id>585011621</swisstopo:routepoint_id>
				</extensions>
			</trkpt>
			<trkpt lat="47.1332773666" lon="9.2117258201">
				<ele>599.7</ele>
				<extensions>
					<swisstopo:routepoint_id>1832046501</swisstopo:routepoint_id>
				</extensions>
			</trkpt>
			<trkpt lat="47.1332557623" lon="9.2117130935">
				<ele>598.9</ele>
				<extensions>
					<swisstopo:routepoint_id>2067351102</swisstopo:routepoint_id>
				</extensions>
			</trkpt>
			<trkpt lat="47.1332335204" lon="9.2117119618">
				<ele>598.3</ele>
				<extensions>
					<swisstopo:routepoint_id>1981501533</swisstopo:routepoint_id>
				</extensions>
			</trkpt>
			<trkpt lat="47.1332153876" lon="9.2117244400">
				<ele>597.7</ele>
				<extensions>
					<swisstopo:routepoint_id>1506691330</swisstopo:routepoint_id>
				</extensions>
			</trkpt>
			<trkpt lat="47.1332016013" lon="9.2117461988">
				<ele>597.1</ele>
				<extensions>
					<swisstopo:routepoint_id>1613992541</swisstopo:routepoint_id>
				</extensions>
			</trkpt>
			<trkpt lat="47.1331860230" lon="9.2118013203">
				<ele>595.8</ele>
				<extensions>
					<swisstopo:routepoint_id>2108225542</swisstopo:routepoint_id>
				</extensions>
			</trkpt>
			<trkpt lat="47.1331720434" lon="9.2118624679">
				<ele>594.4</ele>
				<extensions>
					<swisstopo:routepoint_id>666973605</swisstopo:routepoint_id>
				</extensions>
			</trkpt>
			<trkpt lat="47.1331617549" lon="9.2119269669">
				<ele>592.9</ele>
				<extensions>
					<swisstopo:routepoint_id>959232862</swisstopo:routepoint_id>
				</extensions>
			</trkpt>
			<trkpt lat="47.1331463204" lon="9.2119791799">
				<ele>591.5</ele>
				<extensions>
					<swisstopo:routepoint_id>827388341</swisstopo:routepoint_id>
				</extensions>
			</trkpt>
			<trkpt lat="47.1331274234" lon="9.2120237099">
				<ele>590.1</ele>
				<extensions>
					<swisstopo:routepoint_id>1410153919</swisstopo:routepoint_id>
				</extensions>
			</trkpt>
			<trkpt lat="47.1331157072" lon="9.2120652614">
				<ele>589.0</ele>
				<extensions>
					<swisstopo:routepoint_id>1688861874</swisstopo:routepoint_id>
				</extensions>
			</trkpt>
			<trkpt lat="47.1331110629" lon="9.2121219712">
				<ele>587.4</ele>
				<extensions>
					<swisstopo:routepoint_id>2129695889</swisstopo:routepoint_id>
				</extensions>
			</trkpt>
			<trkpt lat="47.1331099984" lon="9.2121910084">
				<ele>585.6</ele>
				<extensions>
					<swisstopo:routepoint_id>987685536</swisstopo:routepoint_id>
				</extensions>
			</trkpt>
			<trkpt lat="47.1331081585" lon="9.2122181466">
				<ele>584.9</ele>
				<extensions>
					<swisstopo:routepoint_id>1418852032</swisstopo:routepoint_id>
				</extensions>
			</trkpt>
			<trkpt lat="47.1330978038" lon="9.2122408364">
				<ele>584.1</ele>
				<extensions>
					<swisstopo:routepoint_id>1738438381</swisstopo:routepoint_id>
				</extensions>
			</trkpt>
			<trkpt lat="47.1330833388" lon="9.2122529083">
				<ele>583.5</ele>
				<extensions>
					<swisstopo:routepoint_id>541989444</swisstopo:routepoint_id>
				</extensions>
			</trkpt>
			<trkpt lat="47.1330628283" lon="9.2122497769">
				<ele>582.8</ele>
				<extensions>
					<swisstopo:routepoint_id>842185203</swisstopo:routepoint_id>
				</extensions>
			</trkpt>
			<trkpt lat="47.1330385704" lon="9.2122323479">
				<ele>582.0</ele>
				<extensions>
					<swisstopo:routepoint_id>1765747528</swisstopo:routepoint_id>
				</extensions>
			</trkpt>
			<trkpt lat="47.1329891341" lon="9.2121959301">
				<ele>580.2</ele>
				<extensions>
					<swisstopo:routepoint_id>1711243336</swisstopo:routepoint_id>
				</extensions>
			</trkpt>
			<trkpt lat="47.1329165122" lon="9.2121582950">
				<ele>577.6</ele>
				<extensions>
					<swisstopo:routepoint_id>1389379481</swisstopo:routepoint_id>
				</extensions>
			</trkpt>
			<trkpt lat="47.1328151948" lon="9.2121238110">
				<ele>574.4</ele>
				<extensions>
					<swisstopo:routepoint_id>993774600</swisstopo:routepoint_id>
				</extensions>
			</trkpt>
			<trkpt lat="47.1327169306" lon="9.2121048536">
				<ele>571.0</ele>
				<extensions>
					<swisstopo:routepoint_id>599315290</swisstopo:routepoint_id>
				</extensions>
			</trkpt>
			<trkpt lat="47.1326528408" lon="9.2120933163">
				<ele>568.5</ele>
				<extensions>
					<swisstopo:routepoint_id>1438250446</swisstopo:routepoint_id>
				</extensions>
			</trkpt>
			<trkpt lat="47.1325994919" lon="9.2120789843">
				<ele>566.4</ele>
				<extensions>
					<swisstopo:routepoint_id>987133303</swisstopo:routepoint_id>
				</extensions>
			</trkpt>
			<trkpt lat="47.1325524366" lon="9.2120742879">
				<ele>564.8</ele>
				<extensions>
					<swisstopo:routepoint_id>1184004915</swisstopo:routepoint_id>
				</extensions>
			</trkpt>
			<trkpt lat="47.1325074641" lon="9.2120727981">
				<ele>562.7</ele>
				<extensions>
					<swisstopo:routepoint_id>1985409943</swisstopo:routepoint_id>
				</extensions>
			</trkpt>
			<trkpt lat="47.1324559300" lon="9.2120918956">
				<ele>560.7</ele>
				<extensions>
					<swisstopo:routepoint_id>281091328</swisstopo:routepoint_id>
				</extensions>
			</trkpt>
			<trkpt lat="47.1324270559" lon="9.2121118618">
				<ele>559.6</ele>
				<extensions>
					<swisstopo:routepoint_id>1798679621</swisstopo:routepoint_id>
				</extensions>
			</trkpt>
			<trkpt lat="47.1323951695" lon="9.2121422103">
				<ele>558.2</ele>
				<extensions>
					<swisstopo:routepoint_id>626578866</swisstopo:routepoint_id>
				</extensions>
			</trkpt>
			<trkpt lat="47.1323614895" lon="9.2121955054">
				<ele>556.6</ele>
				<extensions>
					<swisstopo:routepoint_id>842956875</swisstopo:routepoint_id>
				</extensions>
			</trkpt>
			<trkpt lat="47.1323160754" lon="9.2122693474">
				<ele>554.4</ele>
				<extensions>
					<swisstopo:routepoint_id>743562224</swisstopo:routepoint_id>
				</extensions>
			</trkpt>
			<trkpt lat="47.1322925242" lon="9.2123146196">
				<ele>553.1</ele>
				<extensions>
					<swisstopo:routepoint_id>1301541738</swisstopo:routepoint_id>
				</extensions>
			</trkpt>
			<trkpt lat="47.1322835117" lon="9.2123436159">
				<ele>552.5</ele>
				<extensions>
					<swisstopo:routepoint_id>1770119147</swisstopo:routepoint_id>
				</extensions>
			</trkpt>
			<trkpt lat="47.1322802004" lon="9.2123728146">
				<ele>551.8</ele>
				<extensions>
					<swisstopo:routepoint_id>91463136</swisstopo:routepoint_id>
				</extensions>
			</trkpt>
			<trkpt lat="47.1322796198" lon="9.2124104622">
				<ele>551.0</ele>
				<extensions>
					<swisstopo:routepoint_id>495254244</swisstopo:routepoint_id>
				</extensions>
			</trkpt>
			<trkpt lat="47.1322890622" lon="9.2124463586">
				<ele>550.2</ele>
				<extensions>
					<swisstopo:routepoint_id>1748349735</swisstopo:routepoint_id>
				</extensions>
			</trkpt>
			<trkpt lat="47.1322971162" lon="9.2124801128">
				<ele>549.5</ele>
				<extensions>
					<swisstopo:routepoint_id>1247936791</swisstopo:routepoint_id>
				</extensions>
			</trkpt>
			<trkpt lat="47.1322999422" lon="9.2124898003">
				<ele>549.3</ele>
				<extensions>
					<swisstopo:routepoint_id>94013777</swisstopo:routepoint_id>
				</extensions>
			</trkpt>
			<trkpt lat="47.1323106779" lon="9.2125266010">
				<ele>548.6</ele>
				<extensions>
					<swisstopo:routepoint_id>325060535</swisstopo:routepoint_id>
				</extensions>
			</trkpt>
			<trkpt lat="47.1323242161" lon="9.2125751984">
				<ele>547.6</ele>
				<extensions>
					<swisstopo:routepoint_id>239466259</swisstopo:routepoint_id>
				</extensions>
			</trkpt>
			<trkpt lat="47.1323375198" lon="9.2126384213">
				<ele>546.5</ele>
				<extensions>
					<swisstopo:routepoint_id>1345593488</swisstopo:routepoint_id>
				</extensions>
			</trkpt>
			<trkpt lat="47.1323547580" lon="9.2127248083">
				<ele>544.6</ele>
				<extensions>
					<swisstopo:routepoint_id>195828556</swisstopo:routepoint_id>
				</extensions>
			</trkpt>
			<trkpt lat="47.1323659632" lon="9.2128319182">
				<ele>542.2</ele>
				<extensions>
					<swisstopo:routepoint_id>969554456</swisstopo:routepoint_id>
				</extensions>
			</trkpt>
			<trkpt lat="47.1323869653" lon="9.2129519164">
				<ele>539.6</ele>
				<extensions>
					<swisstopo:routepoint_id>675849977</swisstopo:routepoint_id>
				</extensions>
			</trkpt>
			<trkpt lat="47.1323982346" lon="9.2130548497">
				<ele>537.3</ele>
				<extensions>
					<swisstopo:routepoint_id>786484066</swisstopo:routepoint_id>
				</extensions>
			</trkpt>
			<trkpt lat="47.1324026252" lon="9.2130869401">
				<ele>537.0</ele>
				<extensions>
					<swisstopo:routepoint_id>871587579</swisstopo:routepoint_id>
				</extensions>
			</trkpt>
			<trkpt lat="47.1324149149" lon="9.2131767884">
				<ele>534.4</ele>
				<extensions>
					<swisstopo:routepoint_id>877214662</swisstopo:routepoint_id>
				</extensions>
			</trkpt>
			<trkpt lat="47.1324201249" lon="9.2132222485">
				<ele>533.7</ele>
				<extensions>
					<swisstopo:routepoint_id>354878283</swisstopo:routepoint_id>
				</extensions>
			</trkpt>
			<trkpt lat="47.1324230982" lon="9.2132482276">
				<ele>532.5</ele>
				<extensions>
					<swisstopo:routepoint_id>704306821</swisstopo:routepoint_id>
				</extensions>
			</trkpt>
			<trkpt lat="47.1324312813" lon="9.2133196532">
				<ele>530.7</ele>
				<extensions>
					<swisstopo:routepoint_id>170746859</swisstopo:routepoint_id>
				</extensions>
			</trkpt>
			<trkpt lat="47.1324413789" lon="9.2134058037">
				<ele>528.5</ele>
				<extensions>
					<swisstopo:routepoint_id>1945867746</swisstopo:routepoint_id>
				</extensions>
			</trkpt>
			<trkpt lat="47.1324504660" lon="9.2134647078">
				<ele>527.0</ele>
				<extensions>
					<swisstopo:routepoint_id>2020976214</swisstopo:routepoint_id>
				</extensions>
			</trkpt>
			<trkpt lat="47.1324514116" lon="9.2134961318">
				<ele>526.2</ele>
				<extensions>
					<swisstopo:routepoint_id>230239723</swisstopo:routepoint_id>
				</extensions>
			</trkpt>
			<trkpt lat="47.1324438840" lon="9.2135209968">
				<ele>525.7</ele>
				<extensions>
					<swisstopo:routepoint_id>2073261135</swisstopo:routepoint_id>
				</extensions>
			</trkpt>
			<trkpt lat="47.1324321729" lon="9.2135394496">
				<ele>525.2</ele>
				<extensions>
					<swisstopo:routepoint_id>1284371476</swisstopo:routepoint_id>
				</extensions>
			</trkpt>
			<trkpt lat="47.1324133951" lon="9.2135534740">
				<ele>524.6</ele>
				<extensions>
					<swisstopo:routepoint_id>718800493</swisstopo:routepoint_id>
				</extensions>
			</trkpt>
			<trkpt lat="47.1323891427" lon="9.2135613575">
				<ele>523.8</ele>
				<extensions>
					<swisstopo:routepoint_id>2131682542</swisstopo:routepoint_id>
				</extensions>
			</trkpt>
			<trkpt lat="47.1323631632" lon="9.2135668919">
				<ele>522.9</ele>
				<extensions>
					<swisstopo:routepoint_id>1848493492</swisstopo:routepoint_id>
				</extensions>
			</trkpt>
			<trkpt lat="47.1323255945" lon="9.2135800293">
				<ele>521.7</ele>
				<extensions>
					<swisstopo:routepoint_id>1754180044</swisstopo:routepoint_id>
				</extensions>
			</trkpt>
			<trkpt lat="47.1322674269" lon="9.2136156090">
				<ele>519.8</ele>
				<extensions>
					<swisstopo:routepoint_id>257567307</swisstopo:routepoint_id>
				</extensions>
			</trkpt>
			<trkpt lat="47.1322069376" lon="9.2136582059">
				<ele>517.8</ele>
				<extensions>
					<swisstopo:routepoint_id>2096006385</swisstopo:routepoint_id>
				</extensions>
			</trkpt>
			<trkpt lat="47.1321329000" lon="9.2137181901">
				<ele>515.3</ele>
				<extensions>
					<swisstopo:routepoint_id>1151616507</swisstopo:routepoint_id>
				</extensions>
			</trkpt>
			<trkpt lat="47.1320823882" lon="9.2137736288">
				<ele>513.4</ele>
				<extensions>
					<swisstopo:routepoint_id>685316024</swisstopo:routepoint_id>
				</extensions>
			</trkpt>
			<trkpt lat="47.1320235066" lon="9.2138222365">
				<ele>511.5</ele>
				<extensions>
					<swisstopo:routepoint_id>1399668066</swisstopo:routepoint_id>
				</extensions>
			</trkpt>
			<trkpt lat="47.1319546059" lon="9.2138769992">
				<ele>509.3</ele>
				<extensions>
					<swisstopo:routepoint_id>2083297022</swisstopo:routepoint_id>
				</extensions>
			</trkpt>
			<trkpt lat="47.1318840980" lon="9.2139257233">
				<ele>507.1</ele>
				<extensions>
					<swisstopo:routepoint_id>845087919</swisstopo:routepoint_id>
				</extensions>
			</trkpt>
			<trkpt lat="47.1318431022" lon="9.2139662091">
				<ele>505.8</ele>
				<extensions>
					<swisstopo:routepoint_id>314372277</swisstopo:routepoint_id>
				</extensions>
			</trkpt>
			<trkpt lat="47.1318172132" lon="9.2139967687">
				<ele>504.8</ele>
				<extensions>
					<swisstopo:routepoint_id>1458549426</swisstopo:routepoint_id>
				</extensions>
			</trkpt>
			<trkpt lat="47.1317949301" lon="9.2140321262">
				<ele>503.9</ele>
				<extensions>
					<swisstopo:routepoint_id>1587029538</swisstopo:routepoint_id>
				</extensions>
			</trkpt>
			<trkpt lat="47.1317761941" lon="9.2140737460">
				<ele>503.0</ele>
				<extensions>
					<swisstopo:routepoint_id>141922644</swisstopo:routepoint_id>
				</extensions>
			</trkpt>
			<trkpt lat="47.1317659723" lon="9.2141192740">
				<ele>502.1</ele>
				<extensions>
					<swisstopo:routepoint_id>538955670</swisstopo:routepoint_id>
				</extensions>
			</trkpt>
			<trkpt lat="47.1317584043" lon="9.2141694783">
				<ele>501.2</ele>
				<extensions>
					<swisstopo:routepoint_id>986440930</swisstopo:routepoint_id>
				</extensions>
			</trkpt>
			<trkpt lat="47.1317538807" lon="9.2142171475">
				<ele>500.3</ele>
				<extensions>
					<swisstopo:routepoint_id>1237158512</swisstopo:routepoint_id>
				</extensions>
			</trkpt>
			<trkpt lat="47.1317403498" lon="9.2142520582">
				<ele>499.6</ele>
				<extensions>
					<swisstopo:routepoint_id>274402603</swisstopo:routepoint_id>
				</extensions>
			</trkpt>
			<trkpt lat="47.1317210940" lon="9.2142830467">
				<ele>498.9</ele>
				<extensions>
					<swisstopo:routepoint_id>50231182</swisstopo:routepoint_id>
				</extensions>
			</trkpt>
			<trkpt lat="47.1316199090" lon="9.2143390972">
				<ele>495.8</ele>
				<extensions>
					<swisstopo:routepoint_id>367478622</swisstopo:routepoint_id>
				</extensions>
			</trkpt>
			<trkpt lat="47.1316077156" lon="9.2143578763">
				<ele>495.3</ele>
				<extensions>
					<swisstopo:routepoint_id>352420264</swisstopo:routepoint_id>
				</extensions>
			</trkpt>
			<trkpt lat="47.1315621107" lon="9.2144323157">
				<ele>493.4</ele>
				<extensions>
					<swisstopo:routepoint_id>411450572</swisstopo:routepoint_id>
				</extensions>
			</trkpt>
			<trkpt lat="47.1315313855" lon="9.2144590742">
				<ele>492.3</ele>
				<extensions>
					<swisstopo:routepoint_id>1023104243</swisstopo:routepoint_id>
				</extensions>
			</trkpt>
			<trkpt lat="47.1315119330" lon="9.2144760031">
				<ele>491.5</ele>
				<extensions>
					<swisstopo:routepoint_id>717379443</swisstopo:routepoint_id>
				</extensions>
			</trkpt>
			<trkpt lat="47.1314620173" lon="9.2145015601">
				<ele>490.2</ele>
				<extensions>
					<swisstopo:routepoint_id>1600529395</swisstopo:routepoint_id>
				</extensions>
			</trkpt>
			<trkpt lat="47.1314260135" lon="9.2145083417">
				<ele>489.2</ele>
				<extensions>
					<swisstopo:routepoint_id>1217006889</swisstopo:routepoint_id>
				</extensions>
			</trkpt>
			<trkpt lat="47.1313889326" lon="9.2145067946">
				<ele>488.1</ele>
				<extensions>
					<swisstopo:routepoint_id>993764344</swisstopo:routepoint_id>
				</extensions>
			</trkpt>
			<trkpt lat="47.1313566158" lon="9.2145101917">
				<ele>487.3</ele>
				<extensions>
					<swisstopo:routepoint_id>996562071</swisstopo:routepoint_id>
				</extensions>
			</trkpt>
			<trkpt lat="47.1313289962" lon="9.2145199552">
				<ele>486.5</ele>
				<extensions>
					<swisstopo:routepoint_id>916704007</swisstopo:routepoint_id>
				</extensions>
			</trkpt>
			<trkpt lat="47.1312767405" lon="9.2145408976">
				<ele>485.0</ele>
				<extensions>
					<swisstopo:routepoint_id>1788623359</swisstopo:routepoint_id>
				</extensions>
			</trkpt>
			<trkpt lat="47.1311948940" lon="9.2145652485">
				<ele>482.8</ele>
				<extensions>
					<swisstopo:routepoint_id>1438576755</swisstopo:routepoint_id>
				</extensions>
			</trkpt>
			<trkpt lat="47.1310351688" lon="9.2145871479">
				<ele>478.5</ele>
				<extensions>
					<swisstopo:routepoint_id>499167591</swisstopo:routepoint_id>
				</extensions>
			</trkpt>
			<trkpt lat="47.1309908643" lon="9.2145890015">
				<ele>477.4</ele>
				<extensions>
					<swisstopo:routepoint_id>967017041</swisstopo:routepoint_id>
				</extensions>
			</trkpt>
			<trkpt lat="47.1309112731" lon="9.2145710143">
				<ele>475.3</ele>
				<extensions>
					<swisstopo:routepoint_id>98826196</swisstopo:routepoint_id>
				</extensions>
			</trkpt>
			<trkpt lat="47.1308250760" lon="9.2145566320">
				<ele>472.9</ele>
				<extensions>
					<swisstopo:routepoint_id>211981567</swisstopo:routepoint_id>
				</extensions>
			</trkpt>
			<trkpt lat="47.1307129352" lon="9.2145279816">
				<ele>469.9</ele>
				<extensions>
					<swisstopo:routepoint_id>460634886</swisstopo:routepoint_id>
				</extensions>
			</trkpt>
			<trkpt lat="47.1305929574" lon="9.2144882744">
				<ele>466.8</ele>
				<extensions>
					<swisstopo:routepoint_id>2055642146</swisstopo:routepoint_id>
				</extensions>
			</trkpt>
			<trkpt lat="47.1304810544" lon="9.2144512204">
				<ele>464.0</ele>
				<extensions>
					<swisstopo:routepoint_id>543286049</swisstopo:routepoint_id>
				</extensions>
			</trkpt>
			<trkpt lat="47.1304510832" lon="9.2144425544">
				<ele>463.2</ele>
				<extensions>
					<swisstopo:routepoint_id>1840093728</swisstopo:routepoint_id>
				</extensions>
			</trkpt>
			<trkpt lat="47.1303935531" lon="9.2144368223">
				<ele>461.9</ele>
				<extensions>
					<swisstopo:routepoint_id>1648000041</swisstopo:routepoint_id>
				</extensions>
			</trkpt>
			<trkpt lat="47.1303843258" lon="9.2144569500">
				<ele>461.7</ele>
				<extensions>
					<swisstopo:routepoint_id>1075820362</swisstopo:routepoint_id>
				</extensions>
			</trkpt>
			<trkpt lat="47.1303292402" lon="9.2145288861">
				<ele>460.8</ele>
				<extensions>
					<swisstopo:routepoint_id>878248999</swisstopo:routepoint_id>
				</extensions>
			</trkpt>
			<trkpt lat="47.1301450646" lon="9.2147585373">
				<ele>456.6</ele>
				<extensions>
					<swisstopo:routepoint_id>1667492107</swisstopo:routepoint_id>
				</extensions>
			</trkpt>
			<trkpt lat="47.1300877518" lon="9.2148237927">
				<ele>455.2</ele>
				<extensions>
					<swisstopo:routepoint_id>217313601</swisstopo:routepoint_id>
				</extensions>
			</trkpt>
			<trkpt lat="47.1300500405" lon="9.2148916102">
				<ele>454.2</ele>
				<extensions>
					<swisstopo:routepoint_id>321873542</swisstopo:routepoint_id>
				</extensions>
			</trkpt>
			<trkpt lat="47.1300011812" lon="9.2150031708">
				<ele>452.9</ele>
				<extensions>
					<swisstopo:routepoint_id>41545431</swisstopo:routepoint_id>
				</extensions>
			</trkpt>
			<trkpt lat="47.1299656810" lon="9.2150979162">
				<ele>452.1</ele>
				<extensions>
					<swisstopo:routepoint_id>960984474</swisstopo:routepoint_id>
				</extensions>
			</trkpt>
			<trkpt lat="47.1299430874" lon="9.2152046107">
				<ele>451.2</ele>
				<extensions>
					<swisstopo:routepoint_id>536448940</swisstopo:routepoint_id>
				</extensions>
			</trkpt>
			<trkpt lat="47.1299187851" lon="9.2153368783">
				<ele>450.0</ele>
				<extensions>
					<swisstopo:routepoint_id>492086391</swisstopo:routepoint_id>
				</extensions>
			</trkpt>
			<trkpt lat="47.1298748436" lon="9.2154690220">
				<ele>447.8</ele>
				<extensions>
					<swisstopo:routepoint_id>10889998</swisstopo:routepoint_id>
				</extensions>
			</trkpt>
			<trkpt lat="47.1298489422" lon="9.2155352933">
				<ele>446.8</ele>
				<extensions>
					<swisstopo:routepoint_id>301417553</swisstopo:routepoint_id>
				</extensions>
			</trkpt>
			<trkpt lat="47.1298197122" lon="9.2155631024">
				<ele>445.9</ele>
				<extensions>
					<swisstopo:routepoint_id>500505436</swisstopo:routepoint_id>
				</extensions>
			</trkpt>
			<trkpt lat="47.1297682931" lon="9.2155863385">
				<ele>444.7</ele>
				<extensions>
					<swisstopo:routepoint_id>1638976215</swisstopo:routepoint_id>
				</extensions>
			</trkpt>
			<trkpt lat="47.1297221291" lon="9.2156078241">
				<ele>443.5</ele>
				<extensions>
					<swisstopo:routepoint_id>823595590</swisstopo:routepoint_id>
				</extensions>
			</trkpt>
			<trkpt lat="47.1296502493" lon="9.2155996914">
				<ele>441.8</ele>
				<extensions>
					<swisstopo:routepoint_id>1677199616</swisstopo:routepoint_id>
				</extensions>
			</trkpt>
			<trkpt lat="47.1295652972" lon="9.2155891984">
				<ele>440.0</ele>
				<extensions>
					<swisstopo:routepoint_id>1917591735</swisstopo:routepoint_id>
				</extensions>
			</trkpt>
			<trkpt lat="47.1294800963" lon="9.2155959556">
				<ele>437.8</ele>
				<extensions>
					<swisstopo:routepoint_id>822589982</swisstopo:routepoint_id>
				</extensions>
			</trkpt>
			<trkpt lat="47.1294145674" lon="9.2155995274">
				<ele>436.5</ele>
				<extensions>
					<swisstopo:routepoint_id>105078488</swisstopo:routepoint_id>
				</extensions>
			</trkpt>
			<trkpt lat="47.1293265214" lon="9.2156215618">
				<ele>434.7</ele>
				<extensions>
					<swisstopo:routepoint_id>1680990060</swisstopo:routepoint_id>
				</extensions>
			</trkpt>
			<trkpt lat="47.1292564707" lon="9.2156633475">
				<ele>433.3</ele>
				<extensions>
					<swisstopo:routepoint_id>1134981302</swisstopo:routepoint_id>
				</extensions>
			</trkpt>
			<trkpt lat="47.1292166843" lon="9.2156965670">
				<ele>432.4</ele>
				<extensions>
					<swisstopo:routepoint_id>127074060</swisstopo:routepoint_id>
				</extensions>
			</trkpt>
			<trkpt lat="47.1291531001" lon="9.2157443428">
				<ele>430.8</ele>
				<extensions>
					<swisstopo:routepoint_id>599135949</swisstopo:routepoint_id>
				</extensions>
			</trkpt>
			<trkpt lat="47.1290778241" lon="9.2157859547">
				<ele>428.7</ele>
				<extensions>
					<swisstopo:routepoint_id>1119967472</swisstopo:routepoint_id>
				</extensions>
			</trkpt>
			<trkpt lat="47.1290248557" lon="9.2158244850">
				<ele>427.2</ele>
				<extensions>
					<swisstopo:routepoint_id>474871732</swisstopo:routepoint_id>
				</extensions>
			</trkpt>
			<trkpt lat="47.1289928814" lon="9.2158598756">
				<ele>426.1</ele>
				<extensions>
					<swisstopo:routepoint_id>540380985</swisstopo:routepoint_id>
				</extensions>
			</trkpt>
			<trkpt lat="47.1289804281" lon="9.2159036001">
				<ele>425.4</ele>
				<extensions>
					<swisstopo:routepoint_id>895722065</swisstopo:routepoint_id>
				</extensions>
			</trkpt>
			<trkpt lat="47.1289796580" lon="9.2159534334">
				<ele>424.8</ele>
				<extensions>
					<swisstopo:routepoint_id>1063509378</swisstopo:routepoint_id>
				</extensions>
			</trkpt>
			<trkpt lat="47.1289829951" lon="9.2159919336">
				<ele>424.7</ele>
				<extensions>
					<swisstopo:routepoint_id>2090176772</swisstopo:routepoint_id>
				</extensions>
			</trkpt>
			<trkpt lat="47.1289889389" lon="9.2160120810">
				<ele>424.6</ele>
				<extensions>
					<swisstopo:routepoint_id>485151312</swisstopo:routepoint_id>
				</extensions>
			</trkpt>
		</trkseg>
	</trk>
</gpx>
